[1.388s] DEBUG:colcon:Command line arguments: ['/usr/bin/colcon', 'build', '--symlink-install', '--cmake-clean-cache', '--packages-up-to', 'isaac_ros_visual_slam']
[1.389s] DEBUG:colcon:Parsed command line arguments: Namespace(allow_overriding=[], ament_cmake_args=None, base_paths=['.'], build_base='build', catkin_cmake_args=None, catkin_skip_building_tests=False, cmake_args=None, cmake_clean_cache=True, cmake_clean_first=False, cmake_force_configure=False, cmake_target=None, cmake_target_skip_unavailable=False, continue_on_error=False, event_handlers=None, executor='parallel', ignore_user_meta=False, install_base='install', log_base=None, log_level=None, main=<bound method BuildVerb.main of <colcon_core.verb.build.BuildVerb object at 0x739356a5dcd0>>, merge_install=False, metas=['./colcon.meta'], packages_above=None, packages_above_and_dependencies=None, packages_above_depth=None, packages_end=None, packages_ignore=None, packages_ignore_regex=None, packages_select=None, packages_select_build_failed=False, packages_select_by_dep=None, packages_select_regex=None, packages_select_test_failures=False, packages_skip=None, packages_skip_build_finished=False, packages_skip_by_dep=None, packages_skip_regex=None, packages_skip_test_passed=False, packages_skip_up_to=None, packages_start=None, packages_up_to=['isaac_ros_visual_slam'], packages_up_to_regex=None, parallel_workers=20, paths=None, symlink_install=True, test_result_base=None, verb_extension=<colcon_core.verb.build.BuildVerb object at 0x739356a5dcd0>, verb_name='build', verb_parser=<colcon_defaults.argument_parser.defaults.DefaultArgumentsDecorator object at 0x73935646d0d0>)
[1.448s] Level 1:colcon.colcon_core.package_discovery:discover_packages(colcon_meta) check parameters
[1.449s] Level 1:colcon.colcon_core.package_discovery:discover_packages(recursive) check parameters
[1.449s] Level 1:colcon.colcon_core.package_discovery:discover_packages(ignore) check parameters
[1.449s] Level 1:colcon.colcon_core.package_discovery:discover_packages(path) check parameters
[1.449s] Level 1:colcon.colcon_core.package_discovery:discover_packages(colcon_meta) discover
[1.449s] Level 1:colcon.colcon_core.package_discovery:discover_packages(recursive) discover
[1.449s] INFO:colcon.colcon_core.package_discovery:Crawling recursively for packages in '/workspaces/isaac_ros-dev'
[1.449s] Level 1:colcon.colcon_core.package_identification:_identify(.) by extensions ['ignore', 'ignore_ament_install']
[1.449s] Level 1:colcon.colcon_core.package_identification:_identify(.) by extension 'ignore'
[1.449s] Level 1:colcon.colcon_core.package_identification:_identify(.) by extension 'ignore_ament_install'
[1.449s] Level 1:colcon.colcon_core.package_identification:_identify(.) by extensions ['colcon_pkg']
[1.449s] Level 1:colcon.colcon_core.package_identification:_identify(.) by extension 'colcon_pkg'
[1.449s] Level 1:colcon.colcon_core.package_identification:_identify(.) by extensions ['colcon_meta']
[1.449s] Level 1:colcon.colcon_core.package_identification:_identify(.) by extension 'colcon_meta'
[1.449s] Level 1:colcon.colcon_core.package_identification:_identify(.) by extensions ['ros']
[1.449s] Level 1:colcon.colcon_core.package_identification:_identify(.) by extension 'ros'
[1.457s] Level 1:colcon.colcon_core.package_identification:_identify(.) by extensions ['cmake', 'python']
[1.457s] Level 1:colcon.colcon_core.package_identification:_identify(.) by extension 'cmake'
[1.457s] Level 1:colcon.colcon_core.package_identification:_identify(.) by extension 'python'
[1.457s] Level 1:colcon.colcon_core.package_identification:_identify(.) by extensions ['python_setup_py']
[1.457s] Level 1:colcon.colcon_core.package_identification:_identify(.) by extension 'python_setup_py'
[1.457s] Level 1:colcon.colcon_core.package_identification:_identify(MDC_libraries) by extensions ['ignore', 'ignore_ament_install']
[1.457s] Level 1:colcon.colcon_core.package_identification:_identify(MDC_libraries) by extension 'ignore'
[1.457s] Level 1:colcon.colcon_core.package_identification:_identify(MDC_libraries) by extension 'ignore_ament_install'
[1.457s] Level 1:colcon.colcon_core.package_identification:_identify(MDC_libraries) by extensions ['colcon_pkg']
[1.457s] Level 1:colcon.colcon_core.package_identification:_identify(MDC_libraries) by extension 'colcon_pkg'
[1.457s] Level 1:colcon.colcon_core.package_identification:_identify(MDC_libraries) by extensions ['colcon_meta']
[1.457s] Level 1:colcon.colcon_core.package_identification:_identify(MDC_libraries) by extension 'colcon_meta'
[1.457s] Level 1:colcon.colcon_core.package_identification:_identify(MDC_libraries) by extensions ['ros']
[1.457s] Level 1:colcon.colcon_core.package_identification:_identify(MDC_libraries) by extension 'ros'
[1.457s] Level 1:colcon.colcon_core.package_identification:_identify(MDC_libraries) by extensions ['cmake', 'python']
[1.457s] Level 1:colcon.colcon_core.package_identification:_identify(MDC_libraries) by extension 'cmake'
[1.457s] Level 1:colcon.colcon_core.package_identification:_identify(MDC_libraries) by extension 'python'
[1.457s] Level 1:colcon.colcon_core.package_identification:_identify(MDC_libraries) by extensions ['python_setup_py']
[1.457s] Level 1:colcon.colcon_core.package_identification:_identify(MDC_libraries) by extension 'python_setup_py'
[1.457s] Level 1:colcon.colcon_core.package_identification:_identify(MDC_libraries/python) by extensions ['ignore', 'ignore_ament_install']
[1.457s] Level 1:colcon.colcon_core.package_identification:_identify(MDC_libraries/python) by extension 'ignore'
[1.457s] Level 1:colcon.colcon_core.package_identification:_identify(MDC_libraries/python) by extension 'ignore_ament_install'
[1.457s] Level 1:colcon.colcon_core.package_identification:_identify(MDC_libraries/python) by extensions ['colcon_pkg']
[1.457s] Level 1:colcon.colcon_core.package_identification:_identify(MDC_libraries/python) by extension 'colcon_pkg'
[1.457s] Level 1:colcon.colcon_core.package_identification:_identify(MDC_libraries/python) by extensions ['colcon_meta']
[1.457s] Level 1:colcon.colcon_core.package_identification:_identify(MDC_libraries/python) by extension 'colcon_meta'
[1.457s] Level 1:colcon.colcon_core.package_identification:_identify(MDC_libraries/python) by extensions ['ros']
[1.457s] Level 1:colcon.colcon_core.package_identification:_identify(MDC_libraries/python) by extension 'ros'
[1.457s] Level 1:colcon.colcon_core.package_identification:_identify(MDC_libraries/python) by extensions ['cmake', 'python']
[1.457s] Level 1:colcon.colcon_core.package_identification:_identify(MDC_libraries/python) by extension 'cmake'
[1.457s] Level 1:colcon.colcon_core.package_identification:_identify(MDC_libraries/python) by extension 'python'
[1.457s] Level 1:colcon.colcon_core.package_identification:_identify(MDC_libraries/python) by extensions ['python_setup_py']
[1.457s] Level 1:colcon.colcon_core.package_identification:_identify(MDC_libraries/python) by extension 'python_setup_py'
[1.457s] Level 1:colcon.colcon_core.package_identification:_identify(MDC_libraries/python/hal) by extensions ['ignore', 'ignore_ament_install']
[1.457s] Level 1:colcon.colcon_core.package_identification:_identify(MDC_libraries/python/hal) by extension 'ignore'
[1.457s] Level 1:colcon.colcon_core.package_identification:_identify(MDC_libraries/python/hal) by extension 'ignore_ament_install'
[1.458s] Level 1:colcon.colcon_core.package_identification:_identify(MDC_libraries/python/hal) by extensions ['colcon_pkg']
[1.458s] Level 1:colcon.colcon_core.package_identification:_identify(MDC_libraries/python/hal) by extension 'colcon_pkg'
[1.458s] Level 1:colcon.colcon_core.package_identification:_identify(MDC_libraries/python/hal) by extensions ['colcon_meta']
[1.458s] Level 1:colcon.colcon_core.package_identification:_identify(MDC_libraries/python/hal) by extension 'colcon_meta'
[1.458s] Level 1:colcon.colcon_core.package_identification:_identify(MDC_libraries/python/hal) by extensions ['ros']
[1.458s] Level 1:colcon.colcon_core.package_identification:_identify(MDC_libraries/python/hal) by extension 'ros'
[1.458s] Level 1:colcon.colcon_core.package_identification:_identify(MDC_libraries/python/hal) by extensions ['cmake', 'python']
[1.458s] Level 1:colcon.colcon_core.package_identification:_identify(MDC_libraries/python/hal) by extension 'cmake'
[1.458s] Level 1:colcon.colcon_core.package_identification:_identify(MDC_libraries/python/hal) by extension 'python'
[1.458s] Level 1:colcon.colcon_core.package_identification:_identify(MDC_libraries/python/hal) by extensions ['python_setup_py']
[1.458s] Level 1:colcon.colcon_core.package_identification:_identify(MDC_libraries/python/hal) by extension 'python_setup_py'
[1.458s] Level 1:colcon.colcon_core.package_identification:_identify(MDC_libraries/python/hal/__pycache__) by extensions ['ignore', 'ignore_ament_install']
[1.458s] Level 1:colcon.colcon_core.package_identification:_identify(MDC_libraries/python/hal/__pycache__) by extension 'ignore'
[1.458s] Level 1:colcon.colcon_core.package_identification:_identify(MDC_libraries/python/hal/__pycache__) by extension 'ignore_ament_install'
[1.458s] Level 1:colcon.colcon_core.package_identification:_identify(MDC_libraries/python/hal/__pycache__) by extensions ['colcon_pkg']
[1.458s] Level 1:colcon.colcon_core.package_identification:_identify(MDC_libraries/python/hal/__pycache__) by extension 'colcon_pkg'
[1.458s] Level 1:colcon.colcon_core.package_identification:_identify(MDC_libraries/python/hal/__pycache__) by extensions ['colcon_meta']
[1.458s] Level 1:colcon.colcon_core.package_identification:_identify(MDC_libraries/python/hal/__pycache__) by extension 'colcon_meta'
[1.458s] Level 1:colcon.colcon_core.package_identification:_identify(MDC_libraries/python/hal/__pycache__) by extensions ['ros']
[1.458s] Level 1:colcon.colcon_core.package_identification:_identify(MDC_libraries/python/hal/__pycache__) by extension 'ros'
[1.458s] Level 1:colcon.colcon_core.package_identification:_identify(MDC_libraries/python/hal/__pycache__) by extensions ['cmake', 'python']
[1.458s] Level 1:colcon.colcon_core.package_identification:_identify(MDC_libraries/python/hal/__pycache__) by extension 'cmake'
[1.458s] Level 1:colcon.colcon_core.package_identification:_identify(MDC_libraries/python/hal/__pycache__) by extension 'python'
[1.458s] Level 1:colcon.colcon_core.package_identification:_identify(MDC_libraries/python/hal/__pycache__) by extensions ['python_setup_py']
[1.458s] Level 1:colcon.colcon_core.package_identification:_identify(MDC_libraries/python/hal/__pycache__) by extension 'python_setup_py'
[1.458s] Level 1:colcon.colcon_core.package_identification:_identify(MDC_libraries/python/hal/content) by extensions ['ignore', 'ignore_ament_install']
[1.458s] Level 1:colcon.colcon_core.package_identification:_identify(MDC_libraries/python/hal/content) by extension 'ignore'
[1.458s] Level 1:colcon.colcon_core.package_identification:_identify(MDC_libraries/python/hal/content) by extension 'ignore_ament_install'
[1.458s] Level 1:colcon.colcon_core.package_identification:_identify(MDC_libraries/python/hal/content) by extensions ['colcon_pkg']
[1.458s] Level 1:colcon.colcon_core.package_identification:_identify(MDC_libraries/python/hal/content) by extension 'colcon_pkg'
[1.458s] Level 1:colcon.colcon_core.package_identification:_identify(MDC_libraries/python/hal/content) by extensions ['colcon_meta']
[1.458s] Level 1:colcon.colcon_core.package_identification:_identify(MDC_libraries/python/hal/content) by extension 'colcon_meta'
[1.458s] Level 1:colcon.colcon_core.package_identification:_identify(MDC_libraries/python/hal/content) by extensions ['ros']
[1.458s] Level 1:colcon.colcon_core.package_identification:_identify(MDC_libraries/python/hal/content) by extension 'ros'
[1.458s] Level 1:colcon.colcon_core.package_identification:_identify(MDC_libraries/python/hal/content) by extensions ['cmake', 'python']
[1.458s] Level 1:colcon.colcon_core.package_identification:_identify(MDC_libraries/python/hal/content) by extension 'cmake'
[1.458s] Level 1:colcon.colcon_core.package_identification:_identify(MDC_libraries/python/hal/content) by extension 'python'
[1.458s] Level 1:colcon.colcon_core.package_identification:_identify(MDC_libraries/python/hal/content) by extensions ['python_setup_py']
[1.458s] Level 1:colcon.colcon_core.package_identification:_identify(MDC_libraries/python/hal/content) by extension 'python_setup_py'
[1.458s] Level 1:colcon.colcon_core.package_identification:_identify(MDC_libraries/python/hal/content/__pycache__) by extensions ['ignore', 'ignore_ament_install']
[1.458s] Level 1:colcon.colcon_core.package_identification:_identify(MDC_libraries/python/hal/content/__pycache__) by extension 'ignore'
[1.458s] Level 1:colcon.colcon_core.package_identification:_identify(MDC_libraries/python/hal/content/__pycache__) by extension 'ignore_ament_install'
[1.458s] Level 1:colcon.colcon_core.package_identification:_identify(MDC_libraries/python/hal/content/__pycache__) by extensions ['colcon_pkg']
[1.458s] Level 1:colcon.colcon_core.package_identification:_identify(MDC_libraries/python/hal/content/__pycache__) by extension 'colcon_pkg'
[1.458s] Level 1:colcon.colcon_core.package_identification:_identify(MDC_libraries/python/hal/content/__pycache__) by extensions ['colcon_meta']
[1.458s] Level 1:colcon.colcon_core.package_identification:_identify(MDC_libraries/python/hal/content/__pycache__) by extension 'colcon_meta'
[1.458s] Level 1:colcon.colcon_core.package_identification:_identify(MDC_libraries/python/hal/content/__pycache__) by extensions ['ros']
[1.458s] Level 1:colcon.colcon_core.package_identification:_identify(MDC_libraries/python/hal/content/__pycache__) by extension 'ros'
[1.459s] Level 1:colcon.colcon_core.package_identification:_identify(MDC_libraries/python/hal/content/__pycache__) by extensions ['cmake', 'python']
[1.459s] Level 1:colcon.colcon_core.package_identification:_identify(MDC_libraries/python/hal/content/__pycache__) by extension 'cmake'
[1.459s] Level 1:colcon.colcon_core.package_identification:_identify(MDC_libraries/python/hal/content/__pycache__) by extension 'python'
[1.459s] Level 1:colcon.colcon_core.package_identification:_identify(MDC_libraries/python/hal/content/__pycache__) by extensions ['python_setup_py']
[1.459s] Level 1:colcon.colcon_core.package_identification:_identify(MDC_libraries/python/hal/content/__pycache__) by extension 'python_setup_py'
[1.459s] Level 1:colcon.colcon_core.package_identification:_identify(MDC_libraries/python/hal/products) by extensions ['ignore', 'ignore_ament_install']
[1.459s] Level 1:colcon.colcon_core.package_identification:_identify(MDC_libraries/python/hal/products) by extension 'ignore'
[1.459s] Level 1:colcon.colcon_core.package_identification:_identify(MDC_libraries/python/hal/products) by extension 'ignore_ament_install'
[1.459s] Level 1:colcon.colcon_core.package_identification:_identify(MDC_libraries/python/hal/products) by extensions ['colcon_pkg']
[1.459s] Level 1:colcon.colcon_core.package_identification:_identify(MDC_libraries/python/hal/products) by extension 'colcon_pkg'
[1.459s] Level 1:colcon.colcon_core.package_identification:_identify(MDC_libraries/python/hal/products) by extensions ['colcon_meta']
[1.459s] Level 1:colcon.colcon_core.package_identification:_identify(MDC_libraries/python/hal/products) by extension 'colcon_meta'
[1.459s] Level 1:colcon.colcon_core.package_identification:_identify(MDC_libraries/python/hal/products) by extensions ['ros']
[1.459s] Level 1:colcon.colcon_core.package_identification:_identify(MDC_libraries/python/hal/products) by extension 'ros'
[1.459s] Level 1:colcon.colcon_core.package_identification:_identify(MDC_libraries/python/hal/products) by extensions ['cmake', 'python']
[1.459s] Level 1:colcon.colcon_core.package_identification:_identify(MDC_libraries/python/hal/products) by extension 'cmake'
[1.459s] Level 1:colcon.colcon_core.package_identification:_identify(MDC_libraries/python/hal/products) by extension 'python'
[1.459s] Level 1:colcon.colcon_core.package_identification:_identify(MDC_libraries/python/hal/products) by extensions ['python_setup_py']
[1.459s] Level 1:colcon.colcon_core.package_identification:_identify(MDC_libraries/python/hal/products) by extension 'python_setup_py'
[1.459s] Level 1:colcon.colcon_core.package_identification:_identify(MDC_libraries/python/hal/products/__pycache__) by extensions ['ignore', 'ignore_ament_install']
[1.459s] Level 1:colcon.colcon_core.package_identification:_identify(MDC_libraries/python/hal/products/__pycache__) by extension 'ignore'
[1.459s] Level 1:colcon.colcon_core.package_identification:_identify(MDC_libraries/python/hal/products/__pycache__) by extension 'ignore_ament_install'
[1.459s] Level 1:colcon.colcon_core.package_identification:_identify(MDC_libraries/python/hal/products/__pycache__) by extensions ['colcon_pkg']
[1.459s] Level 1:colcon.colcon_core.package_identification:_identify(MDC_libraries/python/hal/products/__pycache__) by extension 'colcon_pkg'
[1.459s] Level 1:colcon.colcon_core.package_identification:_identify(MDC_libraries/python/hal/products/__pycache__) by extensions ['colcon_meta']
[1.459s] Level 1:colcon.colcon_core.package_identification:_identify(MDC_libraries/python/hal/products/__pycache__) by extension 'colcon_meta'
[1.459s] Level 1:colcon.colcon_core.package_identification:_identify(MDC_libraries/python/hal/products/__pycache__) by extensions ['ros']
[1.459s] Level 1:colcon.colcon_core.package_identification:_identify(MDC_libraries/python/hal/products/__pycache__) by extension 'ros'
[1.459s] Level 1:colcon.colcon_core.package_identification:_identify(MDC_libraries/python/hal/products/__pycache__) by extensions ['cmake', 'python']
[1.459s] Level 1:colcon.colcon_core.package_identification:_identify(MDC_libraries/python/hal/products/__pycache__) by extension 'cmake'
[1.459s] Level 1:colcon.colcon_core.package_identification:_identify(MDC_libraries/python/hal/products/__pycache__) by extension 'python'
[1.459s] Level 1:colcon.colcon_core.package_identification:_identify(MDC_libraries/python/hal/products/__pycache__) by extensions ['python_setup_py']
[1.459s] Level 1:colcon.colcon_core.package_identification:_identify(MDC_libraries/python/hal/products/__pycache__) by extension 'python_setup_py'
[1.459s] Level 1:colcon.colcon_core.package_identification:_identify(MDC_libraries/python/hal/utilities) by extensions ['ignore', 'ignore_ament_install']
[1.459s] Level 1:colcon.colcon_core.package_identification:_identify(MDC_libraries/python/hal/utilities) by extension 'ignore'
[1.459s] Level 1:colcon.colcon_core.package_identification:_identify(MDC_libraries/python/hal/utilities) by extension 'ignore_ament_install'
[1.459s] Level 1:colcon.colcon_core.package_identification:_identify(MDC_libraries/python/hal/utilities) by extensions ['colcon_pkg']
[1.459s] Level 1:colcon.colcon_core.package_identification:_identify(MDC_libraries/python/hal/utilities) by extension 'colcon_pkg'
[1.459s] Level 1:colcon.colcon_core.package_identification:_identify(MDC_libraries/python/hal/utilities) by extensions ['colcon_meta']
[1.459s] Level 1:colcon.colcon_core.package_identification:_identify(MDC_libraries/python/hal/utilities) by extension 'colcon_meta'
[1.459s] Level 1:colcon.colcon_core.package_identification:_identify(MDC_libraries/python/hal/utilities) by extensions ['ros']
[1.459s] Level 1:colcon.colcon_core.package_identification:_identify(MDC_libraries/python/hal/utilities) by extension 'ros'
[1.459s] Level 1:colcon.colcon_core.package_identification:_identify(MDC_libraries/python/hal/utilities) by extensions ['cmake', 'python']
[1.459s] Level 1:colcon.colcon_core.package_identification:_identify(MDC_libraries/python/hal/utilities) by extension 'cmake'
[1.459s] Level 1:colcon.colcon_core.package_identification:_identify(MDC_libraries/python/hal/utilities) by extension 'python'
[1.459s] Level 1:colcon.colcon_core.package_identification:_identify(MDC_libraries/python/hal/utilities) by extensions ['python_setup_py']
[1.459s] Level 1:colcon.colcon_core.package_identification:_identify(MDC_libraries/python/hal/utilities) by extension 'python_setup_py'
[1.460s] Level 1:colcon.colcon_core.package_identification:_identify(MDC_libraries/python/hal/utilities/__pycache__) by extensions ['ignore', 'ignore_ament_install']
[1.460s] Level 1:colcon.colcon_core.package_identification:_identify(MDC_libraries/python/hal/utilities/__pycache__) by extension 'ignore'
[1.460s] Level 1:colcon.colcon_core.package_identification:_identify(MDC_libraries/python/hal/utilities/__pycache__) by extension 'ignore_ament_install'
[1.460s] Level 1:colcon.colcon_core.package_identification:_identify(MDC_libraries/python/hal/utilities/__pycache__) by extensions ['colcon_pkg']
[1.460s] Level 1:colcon.colcon_core.package_identification:_identify(MDC_libraries/python/hal/utilities/__pycache__) by extension 'colcon_pkg'
[1.460s] Level 1:colcon.colcon_core.package_identification:_identify(MDC_libraries/python/hal/utilities/__pycache__) by extensions ['colcon_meta']
[1.460s] Level 1:colcon.colcon_core.package_identification:_identify(MDC_libraries/python/hal/utilities/__pycache__) by extension 'colcon_meta'
[1.460s] Level 1:colcon.colcon_core.package_identification:_identify(MDC_libraries/python/hal/utilities/__pycache__) by extensions ['ros']
[1.460s] Level 1:colcon.colcon_core.package_identification:_identify(MDC_libraries/python/hal/utilities/__pycache__) by extension 'ros'
[1.460s] Level 1:colcon.colcon_core.package_identification:_identify(MDC_libraries/python/hal/utilities/__pycache__) by extensions ['cmake', 'python']
[1.460s] Level 1:colcon.colcon_core.package_identification:_identify(MDC_libraries/python/hal/utilities/__pycache__) by extension 'cmake'
[1.460s] Level 1:colcon.colcon_core.package_identification:_identify(MDC_libraries/python/hal/utilities/__pycache__) by extension 'python'
[1.460s] Level 1:colcon.colcon_core.package_identification:_identify(MDC_libraries/python/hal/utilities/__pycache__) by extensions ['python_setup_py']
[1.460s] Level 1:colcon.colcon_core.package_identification:_identify(MDC_libraries/python/hal/utilities/__pycache__) by extension 'python_setup_py'
[1.460s] Level 1:colcon.colcon_core.package_identification:_identify(MDC_libraries/python/pal) by extensions ['ignore', 'ignore_ament_install']
[1.460s] Level 1:colcon.colcon_core.package_identification:_identify(MDC_libraries/python/pal) by extension 'ignore'
[1.460s] Level 1:colcon.colcon_core.package_identification:_identify(MDC_libraries/python/pal) by extension 'ignore_ament_install'
[1.460s] Level 1:colcon.colcon_core.package_identification:_identify(MDC_libraries/python/pal) by extensions ['colcon_pkg']
[1.460s] Level 1:colcon.colcon_core.package_identification:_identify(MDC_libraries/python/pal) by extension 'colcon_pkg'
[1.460s] Level 1:colcon.colcon_core.package_identification:_identify(MDC_libraries/python/pal) by extensions ['colcon_meta']
[1.460s] Level 1:colcon.colcon_core.package_identification:_identify(MDC_libraries/python/pal) by extension 'colcon_meta'
[1.460s] Level 1:colcon.colcon_core.package_identification:_identify(MDC_libraries/python/pal) by extensions ['ros']
[1.460s] Level 1:colcon.colcon_core.package_identification:_identify(MDC_libraries/python/pal) by extension 'ros'
[1.460s] Level 1:colcon.colcon_core.package_identification:_identify(MDC_libraries/python/pal) by extensions ['cmake', 'python']
[1.460s] Level 1:colcon.colcon_core.package_identification:_identify(MDC_libraries/python/pal) by extension 'cmake'
[1.460s] Level 1:colcon.colcon_core.package_identification:_identify(MDC_libraries/python/pal) by extension 'python'
[1.460s] Level 1:colcon.colcon_core.package_identification:_identify(MDC_libraries/python/pal) by extensions ['python_setup_py']
[1.460s] Level 1:colcon.colcon_core.package_identification:_identify(MDC_libraries/python/pal) by extension 'python_setup_py'
[1.460s] Level 1:colcon.colcon_core.package_identification:_identify(MDC_libraries/python/pal/__pycache__) by extensions ['ignore', 'ignore_ament_install']
[1.460s] Level 1:colcon.colcon_core.package_identification:_identify(MDC_libraries/python/pal/__pycache__) by extension 'ignore'
[1.460s] Level 1:colcon.colcon_core.package_identification:_identify(MDC_libraries/python/pal/__pycache__) by extension 'ignore_ament_install'
[1.460s] Level 1:colcon.colcon_core.package_identification:_identify(MDC_libraries/python/pal/__pycache__) by extensions ['colcon_pkg']
[1.460s] Level 1:colcon.colcon_core.package_identification:_identify(MDC_libraries/python/pal/__pycache__) by extension 'colcon_pkg'
[1.460s] Level 1:colcon.colcon_core.package_identification:_identify(MDC_libraries/python/pal/__pycache__) by extensions ['colcon_meta']
[1.460s] Level 1:colcon.colcon_core.package_identification:_identify(MDC_libraries/python/pal/__pycache__) by extension 'colcon_meta'
[1.460s] Level 1:colcon.colcon_core.package_identification:_identify(MDC_libraries/python/pal/__pycache__) by extensions ['ros']
[1.460s] Level 1:colcon.colcon_core.package_identification:_identify(MDC_libraries/python/pal/__pycache__) by extension 'ros'
[1.460s] Level 1:colcon.colcon_core.package_identification:_identify(MDC_libraries/python/pal/__pycache__) by extensions ['cmake', 'python']
[1.460s] Level 1:colcon.colcon_core.package_identification:_identify(MDC_libraries/python/pal/__pycache__) by extension 'cmake'
[1.460s] Level 1:colcon.colcon_core.package_identification:_identify(MDC_libraries/python/pal/__pycache__) by extension 'python'
[1.460s] Level 1:colcon.colcon_core.package_identification:_identify(MDC_libraries/python/pal/__pycache__) by extensions ['python_setup_py']
[1.460s] Level 1:colcon.colcon_core.package_identification:_identify(MDC_libraries/python/pal/__pycache__) by extension 'python_setup_py'
[1.460s] Level 1:colcon.colcon_core.package_identification:_identify(MDC_libraries/python/pal/products) by extensions ['ignore', 'ignore_ament_install']
[1.460s] Level 1:colcon.colcon_core.package_identification:_identify(MDC_libraries/python/pal/products) by extension 'ignore'
[1.460s] Level 1:colcon.colcon_core.package_identification:_identify(MDC_libraries/python/pal/products) by extension 'ignore_ament_install'
[1.461s] Level 1:colcon.colcon_core.package_identification:_identify(MDC_libraries/python/pal/products) by extensions ['colcon_pkg']
[1.461s] Level 1:colcon.colcon_core.package_identification:_identify(MDC_libraries/python/pal/products) by extension 'colcon_pkg'
[1.461s] Level 1:colcon.colcon_core.package_identification:_identify(MDC_libraries/python/pal/products) by extensions ['colcon_meta']
[1.461s] Level 1:colcon.colcon_core.package_identification:_identify(MDC_libraries/python/pal/products) by extension 'colcon_meta'
[1.461s] Level 1:colcon.colcon_core.package_identification:_identify(MDC_libraries/python/pal/products) by extensions ['ros']
[1.461s] Level 1:colcon.colcon_core.package_identification:_identify(MDC_libraries/python/pal/products) by extension 'ros'
[1.461s] Level 1:colcon.colcon_core.package_identification:_identify(MDC_libraries/python/pal/products) by extensions ['cmake', 'python']
[1.461s] Level 1:colcon.colcon_core.package_identification:_identify(MDC_libraries/python/pal/products) by extension 'cmake'
[1.461s] Level 1:colcon.colcon_core.package_identification:_identify(MDC_libraries/python/pal/products) by extension 'python'
[1.461s] Level 1:colcon.colcon_core.package_identification:_identify(MDC_libraries/python/pal/products) by extensions ['python_setup_py']
[1.461s] Level 1:colcon.colcon_core.package_identification:_identify(MDC_libraries/python/pal/products) by extension 'python_setup_py'
[1.461s] Level 1:colcon.colcon_core.package_identification:_identify(MDC_libraries/python/pal/products/__pycache__) by extensions ['ignore', 'ignore_ament_install']
[1.461s] Level 1:colcon.colcon_core.package_identification:_identify(MDC_libraries/python/pal/products/__pycache__) by extension 'ignore'
[1.461s] Level 1:colcon.colcon_core.package_identification:_identify(MDC_libraries/python/pal/products/__pycache__) by extension 'ignore_ament_install'
[1.461s] Level 1:colcon.colcon_core.package_identification:_identify(MDC_libraries/python/pal/products/__pycache__) by extensions ['colcon_pkg']
[1.461s] Level 1:colcon.colcon_core.package_identification:_identify(MDC_libraries/python/pal/products/__pycache__) by extension 'colcon_pkg'
[1.461s] Level 1:colcon.colcon_core.package_identification:_identify(MDC_libraries/python/pal/products/__pycache__) by extensions ['colcon_meta']
[1.461s] Level 1:colcon.colcon_core.package_identification:_identify(MDC_libraries/python/pal/products/__pycache__) by extension 'colcon_meta'
[1.461s] Level 1:colcon.colcon_core.package_identification:_identify(MDC_libraries/python/pal/products/__pycache__) by extensions ['ros']
[1.461s] Level 1:colcon.colcon_core.package_identification:_identify(MDC_libraries/python/pal/products/__pycache__) by extension 'ros'
[1.461s] Level 1:colcon.colcon_core.package_identification:_identify(MDC_libraries/python/pal/products/__pycache__) by extensions ['cmake', 'python']
[1.461s] Level 1:colcon.colcon_core.package_identification:_identify(MDC_libraries/python/pal/products/__pycache__) by extension 'cmake'
[1.461s] Level 1:colcon.colcon_core.package_identification:_identify(MDC_libraries/python/pal/products/__pycache__) by extension 'python'
[1.461s] Level 1:colcon.colcon_core.package_identification:_identify(MDC_libraries/python/pal/products/__pycache__) by extensions ['python_setup_py']
[1.461s] Level 1:colcon.colcon_core.package_identification:_identify(MDC_libraries/python/pal/products/__pycache__) by extension 'python_setup_py'
[1.461s] Level 1:colcon.colcon_core.package_identification:_identify(MDC_libraries/python/pal/resources) by extensions ['ignore', 'ignore_ament_install']
[1.461s] Level 1:colcon.colcon_core.package_identification:_identify(MDC_libraries/python/pal/resources) by extension 'ignore'
[1.461s] Level 1:colcon.colcon_core.package_identification:_identify(MDC_libraries/python/pal/resources) by extension 'ignore_ament_install'
[1.461s] Level 1:colcon.colcon_core.package_identification:_identify(MDC_libraries/python/pal/resources) by extensions ['colcon_pkg']
[1.461s] Level 1:colcon.colcon_core.package_identification:_identify(MDC_libraries/python/pal/resources) by extension 'colcon_pkg'
[1.461s] Level 1:colcon.colcon_core.package_identification:_identify(MDC_libraries/python/pal/resources) by extensions ['colcon_meta']
[1.461s] Level 1:colcon.colcon_core.package_identification:_identify(MDC_libraries/python/pal/resources) by extension 'colcon_meta'
[1.461s] Level 1:colcon.colcon_core.package_identification:_identify(MDC_libraries/python/pal/resources) by extensions ['ros']
[1.461s] Level 1:colcon.colcon_core.package_identification:_identify(MDC_libraries/python/pal/resources) by extension 'ros'
[1.461s] Level 1:colcon.colcon_core.package_identification:_identify(MDC_libraries/python/pal/resources) by extensions ['cmake', 'python']
[1.461s] Level 1:colcon.colcon_core.package_identification:_identify(MDC_libraries/python/pal/resources) by extension 'cmake'
[1.461s] Level 1:colcon.colcon_core.package_identification:_identify(MDC_libraries/python/pal/resources) by extension 'python'
[1.461s] Level 1:colcon.colcon_core.package_identification:_identify(MDC_libraries/python/pal/resources) by extensions ['python_setup_py']
[1.461s] Level 1:colcon.colcon_core.package_identification:_identify(MDC_libraries/python/pal/resources) by extension 'python_setup_py'
[1.461s] Level 1:colcon.colcon_core.package_identification:_identify(MDC_libraries/python/pal/resources/__pycache__) by extensions ['ignore', 'ignore_ament_install']
[1.461s] Level 1:colcon.colcon_core.package_identification:_identify(MDC_libraries/python/pal/resources/__pycache__) by extension 'ignore'
[1.461s] Level 1:colcon.colcon_core.package_identification:_identify(MDC_libraries/python/pal/resources/__pycache__) by extension 'ignore_ament_install'
[1.461s] Level 1:colcon.colcon_core.package_identification:_identify(MDC_libraries/python/pal/resources/__pycache__) by extensions ['colcon_pkg']
[1.461s] Level 1:colcon.colcon_core.package_identification:_identify(MDC_libraries/python/pal/resources/__pycache__) by extension 'colcon_pkg'
[1.461s] Level 1:colcon.colcon_core.package_identification:_identify(MDC_libraries/python/pal/resources/__pycache__) by extensions ['colcon_meta']
[1.462s] Level 1:colcon.colcon_core.package_identification:_identify(MDC_libraries/python/pal/resources/__pycache__) by extension 'colcon_meta'
[1.462s] Level 1:colcon.colcon_core.package_identification:_identify(MDC_libraries/python/pal/resources/__pycache__) by extensions ['ros']
[1.462s] Level 1:colcon.colcon_core.package_identification:_identify(MDC_libraries/python/pal/resources/__pycache__) by extension 'ros'
[1.462s] Level 1:colcon.colcon_core.package_identification:_identify(MDC_libraries/python/pal/resources/__pycache__) by extensions ['cmake', 'python']
[1.462s] Level 1:colcon.colcon_core.package_identification:_identify(MDC_libraries/python/pal/resources/__pycache__) by extension 'cmake'
[1.462s] Level 1:colcon.colcon_core.package_identification:_identify(MDC_libraries/python/pal/resources/__pycache__) by extension 'python'
[1.462s] Level 1:colcon.colcon_core.package_identification:_identify(MDC_libraries/python/pal/resources/__pycache__) by extensions ['python_setup_py']
[1.462s] Level 1:colcon.colcon_core.package_identification:_identify(MDC_libraries/python/pal/resources/__pycache__) by extension 'python_setup_py'
[1.462s] Level 1:colcon.colcon_core.package_identification:_identify(MDC_libraries/python/pal/utilities) by extensions ['ignore', 'ignore_ament_install']
[1.462s] Level 1:colcon.colcon_core.package_identification:_identify(MDC_libraries/python/pal/utilities) by extension 'ignore'
[1.462s] Level 1:colcon.colcon_core.package_identification:_identify(MDC_libraries/python/pal/utilities) by extension 'ignore_ament_install'
[1.462s] Level 1:colcon.colcon_core.package_identification:_identify(MDC_libraries/python/pal/utilities) by extensions ['colcon_pkg']
[1.462s] Level 1:colcon.colcon_core.package_identification:_identify(MDC_libraries/python/pal/utilities) by extension 'colcon_pkg'
[1.462s] Level 1:colcon.colcon_core.package_identification:_identify(MDC_libraries/python/pal/utilities) by extensions ['colcon_meta']
[1.462s] Level 1:colcon.colcon_core.package_identification:_identify(MDC_libraries/python/pal/utilities) by extension 'colcon_meta'
[1.462s] Level 1:colcon.colcon_core.package_identification:_identify(MDC_libraries/python/pal/utilities) by extensions ['ros']
[1.462s] Level 1:colcon.colcon_core.package_identification:_identify(MDC_libraries/python/pal/utilities) by extension 'ros'
[1.462s] Level 1:colcon.colcon_core.package_identification:_identify(MDC_libraries/python/pal/utilities) by extensions ['cmake', 'python']
[1.462s] Level 1:colcon.colcon_core.package_identification:_identify(MDC_libraries/python/pal/utilities) by extension 'cmake'
[1.462s] Level 1:colcon.colcon_core.package_identification:_identify(MDC_libraries/python/pal/utilities) by extension 'python'
[1.462s] Level 1:colcon.colcon_core.package_identification:_identify(MDC_libraries/python/pal/utilities) by extensions ['python_setup_py']
[1.462s] Level 1:colcon.colcon_core.package_identification:_identify(MDC_libraries/python/pal/utilities) by extension 'python_setup_py'
[1.462s] Level 1:colcon.colcon_core.package_identification:_identify(MDC_libraries/python/pal/utilities/__pycache__) by extensions ['ignore', 'ignore_ament_install']
[1.462s] Level 1:colcon.colcon_core.package_identification:_identify(MDC_libraries/python/pal/utilities/__pycache__) by extension 'ignore'
[1.462s] Level 1:colcon.colcon_core.package_identification:_identify(MDC_libraries/python/pal/utilities/__pycache__) by extension 'ignore_ament_install'
[1.462s] Level 1:colcon.colcon_core.package_identification:_identify(MDC_libraries/python/pal/utilities/__pycache__) by extensions ['colcon_pkg']
[1.462s] Level 1:colcon.colcon_core.package_identification:_identify(MDC_libraries/python/pal/utilities/__pycache__) by extension 'colcon_pkg'
[1.462s] Level 1:colcon.colcon_core.package_identification:_identify(MDC_libraries/python/pal/utilities/__pycache__) by extensions ['colcon_meta']
[1.462s] Level 1:colcon.colcon_core.package_identification:_identify(MDC_libraries/python/pal/utilities/__pycache__) by extension 'colcon_meta'
[1.462s] Level 1:colcon.colcon_core.package_identification:_identify(MDC_libraries/python/pal/utilities/__pycache__) by extensions ['ros']
[1.462s] Level 1:colcon.colcon_core.package_identification:_identify(MDC_libraries/python/pal/utilities/__pycache__) by extension 'ros'
[1.462s] Level 1:colcon.colcon_core.package_identification:_identify(MDC_libraries/python/pal/utilities/__pycache__) by extensions ['cmake', 'python']
[1.462s] Level 1:colcon.colcon_core.package_identification:_identify(MDC_libraries/python/pal/utilities/__pycache__) by extension 'cmake'
[1.462s] Level 1:colcon.colcon_core.package_identification:_identify(MDC_libraries/python/pal/utilities/__pycache__) by extension 'python'
[1.462s] Level 1:colcon.colcon_core.package_identification:_identify(MDC_libraries/python/pal/utilities/__pycache__) by extensions ['python_setup_py']
[1.462s] Level 1:colcon.colcon_core.package_identification:_identify(MDC_libraries/python/pal/utilities/__pycache__) by extension 'python_setup_py'
[1.462s] Level 1:colcon.colcon_core.package_identification:_identify(MDC_libraries/python/pit) by extensions ['ignore', 'ignore_ament_install']
[1.462s] Level 1:colcon.colcon_core.package_identification:_identify(MDC_libraries/python/pit) by extension 'ignore'
[1.462s] Level 1:colcon.colcon_core.package_identification:_identify(MDC_libraries/python/pit) by extension 'ignore_ament_install'
[1.462s] Level 1:colcon.colcon_core.package_identification:_identify(MDC_libraries/python/pit) by extensions ['colcon_pkg']
[1.462s] Level 1:colcon.colcon_core.package_identification:_identify(MDC_libraries/python/pit) by extension 'colcon_pkg'
[1.462s] Level 1:colcon.colcon_core.package_identification:_identify(MDC_libraries/python/pit) by extensions ['colcon_meta']
[1.462s] Level 1:colcon.colcon_core.package_identification:_identify(MDC_libraries/python/pit) by extension 'colcon_meta'
[1.462s] Level 1:colcon.colcon_core.package_identification:_identify(MDC_libraries/python/pit) by extensions ['ros']
[1.462s] Level 1:colcon.colcon_core.package_identification:_identify(MDC_libraries/python/pit) by extension 'ros'
[1.462s] Level 1:colcon.colcon_core.package_identification:_identify(MDC_libraries/python/pit) by extensions ['cmake', 'python']
[1.463s] Level 1:colcon.colcon_core.package_identification:_identify(MDC_libraries/python/pit) by extension 'cmake'
[1.463s] Level 1:colcon.colcon_core.package_identification:_identify(MDC_libraries/python/pit) by extension 'python'
[1.463s] Level 1:colcon.colcon_core.package_identification:_identify(MDC_libraries/python/pit) by extensions ['python_setup_py']
[1.463s] Level 1:colcon.colcon_core.package_identification:_identify(MDC_libraries/python/pit) by extension 'python_setup_py'
[1.463s] Level 1:colcon.colcon_core.package_identification:_identify(MDC_libraries/python/pit/LaneNet) by extensions ['ignore', 'ignore_ament_install']
[1.463s] Level 1:colcon.colcon_core.package_identification:_identify(MDC_libraries/python/pit/LaneNet) by extension 'ignore'
[1.463s] Level 1:colcon.colcon_core.package_identification:_identify(MDC_libraries/python/pit/LaneNet) by extension 'ignore_ament_install'
[1.463s] Level 1:colcon.colcon_core.package_identification:_identify(MDC_libraries/python/pit/LaneNet) by extensions ['colcon_pkg']
[1.463s] Level 1:colcon.colcon_core.package_identification:_identify(MDC_libraries/python/pit/LaneNet) by extension 'colcon_pkg'
[1.463s] Level 1:colcon.colcon_core.package_identification:_identify(MDC_libraries/python/pit/LaneNet) by extensions ['colcon_meta']
[1.463s] Level 1:colcon.colcon_core.package_identification:_identify(MDC_libraries/python/pit/LaneNet) by extension 'colcon_meta'
[1.463s] Level 1:colcon.colcon_core.package_identification:_identify(MDC_libraries/python/pit/LaneNet) by extensions ['ros']
[1.463s] Level 1:colcon.colcon_core.package_identification:_identify(MDC_libraries/python/pit/LaneNet) by extension 'ros'
[1.463s] Level 1:colcon.colcon_core.package_identification:_identify(MDC_libraries/python/pit/LaneNet) by extensions ['cmake', 'python']
[1.463s] Level 1:colcon.colcon_core.package_identification:_identify(MDC_libraries/python/pit/LaneNet) by extension 'cmake'
[1.463s] Level 1:colcon.colcon_core.package_identification:_identify(MDC_libraries/python/pit/LaneNet) by extension 'python'
[1.463s] Level 1:colcon.colcon_core.package_identification:_identify(MDC_libraries/python/pit/LaneNet) by extensions ['python_setup_py']
[1.463s] Level 1:colcon.colcon_core.package_identification:_identify(MDC_libraries/python/pit/LaneNet) by extension 'python_setup_py'
[1.463s] Level 1:colcon.colcon_core.package_identification:_identify(MDC_libraries/python/pit/LaneNet/architecture) by extensions ['ignore', 'ignore_ament_install']
[1.463s] Level 1:colcon.colcon_core.package_identification:_identify(MDC_libraries/python/pit/LaneNet/architecture) by extension 'ignore'
[1.463s] Level 1:colcon.colcon_core.package_identification:_identify(MDC_libraries/python/pit/LaneNet/architecture) by extension 'ignore_ament_install'
[1.463s] Level 1:colcon.colcon_core.package_identification:_identify(MDC_libraries/python/pit/LaneNet/architecture) by extensions ['colcon_pkg']
[1.463s] Level 1:colcon.colcon_core.package_identification:_identify(MDC_libraries/python/pit/LaneNet/architecture) by extension 'colcon_pkg'
[1.463s] Level 1:colcon.colcon_core.package_identification:_identify(MDC_libraries/python/pit/LaneNet/architecture) by extensions ['colcon_meta']
[1.463s] Level 1:colcon.colcon_core.package_identification:_identify(MDC_libraries/python/pit/LaneNet/architecture) by extension 'colcon_meta'
[1.463s] Level 1:colcon.colcon_core.package_identification:_identify(MDC_libraries/python/pit/LaneNet/architecture) by extensions ['ros']
[1.463s] Level 1:colcon.colcon_core.package_identification:_identify(MDC_libraries/python/pit/LaneNet/architecture) by extension 'ros'
[1.463s] Level 1:colcon.colcon_core.package_identification:_identify(MDC_libraries/python/pit/LaneNet/architecture) by extensions ['cmake', 'python']
[1.463s] Level 1:colcon.colcon_core.package_identification:_identify(MDC_libraries/python/pit/LaneNet/architecture) by extension 'cmake'
[1.463s] Level 1:colcon.colcon_core.package_identification:_identify(MDC_libraries/python/pit/LaneNet/architecture) by extension 'python'
[1.463s] Level 1:colcon.colcon_core.package_identification:_identify(MDC_libraries/python/pit/LaneNet/architecture) by extensions ['python_setup_py']
[1.463s] Level 1:colcon.colcon_core.package_identification:_identify(MDC_libraries/python/pit/LaneNet/architecture) by extension 'python_setup_py'
[1.463s] Level 1:colcon.colcon_core.package_identification:_identify(MDC_libraries/python/pit/LaneNet/architecture/__pycache__) by extensions ['ignore', 'ignore_ament_install']
[1.463s] Level 1:colcon.colcon_core.package_identification:_identify(MDC_libraries/python/pit/LaneNet/architecture/__pycache__) by extension 'ignore'
[1.463s] Level 1:colcon.colcon_core.package_identification:_identify(MDC_libraries/python/pit/LaneNet/architecture/__pycache__) by extension 'ignore_ament_install'
[1.463s] Level 1:colcon.colcon_core.package_identification:_identify(MDC_libraries/python/pit/LaneNet/architecture/__pycache__) by extensions ['colcon_pkg']
[1.463s] Level 1:colcon.colcon_core.package_identification:_identify(MDC_libraries/python/pit/LaneNet/architecture/__pycache__) by extension 'colcon_pkg'
[1.463s] Level 1:colcon.colcon_core.package_identification:_identify(MDC_libraries/python/pit/LaneNet/architecture/__pycache__) by extensions ['colcon_meta']
[1.463s] Level 1:colcon.colcon_core.package_identification:_identify(MDC_libraries/python/pit/LaneNet/architecture/__pycache__) by extension 'colcon_meta'
[1.463s] Level 1:colcon.colcon_core.package_identification:_identify(MDC_libraries/python/pit/LaneNet/architecture/__pycache__) by extensions ['ros']
[1.463s] Level 1:colcon.colcon_core.package_identification:_identify(MDC_libraries/python/pit/LaneNet/architecture/__pycache__) by extension 'ros'
[1.463s] Level 1:colcon.colcon_core.package_identification:_identify(MDC_libraries/python/pit/LaneNet/architecture/__pycache__) by extensions ['cmake', 'python']
[1.463s] Level 1:colcon.colcon_core.package_identification:_identify(MDC_libraries/python/pit/LaneNet/architecture/__pycache__) by extension 'cmake'
[1.463s] Level 1:colcon.colcon_core.package_identification:_identify(MDC_libraries/python/pit/LaneNet/architecture/__pycache__) by extension 'python'
[1.463s] Level 1:colcon.colcon_core.package_identification:_identify(MDC_libraries/python/pit/LaneNet/architecture/__pycache__) by extensions ['python_setup_py']
[1.463s] Level 1:colcon.colcon_core.package_identification:_identify(MDC_libraries/python/pit/LaneNet/architecture/__pycache__) by extension 'python_setup_py'
[1.464s] Level 1:colcon.colcon_core.package_identification:_identify(MDC_libraries/python/pit/LaneNet/architecture/backbone) by extensions ['ignore', 'ignore_ament_install']
[1.464s] Level 1:colcon.colcon_core.package_identification:_identify(MDC_libraries/python/pit/LaneNet/architecture/backbone) by extension 'ignore'
[1.464s] Level 1:colcon.colcon_core.package_identification:_identify(MDC_libraries/python/pit/LaneNet/architecture/backbone) by extension 'ignore_ament_install'
[1.464s] Level 1:colcon.colcon_core.package_identification:_identify(MDC_libraries/python/pit/LaneNet/architecture/backbone) by extensions ['colcon_pkg']
[1.464s] Level 1:colcon.colcon_core.package_identification:_identify(MDC_libraries/python/pit/LaneNet/architecture/backbone) by extension 'colcon_pkg'
[1.464s] Level 1:colcon.colcon_core.package_identification:_identify(MDC_libraries/python/pit/LaneNet/architecture/backbone) by extensions ['colcon_meta']
[1.464s] Level 1:colcon.colcon_core.package_identification:_identify(MDC_libraries/python/pit/LaneNet/architecture/backbone) by extension 'colcon_meta'
[1.464s] Level 1:colcon.colcon_core.package_identification:_identify(MDC_libraries/python/pit/LaneNet/architecture/backbone) by extensions ['ros']
[1.464s] Level 1:colcon.colcon_core.package_identification:_identify(MDC_libraries/python/pit/LaneNet/architecture/backbone) by extension 'ros'
[1.464s] Level 1:colcon.colcon_core.package_identification:_identify(MDC_libraries/python/pit/LaneNet/architecture/backbone) by extensions ['cmake', 'python']
[1.464s] Level 1:colcon.colcon_core.package_identification:_identify(MDC_libraries/python/pit/LaneNet/architecture/backbone) by extension 'cmake'
[1.464s] Level 1:colcon.colcon_core.package_identification:_identify(MDC_libraries/python/pit/LaneNet/architecture/backbone) by extension 'python'
[1.464s] Level 1:colcon.colcon_core.package_identification:_identify(MDC_libraries/python/pit/LaneNet/architecture/backbone) by extensions ['python_setup_py']
[1.464s] Level 1:colcon.colcon_core.package_identification:_identify(MDC_libraries/python/pit/LaneNet/architecture/backbone) by extension 'python_setup_py'
[1.464s] Level 1:colcon.colcon_core.package_identification:_identify(MDC_libraries/python/pit/LaneNet/architecture/backbone/__pycache__) by extensions ['ignore', 'ignore_ament_install']
[1.464s] Level 1:colcon.colcon_core.package_identification:_identify(MDC_libraries/python/pit/LaneNet/architecture/backbone/__pycache__) by extension 'ignore'
[1.464s] Level 1:colcon.colcon_core.package_identification:_identify(MDC_libraries/python/pit/LaneNet/architecture/backbone/__pycache__) by extension 'ignore_ament_install'
[1.464s] Level 1:colcon.colcon_core.package_identification:_identify(MDC_libraries/python/pit/LaneNet/architecture/backbone/__pycache__) by extensions ['colcon_pkg']
[1.464s] Level 1:colcon.colcon_core.package_identification:_identify(MDC_libraries/python/pit/LaneNet/architecture/backbone/__pycache__) by extension 'colcon_pkg'
[1.464s] Level 1:colcon.colcon_core.package_identification:_identify(MDC_libraries/python/pit/LaneNet/architecture/backbone/__pycache__) by extensions ['colcon_meta']
[1.464s] Level 1:colcon.colcon_core.package_identification:_identify(MDC_libraries/python/pit/LaneNet/architecture/backbone/__pycache__) by extension 'colcon_meta'
[1.464s] Level 1:colcon.colcon_core.package_identification:_identify(MDC_libraries/python/pit/LaneNet/architecture/backbone/__pycache__) by extensions ['ros']
[1.464s] Level 1:colcon.colcon_core.package_identification:_identify(MDC_libraries/python/pit/LaneNet/architecture/backbone/__pycache__) by extension 'ros'
[1.464s] Level 1:colcon.colcon_core.package_identification:_identify(MDC_libraries/python/pit/LaneNet/architecture/backbone/__pycache__) by extensions ['cmake', 'python']
[1.464s] Level 1:colcon.colcon_core.package_identification:_identify(MDC_libraries/python/pit/LaneNet/architecture/backbone/__pycache__) by extension 'cmake'
[1.464s] Level 1:colcon.colcon_core.package_identification:_identify(MDC_libraries/python/pit/LaneNet/architecture/backbone/__pycache__) by extension 'python'
[1.464s] Level 1:colcon.colcon_core.package_identification:_identify(MDC_libraries/python/pit/LaneNet/architecture/backbone/__pycache__) by extensions ['python_setup_py']
[1.464s] Level 1:colcon.colcon_core.package_identification:_identify(MDC_libraries/python/pit/LaneNet/architecture/backbone/__pycache__) by extension 'python_setup_py'
[1.464s] Level 1:colcon.colcon_core.package_identification:_identify(MDC_libraries/python/pit/LaneNet/architecture/backbone/deeplabv3_plus) by extensions ['ignore', 'ignore_ament_install']
[1.464s] Level 1:colcon.colcon_core.package_identification:_identify(MDC_libraries/python/pit/LaneNet/architecture/backbone/deeplabv3_plus) by extension 'ignore'
[1.464s] Level 1:colcon.colcon_core.package_identification:_identify(MDC_libraries/python/pit/LaneNet/architecture/backbone/deeplabv3_plus) by extension 'ignore_ament_install'
[1.464s] Level 1:colcon.colcon_core.package_identification:_identify(MDC_libraries/python/pit/LaneNet/architecture/backbone/deeplabv3_plus) by extensions ['colcon_pkg']
[1.464s] Level 1:colcon.colcon_core.package_identification:_identify(MDC_libraries/python/pit/LaneNet/architecture/backbone/deeplabv3_plus) by extension 'colcon_pkg'
[1.464s] Level 1:colcon.colcon_core.package_identification:_identify(MDC_libraries/python/pit/LaneNet/architecture/backbone/deeplabv3_plus) by extensions ['colcon_meta']
[1.464s] Level 1:colcon.colcon_core.package_identification:_identify(MDC_libraries/python/pit/LaneNet/architecture/backbone/deeplabv3_plus) by extension 'colcon_meta'
[1.464s] Level 1:colcon.colcon_core.package_identification:_identify(MDC_libraries/python/pit/LaneNet/architecture/backbone/deeplabv3_plus) by extensions ['ros']
[1.464s] Level 1:colcon.colcon_core.package_identification:_identify(MDC_libraries/python/pit/LaneNet/architecture/backbone/deeplabv3_plus) by extension 'ros'
[1.465s] Level 1:colcon.colcon_core.package_identification:_identify(MDC_libraries/python/pit/LaneNet/architecture/backbone/deeplabv3_plus) by extensions ['cmake', 'python']
[1.465s] Level 1:colcon.colcon_core.package_identification:_identify(MDC_libraries/python/pit/LaneNet/architecture/backbone/deeplabv3_plus) by extension 'cmake'
[1.465s] Level 1:colcon.colcon_core.package_identification:_identify(MDC_libraries/python/pit/LaneNet/architecture/backbone/deeplabv3_plus) by extension 'python'
[1.465s] Level 1:colcon.colcon_core.package_identification:_identify(MDC_libraries/python/pit/LaneNet/architecture/backbone/deeplabv3_plus) by extensions ['python_setup_py']
[1.465s] Level 1:colcon.colcon_core.package_identification:_identify(MDC_libraries/python/pit/LaneNet/architecture/backbone/deeplabv3_plus) by extension 'python_setup_py'
[1.465s] Level 1:colcon.colcon_core.package_identification:_identify(MDC_libraries/python/pit/LaneNet/architecture/backbone/deeplabv3_plus/__pycache__) by extensions ['ignore', 'ignore_ament_install']
[1.465s] Level 1:colcon.colcon_core.package_identification:_identify(MDC_libraries/python/pit/LaneNet/architecture/backbone/deeplabv3_plus/__pycache__) by extension 'ignore'
[1.465s] Level 1:colcon.colcon_core.package_identification:_identify(MDC_libraries/python/pit/LaneNet/architecture/backbone/deeplabv3_plus/__pycache__) by extension 'ignore_ament_install'
[1.465s] Level 1:colcon.colcon_core.package_identification:_identify(MDC_libraries/python/pit/LaneNet/architecture/backbone/deeplabv3_plus/__pycache__) by extensions ['colcon_pkg']
[1.465s] Level 1:colcon.colcon_core.package_identification:_identify(MDC_libraries/python/pit/LaneNet/architecture/backbone/deeplabv3_plus/__pycache__) by extension 'colcon_pkg'
[1.465s] Level 1:colcon.colcon_core.package_identification:_identify(MDC_libraries/python/pit/LaneNet/architecture/backbone/deeplabv3_plus/__pycache__) by extensions ['colcon_meta']
[1.465s] Level 1:colcon.colcon_core.package_identification:_identify(MDC_libraries/python/pit/LaneNet/architecture/backbone/deeplabv3_plus/__pycache__) by extension 'colcon_meta'
[1.465s] Level 1:colcon.colcon_core.package_identification:_identify(MDC_libraries/python/pit/LaneNet/architecture/backbone/deeplabv3_plus/__pycache__) by extensions ['ros']
[1.465s] Level 1:colcon.colcon_core.package_identification:_identify(MDC_libraries/python/pit/LaneNet/architecture/backbone/deeplabv3_plus/__pycache__) by extension 'ros'
[1.465s] Level 1:colcon.colcon_core.package_identification:_identify(MDC_libraries/python/pit/LaneNet/architecture/backbone/deeplabv3_plus/__pycache__) by extensions ['cmake', 'python']
[1.465s] Level 1:colcon.colcon_core.package_identification:_identify(MDC_libraries/python/pit/LaneNet/architecture/backbone/deeplabv3_plus/__pycache__) by extension 'cmake'
[1.465s] Level 1:colcon.colcon_core.package_identification:_identify(MDC_libraries/python/pit/LaneNet/architecture/backbone/deeplabv3_plus/__pycache__) by extension 'python'
[1.465s] Level 1:colcon.colcon_core.package_identification:_identify(MDC_libraries/python/pit/LaneNet/architecture/backbone/deeplabv3_plus/__pycache__) by extensions ['python_setup_py']
[1.465s] Level 1:colcon.colcon_core.package_identification:_identify(MDC_libraries/python/pit/LaneNet/architecture/backbone/deeplabv3_plus/__pycache__) by extension 'python_setup_py'
[1.465s] Level 1:colcon.colcon_core.package_identification:_identify(MDC_libraries/python/pit/LaneNet/architecture/backbone/deeplabv3_plus/sync_batchnorm) by extensions ['ignore', 'ignore_ament_install']
[1.465s] Level 1:colcon.colcon_core.package_identification:_identify(MDC_libraries/python/pit/LaneNet/architecture/backbone/deeplabv3_plus/sync_batchnorm) by extension 'ignore'
[1.465s] Level 1:colcon.colcon_core.package_identification:_identify(MDC_libraries/python/pit/LaneNet/architecture/backbone/deeplabv3_plus/sync_batchnorm) by extension 'ignore_ament_install'
[1.465s] Level 1:colcon.colcon_core.package_identification:_identify(MDC_libraries/python/pit/LaneNet/architecture/backbone/deeplabv3_plus/sync_batchnorm) by extensions ['colcon_pkg']
[1.465s] Level 1:colcon.colcon_core.package_identification:_identify(MDC_libraries/python/pit/LaneNet/architecture/backbone/deeplabv3_plus/sync_batchnorm) by extension 'colcon_pkg'
[1.465s] Level 1:colcon.colcon_core.package_identification:_identify(MDC_libraries/python/pit/LaneNet/architecture/backbone/deeplabv3_plus/sync_batchnorm) by extensions ['colcon_meta']
[1.465s] Level 1:colcon.colcon_core.package_identification:_identify(MDC_libraries/python/pit/LaneNet/architecture/backbone/deeplabv3_plus/sync_batchnorm) by extension 'colcon_meta'
[1.465s] Level 1:colcon.colcon_core.package_identification:_identify(MDC_libraries/python/pit/LaneNet/architecture/backbone/deeplabv3_plus/sync_batchnorm) by extensions ['ros']
[1.465s] Level 1:colcon.colcon_core.package_identification:_identify(MDC_libraries/python/pit/LaneNet/architecture/backbone/deeplabv3_plus/sync_batchnorm) by extension 'ros'
[1.465s] Level 1:colcon.colcon_core.package_identification:_identify(MDC_libraries/python/pit/LaneNet/architecture/backbone/deeplabv3_plus/sync_batchnorm) by extensions ['cmake', 'python']
[1.465s] Level 1:colcon.colcon_core.package_identification:_identify(MDC_libraries/python/pit/LaneNet/architecture/backbone/deeplabv3_plus/sync_batchnorm) by extension 'cmake'
[1.465s] Level 1:colcon.colcon_core.package_identification:_identify(MDC_libraries/python/pit/LaneNet/architecture/backbone/deeplabv3_plus/sync_batchnorm) by extension 'python'
[1.465s] Level 1:colcon.colcon_core.package_identification:_identify(MDC_libraries/python/pit/LaneNet/architecture/backbone/deeplabv3_plus/sync_batchnorm) by extensions ['python_setup_py']
[1.465s] Level 1:colcon.colcon_core.package_identification:_identify(MDC_libraries/python/pit/LaneNet/architecture/backbone/deeplabv3_plus/sync_batchnorm) by extension 'python_setup_py'
[1.465s] Level 1:colcon.colcon_core.package_identification:_identify(MDC_libraries/python/pit/LaneNet/architecture/backbone/deeplabv3_plus/sync_batchnorm/__pycache__) by extensions ['ignore', 'ignore_ament_install']
[1.465s] Level 1:colcon.colcon_core.package_identification:_identify(MDC_libraries/python/pit/LaneNet/architecture/backbone/deeplabv3_plus/sync_batchnorm/__pycache__) by extension 'ignore'
[1.465s] Level 1:colcon.colcon_core.package_identification:_identify(MDC_libraries/python/pit/LaneNet/architecture/backbone/deeplabv3_plus/sync_batchnorm/__pycache__) by extension 'ignore_ament_install'
[1.465s] Level 1:colcon.colcon_core.package_identification:_identify(MDC_libraries/python/pit/LaneNet/architecture/backbone/deeplabv3_plus/sync_batchnorm/__pycache__) by extensions ['colcon_pkg']
[1.465s] Level 1:colcon.colcon_core.package_identification:_identify(MDC_libraries/python/pit/LaneNet/architecture/backbone/deeplabv3_plus/sync_batchnorm/__pycache__) by extension 'colcon_pkg'
[1.465s] Level 1:colcon.colcon_core.package_identification:_identify(MDC_libraries/python/pit/LaneNet/architecture/backbone/deeplabv3_plus/sync_batchnorm/__pycache__) by extensions ['colcon_meta']
[1.465s] Level 1:colcon.colcon_core.package_identification:_identify(MDC_libraries/python/pit/LaneNet/architecture/backbone/deeplabv3_plus/sync_batchnorm/__pycache__) by extension 'colcon_meta'
[1.465s] Level 1:colcon.colcon_core.package_identification:_identify(MDC_libraries/python/pit/LaneNet/architecture/backbone/deeplabv3_plus/sync_batchnorm/__pycache__) by extensions ['ros']
[1.465s] Level 1:colcon.colcon_core.package_identification:_identify(MDC_libraries/python/pit/LaneNet/architecture/backbone/deeplabv3_plus/sync_batchnorm/__pycache__) by extension 'ros'
[1.466s] Level 1:colcon.colcon_core.package_identification:_identify(MDC_libraries/python/pit/LaneNet/architecture/backbone/deeplabv3_plus/sync_batchnorm/__pycache__) by extensions ['cmake', 'python']
[1.466s] Level 1:colcon.colcon_core.package_identification:_identify(MDC_libraries/python/pit/LaneNet/architecture/backbone/deeplabv3_plus/sync_batchnorm/__pycache__) by extension 'cmake'
[1.466s] Level 1:colcon.colcon_core.package_identification:_identify(MDC_libraries/python/pit/LaneNet/architecture/backbone/deeplabv3_plus/sync_batchnorm/__pycache__) by extension 'python'
[1.466s] Level 1:colcon.colcon_core.package_identification:_identify(MDC_libraries/python/pit/LaneNet/architecture/backbone/deeplabv3_plus/sync_batchnorm/__pycache__) by extensions ['python_setup_py']
[1.466s] Level 1:colcon.colcon_core.package_identification:_identify(MDC_libraries/python/pit/LaneNet/architecture/backbone/deeplabv3_plus/sync_batchnorm/__pycache__) by extension 'python_setup_py'
[1.466s] Level 1:colcon.colcon_core.package_identification:_identify(build) by extensions ['ignore', 'ignore_ament_install']
[1.466s] Level 1:colcon.colcon_core.package_identification:_identify(build) by extension 'ignore'
[1.466s] Level 1:colcon.colcon_core.package_identification:_identify(build) ignored
[1.466s] Level 1:colcon.colcon_core.package_identification:_identify(install) by extensions ['ignore', 'ignore_ament_install']
[1.466s] Level 1:colcon.colcon_core.package_identification:_identify(install) by extension 'ignore'
[1.466s] Level 1:colcon.colcon_core.package_identification:_identify(install) ignored
[1.466s] Level 1:colcon.colcon_core.package_identification:_identify(log) by extensions ['ignore', 'ignore_ament_install']
[1.466s] Level 1:colcon.colcon_core.package_identification:_identify(log) by extension 'ignore'
[1.466s] Level 1:colcon.colcon_core.package_identification:_identify(log) ignored
[1.466s] Level 1:colcon.colcon_core.package_identification:_identify(python_resources) by extensions ['ignore', 'ignore_ament_install']
[1.466s] Level 1:colcon.colcon_core.package_identification:_identify(python_resources) by extension 'ignore'
[1.466s] Level 1:colcon.colcon_core.package_identification:_identify(python_resources) by extension 'ignore_ament_install'
[1.466s] Level 1:colcon.colcon_core.package_identification:_identify(python_resources) by extensions ['colcon_pkg']
[1.466s] Level 1:colcon.colcon_core.package_identification:_identify(python_resources) by extension 'colcon_pkg'
[1.466s] Level 1:colcon.colcon_core.package_identification:_identify(python_resources) by extensions ['colcon_meta']
[1.466s] Level 1:colcon.colcon_core.package_identification:_identify(python_resources) by extension 'colcon_meta'
[1.466s] Level 1:colcon.colcon_core.package_identification:_identify(python_resources) by extensions ['ros']
[1.466s] Level 1:colcon.colcon_core.package_identification:_identify(python_resources) by extension 'ros'
[1.466s] Level 1:colcon.colcon_core.package_identification:_identify(python_resources) by extensions ['cmake', 'python']
[1.466s] Level 1:colcon.colcon_core.package_identification:_identify(python_resources) by extension 'cmake'
[1.466s] Level 1:colcon.colcon_core.package_identification:_identify(python_resources) by extension 'python'
[1.466s] Level 1:colcon.colcon_core.package_identification:_identify(python_resources) by extensions ['python_setup_py']
[1.466s] Level 1:colcon.colcon_core.package_identification:_identify(python_resources) by extension 'python_setup_py'
[1.466s] Level 1:colcon.colcon_core.package_identification:_identify(python_resources/qcar) by extensions ['ignore', 'ignore_ament_install']
[1.466s] Level 1:colcon.colcon_core.package_identification:_identify(python_resources/qcar) by extension 'ignore'
[1.466s] Level 1:colcon.colcon_core.package_identification:_identify(python_resources/qcar) by extension 'ignore_ament_install'
[1.467s] Level 1:colcon.colcon_core.package_identification:_identify(python_resources/qcar) by extensions ['colcon_pkg']
[1.467s] Level 1:colcon.colcon_core.package_identification:_identify(python_resources/qcar) by extension 'colcon_pkg'
[1.467s] Level 1:colcon.colcon_core.package_identification:_identify(python_resources/qcar) by extensions ['colcon_meta']
[1.467s] Level 1:colcon.colcon_core.package_identification:_identify(python_resources/qcar) by extension 'colcon_meta'
[1.467s] Level 1:colcon.colcon_core.package_identification:_identify(python_resources/qcar) by extensions ['ros']
[1.467s] Level 1:colcon.colcon_core.package_identification:_identify(python_resources/qcar) by extension 'ros'
[1.467s] Level 1:colcon.colcon_core.package_identification:_identify(python_resources/qcar) by extensions ['cmake', 'python']
[1.467s] Level 1:colcon.colcon_core.package_identification:_identify(python_resources/qcar) by extension 'cmake'
[1.467s] Level 1:colcon.colcon_core.package_identification:_identify(python_resources/qcar) by extension 'python'
[1.467s] Level 1:colcon.colcon_core.package_identification:_identify(python_resources/qcar) by extensions ['python_setup_py']
[1.467s] Level 1:colcon.colcon_core.package_identification:_identify(python_resources/qcar) by extension 'python_setup_py'
[1.467s] Level 1:colcon.colcon_core.package_identification:_identify(python_resources/qcar/hardware) by extensions ['ignore', 'ignore_ament_install']
[1.467s] Level 1:colcon.colcon_core.package_identification:_identify(python_resources/qcar/hardware) by extension 'ignore'
[1.467s] Level 1:colcon.colcon_core.package_identification:_identify(python_resources/qcar/hardware) by extension 'ignore_ament_install'
[1.467s] Level 1:colcon.colcon_core.package_identification:_identify(python_resources/qcar/hardware) by extensions ['colcon_pkg']
[1.467s] Level 1:colcon.colcon_core.package_identification:_identify(python_resources/qcar/hardware) by extension 'colcon_pkg'
[1.467s] Level 1:colcon.colcon_core.package_identification:_identify(python_resources/qcar/hardware) by extensions ['colcon_meta']
[1.467s] Level 1:colcon.colcon_core.package_identification:_identify(python_resources/qcar/hardware) by extension 'colcon_meta'
[1.467s] Level 1:colcon.colcon_core.package_identification:_identify(python_resources/qcar/hardware) by extensions ['ros']
[1.467s] Level 1:colcon.colcon_core.package_identification:_identify(python_resources/qcar/hardware) by extension 'ros'
[1.467s] Level 1:colcon.colcon_core.package_identification:_identify(python_resources/qcar/hardware) by extensions ['cmake', 'python']
[1.467s] Level 1:colcon.colcon_core.package_identification:_identify(python_resources/qcar/hardware) by extension 'cmake'
[1.467s] Level 1:colcon.colcon_core.package_identification:_identify(python_resources/qcar/hardware) by extension 'python'
[1.467s] Level 1:colcon.colcon_core.package_identification:_identify(python_resources/qcar/hardware) by extensions ['python_setup_py']
[1.467s] Level 1:colcon.colcon_core.package_identification:_identify(python_resources/qcar/hardware) by extension 'python_setup_py'
[1.467s] Level 1:colcon.colcon_core.package_identification:_identify(python_resources/qcar/hardware/applications) by extensions ['ignore', 'ignore_ament_install']
[1.467s] Level 1:colcon.colcon_core.package_identification:_identify(python_resources/qcar/hardware/applications) by extension 'ignore'
[1.467s] Level 1:colcon.colcon_core.package_identification:_identify(python_resources/qcar/hardware/applications) by extension 'ignore_ament_install'
[1.467s] Level 1:colcon.colcon_core.package_identification:_identify(python_resources/qcar/hardware/applications) by extensions ['colcon_pkg']
[1.467s] Level 1:colcon.colcon_core.package_identification:_identify(python_resources/qcar/hardware/applications) by extension 'colcon_pkg'
[1.467s] Level 1:colcon.colcon_core.package_identification:_identify(python_resources/qcar/hardware/applications) by extensions ['colcon_meta']
[1.467s] Level 1:colcon.colcon_core.package_identification:_identify(python_resources/qcar/hardware/applications) by extension 'colcon_meta'
[1.467s] Level 1:colcon.colcon_core.package_identification:_identify(python_resources/qcar/hardware/applications) by extensions ['ros']
[1.467s] Level 1:colcon.colcon_core.package_identification:_identify(python_resources/qcar/hardware/applications) by extension 'ros'
[1.467s] Level 1:colcon.colcon_core.package_identification:_identify(python_resources/qcar/hardware/applications) by extensions ['cmake', 'python']
[1.467s] Level 1:colcon.colcon_core.package_identification:_identify(python_resources/qcar/hardware/applications) by extension 'cmake'
[1.467s] Level 1:colcon.colcon_core.package_identification:_identify(python_resources/qcar/hardware/applications) by extension 'python'
[1.467s] Level 1:colcon.colcon_core.package_identification:_identify(python_resources/qcar/hardware/applications) by extensions ['python_setup_py']
[1.467s] Level 1:colcon.colcon_core.package_identification:_identify(python_resources/qcar/hardware/applications) by extension 'python_setup_py'
[1.467s] Level 1:colcon.colcon_core.package_identification:_identify(python_resources/qcar/hardware/applications/360_vision) by extensions ['ignore', 'ignore_ament_install']
[1.467s] Level 1:colcon.colcon_core.package_identification:_identify(python_resources/qcar/hardware/applications/360_vision) by extension 'ignore'
[1.467s] Level 1:colcon.colcon_core.package_identification:_identify(python_resources/qcar/hardware/applications/360_vision) by extension 'ignore_ament_install'
[1.467s] Level 1:colcon.colcon_core.package_identification:_identify(python_resources/qcar/hardware/applications/360_vision) by extensions ['colcon_pkg']
[1.467s] Level 1:colcon.colcon_core.package_identification:_identify(python_resources/qcar/hardware/applications/360_vision) by extension 'colcon_pkg'
[1.467s] Level 1:colcon.colcon_core.package_identification:_identify(python_resources/qcar/hardware/applications/360_vision) by extensions ['colcon_meta']
[1.467s] Level 1:colcon.colcon_core.package_identification:_identify(python_resources/qcar/hardware/applications/360_vision) by extension 'colcon_meta'
[1.468s] Level 1:colcon.colcon_core.package_identification:_identify(python_resources/qcar/hardware/applications/360_vision) by extensions ['ros']
[1.468s] Level 1:colcon.colcon_core.package_identification:_identify(python_resources/qcar/hardware/applications/360_vision) by extension 'ros'
[1.468s] Level 1:colcon.colcon_core.package_identification:_identify(python_resources/qcar/hardware/applications/360_vision) by extensions ['cmake', 'python']
[1.468s] Level 1:colcon.colcon_core.package_identification:_identify(python_resources/qcar/hardware/applications/360_vision) by extension 'cmake'
[1.468s] Level 1:colcon.colcon_core.package_identification:_identify(python_resources/qcar/hardware/applications/360_vision) by extension 'python'
[1.468s] Level 1:colcon.colcon_core.package_identification:_identify(python_resources/qcar/hardware/applications/360_vision) by extensions ['python_setup_py']
[1.468s] Level 1:colcon.colcon_core.package_identification:_identify(python_resources/qcar/hardware/applications/360_vision) by extension 'python_setup_py'
[1.468s] Level 1:colcon.colcon_core.package_identification:_identify(python_resources/qcar/hardware/applications/lane_following) by extensions ['ignore', 'ignore_ament_install']
[1.468s] Level 1:colcon.colcon_core.package_identification:_identify(python_resources/qcar/hardware/applications/lane_following) by extension 'ignore'
[1.468s] Level 1:colcon.colcon_core.package_identification:_identify(python_resources/qcar/hardware/applications/lane_following) by extension 'ignore_ament_install'
[1.468s] Level 1:colcon.colcon_core.package_identification:_identify(python_resources/qcar/hardware/applications/lane_following) by extensions ['colcon_pkg']
[1.468s] Level 1:colcon.colcon_core.package_identification:_identify(python_resources/qcar/hardware/applications/lane_following) by extension 'colcon_pkg'
[1.468s] Level 1:colcon.colcon_core.package_identification:_identify(python_resources/qcar/hardware/applications/lane_following) by extensions ['colcon_meta']
[1.468s] Level 1:colcon.colcon_core.package_identification:_identify(python_resources/qcar/hardware/applications/lane_following) by extension 'colcon_meta'
[1.468s] Level 1:colcon.colcon_core.package_identification:_identify(python_resources/qcar/hardware/applications/lane_following) by extensions ['ros']
[1.468s] Level 1:colcon.colcon_core.package_identification:_identify(python_resources/qcar/hardware/applications/lane_following) by extension 'ros'
[1.468s] Level 1:colcon.colcon_core.package_identification:_identify(python_resources/qcar/hardware/applications/lane_following) by extensions ['cmake', 'python']
[1.468s] Level 1:colcon.colcon_core.package_identification:_identify(python_resources/qcar/hardware/applications/lane_following) by extension 'cmake'
[1.468s] Level 1:colcon.colcon_core.package_identification:_identify(python_resources/qcar/hardware/applications/lane_following) by extension 'python'
[1.468s] Level 1:colcon.colcon_core.package_identification:_identify(python_resources/qcar/hardware/applications/lane_following) by extensions ['python_setup_py']
[1.468s] Level 1:colcon.colcon_core.package_identification:_identify(python_resources/qcar/hardware/applications/lane_following) by extension 'python_setup_py'
[1.468s] Level 1:colcon.colcon_core.package_identification:_identify(python_resources/qcar/hardware/applications/manual_drive) by extensions ['ignore', 'ignore_ament_install']
[1.468s] Level 1:colcon.colcon_core.package_identification:_identify(python_resources/qcar/hardware/applications/manual_drive) by extension 'ignore'
[1.468s] Level 1:colcon.colcon_core.package_identification:_identify(python_resources/qcar/hardware/applications/manual_drive) by extension 'ignore_ament_install'
[1.468s] Level 1:colcon.colcon_core.package_identification:_identify(python_resources/qcar/hardware/applications/manual_drive) by extensions ['colcon_pkg']
[1.468s] Level 1:colcon.colcon_core.package_identification:_identify(python_resources/qcar/hardware/applications/manual_drive) by extension 'colcon_pkg'
[1.468s] Level 1:colcon.colcon_core.package_identification:_identify(python_resources/qcar/hardware/applications/manual_drive) by extensions ['colcon_meta']
[1.468s] Level 1:colcon.colcon_core.package_identification:_identify(python_resources/qcar/hardware/applications/manual_drive) by extension 'colcon_meta'
[1.468s] Level 1:colcon.colcon_core.package_identification:_identify(python_resources/qcar/hardware/applications/manual_drive) by extensions ['ros']
[1.468s] Level 1:colcon.colcon_core.package_identification:_identify(python_resources/qcar/hardware/applications/manual_drive) by extension 'ros'
[1.468s] Level 1:colcon.colcon_core.package_identification:_identify(python_resources/qcar/hardware/applications/manual_drive) by extensions ['cmake', 'python']
[1.468s] Level 1:colcon.colcon_core.package_identification:_identify(python_resources/qcar/hardware/applications/manual_drive) by extension 'cmake'
[1.468s] Level 1:colcon.colcon_core.package_identification:_identify(python_resources/qcar/hardware/applications/manual_drive) by extension 'python'
[1.468s] Level 1:colcon.colcon_core.package_identification:_identify(python_resources/qcar/hardware/applications/manual_drive) by extensions ['python_setup_py']
[1.468s] Level 1:colcon.colcon_core.package_identification:_identify(python_resources/qcar/hardware/applications/manual_drive) by extension 'python_setup_py'
[1.468s] Level 1:colcon.colcon_core.package_identification:_identify(python_resources/qcar/hardware/applications/point_cloud_generation) by extensions ['ignore', 'ignore_ament_install']
[1.468s] Level 1:colcon.colcon_core.package_identification:_identify(python_resources/qcar/hardware/applications/point_cloud_generation) by extension 'ignore'
[1.468s] Level 1:colcon.colcon_core.package_identification:_identify(python_resources/qcar/hardware/applications/point_cloud_generation) by extension 'ignore_ament_install'
[1.468s] Level 1:colcon.colcon_core.package_identification:_identify(python_resources/qcar/hardware/applications/point_cloud_generation) by extensions ['colcon_pkg']
[1.468s] Level 1:colcon.colcon_core.package_identification:_identify(python_resources/qcar/hardware/applications/point_cloud_generation) by extension 'colcon_pkg'
[1.468s] Level 1:colcon.colcon_core.package_identification:_identify(python_resources/qcar/hardware/applications/point_cloud_generation) by extensions ['colcon_meta']
[1.468s] Level 1:colcon.colcon_core.package_identification:_identify(python_resources/qcar/hardware/applications/point_cloud_generation) by extension 'colcon_meta'
[1.468s] Level 1:colcon.colcon_core.package_identification:_identify(python_resources/qcar/hardware/applications/point_cloud_generation) by extensions ['ros']
[1.468s] Level 1:colcon.colcon_core.package_identification:_identify(python_resources/qcar/hardware/applications/point_cloud_generation) by extension 'ros'
[1.469s] Level 1:colcon.colcon_core.package_identification:_identify(python_resources/qcar/hardware/applications/point_cloud_generation) by extensions ['cmake', 'python']
[1.469s] Level 1:colcon.colcon_core.package_identification:_identify(python_resources/qcar/hardware/applications/point_cloud_generation) by extension 'cmake'
[1.469s] Level 1:colcon.colcon_core.package_identification:_identify(python_resources/qcar/hardware/applications/point_cloud_generation) by extension 'python'
[1.469s] Level 1:colcon.colcon_core.package_identification:_identify(python_resources/qcar/hardware/applications/point_cloud_generation) by extensions ['python_setup_py']
[1.469s] Level 1:colcon.colcon_core.package_identification:_identify(python_resources/qcar/hardware/applications/point_cloud_generation) by extension 'python_setup_py'
[1.469s] Level 1:colcon.colcon_core.package_identification:_identify(python_resources/qcar/hardware/applications/rgbd_imaging) by extensions ['ignore', 'ignore_ament_install']
[1.469s] Level 1:colcon.colcon_core.package_identification:_identify(python_resources/qcar/hardware/applications/rgbd_imaging) by extension 'ignore'
[1.469s] Level 1:colcon.colcon_core.package_identification:_identify(python_resources/qcar/hardware/applications/rgbd_imaging) by extension 'ignore_ament_install'
[1.469s] Level 1:colcon.colcon_core.package_identification:_identify(python_resources/qcar/hardware/applications/rgbd_imaging) by extensions ['colcon_pkg']
[1.469s] Level 1:colcon.colcon_core.package_identification:_identify(python_resources/qcar/hardware/applications/rgbd_imaging) by extension 'colcon_pkg'
[1.469s] Level 1:colcon.colcon_core.package_identification:_identify(python_resources/qcar/hardware/applications/rgbd_imaging) by extensions ['colcon_meta']
[1.469s] Level 1:colcon.colcon_core.package_identification:_identify(python_resources/qcar/hardware/applications/rgbd_imaging) by extension 'colcon_meta'
[1.469s] Level 1:colcon.colcon_core.package_identification:_identify(python_resources/qcar/hardware/applications/rgbd_imaging) by extensions ['ros']
[1.469s] Level 1:colcon.colcon_core.package_identification:_identify(python_resources/qcar/hardware/applications/rgbd_imaging) by extension 'ros'
[1.469s] Level 1:colcon.colcon_core.package_identification:_identify(python_resources/qcar/hardware/applications/rgbd_imaging) by extensions ['cmake', 'python']
[1.469s] Level 1:colcon.colcon_core.package_identification:_identify(python_resources/qcar/hardware/applications/rgbd_imaging) by extension 'cmake'
[1.469s] Level 1:colcon.colcon_core.package_identification:_identify(python_resources/qcar/hardware/applications/rgbd_imaging) by extension 'python'
[1.469s] Level 1:colcon.colcon_core.package_identification:_identify(python_resources/qcar/hardware/applications/rgbd_imaging) by extensions ['python_setup_py']
[1.469s] Level 1:colcon.colcon_core.package_identification:_identify(python_resources/qcar/hardware/applications/rgbd_imaging) by extension 'python_setup_py'
[1.469s] Level 1:colcon.colcon_core.package_identification:_identify(python_resources/qcar/hardware/hardware_tests) by extensions ['ignore', 'ignore_ament_install']
[1.469s] Level 1:colcon.colcon_core.package_identification:_identify(python_resources/qcar/hardware/hardware_tests) by extension 'ignore'
[1.469s] Level 1:colcon.colcon_core.package_identification:_identify(python_resources/qcar/hardware/hardware_tests) by extension 'ignore_ament_install'
[1.469s] Level 1:colcon.colcon_core.package_identification:_identify(python_resources/qcar/hardware/hardware_tests) by extensions ['colcon_pkg']
[1.469s] Level 1:colcon.colcon_core.package_identification:_identify(python_resources/qcar/hardware/hardware_tests) by extension 'colcon_pkg'
[1.469s] Level 1:colcon.colcon_core.package_identification:_identify(python_resources/qcar/hardware/hardware_tests) by extensions ['colcon_meta']
[1.469s] Level 1:colcon.colcon_core.package_identification:_identify(python_resources/qcar/hardware/hardware_tests) by extension 'colcon_meta'
[1.469s] Level 1:colcon.colcon_core.package_identification:_identify(python_resources/qcar/hardware/hardware_tests) by extensions ['ros']
[1.469s] Level 1:colcon.colcon_core.package_identification:_identify(python_resources/qcar/hardware/hardware_tests) by extension 'ros'
[1.469s] Level 1:colcon.colcon_core.package_identification:_identify(python_resources/qcar/hardware/hardware_tests) by extensions ['cmake', 'python']
[1.469s] Level 1:colcon.colcon_core.package_identification:_identify(python_resources/qcar/hardware/hardware_tests) by extension 'cmake'
[1.469s] Level 1:colcon.colcon_core.package_identification:_identify(python_resources/qcar/hardware/hardware_tests) by extension 'python'
[1.469s] Level 1:colcon.colcon_core.package_identification:_identify(python_resources/qcar/hardware/hardware_tests) by extensions ['python_setup_py']
[1.469s] Level 1:colcon.colcon_core.package_identification:_identify(python_resources/qcar/hardware/hardware_tests) by extension 'python_setup_py'
[1.469s] Level 1:colcon.colcon_core.package_identification:_identify(python_resources/qcar/virtual) by extensions ['ignore', 'ignore_ament_install']
[1.469s] Level 1:colcon.colcon_core.package_identification:_identify(python_resources/qcar/virtual) by extension 'ignore'
[1.469s] Level 1:colcon.colcon_core.package_identification:_identify(python_resources/qcar/virtual) by extension 'ignore_ament_install'
[1.469s] Level 1:colcon.colcon_core.package_identification:_identify(python_resources/qcar/virtual) by extensions ['colcon_pkg']
[1.469s] Level 1:colcon.colcon_core.package_identification:_identify(python_resources/qcar/virtual) by extension 'colcon_pkg'
[1.469s] Level 1:colcon.colcon_core.package_identification:_identify(python_resources/qcar/virtual) by extensions ['colcon_meta']
[1.469s] Level 1:colcon.colcon_core.package_identification:_identify(python_resources/qcar/virtual) by extension 'colcon_meta'
[1.469s] Level 1:colcon.colcon_core.package_identification:_identify(python_resources/qcar/virtual) by extensions ['ros']
[1.469s] Level 1:colcon.colcon_core.package_identification:_identify(python_resources/qcar/virtual) by extension 'ros'
[1.469s] Level 1:colcon.colcon_core.package_identification:_identify(python_resources/qcar/virtual) by extensions ['cmake', 'python']
[1.470s] Level 1:colcon.colcon_core.package_identification:_identify(python_resources/qcar/virtual) by extension 'cmake'
[1.470s] Level 1:colcon.colcon_core.package_identification:_identify(python_resources/qcar/virtual) by extension 'python'
[1.470s] Level 1:colcon.colcon_core.package_identification:_identify(python_resources/qcar/virtual) by extensions ['python_setup_py']
[1.470s] Level 1:colcon.colcon_core.package_identification:_identify(python_resources/qcar/virtual) by extension 'python_setup_py'
[1.470s] Level 1:colcon.colcon_core.package_identification:_identify(python_resources/qcar/virtual/applications) by extensions ['ignore', 'ignore_ament_install']
[1.470s] Level 1:colcon.colcon_core.package_identification:_identify(python_resources/qcar/virtual/applications) by extension 'ignore'
[1.470s] Level 1:colcon.colcon_core.package_identification:_identify(python_resources/qcar/virtual/applications) by extension 'ignore_ament_install'
[1.470s] Level 1:colcon.colcon_core.package_identification:_identify(python_resources/qcar/virtual/applications) by extensions ['colcon_pkg']
[1.470s] Level 1:colcon.colcon_core.package_identification:_identify(python_resources/qcar/virtual/applications) by extension 'colcon_pkg'
[1.470s] Level 1:colcon.colcon_core.package_identification:_identify(python_resources/qcar/virtual/applications) by extensions ['colcon_meta']
[1.470s] Level 1:colcon.colcon_core.package_identification:_identify(python_resources/qcar/virtual/applications) by extension 'colcon_meta'
[1.470s] Level 1:colcon.colcon_core.package_identification:_identify(python_resources/qcar/virtual/applications) by extensions ['ros']
[1.470s] Level 1:colcon.colcon_core.package_identification:_identify(python_resources/qcar/virtual/applications) by extension 'ros'
[1.470s] Level 1:colcon.colcon_core.package_identification:_identify(python_resources/qcar/virtual/applications) by extensions ['cmake', 'python']
[1.470s] Level 1:colcon.colcon_core.package_identification:_identify(python_resources/qcar/virtual/applications) by extension 'cmake'
[1.470s] Level 1:colcon.colcon_core.package_identification:_identify(python_resources/qcar/virtual/applications) by extension 'python'
[1.470s] Level 1:colcon.colcon_core.package_identification:_identify(python_resources/qcar/virtual/applications) by extensions ['python_setup_py']
[1.470s] Level 1:colcon.colcon_core.package_identification:_identify(python_resources/qcar/virtual/applications) by extension 'python_setup_py'
[1.470s] Level 1:colcon.colcon_core.package_identification:_identify(python_resources/qcar/virtual/applications/360_vision) by extensions ['ignore', 'ignore_ament_install']
[1.470s] Level 1:colcon.colcon_core.package_identification:_identify(python_resources/qcar/virtual/applications/360_vision) by extension 'ignore'
[1.470s] Level 1:colcon.colcon_core.package_identification:_identify(python_resources/qcar/virtual/applications/360_vision) by extension 'ignore_ament_install'
[1.470s] Level 1:colcon.colcon_core.package_identification:_identify(python_resources/qcar/virtual/applications/360_vision) by extensions ['colcon_pkg']
[1.470s] Level 1:colcon.colcon_core.package_identification:_identify(python_resources/qcar/virtual/applications/360_vision) by extension 'colcon_pkg'
[1.470s] Level 1:colcon.colcon_core.package_identification:_identify(python_resources/qcar/virtual/applications/360_vision) by extensions ['colcon_meta']
[1.470s] Level 1:colcon.colcon_core.package_identification:_identify(python_resources/qcar/virtual/applications/360_vision) by extension 'colcon_meta'
[1.470s] Level 1:colcon.colcon_core.package_identification:_identify(python_resources/qcar/virtual/applications/360_vision) by extensions ['ros']
[1.470s] Level 1:colcon.colcon_core.package_identification:_identify(python_resources/qcar/virtual/applications/360_vision) by extension 'ros'
[1.470s] Level 1:colcon.colcon_core.package_identification:_identify(python_resources/qcar/virtual/applications/360_vision) by extensions ['cmake', 'python']
[1.470s] Level 1:colcon.colcon_core.package_identification:_identify(python_resources/qcar/virtual/applications/360_vision) by extension 'cmake'
[1.470s] Level 1:colcon.colcon_core.package_identification:_identify(python_resources/qcar/virtual/applications/360_vision) by extension 'python'
[1.470s] Level 1:colcon.colcon_core.package_identification:_identify(python_resources/qcar/virtual/applications/360_vision) by extensions ['python_setup_py']
[1.470s] Level 1:colcon.colcon_core.package_identification:_identify(python_resources/qcar/virtual/applications/360_vision) by extension 'python_setup_py'
[1.470s] Level 1:colcon.colcon_core.package_identification:_identify(python_resources/qcar/virtual/applications/lane_following) by extensions ['ignore', 'ignore_ament_install']
[1.470s] Level 1:colcon.colcon_core.package_identification:_identify(python_resources/qcar/virtual/applications/lane_following) by extension 'ignore'
[1.470s] Level 1:colcon.colcon_core.package_identification:_identify(python_resources/qcar/virtual/applications/lane_following) by extension 'ignore_ament_install'
[1.470s] Level 1:colcon.colcon_core.package_identification:_identify(python_resources/qcar/virtual/applications/lane_following) by extensions ['colcon_pkg']
[1.470s] Level 1:colcon.colcon_core.package_identification:_identify(python_resources/qcar/virtual/applications/lane_following) by extension 'colcon_pkg'
[1.470s] Level 1:colcon.colcon_core.package_identification:_identify(python_resources/qcar/virtual/applications/lane_following) by extensions ['colcon_meta']
[1.470s] Level 1:colcon.colcon_core.package_identification:_identify(python_resources/qcar/virtual/applications/lane_following) by extension 'colcon_meta'
[1.470s] Level 1:colcon.colcon_core.package_identification:_identify(python_resources/qcar/virtual/applications/lane_following) by extensions ['ros']
[1.470s] Level 1:colcon.colcon_core.package_identification:_identify(python_resources/qcar/virtual/applications/lane_following) by extension 'ros'
[1.470s] Level 1:colcon.colcon_core.package_identification:_identify(python_resources/qcar/virtual/applications/lane_following) by extensions ['cmake', 'python']
[1.470s] Level 1:colcon.colcon_core.package_identification:_identify(python_resources/qcar/virtual/applications/lane_following) by extension 'cmake'
[1.470s] Level 1:colcon.colcon_core.package_identification:_identify(python_resources/qcar/virtual/applications/lane_following) by extension 'python'
[1.470s] Level 1:colcon.colcon_core.package_identification:_identify(python_resources/qcar/virtual/applications/lane_following) by extensions ['python_setup_py']
[1.470s] Level 1:colcon.colcon_core.package_identification:_identify(python_resources/qcar/virtual/applications/lane_following) by extension 'python_setup_py'
[1.471s] Level 1:colcon.colcon_core.package_identification:_identify(python_resources/qcar/virtual/applications/manual_drive) by extensions ['ignore', 'ignore_ament_install']
[1.471s] Level 1:colcon.colcon_core.package_identification:_identify(python_resources/qcar/virtual/applications/manual_drive) by extension 'ignore'
[1.471s] Level 1:colcon.colcon_core.package_identification:_identify(python_resources/qcar/virtual/applications/manual_drive) by extension 'ignore_ament_install'
[1.471s] Level 1:colcon.colcon_core.package_identification:_identify(python_resources/qcar/virtual/applications/manual_drive) by extensions ['colcon_pkg']
[1.471s] Level 1:colcon.colcon_core.package_identification:_identify(python_resources/qcar/virtual/applications/manual_drive) by extension 'colcon_pkg'
[1.471s] Level 1:colcon.colcon_core.package_identification:_identify(python_resources/qcar/virtual/applications/manual_drive) by extensions ['colcon_meta']
[1.471s] Level 1:colcon.colcon_core.package_identification:_identify(python_resources/qcar/virtual/applications/manual_drive) by extension 'colcon_meta'
[1.471s] Level 1:colcon.colcon_core.package_identification:_identify(python_resources/qcar/virtual/applications/manual_drive) by extensions ['ros']
[1.471s] Level 1:colcon.colcon_core.package_identification:_identify(python_resources/qcar/virtual/applications/manual_drive) by extension 'ros'
[1.471s] Level 1:colcon.colcon_core.package_identification:_identify(python_resources/qcar/virtual/applications/manual_drive) by extensions ['cmake', 'python']
[1.471s] Level 1:colcon.colcon_core.package_identification:_identify(python_resources/qcar/virtual/applications/manual_drive) by extension 'cmake'
[1.471s] Level 1:colcon.colcon_core.package_identification:_identify(python_resources/qcar/virtual/applications/manual_drive) by extension 'python'
[1.471s] Level 1:colcon.colcon_core.package_identification:_identify(python_resources/qcar/virtual/applications/manual_drive) by extensions ['python_setup_py']
[1.471s] Level 1:colcon.colcon_core.package_identification:_identify(python_resources/qcar/virtual/applications/manual_drive) by extension 'python_setup_py'
[1.471s] Level 1:colcon.colcon_core.package_identification:_identify(python_resources/qcar/virtual/applications/point_cloud_generation) by extensions ['ignore', 'ignore_ament_install']
[1.471s] Level 1:colcon.colcon_core.package_identification:_identify(python_resources/qcar/virtual/applications/point_cloud_generation) by extension 'ignore'
[1.471s] Level 1:colcon.colcon_core.package_identification:_identify(python_resources/qcar/virtual/applications/point_cloud_generation) by extension 'ignore_ament_install'
[1.471s] Level 1:colcon.colcon_core.package_identification:_identify(python_resources/qcar/virtual/applications/point_cloud_generation) by extensions ['colcon_pkg']
[1.471s] Level 1:colcon.colcon_core.package_identification:_identify(python_resources/qcar/virtual/applications/point_cloud_generation) by extension 'colcon_pkg'
[1.471s] Level 1:colcon.colcon_core.package_identification:_identify(python_resources/qcar/virtual/applications/point_cloud_generation) by extensions ['colcon_meta']
[1.471s] Level 1:colcon.colcon_core.package_identification:_identify(python_resources/qcar/virtual/applications/point_cloud_generation) by extension 'colcon_meta'
[1.471s] Level 1:colcon.colcon_core.package_identification:_identify(python_resources/qcar/virtual/applications/point_cloud_generation) by extensions ['ros']
[1.471s] Level 1:colcon.colcon_core.package_identification:_identify(python_resources/qcar/virtual/applications/point_cloud_generation) by extension 'ros'
[1.471s] Level 1:colcon.colcon_core.package_identification:_identify(python_resources/qcar/virtual/applications/point_cloud_generation) by extensions ['cmake', 'python']
[1.471s] Level 1:colcon.colcon_core.package_identification:_identify(python_resources/qcar/virtual/applications/point_cloud_generation) by extension 'cmake'
[1.471s] Level 1:colcon.colcon_core.package_identification:_identify(python_resources/qcar/virtual/applications/point_cloud_generation) by extension 'python'
[1.471s] Level 1:colcon.colcon_core.package_identification:_identify(python_resources/qcar/virtual/applications/point_cloud_generation) by extensions ['python_setup_py']
[1.471s] Level 1:colcon.colcon_core.package_identification:_identify(python_resources/qcar/virtual/applications/point_cloud_generation) by extension 'python_setup_py'
[1.471s] Level 1:colcon.colcon_core.package_identification:_identify(python_resources/qcar/virtual/applications/rgbd_imaging) by extensions ['ignore', 'ignore_ament_install']
[1.471s] Level 1:colcon.colcon_core.package_identification:_identify(python_resources/qcar/virtual/applications/rgbd_imaging) by extension 'ignore'
[1.471s] Level 1:colcon.colcon_core.package_identification:_identify(python_resources/qcar/virtual/applications/rgbd_imaging) by extension 'ignore_ament_install'
[1.471s] Level 1:colcon.colcon_core.package_identification:_identify(python_resources/qcar/virtual/applications/rgbd_imaging) by extensions ['colcon_pkg']
[1.471s] Level 1:colcon.colcon_core.package_identification:_identify(python_resources/qcar/virtual/applications/rgbd_imaging) by extension 'colcon_pkg'
[1.471s] Level 1:colcon.colcon_core.package_identification:_identify(python_resources/qcar/virtual/applications/rgbd_imaging) by extensions ['colcon_meta']
[1.471s] Level 1:colcon.colcon_core.package_identification:_identify(python_resources/qcar/virtual/applications/rgbd_imaging) by extension 'colcon_meta'
[1.471s] Level 1:colcon.colcon_core.package_identification:_identify(python_resources/qcar/virtual/applications/rgbd_imaging) by extensions ['ros']
[1.471s] Level 1:colcon.colcon_core.package_identification:_identify(python_resources/qcar/virtual/applications/rgbd_imaging) by extension 'ros'
[1.471s] Level 1:colcon.colcon_core.package_identification:_identify(python_resources/qcar/virtual/applications/rgbd_imaging) by extensions ['cmake', 'python']
[1.471s] Level 1:colcon.colcon_core.package_identification:_identify(python_resources/qcar/virtual/applications/rgbd_imaging) by extension 'cmake'
[1.471s] Level 1:colcon.colcon_core.package_identification:_identify(python_resources/qcar/virtual/applications/rgbd_imaging) by extension 'python'
[1.471s] Level 1:colcon.colcon_core.package_identification:_identify(python_resources/qcar/virtual/applications/rgbd_imaging) by extensions ['python_setup_py']
[1.471s] Level 1:colcon.colcon_core.package_identification:_identify(python_resources/qcar/virtual/applications/rgbd_imaging) by extension 'python_setup_py'
[1.471s] Level 1:colcon.colcon_core.package_identification:_identify(python_resources/qcar/virtual/hardware_tests) by extensions ['ignore', 'ignore_ament_install']
[1.471s] Level 1:colcon.colcon_core.package_identification:_identify(python_resources/qcar/virtual/hardware_tests) by extension 'ignore'
[1.472s] Level 1:colcon.colcon_core.package_identification:_identify(python_resources/qcar/virtual/hardware_tests) by extension 'ignore_ament_install'
[1.472s] Level 1:colcon.colcon_core.package_identification:_identify(python_resources/qcar/virtual/hardware_tests) by extensions ['colcon_pkg']
[1.472s] Level 1:colcon.colcon_core.package_identification:_identify(python_resources/qcar/virtual/hardware_tests) by extension 'colcon_pkg'
[1.472s] Level 1:colcon.colcon_core.package_identification:_identify(python_resources/qcar/virtual/hardware_tests) by extensions ['colcon_meta']
[1.472s] Level 1:colcon.colcon_core.package_identification:_identify(python_resources/qcar/virtual/hardware_tests) by extension 'colcon_meta'
[1.472s] Level 1:colcon.colcon_core.package_identification:_identify(python_resources/qcar/virtual/hardware_tests) by extensions ['ros']
[1.472s] Level 1:colcon.colcon_core.package_identification:_identify(python_resources/qcar/virtual/hardware_tests) by extension 'ros'
[1.472s] Level 1:colcon.colcon_core.package_identification:_identify(python_resources/qcar/virtual/hardware_tests) by extensions ['cmake', 'python']
[1.472s] Level 1:colcon.colcon_core.package_identification:_identify(python_resources/qcar/virtual/hardware_tests) by extension 'cmake'
[1.472s] Level 1:colcon.colcon_core.package_identification:_identify(python_resources/qcar/virtual/hardware_tests) by extension 'python'
[1.472s] Level 1:colcon.colcon_core.package_identification:_identify(python_resources/qcar/virtual/hardware_tests) by extensions ['python_setup_py']
[1.472s] Level 1:colcon.colcon_core.package_identification:_identify(python_resources/qcar/virtual/hardware_tests) by extension 'python_setup_py'
[1.472s] Level 1:colcon.colcon_core.package_identification:_identify(python_resources/qcar2) by extensions ['ignore', 'ignore_ament_install']
[1.472s] Level 1:colcon.colcon_core.package_identification:_identify(python_resources/qcar2) by extension 'ignore'
[1.472s] Level 1:colcon.colcon_core.package_identification:_identify(python_resources/qcar2) by extension 'ignore_ament_install'
[1.472s] Level 1:colcon.colcon_core.package_identification:_identify(python_resources/qcar2) by extensions ['colcon_pkg']
[1.472s] Level 1:colcon.colcon_core.package_identification:_identify(python_resources/qcar2) by extension 'colcon_pkg'
[1.472s] Level 1:colcon.colcon_core.package_identification:_identify(python_resources/qcar2) by extensions ['colcon_meta']
[1.472s] Level 1:colcon.colcon_core.package_identification:_identify(python_resources/qcar2) by extension 'colcon_meta'
[1.472s] Level 1:colcon.colcon_core.package_identification:_identify(python_resources/qcar2) by extensions ['ros']
[1.472s] Level 1:colcon.colcon_core.package_identification:_identify(python_resources/qcar2) by extension 'ros'
[1.472s] Level 1:colcon.colcon_core.package_identification:_identify(python_resources/qcar2) by extensions ['cmake', 'python']
[1.472s] Level 1:colcon.colcon_core.package_identification:_identify(python_resources/qcar2) by extension 'cmake'
[1.472s] Level 1:colcon.colcon_core.package_identification:_identify(python_resources/qcar2) by extension 'python'
[1.472s] Level 1:colcon.colcon_core.package_identification:_identify(python_resources/qcar2) by extensions ['python_setup_py']
[1.472s] Level 1:colcon.colcon_core.package_identification:_identify(python_resources/qcar2) by extension 'python_setup_py'
[1.472s] Level 1:colcon.colcon_core.package_identification:_identify(python_resources/qcar2/build) by extensions ['ignore', 'ignore_ament_install']
[1.472s] Level 1:colcon.colcon_core.package_identification:_identify(python_resources/qcar2/build) by extension 'ignore'
[1.472s] Level 1:colcon.colcon_core.package_identification:_identify(python_resources/qcar2/build) ignored
[1.472s] Level 1:colcon.colcon_core.package_identification:_identify(python_resources/qcar2/hardware) by extensions ['ignore', 'ignore_ament_install']
[1.472s] Level 1:colcon.colcon_core.package_identification:_identify(python_resources/qcar2/hardware) by extension 'ignore'
[1.472s] Level 1:colcon.colcon_core.package_identification:_identify(python_resources/qcar2/hardware) by extension 'ignore_ament_install'
[1.472s] Level 1:colcon.colcon_core.package_identification:_identify(python_resources/qcar2/hardware) by extensions ['colcon_pkg']
[1.472s] Level 1:colcon.colcon_core.package_identification:_identify(python_resources/qcar2/hardware) by extension 'colcon_pkg'
[1.472s] Level 1:colcon.colcon_core.package_identification:_identify(python_resources/qcar2/hardware) by extensions ['colcon_meta']
[1.472s] Level 1:colcon.colcon_core.package_identification:_identify(python_resources/qcar2/hardware) by extension 'colcon_meta'
[1.472s] Level 1:colcon.colcon_core.package_identification:_identify(python_resources/qcar2/hardware) by extensions ['ros']
[1.472s] Level 1:colcon.colcon_core.package_identification:_identify(python_resources/qcar2/hardware) by extension 'ros'
[1.472s] Level 1:colcon.colcon_core.package_identification:_identify(python_resources/qcar2/hardware) by extensions ['cmake', 'python']
[1.472s] Level 1:colcon.colcon_core.package_identification:_identify(python_resources/qcar2/hardware) by extension 'cmake'
[1.472s] Level 1:colcon.colcon_core.package_identification:_identify(python_resources/qcar2/hardware) by extension 'python'
[1.472s] Level 1:colcon.colcon_core.package_identification:_identify(python_resources/qcar2/hardware) by extensions ['python_setup_py']
[1.472s] Level 1:colcon.colcon_core.package_identification:_identify(python_resources/qcar2/hardware) by extension 'python_setup_py'
[1.472s] Level 1:colcon.colcon_core.package_identification:_identify(python_resources/qcar2/hardware/applications) by extensions ['ignore', 'ignore_ament_install']
[1.473s] Level 1:colcon.colcon_core.package_identification:_identify(python_resources/qcar2/hardware/applications) by extension 'ignore'
[1.473s] Level 1:colcon.colcon_core.package_identification:_identify(python_resources/qcar2/hardware/applications) by extension 'ignore_ament_install'
[1.473s] Level 1:colcon.colcon_core.package_identification:_identify(python_resources/qcar2/hardware/applications) by extensions ['colcon_pkg']
[1.473s] Level 1:colcon.colcon_core.package_identification:_identify(python_resources/qcar2/hardware/applications) by extension 'colcon_pkg'
[1.473s] Level 1:colcon.colcon_core.package_identification:_identify(python_resources/qcar2/hardware/applications) by extensions ['colcon_meta']
[1.473s] Level 1:colcon.colcon_core.package_identification:_identify(python_resources/qcar2/hardware/applications) by extension 'colcon_meta'
[1.473s] Level 1:colcon.colcon_core.package_identification:_identify(python_resources/qcar2/hardware/applications) by extensions ['ros']
[1.473s] Level 1:colcon.colcon_core.package_identification:_identify(python_resources/qcar2/hardware/applications) by extension 'ros'
[1.473s] Level 1:colcon.colcon_core.package_identification:_identify(python_resources/qcar2/hardware/applications) by extensions ['cmake', 'python']
[1.473s] Level 1:colcon.colcon_core.package_identification:_identify(python_resources/qcar2/hardware/applications) by extension 'cmake'
[1.473s] Level 1:colcon.colcon_core.package_identification:_identify(python_resources/qcar2/hardware/applications) by extension 'python'
[1.473s] Level 1:colcon.colcon_core.package_identification:_identify(python_resources/qcar2/hardware/applications) by extensions ['python_setup_py']
[1.473s] Level 1:colcon.colcon_core.package_identification:_identify(python_resources/qcar2/hardware/applications) by extension 'python_setup_py'
[1.473s] Level 1:colcon.colcon_core.package_identification:_identify(python_resources/qcar2/hardware/applications/360_vision) by extensions ['ignore', 'ignore_ament_install']
[1.473s] Level 1:colcon.colcon_core.package_identification:_identify(python_resources/qcar2/hardware/applications/360_vision) by extension 'ignore'
[1.473s] Level 1:colcon.colcon_core.package_identification:_identify(python_resources/qcar2/hardware/applications/360_vision) by extension 'ignore_ament_install'
[1.473s] Level 1:colcon.colcon_core.package_identification:_identify(python_resources/qcar2/hardware/applications/360_vision) by extensions ['colcon_pkg']
[1.473s] Level 1:colcon.colcon_core.package_identification:_identify(python_resources/qcar2/hardware/applications/360_vision) by extension 'colcon_pkg'
[1.473s] Level 1:colcon.colcon_core.package_identification:_identify(python_resources/qcar2/hardware/applications/360_vision) by extensions ['colcon_meta']
[1.473s] Level 1:colcon.colcon_core.package_identification:_identify(python_resources/qcar2/hardware/applications/360_vision) by extension 'colcon_meta'
[1.473s] Level 1:colcon.colcon_core.package_identification:_identify(python_resources/qcar2/hardware/applications/360_vision) by extensions ['ros']
[1.473s] Level 1:colcon.colcon_core.package_identification:_identify(python_resources/qcar2/hardware/applications/360_vision) by extension 'ros'
[1.473s] Level 1:colcon.colcon_core.package_identification:_identify(python_resources/qcar2/hardware/applications/360_vision) by extensions ['cmake', 'python']
[1.473s] Level 1:colcon.colcon_core.package_identification:_identify(python_resources/qcar2/hardware/applications/360_vision) by extension 'cmake'
[1.473s] Level 1:colcon.colcon_core.package_identification:_identify(python_resources/qcar2/hardware/applications/360_vision) by extension 'python'
[1.473s] Level 1:colcon.colcon_core.package_identification:_identify(python_resources/qcar2/hardware/applications/360_vision) by extensions ['python_setup_py']
[1.473s] Level 1:colcon.colcon_core.package_identification:_identify(python_resources/qcar2/hardware/applications/360_vision) by extension 'python_setup_py'
[1.473s] Level 1:colcon.colcon_core.package_identification:_identify(python_resources/qcar2/hardware/applications/lane_following) by extensions ['ignore', 'ignore_ament_install']
[1.473s] Level 1:colcon.colcon_core.package_identification:_identify(python_resources/qcar2/hardware/applications/lane_following) by extension 'ignore'
[1.473s] Level 1:colcon.colcon_core.package_identification:_identify(python_resources/qcar2/hardware/applications/lane_following) by extension 'ignore_ament_install'
[1.473s] Level 1:colcon.colcon_core.package_identification:_identify(python_resources/qcar2/hardware/applications/lane_following) by extensions ['colcon_pkg']
[1.473s] Level 1:colcon.colcon_core.package_identification:_identify(python_resources/qcar2/hardware/applications/lane_following) by extension 'colcon_pkg'
[1.473s] Level 1:colcon.colcon_core.package_identification:_identify(python_resources/qcar2/hardware/applications/lane_following) by extensions ['colcon_meta']
[1.473s] Level 1:colcon.colcon_core.package_identification:_identify(python_resources/qcar2/hardware/applications/lane_following) by extension 'colcon_meta'
[1.473s] Level 1:colcon.colcon_core.package_identification:_identify(python_resources/qcar2/hardware/applications/lane_following) by extensions ['ros']
[1.473s] Level 1:colcon.colcon_core.package_identification:_identify(python_resources/qcar2/hardware/applications/lane_following) by extension 'ros'
[1.473s] Level 1:colcon.colcon_core.package_identification:_identify(python_resources/qcar2/hardware/applications/lane_following) by extensions ['cmake', 'python']
[1.473s] Level 1:colcon.colcon_core.package_identification:_identify(python_resources/qcar2/hardware/applications/lane_following) by extension 'cmake'
[1.473s] Level 1:colcon.colcon_core.package_identification:_identify(python_resources/qcar2/hardware/applications/lane_following) by extension 'python'
[1.473s] Level 1:colcon.colcon_core.package_identification:_identify(python_resources/qcar2/hardware/applications/lane_following) by extensions ['python_setup_py']
[1.473s] Level 1:colcon.colcon_core.package_identification:_identify(python_resources/qcar2/hardware/applications/lane_following) by extension 'python_setup_py'
[1.473s] Level 1:colcon.colcon_core.package_identification:_identify(python_resources/qcar2/hardware/applications/lanenet) by extensions ['ignore', 'ignore_ament_install']
[1.473s] Level 1:colcon.colcon_core.package_identification:_identify(python_resources/qcar2/hardware/applications/lanenet) by extension 'ignore'
[1.474s] Level 1:colcon.colcon_core.package_identification:_identify(python_resources/qcar2/hardware/applications/lanenet) by extension 'ignore_ament_install'
[1.474s] Level 1:colcon.colcon_core.package_identification:_identify(python_resources/qcar2/hardware/applications/lanenet) by extensions ['colcon_pkg']
[1.474s] Level 1:colcon.colcon_core.package_identification:_identify(python_resources/qcar2/hardware/applications/lanenet) by extension 'colcon_pkg'
[1.474s] Level 1:colcon.colcon_core.package_identification:_identify(python_resources/qcar2/hardware/applications/lanenet) by extensions ['colcon_meta']
[1.474s] Level 1:colcon.colcon_core.package_identification:_identify(python_resources/qcar2/hardware/applications/lanenet) by extension 'colcon_meta'
[1.474s] Level 1:colcon.colcon_core.package_identification:_identify(python_resources/qcar2/hardware/applications/lanenet) by extensions ['ros']
[1.474s] Level 1:colcon.colcon_core.package_identification:_identify(python_resources/qcar2/hardware/applications/lanenet) by extension 'ros'
[1.474s] Level 1:colcon.colcon_core.package_identification:_identify(python_resources/qcar2/hardware/applications/lanenet) by extensions ['cmake', 'python']
[1.474s] Level 1:colcon.colcon_core.package_identification:_identify(python_resources/qcar2/hardware/applications/lanenet) by extension 'cmake'
[1.474s] Level 1:colcon.colcon_core.package_identification:_identify(python_resources/qcar2/hardware/applications/lanenet) by extension 'python'
[1.474s] Level 1:colcon.colcon_core.package_identification:_identify(python_resources/qcar2/hardware/applications/lanenet) by extensions ['python_setup_py']
[1.474s] Level 1:colcon.colcon_core.package_identification:_identify(python_resources/qcar2/hardware/applications/lanenet) by extension 'python_setup_py'
[1.474s] Level 1:colcon.colcon_core.package_identification:_identify(python_resources/qcar2/hardware/applications/manual_drive) by extensions ['ignore', 'ignore_ament_install']
[1.474s] Level 1:colcon.colcon_core.package_identification:_identify(python_resources/qcar2/hardware/applications/manual_drive) by extension 'ignore'
[1.474s] Level 1:colcon.colcon_core.package_identification:_identify(python_resources/qcar2/hardware/applications/manual_drive) by extension 'ignore_ament_install'
[1.474s] Level 1:colcon.colcon_core.package_identification:_identify(python_resources/qcar2/hardware/applications/manual_drive) by extensions ['colcon_pkg']
[1.474s] Level 1:colcon.colcon_core.package_identification:_identify(python_resources/qcar2/hardware/applications/manual_drive) by extension 'colcon_pkg'
[1.474s] Level 1:colcon.colcon_core.package_identification:_identify(python_resources/qcar2/hardware/applications/manual_drive) by extensions ['colcon_meta']
[1.474s] Level 1:colcon.colcon_core.package_identification:_identify(python_resources/qcar2/hardware/applications/manual_drive) by extension 'colcon_meta'
[1.474s] Level 1:colcon.colcon_core.package_identification:_identify(python_resources/qcar2/hardware/applications/manual_drive) by extensions ['ros']
[1.474s] Level 1:colcon.colcon_core.package_identification:_identify(python_resources/qcar2/hardware/applications/manual_drive) by extension 'ros'
[1.474s] Level 1:colcon.colcon_core.package_identification:_identify(python_resources/qcar2/hardware/applications/manual_drive) by extensions ['cmake', 'python']
[1.474s] Level 1:colcon.colcon_core.package_identification:_identify(python_resources/qcar2/hardware/applications/manual_drive) by extension 'cmake'
[1.474s] Level 1:colcon.colcon_core.package_identification:_identify(python_resources/qcar2/hardware/applications/manual_drive) by extension 'python'
[1.474s] Level 1:colcon.colcon_core.package_identification:_identify(python_resources/qcar2/hardware/applications/manual_drive) by extensions ['python_setup_py']
[1.474s] Level 1:colcon.colcon_core.package_identification:_identify(python_resources/qcar2/hardware/applications/manual_drive) by extension 'python_setup_py'
[1.474s] Level 1:colcon.colcon_core.package_identification:_identify(python_resources/qcar2/hardware/applications/multi_vehicle_self_driving) by extensions ['ignore', 'ignore_ament_install']
[1.474s] Level 1:colcon.colcon_core.package_identification:_identify(python_resources/qcar2/hardware/applications/multi_vehicle_self_driving) by extension 'ignore'
[1.474s] Level 1:colcon.colcon_core.package_identification:_identify(python_resources/qcar2/hardware/applications/multi_vehicle_self_driving) by extension 'ignore_ament_install'
[1.474s] Level 1:colcon.colcon_core.package_identification:_identify(python_resources/qcar2/hardware/applications/multi_vehicle_self_driving) by extensions ['colcon_pkg']
[1.474s] Level 1:colcon.colcon_core.package_identification:_identify(python_resources/qcar2/hardware/applications/multi_vehicle_self_driving) by extension 'colcon_pkg'
[1.474s] Level 1:colcon.colcon_core.package_identification:_identify(python_resources/qcar2/hardware/applications/multi_vehicle_self_driving) by extensions ['colcon_meta']
[1.474s] Level 1:colcon.colcon_core.package_identification:_identify(python_resources/qcar2/hardware/applications/multi_vehicle_self_driving) by extension 'colcon_meta'
[1.474s] Level 1:colcon.colcon_core.package_identification:_identify(python_resources/qcar2/hardware/applications/multi_vehicle_self_driving) by extensions ['ros']
[1.474s] Level 1:colcon.colcon_core.package_identification:_identify(python_resources/qcar2/hardware/applications/multi_vehicle_self_driving) by extension 'ros'
[1.474s] Level 1:colcon.colcon_core.package_identification:_identify(python_resources/qcar2/hardware/applications/multi_vehicle_self_driving) by extensions ['cmake', 'python']
[1.474s] Level 1:colcon.colcon_core.package_identification:_identify(python_resources/qcar2/hardware/applications/multi_vehicle_self_driving) by extension 'cmake'
[1.474s] Level 1:colcon.colcon_core.package_identification:_identify(python_resources/qcar2/hardware/applications/multi_vehicle_self_driving) by extension 'python'
[1.474s] Level 1:colcon.colcon_core.package_identification:_identify(python_resources/qcar2/hardware/applications/multi_vehicle_self_driving) by extensions ['python_setup_py']
[1.474s] Level 1:colcon.colcon_core.package_identification:_identify(python_resources/qcar2/hardware/applications/multi_vehicle_self_driving) by extension 'python_setup_py'
[1.474s] Level 1:colcon.colcon_core.package_identification:_identify(python_resources/qcar2/hardware/applications/multi_vehicle_self_driving/python) by extensions ['ignore', 'ignore_ament_install']
[1.474s] Level 1:colcon.colcon_core.package_identification:_identify(python_resources/qcar2/hardware/applications/multi_vehicle_self_driving/python) by extension 'ignore'
[1.474s] Level 1:colcon.colcon_core.package_identification:_identify(python_resources/qcar2/hardware/applications/multi_vehicle_self_driving/python) by extension 'ignore_ament_install'
[1.474s] Level 1:colcon.colcon_core.package_identification:_identify(python_resources/qcar2/hardware/applications/multi_vehicle_self_driving/python) by extensions ['colcon_pkg']
[1.475s] Level 1:colcon.colcon_core.package_identification:_identify(python_resources/qcar2/hardware/applications/multi_vehicle_self_driving/python) by extension 'colcon_pkg'
[1.475s] Level 1:colcon.colcon_core.package_identification:_identify(python_resources/qcar2/hardware/applications/multi_vehicle_self_driving/python) by extensions ['colcon_meta']
[1.475s] Level 1:colcon.colcon_core.package_identification:_identify(python_resources/qcar2/hardware/applications/multi_vehicle_self_driving/python) by extension 'colcon_meta'
[1.475s] Level 1:colcon.colcon_core.package_identification:_identify(python_resources/qcar2/hardware/applications/multi_vehicle_self_driving/python) by extensions ['ros']
[1.475s] Level 1:colcon.colcon_core.package_identification:_identify(python_resources/qcar2/hardware/applications/multi_vehicle_self_driving/python) by extension 'ros'
[1.475s] Level 1:colcon.colcon_core.package_identification:_identify(python_resources/qcar2/hardware/applications/multi_vehicle_self_driving/python) by extensions ['cmake', 'python']
[1.475s] Level 1:colcon.colcon_core.package_identification:_identify(python_resources/qcar2/hardware/applications/multi_vehicle_self_driving/python) by extension 'cmake'
[1.475s] Level 1:colcon.colcon_core.package_identification:_identify(python_resources/qcar2/hardware/applications/multi_vehicle_self_driving/python) by extension 'python'
[1.475s] Level 1:colcon.colcon_core.package_identification:_identify(python_resources/qcar2/hardware/applications/multi_vehicle_self_driving/python) by extensions ['python_setup_py']
[1.475s] Level 1:colcon.colcon_core.package_identification:_identify(python_resources/qcar2/hardware/applications/multi_vehicle_self_driving/python) by extension 'python_setup_py'
[1.475s] Level 1:colcon.colcon_core.package_identification:_identify(python_resources/qcar2/hardware/applications/multi_vehicle_self_driving/qcar) by extensions ['ignore', 'ignore_ament_install']
[1.475s] Level 1:colcon.colcon_core.package_identification:_identify(python_resources/qcar2/hardware/applications/multi_vehicle_self_driving/qcar) by extension 'ignore'
[1.475s] Level 1:colcon.colcon_core.package_identification:_identify(python_resources/qcar2/hardware/applications/multi_vehicle_self_driving/qcar) by extension 'ignore_ament_install'
[1.475s] Level 1:colcon.colcon_core.package_identification:_identify(python_resources/qcar2/hardware/applications/multi_vehicle_self_driving/qcar) by extensions ['colcon_pkg']
[1.475s] Level 1:colcon.colcon_core.package_identification:_identify(python_resources/qcar2/hardware/applications/multi_vehicle_self_driving/qcar) by extension 'colcon_pkg'
[1.475s] Level 1:colcon.colcon_core.package_identification:_identify(python_resources/qcar2/hardware/applications/multi_vehicle_self_driving/qcar) by extensions ['colcon_meta']
[1.475s] Level 1:colcon.colcon_core.package_identification:_identify(python_resources/qcar2/hardware/applications/multi_vehicle_self_driving/qcar) by extension 'colcon_meta'
[1.475s] Level 1:colcon.colcon_core.package_identification:_identify(python_resources/qcar2/hardware/applications/multi_vehicle_self_driving/qcar) by extensions ['ros']
[1.475s] Level 1:colcon.colcon_core.package_identification:_identify(python_resources/qcar2/hardware/applications/multi_vehicle_self_driving/qcar) by extension 'ros'
[1.475s] Level 1:colcon.colcon_core.package_identification:_identify(python_resources/qcar2/hardware/applications/multi_vehicle_self_driving/qcar) by extensions ['cmake', 'python']
[1.475s] Level 1:colcon.colcon_core.package_identification:_identify(python_resources/qcar2/hardware/applications/multi_vehicle_self_driving/qcar) by extension 'cmake'
[1.475s] Level 1:colcon.colcon_core.package_identification:_identify(python_resources/qcar2/hardware/applications/multi_vehicle_self_driving/qcar) by extension 'python'
[1.475s] Level 1:colcon.colcon_core.package_identification:_identify(python_resources/qcar2/hardware/applications/multi_vehicle_self_driving/qcar) by extensions ['python_setup_py']
[1.475s] Level 1:colcon.colcon_core.package_identification:_identify(python_resources/qcar2/hardware/applications/multi_vehicle_self_driving/qcar) by extension 'python_setup_py'
[1.475s] Level 1:colcon.colcon_core.package_identification:_identify(python_resources/qcar2/hardware/applications/multi_vehicle_self_driving/reference_scan) by extensions ['ignore', 'ignore_ament_install']
[1.475s] Level 1:colcon.colcon_core.package_identification:_identify(python_resources/qcar2/hardware/applications/multi_vehicle_self_driving/reference_scan) by extension 'ignore'
[1.475s] Level 1:colcon.colcon_core.package_identification:_identify(python_resources/qcar2/hardware/applications/multi_vehicle_self_driving/reference_scan) by extension 'ignore_ament_install'
[1.475s] Level 1:colcon.colcon_core.package_identification:_identify(python_resources/qcar2/hardware/applications/multi_vehicle_self_driving/reference_scan) by extensions ['colcon_pkg']
[1.475s] Level 1:colcon.colcon_core.package_identification:_identify(python_resources/qcar2/hardware/applications/multi_vehicle_self_driving/reference_scan) by extension 'colcon_pkg'
[1.475s] Level 1:colcon.colcon_core.package_identification:_identify(python_resources/qcar2/hardware/applications/multi_vehicle_self_driving/reference_scan) by extensions ['colcon_meta']
[1.475s] Level 1:colcon.colcon_core.package_identification:_identify(python_resources/qcar2/hardware/applications/multi_vehicle_self_driving/reference_scan) by extension 'colcon_meta'
[1.475s] Level 1:colcon.colcon_core.package_identification:_identify(python_resources/qcar2/hardware/applications/multi_vehicle_self_driving/reference_scan) by extensions ['ros']
[1.475s] Level 1:colcon.colcon_core.package_identification:_identify(python_resources/qcar2/hardware/applications/multi_vehicle_self_driving/reference_scan) by extension 'ros'
[1.475s] Level 1:colcon.colcon_core.package_identification:_identify(python_resources/qcar2/hardware/applications/multi_vehicle_self_driving/reference_scan) by extensions ['cmake', 'python']
[1.475s] Level 1:colcon.colcon_core.package_identification:_identify(python_resources/qcar2/hardware/applications/multi_vehicle_self_driving/reference_scan) by extension 'cmake'
[1.475s] Level 1:colcon.colcon_core.package_identification:_identify(python_resources/qcar2/hardware/applications/multi_vehicle_self_driving/reference_scan) by extension 'python'
[1.475s] Level 1:colcon.colcon_core.package_identification:_identify(python_resources/qcar2/hardware/applications/multi_vehicle_self_driving/reference_scan) by extensions ['python_setup_py']
[1.475s] Level 1:colcon.colcon_core.package_identification:_identify(python_resources/qcar2/hardware/applications/multi_vehicle_self_driving/reference_scan) by extension 'python_setup_py'
[1.475s] Level 1:colcon.colcon_core.package_identification:_identify(python_resources/qcar2/hardware/applications/point_cloud_generation) by extensions ['ignore', 'ignore_ament_install']
[1.475s] Level 1:colcon.colcon_core.package_identification:_identify(python_resources/qcar2/hardware/applications/point_cloud_generation) by extension 'ignore'
[1.475s] Level 1:colcon.colcon_core.package_identification:_identify(python_resources/qcar2/hardware/applications/point_cloud_generation) by extension 'ignore_ament_install'
[1.475s] Level 1:colcon.colcon_core.package_identification:_identify(python_resources/qcar2/hardware/applications/point_cloud_generation) by extensions ['colcon_pkg']
[1.475s] Level 1:colcon.colcon_core.package_identification:_identify(python_resources/qcar2/hardware/applications/point_cloud_generation) by extension 'colcon_pkg'
[1.476s] Level 1:colcon.colcon_core.package_identification:_identify(python_resources/qcar2/hardware/applications/point_cloud_generation) by extensions ['colcon_meta']
[1.476s] Level 1:colcon.colcon_core.package_identification:_identify(python_resources/qcar2/hardware/applications/point_cloud_generation) by extension 'colcon_meta'
[1.476s] Level 1:colcon.colcon_core.package_identification:_identify(python_resources/qcar2/hardware/applications/point_cloud_generation) by extensions ['ros']
[1.476s] Level 1:colcon.colcon_core.package_identification:_identify(python_resources/qcar2/hardware/applications/point_cloud_generation) by extension 'ros'
[1.476s] Level 1:colcon.colcon_core.package_identification:_identify(python_resources/qcar2/hardware/applications/point_cloud_generation) by extensions ['cmake', 'python']
[1.476s] Level 1:colcon.colcon_core.package_identification:_identify(python_resources/qcar2/hardware/applications/point_cloud_generation) by extension 'cmake'
[1.476s] Level 1:colcon.colcon_core.package_identification:_identify(python_resources/qcar2/hardware/applications/point_cloud_generation) by extension 'python'
[1.476s] Level 1:colcon.colcon_core.package_identification:_identify(python_resources/qcar2/hardware/applications/point_cloud_generation) by extensions ['python_setup_py']
[1.476s] Level 1:colcon.colcon_core.package_identification:_identify(python_resources/qcar2/hardware/applications/point_cloud_generation) by extension 'python_setup_py'
[1.476s] Level 1:colcon.colcon_core.package_identification:_identify(python_resources/qcar2/hardware/applications/rgbd_imaging) by extensions ['ignore', 'ignore_ament_install']
[1.476s] Level 1:colcon.colcon_core.package_identification:_identify(python_resources/qcar2/hardware/applications/rgbd_imaging) by extension 'ignore'
[1.476s] Level 1:colcon.colcon_core.package_identification:_identify(python_resources/qcar2/hardware/applications/rgbd_imaging) by extension 'ignore_ament_install'
[1.476s] Level 1:colcon.colcon_core.package_identification:_identify(python_resources/qcar2/hardware/applications/rgbd_imaging) by extensions ['colcon_pkg']
[1.476s] Level 1:colcon.colcon_core.package_identification:_identify(python_resources/qcar2/hardware/applications/rgbd_imaging) by extension 'colcon_pkg'
[1.476s] Level 1:colcon.colcon_core.package_identification:_identify(python_resources/qcar2/hardware/applications/rgbd_imaging) by extensions ['colcon_meta']
[1.476s] Level 1:colcon.colcon_core.package_identification:_identify(python_resources/qcar2/hardware/applications/rgbd_imaging) by extension 'colcon_meta'
[1.476s] Level 1:colcon.colcon_core.package_identification:_identify(python_resources/qcar2/hardware/applications/rgbd_imaging) by extensions ['ros']
[1.476s] Level 1:colcon.colcon_core.package_identification:_identify(python_resources/qcar2/hardware/applications/rgbd_imaging) by extension 'ros'
[1.476s] Level 1:colcon.colcon_core.package_identification:_identify(python_resources/qcar2/hardware/applications/rgbd_imaging) by extensions ['cmake', 'python']
[1.476s] Level 1:colcon.colcon_core.package_identification:_identify(python_resources/qcar2/hardware/applications/rgbd_imaging) by extension 'cmake'
[1.476s] Level 1:colcon.colcon_core.package_identification:_identify(python_resources/qcar2/hardware/applications/rgbd_imaging) by extension 'python'
[1.476s] Level 1:colcon.colcon_core.package_identification:_identify(python_resources/qcar2/hardware/applications/rgbd_imaging) by extensions ['python_setup_py']
[1.476s] Level 1:colcon.colcon_core.package_identification:_identify(python_resources/qcar2/hardware/applications/rgbd_imaging) by extension 'python_setup_py'
[1.476s] Level 1:colcon.colcon_core.package_identification:_identify(python_resources/qcar2/hardware/applications/yolo) by extensions ['ignore', 'ignore_ament_install']
[1.476s] Level 1:colcon.colcon_core.package_identification:_identify(python_resources/qcar2/hardware/applications/yolo) by extension 'ignore'
[1.476s] Level 1:colcon.colcon_core.package_identification:_identify(python_resources/qcar2/hardware/applications/yolo) by extension 'ignore_ament_install'
[1.476s] Level 1:colcon.colcon_core.package_identification:_identify(python_resources/qcar2/hardware/applications/yolo) by extensions ['colcon_pkg']
[1.476s] Level 1:colcon.colcon_core.package_identification:_identify(python_resources/qcar2/hardware/applications/yolo) by extension 'colcon_pkg'
[1.476s] Level 1:colcon.colcon_core.package_identification:_identify(python_resources/qcar2/hardware/applications/yolo) by extensions ['colcon_meta']
[1.476s] Level 1:colcon.colcon_core.package_identification:_identify(python_resources/qcar2/hardware/applications/yolo) by extension 'colcon_meta'
[1.476s] Level 1:colcon.colcon_core.package_identification:_identify(python_resources/qcar2/hardware/applications/yolo) by extensions ['ros']
[1.476s] Level 1:colcon.colcon_core.package_identification:_identify(python_resources/qcar2/hardware/applications/yolo) by extension 'ros'
[1.476s] Level 1:colcon.colcon_core.package_identification:_identify(python_resources/qcar2/hardware/applications/yolo) by extensions ['cmake', 'python']
[1.476s] Level 1:colcon.colcon_core.package_identification:_identify(python_resources/qcar2/hardware/applications/yolo) by extension 'cmake'
[1.476s] Level 1:colcon.colcon_core.package_identification:_identify(python_resources/qcar2/hardware/applications/yolo) by extension 'python'
[1.476s] Level 1:colcon.colcon_core.package_identification:_identify(python_resources/qcar2/hardware/applications/yolo) by extensions ['python_setup_py']
[1.476s] Level 1:colcon.colcon_core.package_identification:_identify(python_resources/qcar2/hardware/applications/yolo) by extension 'python_setup_py'
[1.476s] Level 1:colcon.colcon_core.package_identification:_identify(python_resources/qcar2/hardware/hardware_tests) by extensions ['ignore', 'ignore_ament_install']
[1.476s] Level 1:colcon.colcon_core.package_identification:_identify(python_resources/qcar2/hardware/hardware_tests) by extension 'ignore'
[1.476s] Level 1:colcon.colcon_core.package_identification:_identify(python_resources/qcar2/hardware/hardware_tests) by extension 'ignore_ament_install'
[1.476s] Level 1:colcon.colcon_core.package_identification:_identify(python_resources/qcar2/hardware/hardware_tests) by extensions ['colcon_pkg']
[1.476s] Level 1:colcon.colcon_core.package_identification:_identify(python_resources/qcar2/hardware/hardware_tests) by extension 'colcon_pkg'
[1.476s] Level 1:colcon.colcon_core.package_identification:_identify(python_resources/qcar2/hardware/hardware_tests) by extensions ['colcon_meta']
[1.476s] Level 1:colcon.colcon_core.package_identification:_identify(python_resources/qcar2/hardware/hardware_tests) by extension 'colcon_meta'
[1.477s] Level 1:colcon.colcon_core.package_identification:_identify(python_resources/qcar2/hardware/hardware_tests) by extensions ['ros']
[1.477s] Level 1:colcon.colcon_core.package_identification:_identify(python_resources/qcar2/hardware/hardware_tests) by extension 'ros'
[1.477s] Level 1:colcon.colcon_core.package_identification:_identify(python_resources/qcar2/hardware/hardware_tests) by extensions ['cmake', 'python']
[1.477s] Level 1:colcon.colcon_core.package_identification:_identify(python_resources/qcar2/hardware/hardware_tests) by extension 'cmake'
[1.477s] Level 1:colcon.colcon_core.package_identification:_identify(python_resources/qcar2/hardware/hardware_tests) by extension 'python'
[1.477s] Level 1:colcon.colcon_core.package_identification:_identify(python_resources/qcar2/hardware/hardware_tests) by extensions ['python_setup_py']
[1.477s] Level 1:colcon.colcon_core.package_identification:_identify(python_resources/qcar2/hardware/hardware_tests) by extension 'python_setup_py'
[1.477s] Level 1:colcon.colcon_core.package_identification:_identify(python_resources/qcar2/virtual) by extensions ['ignore', 'ignore_ament_install']
[1.477s] Level 1:colcon.colcon_core.package_identification:_identify(python_resources/qcar2/virtual) by extension 'ignore'
[1.477s] Level 1:colcon.colcon_core.package_identification:_identify(python_resources/qcar2/virtual) by extension 'ignore_ament_install'
[1.477s] Level 1:colcon.colcon_core.package_identification:_identify(python_resources/qcar2/virtual) by extensions ['colcon_pkg']
[1.477s] Level 1:colcon.colcon_core.package_identification:_identify(python_resources/qcar2/virtual) by extension 'colcon_pkg'
[1.477s] Level 1:colcon.colcon_core.package_identification:_identify(python_resources/qcar2/virtual) by extensions ['colcon_meta']
[1.477s] Level 1:colcon.colcon_core.package_identification:_identify(python_resources/qcar2/virtual) by extension 'colcon_meta'
[1.477s] Level 1:colcon.colcon_core.package_identification:_identify(python_resources/qcar2/virtual) by extensions ['ros']
[1.477s] Level 1:colcon.colcon_core.package_identification:_identify(python_resources/qcar2/virtual) by extension 'ros'
[1.477s] Level 1:colcon.colcon_core.package_identification:_identify(python_resources/qcar2/virtual) by extensions ['cmake', 'python']
[1.477s] Level 1:colcon.colcon_core.package_identification:_identify(python_resources/qcar2/virtual) by extension 'cmake'
[1.477s] Level 1:colcon.colcon_core.package_identification:_identify(python_resources/qcar2/virtual) by extension 'python'
[1.477s] Level 1:colcon.colcon_core.package_identification:_identify(python_resources/qcar2/virtual) by extensions ['python_setup_py']
[1.477s] Level 1:colcon.colcon_core.package_identification:_identify(python_resources/qcar2/virtual) by extension 'python_setup_py'
[1.477s] Level 1:colcon.colcon_core.package_identification:_identify(python_resources/qcar2/virtual/applications) by extensions ['ignore', 'ignore_ament_install']
[1.477s] Level 1:colcon.colcon_core.package_identification:_identify(python_resources/qcar2/virtual/applications) by extension 'ignore'
[1.477s] Level 1:colcon.colcon_core.package_identification:_identify(python_resources/qcar2/virtual/applications) by extension 'ignore_ament_install'
[1.477s] Level 1:colcon.colcon_core.package_identification:_identify(python_resources/qcar2/virtual/applications) by extensions ['colcon_pkg']
[1.477s] Level 1:colcon.colcon_core.package_identification:_identify(python_resources/qcar2/virtual/applications) by extension 'colcon_pkg'
[1.477s] Level 1:colcon.colcon_core.package_identification:_identify(python_resources/qcar2/virtual/applications) by extensions ['colcon_meta']
[1.477s] Level 1:colcon.colcon_core.package_identification:_identify(python_resources/qcar2/virtual/applications) by extension 'colcon_meta'
[1.477s] Level 1:colcon.colcon_core.package_identification:_identify(python_resources/qcar2/virtual/applications) by extensions ['ros']
[1.477s] Level 1:colcon.colcon_core.package_identification:_identify(python_resources/qcar2/virtual/applications) by extension 'ros'
[1.477s] Level 1:colcon.colcon_core.package_identification:_identify(python_resources/qcar2/virtual/applications) by extensions ['cmake', 'python']
[1.477s] Level 1:colcon.colcon_core.package_identification:_identify(python_resources/qcar2/virtual/applications) by extension 'cmake'
[1.477s] Level 1:colcon.colcon_core.package_identification:_identify(python_resources/qcar2/virtual/applications) by extension 'python'
[1.477s] Level 1:colcon.colcon_core.package_identification:_identify(python_resources/qcar2/virtual/applications) by extensions ['python_setup_py']
[1.477s] Level 1:colcon.colcon_core.package_identification:_identify(python_resources/qcar2/virtual/applications) by extension 'python_setup_py'
[1.477s] Level 1:colcon.colcon_core.package_identification:_identify(python_resources/qcar2/virtual/applications/360_vision) by extensions ['ignore', 'ignore_ament_install']
[1.477s] Level 1:colcon.colcon_core.package_identification:_identify(python_resources/qcar2/virtual/applications/360_vision) by extension 'ignore'
[1.477s] Level 1:colcon.colcon_core.package_identification:_identify(python_resources/qcar2/virtual/applications/360_vision) by extension 'ignore_ament_install'
[1.477s] Level 1:colcon.colcon_core.package_identification:_identify(python_resources/qcar2/virtual/applications/360_vision) by extensions ['colcon_pkg']
[1.477s] Level 1:colcon.colcon_core.package_identification:_identify(python_resources/qcar2/virtual/applications/360_vision) by extension 'colcon_pkg'
[1.477s] Level 1:colcon.colcon_core.package_identification:_identify(python_resources/qcar2/virtual/applications/360_vision) by extensions ['colcon_meta']
[1.477s] Level 1:colcon.colcon_core.package_identification:_identify(python_resources/qcar2/virtual/applications/360_vision) by extension 'colcon_meta'
[1.477s] Level 1:colcon.colcon_core.package_identification:_identify(python_resources/qcar2/virtual/applications/360_vision) by extensions ['ros']
[1.477s] Level 1:colcon.colcon_core.package_identification:_identify(python_resources/qcar2/virtual/applications/360_vision) by extension 'ros'
[1.478s] Level 1:colcon.colcon_core.package_identification:_identify(python_resources/qcar2/virtual/applications/360_vision) by extensions ['cmake', 'python']
[1.478s] Level 1:colcon.colcon_core.package_identification:_identify(python_resources/qcar2/virtual/applications/360_vision) by extension 'cmake'
[1.478s] Level 1:colcon.colcon_core.package_identification:_identify(python_resources/qcar2/virtual/applications/360_vision) by extension 'python'
[1.478s] Level 1:colcon.colcon_core.package_identification:_identify(python_resources/qcar2/virtual/applications/360_vision) by extensions ['python_setup_py']
[1.478s] Level 1:colcon.colcon_core.package_identification:_identify(python_resources/qcar2/virtual/applications/360_vision) by extension 'python_setup_py'
[1.478s] Level 1:colcon.colcon_core.package_identification:_identify(python_resources/qcar2/virtual/applications/lane_following) by extensions ['ignore', 'ignore_ament_install']
[1.478s] Level 1:colcon.colcon_core.package_identification:_identify(python_resources/qcar2/virtual/applications/lane_following) by extension 'ignore'
[1.478s] Level 1:colcon.colcon_core.package_identification:_identify(python_resources/qcar2/virtual/applications/lane_following) by extension 'ignore_ament_install'
[1.478s] Level 1:colcon.colcon_core.package_identification:_identify(python_resources/qcar2/virtual/applications/lane_following) by extensions ['colcon_pkg']
[1.478s] Level 1:colcon.colcon_core.package_identification:_identify(python_resources/qcar2/virtual/applications/lane_following) by extension 'colcon_pkg'
[1.478s] Level 1:colcon.colcon_core.package_identification:_identify(python_resources/qcar2/virtual/applications/lane_following) by extensions ['colcon_meta']
[1.478s] Level 1:colcon.colcon_core.package_identification:_identify(python_resources/qcar2/virtual/applications/lane_following) by extension 'colcon_meta'
[1.478s] Level 1:colcon.colcon_core.package_identification:_identify(python_resources/qcar2/virtual/applications/lane_following) by extensions ['ros']
[1.478s] Level 1:colcon.colcon_core.package_identification:_identify(python_resources/qcar2/virtual/applications/lane_following) by extension 'ros'
[1.478s] Level 1:colcon.colcon_core.package_identification:_identify(python_resources/qcar2/virtual/applications/lane_following) by extensions ['cmake', 'python']
[1.478s] Level 1:colcon.colcon_core.package_identification:_identify(python_resources/qcar2/virtual/applications/lane_following) by extension 'cmake'
[1.478s] Level 1:colcon.colcon_core.package_identification:_identify(python_resources/qcar2/virtual/applications/lane_following) by extension 'python'
[1.478s] Level 1:colcon.colcon_core.package_identification:_identify(python_resources/qcar2/virtual/applications/lane_following) by extensions ['python_setup_py']
[1.478s] Level 1:colcon.colcon_core.package_identification:_identify(python_resources/qcar2/virtual/applications/lane_following) by extension 'python_setup_py'
[1.478s] Level 1:colcon.colcon_core.package_identification:_identify(python_resources/qcar2/virtual/applications/manual_drive) by extensions ['ignore', 'ignore_ament_install']
[1.478s] Level 1:colcon.colcon_core.package_identification:_identify(python_resources/qcar2/virtual/applications/manual_drive) by extension 'ignore'
[1.478s] Level 1:colcon.colcon_core.package_identification:_identify(python_resources/qcar2/virtual/applications/manual_drive) by extension 'ignore_ament_install'
[1.478s] Level 1:colcon.colcon_core.package_identification:_identify(python_resources/qcar2/virtual/applications/manual_drive) by extensions ['colcon_pkg']
[1.478s] Level 1:colcon.colcon_core.package_identification:_identify(python_resources/qcar2/virtual/applications/manual_drive) by extension 'colcon_pkg'
[1.478s] Level 1:colcon.colcon_core.package_identification:_identify(python_resources/qcar2/virtual/applications/manual_drive) by extensions ['colcon_meta']
[1.478s] Level 1:colcon.colcon_core.package_identification:_identify(python_resources/qcar2/virtual/applications/manual_drive) by extension 'colcon_meta'
[1.478s] Level 1:colcon.colcon_core.package_identification:_identify(python_resources/qcar2/virtual/applications/manual_drive) by extensions ['ros']
[1.478s] Level 1:colcon.colcon_core.package_identification:_identify(python_resources/qcar2/virtual/applications/manual_drive) by extension 'ros'
[1.478s] Level 1:colcon.colcon_core.package_identification:_identify(python_resources/qcar2/virtual/applications/manual_drive) by extensions ['cmake', 'python']
[1.478s] Level 1:colcon.colcon_core.package_identification:_identify(python_resources/qcar2/virtual/applications/manual_drive) by extension 'cmake'
[1.478s] Level 1:colcon.colcon_core.package_identification:_identify(python_resources/qcar2/virtual/applications/manual_drive) by extension 'python'
[1.478s] Level 1:colcon.colcon_core.package_identification:_identify(python_resources/qcar2/virtual/applications/manual_drive) by extensions ['python_setup_py']
[1.478s] Level 1:colcon.colcon_core.package_identification:_identify(python_resources/qcar2/virtual/applications/manual_drive) by extension 'python_setup_py'
[1.478s] Level 1:colcon.colcon_core.package_identification:_identify(python_resources/qcar2/virtual/applications/point_cloud_generation) by extensions ['ignore', 'ignore_ament_install']
[1.478s] Level 1:colcon.colcon_core.package_identification:_identify(python_resources/qcar2/virtual/applications/point_cloud_generation) by extension 'ignore'
[1.478s] Level 1:colcon.colcon_core.package_identification:_identify(python_resources/qcar2/virtual/applications/point_cloud_generation) by extension 'ignore_ament_install'
[1.478s] Level 1:colcon.colcon_core.package_identification:_identify(python_resources/qcar2/virtual/applications/point_cloud_generation) by extensions ['colcon_pkg']
[1.478s] Level 1:colcon.colcon_core.package_identification:_identify(python_resources/qcar2/virtual/applications/point_cloud_generation) by extension 'colcon_pkg'
[1.478s] Level 1:colcon.colcon_core.package_identification:_identify(python_resources/qcar2/virtual/applications/point_cloud_generation) by extensions ['colcon_meta']
[1.478s] Level 1:colcon.colcon_core.package_identification:_identify(python_resources/qcar2/virtual/applications/point_cloud_generation) by extension 'colcon_meta'
[1.478s] Level 1:colcon.colcon_core.package_identification:_identify(python_resources/qcar2/virtual/applications/point_cloud_generation) by extensions ['ros']
[1.478s] Level 1:colcon.colcon_core.package_identification:_identify(python_resources/qcar2/virtual/applications/point_cloud_generation) by extension 'ros'
[1.478s] Level 1:colcon.colcon_core.package_identification:_identify(python_resources/qcar2/virtual/applications/point_cloud_generation) by extensions ['cmake', 'python']
[1.478s] Level 1:colcon.colcon_core.package_identification:_identify(python_resources/qcar2/virtual/applications/point_cloud_generation) by extension 'cmake'
[1.478s] Level 1:colcon.colcon_core.package_identification:_identify(python_resources/qcar2/virtual/applications/point_cloud_generation) by extension 'python'
[1.479s] Level 1:colcon.colcon_core.package_identification:_identify(python_resources/qcar2/virtual/applications/point_cloud_generation) by extensions ['python_setup_py']
[1.479s] Level 1:colcon.colcon_core.package_identification:_identify(python_resources/qcar2/virtual/applications/point_cloud_generation) by extension 'python_setup_py'
[1.479s] Level 1:colcon.colcon_core.package_identification:_identify(python_resources/qcar2/virtual/applications/rgbd_imaging) by extensions ['ignore', 'ignore_ament_install']
[1.479s] Level 1:colcon.colcon_core.package_identification:_identify(python_resources/qcar2/virtual/applications/rgbd_imaging) by extension 'ignore'
[1.479s] Level 1:colcon.colcon_core.package_identification:_identify(python_resources/qcar2/virtual/applications/rgbd_imaging) by extension 'ignore_ament_install'
[1.479s] Level 1:colcon.colcon_core.package_identification:_identify(python_resources/qcar2/virtual/applications/rgbd_imaging) by extensions ['colcon_pkg']
[1.479s] Level 1:colcon.colcon_core.package_identification:_identify(python_resources/qcar2/virtual/applications/rgbd_imaging) by extension 'colcon_pkg'
[1.479s] Level 1:colcon.colcon_core.package_identification:_identify(python_resources/qcar2/virtual/applications/rgbd_imaging) by extensions ['colcon_meta']
[1.479s] Level 1:colcon.colcon_core.package_identification:_identify(python_resources/qcar2/virtual/applications/rgbd_imaging) by extension 'colcon_meta'
[1.479s] Level 1:colcon.colcon_core.package_identification:_identify(python_resources/qcar2/virtual/applications/rgbd_imaging) by extensions ['ros']
[1.479s] Level 1:colcon.colcon_core.package_identification:_identify(python_resources/qcar2/virtual/applications/rgbd_imaging) by extension 'ros'
[1.479s] Level 1:colcon.colcon_core.package_identification:_identify(python_resources/qcar2/virtual/applications/rgbd_imaging) by extensions ['cmake', 'python']
[1.479s] Level 1:colcon.colcon_core.package_identification:_identify(python_resources/qcar2/virtual/applications/rgbd_imaging) by extension 'cmake'
[1.479s] Level 1:colcon.colcon_core.package_identification:_identify(python_resources/qcar2/virtual/applications/rgbd_imaging) by extension 'python'
[1.479s] Level 1:colcon.colcon_core.package_identification:_identify(python_resources/qcar2/virtual/applications/rgbd_imaging) by extensions ['python_setup_py']
[1.479s] Level 1:colcon.colcon_core.package_identification:_identify(python_resources/qcar2/virtual/applications/rgbd_imaging) by extension 'python_setup_py'
[1.479s] Level 1:colcon.colcon_core.package_identification:_identify(python_resources/qcar2/virtual/hardware_tests) by extensions ['ignore', 'ignore_ament_install']
[1.479s] Level 1:colcon.colcon_core.package_identification:_identify(python_resources/qcar2/virtual/hardware_tests) by extension 'ignore'
[1.479s] Level 1:colcon.colcon_core.package_identification:_identify(python_resources/qcar2/virtual/hardware_tests) by extension 'ignore_ament_install'
[1.479s] Level 1:colcon.colcon_core.package_identification:_identify(python_resources/qcar2/virtual/hardware_tests) by extensions ['colcon_pkg']
[1.479s] Level 1:colcon.colcon_core.package_identification:_identify(python_resources/qcar2/virtual/hardware_tests) by extension 'colcon_pkg'
[1.479s] Level 1:colcon.colcon_core.package_identification:_identify(python_resources/qcar2/virtual/hardware_tests) by extensions ['colcon_meta']
[1.479s] Level 1:colcon.colcon_core.package_identification:_identify(python_resources/qcar2/virtual/hardware_tests) by extension 'colcon_meta'
[1.479s] Level 1:colcon.colcon_core.package_identification:_identify(python_resources/qcar2/virtual/hardware_tests) by extensions ['ros']
[1.479s] Level 1:colcon.colcon_core.package_identification:_identify(python_resources/qcar2/virtual/hardware_tests) by extension 'ros'
[1.479s] Level 1:colcon.colcon_core.package_identification:_identify(python_resources/qcar2/virtual/hardware_tests) by extensions ['cmake', 'python']
[1.479s] Level 1:colcon.colcon_core.package_identification:_identify(python_resources/qcar2/virtual/hardware_tests) by extension 'cmake'
[1.479s] Level 1:colcon.colcon_core.package_identification:_identify(python_resources/qcar2/virtual/hardware_tests) by extension 'python'
[1.479s] Level 1:colcon.colcon_core.package_identification:_identify(python_resources/qcar2/virtual/hardware_tests) by extensions ['python_setup_py']
[1.479s] Level 1:colcon.colcon_core.package_identification:_identify(python_resources/qcar2/virtual/hardware_tests) by extension 'python_setup_py'
[1.479s] Level 1:colcon.colcon_core.package_identification:_identify(python_resources/roadmap) by extensions ['ignore', 'ignore_ament_install']
[1.479s] Level 1:colcon.colcon_core.package_identification:_identify(python_resources/roadmap) by extension 'ignore'
[1.479s] Level 1:colcon.colcon_core.package_identification:_identify(python_resources/roadmap) by extension 'ignore_ament_install'
[1.479s] Level 1:colcon.colcon_core.package_identification:_identify(python_resources/roadmap) by extensions ['colcon_pkg']
[1.479s] Level 1:colcon.colcon_core.package_identification:_identify(python_resources/roadmap) by extension 'colcon_pkg'
[1.479s] Level 1:colcon.colcon_core.package_identification:_identify(python_resources/roadmap) by extensions ['colcon_meta']
[1.479s] Level 1:colcon.colcon_core.package_identification:_identify(python_resources/roadmap) by extension 'colcon_meta'
[1.479s] Level 1:colcon.colcon_core.package_identification:_identify(python_resources/roadmap) by extensions ['ros']
[1.479s] Level 1:colcon.colcon_core.package_identification:_identify(python_resources/roadmap) by extension 'ros'
[1.479s] Level 1:colcon.colcon_core.package_identification:_identify(python_resources/roadmap) by extensions ['cmake', 'python']
[1.479s] Level 1:colcon.colcon_core.package_identification:_identify(python_resources/roadmap) by extension 'cmake'
[1.479s] Level 1:colcon.colcon_core.package_identification:_identify(python_resources/roadmap) by extension 'python'
[1.479s] Level 1:colcon.colcon_core.package_identification:_identify(python_resources/roadmap) by extensions ['python_setup_py']
[1.479s] Level 1:colcon.colcon_core.package_identification:_identify(python_resources/roadmap) by extension 'python_setup_py'
[1.479s] Level 1:colcon.colcon_core.package_identification:_identify(python_resources/traffic_light) by extensions ['ignore', 'ignore_ament_install']
[1.480s] Level 1:colcon.colcon_core.package_identification:_identify(python_resources/traffic_light) by extension 'ignore'
[1.480s] Level 1:colcon.colcon_core.package_identification:_identify(python_resources/traffic_light) by extension 'ignore_ament_install'
[1.480s] Level 1:colcon.colcon_core.package_identification:_identify(python_resources/traffic_light) by extensions ['colcon_pkg']
[1.480s] Level 1:colcon.colcon_core.package_identification:_identify(python_resources/traffic_light) by extension 'colcon_pkg'
[1.480s] Level 1:colcon.colcon_core.package_identification:_identify(python_resources/traffic_light) by extensions ['colcon_meta']
[1.480s] Level 1:colcon.colcon_core.package_identification:_identify(python_resources/traffic_light) by extension 'colcon_meta'
[1.480s] Level 1:colcon.colcon_core.package_identification:_identify(python_resources/traffic_light) by extensions ['ros']
[1.480s] Level 1:colcon.colcon_core.package_identification:_identify(python_resources/traffic_light) by extension 'ros'
[1.480s] Level 1:colcon.colcon_core.package_identification:_identify(python_resources/traffic_light) by extensions ['cmake', 'python']
[1.480s] Level 1:colcon.colcon_core.package_identification:_identify(python_resources/traffic_light) by extension 'cmake'
[1.480s] Level 1:colcon.colcon_core.package_identification:_identify(python_resources/traffic_light) by extension 'python'
[1.480s] Level 1:colcon.colcon_core.package_identification:_identify(python_resources/traffic_light) by extensions ['python_setup_py']
[1.480s] Level 1:colcon.colcon_core.package_identification:_identify(python_resources/traffic_light) by extension 'python_setup_py'
[1.480s] Level 1:colcon.colcon_core.package_identification:_identify(ros2) by extensions ['ignore', 'ignore_ament_install']
[1.480s] Level 1:colcon.colcon_core.package_identification:_identify(ros2) by extension 'ignore'
[1.480s] Level 1:colcon.colcon_core.package_identification:_identify(ros2) by extension 'ignore_ament_install'
[1.480s] Level 1:colcon.colcon_core.package_identification:_identify(ros2) by extensions ['colcon_pkg']
[1.480s] Level 1:colcon.colcon_core.package_identification:_identify(ros2) by extension 'colcon_pkg'
[1.480s] Level 1:colcon.colcon_core.package_identification:_identify(ros2) by extensions ['colcon_meta']
[1.480s] Level 1:colcon.colcon_core.package_identification:_identify(ros2) by extension 'colcon_meta'
[1.480s] Level 1:colcon.colcon_core.package_identification:_identify(ros2) by extensions ['ros']
[1.480s] Level 1:colcon.colcon_core.package_identification:_identify(ros2) by extension 'ros'
[1.480s] Level 1:colcon.colcon_core.package_identification:_identify(ros2) by extensions ['cmake', 'python']
[1.480s] Level 1:colcon.colcon_core.package_identification:_identify(ros2) by extension 'cmake'
[1.480s] Level 1:colcon.colcon_core.package_identification:_identify(ros2) by extension 'python'
[1.480s] Level 1:colcon.colcon_core.package_identification:_identify(ros2) by extensions ['python_setup_py']
[1.480s] Level 1:colcon.colcon_core.package_identification:_identify(ros2) by extension 'python_setup_py'
[1.480s] Level 1:colcon.colcon_core.package_identification:_identify(ros2/src) by extensions ['ignore', 'ignore_ament_install']
[1.480s] Level 1:colcon.colcon_core.package_identification:_identify(ros2/src) by extension 'ignore'
[1.480s] Level 1:colcon.colcon_core.package_identification:_identify(ros2/src) by extension 'ignore_ament_install'
[1.480s] Level 1:colcon.colcon_core.package_identification:_identify(ros2/src) by extensions ['colcon_pkg']
[1.480s] Level 1:colcon.colcon_core.package_identification:_identify(ros2/src) by extension 'colcon_pkg'
[1.480s] Level 1:colcon.colcon_core.package_identification:_identify(ros2/src) by extensions ['colcon_meta']
[1.480s] Level 1:colcon.colcon_core.package_identification:_identify(ros2/src) by extension 'colcon_meta'
[1.480s] Level 1:colcon.colcon_core.package_identification:_identify(ros2/src) by extensions ['ros']
[1.480s] Level 1:colcon.colcon_core.package_identification:_identify(ros2/src) by extension 'ros'
[1.480s] Level 1:colcon.colcon_core.package_identification:_identify(ros2/src) by extensions ['cmake', 'python']
[1.480s] Level 1:colcon.colcon_core.package_identification:_identify(ros2/src) by extension 'cmake'
[1.480s] Level 1:colcon.colcon_core.package_identification:_identify(ros2/src) by extension 'python'
[1.480s] Level 1:colcon.colcon_core.package_identification:_identify(ros2/src) by extensions ['python_setup_py']
[1.480s] Level 1:colcon.colcon_core.package_identification:_identify(ros2/src) by extension 'python_setup_py'
[1.480s] Level 1:colcon.colcon_core.package_identification:_identify(ros2/src/isaac_ros_nitros) by extensions ['ignore', 'ignore_ament_install']
[1.480s] Level 1:colcon.colcon_core.package_identification:_identify(ros2/src/isaac_ros_nitros) by extension 'ignore'
[1.480s] Level 1:colcon.colcon_core.package_identification:_identify(ros2/src/isaac_ros_nitros) by extension 'ignore_ament_install'
[1.480s] Level 1:colcon.colcon_core.package_identification:_identify(ros2/src/isaac_ros_nitros) by extensions ['colcon_pkg']
[1.480s] Level 1:colcon.colcon_core.package_identification:_identify(ros2/src/isaac_ros_nitros) by extension 'colcon_pkg'
[1.481s] Level 1:colcon.colcon_core.package_identification:_identify(ros2/src/isaac_ros_nitros) by extensions ['colcon_meta']
[1.481s] Level 1:colcon.colcon_core.package_identification:_identify(ros2/src/isaac_ros_nitros) by extension 'colcon_meta'
[1.481s] Level 1:colcon.colcon_core.package_identification:_identify(ros2/src/isaac_ros_nitros) by extensions ['ros']
[1.481s] Level 1:colcon.colcon_core.package_identification:_identify(ros2/src/isaac_ros_nitros) by extension 'ros'
[1.481s] Level 1:colcon.colcon_core.package_identification:_identify(ros2/src/isaac_ros_nitros) by extensions ['cmake', 'python']
[1.481s] Level 1:colcon.colcon_core.package_identification:_identify(ros2/src/isaac_ros_nitros) by extension 'cmake'
[1.481s] Level 1:colcon.colcon_core.package_identification:_identify(ros2/src/isaac_ros_nitros) by extension 'python'
[1.481s] Level 1:colcon.colcon_core.package_identification:_identify(ros2/src/isaac_ros_nitros) by extensions ['python_setup_py']
[1.481s] Level 1:colcon.colcon_core.package_identification:_identify(ros2/src/isaac_ros_nitros) by extension 'python_setup_py'
[1.481s] Level 1:colcon.colcon_core.package_identification:_identify(ros2/src/isaac_ros_nitros/isaac_ros_gxf) by extensions ['ignore', 'ignore_ament_install']
[1.481s] Level 1:colcon.colcon_core.package_identification:_identify(ros2/src/isaac_ros_nitros/isaac_ros_gxf) by extension 'ignore'
[1.481s] Level 1:colcon.colcon_core.package_identification:_identify(ros2/src/isaac_ros_nitros/isaac_ros_gxf) by extension 'ignore_ament_install'
[1.481s] Level 1:colcon.colcon_core.package_identification:_identify(ros2/src/isaac_ros_nitros/isaac_ros_gxf) by extensions ['colcon_pkg']
[1.481s] Level 1:colcon.colcon_core.package_identification:_identify(ros2/src/isaac_ros_nitros/isaac_ros_gxf) by extension 'colcon_pkg'
[1.481s] Level 1:colcon.colcon_core.package_identification:_identify(ros2/src/isaac_ros_nitros/isaac_ros_gxf) by extensions ['colcon_meta']
[1.481s] Level 1:colcon.colcon_core.package_identification:_identify(ros2/src/isaac_ros_nitros/isaac_ros_gxf) by extension 'colcon_meta'
[1.481s] Level 1:colcon.colcon_core.package_identification:_identify(ros2/src/isaac_ros_nitros/isaac_ros_gxf) by extensions ['ros']
[1.481s] Level 1:colcon.colcon_core.package_identification:_identify(ros2/src/isaac_ros_nitros/isaac_ros_gxf) by extension 'ros'
[1.482s] DEBUG:colcon.colcon_core.package_identification:Package 'ros2/src/isaac_ros_nitros/isaac_ros_gxf' with type 'ros.ament_cmake' and name 'isaac_ros_gxf'
[1.483s] Level 1:colcon.colcon_core.package_identification:_identify(ros2/src/isaac_ros_nitros/isaac_ros_gxf_extensions) by extensions ['ignore', 'ignore_ament_install']
[1.483s] Level 1:colcon.colcon_core.package_identification:_identify(ros2/src/isaac_ros_nitros/isaac_ros_gxf_extensions) by extension 'ignore'
[1.483s] Level 1:colcon.colcon_core.package_identification:_identify(ros2/src/isaac_ros_nitros/isaac_ros_gxf_extensions) by extension 'ignore_ament_install'
[1.483s] Level 1:colcon.colcon_core.package_identification:_identify(ros2/src/isaac_ros_nitros/isaac_ros_gxf_extensions) by extensions ['colcon_pkg']
[1.483s] Level 1:colcon.colcon_core.package_identification:_identify(ros2/src/isaac_ros_nitros/isaac_ros_gxf_extensions) by extension 'colcon_pkg'
[1.483s] Level 1:colcon.colcon_core.package_identification:_identify(ros2/src/isaac_ros_nitros/isaac_ros_gxf_extensions) by extensions ['colcon_meta']
[1.483s] Level 1:colcon.colcon_core.package_identification:_identify(ros2/src/isaac_ros_nitros/isaac_ros_gxf_extensions) by extension 'colcon_meta'
[1.483s] Level 1:colcon.colcon_core.package_identification:_identify(ros2/src/isaac_ros_nitros/isaac_ros_gxf_extensions) by extensions ['ros']
[1.483s] Level 1:colcon.colcon_core.package_identification:_identify(ros2/src/isaac_ros_nitros/isaac_ros_gxf_extensions) by extension 'ros'
[1.483s] Level 1:colcon.colcon_core.package_identification:_identify(ros2/src/isaac_ros_nitros/isaac_ros_gxf_extensions) by extensions ['cmake', 'python']
[1.483s] Level 1:colcon.colcon_core.package_identification:_identify(ros2/src/isaac_ros_nitros/isaac_ros_gxf_extensions) by extension 'cmake'
[1.483s] Level 1:colcon.colcon_core.package_identification:_identify(ros2/src/isaac_ros_nitros/isaac_ros_gxf_extensions) by extension 'python'
[1.483s] Level 1:colcon.colcon_core.package_identification:_identify(ros2/src/isaac_ros_nitros/isaac_ros_gxf_extensions) by extensions ['python_setup_py']
[1.483s] Level 1:colcon.colcon_core.package_identification:_identify(ros2/src/isaac_ros_nitros/isaac_ros_gxf_extensions) by extension 'python_setup_py'
[1.483s] Level 1:colcon.colcon_core.package_identification:_identify(ros2/src/isaac_ros_nitros/isaac_ros_gxf_extensions/gxf_isaac_argus) by extensions ['ignore', 'ignore_ament_install']
[1.483s] Level 1:colcon.colcon_core.package_identification:_identify(ros2/src/isaac_ros_nitros/isaac_ros_gxf_extensions/gxf_isaac_argus) by extension 'ignore'
[1.483s] Level 1:colcon.colcon_core.package_identification:_identify(ros2/src/isaac_ros_nitros/isaac_ros_gxf_extensions/gxf_isaac_argus) by extension 'ignore_ament_install'
[1.483s] Level 1:colcon.colcon_core.package_identification:_identify(ros2/src/isaac_ros_nitros/isaac_ros_gxf_extensions/gxf_isaac_argus) by extensions ['colcon_pkg']
[1.483s] Level 1:colcon.colcon_core.package_identification:_identify(ros2/src/isaac_ros_nitros/isaac_ros_gxf_extensions/gxf_isaac_argus) by extension 'colcon_pkg'
[1.483s] Level 1:colcon.colcon_core.package_identification:_identify(ros2/src/isaac_ros_nitros/isaac_ros_gxf_extensions/gxf_isaac_argus) by extensions ['colcon_meta']
[1.483s] Level 1:colcon.colcon_core.package_identification:_identify(ros2/src/isaac_ros_nitros/isaac_ros_gxf_extensions/gxf_isaac_argus) by extension 'colcon_meta'
[1.483s] Level 1:colcon.colcon_core.package_identification:_identify(ros2/src/isaac_ros_nitros/isaac_ros_gxf_extensions/gxf_isaac_argus) by extensions ['ros']
[1.483s] Level 1:colcon.colcon_core.package_identification:_identify(ros2/src/isaac_ros_nitros/isaac_ros_gxf_extensions/gxf_isaac_argus) by extension 'ros'
[1.483s] DEBUG:colcon.colcon_core.package_identification:Package 'ros2/src/isaac_ros_nitros/isaac_ros_gxf_extensions/gxf_isaac_argus' with type 'ros.ament_cmake' and name 'gxf_isaac_argus'
[1.483s] Level 1:colcon.colcon_core.package_identification:_identify(ros2/src/isaac_ros_nitros/isaac_ros_gxf_extensions/gxf_isaac_atlas) by extensions ['ignore', 'ignore_ament_install']
[1.484s] Level 1:colcon.colcon_core.package_identification:_identify(ros2/src/isaac_ros_nitros/isaac_ros_gxf_extensions/gxf_isaac_atlas) by extension 'ignore'
[1.484s] Level 1:colcon.colcon_core.package_identification:_identify(ros2/src/isaac_ros_nitros/isaac_ros_gxf_extensions/gxf_isaac_atlas) by extension 'ignore_ament_install'
[1.484s] Level 1:colcon.colcon_core.package_identification:_identify(ros2/src/isaac_ros_nitros/isaac_ros_gxf_extensions/gxf_isaac_atlas) by extensions ['colcon_pkg']
[1.484s] Level 1:colcon.colcon_core.package_identification:_identify(ros2/src/isaac_ros_nitros/isaac_ros_gxf_extensions/gxf_isaac_atlas) by extension 'colcon_pkg'
[1.484s] Level 1:colcon.colcon_core.package_identification:_identify(ros2/src/isaac_ros_nitros/isaac_ros_gxf_extensions/gxf_isaac_atlas) by extensions ['colcon_meta']
[1.484s] Level 1:colcon.colcon_core.package_identification:_identify(ros2/src/isaac_ros_nitros/isaac_ros_gxf_extensions/gxf_isaac_atlas) by extension 'colcon_meta'
[1.484s] Level 1:colcon.colcon_core.package_identification:_identify(ros2/src/isaac_ros_nitros/isaac_ros_gxf_extensions/gxf_isaac_atlas) by extensions ['ros']
[1.484s] Level 1:colcon.colcon_core.package_identification:_identify(ros2/src/isaac_ros_nitros/isaac_ros_gxf_extensions/gxf_isaac_atlas) by extension 'ros'
[1.484s] DEBUG:colcon.colcon_core.package_identification:Package 'ros2/src/isaac_ros_nitros/isaac_ros_gxf_extensions/gxf_isaac_atlas' with type 'ros.ament_cmake' and name 'gxf_isaac_atlas'
[1.484s] Level 1:colcon.colcon_core.package_identification:_identify(ros2/src/isaac_ros_nitros/isaac_ros_gxf_extensions/gxf_isaac_cuda) by extensions ['ignore', 'ignore_ament_install']
[1.484s] Level 1:colcon.colcon_core.package_identification:_identify(ros2/src/isaac_ros_nitros/isaac_ros_gxf_extensions/gxf_isaac_cuda) by extension 'ignore'
[1.484s] Level 1:colcon.colcon_core.package_identification:_identify(ros2/src/isaac_ros_nitros/isaac_ros_gxf_extensions/gxf_isaac_cuda) by extension 'ignore_ament_install'
[1.484s] Level 1:colcon.colcon_core.package_identification:_identify(ros2/src/isaac_ros_nitros/isaac_ros_gxf_extensions/gxf_isaac_cuda) by extensions ['colcon_pkg']
[1.484s] Level 1:colcon.colcon_core.package_identification:_identify(ros2/src/isaac_ros_nitros/isaac_ros_gxf_extensions/gxf_isaac_cuda) by extension 'colcon_pkg'
[1.484s] Level 1:colcon.colcon_core.package_identification:_identify(ros2/src/isaac_ros_nitros/isaac_ros_gxf_extensions/gxf_isaac_cuda) by extensions ['colcon_meta']
[1.484s] Level 1:colcon.colcon_core.package_identification:_identify(ros2/src/isaac_ros_nitros/isaac_ros_gxf_extensions/gxf_isaac_cuda) by extension 'colcon_meta'
[1.484s] Level 1:colcon.colcon_core.package_identification:_identify(ros2/src/isaac_ros_nitros/isaac_ros_gxf_extensions/gxf_isaac_cuda) by extensions ['ros']
[1.484s] Level 1:colcon.colcon_core.package_identification:_identify(ros2/src/isaac_ros_nitros/isaac_ros_gxf_extensions/gxf_isaac_cuda) by extension 'ros'
[1.485s] DEBUG:colcon.colcon_core.package_identification:Package 'ros2/src/isaac_ros_nitros/isaac_ros_gxf_extensions/gxf_isaac_cuda' with type 'ros.ament_cmake' and name 'gxf_isaac_cuda'
[1.485s] Level 1:colcon.colcon_core.package_identification:_identify(ros2/src/isaac_ros_nitros/isaac_ros_gxf_extensions/gxf_isaac_flatscan_localization) by extensions ['ignore', 'ignore_ament_install']
[1.485s] Level 1:colcon.colcon_core.package_identification:_identify(ros2/src/isaac_ros_nitros/isaac_ros_gxf_extensions/gxf_isaac_flatscan_localization) by extension 'ignore'
[1.485s] Level 1:colcon.colcon_core.package_identification:_identify(ros2/src/isaac_ros_nitros/isaac_ros_gxf_extensions/gxf_isaac_flatscan_localization) by extension 'ignore_ament_install'
[1.485s] Level 1:colcon.colcon_core.package_identification:_identify(ros2/src/isaac_ros_nitros/isaac_ros_gxf_extensions/gxf_isaac_flatscan_localization) by extensions ['colcon_pkg']
[1.485s] Level 1:colcon.colcon_core.package_identification:_identify(ros2/src/isaac_ros_nitros/isaac_ros_gxf_extensions/gxf_isaac_flatscan_localization) by extension 'colcon_pkg'
[1.485s] Level 1:colcon.colcon_core.package_identification:_identify(ros2/src/isaac_ros_nitros/isaac_ros_gxf_extensions/gxf_isaac_flatscan_localization) by extensions ['colcon_meta']
[1.485s] Level 1:colcon.colcon_core.package_identification:_identify(ros2/src/isaac_ros_nitros/isaac_ros_gxf_extensions/gxf_isaac_flatscan_localization) by extension 'colcon_meta'
[1.485s] Level 1:colcon.colcon_core.package_identification:_identify(ros2/src/isaac_ros_nitros/isaac_ros_gxf_extensions/gxf_isaac_flatscan_localization) by extensions ['ros']
[1.485s] Level 1:colcon.colcon_core.package_identification:_identify(ros2/src/isaac_ros_nitros/isaac_ros_gxf_extensions/gxf_isaac_flatscan_localization) by extension 'ros'
[1.485s] DEBUG:colcon.colcon_core.package_identification:Package 'ros2/src/isaac_ros_nitros/isaac_ros_gxf_extensions/gxf_isaac_flatscan_localization' with type 'ros.ament_cmake' and name 'gxf_isaac_flatscan_localization'
[1.485s] Level 1:colcon.colcon_core.package_identification:_identify(ros2/src/isaac_ros_nitros/isaac_ros_gxf_extensions/gxf_isaac_gems) by extensions ['ignore', 'ignore_ament_install']
[1.485s] Level 1:colcon.colcon_core.package_identification:_identify(ros2/src/isaac_ros_nitros/isaac_ros_gxf_extensions/gxf_isaac_gems) by extension 'ignore'
[1.485s] Level 1:colcon.colcon_core.package_identification:_identify(ros2/src/isaac_ros_nitros/isaac_ros_gxf_extensions/gxf_isaac_gems) by extension 'ignore_ament_install'
[1.485s] Level 1:colcon.colcon_core.package_identification:_identify(ros2/src/isaac_ros_nitros/isaac_ros_gxf_extensions/gxf_isaac_gems) by extensions ['colcon_pkg']
[1.485s] Level 1:colcon.colcon_core.package_identification:_identify(ros2/src/isaac_ros_nitros/isaac_ros_gxf_extensions/gxf_isaac_gems) by extension 'colcon_pkg'
[1.485s] Level 1:colcon.colcon_core.package_identification:_identify(ros2/src/isaac_ros_nitros/isaac_ros_gxf_extensions/gxf_isaac_gems) by extensions ['colcon_meta']
[1.485s] Level 1:colcon.colcon_core.package_identification:_identify(ros2/src/isaac_ros_nitros/isaac_ros_gxf_extensions/gxf_isaac_gems) by extension 'colcon_meta'
[1.485s] Level 1:colcon.colcon_core.package_identification:_identify(ros2/src/isaac_ros_nitros/isaac_ros_gxf_extensions/gxf_isaac_gems) by extensions ['ros']
[1.485s] Level 1:colcon.colcon_core.package_identification:_identify(ros2/src/isaac_ros_nitros/isaac_ros_gxf_extensions/gxf_isaac_gems) by extension 'ros'
[1.486s] DEBUG:colcon.colcon_core.package_identification:Package 'ros2/src/isaac_ros_nitros/isaac_ros_gxf_extensions/gxf_isaac_gems' with type 'ros.ament_cmake' and name 'gxf_isaac_gems'
[1.486s] Level 1:colcon.colcon_core.package_identification:_identify(ros2/src/isaac_ros_nitros/isaac_ros_gxf_extensions/gxf_isaac_gxf_helpers) by extensions ['ignore', 'ignore_ament_install']
[1.486s] Level 1:colcon.colcon_core.package_identification:_identify(ros2/src/isaac_ros_nitros/isaac_ros_gxf_extensions/gxf_isaac_gxf_helpers) by extension 'ignore'
[1.486s] Level 1:colcon.colcon_core.package_identification:_identify(ros2/src/isaac_ros_nitros/isaac_ros_gxf_extensions/gxf_isaac_gxf_helpers) by extension 'ignore_ament_install'
[1.486s] Level 1:colcon.colcon_core.package_identification:_identify(ros2/src/isaac_ros_nitros/isaac_ros_gxf_extensions/gxf_isaac_gxf_helpers) by extensions ['colcon_pkg']
[1.486s] Level 1:colcon.colcon_core.package_identification:_identify(ros2/src/isaac_ros_nitros/isaac_ros_gxf_extensions/gxf_isaac_gxf_helpers) by extension 'colcon_pkg'
[1.486s] Level 1:colcon.colcon_core.package_identification:_identify(ros2/src/isaac_ros_nitros/isaac_ros_gxf_extensions/gxf_isaac_gxf_helpers) by extensions ['colcon_meta']
[1.486s] Level 1:colcon.colcon_core.package_identification:_identify(ros2/src/isaac_ros_nitros/isaac_ros_gxf_extensions/gxf_isaac_gxf_helpers) by extension 'colcon_meta'
[1.486s] Level 1:colcon.colcon_core.package_identification:_identify(ros2/src/isaac_ros_nitros/isaac_ros_gxf_extensions/gxf_isaac_gxf_helpers) by extensions ['ros']
[1.486s] Level 1:colcon.colcon_core.package_identification:_identify(ros2/src/isaac_ros_nitros/isaac_ros_gxf_extensions/gxf_isaac_gxf_helpers) by extension 'ros'
[1.486s] DEBUG:colcon.colcon_core.package_identification:Package 'ros2/src/isaac_ros_nitros/isaac_ros_gxf_extensions/gxf_isaac_gxf_helpers' with type 'ros.ament_cmake' and name 'gxf_isaac_gxf_helpers'
[1.486s] Level 1:colcon.colcon_core.package_identification:_identify(ros2/src/isaac_ros_nitros/isaac_ros_gxf_extensions/gxf_isaac_hesai) by extensions ['ignore', 'ignore_ament_install']
[1.487s] Level 1:colcon.colcon_core.package_identification:_identify(ros2/src/isaac_ros_nitros/isaac_ros_gxf_extensions/gxf_isaac_hesai) by extension 'ignore'
[1.487s] Level 1:colcon.colcon_core.package_identification:_identify(ros2/src/isaac_ros_nitros/isaac_ros_gxf_extensions/gxf_isaac_hesai) by extension 'ignore_ament_install'
[1.487s] Level 1:colcon.colcon_core.package_identification:_identify(ros2/src/isaac_ros_nitros/isaac_ros_gxf_extensions/gxf_isaac_hesai) by extensions ['colcon_pkg']
[1.487s] Level 1:colcon.colcon_core.package_identification:_identify(ros2/src/isaac_ros_nitros/isaac_ros_gxf_extensions/gxf_isaac_hesai) by extension 'colcon_pkg'
[1.487s] Level 1:colcon.colcon_core.package_identification:_identify(ros2/src/isaac_ros_nitros/isaac_ros_gxf_extensions/gxf_isaac_hesai) by extensions ['colcon_meta']
[1.487s] Level 1:colcon.colcon_core.package_identification:_identify(ros2/src/isaac_ros_nitros/isaac_ros_gxf_extensions/gxf_isaac_hesai) by extension 'colcon_meta'
[1.487s] Level 1:colcon.colcon_core.package_identification:_identify(ros2/src/isaac_ros_nitros/isaac_ros_gxf_extensions/gxf_isaac_hesai) by extensions ['ros']
[1.487s] Level 1:colcon.colcon_core.package_identification:_identify(ros2/src/isaac_ros_nitros/isaac_ros_gxf_extensions/gxf_isaac_hesai) by extension 'ros'
[1.487s] DEBUG:colcon.colcon_core.package_identification:Package 'ros2/src/isaac_ros_nitros/isaac_ros_gxf_extensions/gxf_isaac_hesai' with type 'ros.ament_cmake' and name 'gxf_isaac_hesai'
[1.487s] Level 1:colcon.colcon_core.package_identification:_identify(ros2/src/isaac_ros_nitros/isaac_ros_gxf_extensions/gxf_isaac_localization) by extensions ['ignore', 'ignore_ament_install']
[1.487s] Level 1:colcon.colcon_core.package_identification:_identify(ros2/src/isaac_ros_nitros/isaac_ros_gxf_extensions/gxf_isaac_localization) by extension 'ignore'
[1.487s] Level 1:colcon.colcon_core.package_identification:_identify(ros2/src/isaac_ros_nitros/isaac_ros_gxf_extensions/gxf_isaac_localization) by extension 'ignore_ament_install'
[1.487s] Level 1:colcon.colcon_core.package_identification:_identify(ros2/src/isaac_ros_nitros/isaac_ros_gxf_extensions/gxf_isaac_localization) by extensions ['colcon_pkg']
[1.487s] Level 1:colcon.colcon_core.package_identification:_identify(ros2/src/isaac_ros_nitros/isaac_ros_gxf_extensions/gxf_isaac_localization) by extension 'colcon_pkg'
[1.487s] Level 1:colcon.colcon_core.package_identification:_identify(ros2/src/isaac_ros_nitros/isaac_ros_gxf_extensions/gxf_isaac_localization) by extensions ['colcon_meta']
[1.487s] Level 1:colcon.colcon_core.package_identification:_identify(ros2/src/isaac_ros_nitros/isaac_ros_gxf_extensions/gxf_isaac_localization) by extension 'colcon_meta'
[1.487s] Level 1:colcon.colcon_core.package_identification:_identify(ros2/src/isaac_ros_nitros/isaac_ros_gxf_extensions/gxf_isaac_localization) by extensions ['ros']
[1.487s] Level 1:colcon.colcon_core.package_identification:_identify(ros2/src/isaac_ros_nitros/isaac_ros_gxf_extensions/gxf_isaac_localization) by extension 'ros'
[1.488s] DEBUG:colcon.colcon_core.package_identification:Package 'ros2/src/isaac_ros_nitros/isaac_ros_gxf_extensions/gxf_isaac_localization' with type 'ros.ament_cmake' and name 'gxf_isaac_localization'
[1.488s] Level 1:colcon.colcon_core.package_identification:_identify(ros2/src/isaac_ros_nitros/isaac_ros_gxf_extensions/gxf_isaac_message_compositor) by extensions ['ignore', 'ignore_ament_install']
[1.488s] Level 1:colcon.colcon_core.package_identification:_identify(ros2/src/isaac_ros_nitros/isaac_ros_gxf_extensions/gxf_isaac_message_compositor) by extension 'ignore'
[1.488s] Level 1:colcon.colcon_core.package_identification:_identify(ros2/src/isaac_ros_nitros/isaac_ros_gxf_extensions/gxf_isaac_message_compositor) by extension 'ignore_ament_install'
[1.488s] Level 1:colcon.colcon_core.package_identification:_identify(ros2/src/isaac_ros_nitros/isaac_ros_gxf_extensions/gxf_isaac_message_compositor) by extensions ['colcon_pkg']
[1.488s] Level 1:colcon.colcon_core.package_identification:_identify(ros2/src/isaac_ros_nitros/isaac_ros_gxf_extensions/gxf_isaac_message_compositor) by extension 'colcon_pkg'
[1.488s] Level 1:colcon.colcon_core.package_identification:_identify(ros2/src/isaac_ros_nitros/isaac_ros_gxf_extensions/gxf_isaac_message_compositor) by extensions ['colcon_meta']
[1.488s] Level 1:colcon.colcon_core.package_identification:_identify(ros2/src/isaac_ros_nitros/isaac_ros_gxf_extensions/gxf_isaac_message_compositor) by extension 'colcon_meta'
[1.488s] Level 1:colcon.colcon_core.package_identification:_identify(ros2/src/isaac_ros_nitros/isaac_ros_gxf_extensions/gxf_isaac_message_compositor) by extensions ['ros']
[1.488s] Level 1:colcon.colcon_core.package_identification:_identify(ros2/src/isaac_ros_nitros/isaac_ros_gxf_extensions/gxf_isaac_message_compositor) by extension 'ros'
[1.488s] DEBUG:colcon.colcon_core.package_identification:Package 'ros2/src/isaac_ros_nitros/isaac_ros_gxf_extensions/gxf_isaac_message_compositor' with type 'ros.ament_cmake' and name 'gxf_isaac_message_compositor'
[1.488s] Level 1:colcon.colcon_core.package_identification:_identify(ros2/src/isaac_ros_nitros/isaac_ros_gxf_extensions/gxf_isaac_messages) by extensions ['ignore', 'ignore_ament_install']
[1.488s] Level 1:colcon.colcon_core.package_identification:_identify(ros2/src/isaac_ros_nitros/isaac_ros_gxf_extensions/gxf_isaac_messages) by extension 'ignore'
[1.488s] Level 1:colcon.colcon_core.package_identification:_identify(ros2/src/isaac_ros_nitros/isaac_ros_gxf_extensions/gxf_isaac_messages) by extension 'ignore_ament_install'
[1.488s] Level 1:colcon.colcon_core.package_identification:_identify(ros2/src/isaac_ros_nitros/isaac_ros_gxf_extensions/gxf_isaac_messages) by extensions ['colcon_pkg']
[1.488s] Level 1:colcon.colcon_core.package_identification:_identify(ros2/src/isaac_ros_nitros/isaac_ros_gxf_extensions/gxf_isaac_messages) by extension 'colcon_pkg'
[1.488s] Level 1:colcon.colcon_core.package_identification:_identify(ros2/src/isaac_ros_nitros/isaac_ros_gxf_extensions/gxf_isaac_messages) by extensions ['colcon_meta']
[1.488s] Level 1:colcon.colcon_core.package_identification:_identify(ros2/src/isaac_ros_nitros/isaac_ros_gxf_extensions/gxf_isaac_messages) by extension 'colcon_meta'
[1.488s] Level 1:colcon.colcon_core.package_identification:_identify(ros2/src/isaac_ros_nitros/isaac_ros_gxf_extensions/gxf_isaac_messages) by extensions ['ros']
[1.488s] Level 1:colcon.colcon_core.package_identification:_identify(ros2/src/isaac_ros_nitros/isaac_ros_gxf_extensions/gxf_isaac_messages) by extension 'ros'
[1.489s] DEBUG:colcon.colcon_core.package_identification:Package 'ros2/src/isaac_ros_nitros/isaac_ros_gxf_extensions/gxf_isaac_messages' with type 'ros.ament_cmake' and name 'gxf_isaac_messages'
[1.489s] Level 1:colcon.colcon_core.package_identification:_identify(ros2/src/isaac_ros_nitros/isaac_ros_gxf_extensions/gxf_isaac_messages_throttler) by extensions ['ignore', 'ignore_ament_install']
[1.489s] Level 1:colcon.colcon_core.package_identification:_identify(ros2/src/isaac_ros_nitros/isaac_ros_gxf_extensions/gxf_isaac_messages_throttler) by extension 'ignore'
[1.489s] Level 1:colcon.colcon_core.package_identification:_identify(ros2/src/isaac_ros_nitros/isaac_ros_gxf_extensions/gxf_isaac_messages_throttler) by extension 'ignore_ament_install'
[1.489s] Level 1:colcon.colcon_core.package_identification:_identify(ros2/src/isaac_ros_nitros/isaac_ros_gxf_extensions/gxf_isaac_messages_throttler) by extensions ['colcon_pkg']
[1.489s] Level 1:colcon.colcon_core.package_identification:_identify(ros2/src/isaac_ros_nitros/isaac_ros_gxf_extensions/gxf_isaac_messages_throttler) by extension 'colcon_pkg'
[1.489s] Level 1:colcon.colcon_core.package_identification:_identify(ros2/src/isaac_ros_nitros/isaac_ros_gxf_extensions/gxf_isaac_messages_throttler) by extensions ['colcon_meta']
[1.489s] Level 1:colcon.colcon_core.package_identification:_identify(ros2/src/isaac_ros_nitros/isaac_ros_gxf_extensions/gxf_isaac_messages_throttler) by extension 'colcon_meta'
[1.489s] Level 1:colcon.colcon_core.package_identification:_identify(ros2/src/isaac_ros_nitros/isaac_ros_gxf_extensions/gxf_isaac_messages_throttler) by extensions ['ros']
[1.489s] Level 1:colcon.colcon_core.package_identification:_identify(ros2/src/isaac_ros_nitros/isaac_ros_gxf_extensions/gxf_isaac_messages_throttler) by extension 'ros'
[1.489s] DEBUG:colcon.colcon_core.package_identification:Package 'ros2/src/isaac_ros_nitros/isaac_ros_gxf_extensions/gxf_isaac_messages_throttler' with type 'ros.ament_cmake' and name 'gxf_isaac_messages_throttler'
[1.489s] Level 1:colcon.colcon_core.package_identification:_identify(ros2/src/isaac_ros_nitros/isaac_ros_gxf_extensions/gxf_isaac_optimizer) by extensions ['ignore', 'ignore_ament_install']
[1.489s] Level 1:colcon.colcon_core.package_identification:_identify(ros2/src/isaac_ros_nitros/isaac_ros_gxf_extensions/gxf_isaac_optimizer) by extension 'ignore'
[1.489s] Level 1:colcon.colcon_core.package_identification:_identify(ros2/src/isaac_ros_nitros/isaac_ros_gxf_extensions/gxf_isaac_optimizer) by extension 'ignore_ament_install'
[1.490s] Level 1:colcon.colcon_core.package_identification:_identify(ros2/src/isaac_ros_nitros/isaac_ros_gxf_extensions/gxf_isaac_optimizer) by extensions ['colcon_pkg']
[1.490s] Level 1:colcon.colcon_core.package_identification:_identify(ros2/src/isaac_ros_nitros/isaac_ros_gxf_extensions/gxf_isaac_optimizer) by extension 'colcon_pkg'
[1.490s] Level 1:colcon.colcon_core.package_identification:_identify(ros2/src/isaac_ros_nitros/isaac_ros_gxf_extensions/gxf_isaac_optimizer) by extensions ['colcon_meta']
[1.490s] Level 1:colcon.colcon_core.package_identification:_identify(ros2/src/isaac_ros_nitros/isaac_ros_gxf_extensions/gxf_isaac_optimizer) by extension 'colcon_meta'
[1.490s] Level 1:colcon.colcon_core.package_identification:_identify(ros2/src/isaac_ros_nitros/isaac_ros_gxf_extensions/gxf_isaac_optimizer) by extensions ['ros']
[1.490s] Level 1:colcon.colcon_core.package_identification:_identify(ros2/src/isaac_ros_nitros/isaac_ros_gxf_extensions/gxf_isaac_optimizer) by extension 'ros'
[1.490s] DEBUG:colcon.colcon_core.package_identification:Package 'ros2/src/isaac_ros_nitros/isaac_ros_gxf_extensions/gxf_isaac_optimizer' with type 'ros.ament_cmake' and name 'gxf_isaac_optimizer'
[1.490s] Level 1:colcon.colcon_core.package_identification:_identify(ros2/src/isaac_ros_nitros/isaac_ros_gxf_extensions/gxf_isaac_point_cloud) by extensions ['ignore', 'ignore_ament_install']
[1.490s] Level 1:colcon.colcon_core.package_identification:_identify(ros2/src/isaac_ros_nitros/isaac_ros_gxf_extensions/gxf_isaac_point_cloud) by extension 'ignore'
[1.490s] Level 1:colcon.colcon_core.package_identification:_identify(ros2/src/isaac_ros_nitros/isaac_ros_gxf_extensions/gxf_isaac_point_cloud) by extension 'ignore_ament_install'
[1.490s] Level 1:colcon.colcon_core.package_identification:_identify(ros2/src/isaac_ros_nitros/isaac_ros_gxf_extensions/gxf_isaac_point_cloud) by extensions ['colcon_pkg']
[1.490s] Level 1:colcon.colcon_core.package_identification:_identify(ros2/src/isaac_ros_nitros/isaac_ros_gxf_extensions/gxf_isaac_point_cloud) by extension 'colcon_pkg'
[1.490s] Level 1:colcon.colcon_core.package_identification:_identify(ros2/src/isaac_ros_nitros/isaac_ros_gxf_extensions/gxf_isaac_point_cloud) by extensions ['colcon_meta']
[1.490s] Level 1:colcon.colcon_core.package_identification:_identify(ros2/src/isaac_ros_nitros/isaac_ros_gxf_extensions/gxf_isaac_point_cloud) by extension 'colcon_meta'
[1.490s] Level 1:colcon.colcon_core.package_identification:_identify(ros2/src/isaac_ros_nitros/isaac_ros_gxf_extensions/gxf_isaac_point_cloud) by extensions ['ros']
[1.490s] Level 1:colcon.colcon_core.package_identification:_identify(ros2/src/isaac_ros_nitros/isaac_ros_gxf_extensions/gxf_isaac_point_cloud) by extension 'ros'
[1.490s] DEBUG:colcon.colcon_core.package_identification:Package 'ros2/src/isaac_ros_nitros/isaac_ros_gxf_extensions/gxf_isaac_point_cloud' with type 'ros.ament_cmake' and name 'gxf_isaac_point_cloud'
[1.491s] Level 1:colcon.colcon_core.package_identification:_identify(ros2/src/isaac_ros_nitros/isaac_ros_gxf_extensions/gxf_isaac_range_scan_processing) by extensions ['ignore', 'ignore_ament_install']
[1.491s] Level 1:colcon.colcon_core.package_identification:_identify(ros2/src/isaac_ros_nitros/isaac_ros_gxf_extensions/gxf_isaac_range_scan_processing) by extension 'ignore'
[1.491s] Level 1:colcon.colcon_core.package_identification:_identify(ros2/src/isaac_ros_nitros/isaac_ros_gxf_extensions/gxf_isaac_range_scan_processing) by extension 'ignore_ament_install'
[1.491s] Level 1:colcon.colcon_core.package_identification:_identify(ros2/src/isaac_ros_nitros/isaac_ros_gxf_extensions/gxf_isaac_range_scan_processing) by extensions ['colcon_pkg']
[1.491s] Level 1:colcon.colcon_core.package_identification:_identify(ros2/src/isaac_ros_nitros/isaac_ros_gxf_extensions/gxf_isaac_range_scan_processing) by extension 'colcon_pkg'
[1.491s] Level 1:colcon.colcon_core.package_identification:_identify(ros2/src/isaac_ros_nitros/isaac_ros_gxf_extensions/gxf_isaac_range_scan_processing) by extensions ['colcon_meta']
[1.491s] Level 1:colcon.colcon_core.package_identification:_identify(ros2/src/isaac_ros_nitros/isaac_ros_gxf_extensions/gxf_isaac_range_scan_processing) by extension 'colcon_meta'
[1.491s] Level 1:colcon.colcon_core.package_identification:_identify(ros2/src/isaac_ros_nitros/isaac_ros_gxf_extensions/gxf_isaac_range_scan_processing) by extensions ['ros']
[1.491s] Level 1:colcon.colcon_core.package_identification:_identify(ros2/src/isaac_ros_nitros/isaac_ros_gxf_extensions/gxf_isaac_range_scan_processing) by extension 'ros'
[1.491s] DEBUG:colcon.colcon_core.package_identification:Package 'ros2/src/isaac_ros_nitros/isaac_ros_gxf_extensions/gxf_isaac_range_scan_processing' with type 'ros.ament_cmake' and name 'gxf_isaac_range_scan_processing'
[1.491s] Level 1:colcon.colcon_core.package_identification:_identify(ros2/src/isaac_ros_nitros/isaac_ros_gxf_extensions/gxf_isaac_ros_cuda) by extensions ['ignore', 'ignore_ament_install']
[1.491s] Level 1:colcon.colcon_core.package_identification:_identify(ros2/src/isaac_ros_nitros/isaac_ros_gxf_extensions/gxf_isaac_ros_cuda) by extension 'ignore'
[1.491s] Level 1:colcon.colcon_core.package_identification:_identify(ros2/src/isaac_ros_nitros/isaac_ros_gxf_extensions/gxf_isaac_ros_cuda) by extension 'ignore_ament_install'
[1.491s] Level 1:colcon.colcon_core.package_identification:_identify(ros2/src/isaac_ros_nitros/isaac_ros_gxf_extensions/gxf_isaac_ros_cuda) by extensions ['colcon_pkg']
[1.491s] Level 1:colcon.colcon_core.package_identification:_identify(ros2/src/isaac_ros_nitros/isaac_ros_gxf_extensions/gxf_isaac_ros_cuda) by extension 'colcon_pkg'
[1.491s] Level 1:colcon.colcon_core.package_identification:_identify(ros2/src/isaac_ros_nitros/isaac_ros_gxf_extensions/gxf_isaac_ros_cuda) by extensions ['colcon_meta']
[1.491s] Level 1:colcon.colcon_core.package_identification:_identify(ros2/src/isaac_ros_nitros/isaac_ros_gxf_extensions/gxf_isaac_ros_cuda) by extension 'colcon_meta'
[1.491s] Level 1:colcon.colcon_core.package_identification:_identify(ros2/src/isaac_ros_nitros/isaac_ros_gxf_extensions/gxf_isaac_ros_cuda) by extensions ['ros']
[1.491s] Level 1:colcon.colcon_core.package_identification:_identify(ros2/src/isaac_ros_nitros/isaac_ros_gxf_extensions/gxf_isaac_ros_cuda) by extension 'ros'
[1.492s] DEBUG:colcon.colcon_core.package_identification:Package 'ros2/src/isaac_ros_nitros/isaac_ros_gxf_extensions/gxf_isaac_ros_cuda' with type 'ros.ament_cmake' and name 'gxf_isaac_ros_cuda'
[1.492s] Level 1:colcon.colcon_core.package_identification:_identify(ros2/src/isaac_ros_nitros/isaac_ros_gxf_extensions/gxf_isaac_ros_messages) by extensions ['ignore', 'ignore_ament_install']
[1.492s] Level 1:colcon.colcon_core.package_identification:_identify(ros2/src/isaac_ros_nitros/isaac_ros_gxf_extensions/gxf_isaac_ros_messages) by extension 'ignore'
[1.492s] Level 1:colcon.colcon_core.package_identification:_identify(ros2/src/isaac_ros_nitros/isaac_ros_gxf_extensions/gxf_isaac_ros_messages) by extension 'ignore_ament_install'
[1.492s] Level 1:colcon.colcon_core.package_identification:_identify(ros2/src/isaac_ros_nitros/isaac_ros_gxf_extensions/gxf_isaac_ros_messages) by extensions ['colcon_pkg']
[1.492s] Level 1:colcon.colcon_core.package_identification:_identify(ros2/src/isaac_ros_nitros/isaac_ros_gxf_extensions/gxf_isaac_ros_messages) by extension 'colcon_pkg'
[1.492s] Level 1:colcon.colcon_core.package_identification:_identify(ros2/src/isaac_ros_nitros/isaac_ros_gxf_extensions/gxf_isaac_ros_messages) by extensions ['colcon_meta']
[1.492s] Level 1:colcon.colcon_core.package_identification:_identify(ros2/src/isaac_ros_nitros/isaac_ros_gxf_extensions/gxf_isaac_ros_messages) by extension 'colcon_meta'
[1.492s] Level 1:colcon.colcon_core.package_identification:_identify(ros2/src/isaac_ros_nitros/isaac_ros_gxf_extensions/gxf_isaac_ros_messages) by extensions ['ros']
[1.492s] Level 1:colcon.colcon_core.package_identification:_identify(ros2/src/isaac_ros_nitros/isaac_ros_gxf_extensions/gxf_isaac_ros_messages) by extension 'ros'
[1.492s] DEBUG:colcon.colcon_core.package_identification:Package 'ros2/src/isaac_ros_nitros/isaac_ros_gxf_extensions/gxf_isaac_ros_messages' with type 'ros.ament_cmake' and name 'gxf_isaac_ros_messages'
[1.492s] Level 1:colcon.colcon_core.package_identification:_identify(ros2/src/isaac_ros_nitros/isaac_ros_gxf_extensions/gxf_isaac_segway) by extensions ['ignore', 'ignore_ament_install']
[1.492s] Level 1:colcon.colcon_core.package_identification:_identify(ros2/src/isaac_ros_nitros/isaac_ros_gxf_extensions/gxf_isaac_segway) by extension 'ignore'
[1.492s] Level 1:colcon.colcon_core.package_identification:_identify(ros2/src/isaac_ros_nitros/isaac_ros_gxf_extensions/gxf_isaac_segway) by extension 'ignore_ament_install'
[1.492s] Level 1:colcon.colcon_core.package_identification:_identify(ros2/src/isaac_ros_nitros/isaac_ros_gxf_extensions/gxf_isaac_segway) by extensions ['colcon_pkg']
[1.492s] Level 1:colcon.colcon_core.package_identification:_identify(ros2/src/isaac_ros_nitros/isaac_ros_gxf_extensions/gxf_isaac_segway) by extension 'colcon_pkg'
[1.492s] Level 1:colcon.colcon_core.package_identification:_identify(ros2/src/isaac_ros_nitros/isaac_ros_gxf_extensions/gxf_isaac_segway) by extensions ['colcon_meta']
[1.492s] Level 1:colcon.colcon_core.package_identification:_identify(ros2/src/isaac_ros_nitros/isaac_ros_gxf_extensions/gxf_isaac_segway) by extension 'colcon_meta'
[1.492s] Level 1:colcon.colcon_core.package_identification:_identify(ros2/src/isaac_ros_nitros/isaac_ros_gxf_extensions/gxf_isaac_segway) by extensions ['ros']
[1.492s] Level 1:colcon.colcon_core.package_identification:_identify(ros2/src/isaac_ros_nitros/isaac_ros_gxf_extensions/gxf_isaac_segway) by extension 'ros'
[1.493s] DEBUG:colcon.colcon_core.package_identification:Package 'ros2/src/isaac_ros_nitros/isaac_ros_gxf_extensions/gxf_isaac_segway' with type 'ros.ament_cmake' and name 'gxf_isaac_segway'
[1.493s] Level 1:colcon.colcon_core.package_identification:_identify(ros2/src/isaac_ros_nitros/isaac_ros_gxf_extensions/gxf_isaac_sight) by extensions ['ignore', 'ignore_ament_install']
[1.494s] Level 1:colcon.colcon_core.package_identification:_identify(ros2/src/isaac_ros_nitros/isaac_ros_gxf_extensions/gxf_isaac_sight) by extension 'ignore'
[1.494s] Level 1:colcon.colcon_core.package_identification:_identify(ros2/src/isaac_ros_nitros/isaac_ros_gxf_extensions/gxf_isaac_sight) by extension 'ignore_ament_install'
[1.494s] Level 1:colcon.colcon_core.package_identification:_identify(ros2/src/isaac_ros_nitros/isaac_ros_gxf_extensions/gxf_isaac_sight) by extensions ['colcon_pkg']
[1.494s] Level 1:colcon.colcon_core.package_identification:_identify(ros2/src/isaac_ros_nitros/isaac_ros_gxf_extensions/gxf_isaac_sight) by extension 'colcon_pkg'
[1.494s] Level 1:colcon.colcon_core.package_identification:_identify(ros2/src/isaac_ros_nitros/isaac_ros_gxf_extensions/gxf_isaac_sight) by extensions ['colcon_meta']
[1.494s] Level 1:colcon.colcon_core.package_identification:_identify(ros2/src/isaac_ros_nitros/isaac_ros_gxf_extensions/gxf_isaac_sight) by extension 'colcon_meta'
[1.494s] Level 1:colcon.colcon_core.package_identification:_identify(ros2/src/isaac_ros_nitros/isaac_ros_gxf_extensions/gxf_isaac_sight) by extensions ['ros']
[1.494s] Level 1:colcon.colcon_core.package_identification:_identify(ros2/src/isaac_ros_nitros/isaac_ros_gxf_extensions/gxf_isaac_sight) by extension 'ros'
[1.494s] DEBUG:colcon.colcon_core.package_identification:Package 'ros2/src/isaac_ros_nitros/isaac_ros_gxf_extensions/gxf_isaac_sight' with type 'ros.ament_cmake' and name 'gxf_isaac_sight'
[1.494s] Level 1:colcon.colcon_core.package_identification:_identify(ros2/src/isaac_ros_nitros/isaac_ros_gxf_extensions/gxf_isaac_timestamp_correlator) by extensions ['ignore', 'ignore_ament_install']
[1.494s] Level 1:colcon.colcon_core.package_identification:_identify(ros2/src/isaac_ros_nitros/isaac_ros_gxf_extensions/gxf_isaac_timestamp_correlator) by extension 'ignore'
[1.494s] Level 1:colcon.colcon_core.package_identification:_identify(ros2/src/isaac_ros_nitros/isaac_ros_gxf_extensions/gxf_isaac_timestamp_correlator) by extension 'ignore_ament_install'
[1.494s] Level 1:colcon.colcon_core.package_identification:_identify(ros2/src/isaac_ros_nitros/isaac_ros_gxf_extensions/gxf_isaac_timestamp_correlator) by extensions ['colcon_pkg']
[1.494s] Level 1:colcon.colcon_core.package_identification:_identify(ros2/src/isaac_ros_nitros/isaac_ros_gxf_extensions/gxf_isaac_timestamp_correlator) by extension 'colcon_pkg'
[1.494s] Level 1:colcon.colcon_core.package_identification:_identify(ros2/src/isaac_ros_nitros/isaac_ros_gxf_extensions/gxf_isaac_timestamp_correlator) by extensions ['colcon_meta']
[1.494s] Level 1:colcon.colcon_core.package_identification:_identify(ros2/src/isaac_ros_nitros/isaac_ros_gxf_extensions/gxf_isaac_timestamp_correlator) by extension 'colcon_meta'
[1.494s] Level 1:colcon.colcon_core.package_identification:_identify(ros2/src/isaac_ros_nitros/isaac_ros_gxf_extensions/gxf_isaac_timestamp_correlator) by extensions ['ros']
[1.494s] Level 1:colcon.colcon_core.package_identification:_identify(ros2/src/isaac_ros_nitros/isaac_ros_gxf_extensions/gxf_isaac_timestamp_correlator) by extension 'ros'
[1.495s] DEBUG:colcon.colcon_core.package_identification:Package 'ros2/src/isaac_ros_nitros/isaac_ros_gxf_extensions/gxf_isaac_timestamp_correlator' with type 'ros.ament_cmake' and name 'gxf_isaac_timestamp_correlator'
[1.495s] Level 1:colcon.colcon_core.package_identification:_identify(ros2/src/isaac_ros_nitros/isaac_ros_gxf_extensions/gxf_isaac_utils) by extensions ['ignore', 'ignore_ament_install']
[1.495s] Level 1:colcon.colcon_core.package_identification:_identify(ros2/src/isaac_ros_nitros/isaac_ros_gxf_extensions/gxf_isaac_utils) by extension 'ignore'
[1.495s] Level 1:colcon.colcon_core.package_identification:_identify(ros2/src/isaac_ros_nitros/isaac_ros_gxf_extensions/gxf_isaac_utils) by extension 'ignore_ament_install'
[1.495s] Level 1:colcon.colcon_core.package_identification:_identify(ros2/src/isaac_ros_nitros/isaac_ros_gxf_extensions/gxf_isaac_utils) by extensions ['colcon_pkg']
[1.495s] Level 1:colcon.colcon_core.package_identification:_identify(ros2/src/isaac_ros_nitros/isaac_ros_gxf_extensions/gxf_isaac_utils) by extension 'colcon_pkg'
[1.495s] Level 1:colcon.colcon_core.package_identification:_identify(ros2/src/isaac_ros_nitros/isaac_ros_gxf_extensions/gxf_isaac_utils) by extensions ['colcon_meta']
[1.495s] Level 1:colcon.colcon_core.package_identification:_identify(ros2/src/isaac_ros_nitros/isaac_ros_gxf_extensions/gxf_isaac_utils) by extension 'colcon_meta'
[1.495s] Level 1:colcon.colcon_core.package_identification:_identify(ros2/src/isaac_ros_nitros/isaac_ros_gxf_extensions/gxf_isaac_utils) by extensions ['ros']
[1.495s] Level 1:colcon.colcon_core.package_identification:_identify(ros2/src/isaac_ros_nitros/isaac_ros_gxf_extensions/gxf_isaac_utils) by extension 'ros'
[1.495s] DEBUG:colcon.colcon_core.package_identification:Package 'ros2/src/isaac_ros_nitros/isaac_ros_gxf_extensions/gxf_isaac_utils' with type 'ros.ament_cmake' and name 'gxf_isaac_utils'
[1.495s] Level 1:colcon.colcon_core.package_identification:_identify(ros2/src/isaac_ros_nitros/isaac_ros_gxf_extensions/gxf_optimizer) by extensions ['ignore', 'ignore_ament_install']
[1.495s] Level 1:colcon.colcon_core.package_identification:_identify(ros2/src/isaac_ros_nitros/isaac_ros_gxf_extensions/gxf_optimizer) by extension 'ignore'
[1.495s] Level 1:colcon.colcon_core.package_identification:_identify(ros2/src/isaac_ros_nitros/isaac_ros_gxf_extensions/gxf_optimizer) by extension 'ignore_ament_install'
[1.495s] Level 1:colcon.colcon_core.package_identification:_identify(ros2/src/isaac_ros_nitros/isaac_ros_gxf_extensions/gxf_optimizer) by extensions ['colcon_pkg']
[1.495s] Level 1:colcon.colcon_core.package_identification:_identify(ros2/src/isaac_ros_nitros/isaac_ros_gxf_extensions/gxf_optimizer) by extension 'colcon_pkg'
[1.495s] Level 1:colcon.colcon_core.package_identification:_identify(ros2/src/isaac_ros_nitros/isaac_ros_gxf_extensions/gxf_optimizer) by extensions ['colcon_meta']
[1.495s] Level 1:colcon.colcon_core.package_identification:_identify(ros2/src/isaac_ros_nitros/isaac_ros_gxf_extensions/gxf_optimizer) by extension 'colcon_meta'
[1.495s] Level 1:colcon.colcon_core.package_identification:_identify(ros2/src/isaac_ros_nitros/isaac_ros_gxf_extensions/gxf_optimizer) by extensions ['ros']
[1.495s] Level 1:colcon.colcon_core.package_identification:_identify(ros2/src/isaac_ros_nitros/isaac_ros_gxf_extensions/gxf_optimizer) by extension 'ros'
[1.495s] Level 1:colcon.colcon_core.package_identification:_identify(ros2/src/isaac_ros_nitros/isaac_ros_gxf_extensions/gxf_optimizer) by extensions ['cmake', 'python']
[1.495s] Level 1:colcon.colcon_core.package_identification:_identify(ros2/src/isaac_ros_nitros/isaac_ros_gxf_extensions/gxf_optimizer) by extension 'cmake'
[1.495s] Level 1:colcon.colcon_core.package_identification:_identify(ros2/src/isaac_ros_nitros/isaac_ros_gxf_extensions/gxf_optimizer) by extension 'python'
[1.495s] Level 1:colcon.colcon_core.package_identification:_identify(ros2/src/isaac_ros_nitros/isaac_ros_gxf_extensions/gxf_optimizer) by extensions ['python_setup_py']
[1.496s] Level 1:colcon.colcon_core.package_identification:_identify(ros2/src/isaac_ros_nitros/isaac_ros_gxf_extensions/gxf_optimizer) by extension 'python_setup_py'
[1.496s] Level 1:colcon.colcon_core.package_identification:_identify(ros2/src/isaac_ros_nitros/isaac_ros_gxf_extensions/gxf_optimizer/lib) by extensions ['ignore', 'ignore_ament_install']
[1.496s] Level 1:colcon.colcon_core.package_identification:_identify(ros2/src/isaac_ros_nitros/isaac_ros_gxf_extensions/gxf_optimizer/lib) by extension 'ignore'
[1.496s] Level 1:colcon.colcon_core.package_identification:_identify(ros2/src/isaac_ros_nitros/isaac_ros_gxf_extensions/gxf_optimizer/lib) by extension 'ignore_ament_install'
[1.496s] Level 1:colcon.colcon_core.package_identification:_identify(ros2/src/isaac_ros_nitros/isaac_ros_gxf_extensions/gxf_optimizer/lib) by extensions ['colcon_pkg']
[1.496s] Level 1:colcon.colcon_core.package_identification:_identify(ros2/src/isaac_ros_nitros/isaac_ros_gxf_extensions/gxf_optimizer/lib) by extension 'colcon_pkg'
[1.496s] Level 1:colcon.colcon_core.package_identification:_identify(ros2/src/isaac_ros_nitros/isaac_ros_gxf_extensions/gxf_optimizer/lib) by extensions ['colcon_meta']
[1.496s] Level 1:colcon.colcon_core.package_identification:_identify(ros2/src/isaac_ros_nitros/isaac_ros_gxf_extensions/gxf_optimizer/lib) by extension 'colcon_meta'
[1.496s] Level 1:colcon.colcon_core.package_identification:_identify(ros2/src/isaac_ros_nitros/isaac_ros_gxf_extensions/gxf_optimizer/lib) by extensions ['ros']
[1.496s] Level 1:colcon.colcon_core.package_identification:_identify(ros2/src/isaac_ros_nitros/isaac_ros_gxf_extensions/gxf_optimizer/lib) by extension 'ros'
[1.496s] Level 1:colcon.colcon_core.package_identification:_identify(ros2/src/isaac_ros_nitros/isaac_ros_gxf_extensions/gxf_optimizer/lib) by extensions ['cmake', 'python']
[1.496s] Level 1:colcon.colcon_core.package_identification:_identify(ros2/src/isaac_ros_nitros/isaac_ros_gxf_extensions/gxf_optimizer/lib) by extension 'cmake'
[1.496s] Level 1:colcon.colcon_core.package_identification:_identify(ros2/src/isaac_ros_nitros/isaac_ros_gxf_extensions/gxf_optimizer/lib) by extension 'python'
[1.496s] Level 1:colcon.colcon_core.package_identification:_identify(ros2/src/isaac_ros_nitros/isaac_ros_gxf_extensions/gxf_optimizer/lib) by extensions ['python_setup_py']
[1.496s] Level 1:colcon.colcon_core.package_identification:_identify(ros2/src/isaac_ros_nitros/isaac_ros_gxf_extensions/gxf_optimizer/lib) by extension 'python_setup_py'
[1.496s] Level 1:colcon.colcon_core.package_identification:_identify(ros2/src/isaac_ros_nitros/isaac_ros_gxf_extensions/gxf_optimizer/lib/gxf_jetpack60) by extensions ['ignore', 'ignore_ament_install']
[1.496s] Level 1:colcon.colcon_core.package_identification:_identify(ros2/src/isaac_ros_nitros/isaac_ros_gxf_extensions/gxf_optimizer/lib/gxf_jetpack60) by extension 'ignore'
[1.496s] Level 1:colcon.colcon_core.package_identification:_identify(ros2/src/isaac_ros_nitros/isaac_ros_gxf_extensions/gxf_optimizer/lib/gxf_jetpack60) by extension 'ignore_ament_install'
[1.496s] Level 1:colcon.colcon_core.package_identification:_identify(ros2/src/isaac_ros_nitros/isaac_ros_gxf_extensions/gxf_optimizer/lib/gxf_jetpack60) by extensions ['colcon_pkg']
[1.496s] Level 1:colcon.colcon_core.package_identification:_identify(ros2/src/isaac_ros_nitros/isaac_ros_gxf_extensions/gxf_optimizer/lib/gxf_jetpack60) by extension 'colcon_pkg'
[1.496s] Level 1:colcon.colcon_core.package_identification:_identify(ros2/src/isaac_ros_nitros/isaac_ros_gxf_extensions/gxf_optimizer/lib/gxf_jetpack60) by extensions ['colcon_meta']
[1.496s] Level 1:colcon.colcon_core.package_identification:_identify(ros2/src/isaac_ros_nitros/isaac_ros_gxf_extensions/gxf_optimizer/lib/gxf_jetpack60) by extension 'colcon_meta'
[1.496s] Level 1:colcon.colcon_core.package_identification:_identify(ros2/src/isaac_ros_nitros/isaac_ros_gxf_extensions/gxf_optimizer/lib/gxf_jetpack60) by extensions ['ros']
[1.496s] Level 1:colcon.colcon_core.package_identification:_identify(ros2/src/isaac_ros_nitros/isaac_ros_gxf_extensions/gxf_optimizer/lib/gxf_jetpack60) by extension 'ros'
[1.496s] Level 1:colcon.colcon_core.package_identification:_identify(ros2/src/isaac_ros_nitros/isaac_ros_gxf_extensions/gxf_optimizer/lib/gxf_jetpack60) by extensions ['cmake', 'python']
[1.496s] Level 1:colcon.colcon_core.package_identification:_identify(ros2/src/isaac_ros_nitros/isaac_ros_gxf_extensions/gxf_optimizer/lib/gxf_jetpack60) by extension 'cmake'
[1.496s] Level 1:colcon.colcon_core.package_identification:_identify(ros2/src/isaac_ros_nitros/isaac_ros_gxf_extensions/gxf_optimizer/lib/gxf_jetpack60) by extension 'python'
[1.496s] Level 1:colcon.colcon_core.package_identification:_identify(ros2/src/isaac_ros_nitros/isaac_ros_gxf_extensions/gxf_optimizer/lib/gxf_jetpack60) by extensions ['python_setup_py']
[1.496s] Level 1:colcon.colcon_core.package_identification:_identify(ros2/src/isaac_ros_nitros/isaac_ros_gxf_extensions/gxf_optimizer/lib/gxf_jetpack60) by extension 'python_setup_py'
[1.496s] Level 1:colcon.colcon_core.package_identification:_identify(ros2/src/isaac_ros_nitros/isaac_ros_gxf_extensions/gxf_optimizer/lib/gxf_x86_64_cuda_12_2) by extensions ['ignore', 'ignore_ament_install']
[1.496s] Level 1:colcon.colcon_core.package_identification:_identify(ros2/src/isaac_ros_nitros/isaac_ros_gxf_extensions/gxf_optimizer/lib/gxf_x86_64_cuda_12_2) by extension 'ignore'
[1.496s] Level 1:colcon.colcon_core.package_identification:_identify(ros2/src/isaac_ros_nitros/isaac_ros_gxf_extensions/gxf_optimizer/lib/gxf_x86_64_cuda_12_2) by extension 'ignore_ament_install'
[1.496s] Level 1:colcon.colcon_core.package_identification:_identify(ros2/src/isaac_ros_nitros/isaac_ros_gxf_extensions/gxf_optimizer/lib/gxf_x86_64_cuda_12_2) by extensions ['colcon_pkg']
[1.496s] Level 1:colcon.colcon_core.package_identification:_identify(ros2/src/isaac_ros_nitros/isaac_ros_gxf_extensions/gxf_optimizer/lib/gxf_x86_64_cuda_12_2) by extension 'colcon_pkg'
[1.496s] Level 1:colcon.colcon_core.package_identification:_identify(ros2/src/isaac_ros_nitros/isaac_ros_gxf_extensions/gxf_optimizer/lib/gxf_x86_64_cuda_12_2) by extensions ['colcon_meta']
[1.496s] Level 1:colcon.colcon_core.package_identification:_identify(ros2/src/isaac_ros_nitros/isaac_ros_gxf_extensions/gxf_optimizer/lib/gxf_x86_64_cuda_12_2) by extension 'colcon_meta'
[1.496s] Level 1:colcon.colcon_core.package_identification:_identify(ros2/src/isaac_ros_nitros/isaac_ros_gxf_extensions/gxf_optimizer/lib/gxf_x86_64_cuda_12_2) by extensions ['ros']
[1.496s] Level 1:colcon.colcon_core.package_identification:_identify(ros2/src/isaac_ros_nitros/isaac_ros_gxf_extensions/gxf_optimizer/lib/gxf_x86_64_cuda_12_2) by extension 'ros'
[1.496s] Level 1:colcon.colcon_core.package_identification:_identify(ros2/src/isaac_ros_nitros/isaac_ros_gxf_extensions/gxf_optimizer/lib/gxf_x86_64_cuda_12_2) by extensions ['cmake', 'python']
[1.497s] Level 1:colcon.colcon_core.package_identification:_identify(ros2/src/isaac_ros_nitros/isaac_ros_gxf_extensions/gxf_optimizer/lib/gxf_x86_64_cuda_12_2) by extension 'cmake'
[1.497s] Level 1:colcon.colcon_core.package_identification:_identify(ros2/src/isaac_ros_nitros/isaac_ros_gxf_extensions/gxf_optimizer/lib/gxf_x86_64_cuda_12_2) by extension 'python'
[1.497s] Level 1:colcon.colcon_core.package_identification:_identify(ros2/src/isaac_ros_nitros/isaac_ros_gxf_extensions/gxf_optimizer/lib/gxf_x86_64_cuda_12_2) by extensions ['python_setup_py']
[1.497s] Level 1:colcon.colcon_core.package_identification:_identify(ros2/src/isaac_ros_nitros/isaac_ros_gxf_extensions/gxf_optimizer/lib/gxf_x86_64_cuda_12_2) by extension 'python_setup_py'
[1.497s] Level 1:colcon.colcon_core.package_identification:_identify(ros2/src/isaac_ros_nitros/isaac_ros_managed_nitros) by extensions ['ignore', 'ignore_ament_install']
[1.497s] Level 1:colcon.colcon_core.package_identification:_identify(ros2/src/isaac_ros_nitros/isaac_ros_managed_nitros) by extension 'ignore'
[1.497s] Level 1:colcon.colcon_core.package_identification:_identify(ros2/src/isaac_ros_nitros/isaac_ros_managed_nitros) by extension 'ignore_ament_install'
[1.497s] Level 1:colcon.colcon_core.package_identification:_identify(ros2/src/isaac_ros_nitros/isaac_ros_managed_nitros) by extensions ['colcon_pkg']
[1.497s] Level 1:colcon.colcon_core.package_identification:_identify(ros2/src/isaac_ros_nitros/isaac_ros_managed_nitros) by extension 'colcon_pkg'
[1.497s] Level 1:colcon.colcon_core.package_identification:_identify(ros2/src/isaac_ros_nitros/isaac_ros_managed_nitros) by extensions ['colcon_meta']
[1.497s] Level 1:colcon.colcon_core.package_identification:_identify(ros2/src/isaac_ros_nitros/isaac_ros_managed_nitros) by extension 'colcon_meta'
[1.497s] Level 1:colcon.colcon_core.package_identification:_identify(ros2/src/isaac_ros_nitros/isaac_ros_managed_nitros) by extensions ['ros']
[1.497s] Level 1:colcon.colcon_core.package_identification:_identify(ros2/src/isaac_ros_nitros/isaac_ros_managed_nitros) by extension 'ros'
[1.497s] DEBUG:colcon.colcon_core.package_identification:Package 'ros2/src/isaac_ros_nitros/isaac_ros_managed_nitros' with type 'ros.ament_cmake' and name 'isaac_ros_managed_nitros'
[1.497s] Level 1:colcon.colcon_core.package_identification:_identify(ros2/src/isaac_ros_nitros/isaac_ros_managed_nitros_examples) by extensions ['ignore', 'ignore_ament_install']
[1.497s] Level 1:colcon.colcon_core.package_identification:_identify(ros2/src/isaac_ros_nitros/isaac_ros_managed_nitros_examples) by extension 'ignore'
[1.497s] Level 1:colcon.colcon_core.package_identification:_identify(ros2/src/isaac_ros_nitros/isaac_ros_managed_nitros_examples) by extension 'ignore_ament_install'
[1.498s] Level 1:colcon.colcon_core.package_identification:_identify(ros2/src/isaac_ros_nitros/isaac_ros_managed_nitros_examples) by extensions ['colcon_pkg']
[1.498s] Level 1:colcon.colcon_core.package_identification:_identify(ros2/src/isaac_ros_nitros/isaac_ros_managed_nitros_examples) by extension 'colcon_pkg'
[1.498s] Level 1:colcon.colcon_core.package_identification:_identify(ros2/src/isaac_ros_nitros/isaac_ros_managed_nitros_examples) by extensions ['colcon_meta']
[1.498s] Level 1:colcon.colcon_core.package_identification:_identify(ros2/src/isaac_ros_nitros/isaac_ros_managed_nitros_examples) by extension 'colcon_meta'
[1.498s] Level 1:colcon.colcon_core.package_identification:_identify(ros2/src/isaac_ros_nitros/isaac_ros_managed_nitros_examples) by extensions ['ros']
[1.498s] Level 1:colcon.colcon_core.package_identification:_identify(ros2/src/isaac_ros_nitros/isaac_ros_managed_nitros_examples) by extension 'ros'
[1.498s] Level 1:colcon.colcon_core.package_identification:_identify(ros2/src/isaac_ros_nitros/isaac_ros_managed_nitros_examples) by extensions ['cmake', 'python']
[1.498s] Level 1:colcon.colcon_core.package_identification:_identify(ros2/src/isaac_ros_nitros/isaac_ros_managed_nitros_examples) by extension 'cmake'
[1.498s] Level 1:colcon.colcon_core.package_identification:_identify(ros2/src/isaac_ros_nitros/isaac_ros_managed_nitros_examples) by extension 'python'
[1.498s] Level 1:colcon.colcon_core.package_identification:_identify(ros2/src/isaac_ros_nitros/isaac_ros_managed_nitros_examples) by extensions ['python_setup_py']
[1.498s] Level 1:colcon.colcon_core.package_identification:_identify(ros2/src/isaac_ros_nitros/isaac_ros_managed_nitros_examples) by extension 'python_setup_py'
[1.498s] Level 1:colcon.colcon_core.package_identification:_identify(ros2/src/isaac_ros_nitros/isaac_ros_managed_nitros_examples/custom_nitros_dnn_image_encoder) by extensions ['ignore', 'ignore_ament_install']
[1.498s] Level 1:colcon.colcon_core.package_identification:_identify(ros2/src/isaac_ros_nitros/isaac_ros_managed_nitros_examples/custom_nitros_dnn_image_encoder) by extension 'ignore'
[1.498s] Level 1:colcon.colcon_core.package_identification:_identify(ros2/src/isaac_ros_nitros/isaac_ros_managed_nitros_examples/custom_nitros_dnn_image_encoder) by extension 'ignore_ament_install'
[1.498s] Level 1:colcon.colcon_core.package_identification:_identify(ros2/src/isaac_ros_nitros/isaac_ros_managed_nitros_examples/custom_nitros_dnn_image_encoder) by extensions ['colcon_pkg']
[1.498s] Level 1:colcon.colcon_core.package_identification:_identify(ros2/src/isaac_ros_nitros/isaac_ros_managed_nitros_examples/custom_nitros_dnn_image_encoder) by extension 'colcon_pkg'
[1.498s] Level 1:colcon.colcon_core.package_identification:_identify(ros2/src/isaac_ros_nitros/isaac_ros_managed_nitros_examples/custom_nitros_dnn_image_encoder) by extensions ['colcon_meta']
[1.498s] Level 1:colcon.colcon_core.package_identification:_identify(ros2/src/isaac_ros_nitros/isaac_ros_managed_nitros_examples/custom_nitros_dnn_image_encoder) by extension 'colcon_meta'
[1.498s] Level 1:colcon.colcon_core.package_identification:_identify(ros2/src/isaac_ros_nitros/isaac_ros_managed_nitros_examples/custom_nitros_dnn_image_encoder) by extensions ['ros']
[1.498s] Level 1:colcon.colcon_core.package_identification:_identify(ros2/src/isaac_ros_nitros/isaac_ros_managed_nitros_examples/custom_nitros_dnn_image_encoder) by extension 'ros'
[1.498s] DEBUG:colcon.colcon_core.package_identification:Package 'ros2/src/isaac_ros_nitros/isaac_ros_managed_nitros_examples/custom_nitros_dnn_image_encoder' with type 'ros.ament_cmake' and name 'custom_nitros_dnn_image_encoder'
[1.499s] Level 1:colcon.colcon_core.package_identification:_identify(ros2/src/isaac_ros_nitros/isaac_ros_managed_nitros_examples/custom_nitros_image) by extensions ['ignore', 'ignore_ament_install']
[1.499s] Level 1:colcon.colcon_core.package_identification:_identify(ros2/src/isaac_ros_nitros/isaac_ros_managed_nitros_examples/custom_nitros_image) by extension 'ignore'
[1.499s] Level 1:colcon.colcon_core.package_identification:_identify(ros2/src/isaac_ros_nitros/isaac_ros_managed_nitros_examples/custom_nitros_image) by extension 'ignore_ament_install'
[1.499s] Level 1:colcon.colcon_core.package_identification:_identify(ros2/src/isaac_ros_nitros/isaac_ros_managed_nitros_examples/custom_nitros_image) by extensions ['colcon_pkg']
[1.499s] Level 1:colcon.colcon_core.package_identification:_identify(ros2/src/isaac_ros_nitros/isaac_ros_managed_nitros_examples/custom_nitros_image) by extension 'colcon_pkg'
[1.499s] Level 1:colcon.colcon_core.package_identification:_identify(ros2/src/isaac_ros_nitros/isaac_ros_managed_nitros_examples/custom_nitros_image) by extensions ['colcon_meta']
[1.499s] Level 1:colcon.colcon_core.package_identification:_identify(ros2/src/isaac_ros_nitros/isaac_ros_managed_nitros_examples/custom_nitros_image) by extension 'colcon_meta'
[1.499s] Level 1:colcon.colcon_core.package_identification:_identify(ros2/src/isaac_ros_nitros/isaac_ros_managed_nitros_examples/custom_nitros_image) by extensions ['ros']
[1.499s] Level 1:colcon.colcon_core.package_identification:_identify(ros2/src/isaac_ros_nitros/isaac_ros_managed_nitros_examples/custom_nitros_image) by extension 'ros'
[1.499s] DEBUG:colcon.colcon_core.package_identification:Package 'ros2/src/isaac_ros_nitros/isaac_ros_managed_nitros_examples/custom_nitros_image' with type 'ros.ament_cmake' and name 'custom_nitros_image'
[1.499s] Level 1:colcon.colcon_core.package_identification:_identify(ros2/src/isaac_ros_nitros/isaac_ros_managed_nitros_examples/custom_nitros_message_filter) by extensions ['ignore', 'ignore_ament_install']
[1.499s] Level 1:colcon.colcon_core.package_identification:_identify(ros2/src/isaac_ros_nitros/isaac_ros_managed_nitros_examples/custom_nitros_message_filter) by extension 'ignore'
[1.499s] Level 1:colcon.colcon_core.package_identification:_identify(ros2/src/isaac_ros_nitros/isaac_ros_managed_nitros_examples/custom_nitros_message_filter) by extension 'ignore_ament_install'
[1.499s] Level 1:colcon.colcon_core.package_identification:_identify(ros2/src/isaac_ros_nitros/isaac_ros_managed_nitros_examples/custom_nitros_message_filter) by extensions ['colcon_pkg']
[1.499s] Level 1:colcon.colcon_core.package_identification:_identify(ros2/src/isaac_ros_nitros/isaac_ros_managed_nitros_examples/custom_nitros_message_filter) by extension 'colcon_pkg'
[1.500s] Level 1:colcon.colcon_core.package_identification:_identify(ros2/src/isaac_ros_nitros/isaac_ros_managed_nitros_examples/custom_nitros_message_filter) by extensions ['colcon_meta']
[1.500s] Level 1:colcon.colcon_core.package_identification:_identify(ros2/src/isaac_ros_nitros/isaac_ros_managed_nitros_examples/custom_nitros_message_filter) by extension 'colcon_meta'
[1.500s] Level 1:colcon.colcon_core.package_identification:_identify(ros2/src/isaac_ros_nitros/isaac_ros_managed_nitros_examples/custom_nitros_message_filter) by extensions ['ros']
[1.500s] Level 1:colcon.colcon_core.package_identification:_identify(ros2/src/isaac_ros_nitros/isaac_ros_managed_nitros_examples/custom_nitros_message_filter) by extension 'ros'
[1.500s] DEBUG:colcon.colcon_core.package_identification:Package 'ros2/src/isaac_ros_nitros/isaac_ros_managed_nitros_examples/custom_nitros_message_filter' with type 'ros.ament_cmake' and name 'custom_nitros_message_filter'
[1.500s] Level 1:colcon.colcon_core.package_identification:_identify(ros2/src/isaac_ros_nitros/isaac_ros_managed_nitros_examples/custom_nitros_message_filter_interfaces) by extensions ['ignore', 'ignore_ament_install']
[1.500s] Level 1:colcon.colcon_core.package_identification:_identify(ros2/src/isaac_ros_nitros/isaac_ros_managed_nitros_examples/custom_nitros_message_filter_interfaces) by extension 'ignore'
[1.500s] Level 1:colcon.colcon_core.package_identification:_identify(ros2/src/isaac_ros_nitros/isaac_ros_managed_nitros_examples/custom_nitros_message_filter_interfaces) by extension 'ignore_ament_install'
[1.500s] Level 1:colcon.colcon_core.package_identification:_identify(ros2/src/isaac_ros_nitros/isaac_ros_managed_nitros_examples/custom_nitros_message_filter_interfaces) by extensions ['colcon_pkg']
[1.500s] Level 1:colcon.colcon_core.package_identification:_identify(ros2/src/isaac_ros_nitros/isaac_ros_managed_nitros_examples/custom_nitros_message_filter_interfaces) by extension 'colcon_pkg'
[1.500s] Level 1:colcon.colcon_core.package_identification:_identify(ros2/src/isaac_ros_nitros/isaac_ros_managed_nitros_examples/custom_nitros_message_filter_interfaces) by extensions ['colcon_meta']
[1.500s] Level 1:colcon.colcon_core.package_identification:_identify(ros2/src/isaac_ros_nitros/isaac_ros_managed_nitros_examples/custom_nitros_message_filter_interfaces) by extension 'colcon_meta'
[1.500s] Level 1:colcon.colcon_core.package_identification:_identify(ros2/src/isaac_ros_nitros/isaac_ros_managed_nitros_examples/custom_nitros_message_filter_interfaces) by extensions ['ros']
[1.500s] Level 1:colcon.colcon_core.package_identification:_identify(ros2/src/isaac_ros_nitros/isaac_ros_managed_nitros_examples/custom_nitros_message_filter_interfaces) by extension 'ros'
[1.501s] DEBUG:colcon.colcon_core.package_identification:Package 'ros2/src/isaac_ros_nitros/isaac_ros_managed_nitros_examples/custom_nitros_message_filter_interfaces' with type 'ros.ament_cmake' and name 'custom_nitros_message_filter_interfaces'
[1.501s] Level 1:colcon.colcon_core.package_identification:_identify(ros2/src/isaac_ros_nitros/isaac_ros_managed_nitros_examples/custom_nitros_string) by extensions ['ignore', 'ignore_ament_install']
[1.501s] Level 1:colcon.colcon_core.package_identification:_identify(ros2/src/isaac_ros_nitros/isaac_ros_managed_nitros_examples/custom_nitros_string) by extension 'ignore'
[1.501s] Level 1:colcon.colcon_core.package_identification:_identify(ros2/src/isaac_ros_nitros/isaac_ros_managed_nitros_examples/custom_nitros_string) by extension 'ignore_ament_install'
[1.501s] Level 1:colcon.colcon_core.package_identification:_identify(ros2/src/isaac_ros_nitros/isaac_ros_managed_nitros_examples/custom_nitros_string) by extensions ['colcon_pkg']
[1.501s] Level 1:colcon.colcon_core.package_identification:_identify(ros2/src/isaac_ros_nitros/isaac_ros_managed_nitros_examples/custom_nitros_string) by extension 'colcon_pkg'
[1.501s] Level 1:colcon.colcon_core.package_identification:_identify(ros2/src/isaac_ros_nitros/isaac_ros_managed_nitros_examples/custom_nitros_string) by extensions ['colcon_meta']
[1.501s] Level 1:colcon.colcon_core.package_identification:_identify(ros2/src/isaac_ros_nitros/isaac_ros_managed_nitros_examples/custom_nitros_string) by extension 'colcon_meta'
[1.501s] Level 1:colcon.colcon_core.package_identification:_identify(ros2/src/isaac_ros_nitros/isaac_ros_managed_nitros_examples/custom_nitros_string) by extensions ['ros']
[1.501s] Level 1:colcon.colcon_core.package_identification:_identify(ros2/src/isaac_ros_nitros/isaac_ros_managed_nitros_examples/custom_nitros_string) by extension 'ros'
[1.501s] DEBUG:colcon.colcon_core.package_identification:Package 'ros2/src/isaac_ros_nitros/isaac_ros_managed_nitros_examples/custom_nitros_string' with type 'ros.ament_cmake' and name 'custom_nitros_string'
[1.501s] Level 1:colcon.colcon_core.package_identification:_identify(ros2/src/isaac_ros_nitros/isaac_ros_nitros) by extensions ['ignore', 'ignore_ament_install']
[1.501s] Level 1:colcon.colcon_core.package_identification:_identify(ros2/src/isaac_ros_nitros/isaac_ros_nitros) by extension 'ignore'
[1.502s] Level 1:colcon.colcon_core.package_identification:_identify(ros2/src/isaac_ros_nitros/isaac_ros_nitros) by extension 'ignore_ament_install'
[1.502s] Level 1:colcon.colcon_core.package_identification:_identify(ros2/src/isaac_ros_nitros/isaac_ros_nitros) by extensions ['colcon_pkg']
[1.502s] Level 1:colcon.colcon_core.package_identification:_identify(ros2/src/isaac_ros_nitros/isaac_ros_nitros) by extension 'colcon_pkg'
[1.502s] Level 1:colcon.colcon_core.package_identification:_identify(ros2/src/isaac_ros_nitros/isaac_ros_nitros) by extensions ['colcon_meta']
[1.502s] Level 1:colcon.colcon_core.package_identification:_identify(ros2/src/isaac_ros_nitros/isaac_ros_nitros) by extension 'colcon_meta'
[1.502s] Level 1:colcon.colcon_core.package_identification:_identify(ros2/src/isaac_ros_nitros/isaac_ros_nitros) by extensions ['ros']
[1.502s] Level 1:colcon.colcon_core.package_identification:_identify(ros2/src/isaac_ros_nitros/isaac_ros_nitros) by extension 'ros'
[1.502s] DEBUG:colcon.colcon_core.package_identification:Package 'ros2/src/isaac_ros_nitros/isaac_ros_nitros' with type 'ros.ament_cmake' and name 'isaac_ros_nitros'
[1.502s] Level 1:colcon.colcon_core.package_identification:_identify(ros2/src/isaac_ros_nitros/isaac_ros_nitros_interfaces) by extensions ['ignore', 'ignore_ament_install']
[1.502s] Level 1:colcon.colcon_core.package_identification:_identify(ros2/src/isaac_ros_nitros/isaac_ros_nitros_interfaces) by extension 'ignore'
[1.502s] Level 1:colcon.colcon_core.package_identification:_identify(ros2/src/isaac_ros_nitros/isaac_ros_nitros_interfaces) by extension 'ignore_ament_install'
[1.502s] Level 1:colcon.colcon_core.package_identification:_identify(ros2/src/isaac_ros_nitros/isaac_ros_nitros_interfaces) by extensions ['colcon_pkg']
[1.502s] Level 1:colcon.colcon_core.package_identification:_identify(ros2/src/isaac_ros_nitros/isaac_ros_nitros_interfaces) by extension 'colcon_pkg'
[1.502s] Level 1:colcon.colcon_core.package_identification:_identify(ros2/src/isaac_ros_nitros/isaac_ros_nitros_interfaces) by extensions ['colcon_meta']
[1.502s] Level 1:colcon.colcon_core.package_identification:_identify(ros2/src/isaac_ros_nitros/isaac_ros_nitros_interfaces) by extension 'colcon_meta'
[1.502s] Level 1:colcon.colcon_core.package_identification:_identify(ros2/src/isaac_ros_nitros/isaac_ros_nitros_interfaces) by extensions ['ros']
[1.502s] Level 1:colcon.colcon_core.package_identification:_identify(ros2/src/isaac_ros_nitros/isaac_ros_nitros_interfaces) by extension 'ros'
[1.503s] DEBUG:colcon.colcon_core.package_identification:Package 'ros2/src/isaac_ros_nitros/isaac_ros_nitros_interfaces' with type 'ros.ament_cmake' and name 'isaac_ros_nitros_interfaces'
[1.503s] Level 1:colcon.colcon_core.package_identification:_identify(ros2/src/isaac_ros_nitros/isaac_ros_nitros_topic_tools) by extensions ['ignore', 'ignore_ament_install']
[1.503s] Level 1:colcon.colcon_core.package_identification:_identify(ros2/src/isaac_ros_nitros/isaac_ros_nitros_topic_tools) by extension 'ignore'
[1.503s] Level 1:colcon.colcon_core.package_identification:_identify(ros2/src/isaac_ros_nitros/isaac_ros_nitros_topic_tools) by extension 'ignore_ament_install'
[1.503s] Level 1:colcon.colcon_core.package_identification:_identify(ros2/src/isaac_ros_nitros/isaac_ros_nitros_topic_tools) by extensions ['colcon_pkg']
[1.503s] Level 1:colcon.colcon_core.package_identification:_identify(ros2/src/isaac_ros_nitros/isaac_ros_nitros_topic_tools) by extension 'colcon_pkg'
[1.503s] Level 1:colcon.colcon_core.package_identification:_identify(ros2/src/isaac_ros_nitros/isaac_ros_nitros_topic_tools) by extensions ['colcon_meta']
[1.503s] Level 1:colcon.colcon_core.package_identification:_identify(ros2/src/isaac_ros_nitros/isaac_ros_nitros_topic_tools) by extension 'colcon_meta'
[1.503s] Level 1:colcon.colcon_core.package_identification:_identify(ros2/src/isaac_ros_nitros/isaac_ros_nitros_topic_tools) by extensions ['ros']
[1.503s] Level 1:colcon.colcon_core.package_identification:_identify(ros2/src/isaac_ros_nitros/isaac_ros_nitros_topic_tools) by extension 'ros'
[1.504s] DEBUG:colcon.colcon_core.package_identification:Package 'ros2/src/isaac_ros_nitros/isaac_ros_nitros_topic_tools' with type 'ros.ament_cmake' and name 'isaac_ros_nitros_topic_tools'
[1.504s] Level 1:colcon.colcon_core.package_identification:_identify(ros2/src/isaac_ros_nitros/isaac_ros_nitros_type) by extensions ['ignore', 'ignore_ament_install']
[1.504s] Level 1:colcon.colcon_core.package_identification:_identify(ros2/src/isaac_ros_nitros/isaac_ros_nitros_type) by extension 'ignore'
[1.504s] Level 1:colcon.colcon_core.package_identification:_identify(ros2/src/isaac_ros_nitros/isaac_ros_nitros_type) by extension 'ignore_ament_install'
[1.504s] Level 1:colcon.colcon_core.package_identification:_identify(ros2/src/isaac_ros_nitros/isaac_ros_nitros_type) by extensions ['colcon_pkg']
[1.504s] Level 1:colcon.colcon_core.package_identification:_identify(ros2/src/isaac_ros_nitros/isaac_ros_nitros_type) by extension 'colcon_pkg'
[1.504s] Level 1:colcon.colcon_core.package_identification:_identify(ros2/src/isaac_ros_nitros/isaac_ros_nitros_type) by extensions ['colcon_meta']
[1.504s] Level 1:colcon.colcon_core.package_identification:_identify(ros2/src/isaac_ros_nitros/isaac_ros_nitros_type) by extension 'colcon_meta'
[1.504s] Level 1:colcon.colcon_core.package_identification:_identify(ros2/src/isaac_ros_nitros/isaac_ros_nitros_type) by extensions ['ros']
[1.504s] Level 1:colcon.colcon_core.package_identification:_identify(ros2/src/isaac_ros_nitros/isaac_ros_nitros_type) by extension 'ros'
[1.504s] Level 1:colcon.colcon_core.package_identification:_identify(ros2/src/isaac_ros_nitros/isaac_ros_nitros_type) by extensions ['cmake', 'python']
[1.504s] Level 1:colcon.colcon_core.package_identification:_identify(ros2/src/isaac_ros_nitros/isaac_ros_nitros_type) by extension 'cmake'
[1.504s] Level 1:colcon.colcon_core.package_identification:_identify(ros2/src/isaac_ros_nitros/isaac_ros_nitros_type) by extension 'python'
[1.504s] Level 1:colcon.colcon_core.package_identification:_identify(ros2/src/isaac_ros_nitros/isaac_ros_nitros_type) by extensions ['python_setup_py']
[1.504s] Level 1:colcon.colcon_core.package_identification:_identify(ros2/src/isaac_ros_nitros/isaac_ros_nitros_type) by extension 'python_setup_py'
[1.504s] Level 1:colcon.colcon_core.package_identification:_identify(ros2/src/isaac_ros_nitros/isaac_ros_nitros_type/isaac_ros_nitros_april_tag_detection_array_type) by extensions ['ignore', 'ignore_ament_install']
[1.504s] Level 1:colcon.colcon_core.package_identification:_identify(ros2/src/isaac_ros_nitros/isaac_ros_nitros_type/isaac_ros_nitros_april_tag_detection_array_type) by extension 'ignore'
[1.504s] Level 1:colcon.colcon_core.package_identification:_identify(ros2/src/isaac_ros_nitros/isaac_ros_nitros_type/isaac_ros_nitros_april_tag_detection_array_type) by extension 'ignore_ament_install'
[1.504s] Level 1:colcon.colcon_core.package_identification:_identify(ros2/src/isaac_ros_nitros/isaac_ros_nitros_type/isaac_ros_nitros_april_tag_detection_array_type) by extensions ['colcon_pkg']
[1.504s] Level 1:colcon.colcon_core.package_identification:_identify(ros2/src/isaac_ros_nitros/isaac_ros_nitros_type/isaac_ros_nitros_april_tag_detection_array_type) by extension 'colcon_pkg'
[1.504s] Level 1:colcon.colcon_core.package_identification:_identify(ros2/src/isaac_ros_nitros/isaac_ros_nitros_type/isaac_ros_nitros_april_tag_detection_array_type) by extensions ['colcon_meta']
[1.504s] Level 1:colcon.colcon_core.package_identification:_identify(ros2/src/isaac_ros_nitros/isaac_ros_nitros_type/isaac_ros_nitros_april_tag_detection_array_type) by extension 'colcon_meta'
[1.504s] Level 1:colcon.colcon_core.package_identification:_identify(ros2/src/isaac_ros_nitros/isaac_ros_nitros_type/isaac_ros_nitros_april_tag_detection_array_type) by extensions ['ros']
[1.504s] Level 1:colcon.colcon_core.package_identification:_identify(ros2/src/isaac_ros_nitros/isaac_ros_nitros_type/isaac_ros_nitros_april_tag_detection_array_type) by extension 'ros'
[1.505s] DEBUG:colcon.colcon_core.package_identification:Package 'ros2/src/isaac_ros_nitros/isaac_ros_nitros_type/isaac_ros_nitros_april_tag_detection_array_type' with type 'ros.ament_cmake' and name 'isaac_ros_nitros_april_tag_detection_array_type'
[1.505s] Level 1:colcon.colcon_core.package_identification:_identify(ros2/src/isaac_ros_nitros/isaac_ros_nitros_type/isaac_ros_nitros_battery_state_type) by extensions ['ignore', 'ignore_ament_install']
[1.505s] Level 1:colcon.colcon_core.package_identification:_identify(ros2/src/isaac_ros_nitros/isaac_ros_nitros_type/isaac_ros_nitros_battery_state_type) by extension 'ignore'
[1.505s] Level 1:colcon.colcon_core.package_identification:_identify(ros2/src/isaac_ros_nitros/isaac_ros_nitros_type/isaac_ros_nitros_battery_state_type) by extension 'ignore_ament_install'
[1.505s] Level 1:colcon.colcon_core.package_identification:_identify(ros2/src/isaac_ros_nitros/isaac_ros_nitros_type/isaac_ros_nitros_battery_state_type) by extensions ['colcon_pkg']
[1.505s] Level 1:colcon.colcon_core.package_identification:_identify(ros2/src/isaac_ros_nitros/isaac_ros_nitros_type/isaac_ros_nitros_battery_state_type) by extension 'colcon_pkg'
[1.505s] Level 1:colcon.colcon_core.package_identification:_identify(ros2/src/isaac_ros_nitros/isaac_ros_nitros_type/isaac_ros_nitros_battery_state_type) by extensions ['colcon_meta']
[1.505s] Level 1:colcon.colcon_core.package_identification:_identify(ros2/src/isaac_ros_nitros/isaac_ros_nitros_type/isaac_ros_nitros_battery_state_type) by extension 'colcon_meta'
[1.505s] Level 1:colcon.colcon_core.package_identification:_identify(ros2/src/isaac_ros_nitros/isaac_ros_nitros_type/isaac_ros_nitros_battery_state_type) by extensions ['ros']
[1.505s] Level 1:colcon.colcon_core.package_identification:_identify(ros2/src/isaac_ros_nitros/isaac_ros_nitros_type/isaac_ros_nitros_battery_state_type) by extension 'ros'
[1.505s] DEBUG:colcon.colcon_core.package_identification:Package 'ros2/src/isaac_ros_nitros/isaac_ros_nitros_type/isaac_ros_nitros_battery_state_type' with type 'ros.ament_cmake' and name 'isaac_ros_nitros_battery_state_type'
[1.505s] Level 1:colcon.colcon_core.package_identification:_identify(ros2/src/isaac_ros_nitros/isaac_ros_nitros_type/isaac_ros_nitros_camera_info_type) by extensions ['ignore', 'ignore_ament_install']
[1.506s] Level 1:colcon.colcon_core.package_identification:_identify(ros2/src/isaac_ros_nitros/isaac_ros_nitros_type/isaac_ros_nitros_camera_info_type) by extension 'ignore'
[1.506s] Level 1:colcon.colcon_core.package_identification:_identify(ros2/src/isaac_ros_nitros/isaac_ros_nitros_type/isaac_ros_nitros_camera_info_type) by extension 'ignore_ament_install'
[1.506s] Level 1:colcon.colcon_core.package_identification:_identify(ros2/src/isaac_ros_nitros/isaac_ros_nitros_type/isaac_ros_nitros_camera_info_type) by extensions ['colcon_pkg']
[1.506s] Level 1:colcon.colcon_core.package_identification:_identify(ros2/src/isaac_ros_nitros/isaac_ros_nitros_type/isaac_ros_nitros_camera_info_type) by extension 'colcon_pkg'
[1.506s] Level 1:colcon.colcon_core.package_identification:_identify(ros2/src/isaac_ros_nitros/isaac_ros_nitros_type/isaac_ros_nitros_camera_info_type) by extensions ['colcon_meta']
[1.506s] Level 1:colcon.colcon_core.package_identification:_identify(ros2/src/isaac_ros_nitros/isaac_ros_nitros_type/isaac_ros_nitros_camera_info_type) by extension 'colcon_meta'
[1.506s] Level 1:colcon.colcon_core.package_identification:_identify(ros2/src/isaac_ros_nitros/isaac_ros_nitros_type/isaac_ros_nitros_camera_info_type) by extensions ['ros']
[1.506s] Level 1:colcon.colcon_core.package_identification:_identify(ros2/src/isaac_ros_nitros/isaac_ros_nitros_type/isaac_ros_nitros_camera_info_type) by extension 'ros'
[1.506s] DEBUG:colcon.colcon_core.package_identification:Package 'ros2/src/isaac_ros_nitros/isaac_ros_nitros_type/isaac_ros_nitros_camera_info_type' with type 'ros.ament_cmake' and name 'isaac_ros_nitros_camera_info_type'
[1.506s] Level 1:colcon.colcon_core.package_identification:_identify(ros2/src/isaac_ros_nitros/isaac_ros_nitros_type/isaac_ros_nitros_compressed_image_type) by extensions ['ignore', 'ignore_ament_install']
[1.506s] Level 1:colcon.colcon_core.package_identification:_identify(ros2/src/isaac_ros_nitros/isaac_ros_nitros_type/isaac_ros_nitros_compressed_image_type) by extension 'ignore'
[1.506s] Level 1:colcon.colcon_core.package_identification:_identify(ros2/src/isaac_ros_nitros/isaac_ros_nitros_type/isaac_ros_nitros_compressed_image_type) by extension 'ignore_ament_install'
[1.506s] Level 1:colcon.colcon_core.package_identification:_identify(ros2/src/isaac_ros_nitros/isaac_ros_nitros_type/isaac_ros_nitros_compressed_image_type) by extensions ['colcon_pkg']
[1.506s] Level 1:colcon.colcon_core.package_identification:_identify(ros2/src/isaac_ros_nitros/isaac_ros_nitros_type/isaac_ros_nitros_compressed_image_type) by extension 'colcon_pkg'
[1.506s] Level 1:colcon.colcon_core.package_identification:_identify(ros2/src/isaac_ros_nitros/isaac_ros_nitros_type/isaac_ros_nitros_compressed_image_type) by extensions ['colcon_meta']
[1.506s] Level 1:colcon.colcon_core.package_identification:_identify(ros2/src/isaac_ros_nitros/isaac_ros_nitros_type/isaac_ros_nitros_compressed_image_type) by extension 'colcon_meta'
[1.506s] Level 1:colcon.colcon_core.package_identification:_identify(ros2/src/isaac_ros_nitros/isaac_ros_nitros_type/isaac_ros_nitros_compressed_image_type) by extensions ['ros']
[1.506s] Level 1:colcon.colcon_core.package_identification:_identify(ros2/src/isaac_ros_nitros/isaac_ros_nitros_type/isaac_ros_nitros_compressed_image_type) by extension 'ros'
[1.507s] DEBUG:colcon.colcon_core.package_identification:Package 'ros2/src/isaac_ros_nitros/isaac_ros_nitros_type/isaac_ros_nitros_compressed_image_type' with type 'ros.ament_cmake' and name 'isaac_ros_nitros_compressed_image_type'
[1.507s] Level 1:colcon.colcon_core.package_identification:_identify(ros2/src/isaac_ros_nitros/isaac_ros_nitros_type/isaac_ros_nitros_compressed_video_type) by extensions ['ignore', 'ignore_ament_install']
[1.507s] Level 1:colcon.colcon_core.package_identification:_identify(ros2/src/isaac_ros_nitros/isaac_ros_nitros_type/isaac_ros_nitros_compressed_video_type) by extension 'ignore'
[1.507s] Level 1:colcon.colcon_core.package_identification:_identify(ros2/src/isaac_ros_nitros/isaac_ros_nitros_type/isaac_ros_nitros_compressed_video_type) by extension 'ignore_ament_install'
[1.507s] Level 1:colcon.colcon_core.package_identification:_identify(ros2/src/isaac_ros_nitros/isaac_ros_nitros_type/isaac_ros_nitros_compressed_video_type) by extensions ['colcon_pkg']
[1.507s] Level 1:colcon.colcon_core.package_identification:_identify(ros2/src/isaac_ros_nitros/isaac_ros_nitros_type/isaac_ros_nitros_compressed_video_type) by extension 'colcon_pkg'
[1.507s] Level 1:colcon.colcon_core.package_identification:_identify(ros2/src/isaac_ros_nitros/isaac_ros_nitros_type/isaac_ros_nitros_compressed_video_type) by extensions ['colcon_meta']
[1.507s] Level 1:colcon.colcon_core.package_identification:_identify(ros2/src/isaac_ros_nitros/isaac_ros_nitros_type/isaac_ros_nitros_compressed_video_type) by extension 'colcon_meta'
[1.507s] Level 1:colcon.colcon_core.package_identification:_identify(ros2/src/isaac_ros_nitros/isaac_ros_nitros_type/isaac_ros_nitros_compressed_video_type) by extensions ['ros']
[1.507s] Level 1:colcon.colcon_core.package_identification:_identify(ros2/src/isaac_ros_nitros/isaac_ros_nitros_type/isaac_ros_nitros_compressed_video_type) by extension 'ros'
[1.507s] DEBUG:colcon.colcon_core.package_identification:Package 'ros2/src/isaac_ros_nitros/isaac_ros_nitros_type/isaac_ros_nitros_compressed_video_type' with type 'ros.ament_cmake' and name 'isaac_ros_nitros_compressed_video_type'
[1.507s] Level 1:colcon.colcon_core.package_identification:_identify(ros2/src/isaac_ros_nitros/isaac_ros_nitros_type/isaac_ros_nitros_correlated_timestamp_type) by extensions ['ignore', 'ignore_ament_install']
[1.508s] Level 1:colcon.colcon_core.package_identification:_identify(ros2/src/isaac_ros_nitros/isaac_ros_nitros_type/isaac_ros_nitros_correlated_timestamp_type) by extension 'ignore'
[1.508s] Level 1:colcon.colcon_core.package_identification:_identify(ros2/src/isaac_ros_nitros/isaac_ros_nitros_type/isaac_ros_nitros_correlated_timestamp_type) by extension 'ignore_ament_install'
[1.508s] Level 1:colcon.colcon_core.package_identification:_identify(ros2/src/isaac_ros_nitros/isaac_ros_nitros_type/isaac_ros_nitros_correlated_timestamp_type) by extensions ['colcon_pkg']
[1.508s] Level 1:colcon.colcon_core.package_identification:_identify(ros2/src/isaac_ros_nitros/isaac_ros_nitros_type/isaac_ros_nitros_correlated_timestamp_type) by extension 'colcon_pkg'
[1.508s] Level 1:colcon.colcon_core.package_identification:_identify(ros2/src/isaac_ros_nitros/isaac_ros_nitros_type/isaac_ros_nitros_correlated_timestamp_type) by extensions ['colcon_meta']
[1.508s] Level 1:colcon.colcon_core.package_identification:_identify(ros2/src/isaac_ros_nitros/isaac_ros_nitros_type/isaac_ros_nitros_correlated_timestamp_type) by extension 'colcon_meta'
[1.508s] Level 1:colcon.colcon_core.package_identification:_identify(ros2/src/isaac_ros_nitros/isaac_ros_nitros_type/isaac_ros_nitros_correlated_timestamp_type) by extensions ['ros']
[1.508s] Level 1:colcon.colcon_core.package_identification:_identify(ros2/src/isaac_ros_nitros/isaac_ros_nitros_type/isaac_ros_nitros_correlated_timestamp_type) by extension 'ros'
[1.508s] DEBUG:colcon.colcon_core.package_identification:Package 'ros2/src/isaac_ros_nitros/isaac_ros_nitros_type/isaac_ros_nitros_correlated_timestamp_type' with type 'ros.ament_cmake' and name 'isaac_ros_nitros_correlated_timestamp_type'
[1.508s] Level 1:colcon.colcon_core.package_identification:_identify(ros2/src/isaac_ros_nitros/isaac_ros_nitros_type/isaac_ros_nitros_detection2_d_array_type) by extensions ['ignore', 'ignore_ament_install']
[1.508s] Level 1:colcon.colcon_core.package_identification:_identify(ros2/src/isaac_ros_nitros/isaac_ros_nitros_type/isaac_ros_nitros_detection2_d_array_type) by extension 'ignore'
[1.508s] Level 1:colcon.colcon_core.package_identification:_identify(ros2/src/isaac_ros_nitros/isaac_ros_nitros_type/isaac_ros_nitros_detection2_d_array_type) by extension 'ignore_ament_install'
[1.508s] Level 1:colcon.colcon_core.package_identification:_identify(ros2/src/isaac_ros_nitros/isaac_ros_nitros_type/isaac_ros_nitros_detection2_d_array_type) by extensions ['colcon_pkg']
[1.508s] Level 1:colcon.colcon_core.package_identification:_identify(ros2/src/isaac_ros_nitros/isaac_ros_nitros_type/isaac_ros_nitros_detection2_d_array_type) by extension 'colcon_pkg'
[1.508s] Level 1:colcon.colcon_core.package_identification:_identify(ros2/src/isaac_ros_nitros/isaac_ros_nitros_type/isaac_ros_nitros_detection2_d_array_type) by extensions ['colcon_meta']
[1.508s] Level 1:colcon.colcon_core.package_identification:_identify(ros2/src/isaac_ros_nitros/isaac_ros_nitros_type/isaac_ros_nitros_detection2_d_array_type) by extension 'colcon_meta'
[1.508s] Level 1:colcon.colcon_core.package_identification:_identify(ros2/src/isaac_ros_nitros/isaac_ros_nitros_type/isaac_ros_nitros_detection2_d_array_type) by extensions ['ros']
[1.508s] Level 1:colcon.colcon_core.package_identification:_identify(ros2/src/isaac_ros_nitros/isaac_ros_nitros_type/isaac_ros_nitros_detection2_d_array_type) by extension 'ros'
[1.509s] DEBUG:colcon.colcon_core.package_identification:Package 'ros2/src/isaac_ros_nitros/isaac_ros_nitros_type/isaac_ros_nitros_detection2_d_array_type' with type 'ros.ament_cmake' and name 'isaac_ros_nitros_detection2_d_array_type'
[1.509s] Level 1:colcon.colcon_core.package_identification:_identify(ros2/src/isaac_ros_nitros/isaac_ros_nitros_type/isaac_ros_nitros_detection3_d_array_type) by extensions ['ignore', 'ignore_ament_install']
[1.509s] Level 1:colcon.colcon_core.package_identification:_identify(ros2/src/isaac_ros_nitros/isaac_ros_nitros_type/isaac_ros_nitros_detection3_d_array_type) by extension 'ignore'
[1.509s] Level 1:colcon.colcon_core.package_identification:_identify(ros2/src/isaac_ros_nitros/isaac_ros_nitros_type/isaac_ros_nitros_detection3_d_array_type) by extension 'ignore_ament_install'
[1.509s] Level 1:colcon.colcon_core.package_identification:_identify(ros2/src/isaac_ros_nitros/isaac_ros_nitros_type/isaac_ros_nitros_detection3_d_array_type) by extensions ['colcon_pkg']
[1.509s] Level 1:colcon.colcon_core.package_identification:_identify(ros2/src/isaac_ros_nitros/isaac_ros_nitros_type/isaac_ros_nitros_detection3_d_array_type) by extension 'colcon_pkg'
[1.509s] Level 1:colcon.colcon_core.package_identification:_identify(ros2/src/isaac_ros_nitros/isaac_ros_nitros_type/isaac_ros_nitros_detection3_d_array_type) by extensions ['colcon_meta']
[1.509s] Level 1:colcon.colcon_core.package_identification:_identify(ros2/src/isaac_ros_nitros/isaac_ros_nitros_type/isaac_ros_nitros_detection3_d_array_type) by extension 'colcon_meta'
[1.509s] Level 1:colcon.colcon_core.package_identification:_identify(ros2/src/isaac_ros_nitros/isaac_ros_nitros_type/isaac_ros_nitros_detection3_d_array_type) by extensions ['ros']
[1.509s] Level 1:colcon.colcon_core.package_identification:_identify(ros2/src/isaac_ros_nitros/isaac_ros_nitros_type/isaac_ros_nitros_detection3_d_array_type) by extension 'ros'
[1.510s] DEBUG:colcon.colcon_core.package_identification:Package 'ros2/src/isaac_ros_nitros/isaac_ros_nitros_type/isaac_ros_nitros_detection3_d_array_type' with type 'ros.ament_cmake' and name 'isaac_ros_nitros_detection3_d_array_type'
[1.510s] Level 1:colcon.colcon_core.package_identification:_identify(ros2/src/isaac_ros_nitros/isaac_ros_nitros_type/isaac_ros_nitros_disparity_image_type) by extensions ['ignore', 'ignore_ament_install']
[1.510s] Level 1:colcon.colcon_core.package_identification:_identify(ros2/src/isaac_ros_nitros/isaac_ros_nitros_type/isaac_ros_nitros_disparity_image_type) by extension 'ignore'
[1.510s] Level 1:colcon.colcon_core.package_identification:_identify(ros2/src/isaac_ros_nitros/isaac_ros_nitros_type/isaac_ros_nitros_disparity_image_type) by extension 'ignore_ament_install'
[1.510s] Level 1:colcon.colcon_core.package_identification:_identify(ros2/src/isaac_ros_nitros/isaac_ros_nitros_type/isaac_ros_nitros_disparity_image_type) by extensions ['colcon_pkg']
[1.510s] Level 1:colcon.colcon_core.package_identification:_identify(ros2/src/isaac_ros_nitros/isaac_ros_nitros_type/isaac_ros_nitros_disparity_image_type) by extension 'colcon_pkg'
[1.510s] Level 1:colcon.colcon_core.package_identification:_identify(ros2/src/isaac_ros_nitros/isaac_ros_nitros_type/isaac_ros_nitros_disparity_image_type) by extensions ['colcon_meta']
[1.510s] Level 1:colcon.colcon_core.package_identification:_identify(ros2/src/isaac_ros_nitros/isaac_ros_nitros_type/isaac_ros_nitros_disparity_image_type) by extension 'colcon_meta'
[1.510s] Level 1:colcon.colcon_core.package_identification:_identify(ros2/src/isaac_ros_nitros/isaac_ros_nitros_type/isaac_ros_nitros_disparity_image_type) by extensions ['ros']
[1.510s] Level 1:colcon.colcon_core.package_identification:_identify(ros2/src/isaac_ros_nitros/isaac_ros_nitros_type/isaac_ros_nitros_disparity_image_type) by extension 'ros'
[1.510s] DEBUG:colcon.colcon_core.package_identification:Package 'ros2/src/isaac_ros_nitros/isaac_ros_nitros_type/isaac_ros_nitros_disparity_image_type' with type 'ros.ament_cmake' and name 'isaac_ros_nitros_disparity_image_type'
[1.510s] Level 1:colcon.colcon_core.package_identification:_identify(ros2/src/isaac_ros_nitros/isaac_ros_nitros_type/isaac_ros_nitros_encoder_ticks_type) by extensions ['ignore', 'ignore_ament_install']
[1.510s] Level 1:colcon.colcon_core.package_identification:_identify(ros2/src/isaac_ros_nitros/isaac_ros_nitros_type/isaac_ros_nitros_encoder_ticks_type) by extension 'ignore'
[1.510s] Level 1:colcon.colcon_core.package_identification:_identify(ros2/src/isaac_ros_nitros/isaac_ros_nitros_type/isaac_ros_nitros_encoder_ticks_type) by extension 'ignore_ament_install'
[1.510s] Level 1:colcon.colcon_core.package_identification:_identify(ros2/src/isaac_ros_nitros/isaac_ros_nitros_type/isaac_ros_nitros_encoder_ticks_type) by extensions ['colcon_pkg']
[1.510s] Level 1:colcon.colcon_core.package_identification:_identify(ros2/src/isaac_ros_nitros/isaac_ros_nitros_type/isaac_ros_nitros_encoder_ticks_type) by extension 'colcon_pkg'
[1.511s] Level 1:colcon.colcon_core.package_identification:_identify(ros2/src/isaac_ros_nitros/isaac_ros_nitros_type/isaac_ros_nitros_encoder_ticks_type) by extensions ['colcon_meta']
[1.511s] Level 1:colcon.colcon_core.package_identification:_identify(ros2/src/isaac_ros_nitros/isaac_ros_nitros_type/isaac_ros_nitros_encoder_ticks_type) by extension 'colcon_meta'
[1.511s] Level 1:colcon.colcon_core.package_identification:_identify(ros2/src/isaac_ros_nitros/isaac_ros_nitros_type/isaac_ros_nitros_encoder_ticks_type) by extensions ['ros']
[1.511s] Level 1:colcon.colcon_core.package_identification:_identify(ros2/src/isaac_ros_nitros/isaac_ros_nitros_type/isaac_ros_nitros_encoder_ticks_type) by extension 'ros'
[1.511s] DEBUG:colcon.colcon_core.package_identification:Package 'ros2/src/isaac_ros_nitros/isaac_ros_nitros_type/isaac_ros_nitros_encoder_ticks_type' with type 'ros.ament_cmake' and name 'isaac_ros_nitros_encoder_ticks_type'
[1.511s] Level 1:colcon.colcon_core.package_identification:_identify(ros2/src/isaac_ros_nitros/isaac_ros_nitros_type/isaac_ros_nitros_flat_scan_type) by extensions ['ignore', 'ignore_ament_install']
[1.511s] Level 1:colcon.colcon_core.package_identification:_identify(ros2/src/isaac_ros_nitros/isaac_ros_nitros_type/isaac_ros_nitros_flat_scan_type) by extension 'ignore'
[1.511s] Level 1:colcon.colcon_core.package_identification:_identify(ros2/src/isaac_ros_nitros/isaac_ros_nitros_type/isaac_ros_nitros_flat_scan_type) by extension 'ignore_ament_install'
[1.511s] Level 1:colcon.colcon_core.package_identification:_identify(ros2/src/isaac_ros_nitros/isaac_ros_nitros_type/isaac_ros_nitros_flat_scan_type) by extensions ['colcon_pkg']
[1.511s] Level 1:colcon.colcon_core.package_identification:_identify(ros2/src/isaac_ros_nitros/isaac_ros_nitros_type/isaac_ros_nitros_flat_scan_type) by extension 'colcon_pkg'
[1.511s] Level 1:colcon.colcon_core.package_identification:_identify(ros2/src/isaac_ros_nitros/isaac_ros_nitros_type/isaac_ros_nitros_flat_scan_type) by extensions ['colcon_meta']
[1.511s] Level 1:colcon.colcon_core.package_identification:_identify(ros2/src/isaac_ros_nitros/isaac_ros_nitros_type/isaac_ros_nitros_flat_scan_type) by extension 'colcon_meta'
[1.511s] Level 1:colcon.colcon_core.package_identification:_identify(ros2/src/isaac_ros_nitros/isaac_ros_nitros_type/isaac_ros_nitros_flat_scan_type) by extensions ['ros']
[1.511s] Level 1:colcon.colcon_core.package_identification:_identify(ros2/src/isaac_ros_nitros/isaac_ros_nitros_type/isaac_ros_nitros_flat_scan_type) by extension 'ros'
[1.512s] DEBUG:colcon.colcon_core.package_identification:Package 'ros2/src/isaac_ros_nitros/isaac_ros_nitros_type/isaac_ros_nitros_flat_scan_type' with type 'ros.ament_cmake' and name 'isaac_ros_nitros_flat_scan_type'
[1.512s] Level 1:colcon.colcon_core.package_identification:_identify(ros2/src/isaac_ros_nitros/isaac_ros_nitros_type/isaac_ros_nitros_image_type) by extensions ['ignore', 'ignore_ament_install']
[1.512s] Level 1:colcon.colcon_core.package_identification:_identify(ros2/src/isaac_ros_nitros/isaac_ros_nitros_type/isaac_ros_nitros_image_type) by extension 'ignore'
[1.512s] Level 1:colcon.colcon_core.package_identification:_identify(ros2/src/isaac_ros_nitros/isaac_ros_nitros_type/isaac_ros_nitros_image_type) by extension 'ignore_ament_install'
[1.512s] Level 1:colcon.colcon_core.package_identification:_identify(ros2/src/isaac_ros_nitros/isaac_ros_nitros_type/isaac_ros_nitros_image_type) by extensions ['colcon_pkg']
[1.512s] Level 1:colcon.colcon_core.package_identification:_identify(ros2/src/isaac_ros_nitros/isaac_ros_nitros_type/isaac_ros_nitros_image_type) by extension 'colcon_pkg'
[1.512s] Level 1:colcon.colcon_core.package_identification:_identify(ros2/src/isaac_ros_nitros/isaac_ros_nitros_type/isaac_ros_nitros_image_type) by extensions ['colcon_meta']
[1.512s] Level 1:colcon.colcon_core.package_identification:_identify(ros2/src/isaac_ros_nitros/isaac_ros_nitros_type/isaac_ros_nitros_image_type) by extension 'colcon_meta'
[1.512s] Level 1:colcon.colcon_core.package_identification:_identify(ros2/src/isaac_ros_nitros/isaac_ros_nitros_type/isaac_ros_nitros_image_type) by extensions ['ros']
[1.512s] Level 1:colcon.colcon_core.package_identification:_identify(ros2/src/isaac_ros_nitros/isaac_ros_nitros_type/isaac_ros_nitros_image_type) by extension 'ros'
[1.512s] DEBUG:colcon.colcon_core.package_identification:Package 'ros2/src/isaac_ros_nitros/isaac_ros_nitros_type/isaac_ros_nitros_image_type' with type 'ros.ament_cmake' and name 'isaac_ros_nitros_image_type'
[1.513s] Level 1:colcon.colcon_core.package_identification:_identify(ros2/src/isaac_ros_nitros/isaac_ros_nitros_type/isaac_ros_nitros_imu_type) by extensions ['ignore', 'ignore_ament_install']
[1.513s] Level 1:colcon.colcon_core.package_identification:_identify(ros2/src/isaac_ros_nitros/isaac_ros_nitros_type/isaac_ros_nitros_imu_type) by extension 'ignore'
[1.513s] Level 1:colcon.colcon_core.package_identification:_identify(ros2/src/isaac_ros_nitros/isaac_ros_nitros_type/isaac_ros_nitros_imu_type) by extension 'ignore_ament_install'
[1.513s] Level 1:colcon.colcon_core.package_identification:_identify(ros2/src/isaac_ros_nitros/isaac_ros_nitros_type/isaac_ros_nitros_imu_type) by extensions ['colcon_pkg']
[1.513s] Level 1:colcon.colcon_core.package_identification:_identify(ros2/src/isaac_ros_nitros/isaac_ros_nitros_type/isaac_ros_nitros_imu_type) by extension 'colcon_pkg'
[1.513s] Level 1:colcon.colcon_core.package_identification:_identify(ros2/src/isaac_ros_nitros/isaac_ros_nitros_type/isaac_ros_nitros_imu_type) by extensions ['colcon_meta']
[1.513s] Level 1:colcon.colcon_core.package_identification:_identify(ros2/src/isaac_ros_nitros/isaac_ros_nitros_type/isaac_ros_nitros_imu_type) by extension 'colcon_meta'
[1.513s] Level 1:colcon.colcon_core.package_identification:_identify(ros2/src/isaac_ros_nitros/isaac_ros_nitros_type/isaac_ros_nitros_imu_type) by extensions ['ros']
[1.513s] Level 1:colcon.colcon_core.package_identification:_identify(ros2/src/isaac_ros_nitros/isaac_ros_nitros_type/isaac_ros_nitros_imu_type) by extension 'ros'
[1.513s] DEBUG:colcon.colcon_core.package_identification:Package 'ros2/src/isaac_ros_nitros/isaac_ros_nitros_type/isaac_ros_nitros_imu_type' with type 'ros.ament_cmake' and name 'isaac_ros_nitros_imu_type'
[1.513s] Level 1:colcon.colcon_core.package_identification:_identify(ros2/src/isaac_ros_nitros/isaac_ros_nitros_type/isaac_ros_nitros_occupancy_grid_type) by extensions ['ignore', 'ignore_ament_install']
[1.514s] Level 1:colcon.colcon_core.package_identification:_identify(ros2/src/isaac_ros_nitros/isaac_ros_nitros_type/isaac_ros_nitros_occupancy_grid_type) by extension 'ignore'
[1.514s] Level 1:colcon.colcon_core.package_identification:_identify(ros2/src/isaac_ros_nitros/isaac_ros_nitros_type/isaac_ros_nitros_occupancy_grid_type) by extension 'ignore_ament_install'
[1.514s] Level 1:colcon.colcon_core.package_identification:_identify(ros2/src/isaac_ros_nitros/isaac_ros_nitros_type/isaac_ros_nitros_occupancy_grid_type) by extensions ['colcon_pkg']
[1.514s] Level 1:colcon.colcon_core.package_identification:_identify(ros2/src/isaac_ros_nitros/isaac_ros_nitros_type/isaac_ros_nitros_occupancy_grid_type) by extension 'colcon_pkg'
[1.514s] Level 1:colcon.colcon_core.package_identification:_identify(ros2/src/isaac_ros_nitros/isaac_ros_nitros_type/isaac_ros_nitros_occupancy_grid_type) by extensions ['colcon_meta']
[1.514s] Level 1:colcon.colcon_core.package_identification:_identify(ros2/src/isaac_ros_nitros/isaac_ros_nitros_type/isaac_ros_nitros_occupancy_grid_type) by extension 'colcon_meta'
[1.514s] Level 1:colcon.colcon_core.package_identification:_identify(ros2/src/isaac_ros_nitros/isaac_ros_nitros_type/isaac_ros_nitros_occupancy_grid_type) by extensions ['ros']
[1.514s] Level 1:colcon.colcon_core.package_identification:_identify(ros2/src/isaac_ros_nitros/isaac_ros_nitros_type/isaac_ros_nitros_occupancy_grid_type) by extension 'ros'
[1.514s] DEBUG:colcon.colcon_core.package_identification:Package 'ros2/src/isaac_ros_nitros/isaac_ros_nitros_type/isaac_ros_nitros_occupancy_grid_type' with type 'ros.ament_cmake' and name 'isaac_ros_nitros_occupancy_grid_type'
[1.514s] Level 1:colcon.colcon_core.package_identification:_identify(ros2/src/isaac_ros_nitros/isaac_ros_nitros_type/isaac_ros_nitros_odometry_type) by extensions ['ignore', 'ignore_ament_install']
[1.514s] Level 1:colcon.colcon_core.package_identification:_identify(ros2/src/isaac_ros_nitros/isaac_ros_nitros_type/isaac_ros_nitros_odometry_type) by extension 'ignore'
[1.514s] Level 1:colcon.colcon_core.package_identification:_identify(ros2/src/isaac_ros_nitros/isaac_ros_nitros_type/isaac_ros_nitros_odometry_type) by extension 'ignore_ament_install'
[1.514s] Level 1:colcon.colcon_core.package_identification:_identify(ros2/src/isaac_ros_nitros/isaac_ros_nitros_type/isaac_ros_nitros_odometry_type) by extensions ['colcon_pkg']
[1.514s] Level 1:colcon.colcon_core.package_identification:_identify(ros2/src/isaac_ros_nitros/isaac_ros_nitros_type/isaac_ros_nitros_odometry_type) by extension 'colcon_pkg'
[1.514s] Level 1:colcon.colcon_core.package_identification:_identify(ros2/src/isaac_ros_nitros/isaac_ros_nitros_type/isaac_ros_nitros_odometry_type) by extensions ['colcon_meta']
[1.514s] Level 1:colcon.colcon_core.package_identification:_identify(ros2/src/isaac_ros_nitros/isaac_ros_nitros_type/isaac_ros_nitros_odometry_type) by extension 'colcon_meta'
[1.514s] Level 1:colcon.colcon_core.package_identification:_identify(ros2/src/isaac_ros_nitros/isaac_ros_nitros_type/isaac_ros_nitros_odometry_type) by extensions ['ros']
[1.514s] Level 1:colcon.colcon_core.package_identification:_identify(ros2/src/isaac_ros_nitros/isaac_ros_nitros_type/isaac_ros_nitros_odometry_type) by extension 'ros'
[1.515s] DEBUG:colcon.colcon_core.package_identification:Package 'ros2/src/isaac_ros_nitros/isaac_ros_nitros_type/isaac_ros_nitros_odometry_type' with type 'ros.ament_cmake' and name 'isaac_ros_nitros_odometry_type'
[1.515s] Level 1:colcon.colcon_core.package_identification:_identify(ros2/src/isaac_ros_nitros/isaac_ros_nitros_type/isaac_ros_nitros_point_cloud_type) by extensions ['ignore', 'ignore_ament_install']
[1.515s] Level 1:colcon.colcon_core.package_identification:_identify(ros2/src/isaac_ros_nitros/isaac_ros_nitros_type/isaac_ros_nitros_point_cloud_type) by extension 'ignore'
[1.515s] Level 1:colcon.colcon_core.package_identification:_identify(ros2/src/isaac_ros_nitros/isaac_ros_nitros_type/isaac_ros_nitros_point_cloud_type) by extension 'ignore_ament_install'
[1.515s] Level 1:colcon.colcon_core.package_identification:_identify(ros2/src/isaac_ros_nitros/isaac_ros_nitros_type/isaac_ros_nitros_point_cloud_type) by extensions ['colcon_pkg']
[1.515s] Level 1:colcon.colcon_core.package_identification:_identify(ros2/src/isaac_ros_nitros/isaac_ros_nitros_type/isaac_ros_nitros_point_cloud_type) by extension 'colcon_pkg'
[1.515s] Level 1:colcon.colcon_core.package_identification:_identify(ros2/src/isaac_ros_nitros/isaac_ros_nitros_type/isaac_ros_nitros_point_cloud_type) by extensions ['colcon_meta']
[1.515s] Level 1:colcon.colcon_core.package_identification:_identify(ros2/src/isaac_ros_nitros/isaac_ros_nitros_type/isaac_ros_nitros_point_cloud_type) by extension 'colcon_meta'
[1.515s] Level 1:colcon.colcon_core.package_identification:_identify(ros2/src/isaac_ros_nitros/isaac_ros_nitros_type/isaac_ros_nitros_point_cloud_type) by extensions ['ros']
[1.515s] Level 1:colcon.colcon_core.package_identification:_identify(ros2/src/isaac_ros_nitros/isaac_ros_nitros_type/isaac_ros_nitros_point_cloud_type) by extension 'ros'
[1.516s] DEBUG:colcon.colcon_core.package_identification:Package 'ros2/src/isaac_ros_nitros/isaac_ros_nitros_type/isaac_ros_nitros_point_cloud_type' with type 'ros.ament_cmake' and name 'isaac_ros_nitros_point_cloud_type'
[1.516s] Level 1:colcon.colcon_core.package_identification:_identify(ros2/src/isaac_ros_nitros/isaac_ros_nitros_type/isaac_ros_nitros_pose_array_type) by extensions ['ignore', 'ignore_ament_install']
[1.516s] Level 1:colcon.colcon_core.package_identification:_identify(ros2/src/isaac_ros_nitros/isaac_ros_nitros_type/isaac_ros_nitros_pose_array_type) by extension 'ignore'
[1.516s] Level 1:colcon.colcon_core.package_identification:_identify(ros2/src/isaac_ros_nitros/isaac_ros_nitros_type/isaac_ros_nitros_pose_array_type) by extension 'ignore_ament_install'
[1.516s] Level 1:colcon.colcon_core.package_identification:_identify(ros2/src/isaac_ros_nitros/isaac_ros_nitros_type/isaac_ros_nitros_pose_array_type) by extensions ['colcon_pkg']
[1.516s] Level 1:colcon.colcon_core.package_identification:_identify(ros2/src/isaac_ros_nitros/isaac_ros_nitros_type/isaac_ros_nitros_pose_array_type) by extension 'colcon_pkg'
[1.516s] Level 1:colcon.colcon_core.package_identification:_identify(ros2/src/isaac_ros_nitros/isaac_ros_nitros_type/isaac_ros_nitros_pose_array_type) by extensions ['colcon_meta']
[1.516s] Level 1:colcon.colcon_core.package_identification:_identify(ros2/src/isaac_ros_nitros/isaac_ros_nitros_type/isaac_ros_nitros_pose_array_type) by extension 'colcon_meta'
[1.516s] Level 1:colcon.colcon_core.package_identification:_identify(ros2/src/isaac_ros_nitros/isaac_ros_nitros_type/isaac_ros_nitros_pose_array_type) by extensions ['ros']
[1.516s] Level 1:colcon.colcon_core.package_identification:_identify(ros2/src/isaac_ros_nitros/isaac_ros_nitros_type/isaac_ros_nitros_pose_array_type) by extension 'ros'
[1.516s] DEBUG:colcon.colcon_core.package_identification:Package 'ros2/src/isaac_ros_nitros/isaac_ros_nitros_type/isaac_ros_nitros_pose_array_type' with type 'ros.ament_cmake' and name 'isaac_ros_nitros_pose_array_type'
[1.516s] Level 1:colcon.colcon_core.package_identification:_identify(ros2/src/isaac_ros_nitros/isaac_ros_nitros_type/isaac_ros_nitros_pose_cov_stamped_type) by extensions ['ignore', 'ignore_ament_install']
[1.516s] Level 1:colcon.colcon_core.package_identification:_identify(ros2/src/isaac_ros_nitros/isaac_ros_nitros_type/isaac_ros_nitros_pose_cov_stamped_type) by extension 'ignore'
[1.516s] Level 1:colcon.colcon_core.package_identification:_identify(ros2/src/isaac_ros_nitros/isaac_ros_nitros_type/isaac_ros_nitros_pose_cov_stamped_type) by extension 'ignore_ament_install'
[1.517s] Level 1:colcon.colcon_core.package_identification:_identify(ros2/src/isaac_ros_nitros/isaac_ros_nitros_type/isaac_ros_nitros_pose_cov_stamped_type) by extensions ['colcon_pkg']
[1.517s] Level 1:colcon.colcon_core.package_identification:_identify(ros2/src/isaac_ros_nitros/isaac_ros_nitros_type/isaac_ros_nitros_pose_cov_stamped_type) by extension 'colcon_pkg'
[1.517s] Level 1:colcon.colcon_core.package_identification:_identify(ros2/src/isaac_ros_nitros/isaac_ros_nitros_type/isaac_ros_nitros_pose_cov_stamped_type) by extensions ['colcon_meta']
[1.517s] Level 1:colcon.colcon_core.package_identification:_identify(ros2/src/isaac_ros_nitros/isaac_ros_nitros_type/isaac_ros_nitros_pose_cov_stamped_type) by extension 'colcon_meta'
[1.517s] Level 1:colcon.colcon_core.package_identification:_identify(ros2/src/isaac_ros_nitros/isaac_ros_nitros_type/isaac_ros_nitros_pose_cov_stamped_type) by extensions ['ros']
[1.517s] Level 1:colcon.colcon_core.package_identification:_identify(ros2/src/isaac_ros_nitros/isaac_ros_nitros_type/isaac_ros_nitros_pose_cov_stamped_type) by extension 'ros'
[1.517s] DEBUG:colcon.colcon_core.package_identification:Package 'ros2/src/isaac_ros_nitros/isaac_ros_nitros_type/isaac_ros_nitros_pose_cov_stamped_type' with type 'ros.ament_cmake' and name 'isaac_ros_nitros_pose_cov_stamped_type'
[1.517s] Level 1:colcon.colcon_core.package_identification:_identify(ros2/src/isaac_ros_nitros/isaac_ros_nitros_type/isaac_ros_nitros_std_msg_type) by extensions ['ignore', 'ignore_ament_install']
[1.517s] Level 1:colcon.colcon_core.package_identification:_identify(ros2/src/isaac_ros_nitros/isaac_ros_nitros_type/isaac_ros_nitros_std_msg_type) by extension 'ignore'
[1.517s] Level 1:colcon.colcon_core.package_identification:_identify(ros2/src/isaac_ros_nitros/isaac_ros_nitros_type/isaac_ros_nitros_std_msg_type) by extension 'ignore_ament_install'
[1.517s] Level 1:colcon.colcon_core.package_identification:_identify(ros2/src/isaac_ros_nitros/isaac_ros_nitros_type/isaac_ros_nitros_std_msg_type) by extensions ['colcon_pkg']
[1.517s] Level 1:colcon.colcon_core.package_identification:_identify(ros2/src/isaac_ros_nitros/isaac_ros_nitros_type/isaac_ros_nitros_std_msg_type) by extension 'colcon_pkg'
[1.517s] Level 1:colcon.colcon_core.package_identification:_identify(ros2/src/isaac_ros_nitros/isaac_ros_nitros_type/isaac_ros_nitros_std_msg_type) by extensions ['colcon_meta']
[1.517s] Level 1:colcon.colcon_core.package_identification:_identify(ros2/src/isaac_ros_nitros/isaac_ros_nitros_type/isaac_ros_nitros_std_msg_type) by extension 'colcon_meta'
[1.517s] Level 1:colcon.colcon_core.package_identification:_identify(ros2/src/isaac_ros_nitros/isaac_ros_nitros_type/isaac_ros_nitros_std_msg_type) by extensions ['ros']
[1.517s] Level 1:colcon.colcon_core.package_identification:_identify(ros2/src/isaac_ros_nitros/isaac_ros_nitros_type/isaac_ros_nitros_std_msg_type) by extension 'ros'
[1.518s] DEBUG:colcon.colcon_core.package_identification:Package 'ros2/src/isaac_ros_nitros/isaac_ros_nitros_type/isaac_ros_nitros_std_msg_type' with type 'ros.ament_cmake' and name 'isaac_ros_nitros_std_msg_type'
[1.518s] Level 1:colcon.colcon_core.package_identification:_identify(ros2/src/isaac_ros_nitros/isaac_ros_nitros_type/isaac_ros_nitros_tensor_list_type) by extensions ['ignore', 'ignore_ament_install']
[1.518s] Level 1:colcon.colcon_core.package_identification:_identify(ros2/src/isaac_ros_nitros/isaac_ros_nitros_type/isaac_ros_nitros_tensor_list_type) by extension 'ignore'
[1.518s] Level 1:colcon.colcon_core.package_identification:_identify(ros2/src/isaac_ros_nitros/isaac_ros_nitros_type/isaac_ros_nitros_tensor_list_type) by extension 'ignore_ament_install'
[1.518s] Level 1:colcon.colcon_core.package_identification:_identify(ros2/src/isaac_ros_nitros/isaac_ros_nitros_type/isaac_ros_nitros_tensor_list_type) by extensions ['colcon_pkg']
[1.518s] Level 1:colcon.colcon_core.package_identification:_identify(ros2/src/isaac_ros_nitros/isaac_ros_nitros_type/isaac_ros_nitros_tensor_list_type) by extension 'colcon_pkg'
[1.518s] Level 1:colcon.colcon_core.package_identification:_identify(ros2/src/isaac_ros_nitros/isaac_ros_nitros_type/isaac_ros_nitros_tensor_list_type) by extensions ['colcon_meta']
[1.518s] Level 1:colcon.colcon_core.package_identification:_identify(ros2/src/isaac_ros_nitros/isaac_ros_nitros_type/isaac_ros_nitros_tensor_list_type) by extension 'colcon_meta'
[1.518s] Level 1:colcon.colcon_core.package_identification:_identify(ros2/src/isaac_ros_nitros/isaac_ros_nitros_type/isaac_ros_nitros_tensor_list_type) by extensions ['ros']
[1.518s] Level 1:colcon.colcon_core.package_identification:_identify(ros2/src/isaac_ros_nitros/isaac_ros_nitros_type/isaac_ros_nitros_tensor_list_type) by extension 'ros'
[1.518s] DEBUG:colcon.colcon_core.package_identification:Package 'ros2/src/isaac_ros_nitros/isaac_ros_nitros_type/isaac_ros_nitros_tensor_list_type' with type 'ros.ament_cmake' and name 'isaac_ros_nitros_tensor_list_type'
[1.518s] Level 1:colcon.colcon_core.package_identification:_identify(ros2/src/isaac_ros_nitros/isaac_ros_nitros_type/isaac_ros_nitros_twist_type) by extensions ['ignore', 'ignore_ament_install']
[1.518s] Level 1:colcon.colcon_core.package_identification:_identify(ros2/src/isaac_ros_nitros/isaac_ros_nitros_type/isaac_ros_nitros_twist_type) by extension 'ignore'
[1.519s] Level 1:colcon.colcon_core.package_identification:_identify(ros2/src/isaac_ros_nitros/isaac_ros_nitros_type/isaac_ros_nitros_twist_type) by extension 'ignore_ament_install'
[1.519s] Level 1:colcon.colcon_core.package_identification:_identify(ros2/src/isaac_ros_nitros/isaac_ros_nitros_type/isaac_ros_nitros_twist_type) by extensions ['colcon_pkg']
[1.519s] Level 1:colcon.colcon_core.package_identification:_identify(ros2/src/isaac_ros_nitros/isaac_ros_nitros_type/isaac_ros_nitros_twist_type) by extension 'colcon_pkg'
[1.519s] Level 1:colcon.colcon_core.package_identification:_identify(ros2/src/isaac_ros_nitros/isaac_ros_nitros_type/isaac_ros_nitros_twist_type) by extensions ['colcon_meta']
[1.519s] Level 1:colcon.colcon_core.package_identification:_identify(ros2/src/isaac_ros_nitros/isaac_ros_nitros_type/isaac_ros_nitros_twist_type) by extension 'colcon_meta'
[1.519s] Level 1:colcon.colcon_core.package_identification:_identify(ros2/src/isaac_ros_nitros/isaac_ros_nitros_type/isaac_ros_nitros_twist_type) by extensions ['ros']
[1.519s] Level 1:colcon.colcon_core.package_identification:_identify(ros2/src/isaac_ros_nitros/isaac_ros_nitros_type/isaac_ros_nitros_twist_type) by extension 'ros'
[1.519s] DEBUG:colcon.colcon_core.package_identification:Package 'ros2/src/isaac_ros_nitros/isaac_ros_nitros_type/isaac_ros_nitros_twist_type' with type 'ros.ament_cmake' and name 'isaac_ros_nitros_twist_type'
[1.519s] Level 1:colcon.colcon_core.package_identification:_identify(ros2/src/isaac_ros_visual_slam) by extensions ['ignore', 'ignore_ament_install']
[1.519s] Level 1:colcon.colcon_core.package_identification:_identify(ros2/src/isaac_ros_visual_slam) by extension 'ignore'
[1.519s] Level 1:colcon.colcon_core.package_identification:_identify(ros2/src/isaac_ros_visual_slam) by extension 'ignore_ament_install'
[1.519s] Level 1:colcon.colcon_core.package_identification:_identify(ros2/src/isaac_ros_visual_slam) by extensions ['colcon_pkg']
[1.519s] Level 1:colcon.colcon_core.package_identification:_identify(ros2/src/isaac_ros_visual_slam) by extension 'colcon_pkg'
[1.519s] Level 1:colcon.colcon_core.package_identification:_identify(ros2/src/isaac_ros_visual_slam) by extensions ['colcon_meta']
[1.519s] Level 1:colcon.colcon_core.package_identification:_identify(ros2/src/isaac_ros_visual_slam) by extension 'colcon_meta'
[1.519s] Level 1:colcon.colcon_core.package_identification:_identify(ros2/src/isaac_ros_visual_slam) by extensions ['ros']
[1.519s] Level 1:colcon.colcon_core.package_identification:_identify(ros2/src/isaac_ros_visual_slam) by extension 'ros'
[1.519s] Level 1:colcon.colcon_core.package_identification:_identify(ros2/src/isaac_ros_visual_slam) by extensions ['cmake', 'python']
[1.519s] Level 1:colcon.colcon_core.package_identification:_identify(ros2/src/isaac_ros_visual_slam) by extension 'cmake'
[1.519s] Level 1:colcon.colcon_core.package_identification:_identify(ros2/src/isaac_ros_visual_slam) by extension 'python'
[1.520s] Level 1:colcon.colcon_core.package_identification:_identify(ros2/src/isaac_ros_visual_slam) by extensions ['python_setup_py']
[1.520s] Level 1:colcon.colcon_core.package_identification:_identify(ros2/src/isaac_ros_visual_slam) by extension 'python_setup_py'
[1.520s] Level 1:colcon.colcon_core.package_identification:_identify(ros2/src/isaac_ros_visual_slam/isaac_ros_visual_slam) by extensions ['ignore', 'ignore_ament_install']
[1.520s] Level 1:colcon.colcon_core.package_identification:_identify(ros2/src/isaac_ros_visual_slam/isaac_ros_visual_slam) by extension 'ignore'
[1.520s] Level 1:colcon.colcon_core.package_identification:_identify(ros2/src/isaac_ros_visual_slam/isaac_ros_visual_slam) by extension 'ignore_ament_install'
[1.520s] Level 1:colcon.colcon_core.package_identification:_identify(ros2/src/isaac_ros_visual_slam/isaac_ros_visual_slam) by extensions ['colcon_pkg']
[1.520s] Level 1:colcon.colcon_core.package_identification:_identify(ros2/src/isaac_ros_visual_slam/isaac_ros_visual_slam) by extension 'colcon_pkg'
[1.520s] Level 1:colcon.colcon_core.package_identification:_identify(ros2/src/isaac_ros_visual_slam/isaac_ros_visual_slam) by extensions ['colcon_meta']
[1.520s] Level 1:colcon.colcon_core.package_identification:_identify(ros2/src/isaac_ros_visual_slam/isaac_ros_visual_slam) by extension 'colcon_meta'
[1.520s] Level 1:colcon.colcon_core.package_identification:_identify(ros2/src/isaac_ros_visual_slam/isaac_ros_visual_slam) by extensions ['ros']
[1.520s] Level 1:colcon.colcon_core.package_identification:_identify(ros2/src/isaac_ros_visual_slam/isaac_ros_visual_slam) by extension 'ros'
[1.521s] DEBUG:colcon.colcon_core.package_identification:Package 'ros2/src/isaac_ros_visual_slam/isaac_ros_visual_slam' with type 'ros.ament_cmake' and name 'isaac_ros_visual_slam'
[1.521s] Level 1:colcon.colcon_core.package_identification:_identify(ros2/src/isaac_ros_visual_slam/isaac_ros_visual_slam_interfaces) by extensions ['ignore', 'ignore_ament_install']
[1.521s] Level 1:colcon.colcon_core.package_identification:_identify(ros2/src/isaac_ros_visual_slam/isaac_ros_visual_slam_interfaces) by extension 'ignore'
[1.521s] Level 1:colcon.colcon_core.package_identification:_identify(ros2/src/isaac_ros_visual_slam/isaac_ros_visual_slam_interfaces) by extension 'ignore_ament_install'
[1.521s] Level 1:colcon.colcon_core.package_identification:_identify(ros2/src/isaac_ros_visual_slam/isaac_ros_visual_slam_interfaces) by extensions ['colcon_pkg']
[1.521s] Level 1:colcon.colcon_core.package_identification:_identify(ros2/src/isaac_ros_visual_slam/isaac_ros_visual_slam_interfaces) by extension 'colcon_pkg'
[1.521s] Level 1:colcon.colcon_core.package_identification:_identify(ros2/src/isaac_ros_visual_slam/isaac_ros_visual_slam_interfaces) by extensions ['colcon_meta']
[1.521s] Level 1:colcon.colcon_core.package_identification:_identify(ros2/src/isaac_ros_visual_slam/isaac_ros_visual_slam_interfaces) by extension 'colcon_meta'
[1.521s] Level 1:colcon.colcon_core.package_identification:_identify(ros2/src/isaac_ros_visual_slam/isaac_ros_visual_slam_interfaces) by extensions ['ros']
[1.521s] Level 1:colcon.colcon_core.package_identification:_identify(ros2/src/isaac_ros_visual_slam/isaac_ros_visual_slam_interfaces) by extension 'ros'
[1.521s] DEBUG:colcon.colcon_core.package_identification:Package 'ros2/src/isaac_ros_visual_slam/isaac_ros_visual_slam_interfaces' with type 'ros.ament_cmake' and name 'isaac_ros_visual_slam_interfaces'
[1.521s] Level 1:colcon.colcon_core.package_identification:_identify(ros2/src/magic_enum) by extensions ['ignore', 'ignore_ament_install']
[1.521s] Level 1:colcon.colcon_core.package_identification:_identify(ros2/src/magic_enum) by extension 'ignore'
[1.521s] Level 1:colcon.colcon_core.package_identification:_identify(ros2/src/magic_enum) by extension 'ignore_ament_install'
[1.521s] Level 1:colcon.colcon_core.package_identification:_identify(ros2/src/magic_enum) by extensions ['colcon_pkg']
[1.521s] Level 1:colcon.colcon_core.package_identification:_identify(ros2/src/magic_enum) by extension 'colcon_pkg'
[1.521s] Level 1:colcon.colcon_core.package_identification:_identify(ros2/src/magic_enum) by extensions ['colcon_meta']
[1.521s] Level 1:colcon.colcon_core.package_identification:_identify(ros2/src/magic_enum) by extension 'colcon_meta'
[1.521s] Level 1:colcon.colcon_core.package_identification:_identify(ros2/src/magic_enum) by extensions ['ros']
[1.521s] Level 1:colcon.colcon_core.package_identification:_identify(ros2/src/magic_enum) by extension 'ros'
[1.522s] DEBUG:colcon.colcon_core.package_identification:Package 'ros2/src/magic_enum' with type 'ros.cmake' and name 'magic_enum'
[1.522s] Level 1:colcon.colcon_core.package_identification:_identify(ros2/src/qcar2_autonomy) by extensions ['ignore', 'ignore_ament_install']
[1.522s] Level 1:colcon.colcon_core.package_identification:_identify(ros2/src/qcar2_autonomy) by extension 'ignore'
[1.522s] Level 1:colcon.colcon_core.package_identification:_identify(ros2/src/qcar2_autonomy) by extension 'ignore_ament_install'
[1.522s] Level 1:colcon.colcon_core.package_identification:_identify(ros2/src/qcar2_autonomy) by extensions ['colcon_pkg']
[1.522s] Level 1:colcon.colcon_core.package_identification:_identify(ros2/src/qcar2_autonomy) by extension 'colcon_pkg'
[1.522s] Level 1:colcon.colcon_core.package_identification:_identify(ros2/src/qcar2_autonomy) by extensions ['colcon_meta']
[1.522s] Level 1:colcon.colcon_core.package_identification:_identify(ros2/src/qcar2_autonomy) by extension 'colcon_meta'
[1.522s] Level 1:colcon.colcon_core.package_identification:_identify(ros2/src/qcar2_autonomy) by extensions ['ros']
[1.522s] Level 1:colcon.colcon_core.package_identification:_identify(ros2/src/qcar2_autonomy) by extension 'ros'
[1.522s] DEBUG:colcon.colcon_core.package_identification:Package 'ros2/src/qcar2_autonomy' with type 'ros.ament_python' and name 'qcar2_autonomy'
[1.522s] Level 1:colcon.colcon_core.package_identification:_identify(ros2/src/qcar2_interfaces) by extensions ['ignore', 'ignore_ament_install']
[1.522s] Level 1:colcon.colcon_core.package_identification:_identify(ros2/src/qcar2_interfaces) by extension 'ignore'
[1.522s] Level 1:colcon.colcon_core.package_identification:_identify(ros2/src/qcar2_interfaces) by extension 'ignore_ament_install'
[1.522s] Level 1:colcon.colcon_core.package_identification:_identify(ros2/src/qcar2_interfaces) by extensions ['colcon_pkg']
[1.522s] Level 1:colcon.colcon_core.package_identification:_identify(ros2/src/qcar2_interfaces) by extension 'colcon_pkg'
[1.522s] Level 1:colcon.colcon_core.package_identification:_identify(ros2/src/qcar2_interfaces) by extensions ['colcon_meta']
[1.522s] Level 1:colcon.colcon_core.package_identification:_identify(ros2/src/qcar2_interfaces) by extension 'colcon_meta'
[1.522s] Level 1:colcon.colcon_core.package_identification:_identify(ros2/src/qcar2_interfaces) by extensions ['ros']
[1.522s] Level 1:colcon.colcon_core.package_identification:_identify(ros2/src/qcar2_interfaces) by extension 'ros'
[1.523s] DEBUG:colcon.colcon_core.package_identification:Package 'ros2/src/qcar2_interfaces' with type 'ros.ament_cmake' and name 'qcar2_interfaces'
[1.523s] Level 1:colcon.colcon_core.package_identification:_identify(ros2/src/qcar2_nodes) by extensions ['ignore', 'ignore_ament_install']
[1.523s] Level 1:colcon.colcon_core.package_identification:_identify(ros2/src/qcar2_nodes) by extension 'ignore'
[1.523s] Level 1:colcon.colcon_core.package_identification:_identify(ros2/src/qcar2_nodes) by extension 'ignore_ament_install'
[1.523s] Level 1:colcon.colcon_core.package_identification:_identify(ros2/src/qcar2_nodes) by extensions ['colcon_pkg']
[1.523s] Level 1:colcon.colcon_core.package_identification:_identify(ros2/src/qcar2_nodes) by extension 'colcon_pkg'
[1.523s] Level 1:colcon.colcon_core.package_identification:_identify(ros2/src/qcar2_nodes) by extensions ['colcon_meta']
[1.523s] Level 1:colcon.colcon_core.package_identification:_identify(ros2/src/qcar2_nodes) by extension 'colcon_meta'
[1.523s] Level 1:colcon.colcon_core.package_identification:_identify(ros2/src/qcar2_nodes) by extensions ['ros']
[1.523s] Level 1:colcon.colcon_core.package_identification:_identify(ros2/src/qcar2_nodes) by extension 'ros'
[1.523s] DEBUG:colcon.colcon_core.package_identification:Package 'ros2/src/qcar2_nodes' with type 'ros.ament_cmake' and name 'qcar2_nodes'
[1.523s] Level 1:colcon.colcon_core.package_discovery:discover_packages(recursive) using defaults
[1.524s] Level 1:colcon.colcon_core.package_discovery:discover_packages(ignore) discover
[1.524s] Level 1:colcon.colcon_core.package_discovery:discover_packages(ignore) using defaults
[1.524s] Level 1:colcon.colcon_core.package_discovery:discover_packages(path) discover
[1.524s] Level 1:colcon.colcon_core.package_discovery:discover_packages(path) using defaults
[1.566s] INFO:colcon.colcon_core.package_selection:Skipping package 'isaac_ros_nitros_topic_tools' in 'ros2/src/isaac_ros_nitros/isaac_ros_nitros_topic_tools'
[1.566s] INFO:colcon.colcon_core.package_selection:Skipping package 'custom_nitros_string' in 'ros2/src/isaac_ros_nitros/isaac_ros_managed_nitros_examples/custom_nitros_string'
[1.566s] INFO:colcon.colcon_core.package_selection:Skipping package 'custom_nitros_message_filter' in 'ros2/src/isaac_ros_nitros/isaac_ros_managed_nitros_examples/custom_nitros_message_filter'
[1.566s] INFO:colcon.colcon_core.package_selection:Skipping package 'custom_nitros_image' in 'ros2/src/isaac_ros_nitros/isaac_ros_managed_nitros_examples/custom_nitros_image'
[1.567s] INFO:colcon.colcon_core.package_selection:Skipping package 'custom_nitros_dnn_image_encoder' in 'ros2/src/isaac_ros_nitros/isaac_ros_managed_nitros_examples/custom_nitros_dnn_image_encoder'
[1.567s] INFO:colcon.colcon_core.package_selection:Skipping package 'isaac_ros_nitros_twist_type' in 'ros2/src/isaac_ros_nitros/isaac_ros_nitros_type/isaac_ros_nitros_twist_type'
[1.567s] INFO:colcon.colcon_core.package_selection:Skipping package 'isaac_ros_nitros_std_msg_type' in 'ros2/src/isaac_ros_nitros/isaac_ros_nitros_type/isaac_ros_nitros_std_msg_type'
[1.567s] INFO:colcon.colcon_core.package_selection:Skipping package 'isaac_ros_nitros_pose_cov_stamped_type' in 'ros2/src/isaac_ros_nitros/isaac_ros_nitros_type/isaac_ros_nitros_pose_cov_stamped_type'
[1.567s] INFO:colcon.colcon_core.package_selection:Skipping package 'isaac_ros_nitros_pose_array_type' in 'ros2/src/isaac_ros_nitros/isaac_ros_nitros_type/isaac_ros_nitros_pose_array_type'
[1.567s] INFO:colcon.colcon_core.package_selection:Skipping package 'isaac_ros_nitros_point_cloud_type' in 'ros2/src/isaac_ros_nitros/isaac_ros_nitros_type/isaac_ros_nitros_point_cloud_type'
[1.567s] INFO:colcon.colcon_core.package_selection:Skipping package 'isaac_ros_nitros_odometry_type' in 'ros2/src/isaac_ros_nitros/isaac_ros_nitros_type/isaac_ros_nitros_odometry_type'
[1.567s] INFO:colcon.colcon_core.package_selection:Skipping package 'isaac_ros_nitros_occupancy_grid_type' in 'ros2/src/isaac_ros_nitros/isaac_ros_nitros_type/isaac_ros_nitros_occupancy_grid_type'
[1.567s] INFO:colcon.colcon_core.package_selection:Skipping package 'isaac_ros_nitros_imu_type' in 'ros2/src/isaac_ros_nitros/isaac_ros_nitros_type/isaac_ros_nitros_imu_type'
[1.567s] INFO:colcon.colcon_core.package_selection:Skipping package 'isaac_ros_nitros_flat_scan_type' in 'ros2/src/isaac_ros_nitros/isaac_ros_nitros_type/isaac_ros_nitros_flat_scan_type'
[1.567s] INFO:colcon.colcon_core.package_selection:Skipping package 'isaac_ros_nitros_encoder_ticks_type' in 'ros2/src/isaac_ros_nitros/isaac_ros_nitros_type/isaac_ros_nitros_encoder_ticks_type'
[1.567s] INFO:colcon.colcon_core.package_selection:Skipping package 'isaac_ros_nitros_disparity_image_type' in 'ros2/src/isaac_ros_nitros/isaac_ros_nitros_type/isaac_ros_nitros_disparity_image_type'
[1.567s] INFO:colcon.colcon_core.package_selection:Skipping package 'isaac_ros_nitros_detection3_d_array_type' in 'ros2/src/isaac_ros_nitros/isaac_ros_nitros_type/isaac_ros_nitros_detection3_d_array_type'
[1.567s] INFO:colcon.colcon_core.package_selection:Skipping package 'isaac_ros_nitros_detection2_d_array_type' in 'ros2/src/isaac_ros_nitros/isaac_ros_nitros_type/isaac_ros_nitros_detection2_d_array_type'
[1.567s] INFO:colcon.colcon_core.package_selection:Skipping package 'isaac_ros_nitros_correlated_timestamp_type' in 'ros2/src/isaac_ros_nitros/isaac_ros_nitros_type/isaac_ros_nitros_correlated_timestamp_type'
[1.567s] INFO:colcon.colcon_core.package_selection:Skipping package 'isaac_ros_nitros_compressed_video_type' in 'ros2/src/isaac_ros_nitros/isaac_ros_nitros_type/isaac_ros_nitros_compressed_video_type'
[1.567s] INFO:colcon.colcon_core.package_selection:Skipping package 'isaac_ros_nitros_compressed_image_type' in 'ros2/src/isaac_ros_nitros/isaac_ros_nitros_type/isaac_ros_nitros_compressed_image_type'
[1.567s] INFO:colcon.colcon_core.package_selection:Skipping package 'isaac_ros_nitros_camera_info_type' in 'ros2/src/isaac_ros_nitros/isaac_ros_nitros_type/isaac_ros_nitros_camera_info_type'
[1.567s] INFO:colcon.colcon_core.package_selection:Skipping package 'isaac_ros_nitros_battery_state_type' in 'ros2/src/isaac_ros_nitros/isaac_ros_nitros_type/isaac_ros_nitros_battery_state_type'
[1.567s] INFO:colcon.colcon_core.package_selection:Skipping package 'isaac_ros_nitros_april_tag_detection_array_type' in 'ros2/src/isaac_ros_nitros/isaac_ros_nitros_type/isaac_ros_nitros_april_tag_detection_array_type'
[1.567s] INFO:colcon.colcon_core.package_selection:Skipping package 'gxf_isaac_utils' in 'ros2/src/isaac_ros_nitros/isaac_ros_gxf_extensions/gxf_isaac_utils'
[1.567s] INFO:colcon.colcon_core.package_selection:Skipping package 'gxf_isaac_ros_cuda' in 'ros2/src/isaac_ros_nitros/isaac_ros_gxf_extensions/gxf_isaac_ros_cuda'
[1.567s] INFO:colcon.colcon_core.package_selection:Skipping package 'gxf_isaac_messages' in 'ros2/src/isaac_ros_nitros/isaac_ros_gxf_extensions/gxf_isaac_messages'
[1.567s] INFO:colcon.colcon_core.package_selection:Skipping package 'gxf_isaac_segway' in 'ros2/src/isaac_ros_nitros/isaac_ros_gxf_extensions/gxf_isaac_segway'
[1.567s] INFO:colcon.colcon_core.package_selection:Skipping package 'gxf_isaac_ros_messages' in 'ros2/src/isaac_ros_nitros/isaac_ros_gxf_extensions/gxf_isaac_ros_messages'
[1.567s] INFO:colcon.colcon_core.package_selection:Skipping package 'gxf_isaac_range_scan_processing' in 'ros2/src/isaac_ros_nitros/isaac_ros_gxf_extensions/gxf_isaac_range_scan_processing'
[1.567s] INFO:colcon.colcon_core.package_selection:Skipping package 'gxf_isaac_point_cloud' in 'ros2/src/isaac_ros_nitros/isaac_ros_gxf_extensions/gxf_isaac_point_cloud'
[1.567s] INFO:colcon.colcon_core.package_selection:Skipping package 'gxf_isaac_messages_throttler' in 'ros2/src/isaac_ros_nitros/isaac_ros_gxf_extensions/gxf_isaac_messages_throttler'
[1.567s] INFO:colcon.colcon_core.package_selection:Skipping package 'gxf_isaac_localization' in 'ros2/src/isaac_ros_nitros/isaac_ros_gxf_extensions/gxf_isaac_localization'
[1.567s] INFO:colcon.colcon_core.package_selection:Skipping package 'gxf_isaac_hesai' in 'ros2/src/isaac_ros_nitros/isaac_ros_gxf_extensions/gxf_isaac_hesai'
[1.567s] INFO:colcon.colcon_core.package_selection:Skipping package 'gxf_isaac_flatscan_localization' in 'ros2/src/isaac_ros_nitros/isaac_ros_gxf_extensions/gxf_isaac_flatscan_localization'
[1.567s] INFO:colcon.colcon_core.package_selection:Skipping package 'gxf_isaac_cuda' in 'ros2/src/isaac_ros_nitros/isaac_ros_gxf_extensions/gxf_isaac_cuda'
[1.567s] INFO:colcon.colcon_core.package_selection:Skipping package 'gxf_isaac_argus' in 'ros2/src/isaac_ros_nitros/isaac_ros_gxf_extensions/gxf_isaac_argus'
[1.567s] INFO:colcon.colcon_core.package_selection:Skipping package 'qcar2_nodes' in 'ros2/src/qcar2_nodes'
[1.567s] INFO:colcon.colcon_core.package_selection:Skipping package 'qcar2_autonomy' in 'ros2/src/qcar2_autonomy'
[1.567s] INFO:colcon.colcon_core.package_selection:Skipping package 'qcar2_interfaces' in 'ros2/src/qcar2_interfaces'
[1.567s] INFO:colcon.colcon_core.package_selection:Skipping package 'gxf_isaac_timestamp_correlator' in 'ros2/src/isaac_ros_nitros/isaac_ros_gxf_extensions/gxf_isaac_timestamp_correlator'
[1.567s] INFO:colcon.colcon_core.package_selection:Skipping package 'custom_nitros_message_filter_interfaces' in 'ros2/src/isaac_ros_nitros/isaac_ros_managed_nitros_examples/custom_nitros_message_filter_interfaces'
[1.577s] Level 1:colcon.colcon_core.package_discovery:discover_packages(prefix_path) check parameters
[1.577s] Level 1:colcon.colcon_core.package_discovery:discover_packages(prefix_path) discover
[1.589s] DEBUG:colcon.colcon_installed_package_information.package_discovery:Found 14 installed packages in /workspaces/isaac_ros-dev/install
[1.595s] DEBUG:colcon.colcon_installed_package_information.package_discovery:Found 18 installed packages in /workspace/cartographer_ws/install
[1.601s] DEBUG:colcon.colcon_installed_package_information.package_discovery:Found 289 installed packages in /opt/ros/humble
[1.601s] Level 1:colcon.colcon_core.package_discovery:discover_packages(prefix_path) using defaults
[1.649s] Level 5:colcon.colcon_core.verb:set package 'isaac_ros_nitros_interfaces' build argument 'cmake_args' from command line to 'None'
[1.649s] Level 5:colcon.colcon_core.verb:set package 'isaac_ros_nitros_interfaces' build argument 'cmake_target' from command line to 'None'
[1.649s] Level 5:colcon.colcon_core.verb:set package 'isaac_ros_nitros_interfaces' build argument 'cmake_target_skip_unavailable' from command line to 'False'
[1.649s] Level 5:colcon.colcon_core.verb:set package 'isaac_ros_nitros_interfaces' build argument 'cmake_clean_cache' from command line to 'True'
[1.649s] Level 5:colcon.colcon_core.verb:set package 'isaac_ros_nitros_interfaces' build argument 'cmake_clean_first' from command line to 'False'
[1.649s] Level 5:colcon.colcon_core.verb:set package 'isaac_ros_nitros_interfaces' build argument 'cmake_force_configure' from command line to 'False'
[1.649s] Level 5:colcon.colcon_core.verb:set package 'isaac_ros_nitros_interfaces' build argument 'ament_cmake_args' from command line to 'None'
[1.649s] Level 5:colcon.colcon_core.verb:set package 'isaac_ros_nitros_interfaces' build argument 'catkin_cmake_args' from command line to 'None'
[1.649s] Level 5:colcon.colcon_core.verb:set package 'isaac_ros_nitros_interfaces' build argument 'catkin_skip_building_tests' from command line to 'False'
[1.649s] DEBUG:colcon.colcon_core.verb:Building package 'isaac_ros_nitros_interfaces' with the following arguments: {'ament_cmake_args': None, 'build_base': '/workspaces/isaac_ros-dev/build/isaac_ros_nitros_interfaces', 'catkin_cmake_args': None, 'catkin_skip_building_tests': False, 'cmake_args': None, 'cmake_clean_cache': True, 'cmake_clean_first': False, 'cmake_force_configure': False, 'cmake_target': None, 'cmake_target_skip_unavailable': False, 'install_base': '/workspaces/isaac_ros-dev/install/isaac_ros_nitros_interfaces', 'merge_install': False, 'path': '/workspaces/isaac_ros-dev/ros2/src/isaac_ros_nitros/isaac_ros_nitros_interfaces', 'symlink_install': True, 'test_result_base': None}
[1.655s] Level 5:colcon.colcon_core.verb:set package 'isaac_ros_visual_slam_interfaces' build argument 'cmake_args' from command line to 'None'
[1.655s] Level 5:colcon.colcon_core.verb:set package 'isaac_ros_visual_slam_interfaces' build argument 'cmake_target' from command line to 'None'
[1.655s] Level 5:colcon.colcon_core.verb:set package 'isaac_ros_visual_slam_interfaces' build argument 'cmake_target_skip_unavailable' from command line to 'False'
[1.655s] Level 5:colcon.colcon_core.verb:set package 'isaac_ros_visual_slam_interfaces' build argument 'cmake_clean_cache' from command line to 'True'
[1.655s] Level 5:colcon.colcon_core.verb:set package 'isaac_ros_visual_slam_interfaces' build argument 'cmake_clean_first' from command line to 'False'
[1.655s] Level 5:colcon.colcon_core.verb:set package 'isaac_ros_visual_slam_interfaces' build argument 'cmake_force_configure' from command line to 'False'
[1.655s] Level 5:colcon.colcon_core.verb:set package 'isaac_ros_visual_slam_interfaces' build argument 'ament_cmake_args' from command line to 'None'
[1.655s] Level 5:colcon.colcon_core.verb:set package 'isaac_ros_visual_slam_interfaces' build argument 'catkin_cmake_args' from command line to 'None'
[1.655s] Level 5:colcon.colcon_core.verb:set package 'isaac_ros_visual_slam_interfaces' build argument 'catkin_skip_building_tests' from command line to 'False'
[1.655s] DEBUG:colcon.colcon_core.verb:Building package 'isaac_ros_visual_slam_interfaces' with the following arguments: {'ament_cmake_args': None, 'build_base': '/workspaces/isaac_ros-dev/build/isaac_ros_visual_slam_interfaces', 'catkin_cmake_args': None, 'catkin_skip_building_tests': False, 'cmake_args': None, 'cmake_clean_cache': True, 'cmake_clean_first': False, 'cmake_force_configure': False, 'cmake_target': None, 'cmake_target_skip_unavailable': False, 'install_base': '/workspaces/isaac_ros-dev/install/isaac_ros_visual_slam_interfaces', 'merge_install': False, 'path': '/workspaces/isaac_ros-dev/ros2/src/isaac_ros_visual_slam/isaac_ros_visual_slam_interfaces', 'symlink_install': True, 'test_result_base': None}
[1.660s] Level 5:colcon.colcon_core.verb:set package 'magic_enum' build argument 'cmake_args' from command line to 'None'
[1.660s] Level 5:colcon.colcon_core.verb:set package 'magic_enum' build argument 'cmake_target' from command line to 'None'
[1.660s] Level 5:colcon.colcon_core.verb:set package 'magic_enum' build argument 'cmake_target_skip_unavailable' from command line to 'False'
[1.660s] Level 5:colcon.colcon_core.verb:set package 'magic_enum' build argument 'cmake_clean_cache' from command line to 'True'
[1.660s] Level 5:colcon.colcon_core.verb:set package 'magic_enum' build argument 'cmake_clean_first' from command line to 'False'
[1.660s] Level 5:colcon.colcon_core.verb:set package 'magic_enum' build argument 'cmake_force_configure' from command line to 'False'
[1.660s] Level 5:colcon.colcon_core.verb:set package 'magic_enum' build argument 'ament_cmake_args' from command line to 'None'
[1.660s] Level 5:colcon.colcon_core.verb:set package 'magic_enum' build argument 'catkin_cmake_args' from command line to 'None'
[1.660s] Level 5:colcon.colcon_core.verb:set package 'magic_enum' build argument 'catkin_skip_building_tests' from command line to 'False'
[1.660s] DEBUG:colcon.colcon_core.verb:Building package 'magic_enum' with the following arguments: {'ament_cmake_args': None, 'build_base': '/workspaces/isaac_ros-dev/build/magic_enum', 'catkin_cmake_args': None, 'catkin_skip_building_tests': False, 'cmake_args': None, 'cmake_clean_cache': True, 'cmake_clean_first': False, 'cmake_force_configure': False, 'cmake_target': None, 'cmake_target_skip_unavailable': False, 'install_base': '/workspaces/isaac_ros-dev/install/magic_enum', 'merge_install': False, 'path': '/workspaces/isaac_ros-dev/ros2/src/magic_enum', 'symlink_install': True, 'test_result_base': None}
[1.666s] Level 5:colcon.colcon_core.verb:set package 'isaac_ros_gxf' build argument 'cmake_args' from command line to 'None'
[1.666s] Level 5:colcon.colcon_core.verb:set package 'isaac_ros_gxf' build argument 'cmake_target' from command line to 'None'
[1.666s] Level 5:colcon.colcon_core.verb:set package 'isaac_ros_gxf' build argument 'cmake_target_skip_unavailable' from command line to 'False'
[1.666s] Level 5:colcon.colcon_core.verb:set package 'isaac_ros_gxf' build argument 'cmake_clean_cache' from command line to 'True'
[1.666s] Level 5:colcon.colcon_core.verb:set package 'isaac_ros_gxf' build argument 'cmake_clean_first' from command line to 'False'
[1.666s] Level 5:colcon.colcon_core.verb:set package 'isaac_ros_gxf' build argument 'cmake_force_configure' from command line to 'False'
[1.666s] Level 5:colcon.colcon_core.verb:set package 'isaac_ros_gxf' build argument 'ament_cmake_args' from command line to 'None'
[1.666s] Level 5:colcon.colcon_core.verb:set package 'isaac_ros_gxf' build argument 'catkin_cmake_args' from command line to 'None'
[1.666s] Level 5:colcon.colcon_core.verb:set package 'isaac_ros_gxf' build argument 'catkin_skip_building_tests' from command line to 'False'
[1.666s] DEBUG:colcon.colcon_core.verb:Building package 'isaac_ros_gxf' with the following arguments: {'ament_cmake_args': None, 'build_base': '/workspaces/isaac_ros-dev/build/isaac_ros_gxf', 'catkin_cmake_args': None, 'catkin_skip_building_tests': False, 'cmake_args': None, 'cmake_clean_cache': True, 'cmake_clean_first': False, 'cmake_force_configure': False, 'cmake_target': None, 'cmake_target_skip_unavailable': False, 'install_base': '/workspaces/isaac_ros-dev/install/isaac_ros_gxf', 'merge_install': False, 'path': '/workspaces/isaac_ros-dev/ros2/src/isaac_ros_nitros/isaac_ros_gxf', 'symlink_install': True, 'test_result_base': None}
[1.671s] Level 5:colcon.colcon_core.verb:set package 'gxf_isaac_gems' build argument 'cmake_args' from command line to 'None'
[1.671s] Level 5:colcon.colcon_core.verb:set package 'gxf_isaac_gems' build argument 'cmake_target' from command line to 'None'
[1.671s] Level 5:colcon.colcon_core.verb:set package 'gxf_isaac_gems' build argument 'cmake_target_skip_unavailable' from command line to 'False'
[1.671s] Level 5:colcon.colcon_core.verb:set package 'gxf_isaac_gems' build argument 'cmake_clean_cache' from command line to 'True'
[1.671s] Level 5:colcon.colcon_core.verb:set package 'gxf_isaac_gems' build argument 'cmake_clean_first' from command line to 'False'
[1.671s] Level 5:colcon.colcon_core.verb:set package 'gxf_isaac_gems' build argument 'cmake_force_configure' from command line to 'False'
[1.671s] Level 5:colcon.colcon_core.verb:set package 'gxf_isaac_gems' build argument 'ament_cmake_args' from command line to 'None'
[1.671s] Level 5:colcon.colcon_core.verb:set package 'gxf_isaac_gems' build argument 'catkin_cmake_args' from command line to 'None'
[1.671s] Level 5:colcon.colcon_core.verb:set package 'gxf_isaac_gems' build argument 'catkin_skip_building_tests' from command line to 'False'
[1.671s] DEBUG:colcon.colcon_core.verb:Building package 'gxf_isaac_gems' with the following arguments: {'ament_cmake_args': None, 'build_base': '/workspaces/isaac_ros-dev/build/gxf_isaac_gems', 'catkin_cmake_args': None, 'catkin_skip_building_tests': False, 'cmake_args': None, 'cmake_clean_cache': True, 'cmake_clean_first': False, 'cmake_force_configure': False, 'cmake_target': None, 'cmake_target_skip_unavailable': False, 'install_base': '/workspaces/isaac_ros-dev/install/gxf_isaac_gems', 'merge_install': False, 'path': '/workspaces/isaac_ros-dev/ros2/src/isaac_ros_nitros/isaac_ros_gxf_extensions/gxf_isaac_gems', 'symlink_install': True, 'test_result_base': None}
[1.676s] Level 5:colcon.colcon_core.verb:set package 'gxf_isaac_message_compositor' build argument 'cmake_args' from command line to 'None'
[1.677s] Level 5:colcon.colcon_core.verb:set package 'gxf_isaac_message_compositor' build argument 'cmake_target' from command line to 'None'
[1.677s] Level 5:colcon.colcon_core.verb:set package 'gxf_isaac_message_compositor' build argument 'cmake_target_skip_unavailable' from command line to 'False'
[1.677s] Level 5:colcon.colcon_core.verb:set package 'gxf_isaac_message_compositor' build argument 'cmake_clean_cache' from command line to 'True'
[1.677s] Level 5:colcon.colcon_core.verb:set package 'gxf_isaac_message_compositor' build argument 'cmake_clean_first' from command line to 'False'
[1.677s] Level 5:colcon.colcon_core.verb:set package 'gxf_isaac_message_compositor' build argument 'cmake_force_configure' from command line to 'False'
[1.677s] Level 5:colcon.colcon_core.verb:set package 'gxf_isaac_message_compositor' build argument 'ament_cmake_args' from command line to 'None'
[1.677s] Level 5:colcon.colcon_core.verb:set package 'gxf_isaac_message_compositor' build argument 'catkin_cmake_args' from command line to 'None'
[1.677s] Level 5:colcon.colcon_core.verb:set package 'gxf_isaac_message_compositor' build argument 'catkin_skip_building_tests' from command line to 'False'
[1.677s] DEBUG:colcon.colcon_core.verb:Building package 'gxf_isaac_message_compositor' with the following arguments: {'ament_cmake_args': None, 'build_base': '/workspaces/isaac_ros-dev/build/gxf_isaac_message_compositor', 'catkin_cmake_args': None, 'catkin_skip_building_tests': False, 'cmake_args': None, 'cmake_clean_cache': True, 'cmake_clean_first': False, 'cmake_force_configure': False, 'cmake_target': None, 'cmake_target_skip_unavailable': False, 'install_base': '/workspaces/isaac_ros-dev/install/gxf_isaac_message_compositor', 'merge_install': False, 'path': '/workspaces/isaac_ros-dev/ros2/src/isaac_ros_nitros/isaac_ros_gxf_extensions/gxf_isaac_message_compositor', 'symlink_install': True, 'test_result_base': None}
[1.682s] Level 5:colcon.colcon_core.verb:set package 'gxf_isaac_optimizer' build argument 'cmake_args' from command line to 'None'
[1.682s] Level 5:colcon.colcon_core.verb:set package 'gxf_isaac_optimizer' build argument 'cmake_target' from command line to 'None'
[1.682s] Level 5:colcon.colcon_core.verb:set package 'gxf_isaac_optimizer' build argument 'cmake_target_skip_unavailable' from command line to 'False'
[1.682s] Level 5:colcon.colcon_core.verb:set package 'gxf_isaac_optimizer' build argument 'cmake_clean_cache' from command line to 'True'
[1.682s] Level 5:colcon.colcon_core.verb:set package 'gxf_isaac_optimizer' build argument 'cmake_clean_first' from command line to 'False'
[1.682s] Level 5:colcon.colcon_core.verb:set package 'gxf_isaac_optimizer' build argument 'cmake_force_configure' from command line to 'False'
[1.682s] Level 5:colcon.colcon_core.verb:set package 'gxf_isaac_optimizer' build argument 'ament_cmake_args' from command line to 'None'
[1.682s] Level 5:colcon.colcon_core.verb:set package 'gxf_isaac_optimizer' build argument 'catkin_cmake_args' from command line to 'None'
[1.682s] Level 5:colcon.colcon_core.verb:set package 'gxf_isaac_optimizer' build argument 'catkin_skip_building_tests' from command line to 'False'
[1.682s] DEBUG:colcon.colcon_core.verb:Building package 'gxf_isaac_optimizer' with the following arguments: {'ament_cmake_args': None, 'build_base': '/workspaces/isaac_ros-dev/build/gxf_isaac_optimizer', 'catkin_cmake_args': None, 'catkin_skip_building_tests': False, 'cmake_args': None, 'cmake_clean_cache': True, 'cmake_clean_first': False, 'cmake_force_configure': False, 'cmake_target': None, 'cmake_target_skip_unavailable': False, 'install_base': '/workspaces/isaac_ros-dev/install/gxf_isaac_optimizer', 'merge_install': False, 'path': '/workspaces/isaac_ros-dev/ros2/src/isaac_ros_nitros/isaac_ros_gxf_extensions/gxf_isaac_optimizer', 'symlink_install': True, 'test_result_base': None}
[1.688s] Level 5:colcon.colcon_core.verb:set package 'gxf_isaac_sight' build argument 'cmake_args' from command line to 'None'
[1.688s] Level 5:colcon.colcon_core.verb:set package 'gxf_isaac_sight' build argument 'cmake_target' from command line to 'None'
[1.688s] Level 5:colcon.colcon_core.verb:set package 'gxf_isaac_sight' build argument 'cmake_target_skip_unavailable' from command line to 'False'
[1.688s] Level 5:colcon.colcon_core.verb:set package 'gxf_isaac_sight' build argument 'cmake_clean_cache' from command line to 'True'
[1.688s] Level 5:colcon.colcon_core.verb:set package 'gxf_isaac_sight' build argument 'cmake_clean_first' from command line to 'False'
[1.688s] Level 5:colcon.colcon_core.verb:set package 'gxf_isaac_sight' build argument 'cmake_force_configure' from command line to 'False'
[1.688s] Level 5:colcon.colcon_core.verb:set package 'gxf_isaac_sight' build argument 'ament_cmake_args' from command line to 'None'
[1.688s] Level 5:colcon.colcon_core.verb:set package 'gxf_isaac_sight' build argument 'catkin_cmake_args' from command line to 'None'
[1.688s] Level 5:colcon.colcon_core.verb:set package 'gxf_isaac_sight' build argument 'catkin_skip_building_tests' from command line to 'False'
[1.688s] DEBUG:colcon.colcon_core.verb:Building package 'gxf_isaac_sight' with the following arguments: {'ament_cmake_args': None, 'build_base': '/workspaces/isaac_ros-dev/build/gxf_isaac_sight', 'catkin_cmake_args': None, 'catkin_skip_building_tests': False, 'cmake_args': None, 'cmake_clean_cache': True, 'cmake_clean_first': False, 'cmake_force_configure': False, 'cmake_target': None, 'cmake_target_skip_unavailable': False, 'install_base': '/workspaces/isaac_ros-dev/install/gxf_isaac_sight', 'merge_install': False, 'path': '/workspaces/isaac_ros-dev/ros2/src/isaac_ros_nitros/isaac_ros_gxf_extensions/gxf_isaac_sight', 'symlink_install': True, 'test_result_base': None}
[1.693s] Level 5:colcon.colcon_core.verb:set package 'gxf_isaac_atlas' build argument 'cmake_args' from command line to 'None'
[1.693s] Level 5:colcon.colcon_core.verb:set package 'gxf_isaac_atlas' build argument 'cmake_target' from command line to 'None'
[1.693s] Level 5:colcon.colcon_core.verb:set package 'gxf_isaac_atlas' build argument 'cmake_target_skip_unavailable' from command line to 'False'
[1.693s] Level 5:colcon.colcon_core.verb:set package 'gxf_isaac_atlas' build argument 'cmake_clean_cache' from command line to 'True'
[1.693s] Level 5:colcon.colcon_core.verb:set package 'gxf_isaac_atlas' build argument 'cmake_clean_first' from command line to 'False'
[1.693s] Level 5:colcon.colcon_core.verb:set package 'gxf_isaac_atlas' build argument 'cmake_force_configure' from command line to 'False'
[1.693s] Level 5:colcon.colcon_core.verb:set package 'gxf_isaac_atlas' build argument 'ament_cmake_args' from command line to 'None'
[1.693s] Level 5:colcon.colcon_core.verb:set package 'gxf_isaac_atlas' build argument 'catkin_cmake_args' from command line to 'None'
[1.693s] Level 5:colcon.colcon_core.verb:set package 'gxf_isaac_atlas' build argument 'catkin_skip_building_tests' from command line to 'False'
[1.693s] DEBUG:colcon.colcon_core.verb:Building package 'gxf_isaac_atlas' with the following arguments: {'ament_cmake_args': None, 'build_base': '/workspaces/isaac_ros-dev/build/gxf_isaac_atlas', 'catkin_cmake_args': None, 'catkin_skip_building_tests': False, 'cmake_args': None, 'cmake_clean_cache': True, 'cmake_clean_first': False, 'cmake_force_configure': False, 'cmake_target': None, 'cmake_target_skip_unavailable': False, 'install_base': '/workspaces/isaac_ros-dev/install/gxf_isaac_atlas', 'merge_install': False, 'path': '/workspaces/isaac_ros-dev/ros2/src/isaac_ros_nitros/isaac_ros_gxf_extensions/gxf_isaac_atlas', 'symlink_install': True, 'test_result_base': None}
[1.698s] Level 5:colcon.colcon_core.verb:set package 'gxf_isaac_gxf_helpers' build argument 'cmake_args' from command line to 'None'
[1.698s] Level 5:colcon.colcon_core.verb:set package 'gxf_isaac_gxf_helpers' build argument 'cmake_target' from command line to 'None'
[1.698s] Level 5:colcon.colcon_core.verb:set package 'gxf_isaac_gxf_helpers' build argument 'cmake_target_skip_unavailable' from command line to 'False'
[1.698s] Level 5:colcon.colcon_core.verb:set package 'gxf_isaac_gxf_helpers' build argument 'cmake_clean_cache' from command line to 'True'
[1.698s] Level 5:colcon.colcon_core.verb:set package 'gxf_isaac_gxf_helpers' build argument 'cmake_clean_first' from command line to 'False'
[1.698s] Level 5:colcon.colcon_core.verb:set package 'gxf_isaac_gxf_helpers' build argument 'cmake_force_configure' from command line to 'False'
[1.698s] Level 5:colcon.colcon_core.verb:set package 'gxf_isaac_gxf_helpers' build argument 'ament_cmake_args' from command line to 'None'
[1.698s] Level 5:colcon.colcon_core.verb:set package 'gxf_isaac_gxf_helpers' build argument 'catkin_cmake_args' from command line to 'None'
[1.698s] Level 5:colcon.colcon_core.verb:set package 'gxf_isaac_gxf_helpers' build argument 'catkin_skip_building_tests' from command line to 'False'
[1.698s] DEBUG:colcon.colcon_core.verb:Building package 'gxf_isaac_gxf_helpers' with the following arguments: {'ament_cmake_args': None, 'build_base': '/workspaces/isaac_ros-dev/build/gxf_isaac_gxf_helpers', 'catkin_cmake_args': None, 'catkin_skip_building_tests': False, 'cmake_args': None, 'cmake_clean_cache': True, 'cmake_clean_first': False, 'cmake_force_configure': False, 'cmake_target': None, 'cmake_target_skip_unavailable': False, 'install_base': '/workspaces/isaac_ros-dev/install/gxf_isaac_gxf_helpers', 'merge_install': False, 'path': '/workspaces/isaac_ros-dev/ros2/src/isaac_ros_nitros/isaac_ros_gxf_extensions/gxf_isaac_gxf_helpers', 'symlink_install': True, 'test_result_base': None}
[1.704s] Level 5:colcon.colcon_core.verb:set package 'isaac_ros_nitros' build argument 'cmake_args' from command line to 'None'
[1.704s] Level 5:colcon.colcon_core.verb:set package 'isaac_ros_nitros' build argument 'cmake_target' from command line to 'None'
[1.704s] Level 5:colcon.colcon_core.verb:set package 'isaac_ros_nitros' build argument 'cmake_target_skip_unavailable' from command line to 'False'
[1.704s] Level 5:colcon.colcon_core.verb:set package 'isaac_ros_nitros' build argument 'cmake_clean_cache' from command line to 'True'
[1.704s] Level 5:colcon.colcon_core.verb:set package 'isaac_ros_nitros' build argument 'cmake_clean_first' from command line to 'False'
[1.704s] Level 5:colcon.colcon_core.verb:set package 'isaac_ros_nitros' build argument 'cmake_force_configure' from command line to 'False'
[1.704s] Level 5:colcon.colcon_core.verb:set package 'isaac_ros_nitros' build argument 'ament_cmake_args' from command line to 'None'
[1.704s] Level 5:colcon.colcon_core.verb:set package 'isaac_ros_nitros' build argument 'catkin_cmake_args' from command line to 'None'
[1.704s] Level 5:colcon.colcon_core.verb:set package 'isaac_ros_nitros' build argument 'catkin_skip_building_tests' from command line to 'False'
[1.704s] DEBUG:colcon.colcon_core.verb:Building package 'isaac_ros_nitros' with the following arguments: {'ament_cmake_args': None, 'build_base': '/workspaces/isaac_ros-dev/build/isaac_ros_nitros', 'catkin_cmake_args': None, 'catkin_skip_building_tests': False, 'cmake_args': None, 'cmake_clean_cache': True, 'cmake_clean_first': False, 'cmake_force_configure': False, 'cmake_target': None, 'cmake_target_skip_unavailable': False, 'install_base': '/workspaces/isaac_ros-dev/install/isaac_ros_nitros', 'merge_install': False, 'path': '/workspaces/isaac_ros-dev/ros2/src/isaac_ros_nitros/isaac_ros_nitros', 'symlink_install': True, 'test_result_base': None}
[1.709s] Level 5:colcon.colcon_core.verb:set package 'isaac_ros_nitros_image_type' build argument 'cmake_args' from command line to 'None'
[1.709s] Level 5:colcon.colcon_core.verb:set package 'isaac_ros_nitros_image_type' build argument 'cmake_target' from command line to 'None'
[1.709s] Level 5:colcon.colcon_core.verb:set package 'isaac_ros_nitros_image_type' build argument 'cmake_target_skip_unavailable' from command line to 'False'
[1.709s] Level 5:colcon.colcon_core.verb:set package 'isaac_ros_nitros_image_type' build argument 'cmake_clean_cache' from command line to 'True'
[1.709s] Level 5:colcon.colcon_core.verb:set package 'isaac_ros_nitros_image_type' build argument 'cmake_clean_first' from command line to 'False'
[1.709s] Level 5:colcon.colcon_core.verb:set package 'isaac_ros_nitros_image_type' build argument 'cmake_force_configure' from command line to 'False'
[1.709s] Level 5:colcon.colcon_core.verb:set package 'isaac_ros_nitros_image_type' build argument 'ament_cmake_args' from command line to 'None'
[1.709s] Level 5:colcon.colcon_core.verb:set package 'isaac_ros_nitros_image_type' build argument 'catkin_cmake_args' from command line to 'None'
[1.709s] Level 5:colcon.colcon_core.verb:set package 'isaac_ros_nitros_image_type' build argument 'catkin_skip_building_tests' from command line to 'False'
[1.709s] DEBUG:colcon.colcon_core.verb:Building package 'isaac_ros_nitros_image_type' with the following arguments: {'ament_cmake_args': None, 'build_base': '/workspaces/isaac_ros-dev/build/isaac_ros_nitros_image_type', 'catkin_cmake_args': None, 'catkin_skip_building_tests': False, 'cmake_args': None, 'cmake_clean_cache': True, 'cmake_clean_first': False, 'cmake_force_configure': False, 'cmake_target': None, 'cmake_target_skip_unavailable': False, 'install_base': '/workspaces/isaac_ros-dev/install/isaac_ros_nitros_image_type', 'merge_install': False, 'path': '/workspaces/isaac_ros-dev/ros2/src/isaac_ros_nitros/isaac_ros_nitros_type/isaac_ros_nitros_image_type', 'symlink_install': True, 'test_result_base': None}
[1.715s] Level 5:colcon.colcon_core.verb:set package 'isaac_ros_nitros_tensor_list_type' build argument 'cmake_args' from command line to 'None'
[1.715s] Level 5:colcon.colcon_core.verb:set package 'isaac_ros_nitros_tensor_list_type' build argument 'cmake_target' from command line to 'None'
[1.715s] Level 5:colcon.colcon_core.verb:set package 'isaac_ros_nitros_tensor_list_type' build argument 'cmake_target_skip_unavailable' from command line to 'False'
[1.715s] Level 5:colcon.colcon_core.verb:set package 'isaac_ros_nitros_tensor_list_type' build argument 'cmake_clean_cache' from command line to 'True'
[1.715s] Level 5:colcon.colcon_core.verb:set package 'isaac_ros_nitros_tensor_list_type' build argument 'cmake_clean_first' from command line to 'False'
[1.715s] Level 5:colcon.colcon_core.verb:set package 'isaac_ros_nitros_tensor_list_type' build argument 'cmake_force_configure' from command line to 'False'
[1.715s] Level 5:colcon.colcon_core.verb:set package 'isaac_ros_nitros_tensor_list_type' build argument 'ament_cmake_args' from command line to 'None'
[1.715s] Level 5:colcon.colcon_core.verb:set package 'isaac_ros_nitros_tensor_list_type' build argument 'catkin_cmake_args' from command line to 'None'
[1.715s] Level 5:colcon.colcon_core.verb:set package 'isaac_ros_nitros_tensor_list_type' build argument 'catkin_skip_building_tests' from command line to 'False'
[1.715s] DEBUG:colcon.colcon_core.verb:Building package 'isaac_ros_nitros_tensor_list_type' with the following arguments: {'ament_cmake_args': None, 'build_base': '/workspaces/isaac_ros-dev/build/isaac_ros_nitros_tensor_list_type', 'catkin_cmake_args': None, 'catkin_skip_building_tests': False, 'cmake_args': None, 'cmake_clean_cache': True, 'cmake_clean_first': False, 'cmake_force_configure': False, 'cmake_target': None, 'cmake_target_skip_unavailable': False, 'install_base': '/workspaces/isaac_ros-dev/install/isaac_ros_nitros_tensor_list_type', 'merge_install': False, 'path': '/workspaces/isaac_ros-dev/ros2/src/isaac_ros_nitros/isaac_ros_nitros_type/isaac_ros_nitros_tensor_list_type', 'symlink_install': True, 'test_result_base': None}
[1.721s] Level 5:colcon.colcon_core.verb:set package 'isaac_ros_managed_nitros' build argument 'cmake_args' from command line to 'None'
[1.721s] Level 5:colcon.colcon_core.verb:set package 'isaac_ros_managed_nitros' build argument 'cmake_target' from command line to 'None'
[1.721s] Level 5:colcon.colcon_core.verb:set package 'isaac_ros_managed_nitros' build argument 'cmake_target_skip_unavailable' from command line to 'False'
[1.721s] Level 5:colcon.colcon_core.verb:set package 'isaac_ros_managed_nitros' build argument 'cmake_clean_cache' from command line to 'True'
[1.721s] Level 5:colcon.colcon_core.verb:set package 'isaac_ros_managed_nitros' build argument 'cmake_clean_first' from command line to 'False'
[1.721s] Level 5:colcon.colcon_core.verb:set package 'isaac_ros_managed_nitros' build argument 'cmake_force_configure' from command line to 'False'
[1.721s] Level 5:colcon.colcon_core.verb:set package 'isaac_ros_managed_nitros' build argument 'ament_cmake_args' from command line to 'None'
[1.721s] Level 5:colcon.colcon_core.verb:set package 'isaac_ros_managed_nitros' build argument 'catkin_cmake_args' from command line to 'None'
[1.721s] Level 5:colcon.colcon_core.verb:set package 'isaac_ros_managed_nitros' build argument 'catkin_skip_building_tests' from command line to 'False'
[1.721s] DEBUG:colcon.colcon_core.verb:Building package 'isaac_ros_managed_nitros' with the following arguments: {'ament_cmake_args': None, 'build_base': '/workspaces/isaac_ros-dev/build/isaac_ros_managed_nitros', 'catkin_cmake_args': None, 'catkin_skip_building_tests': False, 'cmake_args': None, 'cmake_clean_cache': True, 'cmake_clean_first': False, 'cmake_force_configure': False, 'cmake_target': None, 'cmake_target_skip_unavailable': False, 'install_base': '/workspaces/isaac_ros-dev/install/isaac_ros_managed_nitros', 'merge_install': False, 'path': '/workspaces/isaac_ros-dev/ros2/src/isaac_ros_nitros/isaac_ros_managed_nitros', 'symlink_install': True, 'test_result_base': None}
[1.726s] Level 5:colcon.colcon_core.verb:set package 'isaac_ros_visual_slam' build argument 'cmake_args' from command line to 'None'
[1.726s] Level 5:colcon.colcon_core.verb:set package 'isaac_ros_visual_slam' build argument 'cmake_target' from command line to 'None'
[1.726s] Level 5:colcon.colcon_core.verb:set package 'isaac_ros_visual_slam' build argument 'cmake_target_skip_unavailable' from command line to 'False'
[1.726s] Level 5:colcon.colcon_core.verb:set package 'isaac_ros_visual_slam' build argument 'cmake_clean_cache' from command line to 'True'
[1.726s] Level 5:colcon.colcon_core.verb:set package 'isaac_ros_visual_slam' build argument 'cmake_clean_first' from command line to 'False'
[1.726s] Level 5:colcon.colcon_core.verb:set package 'isaac_ros_visual_slam' build argument 'cmake_force_configure' from command line to 'False'
[1.726s] Level 5:colcon.colcon_core.verb:set package 'isaac_ros_visual_slam' build argument 'ament_cmake_args' from command line to 'None'
[1.726s] Level 5:colcon.colcon_core.verb:set package 'isaac_ros_visual_slam' build argument 'catkin_cmake_args' from command line to 'None'
[1.726s] Level 5:colcon.colcon_core.verb:set package 'isaac_ros_visual_slam' build argument 'catkin_skip_building_tests' from command line to 'False'
[1.726s] DEBUG:colcon.colcon_core.verb:Building package 'isaac_ros_visual_slam' with the following arguments: {'ament_cmake_args': None, 'build_base': '/workspaces/isaac_ros-dev/build/isaac_ros_visual_slam', 'catkin_cmake_args': None, 'catkin_skip_building_tests': False, 'cmake_args': None, 'cmake_clean_cache': True, 'cmake_clean_first': False, 'cmake_force_configure': False, 'cmake_target': None, 'cmake_target_skip_unavailable': False, 'install_base': '/workspaces/isaac_ros-dev/install/isaac_ros_visual_slam', 'merge_install': False, 'path': '/workspaces/isaac_ros-dev/ros2/src/isaac_ros_visual_slam/isaac_ros_visual_slam', 'symlink_install': True, 'test_result_base': None}
[1.732s] INFO:colcon.colcon_core.executor:Executing jobs using 'parallel' executor
[1.738s] DEBUG:colcon.colcon_parallel_executor.executor.parallel:run_until_complete
[1.738s] INFO:colcon.colcon_ros.task.cmake.build:Building ROS package in '/workspaces/isaac_ros-dev/ros2/src/magic_enum' with build type 'cmake'
[1.738s] INFO:colcon.colcon_cmake.task.cmake.build:Building CMake package in '/workspaces/isaac_ros-dev/ros2/src/magic_enum'
[1.746s] INFO:colcon.colcon_core.plugin_system:Skipping extension 'colcon_core.shell.bat': Not used on non-Windows systems
[1.746s] INFO:colcon.colcon_core.shell:Skip shell extension 'powershell' for command environment: Not usable outside of PowerShell
[1.746s] DEBUG:colcon.colcon_core.shell:Skip shell extension 'dsv' for command environment
[1.771s] INFO:colcon.colcon_ros.task.ament_cmake.build:Building ROS package in '/workspaces/isaac_ros-dev/ros2/src/isaac_ros_nitros/isaac_ros_nitros_interfaces' with build type 'ament_cmake'
[1.771s] INFO:colcon.colcon_cmake.task.cmake.build:Building CMake package in '/workspaces/isaac_ros-dev/ros2/src/isaac_ros_nitros/isaac_ros_nitros_interfaces'
[1.778s] INFO:colcon.colcon_core.shell:Skip shell extension 'powershell' for command environment: Not usable outside of PowerShell
[1.778s] DEBUG:colcon.colcon_core.shell:Skip shell extension 'dsv' for command environment
[1.804s] INFO:colcon.colcon_ros.task.ament_cmake.build:Building ROS package in '/workspaces/isaac_ros-dev/ros2/src/isaac_ros_visual_slam/isaac_ros_visual_slam_interfaces' with build type 'ament_cmake'
[1.805s] INFO:colcon.colcon_cmake.task.cmake.build:Building CMake package in '/workspaces/isaac_ros-dev/ros2/src/isaac_ros_visual_slam/isaac_ros_visual_slam_interfaces'
[1.811s] INFO:colcon.colcon_core.shell:Skip shell extension 'powershell' for command environment: Not usable outside of PowerShell
[1.811s] DEBUG:colcon.colcon_core.shell:Skip shell extension 'dsv' for command environment
[1.850s] DEBUG:colcon.colcon_core.event_handler.log_command:Invoking command in '/workspaces/isaac_ros-dev/build/magic_enum': CMAKE_PREFIX_PATH=${CMAKE_PREFIX_PATH}:/workspaces/isaac_ros-dev/install/qcar2_autonomy:/workspace/cartographer_ws/install/isaac_ros_test:/opt/ros/humble /usr/bin/cmake /workspaces/isaac_ros-dev/ros2/src/magic_enum -DCMAKE_INSTALL_PREFIX=/workspaces/isaac_ros-dev/install/magic_enum
[1.856s] DEBUG:colcon.colcon_core.event_handler.log_command:Invoking command in '/workspaces/isaac_ros-dev/build/isaac_ros_nitros_interfaces': CMAKE_PREFIX_PATH=${CMAKE_PREFIX_PATH}:/workspaces/isaac_ros-dev/install/qcar2_autonomy:/workspace/cartographer_ws/install/isaac_ros_test:/opt/ros/humble /usr/bin/cmake /workspaces/isaac_ros-dev/ros2/src/isaac_ros_nitros/isaac_ros_nitros_interfaces -DAMENT_CMAKE_SYMLINK_INSTALL=1 -DCMAKE_INSTALL_PREFIX=/workspaces/isaac_ros-dev/install/isaac_ros_nitros_interfaces
[1.860s] DEBUG:colcon.colcon_core.event_handler.log_command:Invoking command in '/workspaces/isaac_ros-dev/build/isaac_ros_visual_slam_interfaces': CMAKE_PREFIX_PATH=${CMAKE_PREFIX_PATH}:/workspaces/isaac_ros-dev/install/qcar2_autonomy:/workspace/cartographer_ws/install/isaac_ros_test:/opt/ros/humble /usr/bin/cmake /workspaces/isaac_ros-dev/ros2/src/isaac_ros_visual_slam/isaac_ros_visual_slam_interfaces -DAMENT_CMAKE_SYMLINK_INSTALL=1 -DCMAKE_INSTALL_PREFIX=/workspaces/isaac_ros-dev/install/isaac_ros_visual_slam_interfaces
[2.006s] DEBUG:colcon.colcon_core.event_handler.log_command:Invoked command in '/workspaces/isaac_ros-dev/build/magic_enum' returned '0': CMAKE_PREFIX_PATH=${CMAKE_PREFIX_PATH}:/workspaces/isaac_ros-dev/install/qcar2_autonomy:/workspace/cartographer_ws/install/isaac_ros_test:/opt/ros/humble /usr/bin/cmake /workspaces/isaac_ros-dev/ros2/src/magic_enum -DCMAKE_INSTALL_PREFIX=/workspaces/isaac_ros-dev/install/magic_enum
[2.009s] DEBUG:colcon.colcon_core.event_handler.log_command:Invoking command in '/workspaces/isaac_ros-dev/build/magic_enum': CMAKE_PREFIX_PATH=${CMAKE_PREFIX_PATH}:/workspaces/isaac_ros-dev/install/qcar2_autonomy:/workspace/cartographer_ws/install/isaac_ros_test:/opt/ros/humble /usr/bin/cmake --build /workspaces/isaac_ros-dev/build/magic_enum -- -j20 -l20
[2.043s] DEBUG:colcon.colcon_core.event_handler.log_command:Invoked command in '/workspaces/isaac_ros-dev/build/magic_enum' returned '0': CMAKE_PREFIX_PATH=${CMAKE_PREFIX_PATH}:/workspaces/isaac_ros-dev/install/qcar2_autonomy:/workspace/cartographer_ws/install/isaac_ros_test:/opt/ros/humble /usr/bin/cmake --build /workspaces/isaac_ros-dev/build/magic_enum -- -j20 -l20
[2.098s] DEBUG:colcon.colcon_core.event_handler.log_command:Invoking command in '/workspaces/isaac_ros-dev/build/magic_enum': CMAKE_PREFIX_PATH=${CMAKE_PREFIX_PATH}:/workspaces/isaac_ros-dev/install/qcar2_autonomy:/workspace/cartographer_ws/install/isaac_ros_test:/opt/ros/humble /usr/bin/cmake --install /workspaces/isaac_ros-dev/build/magic_enum
[2.103s] DEBUG:colcon.colcon_core.event_handler.log_command:Invoked command in '/workspaces/isaac_ros-dev/build/magic_enum' returned '0': CMAKE_PREFIX_PATH=${CMAKE_PREFIX_PATH}:/workspaces/isaac_ros-dev/install/qcar2_autonomy:/workspace/cartographer_ws/install/isaac_ros_test:/opt/ros/humble /usr/bin/cmake --install /workspaces/isaac_ros-dev/build/magic_enum
[2.148s] Level 1:colcon.colcon_core.shell:create_environment_hook('magic_enum', 'pkg_config_path')
[2.155s] INFO:colcon.colcon_core.shell:Creating environment hook '/workspaces/isaac_ros-dev/install/magic_enum/share/magic_enum/hook/pkg_config_path.ps1'
[2.156s] INFO:colcon.colcon_core.shell:Creating environment descriptor '/workspaces/isaac_ros-dev/install/magic_enum/share/magic_enum/hook/pkg_config_path.dsv'
[2.156s] INFO:colcon.colcon_core.shell:Creating environment hook '/workspaces/isaac_ros-dev/install/magic_enum/share/magic_enum/hook/pkg_config_path.sh'
[2.160s] Level 1:colcon.colcon_core.shell:create_environment_hook('magic_enum', 'pkg_config_path_multiarch')
[2.166s] INFO:colcon.colcon_core.shell:Creating environment hook '/workspaces/isaac_ros-dev/install/magic_enum/share/magic_enum/hook/pkg_config_path_multiarch.ps1'
[2.167s] INFO:colcon.colcon_core.shell:Creating environment descriptor '/workspaces/isaac_ros-dev/install/magic_enum/share/magic_enum/hook/pkg_config_path_multiarch.dsv'
[2.167s] INFO:colcon.colcon_core.shell:Creating environment hook '/workspaces/isaac_ros-dev/install/magic_enum/share/magic_enum/hook/pkg_config_path_multiarch.sh'
[2.167s] Level 1:colcon.colcon_core.environment:create_environment_scripts_only(magic_enum)
[2.175s] Level 1:colcon.colcon_core.environment:checking '/workspaces/isaac_ros-dev/install/magic_enum' for CMake module files
[2.175s] Level 1:colcon.colcon_core.environment:checking '/workspaces/isaac_ros-dev/install/magic_enum' for CMake config files
[2.175s] Level 1:colcon.colcon_core.shell:create_environment_hook('magic_enum', 'cmake_prefix_path')
[2.181s] INFO:colcon.colcon_core.shell:Creating environment hook '/workspaces/isaac_ros-dev/install/magic_enum/share/magic_enum/hook/cmake_prefix_path.ps1'
[2.181s] INFO:colcon.colcon_core.shell:Creating environment descriptor '/workspaces/isaac_ros-dev/install/magic_enum/share/magic_enum/hook/cmake_prefix_path.dsv'
[2.182s] INFO:colcon.colcon_core.shell:Creating environment hook '/workspaces/isaac_ros-dev/install/magic_enum/share/magic_enum/hook/cmake_prefix_path.sh'
[2.182s] Level 1:colcon.colcon_core.environment:checking '/workspaces/isaac_ros-dev/install/magic_enum/bin'
[2.182s] Level 1:colcon.colcon_core.environment:checking '/workspaces/isaac_ros-dev/install/magic_enum/lib/pkgconfig/magic_enum.pc'
[2.182s] Level 1:colcon.colcon_core.environment:checking '/workspaces/isaac_ros-dev/install/magic_enum/lib/python3.8/site-packages'
[2.182s] Level 1:colcon.colcon_core.environment:checking '/workspaces/isaac_ros-dev/install/magic_enum/bin'
[2.188s] INFO:colcon.colcon_core.shell:Creating package script '/workspaces/isaac_ros-dev/install/magic_enum/share/magic_enum/package.ps1'
[2.189s] INFO:colcon.colcon_core.shell:Creating package descriptor '/workspaces/isaac_ros-dev/install/magic_enum/share/magic_enum/package.dsv'
[2.189s] INFO:colcon.colcon_core.shell:Creating package script '/workspaces/isaac_ros-dev/install/magic_enum/share/magic_enum/package.sh'
[2.189s] INFO:colcon.colcon_core.shell:Creating package script '/workspaces/isaac_ros-dev/install/magic_enum/share/magic_enum/package.bash'
[2.190s] INFO:colcon.colcon_core.shell:Creating package script '/workspaces/isaac_ros-dev/install/magic_enum/share/magic_enum/package.zsh'
[2.190s] Level 1:colcon.colcon_core.environment:create_file_with_runtime_dependencies(/workspaces/isaac_ros-dev/install/magic_enum/share/colcon-core/packages/magic_enum)
[2.190s] INFO:colcon.colcon_ros.task.ament_cmake.build:Building ROS package in '/workspaces/isaac_ros-dev/ros2/src/isaac_ros_nitros/isaac_ros_gxf' with build type 'ament_cmake'
[2.190s] INFO:colcon.colcon_cmake.task.cmake.build:Building CMake package in '/workspaces/isaac_ros-dev/ros2/src/isaac_ros_nitros/isaac_ros_gxf'
[2.197s] INFO:colcon.colcon_core.shell:Skip shell extension 'powershell' for command environment: Not usable outside of PowerShell
[2.197s] DEBUG:colcon.colcon_core.shell:Skip shell extension 'dsv' for command environment
[2.231s] DEBUG:colcon.colcon_core.event_handler.log_command:Invoking command in '/workspaces/isaac_ros-dev/build/isaac_ros_gxf': CMAKE_PREFIX_PATH=/workspaces/isaac_ros-dev/install/magic_enum:/workspaces/isaac_ros-dev/install/gxf_isaac_sight:/workspaces/isaac_ros-dev/install/gxf_isaac_optimizer:/workspaces/isaac_ros-dev/install/gxf_isaac_message_compositor:/workspaces/isaac_ros-dev/install/gxf_isaac_gxf_helpers:/workspaces/isaac_ros-dev/install/gxf_isaac_atlas:/workspaces/isaac_ros-dev/install/gxf_isaac_gems:/workspaces/isaac_ros-dev/install/isaac_ros_gxf:/workspaces/isaac_ros-dev/install/isaac_ros_visual_slam_interfaces:/workspaces/isaac_ros-dev/install/isaac_ros_nitros_interfaces:/workspaces/isaac_ros-dev/install/qcar2_nodes:/workspaces/isaac_ros-dev/install/qcar2_interfaces:/workspace/cartographer_ws/install/perception_pcl:/workspace/cartographer_ws/install/pcl_ros:/workspace/cartographer_ws/install/cartographer_rviz:/workspace/cartographer_ws/install/cartographer_ros:/workspace/cartographer_ws/install/pcl_conversions:/workspace/cartographer_ws/install/pcl_msgs:/workspace/cartographer_ws/install/isaac_ros_tensor_list_interfaces:/workspace/cartographer_ws/install/isaac_ros_pointcloud_interfaces:/workspace/cartographer_ws/install/isaac_ros_nova_interfaces:/workspace/cartographer_ws/install/isaac_ros_nitros_bridge_interfaces:/workspace/cartographer_ws/install/isaac_ros_common:/workspace/cartographer_ws/install/isaac_ros_bi3d_interfaces:/workspace/cartographer_ws/install/isaac_ros_apriltag_interfaces:/workspace/cartographer_ws/install/control_msgs:/workspace/cartographer_ws/install/cartographer_ros_msgs:/workspace/cartographer_ws/install/cartographer:/workspace/cartographer_ws/install/absl:/workspaces/isaac_ros-dev/install/qcar2_autonomy:/workspace/cartographer_ws/install/isaac_ros_test:/opt/ros/humble /usr/bin/cmake /workspaces/isaac_ros-dev/ros2/src/isaac_ros_nitros/isaac_ros_gxf -DAMENT_CMAKE_SYMLINK_INSTALL=1 -DCMAKE_INSTALL_PREFIX=/workspaces/isaac_ros-dev/install/isaac_ros_gxf
[3.720s] DEBUG:colcon.colcon_core.event_handler.log_command:Invoked command in '/workspaces/isaac_ros-dev/build/isaac_ros_nitros_interfaces' returned '0': CMAKE_PREFIX_PATH=${CMAKE_PREFIX_PATH}:/workspaces/isaac_ros-dev/install/qcar2_autonomy:/workspace/cartographer_ws/install/isaac_ros_test:/opt/ros/humble /usr/bin/cmake /workspaces/isaac_ros-dev/ros2/src/isaac_ros_nitros/isaac_ros_nitros_interfaces -DAMENT_CMAKE_SYMLINK_INSTALL=1 -DCMAKE_INSTALL_PREFIX=/workspaces/isaac_ros-dev/install/isaac_ros_nitros_interfaces
[3.721s] DEBUG:colcon.colcon_core.event_handler.log_command:Invoking command in '/workspaces/isaac_ros-dev/build/isaac_ros_nitros_interfaces': CMAKE_PREFIX_PATH=${CMAKE_PREFIX_PATH}:/workspaces/isaac_ros-dev/install/qcar2_autonomy:/workspace/cartographer_ws/install/isaac_ros_test:/opt/ros/humble /usr/bin/cmake --build /workspaces/isaac_ros-dev/build/isaac_ros_nitros_interfaces -- -j20 -l20
[3.738s] DEBUG:colcon.colcon_core.event_handler.log_command:Invoked command in '/workspaces/isaac_ros-dev/build/isaac_ros_gxf' returned '0': CMAKE_PREFIX_PATH=/workspaces/isaac_ros-dev/install/magic_enum:/workspaces/isaac_ros-dev/install/gxf_isaac_sight:/workspaces/isaac_ros-dev/install/gxf_isaac_optimizer:/workspaces/isaac_ros-dev/install/gxf_isaac_message_compositor:/workspaces/isaac_ros-dev/install/gxf_isaac_gxf_helpers:/workspaces/isaac_ros-dev/install/gxf_isaac_atlas:/workspaces/isaac_ros-dev/install/gxf_isaac_gems:/workspaces/isaac_ros-dev/install/isaac_ros_gxf:/workspaces/isaac_ros-dev/install/isaac_ros_visual_slam_interfaces:/workspaces/isaac_ros-dev/install/isaac_ros_nitros_interfaces:/workspaces/isaac_ros-dev/install/qcar2_nodes:/workspaces/isaac_ros-dev/install/qcar2_interfaces:/workspace/cartographer_ws/install/perception_pcl:/workspace/cartographer_ws/install/pcl_ros:/workspace/cartographer_ws/install/cartographer_rviz:/workspace/cartographer_ws/install/cartographer_ros:/workspace/cartographer_ws/install/pcl_conversions:/workspace/cartographer_ws/install/pcl_msgs:/workspace/cartographer_ws/install/isaac_ros_tensor_list_interfaces:/workspace/cartographer_ws/install/isaac_ros_pointcloud_interfaces:/workspace/cartographer_ws/install/isaac_ros_nova_interfaces:/workspace/cartographer_ws/install/isaac_ros_nitros_bridge_interfaces:/workspace/cartographer_ws/install/isaac_ros_common:/workspace/cartographer_ws/install/isaac_ros_bi3d_interfaces:/workspace/cartographer_ws/install/isaac_ros_apriltag_interfaces:/workspace/cartographer_ws/install/control_msgs:/workspace/cartographer_ws/install/cartographer_ros_msgs:/workspace/cartographer_ws/install/cartographer:/workspace/cartographer_ws/install/absl:/workspaces/isaac_ros-dev/install/qcar2_autonomy:/workspace/cartographer_ws/install/isaac_ros_test:/opt/ros/humble /usr/bin/cmake /workspaces/isaac_ros-dev/ros2/src/isaac_ros_nitros/isaac_ros_gxf -DAMENT_CMAKE_SYMLINK_INSTALL=1 -DCMAKE_INSTALL_PREFIX=/workspaces/isaac_ros-dev/install/isaac_ros_gxf
[3.740s] DEBUG:colcon.colcon_core.event_handler.log_command:Invoking command in '/workspaces/isaac_ros-dev/build/isaac_ros_gxf': CMAKE_PREFIX_PATH=/workspaces/isaac_ros-dev/install/magic_enum:/workspaces/isaac_ros-dev/install/gxf_isaac_sight:/workspaces/isaac_ros-dev/install/gxf_isaac_optimizer:/workspaces/isaac_ros-dev/install/gxf_isaac_message_compositor:/workspaces/isaac_ros-dev/install/gxf_isaac_gxf_helpers:/workspaces/isaac_ros-dev/install/gxf_isaac_atlas:/workspaces/isaac_ros-dev/install/gxf_isaac_gems:/workspaces/isaac_ros-dev/install/isaac_ros_gxf:/workspaces/isaac_ros-dev/install/isaac_ros_visual_slam_interfaces:/workspaces/isaac_ros-dev/install/isaac_ros_nitros_interfaces:/workspaces/isaac_ros-dev/install/qcar2_nodes:/workspaces/isaac_ros-dev/install/qcar2_interfaces:/workspace/cartographer_ws/install/perception_pcl:/workspace/cartographer_ws/install/pcl_ros:/workspace/cartographer_ws/install/cartographer_rviz:/workspace/cartographer_ws/install/cartographer_ros:/workspace/cartographer_ws/install/pcl_conversions:/workspace/cartographer_ws/install/pcl_msgs:/workspace/cartographer_ws/install/isaac_ros_tensor_list_interfaces:/workspace/cartographer_ws/install/isaac_ros_pointcloud_interfaces:/workspace/cartographer_ws/install/isaac_ros_nova_interfaces:/workspace/cartographer_ws/install/isaac_ros_nitros_bridge_interfaces:/workspace/cartographer_ws/install/isaac_ros_common:/workspace/cartographer_ws/install/isaac_ros_bi3d_interfaces:/workspace/cartographer_ws/install/isaac_ros_apriltag_interfaces:/workspace/cartographer_ws/install/control_msgs:/workspace/cartographer_ws/install/cartographer_ros_msgs:/workspace/cartographer_ws/install/cartographer:/workspace/cartographer_ws/install/absl:/workspaces/isaac_ros-dev/install/qcar2_autonomy:/workspace/cartographer_ws/install/isaac_ros_test:/opt/ros/humble /usr/bin/cmake --build /workspaces/isaac_ros-dev/build/isaac_ros_gxf -- -j20 -l20
[3.767s] DEBUG:colcon.colcon_core.event_handler.log_command:Invoked command in '/workspaces/isaac_ros-dev/build/isaac_ros_gxf' returned '0': CMAKE_PREFIX_PATH=/workspaces/isaac_ros-dev/install/magic_enum:/workspaces/isaac_ros-dev/install/gxf_isaac_sight:/workspaces/isaac_ros-dev/install/gxf_isaac_optimizer:/workspaces/isaac_ros-dev/install/gxf_isaac_message_compositor:/workspaces/isaac_ros-dev/install/gxf_isaac_gxf_helpers:/workspaces/isaac_ros-dev/install/gxf_isaac_atlas:/workspaces/isaac_ros-dev/install/gxf_isaac_gems:/workspaces/isaac_ros-dev/install/isaac_ros_gxf:/workspaces/isaac_ros-dev/install/isaac_ros_visual_slam_interfaces:/workspaces/isaac_ros-dev/install/isaac_ros_nitros_interfaces:/workspaces/isaac_ros-dev/install/qcar2_nodes:/workspaces/isaac_ros-dev/install/qcar2_interfaces:/workspace/cartographer_ws/install/perception_pcl:/workspace/cartographer_ws/install/pcl_ros:/workspace/cartographer_ws/install/cartographer_rviz:/workspace/cartographer_ws/install/cartographer_ros:/workspace/cartographer_ws/install/pcl_conversions:/workspace/cartographer_ws/install/pcl_msgs:/workspace/cartographer_ws/install/isaac_ros_tensor_list_interfaces:/workspace/cartographer_ws/install/isaac_ros_pointcloud_interfaces:/workspace/cartographer_ws/install/isaac_ros_nova_interfaces:/workspace/cartographer_ws/install/isaac_ros_nitros_bridge_interfaces:/workspace/cartographer_ws/install/isaac_ros_common:/workspace/cartographer_ws/install/isaac_ros_bi3d_interfaces:/workspace/cartographer_ws/install/isaac_ros_apriltag_interfaces:/workspace/cartographer_ws/install/control_msgs:/workspace/cartographer_ws/install/cartographer_ros_msgs:/workspace/cartographer_ws/install/cartographer:/workspace/cartographer_ws/install/absl:/workspaces/isaac_ros-dev/install/qcar2_autonomy:/workspace/cartographer_ws/install/isaac_ros_test:/opt/ros/humble /usr/bin/cmake --build /workspaces/isaac_ros-dev/build/isaac_ros_gxf -- -j20 -l20
[3.801s] DEBUG:colcon.colcon_core.event_handler.log_command:Invoking command in '/workspaces/isaac_ros-dev/build/isaac_ros_gxf': CMAKE_PREFIX_PATH=/workspaces/isaac_ros-dev/install/magic_enum:/workspaces/isaac_ros-dev/install/gxf_isaac_sight:/workspaces/isaac_ros-dev/install/gxf_isaac_optimizer:/workspaces/isaac_ros-dev/install/gxf_isaac_message_compositor:/workspaces/isaac_ros-dev/install/gxf_isaac_gxf_helpers:/workspaces/isaac_ros-dev/install/gxf_isaac_atlas:/workspaces/isaac_ros-dev/install/gxf_isaac_gems:/workspaces/isaac_ros-dev/install/isaac_ros_gxf:/workspaces/isaac_ros-dev/install/isaac_ros_visual_slam_interfaces:/workspaces/isaac_ros-dev/install/isaac_ros_nitros_interfaces:/workspaces/isaac_ros-dev/install/qcar2_nodes:/workspaces/isaac_ros-dev/install/qcar2_interfaces:/workspace/cartographer_ws/install/perception_pcl:/workspace/cartographer_ws/install/pcl_ros:/workspace/cartographer_ws/install/cartographer_rviz:/workspace/cartographer_ws/install/cartographer_ros:/workspace/cartographer_ws/install/pcl_conversions:/workspace/cartographer_ws/install/pcl_msgs:/workspace/cartographer_ws/install/isaac_ros_tensor_list_interfaces:/workspace/cartographer_ws/install/isaac_ros_pointcloud_interfaces:/workspace/cartographer_ws/install/isaac_ros_nova_interfaces:/workspace/cartographer_ws/install/isaac_ros_nitros_bridge_interfaces:/workspace/cartographer_ws/install/isaac_ros_common:/workspace/cartographer_ws/install/isaac_ros_bi3d_interfaces:/workspace/cartographer_ws/install/isaac_ros_apriltag_interfaces:/workspace/cartographer_ws/install/control_msgs:/workspace/cartographer_ws/install/cartographer_ros_msgs:/workspace/cartographer_ws/install/cartographer:/workspace/cartographer_ws/install/absl:/workspaces/isaac_ros-dev/install/qcar2_autonomy:/workspace/cartographer_ws/install/isaac_ros_test:/opt/ros/humble /usr/bin/cmake --install /workspaces/isaac_ros-dev/build/isaac_ros_gxf
[3.824s] Level 1:colcon.colcon_core.environment:create_environment_scripts_only(isaac_ros_gxf)
[3.824s] DEBUG:colcon.colcon_core.event_handler.log_command:Invoked command in '/workspaces/isaac_ros-dev/build/isaac_ros_gxf' returned '0': CMAKE_PREFIX_PATH=/workspaces/isaac_ros-dev/install/magic_enum:/workspaces/isaac_ros-dev/install/gxf_isaac_sight:/workspaces/isaac_ros-dev/install/gxf_isaac_optimizer:/workspaces/isaac_ros-dev/install/gxf_isaac_message_compositor:/workspaces/isaac_ros-dev/install/gxf_isaac_gxf_helpers:/workspaces/isaac_ros-dev/install/gxf_isaac_atlas:/workspaces/isaac_ros-dev/install/gxf_isaac_gems:/workspaces/isaac_ros-dev/install/isaac_ros_gxf:/workspaces/isaac_ros-dev/install/isaac_ros_visual_slam_interfaces:/workspaces/isaac_ros-dev/install/isaac_ros_nitros_interfaces:/workspaces/isaac_ros-dev/install/qcar2_nodes:/workspaces/isaac_ros-dev/install/qcar2_interfaces:/workspace/cartographer_ws/install/perception_pcl:/workspace/cartographer_ws/install/pcl_ros:/workspace/cartographer_ws/install/cartographer_rviz:/workspace/cartographer_ws/install/cartographer_ros:/workspace/cartographer_ws/install/pcl_conversions:/workspace/cartographer_ws/install/pcl_msgs:/workspace/cartographer_ws/install/isaac_ros_tensor_list_interfaces:/workspace/cartographer_ws/install/isaac_ros_pointcloud_interfaces:/workspace/cartographer_ws/install/isaac_ros_nova_interfaces:/workspace/cartographer_ws/install/isaac_ros_nitros_bridge_interfaces:/workspace/cartographer_ws/install/isaac_ros_common:/workspace/cartographer_ws/install/isaac_ros_bi3d_interfaces:/workspace/cartographer_ws/install/isaac_ros_apriltag_interfaces:/workspace/cartographer_ws/install/control_msgs:/workspace/cartographer_ws/install/cartographer_ros_msgs:/workspace/cartographer_ws/install/cartographer:/workspace/cartographer_ws/install/absl:/workspaces/isaac_ros-dev/install/qcar2_autonomy:/workspace/cartographer_ws/install/isaac_ros_test:/opt/ros/humble /usr/bin/cmake --install /workspaces/isaac_ros-dev/build/isaac_ros_gxf
[3.831s] Level 1:colcon.colcon_core.environment:checking '/workspaces/isaac_ros-dev/install/isaac_ros_gxf' for CMake module files
[3.832s] Level 1:colcon.colcon_core.environment:checking '/workspaces/isaac_ros-dev/install/isaac_ros_gxf' for CMake config files
[3.833s] Level 1:colcon.colcon_core.shell:create_environment_hook('isaac_ros_gxf', 'cmake_prefix_path')
[3.839s] INFO:colcon.colcon_core.shell:Creating environment hook '/workspaces/isaac_ros-dev/install/isaac_ros_gxf/share/isaac_ros_gxf/hook/cmake_prefix_path.ps1'
[3.840s] INFO:colcon.colcon_core.shell:Creating environment descriptor '/workspaces/isaac_ros-dev/install/isaac_ros_gxf/share/isaac_ros_gxf/hook/cmake_prefix_path.dsv'
[3.840s] INFO:colcon.colcon_core.shell:Creating environment hook '/workspaces/isaac_ros-dev/install/isaac_ros_gxf/share/isaac_ros_gxf/hook/cmake_prefix_path.sh'
[3.840s] Level 1:colcon.colcon_core.environment:checking '/workspaces/isaac_ros-dev/install/isaac_ros_gxf/lib'
[3.841s] Level 1:colcon.colcon_core.shell:create_environment_hook('isaac_ros_gxf', 'ld_library_path_lib')
[3.847s] INFO:colcon.colcon_core.shell:Creating environment hook '/workspaces/isaac_ros-dev/install/isaac_ros_gxf/share/isaac_ros_gxf/hook/ld_library_path_lib.ps1'
[3.847s] INFO:colcon.colcon_core.shell:Creating environment descriptor '/workspaces/isaac_ros-dev/install/isaac_ros_gxf/share/isaac_ros_gxf/hook/ld_library_path_lib.dsv'
[3.848s] INFO:colcon.colcon_core.shell:Creating environment hook '/workspaces/isaac_ros-dev/install/isaac_ros_gxf/share/isaac_ros_gxf/hook/ld_library_path_lib.sh'
[3.848s] Level 1:colcon.colcon_core.environment:checking '/workspaces/isaac_ros-dev/install/isaac_ros_gxf/bin'
[3.848s] Level 1:colcon.colcon_core.environment:checking '/workspaces/isaac_ros-dev/install/isaac_ros_gxf/lib/pkgconfig/isaac_ros_gxf.pc'
[3.848s] Level 1:colcon.colcon_core.environment:checking '/workspaces/isaac_ros-dev/install/isaac_ros_gxf/lib/python3.8/site-packages'
[3.848s] Level 1:colcon.colcon_core.environment:checking '/workspaces/isaac_ros-dev/install/isaac_ros_gxf/bin'
[3.854s] INFO:colcon.colcon_core.shell:Creating package script '/workspaces/isaac_ros-dev/install/isaac_ros_gxf/share/isaac_ros_gxf/package.ps1'
[3.854s] INFO:colcon.colcon_core.shell:Creating package descriptor '/workspaces/isaac_ros-dev/install/isaac_ros_gxf/share/isaac_ros_gxf/package.dsv'
[3.854s] INFO:colcon.colcon_core.shell:Creating package script '/workspaces/isaac_ros-dev/install/isaac_ros_gxf/share/isaac_ros_gxf/package.sh'
[3.855s] INFO:colcon.colcon_core.shell:Creating package script '/workspaces/isaac_ros-dev/install/isaac_ros_gxf/share/isaac_ros_gxf/package.bash'
[3.855s] INFO:colcon.colcon_core.shell:Creating package script '/workspaces/isaac_ros-dev/install/isaac_ros_gxf/share/isaac_ros_gxf/package.zsh'
[3.855s] Level 1:colcon.colcon_core.environment:create_file_with_runtime_dependencies(/workspaces/isaac_ros-dev/install/isaac_ros_gxf/share/colcon-core/packages/isaac_ros_gxf)
[3.897s] Level 1:colcon.colcon_core.environment:create_environment_scripts_only(isaac_ros_gxf)
[3.903s] Level 1:colcon.colcon_core.environment:checking '/workspaces/isaac_ros-dev/install/isaac_ros_gxf' for CMake module files
[3.903s] Level 1:colcon.colcon_core.environment:checking '/workspaces/isaac_ros-dev/install/isaac_ros_gxf' for CMake config files
[3.904s] Level 1:colcon.colcon_core.shell:create_environment_hook('isaac_ros_gxf', 'cmake_prefix_path')
[3.911s] INFO:colcon.colcon_core.shell:Creating environment hook '/workspaces/isaac_ros-dev/install/isaac_ros_gxf/share/isaac_ros_gxf/hook/cmake_prefix_path.ps1'
[3.911s] INFO:colcon.colcon_core.shell:Creating environment descriptor '/workspaces/isaac_ros-dev/install/isaac_ros_gxf/share/isaac_ros_gxf/hook/cmake_prefix_path.dsv'
[3.911s] INFO:colcon.colcon_core.shell:Creating environment hook '/workspaces/isaac_ros-dev/install/isaac_ros_gxf/share/isaac_ros_gxf/hook/cmake_prefix_path.sh'
[3.912s] Level 1:colcon.colcon_core.environment:checking '/workspaces/isaac_ros-dev/install/isaac_ros_gxf/lib'
[3.912s] Level 1:colcon.colcon_core.shell:create_environment_hook('isaac_ros_gxf', 'ld_library_path_lib')
[3.918s] INFO:colcon.colcon_core.shell:Creating environment hook '/workspaces/isaac_ros-dev/install/isaac_ros_gxf/share/isaac_ros_gxf/hook/ld_library_path_lib.ps1'
[3.918s] INFO:colcon.colcon_core.shell:Creating environment descriptor '/workspaces/isaac_ros-dev/install/isaac_ros_gxf/share/isaac_ros_gxf/hook/ld_library_path_lib.dsv'
[3.918s] INFO:colcon.colcon_core.shell:Creating environment hook '/workspaces/isaac_ros-dev/install/isaac_ros_gxf/share/isaac_ros_gxf/hook/ld_library_path_lib.sh'
[3.918s] Level 1:colcon.colcon_core.environment:checking '/workspaces/isaac_ros-dev/install/isaac_ros_gxf/bin'
[3.918s] Level 1:colcon.colcon_core.environment:checking '/workspaces/isaac_ros-dev/install/isaac_ros_gxf/lib/pkgconfig/isaac_ros_gxf.pc'
[3.918s] Level 1:colcon.colcon_core.environment:checking '/workspaces/isaac_ros-dev/install/isaac_ros_gxf/lib/python3.8/site-packages'
[3.918s] Level 1:colcon.colcon_core.environment:checking '/workspaces/isaac_ros-dev/install/isaac_ros_gxf/bin'
[3.924s] INFO:colcon.colcon_core.shell:Creating package script '/workspaces/isaac_ros-dev/install/isaac_ros_gxf/share/isaac_ros_gxf/package.ps1'
[3.925s] INFO:colcon.colcon_core.shell:Creating package descriptor '/workspaces/isaac_ros-dev/install/isaac_ros_gxf/share/isaac_ros_gxf/package.dsv'
[3.925s] INFO:colcon.colcon_core.shell:Creating package script '/workspaces/isaac_ros-dev/install/isaac_ros_gxf/share/isaac_ros_gxf/package.sh'
[3.925s] INFO:colcon.colcon_core.shell:Creating package script '/workspaces/isaac_ros-dev/install/isaac_ros_gxf/share/isaac_ros_gxf/package.bash'
[3.925s] INFO:colcon.colcon_core.shell:Creating package script '/workspaces/isaac_ros-dev/install/isaac_ros_gxf/share/isaac_ros_gxf/package.zsh'
[3.926s] Level 1:colcon.colcon_core.environment:create_file_with_runtime_dependencies(/workspaces/isaac_ros-dev/install/isaac_ros_gxf/share/colcon-core/packages/isaac_ros_gxf)
[3.926s] INFO:colcon.colcon_ros.task.ament_cmake.build:Building ROS package in '/workspaces/isaac_ros-dev/ros2/src/isaac_ros_nitros/isaac_ros_gxf_extensions/gxf_isaac_gems' with build type 'ament_cmake'
[3.926s] INFO:colcon.colcon_cmake.task.cmake.build:Building CMake package in '/workspaces/isaac_ros-dev/ros2/src/isaac_ros_nitros/isaac_ros_gxf_extensions/gxf_isaac_gems'
[3.932s] INFO:colcon.colcon_core.shell:Skip shell extension 'powershell' for command environment: Not usable outside of PowerShell
[3.932s] DEBUG:colcon.colcon_core.shell:Skip shell extension 'dsv' for command environment
[3.961s] INFO:colcon.colcon_ros.task.ament_cmake.build:Building ROS package in '/workspaces/isaac_ros-dev/ros2/src/isaac_ros_nitros/isaac_ros_gxf_extensions/gxf_isaac_message_compositor' with build type 'ament_cmake'
[3.961s] INFO:colcon.colcon_cmake.task.cmake.build:Building CMake package in '/workspaces/isaac_ros-dev/ros2/src/isaac_ros_nitros/isaac_ros_gxf_extensions/gxf_isaac_message_compositor'
[3.968s] INFO:colcon.colcon_core.shell:Skip shell extension 'powershell' for command environment: Not usable outside of PowerShell
[3.968s] DEBUG:colcon.colcon_core.shell:Skip shell extension 'dsv' for command environment
[3.998s] INFO:colcon.colcon_ros.task.ament_cmake.build:Building ROS package in '/workspaces/isaac_ros-dev/ros2/src/isaac_ros_nitros/isaac_ros_gxf_extensions/gxf_isaac_optimizer' with build type 'ament_cmake'
[3.998s] INFO:colcon.colcon_cmake.task.cmake.build:Building CMake package in '/workspaces/isaac_ros-dev/ros2/src/isaac_ros_nitros/isaac_ros_gxf_extensions/gxf_isaac_optimizer'
[4.004s] INFO:colcon.colcon_core.shell:Skip shell extension 'powershell' for command environment: Not usable outside of PowerShell
[4.004s] DEBUG:colcon.colcon_core.shell:Skip shell extension 'dsv' for command environment
[4.032s] INFO:colcon.colcon_ros.task.ament_cmake.build:Building ROS package in '/workspaces/isaac_ros-dev/ros2/src/isaac_ros_nitros/isaac_ros_gxf_extensions/gxf_isaac_sight' with build type 'ament_cmake'
[4.032s] INFO:colcon.colcon_cmake.task.cmake.build:Building CMake package in '/workspaces/isaac_ros-dev/ros2/src/isaac_ros_nitros/isaac_ros_gxf_extensions/gxf_isaac_sight'
[4.039s] INFO:colcon.colcon_core.shell:Skip shell extension 'powershell' for command environment: Not usable outside of PowerShell
[4.039s] DEBUG:colcon.colcon_core.shell:Skip shell extension 'dsv' for command environment
[4.067s] DEBUG:colcon.colcon_core.event_handler.log_command:Invoked command in '/workspaces/isaac_ros-dev/build/isaac_ros_visual_slam_interfaces' returned '0': CMAKE_PREFIX_PATH=${CMAKE_PREFIX_PATH}:/workspaces/isaac_ros-dev/install/qcar2_autonomy:/workspace/cartographer_ws/install/isaac_ros_test:/opt/ros/humble /usr/bin/cmake /workspaces/isaac_ros-dev/ros2/src/isaac_ros_visual_slam/isaac_ros_visual_slam_interfaces -DAMENT_CMAKE_SYMLINK_INSTALL=1 -DCMAKE_INSTALL_PREFIX=/workspaces/isaac_ros-dev/install/isaac_ros_visual_slam_interfaces
[4.069s] DEBUG:colcon.colcon_core.event_handler.log_command:Invoking command in '/workspaces/isaac_ros-dev/build/isaac_ros_visual_slam_interfaces': CMAKE_PREFIX_PATH=${CMAKE_PREFIX_PATH}:/workspaces/isaac_ros-dev/install/qcar2_autonomy:/workspace/cartographer_ws/install/isaac_ros_test:/opt/ros/humble /usr/bin/cmake --build /workspaces/isaac_ros-dev/build/isaac_ros_visual_slam_interfaces -- -j20 -l20
[4.070s] DEBUG:colcon.colcon_core.event_handler.log_command:Invoked command in '/workspaces/isaac_ros-dev/build/isaac_ros_nitros_interfaces' returned '0': CMAKE_PREFIX_PATH=${CMAKE_PREFIX_PATH}:/workspaces/isaac_ros-dev/install/qcar2_autonomy:/workspace/cartographer_ws/install/isaac_ros_test:/opt/ros/humble /usr/bin/cmake --build /workspaces/isaac_ros-dev/build/isaac_ros_nitros_interfaces -- -j20 -l20
[4.075s] DEBUG:colcon.colcon_core.event_handler.log_command:Invoking command in '/workspaces/isaac_ros-dev/build/gxf_isaac_gems': CMAKE_PREFIX_PATH=/workspaces/isaac_ros-dev/install/isaac_ros_gxf:/workspaces/isaac_ros-dev/install/magic_enum:/workspaces/isaac_ros-dev/install/gxf_isaac_sight:/workspaces/isaac_ros-dev/install/gxf_isaac_optimizer:/workspaces/isaac_ros-dev/install/gxf_isaac_message_compositor:/workspaces/isaac_ros-dev/install/gxf_isaac_gxf_helpers:/workspaces/isaac_ros-dev/install/gxf_isaac_atlas:/workspaces/isaac_ros-dev/install/gxf_isaac_gems:/workspaces/isaac_ros-dev/install/isaac_ros_visual_slam_interfaces:/workspaces/isaac_ros-dev/install/isaac_ros_nitros_interfaces:/workspaces/isaac_ros-dev/install/qcar2_nodes:/workspaces/isaac_ros-dev/install/qcar2_interfaces:/workspace/cartographer_ws/install/perception_pcl:/workspace/cartographer_ws/install/pcl_ros:/workspace/cartographer_ws/install/cartographer_rviz:/workspace/cartographer_ws/install/cartographer_ros:/workspace/cartographer_ws/install/pcl_conversions:/workspace/cartographer_ws/install/pcl_msgs:/workspace/cartographer_ws/install/isaac_ros_tensor_list_interfaces:/workspace/cartographer_ws/install/isaac_ros_pointcloud_interfaces:/workspace/cartographer_ws/install/isaac_ros_nova_interfaces:/workspace/cartographer_ws/install/isaac_ros_nitros_bridge_interfaces:/workspace/cartographer_ws/install/isaac_ros_common:/workspace/cartographer_ws/install/isaac_ros_bi3d_interfaces:/workspace/cartographer_ws/install/isaac_ros_apriltag_interfaces:/workspace/cartographer_ws/install/control_msgs:/workspace/cartographer_ws/install/cartographer_ros_msgs:/workspace/cartographer_ws/install/cartographer:/workspace/cartographer_ws/install/absl:/workspaces/isaac_ros-dev/install/qcar2_autonomy:/workspace/cartographer_ws/install/isaac_ros_test:/opt/ros/humble LD_LIBRARY_PATH=/workspaces/isaac_ros-dev/install/isaac_ros_gxf/lib:/workspaces/isaac_ros-dev/install/gxf_isaac_sight/lib:/workspaces/isaac_ros-dev/install/gxf_isaac_optimizer/lib:/workspaces/isaac_ros-dev/install/gxf_isaac_message_compositor/lib:/workspaces/isaac_ros-dev/install/gxf_isaac_gxf_helpers/lib:/workspaces/isaac_ros-dev/install/gxf_isaac_atlas/lib:/workspaces/isaac_ros-dev/install/gxf_isaac_gems/lib:/workspaces/isaac_ros-dev/install/isaac_ros_visual_slam_interfaces/lib:/workspaces/isaac_ros-dev/install/isaac_ros_nitros_interfaces/lib:/workspaces/isaac_ros-dev/install/qcar2_interfaces/lib:/workspace/cartographer_ws/install/pcl_ros/lib:/workspace/cartographer_ws/install/cartographer_rviz/lib:/workspace/cartographer_ws/install/cartographer_ros/lib:/workspace/cartographer_ws/install/pcl_msgs/lib:/workspace/cartographer_ws/install/isaac_ros_tensor_list_interfaces/lib:/workspace/cartographer_ws/install/isaac_ros_pointcloud_interfaces/lib:/workspace/cartographer_ws/install/isaac_ros_nova_interfaces/lib:/workspace/cartographer_ws/install/isaac_ros_nitros_bridge_interfaces/lib:/workspace/cartographer_ws/install/isaac_ros_common/lib:/workspace/cartographer_ws/install/isaac_ros_bi3d_interfaces/lib:/workspace/cartographer_ws/install/isaac_ros_apriltag_interfaces/lib:/workspace/cartographer_ws/install/control_msgs/lib:/workspace/cartographer_ws/install/cartographer_ros_msgs/lib:/opt/ros/humble/opt/rviz_ogre_vendor/lib:/opt/ros/humble/lib/x86_64-linux-gnu:/opt/ros/humble/lib:/opt/tritonserver/backends/onnxruntime:/usr/local/cuda/compat/lib:/usr/local/nvidia/lib:/usr/local/nvidia/lib64:/opt/tritonserver/lib /usr/bin/cmake /workspaces/isaac_ros-dev/ros2/src/isaac_ros_nitros/isaac_ros_gxf_extensions/gxf_isaac_gems -DAMENT_CMAKE_SYMLINK_INSTALL=1 -DCMAKE_INSTALL_PREFIX=/workspaces/isaac_ros-dev/install/gxf_isaac_gems
[4.078s] DEBUG:colcon.colcon_core.event_handler.log_command:Invoking command in '/workspaces/isaac_ros-dev/build/gxf_isaac_message_compositor': CMAKE_PREFIX_PATH=/workspaces/isaac_ros-dev/install/isaac_ros_gxf:/workspaces/isaac_ros-dev/install/magic_enum:/workspaces/isaac_ros-dev/install/gxf_isaac_sight:/workspaces/isaac_ros-dev/install/gxf_isaac_optimizer:/workspaces/isaac_ros-dev/install/gxf_isaac_message_compositor:/workspaces/isaac_ros-dev/install/gxf_isaac_gxf_helpers:/workspaces/isaac_ros-dev/install/gxf_isaac_atlas:/workspaces/isaac_ros-dev/install/gxf_isaac_gems:/workspaces/isaac_ros-dev/install/isaac_ros_visual_slam_interfaces:/workspaces/isaac_ros-dev/install/isaac_ros_nitros_interfaces:/workspaces/isaac_ros-dev/install/qcar2_nodes:/workspaces/isaac_ros-dev/install/qcar2_interfaces:/workspace/cartographer_ws/install/perception_pcl:/workspace/cartographer_ws/install/pcl_ros:/workspace/cartographer_ws/install/cartographer_rviz:/workspace/cartographer_ws/install/cartographer_ros:/workspace/cartographer_ws/install/pcl_conversions:/workspace/cartographer_ws/install/pcl_msgs:/workspace/cartographer_ws/install/isaac_ros_tensor_list_interfaces:/workspace/cartographer_ws/install/isaac_ros_pointcloud_interfaces:/workspace/cartographer_ws/install/isaac_ros_nova_interfaces:/workspace/cartographer_ws/install/isaac_ros_nitros_bridge_interfaces:/workspace/cartographer_ws/install/isaac_ros_common:/workspace/cartographer_ws/install/isaac_ros_bi3d_interfaces:/workspace/cartographer_ws/install/isaac_ros_apriltag_interfaces:/workspace/cartographer_ws/install/control_msgs:/workspace/cartographer_ws/install/cartographer_ros_msgs:/workspace/cartographer_ws/install/cartographer:/workspace/cartographer_ws/install/absl:/workspaces/isaac_ros-dev/install/qcar2_autonomy:/workspace/cartographer_ws/install/isaac_ros_test:/opt/ros/humble LD_LIBRARY_PATH=/workspaces/isaac_ros-dev/install/isaac_ros_gxf/lib:/workspaces/isaac_ros-dev/install/gxf_isaac_sight/lib:/workspaces/isaac_ros-dev/install/gxf_isaac_optimizer/lib:/workspaces/isaac_ros-dev/install/gxf_isaac_message_compositor/lib:/workspaces/isaac_ros-dev/install/gxf_isaac_gxf_helpers/lib:/workspaces/isaac_ros-dev/install/gxf_isaac_atlas/lib:/workspaces/isaac_ros-dev/install/gxf_isaac_gems/lib:/workspaces/isaac_ros-dev/install/isaac_ros_visual_slam_interfaces/lib:/workspaces/isaac_ros-dev/install/isaac_ros_nitros_interfaces/lib:/workspaces/isaac_ros-dev/install/qcar2_interfaces/lib:/workspace/cartographer_ws/install/pcl_ros/lib:/workspace/cartographer_ws/install/cartographer_rviz/lib:/workspace/cartographer_ws/install/cartographer_ros/lib:/workspace/cartographer_ws/install/pcl_msgs/lib:/workspace/cartographer_ws/install/isaac_ros_tensor_list_interfaces/lib:/workspace/cartographer_ws/install/isaac_ros_pointcloud_interfaces/lib:/workspace/cartographer_ws/install/isaac_ros_nova_interfaces/lib:/workspace/cartographer_ws/install/isaac_ros_nitros_bridge_interfaces/lib:/workspace/cartographer_ws/install/isaac_ros_common/lib:/workspace/cartographer_ws/install/isaac_ros_bi3d_interfaces/lib:/workspace/cartographer_ws/install/isaac_ros_apriltag_interfaces/lib:/workspace/cartographer_ws/install/control_msgs/lib:/workspace/cartographer_ws/install/cartographer_ros_msgs/lib:/opt/ros/humble/opt/rviz_ogre_vendor/lib:/opt/ros/humble/lib/x86_64-linux-gnu:/opt/ros/humble/lib:/opt/tritonserver/backends/onnxruntime:/usr/local/cuda/compat/lib:/usr/local/nvidia/lib:/usr/local/nvidia/lib64:/opt/tritonserver/lib /usr/bin/cmake /workspaces/isaac_ros-dev/ros2/src/isaac_ros_nitros/isaac_ros_gxf_extensions/gxf_isaac_message_compositor -DAMENT_CMAKE_SYMLINK_INSTALL=1 -DCMAKE_INSTALL_PREFIX=/workspaces/isaac_ros-dev/install/gxf_isaac_message_compositor
[4.081s] DEBUG:colcon.colcon_core.event_handler.log_command:Invoking command in '/workspaces/isaac_ros-dev/build/gxf_isaac_optimizer': CMAKE_PREFIX_PATH=/workspaces/isaac_ros-dev/install/isaac_ros_gxf:/workspaces/isaac_ros-dev/install/magic_enum:/workspaces/isaac_ros-dev/install/gxf_isaac_sight:/workspaces/isaac_ros-dev/install/gxf_isaac_optimizer:/workspaces/isaac_ros-dev/install/gxf_isaac_message_compositor:/workspaces/isaac_ros-dev/install/gxf_isaac_gxf_helpers:/workspaces/isaac_ros-dev/install/gxf_isaac_atlas:/workspaces/isaac_ros-dev/install/gxf_isaac_gems:/workspaces/isaac_ros-dev/install/isaac_ros_visual_slam_interfaces:/workspaces/isaac_ros-dev/install/isaac_ros_nitros_interfaces:/workspaces/isaac_ros-dev/install/qcar2_nodes:/workspaces/isaac_ros-dev/install/qcar2_interfaces:/workspace/cartographer_ws/install/perception_pcl:/workspace/cartographer_ws/install/pcl_ros:/workspace/cartographer_ws/install/cartographer_rviz:/workspace/cartographer_ws/install/cartographer_ros:/workspace/cartographer_ws/install/pcl_conversions:/workspace/cartographer_ws/install/pcl_msgs:/workspace/cartographer_ws/install/isaac_ros_tensor_list_interfaces:/workspace/cartographer_ws/install/isaac_ros_pointcloud_interfaces:/workspace/cartographer_ws/install/isaac_ros_nova_interfaces:/workspace/cartographer_ws/install/isaac_ros_nitros_bridge_interfaces:/workspace/cartographer_ws/install/isaac_ros_common:/workspace/cartographer_ws/install/isaac_ros_bi3d_interfaces:/workspace/cartographer_ws/install/isaac_ros_apriltag_interfaces:/workspace/cartographer_ws/install/control_msgs:/workspace/cartographer_ws/install/cartographer_ros_msgs:/workspace/cartographer_ws/install/cartographer:/workspace/cartographer_ws/install/absl:/workspaces/isaac_ros-dev/install/qcar2_autonomy:/workspace/cartographer_ws/install/isaac_ros_test:/opt/ros/humble LD_LIBRARY_PATH=/workspaces/isaac_ros-dev/install/isaac_ros_gxf/lib:/workspaces/isaac_ros-dev/install/gxf_isaac_sight/lib:/workspaces/isaac_ros-dev/install/gxf_isaac_optimizer/lib:/workspaces/isaac_ros-dev/install/gxf_isaac_message_compositor/lib:/workspaces/isaac_ros-dev/install/gxf_isaac_gxf_helpers/lib:/workspaces/isaac_ros-dev/install/gxf_isaac_atlas/lib:/workspaces/isaac_ros-dev/install/gxf_isaac_gems/lib:/workspaces/isaac_ros-dev/install/isaac_ros_visual_slam_interfaces/lib:/workspaces/isaac_ros-dev/install/isaac_ros_nitros_interfaces/lib:/workspaces/isaac_ros-dev/install/qcar2_interfaces/lib:/workspace/cartographer_ws/install/pcl_ros/lib:/workspace/cartographer_ws/install/cartographer_rviz/lib:/workspace/cartographer_ws/install/cartographer_ros/lib:/workspace/cartographer_ws/install/pcl_msgs/lib:/workspace/cartographer_ws/install/isaac_ros_tensor_list_interfaces/lib:/workspace/cartographer_ws/install/isaac_ros_pointcloud_interfaces/lib:/workspace/cartographer_ws/install/isaac_ros_nova_interfaces/lib:/workspace/cartographer_ws/install/isaac_ros_nitros_bridge_interfaces/lib:/workspace/cartographer_ws/install/isaac_ros_common/lib:/workspace/cartographer_ws/install/isaac_ros_bi3d_interfaces/lib:/workspace/cartographer_ws/install/isaac_ros_apriltag_interfaces/lib:/workspace/cartographer_ws/install/control_msgs/lib:/workspace/cartographer_ws/install/cartographer_ros_msgs/lib:/opt/ros/humble/opt/rviz_ogre_vendor/lib:/opt/ros/humble/lib/x86_64-linux-gnu:/opt/ros/humble/lib:/opt/tritonserver/backends/onnxruntime:/usr/local/cuda/compat/lib:/usr/local/nvidia/lib:/usr/local/nvidia/lib64:/opt/tritonserver/lib /usr/bin/cmake /workspaces/isaac_ros-dev/ros2/src/isaac_ros_nitros/isaac_ros_gxf_extensions/gxf_isaac_optimizer -DAMENT_CMAKE_SYMLINK_INSTALL=1 -DCMAKE_INSTALL_PREFIX=/workspaces/isaac_ros-dev/install/gxf_isaac_optimizer
[4.085s] DEBUG:colcon.colcon_core.event_handler.log_command:Invoking command in '/workspaces/isaac_ros-dev/build/gxf_isaac_sight': CMAKE_PREFIX_PATH=/workspaces/isaac_ros-dev/install/isaac_ros_gxf:/workspaces/isaac_ros-dev/install/magic_enum:/workspaces/isaac_ros-dev/install/gxf_isaac_sight:/workspaces/isaac_ros-dev/install/gxf_isaac_optimizer:/workspaces/isaac_ros-dev/install/gxf_isaac_message_compositor:/workspaces/isaac_ros-dev/install/gxf_isaac_gxf_helpers:/workspaces/isaac_ros-dev/install/gxf_isaac_atlas:/workspaces/isaac_ros-dev/install/gxf_isaac_gems:/workspaces/isaac_ros-dev/install/isaac_ros_visual_slam_interfaces:/workspaces/isaac_ros-dev/install/isaac_ros_nitros_interfaces:/workspaces/isaac_ros-dev/install/qcar2_nodes:/workspaces/isaac_ros-dev/install/qcar2_interfaces:/workspace/cartographer_ws/install/perception_pcl:/workspace/cartographer_ws/install/pcl_ros:/workspace/cartographer_ws/install/cartographer_rviz:/workspace/cartographer_ws/install/cartographer_ros:/workspace/cartographer_ws/install/pcl_conversions:/workspace/cartographer_ws/install/pcl_msgs:/workspace/cartographer_ws/install/isaac_ros_tensor_list_interfaces:/workspace/cartographer_ws/install/isaac_ros_pointcloud_interfaces:/workspace/cartographer_ws/install/isaac_ros_nova_interfaces:/workspace/cartographer_ws/install/isaac_ros_nitros_bridge_interfaces:/workspace/cartographer_ws/install/isaac_ros_common:/workspace/cartographer_ws/install/isaac_ros_bi3d_interfaces:/workspace/cartographer_ws/install/isaac_ros_apriltag_interfaces:/workspace/cartographer_ws/install/control_msgs:/workspace/cartographer_ws/install/cartographer_ros_msgs:/workspace/cartographer_ws/install/cartographer:/workspace/cartographer_ws/install/absl:/workspaces/isaac_ros-dev/install/qcar2_autonomy:/workspace/cartographer_ws/install/isaac_ros_test:/opt/ros/humble LD_LIBRARY_PATH=/workspaces/isaac_ros-dev/install/isaac_ros_gxf/lib:/workspaces/isaac_ros-dev/install/gxf_isaac_sight/lib:/workspaces/isaac_ros-dev/install/gxf_isaac_optimizer/lib:/workspaces/isaac_ros-dev/install/gxf_isaac_message_compositor/lib:/workspaces/isaac_ros-dev/install/gxf_isaac_gxf_helpers/lib:/workspaces/isaac_ros-dev/install/gxf_isaac_atlas/lib:/workspaces/isaac_ros-dev/install/gxf_isaac_gems/lib:/workspaces/isaac_ros-dev/install/isaac_ros_visual_slam_interfaces/lib:/workspaces/isaac_ros-dev/install/isaac_ros_nitros_interfaces/lib:/workspaces/isaac_ros-dev/install/qcar2_interfaces/lib:/workspace/cartographer_ws/install/pcl_ros/lib:/workspace/cartographer_ws/install/cartographer_rviz/lib:/workspace/cartographer_ws/install/cartographer_ros/lib:/workspace/cartographer_ws/install/pcl_msgs/lib:/workspace/cartographer_ws/install/isaac_ros_tensor_list_interfaces/lib:/workspace/cartographer_ws/install/isaac_ros_pointcloud_interfaces/lib:/workspace/cartographer_ws/install/isaac_ros_nova_interfaces/lib:/workspace/cartographer_ws/install/isaac_ros_nitros_bridge_interfaces/lib:/workspace/cartographer_ws/install/isaac_ros_common/lib:/workspace/cartographer_ws/install/isaac_ros_bi3d_interfaces/lib:/workspace/cartographer_ws/install/isaac_ros_apriltag_interfaces/lib:/workspace/cartographer_ws/install/control_msgs/lib:/workspace/cartographer_ws/install/cartographer_ros_msgs/lib:/opt/ros/humble/opt/rviz_ogre_vendor/lib:/opt/ros/humble/lib/x86_64-linux-gnu:/opt/ros/humble/lib:/opt/tritonserver/backends/onnxruntime:/usr/local/cuda/compat/lib:/usr/local/nvidia/lib:/usr/local/nvidia/lib64:/opt/tritonserver/lib /usr/bin/cmake /workspaces/isaac_ros-dev/ros2/src/isaac_ros_nitros/isaac_ros_gxf_extensions/gxf_isaac_sight -DAMENT_CMAKE_SYMLINK_INSTALL=1 -DCMAKE_INSTALL_PREFIX=/workspaces/isaac_ros-dev/install/gxf_isaac_sight
[4.158s] DEBUG:colcon.colcon_core.event_handler.log_command:Invoking command in '/workspaces/isaac_ros-dev/build/isaac_ros_nitros_interfaces': CMAKE_PREFIX_PATH=${CMAKE_PREFIX_PATH}:/workspaces/isaac_ros-dev/install/qcar2_autonomy:/workspace/cartographer_ws/install/isaac_ros_test:/opt/ros/humble /usr/bin/cmake --install /workspaces/isaac_ros-dev/build/isaac_ros_nitros_interfaces
[4.199s] Level 1:colcon.colcon_core.environment:create_environment_scripts_only(isaac_ros_nitros_interfaces)
[4.199s] DEBUG:colcon.colcon_core.event_handler.log_command:Invoked command in '/workspaces/isaac_ros-dev/build/isaac_ros_nitros_interfaces' returned '0': CMAKE_PREFIX_PATH=${CMAKE_PREFIX_PATH}:/workspaces/isaac_ros-dev/install/qcar2_autonomy:/workspace/cartographer_ws/install/isaac_ros_test:/opt/ros/humble /usr/bin/cmake --install /workspaces/isaac_ros-dev/build/isaac_ros_nitros_interfaces
[4.207s] Level 1:colcon.colcon_core.environment:checking '/workspaces/isaac_ros-dev/install/isaac_ros_nitros_interfaces' for CMake module files
[4.208s] Level 1:colcon.colcon_core.environment:checking '/workspaces/isaac_ros-dev/install/isaac_ros_nitros_interfaces' for CMake config files
[4.208s] Level 1:colcon.colcon_core.shell:create_environment_hook('isaac_ros_nitros_interfaces', 'cmake_prefix_path')
[4.220s] INFO:colcon.colcon_core.shell:Creating environment hook '/workspaces/isaac_ros-dev/install/isaac_ros_nitros_interfaces/share/isaac_ros_nitros_interfaces/hook/cmake_prefix_path.ps1'
[4.220s] INFO:colcon.colcon_core.shell:Creating environment descriptor '/workspaces/isaac_ros-dev/install/isaac_ros_nitros_interfaces/share/isaac_ros_nitros_interfaces/hook/cmake_prefix_path.dsv'
[4.221s] INFO:colcon.colcon_core.shell:Creating environment hook '/workspaces/isaac_ros-dev/install/isaac_ros_nitros_interfaces/share/isaac_ros_nitros_interfaces/hook/cmake_prefix_path.sh'
[4.221s] Level 1:colcon.colcon_core.environment:checking '/workspaces/isaac_ros-dev/install/isaac_ros_nitros_interfaces/lib'
[4.221s] Level 1:colcon.colcon_core.shell:create_environment_hook('isaac_ros_nitros_interfaces', 'ld_library_path_lib')
[4.228s] INFO:colcon.colcon_core.shell:Creating environment hook '/workspaces/isaac_ros-dev/install/isaac_ros_nitros_interfaces/share/isaac_ros_nitros_interfaces/hook/ld_library_path_lib.ps1'
[4.228s] INFO:colcon.colcon_core.shell:Creating environment descriptor '/workspaces/isaac_ros-dev/install/isaac_ros_nitros_interfaces/share/isaac_ros_nitros_interfaces/hook/ld_library_path_lib.dsv'
[4.228s] INFO:colcon.colcon_core.shell:Creating environment hook '/workspaces/isaac_ros-dev/install/isaac_ros_nitros_interfaces/share/isaac_ros_nitros_interfaces/hook/ld_library_path_lib.sh'
[4.229s] Level 1:colcon.colcon_core.environment:checking '/workspaces/isaac_ros-dev/install/isaac_ros_nitros_interfaces/bin'
[4.229s] Level 1:colcon.colcon_core.environment:checking '/workspaces/isaac_ros-dev/install/isaac_ros_nitros_interfaces/lib/pkgconfig/isaac_ros_nitros_interfaces.pc'
[4.229s] Level 1:colcon.colcon_core.environment:checking '/workspaces/isaac_ros-dev/install/isaac_ros_nitros_interfaces/lib/python3.8/site-packages'
[4.229s] Level 1:colcon.colcon_core.shell:create_environment_hook('isaac_ros_nitros_interfaces', 'pythonpath')
[4.235s] INFO:colcon.colcon_core.shell:Creating environment hook '/workspaces/isaac_ros-dev/install/isaac_ros_nitros_interfaces/share/isaac_ros_nitros_interfaces/hook/pythonpath.ps1'
[4.235s] INFO:colcon.colcon_core.shell:Creating environment descriptor '/workspaces/isaac_ros-dev/install/isaac_ros_nitros_interfaces/share/isaac_ros_nitros_interfaces/hook/pythonpath.dsv'
[4.235s] INFO:colcon.colcon_core.shell:Creating environment hook '/workspaces/isaac_ros-dev/install/isaac_ros_nitros_interfaces/share/isaac_ros_nitros_interfaces/hook/pythonpath.sh'
[4.236s] Level 1:colcon.colcon_core.environment:checking '/workspaces/isaac_ros-dev/install/isaac_ros_nitros_interfaces/bin'
[4.242s] INFO:colcon.colcon_core.shell:Creating package script '/workspaces/isaac_ros-dev/install/isaac_ros_nitros_interfaces/share/isaac_ros_nitros_interfaces/package.ps1'
[4.243s] INFO:colcon.colcon_core.shell:Creating package descriptor '/workspaces/isaac_ros-dev/install/isaac_ros_nitros_interfaces/share/isaac_ros_nitros_interfaces/package.dsv'
[4.243s] INFO:colcon.colcon_core.shell:Creating package script '/workspaces/isaac_ros-dev/install/isaac_ros_nitros_interfaces/share/isaac_ros_nitros_interfaces/package.sh'
[4.243s] INFO:colcon.colcon_core.shell:Creating package script '/workspaces/isaac_ros-dev/install/isaac_ros_nitros_interfaces/share/isaac_ros_nitros_interfaces/package.bash'
[4.243s] INFO:colcon.colcon_core.shell:Creating package script '/workspaces/isaac_ros-dev/install/isaac_ros_nitros_interfaces/share/isaac_ros_nitros_interfaces/package.zsh'
[4.243s] Level 1:colcon.colcon_core.environment:create_file_with_runtime_dependencies(/workspaces/isaac_ros-dev/install/isaac_ros_nitros_interfaces/share/colcon-core/packages/isaac_ros_nitros_interfaces)
[4.355s] Level 1:colcon.colcon_core.environment:create_environment_scripts_only(isaac_ros_nitros_interfaces)
[4.361s] Level 1:colcon.colcon_core.environment:checking '/workspaces/isaac_ros-dev/install/isaac_ros_nitros_interfaces' for CMake module files
[4.361s] Level 1:colcon.colcon_core.environment:checking '/workspaces/isaac_ros-dev/install/isaac_ros_nitros_interfaces' for CMake config files
[4.361s] Level 1:colcon.colcon_core.shell:create_environment_hook('isaac_ros_nitros_interfaces', 'cmake_prefix_path')
[4.368s] INFO:colcon.colcon_core.shell:Creating environment hook '/workspaces/isaac_ros-dev/install/isaac_ros_nitros_interfaces/share/isaac_ros_nitros_interfaces/hook/cmake_prefix_path.ps1'
[4.368s] INFO:colcon.colcon_core.shell:Creating environment descriptor '/workspaces/isaac_ros-dev/install/isaac_ros_nitros_interfaces/share/isaac_ros_nitros_interfaces/hook/cmake_prefix_path.dsv'
[4.368s] INFO:colcon.colcon_core.shell:Creating environment hook '/workspaces/isaac_ros-dev/install/isaac_ros_nitros_interfaces/share/isaac_ros_nitros_interfaces/hook/cmake_prefix_path.sh'
[4.369s] Level 1:colcon.colcon_core.environment:checking '/workspaces/isaac_ros-dev/install/isaac_ros_nitros_interfaces/lib'
[4.369s] Level 1:colcon.colcon_core.shell:create_environment_hook('isaac_ros_nitros_interfaces', 'ld_library_path_lib')
[4.375s] INFO:colcon.colcon_core.shell:Creating environment hook '/workspaces/isaac_ros-dev/install/isaac_ros_nitros_interfaces/share/isaac_ros_nitros_interfaces/hook/ld_library_path_lib.ps1'
[4.375s] INFO:colcon.colcon_core.shell:Creating environment descriptor '/workspaces/isaac_ros-dev/install/isaac_ros_nitros_interfaces/share/isaac_ros_nitros_interfaces/hook/ld_library_path_lib.dsv'
[4.375s] INFO:colcon.colcon_core.shell:Creating environment hook '/workspaces/isaac_ros-dev/install/isaac_ros_nitros_interfaces/share/isaac_ros_nitros_interfaces/hook/ld_library_path_lib.sh'
[4.375s] Level 1:colcon.colcon_core.environment:checking '/workspaces/isaac_ros-dev/install/isaac_ros_nitros_interfaces/bin'
[4.375s] Level 1:colcon.colcon_core.environment:checking '/workspaces/isaac_ros-dev/install/isaac_ros_nitros_interfaces/lib/pkgconfig/isaac_ros_nitros_interfaces.pc'
[4.376s] Level 1:colcon.colcon_core.environment:checking '/workspaces/isaac_ros-dev/install/isaac_ros_nitros_interfaces/lib/python3.8/site-packages'
[4.376s] Level 1:colcon.colcon_core.shell:create_environment_hook('isaac_ros_nitros_interfaces', 'pythonpath')
[4.382s] INFO:colcon.colcon_core.shell:Creating environment hook '/workspaces/isaac_ros-dev/install/isaac_ros_nitros_interfaces/share/isaac_ros_nitros_interfaces/hook/pythonpath.ps1'
[4.382s] INFO:colcon.colcon_core.shell:Creating environment descriptor '/workspaces/isaac_ros-dev/install/isaac_ros_nitros_interfaces/share/isaac_ros_nitros_interfaces/hook/pythonpath.dsv'
[4.382s] INFO:colcon.colcon_core.shell:Creating environment hook '/workspaces/isaac_ros-dev/install/isaac_ros_nitros_interfaces/share/isaac_ros_nitros_interfaces/hook/pythonpath.sh'
[4.383s] Level 1:colcon.colcon_core.environment:checking '/workspaces/isaac_ros-dev/install/isaac_ros_nitros_interfaces/bin'
[4.392s] INFO:colcon.colcon_core.shell:Creating package script '/workspaces/isaac_ros-dev/install/isaac_ros_nitros_interfaces/share/isaac_ros_nitros_interfaces/package.ps1'
[4.393s] INFO:colcon.colcon_core.shell:Creating package descriptor '/workspaces/isaac_ros-dev/install/isaac_ros_nitros_interfaces/share/isaac_ros_nitros_interfaces/package.dsv'
[4.394s] INFO:colcon.colcon_core.shell:Creating package script '/workspaces/isaac_ros-dev/install/isaac_ros_nitros_interfaces/share/isaac_ros_nitros_interfaces/package.sh'
[4.394s] INFO:colcon.colcon_core.shell:Creating package script '/workspaces/isaac_ros-dev/install/isaac_ros_nitros_interfaces/share/isaac_ros_nitros_interfaces/package.bash'
[4.395s] INFO:colcon.colcon_core.shell:Creating package script '/workspaces/isaac_ros-dev/install/isaac_ros_nitros_interfaces/share/isaac_ros_nitros_interfaces/package.zsh'
[4.395s] Level 1:colcon.colcon_core.environment:create_file_with_runtime_dependencies(/workspaces/isaac_ros-dev/install/isaac_ros_nitros_interfaces/share/colcon-core/packages/isaac_ros_nitros_interfaces)
[4.401s] DEBUG:colcon.colcon_core.event_handler.log_command:Invoked command in '/workspaces/isaac_ros-dev/build/isaac_ros_visual_slam_interfaces' returned '0': CMAKE_PREFIX_PATH=${CMAKE_PREFIX_PATH}:/workspaces/isaac_ros-dev/install/qcar2_autonomy:/workspace/cartographer_ws/install/isaac_ros_test:/opt/ros/humble /usr/bin/cmake --build /workspaces/isaac_ros-dev/build/isaac_ros_visual_slam_interfaces -- -j20 -l20
[4.722s] DEBUG:colcon.colcon_core.event_handler.log_command:Invoking command in '/workspaces/isaac_ros-dev/build/isaac_ros_visual_slam_interfaces': CMAKE_PREFIX_PATH=${CMAKE_PREFIX_PATH}:/workspaces/isaac_ros-dev/install/qcar2_autonomy:/workspace/cartographer_ws/install/isaac_ros_test:/opt/ros/humble /usr/bin/cmake --install /workspaces/isaac_ros-dev/build/isaac_ros_visual_slam_interfaces
[4.774s] Level 1:colcon.colcon_core.environment:create_environment_scripts_only(isaac_ros_visual_slam_interfaces)
[4.775s] DEBUG:colcon.colcon_core.event_handler.log_command:Invoked command in '/workspaces/isaac_ros-dev/build/isaac_ros_visual_slam_interfaces' returned '0': CMAKE_PREFIX_PATH=${CMAKE_PREFIX_PATH}:/workspaces/isaac_ros-dev/install/qcar2_autonomy:/workspace/cartographer_ws/install/isaac_ros_test:/opt/ros/humble /usr/bin/cmake --install /workspaces/isaac_ros-dev/build/isaac_ros_visual_slam_interfaces
[4.781s] Level 1:colcon.colcon_core.environment:checking '/workspaces/isaac_ros-dev/install/isaac_ros_visual_slam_interfaces' for CMake module files
[4.782s] Level 1:colcon.colcon_core.environment:checking '/workspaces/isaac_ros-dev/install/isaac_ros_visual_slam_interfaces' for CMake config files
[4.782s] Level 1:colcon.colcon_core.shell:create_environment_hook('isaac_ros_visual_slam_interfaces', 'cmake_prefix_path')
[4.789s] INFO:colcon.colcon_core.shell:Creating environment hook '/workspaces/isaac_ros-dev/install/isaac_ros_visual_slam_interfaces/share/isaac_ros_visual_slam_interfaces/hook/cmake_prefix_path.ps1'
[4.790s] INFO:colcon.colcon_core.shell:Creating environment descriptor '/workspaces/isaac_ros-dev/install/isaac_ros_visual_slam_interfaces/share/isaac_ros_visual_slam_interfaces/hook/cmake_prefix_path.dsv'
[4.790s] INFO:colcon.colcon_core.shell:Creating environment hook '/workspaces/isaac_ros-dev/install/isaac_ros_visual_slam_interfaces/share/isaac_ros_visual_slam_interfaces/hook/cmake_prefix_path.sh'
[4.790s] Level 1:colcon.colcon_core.environment:checking '/workspaces/isaac_ros-dev/install/isaac_ros_visual_slam_interfaces/lib'
[4.790s] Level 1:colcon.colcon_core.shell:create_environment_hook('isaac_ros_visual_slam_interfaces', 'ld_library_path_lib')
[4.797s] INFO:colcon.colcon_core.shell:Creating environment hook '/workspaces/isaac_ros-dev/install/isaac_ros_visual_slam_interfaces/share/isaac_ros_visual_slam_interfaces/hook/ld_library_path_lib.ps1'
[4.797s] INFO:colcon.colcon_core.shell:Creating environment descriptor '/workspaces/isaac_ros-dev/install/isaac_ros_visual_slam_interfaces/share/isaac_ros_visual_slam_interfaces/hook/ld_library_path_lib.dsv'
[4.797s] INFO:colcon.colcon_core.shell:Creating environment hook '/workspaces/isaac_ros-dev/install/isaac_ros_visual_slam_interfaces/share/isaac_ros_visual_slam_interfaces/hook/ld_library_path_lib.sh'
[4.798s] Level 1:colcon.colcon_core.environment:checking '/workspaces/isaac_ros-dev/install/isaac_ros_visual_slam_interfaces/bin'
[4.798s] Level 1:colcon.colcon_core.environment:checking '/workspaces/isaac_ros-dev/install/isaac_ros_visual_slam_interfaces/lib/pkgconfig/isaac_ros_visual_slam_interfaces.pc'
[4.798s] Level 1:colcon.colcon_core.environment:checking '/workspaces/isaac_ros-dev/install/isaac_ros_visual_slam_interfaces/lib/python3.8/site-packages'
[4.798s] Level 1:colcon.colcon_core.shell:create_environment_hook('isaac_ros_visual_slam_interfaces', 'pythonpath')
[4.804s] INFO:colcon.colcon_core.shell:Creating environment hook '/workspaces/isaac_ros-dev/install/isaac_ros_visual_slam_interfaces/share/isaac_ros_visual_slam_interfaces/hook/pythonpath.ps1'
[4.804s] INFO:colcon.colcon_core.shell:Creating environment descriptor '/workspaces/isaac_ros-dev/install/isaac_ros_visual_slam_interfaces/share/isaac_ros_visual_slam_interfaces/hook/pythonpath.dsv'
[4.805s] INFO:colcon.colcon_core.shell:Creating environment hook '/workspaces/isaac_ros-dev/install/isaac_ros_visual_slam_interfaces/share/isaac_ros_visual_slam_interfaces/hook/pythonpath.sh'
[4.805s] Level 1:colcon.colcon_core.environment:checking '/workspaces/isaac_ros-dev/install/isaac_ros_visual_slam_interfaces/bin'
[4.811s] INFO:colcon.colcon_core.shell:Creating package script '/workspaces/isaac_ros-dev/install/isaac_ros_visual_slam_interfaces/share/isaac_ros_visual_slam_interfaces/package.ps1'
[4.811s] INFO:colcon.colcon_core.shell:Creating package descriptor '/workspaces/isaac_ros-dev/install/isaac_ros_visual_slam_interfaces/share/isaac_ros_visual_slam_interfaces/package.dsv'
[4.811s] INFO:colcon.colcon_core.shell:Creating package script '/workspaces/isaac_ros-dev/install/isaac_ros_visual_slam_interfaces/share/isaac_ros_visual_slam_interfaces/package.sh'
[4.811s] INFO:colcon.colcon_core.shell:Creating package script '/workspaces/isaac_ros-dev/install/isaac_ros_visual_slam_interfaces/share/isaac_ros_visual_slam_interfaces/package.bash'
[4.812s] INFO:colcon.colcon_core.shell:Creating package script '/workspaces/isaac_ros-dev/install/isaac_ros_visual_slam_interfaces/share/isaac_ros_visual_slam_interfaces/package.zsh'
[4.812s] Level 1:colcon.colcon_core.environment:create_file_with_runtime_dependencies(/workspaces/isaac_ros-dev/install/isaac_ros_visual_slam_interfaces/share/colcon-core/packages/isaac_ros_visual_slam_interfaces)
[5.107s] Level 1:colcon.colcon_core.environment:create_environment_scripts_only(isaac_ros_visual_slam_interfaces)
[5.113s] Level 1:colcon.colcon_core.environment:checking '/workspaces/isaac_ros-dev/install/isaac_ros_visual_slam_interfaces' for CMake module files
[5.114s] Level 1:colcon.colcon_core.environment:checking '/workspaces/isaac_ros-dev/install/isaac_ros_visual_slam_interfaces' for CMake config files
[5.114s] Level 1:colcon.colcon_core.shell:create_environment_hook('isaac_ros_visual_slam_interfaces', 'cmake_prefix_path')
[5.121s] INFO:colcon.colcon_core.shell:Creating environment hook '/workspaces/isaac_ros-dev/install/isaac_ros_visual_slam_interfaces/share/isaac_ros_visual_slam_interfaces/hook/cmake_prefix_path.ps1'
[5.121s] INFO:colcon.colcon_core.shell:Creating environment descriptor '/workspaces/isaac_ros-dev/install/isaac_ros_visual_slam_interfaces/share/isaac_ros_visual_slam_interfaces/hook/cmake_prefix_path.dsv'
[5.121s] INFO:colcon.colcon_core.shell:Creating environment hook '/workspaces/isaac_ros-dev/install/isaac_ros_visual_slam_interfaces/share/isaac_ros_visual_slam_interfaces/hook/cmake_prefix_path.sh'
[5.122s] Level 1:colcon.colcon_core.environment:checking '/workspaces/isaac_ros-dev/install/isaac_ros_visual_slam_interfaces/lib'
[5.122s] Level 1:colcon.colcon_core.shell:create_environment_hook('isaac_ros_visual_slam_interfaces', 'ld_library_path_lib')
[5.128s] INFO:colcon.colcon_core.shell:Creating environment hook '/workspaces/isaac_ros-dev/install/isaac_ros_visual_slam_interfaces/share/isaac_ros_visual_slam_interfaces/hook/ld_library_path_lib.ps1'
[5.128s] INFO:colcon.colcon_core.shell:Creating environment descriptor '/workspaces/isaac_ros-dev/install/isaac_ros_visual_slam_interfaces/share/isaac_ros_visual_slam_interfaces/hook/ld_library_path_lib.dsv'
[5.128s] INFO:colcon.colcon_core.shell:Creating environment hook '/workspaces/isaac_ros-dev/install/isaac_ros_visual_slam_interfaces/share/isaac_ros_visual_slam_interfaces/hook/ld_library_path_lib.sh'
[5.129s] Level 1:colcon.colcon_core.environment:checking '/workspaces/isaac_ros-dev/install/isaac_ros_visual_slam_interfaces/bin'
[5.129s] Level 1:colcon.colcon_core.environment:checking '/workspaces/isaac_ros-dev/install/isaac_ros_visual_slam_interfaces/lib/pkgconfig/isaac_ros_visual_slam_interfaces.pc'
[5.129s] Level 1:colcon.colcon_core.environment:checking '/workspaces/isaac_ros-dev/install/isaac_ros_visual_slam_interfaces/lib/python3.8/site-packages'
[5.129s] Level 1:colcon.colcon_core.shell:create_environment_hook('isaac_ros_visual_slam_interfaces', 'pythonpath')
[5.135s] INFO:colcon.colcon_core.shell:Creating environment hook '/workspaces/isaac_ros-dev/install/isaac_ros_visual_slam_interfaces/share/isaac_ros_visual_slam_interfaces/hook/pythonpath.ps1'
[5.136s] INFO:colcon.colcon_core.shell:Creating environment descriptor '/workspaces/isaac_ros-dev/install/isaac_ros_visual_slam_interfaces/share/isaac_ros_visual_slam_interfaces/hook/pythonpath.dsv'
[5.136s] INFO:colcon.colcon_core.shell:Creating environment hook '/workspaces/isaac_ros-dev/install/isaac_ros_visual_slam_interfaces/share/isaac_ros_visual_slam_interfaces/hook/pythonpath.sh'
[5.136s] Level 1:colcon.colcon_core.environment:checking '/workspaces/isaac_ros-dev/install/isaac_ros_visual_slam_interfaces/bin'
[5.143s] INFO:colcon.colcon_core.shell:Creating package script '/workspaces/isaac_ros-dev/install/isaac_ros_visual_slam_interfaces/share/isaac_ros_visual_slam_interfaces/package.ps1'
[5.144s] INFO:colcon.colcon_core.shell:Creating package descriptor '/workspaces/isaac_ros-dev/install/isaac_ros_visual_slam_interfaces/share/isaac_ros_visual_slam_interfaces/package.dsv'
[5.144s] INFO:colcon.colcon_core.shell:Creating package script '/workspaces/isaac_ros-dev/install/isaac_ros_visual_slam_interfaces/share/isaac_ros_visual_slam_interfaces/package.sh'
[5.144s] INFO:colcon.colcon_core.shell:Creating package script '/workspaces/isaac_ros-dev/install/isaac_ros_visual_slam_interfaces/share/isaac_ros_visual_slam_interfaces/package.bash'
[5.145s] INFO:colcon.colcon_core.shell:Creating package script '/workspaces/isaac_ros-dev/install/isaac_ros_visual_slam_interfaces/share/isaac_ros_visual_slam_interfaces/package.zsh'
[5.145s] Level 1:colcon.colcon_core.environment:create_file_with_runtime_dependencies(/workspaces/isaac_ros-dev/install/isaac_ros_visual_slam_interfaces/share/colcon-core/packages/isaac_ros_visual_slam_interfaces)
[5.514s] DEBUG:colcon.colcon_core.event_handler.log_command:Invoked command in '/workspaces/isaac_ros-dev/build/gxf_isaac_optimizer' returned '0': CMAKE_PREFIX_PATH=/workspaces/isaac_ros-dev/install/isaac_ros_gxf:/workspaces/isaac_ros-dev/install/magic_enum:/workspaces/isaac_ros-dev/install/gxf_isaac_sight:/workspaces/isaac_ros-dev/install/gxf_isaac_optimizer:/workspaces/isaac_ros-dev/install/gxf_isaac_message_compositor:/workspaces/isaac_ros-dev/install/gxf_isaac_gxf_helpers:/workspaces/isaac_ros-dev/install/gxf_isaac_atlas:/workspaces/isaac_ros-dev/install/gxf_isaac_gems:/workspaces/isaac_ros-dev/install/isaac_ros_visual_slam_interfaces:/workspaces/isaac_ros-dev/install/isaac_ros_nitros_interfaces:/workspaces/isaac_ros-dev/install/qcar2_nodes:/workspaces/isaac_ros-dev/install/qcar2_interfaces:/workspace/cartographer_ws/install/perception_pcl:/workspace/cartographer_ws/install/pcl_ros:/workspace/cartographer_ws/install/cartographer_rviz:/workspace/cartographer_ws/install/cartographer_ros:/workspace/cartographer_ws/install/pcl_conversions:/workspace/cartographer_ws/install/pcl_msgs:/workspace/cartographer_ws/install/isaac_ros_tensor_list_interfaces:/workspace/cartographer_ws/install/isaac_ros_pointcloud_interfaces:/workspace/cartographer_ws/install/isaac_ros_nova_interfaces:/workspace/cartographer_ws/install/isaac_ros_nitros_bridge_interfaces:/workspace/cartographer_ws/install/isaac_ros_common:/workspace/cartographer_ws/install/isaac_ros_bi3d_interfaces:/workspace/cartographer_ws/install/isaac_ros_apriltag_interfaces:/workspace/cartographer_ws/install/control_msgs:/workspace/cartographer_ws/install/cartographer_ros_msgs:/workspace/cartographer_ws/install/cartographer:/workspace/cartographer_ws/install/absl:/workspaces/isaac_ros-dev/install/qcar2_autonomy:/workspace/cartographer_ws/install/isaac_ros_test:/opt/ros/humble LD_LIBRARY_PATH=/workspaces/isaac_ros-dev/install/isaac_ros_gxf/lib:/workspaces/isaac_ros-dev/install/gxf_isaac_sight/lib:/workspaces/isaac_ros-dev/install/gxf_isaac_optimizer/lib:/workspaces/isaac_ros-dev/install/gxf_isaac_message_compositor/lib:/workspaces/isaac_ros-dev/install/gxf_isaac_gxf_helpers/lib:/workspaces/isaac_ros-dev/install/gxf_isaac_atlas/lib:/workspaces/isaac_ros-dev/install/gxf_isaac_gems/lib:/workspaces/isaac_ros-dev/install/isaac_ros_visual_slam_interfaces/lib:/workspaces/isaac_ros-dev/install/isaac_ros_nitros_interfaces/lib:/workspaces/isaac_ros-dev/install/qcar2_interfaces/lib:/workspace/cartographer_ws/install/pcl_ros/lib:/workspace/cartographer_ws/install/cartographer_rviz/lib:/workspace/cartographer_ws/install/cartographer_ros/lib:/workspace/cartographer_ws/install/pcl_msgs/lib:/workspace/cartographer_ws/install/isaac_ros_tensor_list_interfaces/lib:/workspace/cartographer_ws/install/isaac_ros_pointcloud_interfaces/lib:/workspace/cartographer_ws/install/isaac_ros_nova_interfaces/lib:/workspace/cartographer_ws/install/isaac_ros_nitros_bridge_interfaces/lib:/workspace/cartographer_ws/install/isaac_ros_common/lib:/workspace/cartographer_ws/install/isaac_ros_bi3d_interfaces/lib:/workspace/cartographer_ws/install/isaac_ros_apriltag_interfaces/lib:/workspace/cartographer_ws/install/control_msgs/lib:/workspace/cartographer_ws/install/cartographer_ros_msgs/lib:/opt/ros/humble/opt/rviz_ogre_vendor/lib:/opt/ros/humble/lib/x86_64-linux-gnu:/opt/ros/humble/lib:/opt/tritonserver/backends/onnxruntime:/usr/local/cuda/compat/lib:/usr/local/nvidia/lib:/usr/local/nvidia/lib64:/opt/tritonserver/lib /usr/bin/cmake /workspaces/isaac_ros-dev/ros2/src/isaac_ros_nitros/isaac_ros_gxf_extensions/gxf_isaac_optimizer -DAMENT_CMAKE_SYMLINK_INSTALL=1 -DCMAKE_INSTALL_PREFIX=/workspaces/isaac_ros-dev/install/gxf_isaac_optimizer
[5.517s] DEBUG:colcon.colcon_core.event_handler.log_command:Invoking command in '/workspaces/isaac_ros-dev/build/gxf_isaac_optimizer': CMAKE_PREFIX_PATH=/workspaces/isaac_ros-dev/install/isaac_ros_gxf:/workspaces/isaac_ros-dev/install/magic_enum:/workspaces/isaac_ros-dev/install/gxf_isaac_sight:/workspaces/isaac_ros-dev/install/gxf_isaac_optimizer:/workspaces/isaac_ros-dev/install/gxf_isaac_message_compositor:/workspaces/isaac_ros-dev/install/gxf_isaac_gxf_helpers:/workspaces/isaac_ros-dev/install/gxf_isaac_atlas:/workspaces/isaac_ros-dev/install/gxf_isaac_gems:/workspaces/isaac_ros-dev/install/isaac_ros_visual_slam_interfaces:/workspaces/isaac_ros-dev/install/isaac_ros_nitros_interfaces:/workspaces/isaac_ros-dev/install/qcar2_nodes:/workspaces/isaac_ros-dev/install/qcar2_interfaces:/workspace/cartographer_ws/install/perception_pcl:/workspace/cartographer_ws/install/pcl_ros:/workspace/cartographer_ws/install/cartographer_rviz:/workspace/cartographer_ws/install/cartographer_ros:/workspace/cartographer_ws/install/pcl_conversions:/workspace/cartographer_ws/install/pcl_msgs:/workspace/cartographer_ws/install/isaac_ros_tensor_list_interfaces:/workspace/cartographer_ws/install/isaac_ros_pointcloud_interfaces:/workspace/cartographer_ws/install/isaac_ros_nova_interfaces:/workspace/cartographer_ws/install/isaac_ros_nitros_bridge_interfaces:/workspace/cartographer_ws/install/isaac_ros_common:/workspace/cartographer_ws/install/isaac_ros_bi3d_interfaces:/workspace/cartographer_ws/install/isaac_ros_apriltag_interfaces:/workspace/cartographer_ws/install/control_msgs:/workspace/cartographer_ws/install/cartographer_ros_msgs:/workspace/cartographer_ws/install/cartographer:/workspace/cartographer_ws/install/absl:/workspaces/isaac_ros-dev/install/qcar2_autonomy:/workspace/cartographer_ws/install/isaac_ros_test:/opt/ros/humble LD_LIBRARY_PATH=/workspaces/isaac_ros-dev/install/isaac_ros_gxf/lib:/workspaces/isaac_ros-dev/install/gxf_isaac_sight/lib:/workspaces/isaac_ros-dev/install/gxf_isaac_optimizer/lib:/workspaces/isaac_ros-dev/install/gxf_isaac_message_compositor/lib:/workspaces/isaac_ros-dev/install/gxf_isaac_gxf_helpers/lib:/workspaces/isaac_ros-dev/install/gxf_isaac_atlas/lib:/workspaces/isaac_ros-dev/install/gxf_isaac_gems/lib:/workspaces/isaac_ros-dev/install/isaac_ros_visual_slam_interfaces/lib:/workspaces/isaac_ros-dev/install/isaac_ros_nitros_interfaces/lib:/workspaces/isaac_ros-dev/install/qcar2_interfaces/lib:/workspace/cartographer_ws/install/pcl_ros/lib:/workspace/cartographer_ws/install/cartographer_rviz/lib:/workspace/cartographer_ws/install/cartographer_ros/lib:/workspace/cartographer_ws/install/pcl_msgs/lib:/workspace/cartographer_ws/install/isaac_ros_tensor_list_interfaces/lib:/workspace/cartographer_ws/install/isaac_ros_pointcloud_interfaces/lib:/workspace/cartographer_ws/install/isaac_ros_nova_interfaces/lib:/workspace/cartographer_ws/install/isaac_ros_nitros_bridge_interfaces/lib:/workspace/cartographer_ws/install/isaac_ros_common/lib:/workspace/cartographer_ws/install/isaac_ros_bi3d_interfaces/lib:/workspace/cartographer_ws/install/isaac_ros_apriltag_interfaces/lib:/workspace/cartographer_ws/install/control_msgs/lib:/workspace/cartographer_ws/install/cartographer_ros_msgs/lib:/opt/ros/humble/opt/rviz_ogre_vendor/lib:/opt/ros/humble/lib/x86_64-linux-gnu:/opt/ros/humble/lib:/opt/tritonserver/backends/onnxruntime:/usr/local/cuda/compat/lib:/usr/local/nvidia/lib:/usr/local/nvidia/lib64:/opt/tritonserver/lib /usr/bin/cmake --build /workspaces/isaac_ros-dev/build/gxf_isaac_optimizer -- -j20 -l20
[5.521s] DEBUG:colcon.colcon_core.event_handler.log_command:Invoked command in '/workspaces/isaac_ros-dev/build/gxf_isaac_gems' returned '0': CMAKE_PREFIX_PATH=/workspaces/isaac_ros-dev/install/isaac_ros_gxf:/workspaces/isaac_ros-dev/install/magic_enum:/workspaces/isaac_ros-dev/install/gxf_isaac_sight:/workspaces/isaac_ros-dev/install/gxf_isaac_optimizer:/workspaces/isaac_ros-dev/install/gxf_isaac_message_compositor:/workspaces/isaac_ros-dev/install/gxf_isaac_gxf_helpers:/workspaces/isaac_ros-dev/install/gxf_isaac_atlas:/workspaces/isaac_ros-dev/install/gxf_isaac_gems:/workspaces/isaac_ros-dev/install/isaac_ros_visual_slam_interfaces:/workspaces/isaac_ros-dev/install/isaac_ros_nitros_interfaces:/workspaces/isaac_ros-dev/install/qcar2_nodes:/workspaces/isaac_ros-dev/install/qcar2_interfaces:/workspace/cartographer_ws/install/perception_pcl:/workspace/cartographer_ws/install/pcl_ros:/workspace/cartographer_ws/install/cartographer_rviz:/workspace/cartographer_ws/install/cartographer_ros:/workspace/cartographer_ws/install/pcl_conversions:/workspace/cartographer_ws/install/pcl_msgs:/workspace/cartographer_ws/install/isaac_ros_tensor_list_interfaces:/workspace/cartographer_ws/install/isaac_ros_pointcloud_interfaces:/workspace/cartographer_ws/install/isaac_ros_nova_interfaces:/workspace/cartographer_ws/install/isaac_ros_nitros_bridge_interfaces:/workspace/cartographer_ws/install/isaac_ros_common:/workspace/cartographer_ws/install/isaac_ros_bi3d_interfaces:/workspace/cartographer_ws/install/isaac_ros_apriltag_interfaces:/workspace/cartographer_ws/install/control_msgs:/workspace/cartographer_ws/install/cartographer_ros_msgs:/workspace/cartographer_ws/install/cartographer:/workspace/cartographer_ws/install/absl:/workspaces/isaac_ros-dev/install/qcar2_autonomy:/workspace/cartographer_ws/install/isaac_ros_test:/opt/ros/humble LD_LIBRARY_PATH=/workspaces/isaac_ros-dev/install/isaac_ros_gxf/lib:/workspaces/isaac_ros-dev/install/gxf_isaac_sight/lib:/workspaces/isaac_ros-dev/install/gxf_isaac_optimizer/lib:/workspaces/isaac_ros-dev/install/gxf_isaac_message_compositor/lib:/workspaces/isaac_ros-dev/install/gxf_isaac_gxf_helpers/lib:/workspaces/isaac_ros-dev/install/gxf_isaac_atlas/lib:/workspaces/isaac_ros-dev/install/gxf_isaac_gems/lib:/workspaces/isaac_ros-dev/install/isaac_ros_visual_slam_interfaces/lib:/workspaces/isaac_ros-dev/install/isaac_ros_nitros_interfaces/lib:/workspaces/isaac_ros-dev/install/qcar2_interfaces/lib:/workspace/cartographer_ws/install/pcl_ros/lib:/workspace/cartographer_ws/install/cartographer_rviz/lib:/workspace/cartographer_ws/install/cartographer_ros/lib:/workspace/cartographer_ws/install/pcl_msgs/lib:/workspace/cartographer_ws/install/isaac_ros_tensor_list_interfaces/lib:/workspace/cartographer_ws/install/isaac_ros_pointcloud_interfaces/lib:/workspace/cartographer_ws/install/isaac_ros_nova_interfaces/lib:/workspace/cartographer_ws/install/isaac_ros_nitros_bridge_interfaces/lib:/workspace/cartographer_ws/install/isaac_ros_common/lib:/workspace/cartographer_ws/install/isaac_ros_bi3d_interfaces/lib:/workspace/cartographer_ws/install/isaac_ros_apriltag_interfaces/lib:/workspace/cartographer_ws/install/control_msgs/lib:/workspace/cartographer_ws/install/cartographer_ros_msgs/lib:/opt/ros/humble/opt/rviz_ogre_vendor/lib:/opt/ros/humble/lib/x86_64-linux-gnu:/opt/ros/humble/lib:/opt/tritonserver/backends/onnxruntime:/usr/local/cuda/compat/lib:/usr/local/nvidia/lib:/usr/local/nvidia/lib64:/opt/tritonserver/lib /usr/bin/cmake /workspaces/isaac_ros-dev/ros2/src/isaac_ros_nitros/isaac_ros_gxf_extensions/gxf_isaac_gems -DAMENT_CMAKE_SYMLINK_INSTALL=1 -DCMAKE_INSTALL_PREFIX=/workspaces/isaac_ros-dev/install/gxf_isaac_gems
[5.523s] DEBUG:colcon.colcon_core.event_handler.log_command:Invoking command in '/workspaces/isaac_ros-dev/build/gxf_isaac_gems': CMAKE_PREFIX_PATH=/workspaces/isaac_ros-dev/install/isaac_ros_gxf:/workspaces/isaac_ros-dev/install/magic_enum:/workspaces/isaac_ros-dev/install/gxf_isaac_sight:/workspaces/isaac_ros-dev/install/gxf_isaac_optimizer:/workspaces/isaac_ros-dev/install/gxf_isaac_message_compositor:/workspaces/isaac_ros-dev/install/gxf_isaac_gxf_helpers:/workspaces/isaac_ros-dev/install/gxf_isaac_atlas:/workspaces/isaac_ros-dev/install/gxf_isaac_gems:/workspaces/isaac_ros-dev/install/isaac_ros_visual_slam_interfaces:/workspaces/isaac_ros-dev/install/isaac_ros_nitros_interfaces:/workspaces/isaac_ros-dev/install/qcar2_nodes:/workspaces/isaac_ros-dev/install/qcar2_interfaces:/workspace/cartographer_ws/install/perception_pcl:/workspace/cartographer_ws/install/pcl_ros:/workspace/cartographer_ws/install/cartographer_rviz:/workspace/cartographer_ws/install/cartographer_ros:/workspace/cartographer_ws/install/pcl_conversions:/workspace/cartographer_ws/install/pcl_msgs:/workspace/cartographer_ws/install/isaac_ros_tensor_list_interfaces:/workspace/cartographer_ws/install/isaac_ros_pointcloud_interfaces:/workspace/cartographer_ws/install/isaac_ros_nova_interfaces:/workspace/cartographer_ws/install/isaac_ros_nitros_bridge_interfaces:/workspace/cartographer_ws/install/isaac_ros_common:/workspace/cartographer_ws/install/isaac_ros_bi3d_interfaces:/workspace/cartographer_ws/install/isaac_ros_apriltag_interfaces:/workspace/cartographer_ws/install/control_msgs:/workspace/cartographer_ws/install/cartographer_ros_msgs:/workspace/cartographer_ws/install/cartographer:/workspace/cartographer_ws/install/absl:/workspaces/isaac_ros-dev/install/qcar2_autonomy:/workspace/cartographer_ws/install/isaac_ros_test:/opt/ros/humble LD_LIBRARY_PATH=/workspaces/isaac_ros-dev/install/isaac_ros_gxf/lib:/workspaces/isaac_ros-dev/install/gxf_isaac_sight/lib:/workspaces/isaac_ros-dev/install/gxf_isaac_optimizer/lib:/workspaces/isaac_ros-dev/install/gxf_isaac_message_compositor/lib:/workspaces/isaac_ros-dev/install/gxf_isaac_gxf_helpers/lib:/workspaces/isaac_ros-dev/install/gxf_isaac_atlas/lib:/workspaces/isaac_ros-dev/install/gxf_isaac_gems/lib:/workspaces/isaac_ros-dev/install/isaac_ros_visual_slam_interfaces/lib:/workspaces/isaac_ros-dev/install/isaac_ros_nitros_interfaces/lib:/workspaces/isaac_ros-dev/install/qcar2_interfaces/lib:/workspace/cartographer_ws/install/pcl_ros/lib:/workspace/cartographer_ws/install/cartographer_rviz/lib:/workspace/cartographer_ws/install/cartographer_ros/lib:/workspace/cartographer_ws/install/pcl_msgs/lib:/workspace/cartographer_ws/install/isaac_ros_tensor_list_interfaces/lib:/workspace/cartographer_ws/install/isaac_ros_pointcloud_interfaces/lib:/workspace/cartographer_ws/install/isaac_ros_nova_interfaces/lib:/workspace/cartographer_ws/install/isaac_ros_nitros_bridge_interfaces/lib:/workspace/cartographer_ws/install/isaac_ros_common/lib:/workspace/cartographer_ws/install/isaac_ros_bi3d_interfaces/lib:/workspace/cartographer_ws/install/isaac_ros_apriltag_interfaces/lib:/workspace/cartographer_ws/install/control_msgs/lib:/workspace/cartographer_ws/install/cartographer_ros_msgs/lib:/opt/ros/humble/opt/rviz_ogre_vendor/lib:/opt/ros/humble/lib/x86_64-linux-gnu:/opt/ros/humble/lib:/opt/tritonserver/backends/onnxruntime:/usr/local/cuda/compat/lib:/usr/local/nvidia/lib:/usr/local/nvidia/lib64:/opt/tritonserver/lib /usr/bin/cmake --build /workspaces/isaac_ros-dev/build/gxf_isaac_gems -- -j20 -l20
[5.524s] DEBUG:colcon.colcon_core.event_handler.log_command:Invoked command in '/workspaces/isaac_ros-dev/build/gxf_isaac_message_compositor' returned '0': CMAKE_PREFIX_PATH=/workspaces/isaac_ros-dev/install/isaac_ros_gxf:/workspaces/isaac_ros-dev/install/magic_enum:/workspaces/isaac_ros-dev/install/gxf_isaac_sight:/workspaces/isaac_ros-dev/install/gxf_isaac_optimizer:/workspaces/isaac_ros-dev/install/gxf_isaac_message_compositor:/workspaces/isaac_ros-dev/install/gxf_isaac_gxf_helpers:/workspaces/isaac_ros-dev/install/gxf_isaac_atlas:/workspaces/isaac_ros-dev/install/gxf_isaac_gems:/workspaces/isaac_ros-dev/install/isaac_ros_visual_slam_interfaces:/workspaces/isaac_ros-dev/install/isaac_ros_nitros_interfaces:/workspaces/isaac_ros-dev/install/qcar2_nodes:/workspaces/isaac_ros-dev/install/qcar2_interfaces:/workspace/cartographer_ws/install/perception_pcl:/workspace/cartographer_ws/install/pcl_ros:/workspace/cartographer_ws/install/cartographer_rviz:/workspace/cartographer_ws/install/cartographer_ros:/workspace/cartographer_ws/install/pcl_conversions:/workspace/cartographer_ws/install/pcl_msgs:/workspace/cartographer_ws/install/isaac_ros_tensor_list_interfaces:/workspace/cartographer_ws/install/isaac_ros_pointcloud_interfaces:/workspace/cartographer_ws/install/isaac_ros_nova_interfaces:/workspace/cartographer_ws/install/isaac_ros_nitros_bridge_interfaces:/workspace/cartographer_ws/install/isaac_ros_common:/workspace/cartographer_ws/install/isaac_ros_bi3d_interfaces:/workspace/cartographer_ws/install/isaac_ros_apriltag_interfaces:/workspace/cartographer_ws/install/control_msgs:/workspace/cartographer_ws/install/cartographer_ros_msgs:/workspace/cartographer_ws/install/cartographer:/workspace/cartographer_ws/install/absl:/workspaces/isaac_ros-dev/install/qcar2_autonomy:/workspace/cartographer_ws/install/isaac_ros_test:/opt/ros/humble LD_LIBRARY_PATH=/workspaces/isaac_ros-dev/install/isaac_ros_gxf/lib:/workspaces/isaac_ros-dev/install/gxf_isaac_sight/lib:/workspaces/isaac_ros-dev/install/gxf_isaac_optimizer/lib:/workspaces/isaac_ros-dev/install/gxf_isaac_message_compositor/lib:/workspaces/isaac_ros-dev/install/gxf_isaac_gxf_helpers/lib:/workspaces/isaac_ros-dev/install/gxf_isaac_atlas/lib:/workspaces/isaac_ros-dev/install/gxf_isaac_gems/lib:/workspaces/isaac_ros-dev/install/isaac_ros_visual_slam_interfaces/lib:/workspaces/isaac_ros-dev/install/isaac_ros_nitros_interfaces/lib:/workspaces/isaac_ros-dev/install/qcar2_interfaces/lib:/workspace/cartographer_ws/install/pcl_ros/lib:/workspace/cartographer_ws/install/cartographer_rviz/lib:/workspace/cartographer_ws/install/cartographer_ros/lib:/workspace/cartographer_ws/install/pcl_msgs/lib:/workspace/cartographer_ws/install/isaac_ros_tensor_list_interfaces/lib:/workspace/cartographer_ws/install/isaac_ros_pointcloud_interfaces/lib:/workspace/cartographer_ws/install/isaac_ros_nova_interfaces/lib:/workspace/cartographer_ws/install/isaac_ros_nitros_bridge_interfaces/lib:/workspace/cartographer_ws/install/isaac_ros_common/lib:/workspace/cartographer_ws/install/isaac_ros_bi3d_interfaces/lib:/workspace/cartographer_ws/install/isaac_ros_apriltag_interfaces/lib:/workspace/cartographer_ws/install/control_msgs/lib:/workspace/cartographer_ws/install/cartographer_ros_msgs/lib:/opt/ros/humble/opt/rviz_ogre_vendor/lib:/opt/ros/humble/lib/x86_64-linux-gnu:/opt/ros/humble/lib:/opt/tritonserver/backends/onnxruntime:/usr/local/cuda/compat/lib:/usr/local/nvidia/lib:/usr/local/nvidia/lib64:/opt/tritonserver/lib /usr/bin/cmake /workspaces/isaac_ros-dev/ros2/src/isaac_ros_nitros/isaac_ros_gxf_extensions/gxf_isaac_message_compositor -DAMENT_CMAKE_SYMLINK_INSTALL=1 -DCMAKE_INSTALL_PREFIX=/workspaces/isaac_ros-dev/install/gxf_isaac_message_compositor
[5.527s] DEBUG:colcon.colcon_core.event_handler.log_command:Invoking command in '/workspaces/isaac_ros-dev/build/gxf_isaac_message_compositor': CMAKE_PREFIX_PATH=/workspaces/isaac_ros-dev/install/isaac_ros_gxf:/workspaces/isaac_ros-dev/install/magic_enum:/workspaces/isaac_ros-dev/install/gxf_isaac_sight:/workspaces/isaac_ros-dev/install/gxf_isaac_optimizer:/workspaces/isaac_ros-dev/install/gxf_isaac_message_compositor:/workspaces/isaac_ros-dev/install/gxf_isaac_gxf_helpers:/workspaces/isaac_ros-dev/install/gxf_isaac_atlas:/workspaces/isaac_ros-dev/install/gxf_isaac_gems:/workspaces/isaac_ros-dev/install/isaac_ros_visual_slam_interfaces:/workspaces/isaac_ros-dev/install/isaac_ros_nitros_interfaces:/workspaces/isaac_ros-dev/install/qcar2_nodes:/workspaces/isaac_ros-dev/install/qcar2_interfaces:/workspace/cartographer_ws/install/perception_pcl:/workspace/cartographer_ws/install/pcl_ros:/workspace/cartographer_ws/install/cartographer_rviz:/workspace/cartographer_ws/install/cartographer_ros:/workspace/cartographer_ws/install/pcl_conversions:/workspace/cartographer_ws/install/pcl_msgs:/workspace/cartographer_ws/install/isaac_ros_tensor_list_interfaces:/workspace/cartographer_ws/install/isaac_ros_pointcloud_interfaces:/workspace/cartographer_ws/install/isaac_ros_nova_interfaces:/workspace/cartographer_ws/install/isaac_ros_nitros_bridge_interfaces:/workspace/cartographer_ws/install/isaac_ros_common:/workspace/cartographer_ws/install/isaac_ros_bi3d_interfaces:/workspace/cartographer_ws/install/isaac_ros_apriltag_interfaces:/workspace/cartographer_ws/install/control_msgs:/workspace/cartographer_ws/install/cartographer_ros_msgs:/workspace/cartographer_ws/install/cartographer:/workspace/cartographer_ws/install/absl:/workspaces/isaac_ros-dev/install/qcar2_autonomy:/workspace/cartographer_ws/install/isaac_ros_test:/opt/ros/humble LD_LIBRARY_PATH=/workspaces/isaac_ros-dev/install/isaac_ros_gxf/lib:/workspaces/isaac_ros-dev/install/gxf_isaac_sight/lib:/workspaces/isaac_ros-dev/install/gxf_isaac_optimizer/lib:/workspaces/isaac_ros-dev/install/gxf_isaac_message_compositor/lib:/workspaces/isaac_ros-dev/install/gxf_isaac_gxf_helpers/lib:/workspaces/isaac_ros-dev/install/gxf_isaac_atlas/lib:/workspaces/isaac_ros-dev/install/gxf_isaac_gems/lib:/workspaces/isaac_ros-dev/install/isaac_ros_visual_slam_interfaces/lib:/workspaces/isaac_ros-dev/install/isaac_ros_nitros_interfaces/lib:/workspaces/isaac_ros-dev/install/qcar2_interfaces/lib:/workspace/cartographer_ws/install/pcl_ros/lib:/workspace/cartographer_ws/install/cartographer_rviz/lib:/workspace/cartographer_ws/install/cartographer_ros/lib:/workspace/cartographer_ws/install/pcl_msgs/lib:/workspace/cartographer_ws/install/isaac_ros_tensor_list_interfaces/lib:/workspace/cartographer_ws/install/isaac_ros_pointcloud_interfaces/lib:/workspace/cartographer_ws/install/isaac_ros_nova_interfaces/lib:/workspace/cartographer_ws/install/isaac_ros_nitros_bridge_interfaces/lib:/workspace/cartographer_ws/install/isaac_ros_common/lib:/workspace/cartographer_ws/install/isaac_ros_bi3d_interfaces/lib:/workspace/cartographer_ws/install/isaac_ros_apriltag_interfaces/lib:/workspace/cartographer_ws/install/control_msgs/lib:/workspace/cartographer_ws/install/cartographer_ros_msgs/lib:/opt/ros/humble/opt/rviz_ogre_vendor/lib:/opt/ros/humble/lib/x86_64-linux-gnu:/opt/ros/humble/lib:/opt/tritonserver/backends/onnxruntime:/usr/local/cuda/compat/lib:/usr/local/nvidia/lib:/usr/local/nvidia/lib64:/opt/tritonserver/lib /usr/bin/cmake --build /workspaces/isaac_ros-dev/build/gxf_isaac_message_compositor -- -j20 -l20
[5.531s] DEBUG:colcon.colcon_core.event_handler.log_command:Invoked command in '/workspaces/isaac_ros-dev/build/gxf_isaac_sight' returned '0': CMAKE_PREFIX_PATH=/workspaces/isaac_ros-dev/install/isaac_ros_gxf:/workspaces/isaac_ros-dev/install/magic_enum:/workspaces/isaac_ros-dev/install/gxf_isaac_sight:/workspaces/isaac_ros-dev/install/gxf_isaac_optimizer:/workspaces/isaac_ros-dev/install/gxf_isaac_message_compositor:/workspaces/isaac_ros-dev/install/gxf_isaac_gxf_helpers:/workspaces/isaac_ros-dev/install/gxf_isaac_atlas:/workspaces/isaac_ros-dev/install/gxf_isaac_gems:/workspaces/isaac_ros-dev/install/isaac_ros_visual_slam_interfaces:/workspaces/isaac_ros-dev/install/isaac_ros_nitros_interfaces:/workspaces/isaac_ros-dev/install/qcar2_nodes:/workspaces/isaac_ros-dev/install/qcar2_interfaces:/workspace/cartographer_ws/install/perception_pcl:/workspace/cartographer_ws/install/pcl_ros:/workspace/cartographer_ws/install/cartographer_rviz:/workspace/cartographer_ws/install/cartographer_ros:/workspace/cartographer_ws/install/pcl_conversions:/workspace/cartographer_ws/install/pcl_msgs:/workspace/cartographer_ws/install/isaac_ros_tensor_list_interfaces:/workspace/cartographer_ws/install/isaac_ros_pointcloud_interfaces:/workspace/cartographer_ws/install/isaac_ros_nova_interfaces:/workspace/cartographer_ws/install/isaac_ros_nitros_bridge_interfaces:/workspace/cartographer_ws/install/isaac_ros_common:/workspace/cartographer_ws/install/isaac_ros_bi3d_interfaces:/workspace/cartographer_ws/install/isaac_ros_apriltag_interfaces:/workspace/cartographer_ws/install/control_msgs:/workspace/cartographer_ws/install/cartographer_ros_msgs:/workspace/cartographer_ws/install/cartographer:/workspace/cartographer_ws/install/absl:/workspaces/isaac_ros-dev/install/qcar2_autonomy:/workspace/cartographer_ws/install/isaac_ros_test:/opt/ros/humble LD_LIBRARY_PATH=/workspaces/isaac_ros-dev/install/isaac_ros_gxf/lib:/workspaces/isaac_ros-dev/install/gxf_isaac_sight/lib:/workspaces/isaac_ros-dev/install/gxf_isaac_optimizer/lib:/workspaces/isaac_ros-dev/install/gxf_isaac_message_compositor/lib:/workspaces/isaac_ros-dev/install/gxf_isaac_gxf_helpers/lib:/workspaces/isaac_ros-dev/install/gxf_isaac_atlas/lib:/workspaces/isaac_ros-dev/install/gxf_isaac_gems/lib:/workspaces/isaac_ros-dev/install/isaac_ros_visual_slam_interfaces/lib:/workspaces/isaac_ros-dev/install/isaac_ros_nitros_interfaces/lib:/workspaces/isaac_ros-dev/install/qcar2_interfaces/lib:/workspace/cartographer_ws/install/pcl_ros/lib:/workspace/cartographer_ws/install/cartographer_rviz/lib:/workspace/cartographer_ws/install/cartographer_ros/lib:/workspace/cartographer_ws/install/pcl_msgs/lib:/workspace/cartographer_ws/install/isaac_ros_tensor_list_interfaces/lib:/workspace/cartographer_ws/install/isaac_ros_pointcloud_interfaces/lib:/workspace/cartographer_ws/install/isaac_ros_nova_interfaces/lib:/workspace/cartographer_ws/install/isaac_ros_nitros_bridge_interfaces/lib:/workspace/cartographer_ws/install/isaac_ros_common/lib:/workspace/cartographer_ws/install/isaac_ros_bi3d_interfaces/lib:/workspace/cartographer_ws/install/isaac_ros_apriltag_interfaces/lib:/workspace/cartographer_ws/install/control_msgs/lib:/workspace/cartographer_ws/install/cartographer_ros_msgs/lib:/opt/ros/humble/opt/rviz_ogre_vendor/lib:/opt/ros/humble/lib/x86_64-linux-gnu:/opt/ros/humble/lib:/opt/tritonserver/backends/onnxruntime:/usr/local/cuda/compat/lib:/usr/local/nvidia/lib:/usr/local/nvidia/lib64:/opt/tritonserver/lib /usr/bin/cmake /workspaces/isaac_ros-dev/ros2/src/isaac_ros_nitros/isaac_ros_gxf_extensions/gxf_isaac_sight -DAMENT_CMAKE_SYMLINK_INSTALL=1 -DCMAKE_INSTALL_PREFIX=/workspaces/isaac_ros-dev/install/gxf_isaac_sight
[5.533s] DEBUG:colcon.colcon_core.event_handler.log_command:Invoking command in '/workspaces/isaac_ros-dev/build/gxf_isaac_sight': CMAKE_PREFIX_PATH=/workspaces/isaac_ros-dev/install/isaac_ros_gxf:/workspaces/isaac_ros-dev/install/magic_enum:/workspaces/isaac_ros-dev/install/gxf_isaac_sight:/workspaces/isaac_ros-dev/install/gxf_isaac_optimizer:/workspaces/isaac_ros-dev/install/gxf_isaac_message_compositor:/workspaces/isaac_ros-dev/install/gxf_isaac_gxf_helpers:/workspaces/isaac_ros-dev/install/gxf_isaac_atlas:/workspaces/isaac_ros-dev/install/gxf_isaac_gems:/workspaces/isaac_ros-dev/install/isaac_ros_visual_slam_interfaces:/workspaces/isaac_ros-dev/install/isaac_ros_nitros_interfaces:/workspaces/isaac_ros-dev/install/qcar2_nodes:/workspaces/isaac_ros-dev/install/qcar2_interfaces:/workspace/cartographer_ws/install/perception_pcl:/workspace/cartographer_ws/install/pcl_ros:/workspace/cartographer_ws/install/cartographer_rviz:/workspace/cartographer_ws/install/cartographer_ros:/workspace/cartographer_ws/install/pcl_conversions:/workspace/cartographer_ws/install/pcl_msgs:/workspace/cartographer_ws/install/isaac_ros_tensor_list_interfaces:/workspace/cartographer_ws/install/isaac_ros_pointcloud_interfaces:/workspace/cartographer_ws/install/isaac_ros_nova_interfaces:/workspace/cartographer_ws/install/isaac_ros_nitros_bridge_interfaces:/workspace/cartographer_ws/install/isaac_ros_common:/workspace/cartographer_ws/install/isaac_ros_bi3d_interfaces:/workspace/cartographer_ws/install/isaac_ros_apriltag_interfaces:/workspace/cartographer_ws/install/control_msgs:/workspace/cartographer_ws/install/cartographer_ros_msgs:/workspace/cartographer_ws/install/cartographer:/workspace/cartographer_ws/install/absl:/workspaces/isaac_ros-dev/install/qcar2_autonomy:/workspace/cartographer_ws/install/isaac_ros_test:/opt/ros/humble LD_LIBRARY_PATH=/workspaces/isaac_ros-dev/install/isaac_ros_gxf/lib:/workspaces/isaac_ros-dev/install/gxf_isaac_sight/lib:/workspaces/isaac_ros-dev/install/gxf_isaac_optimizer/lib:/workspaces/isaac_ros-dev/install/gxf_isaac_message_compositor/lib:/workspaces/isaac_ros-dev/install/gxf_isaac_gxf_helpers/lib:/workspaces/isaac_ros-dev/install/gxf_isaac_atlas/lib:/workspaces/isaac_ros-dev/install/gxf_isaac_gems/lib:/workspaces/isaac_ros-dev/install/isaac_ros_visual_slam_interfaces/lib:/workspaces/isaac_ros-dev/install/isaac_ros_nitros_interfaces/lib:/workspaces/isaac_ros-dev/install/qcar2_interfaces/lib:/workspace/cartographer_ws/install/pcl_ros/lib:/workspace/cartographer_ws/install/cartographer_rviz/lib:/workspace/cartographer_ws/install/cartographer_ros/lib:/workspace/cartographer_ws/install/pcl_msgs/lib:/workspace/cartographer_ws/install/isaac_ros_tensor_list_interfaces/lib:/workspace/cartographer_ws/install/isaac_ros_pointcloud_interfaces/lib:/workspace/cartographer_ws/install/isaac_ros_nova_interfaces/lib:/workspace/cartographer_ws/install/isaac_ros_nitros_bridge_interfaces/lib:/workspace/cartographer_ws/install/isaac_ros_common/lib:/workspace/cartographer_ws/install/isaac_ros_bi3d_interfaces/lib:/workspace/cartographer_ws/install/isaac_ros_apriltag_interfaces/lib:/workspace/cartographer_ws/install/control_msgs/lib:/workspace/cartographer_ws/install/cartographer_ros_msgs/lib:/opt/ros/humble/opt/rviz_ogre_vendor/lib:/opt/ros/humble/lib/x86_64-linux-gnu:/opt/ros/humble/lib:/opt/tritonserver/backends/onnxruntime:/usr/local/cuda/compat/lib:/usr/local/nvidia/lib:/usr/local/nvidia/lib64:/opt/tritonserver/lib /usr/bin/cmake --build /workspaces/isaac_ros-dev/build/gxf_isaac_sight -- -j20 -l20
[5.535s] DEBUG:colcon.colcon_core.event_handler.log_command:Invoked command in '/workspaces/isaac_ros-dev/build/gxf_isaac_optimizer' returned '0': CMAKE_PREFIX_PATH=/workspaces/isaac_ros-dev/install/isaac_ros_gxf:/workspaces/isaac_ros-dev/install/magic_enum:/workspaces/isaac_ros-dev/install/gxf_isaac_sight:/workspaces/isaac_ros-dev/install/gxf_isaac_optimizer:/workspaces/isaac_ros-dev/install/gxf_isaac_message_compositor:/workspaces/isaac_ros-dev/install/gxf_isaac_gxf_helpers:/workspaces/isaac_ros-dev/install/gxf_isaac_atlas:/workspaces/isaac_ros-dev/install/gxf_isaac_gems:/workspaces/isaac_ros-dev/install/isaac_ros_visual_slam_interfaces:/workspaces/isaac_ros-dev/install/isaac_ros_nitros_interfaces:/workspaces/isaac_ros-dev/install/qcar2_nodes:/workspaces/isaac_ros-dev/install/qcar2_interfaces:/workspace/cartographer_ws/install/perception_pcl:/workspace/cartographer_ws/install/pcl_ros:/workspace/cartographer_ws/install/cartographer_rviz:/workspace/cartographer_ws/install/cartographer_ros:/workspace/cartographer_ws/install/pcl_conversions:/workspace/cartographer_ws/install/pcl_msgs:/workspace/cartographer_ws/install/isaac_ros_tensor_list_interfaces:/workspace/cartographer_ws/install/isaac_ros_pointcloud_interfaces:/workspace/cartographer_ws/install/isaac_ros_nova_interfaces:/workspace/cartographer_ws/install/isaac_ros_nitros_bridge_interfaces:/workspace/cartographer_ws/install/isaac_ros_common:/workspace/cartographer_ws/install/isaac_ros_bi3d_interfaces:/workspace/cartographer_ws/install/isaac_ros_apriltag_interfaces:/workspace/cartographer_ws/install/control_msgs:/workspace/cartographer_ws/install/cartographer_ros_msgs:/workspace/cartographer_ws/install/cartographer:/workspace/cartographer_ws/install/absl:/workspaces/isaac_ros-dev/install/qcar2_autonomy:/workspace/cartographer_ws/install/isaac_ros_test:/opt/ros/humble LD_LIBRARY_PATH=/workspaces/isaac_ros-dev/install/isaac_ros_gxf/lib:/workspaces/isaac_ros-dev/install/gxf_isaac_sight/lib:/workspaces/isaac_ros-dev/install/gxf_isaac_optimizer/lib:/workspaces/isaac_ros-dev/install/gxf_isaac_message_compositor/lib:/workspaces/isaac_ros-dev/install/gxf_isaac_gxf_helpers/lib:/workspaces/isaac_ros-dev/install/gxf_isaac_atlas/lib:/workspaces/isaac_ros-dev/install/gxf_isaac_gems/lib:/workspaces/isaac_ros-dev/install/isaac_ros_visual_slam_interfaces/lib:/workspaces/isaac_ros-dev/install/isaac_ros_nitros_interfaces/lib:/workspaces/isaac_ros-dev/install/qcar2_interfaces/lib:/workspace/cartographer_ws/install/pcl_ros/lib:/workspace/cartographer_ws/install/cartographer_rviz/lib:/workspace/cartographer_ws/install/cartographer_ros/lib:/workspace/cartographer_ws/install/pcl_msgs/lib:/workspace/cartographer_ws/install/isaac_ros_tensor_list_interfaces/lib:/workspace/cartographer_ws/install/isaac_ros_pointcloud_interfaces/lib:/workspace/cartographer_ws/install/isaac_ros_nova_interfaces/lib:/workspace/cartographer_ws/install/isaac_ros_nitros_bridge_interfaces/lib:/workspace/cartographer_ws/install/isaac_ros_common/lib:/workspace/cartographer_ws/install/isaac_ros_bi3d_interfaces/lib:/workspace/cartographer_ws/install/isaac_ros_apriltag_interfaces/lib:/workspace/cartographer_ws/install/control_msgs/lib:/workspace/cartographer_ws/install/cartographer_ros_msgs/lib:/opt/ros/humble/opt/rviz_ogre_vendor/lib:/opt/ros/humble/lib/x86_64-linux-gnu:/opt/ros/humble/lib:/opt/tritonserver/backends/onnxruntime:/usr/local/cuda/compat/lib:/usr/local/nvidia/lib:/usr/local/nvidia/lib64:/opt/tritonserver/lib /usr/bin/cmake --build /workspaces/isaac_ros-dev/build/gxf_isaac_optimizer -- -j20 -l20
[5.539s] DEBUG:colcon.colcon_core.event_handler.log_command:Invoked command in '/workspaces/isaac_ros-dev/build/gxf_isaac_gems' returned '0': CMAKE_PREFIX_PATH=/workspaces/isaac_ros-dev/install/isaac_ros_gxf:/workspaces/isaac_ros-dev/install/magic_enum:/workspaces/isaac_ros-dev/install/gxf_isaac_sight:/workspaces/isaac_ros-dev/install/gxf_isaac_optimizer:/workspaces/isaac_ros-dev/install/gxf_isaac_message_compositor:/workspaces/isaac_ros-dev/install/gxf_isaac_gxf_helpers:/workspaces/isaac_ros-dev/install/gxf_isaac_atlas:/workspaces/isaac_ros-dev/install/gxf_isaac_gems:/workspaces/isaac_ros-dev/install/isaac_ros_visual_slam_interfaces:/workspaces/isaac_ros-dev/install/isaac_ros_nitros_interfaces:/workspaces/isaac_ros-dev/install/qcar2_nodes:/workspaces/isaac_ros-dev/install/qcar2_interfaces:/workspace/cartographer_ws/install/perception_pcl:/workspace/cartographer_ws/install/pcl_ros:/workspace/cartographer_ws/install/cartographer_rviz:/workspace/cartographer_ws/install/cartographer_ros:/workspace/cartographer_ws/install/pcl_conversions:/workspace/cartographer_ws/install/pcl_msgs:/workspace/cartographer_ws/install/isaac_ros_tensor_list_interfaces:/workspace/cartographer_ws/install/isaac_ros_pointcloud_interfaces:/workspace/cartographer_ws/install/isaac_ros_nova_interfaces:/workspace/cartographer_ws/install/isaac_ros_nitros_bridge_interfaces:/workspace/cartographer_ws/install/isaac_ros_common:/workspace/cartographer_ws/install/isaac_ros_bi3d_interfaces:/workspace/cartographer_ws/install/isaac_ros_apriltag_interfaces:/workspace/cartographer_ws/install/control_msgs:/workspace/cartographer_ws/install/cartographer_ros_msgs:/workspace/cartographer_ws/install/cartographer:/workspace/cartographer_ws/install/absl:/workspaces/isaac_ros-dev/install/qcar2_autonomy:/workspace/cartographer_ws/install/isaac_ros_test:/opt/ros/humble LD_LIBRARY_PATH=/workspaces/isaac_ros-dev/install/isaac_ros_gxf/lib:/workspaces/isaac_ros-dev/install/gxf_isaac_sight/lib:/workspaces/isaac_ros-dev/install/gxf_isaac_optimizer/lib:/workspaces/isaac_ros-dev/install/gxf_isaac_message_compositor/lib:/workspaces/isaac_ros-dev/install/gxf_isaac_gxf_helpers/lib:/workspaces/isaac_ros-dev/install/gxf_isaac_atlas/lib:/workspaces/isaac_ros-dev/install/gxf_isaac_gems/lib:/workspaces/isaac_ros-dev/install/isaac_ros_visual_slam_interfaces/lib:/workspaces/isaac_ros-dev/install/isaac_ros_nitros_interfaces/lib:/workspaces/isaac_ros-dev/install/qcar2_interfaces/lib:/workspace/cartographer_ws/install/pcl_ros/lib:/workspace/cartographer_ws/install/cartographer_rviz/lib:/workspace/cartographer_ws/install/cartographer_ros/lib:/workspace/cartographer_ws/install/pcl_msgs/lib:/workspace/cartographer_ws/install/isaac_ros_tensor_list_interfaces/lib:/workspace/cartographer_ws/install/isaac_ros_pointcloud_interfaces/lib:/workspace/cartographer_ws/install/isaac_ros_nova_interfaces/lib:/workspace/cartographer_ws/install/isaac_ros_nitros_bridge_interfaces/lib:/workspace/cartographer_ws/install/isaac_ros_common/lib:/workspace/cartographer_ws/install/isaac_ros_bi3d_interfaces/lib:/workspace/cartographer_ws/install/isaac_ros_apriltag_interfaces/lib:/workspace/cartographer_ws/install/control_msgs/lib:/workspace/cartographer_ws/install/cartographer_ros_msgs/lib:/opt/ros/humble/opt/rviz_ogre_vendor/lib:/opt/ros/humble/lib/x86_64-linux-gnu:/opt/ros/humble/lib:/opt/tritonserver/backends/onnxruntime:/usr/local/cuda/compat/lib:/usr/local/nvidia/lib:/usr/local/nvidia/lib64:/opt/tritonserver/lib /usr/bin/cmake --build /workspaces/isaac_ros-dev/build/gxf_isaac_gems -- -j20 -l20
[5.543s] DEBUG:colcon.colcon_core.event_handler.log_command:Invoked command in '/workspaces/isaac_ros-dev/build/gxf_isaac_message_compositor' returned '0': CMAKE_PREFIX_PATH=/workspaces/isaac_ros-dev/install/isaac_ros_gxf:/workspaces/isaac_ros-dev/install/magic_enum:/workspaces/isaac_ros-dev/install/gxf_isaac_sight:/workspaces/isaac_ros-dev/install/gxf_isaac_optimizer:/workspaces/isaac_ros-dev/install/gxf_isaac_message_compositor:/workspaces/isaac_ros-dev/install/gxf_isaac_gxf_helpers:/workspaces/isaac_ros-dev/install/gxf_isaac_atlas:/workspaces/isaac_ros-dev/install/gxf_isaac_gems:/workspaces/isaac_ros-dev/install/isaac_ros_visual_slam_interfaces:/workspaces/isaac_ros-dev/install/isaac_ros_nitros_interfaces:/workspaces/isaac_ros-dev/install/qcar2_nodes:/workspaces/isaac_ros-dev/install/qcar2_interfaces:/workspace/cartographer_ws/install/perception_pcl:/workspace/cartographer_ws/install/pcl_ros:/workspace/cartographer_ws/install/cartographer_rviz:/workspace/cartographer_ws/install/cartographer_ros:/workspace/cartographer_ws/install/pcl_conversions:/workspace/cartographer_ws/install/pcl_msgs:/workspace/cartographer_ws/install/isaac_ros_tensor_list_interfaces:/workspace/cartographer_ws/install/isaac_ros_pointcloud_interfaces:/workspace/cartographer_ws/install/isaac_ros_nova_interfaces:/workspace/cartographer_ws/install/isaac_ros_nitros_bridge_interfaces:/workspace/cartographer_ws/install/isaac_ros_common:/workspace/cartographer_ws/install/isaac_ros_bi3d_interfaces:/workspace/cartographer_ws/install/isaac_ros_apriltag_interfaces:/workspace/cartographer_ws/install/control_msgs:/workspace/cartographer_ws/install/cartographer_ros_msgs:/workspace/cartographer_ws/install/cartographer:/workspace/cartographer_ws/install/absl:/workspaces/isaac_ros-dev/install/qcar2_autonomy:/workspace/cartographer_ws/install/isaac_ros_test:/opt/ros/humble LD_LIBRARY_PATH=/workspaces/isaac_ros-dev/install/isaac_ros_gxf/lib:/workspaces/isaac_ros-dev/install/gxf_isaac_sight/lib:/workspaces/isaac_ros-dev/install/gxf_isaac_optimizer/lib:/workspaces/isaac_ros-dev/install/gxf_isaac_message_compositor/lib:/workspaces/isaac_ros-dev/install/gxf_isaac_gxf_helpers/lib:/workspaces/isaac_ros-dev/install/gxf_isaac_atlas/lib:/workspaces/isaac_ros-dev/install/gxf_isaac_gems/lib:/workspaces/isaac_ros-dev/install/isaac_ros_visual_slam_interfaces/lib:/workspaces/isaac_ros-dev/install/isaac_ros_nitros_interfaces/lib:/workspaces/isaac_ros-dev/install/qcar2_interfaces/lib:/workspace/cartographer_ws/install/pcl_ros/lib:/workspace/cartographer_ws/install/cartographer_rviz/lib:/workspace/cartographer_ws/install/cartographer_ros/lib:/workspace/cartographer_ws/install/pcl_msgs/lib:/workspace/cartographer_ws/install/isaac_ros_tensor_list_interfaces/lib:/workspace/cartographer_ws/install/isaac_ros_pointcloud_interfaces/lib:/workspace/cartographer_ws/install/isaac_ros_nova_interfaces/lib:/workspace/cartographer_ws/install/isaac_ros_nitros_bridge_interfaces/lib:/workspace/cartographer_ws/install/isaac_ros_common/lib:/workspace/cartographer_ws/install/isaac_ros_bi3d_interfaces/lib:/workspace/cartographer_ws/install/isaac_ros_apriltag_interfaces/lib:/workspace/cartographer_ws/install/control_msgs/lib:/workspace/cartographer_ws/install/cartographer_ros_msgs/lib:/opt/ros/humble/opt/rviz_ogre_vendor/lib:/opt/ros/humble/lib/x86_64-linux-gnu:/opt/ros/humble/lib:/opt/tritonserver/backends/onnxruntime:/usr/local/cuda/compat/lib:/usr/local/nvidia/lib:/usr/local/nvidia/lib64:/opt/tritonserver/lib /usr/bin/cmake --build /workspaces/isaac_ros-dev/build/gxf_isaac_message_compositor -- -j20 -l20
[5.549s] DEBUG:colcon.colcon_core.event_handler.log_command:Invoked command in '/workspaces/isaac_ros-dev/build/gxf_isaac_sight' returned '0': CMAKE_PREFIX_PATH=/workspaces/isaac_ros-dev/install/isaac_ros_gxf:/workspaces/isaac_ros-dev/install/magic_enum:/workspaces/isaac_ros-dev/install/gxf_isaac_sight:/workspaces/isaac_ros-dev/install/gxf_isaac_optimizer:/workspaces/isaac_ros-dev/install/gxf_isaac_message_compositor:/workspaces/isaac_ros-dev/install/gxf_isaac_gxf_helpers:/workspaces/isaac_ros-dev/install/gxf_isaac_atlas:/workspaces/isaac_ros-dev/install/gxf_isaac_gems:/workspaces/isaac_ros-dev/install/isaac_ros_visual_slam_interfaces:/workspaces/isaac_ros-dev/install/isaac_ros_nitros_interfaces:/workspaces/isaac_ros-dev/install/qcar2_nodes:/workspaces/isaac_ros-dev/install/qcar2_interfaces:/workspace/cartographer_ws/install/perception_pcl:/workspace/cartographer_ws/install/pcl_ros:/workspace/cartographer_ws/install/cartographer_rviz:/workspace/cartographer_ws/install/cartographer_ros:/workspace/cartographer_ws/install/pcl_conversions:/workspace/cartographer_ws/install/pcl_msgs:/workspace/cartographer_ws/install/isaac_ros_tensor_list_interfaces:/workspace/cartographer_ws/install/isaac_ros_pointcloud_interfaces:/workspace/cartographer_ws/install/isaac_ros_nova_interfaces:/workspace/cartographer_ws/install/isaac_ros_nitros_bridge_interfaces:/workspace/cartographer_ws/install/isaac_ros_common:/workspace/cartographer_ws/install/isaac_ros_bi3d_interfaces:/workspace/cartographer_ws/install/isaac_ros_apriltag_interfaces:/workspace/cartographer_ws/install/control_msgs:/workspace/cartographer_ws/install/cartographer_ros_msgs:/workspace/cartographer_ws/install/cartographer:/workspace/cartographer_ws/install/absl:/workspaces/isaac_ros-dev/install/qcar2_autonomy:/workspace/cartographer_ws/install/isaac_ros_test:/opt/ros/humble LD_LIBRARY_PATH=/workspaces/isaac_ros-dev/install/isaac_ros_gxf/lib:/workspaces/isaac_ros-dev/install/gxf_isaac_sight/lib:/workspaces/isaac_ros-dev/install/gxf_isaac_optimizer/lib:/workspaces/isaac_ros-dev/install/gxf_isaac_message_compositor/lib:/workspaces/isaac_ros-dev/install/gxf_isaac_gxf_helpers/lib:/workspaces/isaac_ros-dev/install/gxf_isaac_atlas/lib:/workspaces/isaac_ros-dev/install/gxf_isaac_gems/lib:/workspaces/isaac_ros-dev/install/isaac_ros_visual_slam_interfaces/lib:/workspaces/isaac_ros-dev/install/isaac_ros_nitros_interfaces/lib:/workspaces/isaac_ros-dev/install/qcar2_interfaces/lib:/workspace/cartographer_ws/install/pcl_ros/lib:/workspace/cartographer_ws/install/cartographer_rviz/lib:/workspace/cartographer_ws/install/cartographer_ros/lib:/workspace/cartographer_ws/install/pcl_msgs/lib:/workspace/cartographer_ws/install/isaac_ros_tensor_list_interfaces/lib:/workspace/cartographer_ws/install/isaac_ros_pointcloud_interfaces/lib:/workspace/cartographer_ws/install/isaac_ros_nova_interfaces/lib:/workspace/cartographer_ws/install/isaac_ros_nitros_bridge_interfaces/lib:/workspace/cartographer_ws/install/isaac_ros_common/lib:/workspace/cartographer_ws/install/isaac_ros_bi3d_interfaces/lib:/workspace/cartographer_ws/install/isaac_ros_apriltag_interfaces/lib:/workspace/cartographer_ws/install/control_msgs/lib:/workspace/cartographer_ws/install/cartographer_ros_msgs/lib:/opt/ros/humble/opt/rviz_ogre_vendor/lib:/opt/ros/humble/lib/x86_64-linux-gnu:/opt/ros/humble/lib:/opt/tritonserver/backends/onnxruntime:/usr/local/cuda/compat/lib:/usr/local/nvidia/lib:/usr/local/nvidia/lib64:/opt/tritonserver/lib /usr/bin/cmake --build /workspaces/isaac_ros-dev/build/gxf_isaac_sight -- -j20 -l20
[5.563s] DEBUG:colcon.colcon_core.event_handler.log_command:Invoking command in '/workspaces/isaac_ros-dev/build/gxf_isaac_optimizer': CMAKE_PREFIX_PATH=/workspaces/isaac_ros-dev/install/isaac_ros_gxf:/workspaces/isaac_ros-dev/install/magic_enum:/workspaces/isaac_ros-dev/install/gxf_isaac_sight:/workspaces/isaac_ros-dev/install/gxf_isaac_optimizer:/workspaces/isaac_ros-dev/install/gxf_isaac_message_compositor:/workspaces/isaac_ros-dev/install/gxf_isaac_gxf_helpers:/workspaces/isaac_ros-dev/install/gxf_isaac_atlas:/workspaces/isaac_ros-dev/install/gxf_isaac_gems:/workspaces/isaac_ros-dev/install/isaac_ros_visual_slam_interfaces:/workspaces/isaac_ros-dev/install/isaac_ros_nitros_interfaces:/workspaces/isaac_ros-dev/install/qcar2_nodes:/workspaces/isaac_ros-dev/install/qcar2_interfaces:/workspace/cartographer_ws/install/perception_pcl:/workspace/cartographer_ws/install/pcl_ros:/workspace/cartographer_ws/install/cartographer_rviz:/workspace/cartographer_ws/install/cartographer_ros:/workspace/cartographer_ws/install/pcl_conversions:/workspace/cartographer_ws/install/pcl_msgs:/workspace/cartographer_ws/install/isaac_ros_tensor_list_interfaces:/workspace/cartographer_ws/install/isaac_ros_pointcloud_interfaces:/workspace/cartographer_ws/install/isaac_ros_nova_interfaces:/workspace/cartographer_ws/install/isaac_ros_nitros_bridge_interfaces:/workspace/cartographer_ws/install/isaac_ros_common:/workspace/cartographer_ws/install/isaac_ros_bi3d_interfaces:/workspace/cartographer_ws/install/isaac_ros_apriltag_interfaces:/workspace/cartographer_ws/install/control_msgs:/workspace/cartographer_ws/install/cartographer_ros_msgs:/workspace/cartographer_ws/install/cartographer:/workspace/cartographer_ws/install/absl:/workspaces/isaac_ros-dev/install/qcar2_autonomy:/workspace/cartographer_ws/install/isaac_ros_test:/opt/ros/humble LD_LIBRARY_PATH=/workspaces/isaac_ros-dev/install/isaac_ros_gxf/lib:/workspaces/isaac_ros-dev/install/gxf_isaac_sight/lib:/workspaces/isaac_ros-dev/install/gxf_isaac_optimizer/lib:/workspaces/isaac_ros-dev/install/gxf_isaac_message_compositor/lib:/workspaces/isaac_ros-dev/install/gxf_isaac_gxf_helpers/lib:/workspaces/isaac_ros-dev/install/gxf_isaac_atlas/lib:/workspaces/isaac_ros-dev/install/gxf_isaac_gems/lib:/workspaces/isaac_ros-dev/install/isaac_ros_visual_slam_interfaces/lib:/workspaces/isaac_ros-dev/install/isaac_ros_nitros_interfaces/lib:/workspaces/isaac_ros-dev/install/qcar2_interfaces/lib:/workspace/cartographer_ws/install/pcl_ros/lib:/workspace/cartographer_ws/install/cartographer_rviz/lib:/workspace/cartographer_ws/install/cartographer_ros/lib:/workspace/cartographer_ws/install/pcl_msgs/lib:/workspace/cartographer_ws/install/isaac_ros_tensor_list_interfaces/lib:/workspace/cartographer_ws/install/isaac_ros_pointcloud_interfaces/lib:/workspace/cartographer_ws/install/isaac_ros_nova_interfaces/lib:/workspace/cartographer_ws/install/isaac_ros_nitros_bridge_interfaces/lib:/workspace/cartographer_ws/install/isaac_ros_common/lib:/workspace/cartographer_ws/install/isaac_ros_bi3d_interfaces/lib:/workspace/cartographer_ws/install/isaac_ros_apriltag_interfaces/lib:/workspace/cartographer_ws/install/control_msgs/lib:/workspace/cartographer_ws/install/cartographer_ros_msgs/lib:/opt/ros/humble/opt/rviz_ogre_vendor/lib:/opt/ros/humble/lib/x86_64-linux-gnu:/opt/ros/humble/lib:/opt/tritonserver/backends/onnxruntime:/usr/local/cuda/compat/lib:/usr/local/nvidia/lib:/usr/local/nvidia/lib64:/opt/tritonserver/lib /usr/bin/cmake --install /workspaces/isaac_ros-dev/build/gxf_isaac_optimizer
[5.566s] DEBUG:colcon.colcon_core.event_handler.log_command:Invoking command in '/workspaces/isaac_ros-dev/build/gxf_isaac_gems': CMAKE_PREFIX_PATH=/workspaces/isaac_ros-dev/install/isaac_ros_gxf:/workspaces/isaac_ros-dev/install/magic_enum:/workspaces/isaac_ros-dev/install/gxf_isaac_sight:/workspaces/isaac_ros-dev/install/gxf_isaac_optimizer:/workspaces/isaac_ros-dev/install/gxf_isaac_message_compositor:/workspaces/isaac_ros-dev/install/gxf_isaac_gxf_helpers:/workspaces/isaac_ros-dev/install/gxf_isaac_atlas:/workspaces/isaac_ros-dev/install/gxf_isaac_gems:/workspaces/isaac_ros-dev/install/isaac_ros_visual_slam_interfaces:/workspaces/isaac_ros-dev/install/isaac_ros_nitros_interfaces:/workspaces/isaac_ros-dev/install/qcar2_nodes:/workspaces/isaac_ros-dev/install/qcar2_interfaces:/workspace/cartographer_ws/install/perception_pcl:/workspace/cartographer_ws/install/pcl_ros:/workspace/cartographer_ws/install/cartographer_rviz:/workspace/cartographer_ws/install/cartographer_ros:/workspace/cartographer_ws/install/pcl_conversions:/workspace/cartographer_ws/install/pcl_msgs:/workspace/cartographer_ws/install/isaac_ros_tensor_list_interfaces:/workspace/cartographer_ws/install/isaac_ros_pointcloud_interfaces:/workspace/cartographer_ws/install/isaac_ros_nova_interfaces:/workspace/cartographer_ws/install/isaac_ros_nitros_bridge_interfaces:/workspace/cartographer_ws/install/isaac_ros_common:/workspace/cartographer_ws/install/isaac_ros_bi3d_interfaces:/workspace/cartographer_ws/install/isaac_ros_apriltag_interfaces:/workspace/cartographer_ws/install/control_msgs:/workspace/cartographer_ws/install/cartographer_ros_msgs:/workspace/cartographer_ws/install/cartographer:/workspace/cartographer_ws/install/absl:/workspaces/isaac_ros-dev/install/qcar2_autonomy:/workspace/cartographer_ws/install/isaac_ros_test:/opt/ros/humble LD_LIBRARY_PATH=/workspaces/isaac_ros-dev/install/isaac_ros_gxf/lib:/workspaces/isaac_ros-dev/install/gxf_isaac_sight/lib:/workspaces/isaac_ros-dev/install/gxf_isaac_optimizer/lib:/workspaces/isaac_ros-dev/install/gxf_isaac_message_compositor/lib:/workspaces/isaac_ros-dev/install/gxf_isaac_gxf_helpers/lib:/workspaces/isaac_ros-dev/install/gxf_isaac_atlas/lib:/workspaces/isaac_ros-dev/install/gxf_isaac_gems/lib:/workspaces/isaac_ros-dev/install/isaac_ros_visual_slam_interfaces/lib:/workspaces/isaac_ros-dev/install/isaac_ros_nitros_interfaces/lib:/workspaces/isaac_ros-dev/install/qcar2_interfaces/lib:/workspace/cartographer_ws/install/pcl_ros/lib:/workspace/cartographer_ws/install/cartographer_rviz/lib:/workspace/cartographer_ws/install/cartographer_ros/lib:/workspace/cartographer_ws/install/pcl_msgs/lib:/workspace/cartographer_ws/install/isaac_ros_tensor_list_interfaces/lib:/workspace/cartographer_ws/install/isaac_ros_pointcloud_interfaces/lib:/workspace/cartographer_ws/install/isaac_ros_nova_interfaces/lib:/workspace/cartographer_ws/install/isaac_ros_nitros_bridge_interfaces/lib:/workspace/cartographer_ws/install/isaac_ros_common/lib:/workspace/cartographer_ws/install/isaac_ros_bi3d_interfaces/lib:/workspace/cartographer_ws/install/isaac_ros_apriltag_interfaces/lib:/workspace/cartographer_ws/install/control_msgs/lib:/workspace/cartographer_ws/install/cartographer_ros_msgs/lib:/opt/ros/humble/opt/rviz_ogre_vendor/lib:/opt/ros/humble/lib/x86_64-linux-gnu:/opt/ros/humble/lib:/opt/tritonserver/backends/onnxruntime:/usr/local/cuda/compat/lib:/usr/local/nvidia/lib:/usr/local/nvidia/lib64:/opt/tritonserver/lib /usr/bin/cmake --install /workspaces/isaac_ros-dev/build/gxf_isaac_gems
[5.571s] DEBUG:colcon.colcon_core.event_handler.log_command:Invoking command in '/workspaces/isaac_ros-dev/build/gxf_isaac_message_compositor': CMAKE_PREFIX_PATH=/workspaces/isaac_ros-dev/install/isaac_ros_gxf:/workspaces/isaac_ros-dev/install/magic_enum:/workspaces/isaac_ros-dev/install/gxf_isaac_sight:/workspaces/isaac_ros-dev/install/gxf_isaac_optimizer:/workspaces/isaac_ros-dev/install/gxf_isaac_message_compositor:/workspaces/isaac_ros-dev/install/gxf_isaac_gxf_helpers:/workspaces/isaac_ros-dev/install/gxf_isaac_atlas:/workspaces/isaac_ros-dev/install/gxf_isaac_gems:/workspaces/isaac_ros-dev/install/isaac_ros_visual_slam_interfaces:/workspaces/isaac_ros-dev/install/isaac_ros_nitros_interfaces:/workspaces/isaac_ros-dev/install/qcar2_nodes:/workspaces/isaac_ros-dev/install/qcar2_interfaces:/workspace/cartographer_ws/install/perception_pcl:/workspace/cartographer_ws/install/pcl_ros:/workspace/cartographer_ws/install/cartographer_rviz:/workspace/cartographer_ws/install/cartographer_ros:/workspace/cartographer_ws/install/pcl_conversions:/workspace/cartographer_ws/install/pcl_msgs:/workspace/cartographer_ws/install/isaac_ros_tensor_list_interfaces:/workspace/cartographer_ws/install/isaac_ros_pointcloud_interfaces:/workspace/cartographer_ws/install/isaac_ros_nova_interfaces:/workspace/cartographer_ws/install/isaac_ros_nitros_bridge_interfaces:/workspace/cartographer_ws/install/isaac_ros_common:/workspace/cartographer_ws/install/isaac_ros_bi3d_interfaces:/workspace/cartographer_ws/install/isaac_ros_apriltag_interfaces:/workspace/cartographer_ws/install/control_msgs:/workspace/cartographer_ws/install/cartographer_ros_msgs:/workspace/cartographer_ws/install/cartographer:/workspace/cartographer_ws/install/absl:/workspaces/isaac_ros-dev/install/qcar2_autonomy:/workspace/cartographer_ws/install/isaac_ros_test:/opt/ros/humble LD_LIBRARY_PATH=/workspaces/isaac_ros-dev/install/isaac_ros_gxf/lib:/workspaces/isaac_ros-dev/install/gxf_isaac_sight/lib:/workspaces/isaac_ros-dev/install/gxf_isaac_optimizer/lib:/workspaces/isaac_ros-dev/install/gxf_isaac_message_compositor/lib:/workspaces/isaac_ros-dev/install/gxf_isaac_gxf_helpers/lib:/workspaces/isaac_ros-dev/install/gxf_isaac_atlas/lib:/workspaces/isaac_ros-dev/install/gxf_isaac_gems/lib:/workspaces/isaac_ros-dev/install/isaac_ros_visual_slam_interfaces/lib:/workspaces/isaac_ros-dev/install/isaac_ros_nitros_interfaces/lib:/workspaces/isaac_ros-dev/install/qcar2_interfaces/lib:/workspace/cartographer_ws/install/pcl_ros/lib:/workspace/cartographer_ws/install/cartographer_rviz/lib:/workspace/cartographer_ws/install/cartographer_ros/lib:/workspace/cartographer_ws/install/pcl_msgs/lib:/workspace/cartographer_ws/install/isaac_ros_tensor_list_interfaces/lib:/workspace/cartographer_ws/install/isaac_ros_pointcloud_interfaces/lib:/workspace/cartographer_ws/install/isaac_ros_nova_interfaces/lib:/workspace/cartographer_ws/install/isaac_ros_nitros_bridge_interfaces/lib:/workspace/cartographer_ws/install/isaac_ros_common/lib:/workspace/cartographer_ws/install/isaac_ros_bi3d_interfaces/lib:/workspace/cartographer_ws/install/isaac_ros_apriltag_interfaces/lib:/workspace/cartographer_ws/install/control_msgs/lib:/workspace/cartographer_ws/install/cartographer_ros_msgs/lib:/opt/ros/humble/opt/rviz_ogre_vendor/lib:/opt/ros/humble/lib/x86_64-linux-gnu:/opt/ros/humble/lib:/opt/tritonserver/backends/onnxruntime:/usr/local/cuda/compat/lib:/usr/local/nvidia/lib:/usr/local/nvidia/lib64:/opt/tritonserver/lib /usr/bin/cmake --install /workspaces/isaac_ros-dev/build/gxf_isaac_message_compositor
[5.574s] Level 1:colcon.colcon_core.environment:create_environment_scripts_only(gxf_isaac_optimizer)
[5.577s] DEBUG:colcon.colcon_core.event_handler.log_command:Invoked command in '/workspaces/isaac_ros-dev/build/gxf_isaac_optimizer' returned '0': CMAKE_PREFIX_PATH=/workspaces/isaac_ros-dev/install/isaac_ros_gxf:/workspaces/isaac_ros-dev/install/magic_enum:/workspaces/isaac_ros-dev/install/gxf_isaac_sight:/workspaces/isaac_ros-dev/install/gxf_isaac_optimizer:/workspaces/isaac_ros-dev/install/gxf_isaac_message_compositor:/workspaces/isaac_ros-dev/install/gxf_isaac_gxf_helpers:/workspaces/isaac_ros-dev/install/gxf_isaac_atlas:/workspaces/isaac_ros-dev/install/gxf_isaac_gems:/workspaces/isaac_ros-dev/install/isaac_ros_visual_slam_interfaces:/workspaces/isaac_ros-dev/install/isaac_ros_nitros_interfaces:/workspaces/isaac_ros-dev/install/qcar2_nodes:/workspaces/isaac_ros-dev/install/qcar2_interfaces:/workspace/cartographer_ws/install/perception_pcl:/workspace/cartographer_ws/install/pcl_ros:/workspace/cartographer_ws/install/cartographer_rviz:/workspace/cartographer_ws/install/cartographer_ros:/workspace/cartographer_ws/install/pcl_conversions:/workspace/cartographer_ws/install/pcl_msgs:/workspace/cartographer_ws/install/isaac_ros_tensor_list_interfaces:/workspace/cartographer_ws/install/isaac_ros_pointcloud_interfaces:/workspace/cartographer_ws/install/isaac_ros_nova_interfaces:/workspace/cartographer_ws/install/isaac_ros_nitros_bridge_interfaces:/workspace/cartographer_ws/install/isaac_ros_common:/workspace/cartographer_ws/install/isaac_ros_bi3d_interfaces:/workspace/cartographer_ws/install/isaac_ros_apriltag_interfaces:/workspace/cartographer_ws/install/control_msgs:/workspace/cartographer_ws/install/cartographer_ros_msgs:/workspace/cartographer_ws/install/cartographer:/workspace/cartographer_ws/install/absl:/workspaces/isaac_ros-dev/install/qcar2_autonomy:/workspace/cartographer_ws/install/isaac_ros_test:/opt/ros/humble LD_LIBRARY_PATH=/workspaces/isaac_ros-dev/install/isaac_ros_gxf/lib:/workspaces/isaac_ros-dev/install/gxf_isaac_sight/lib:/workspaces/isaac_ros-dev/install/gxf_isaac_optimizer/lib:/workspaces/isaac_ros-dev/install/gxf_isaac_message_compositor/lib:/workspaces/isaac_ros-dev/install/gxf_isaac_gxf_helpers/lib:/workspaces/isaac_ros-dev/install/gxf_isaac_atlas/lib:/workspaces/isaac_ros-dev/install/gxf_isaac_gems/lib:/workspaces/isaac_ros-dev/install/isaac_ros_visual_slam_interfaces/lib:/workspaces/isaac_ros-dev/install/isaac_ros_nitros_interfaces/lib:/workspaces/isaac_ros-dev/install/qcar2_interfaces/lib:/workspace/cartographer_ws/install/pcl_ros/lib:/workspace/cartographer_ws/install/cartographer_rviz/lib:/workspace/cartographer_ws/install/cartographer_ros/lib:/workspace/cartographer_ws/install/pcl_msgs/lib:/workspace/cartographer_ws/install/isaac_ros_tensor_list_interfaces/lib:/workspace/cartographer_ws/install/isaac_ros_pointcloud_interfaces/lib:/workspace/cartographer_ws/install/isaac_ros_nova_interfaces/lib:/workspace/cartographer_ws/install/isaac_ros_nitros_bridge_interfaces/lib:/workspace/cartographer_ws/install/isaac_ros_common/lib:/workspace/cartographer_ws/install/isaac_ros_bi3d_interfaces/lib:/workspace/cartographer_ws/install/isaac_ros_apriltag_interfaces/lib:/workspace/cartographer_ws/install/control_msgs/lib:/workspace/cartographer_ws/install/cartographer_ros_msgs/lib:/opt/ros/humble/opt/rviz_ogre_vendor/lib:/opt/ros/humble/lib/x86_64-linux-gnu:/opt/ros/humble/lib:/opt/tritonserver/backends/onnxruntime:/usr/local/cuda/compat/lib:/usr/local/nvidia/lib:/usr/local/nvidia/lib64:/opt/tritonserver/lib /usr/bin/cmake --install /workspaces/isaac_ros-dev/build/gxf_isaac_optimizer
[5.585s] Level 1:colcon.colcon_core.environment:checking '/workspaces/isaac_ros-dev/install/gxf_isaac_optimizer' for CMake module files
[5.585s] Level 1:colcon.colcon_core.environment:checking '/workspaces/isaac_ros-dev/install/gxf_isaac_optimizer' for CMake config files
[5.586s] Level 1:colcon.colcon_core.shell:create_environment_hook('gxf_isaac_optimizer', 'cmake_prefix_path')
[5.591s] INFO:colcon.colcon_core.shell:Creating environment hook '/workspaces/isaac_ros-dev/install/gxf_isaac_optimizer/share/gxf_isaac_optimizer/hook/cmake_prefix_path.ps1'
[5.591s] INFO:colcon.colcon_core.shell:Creating environment descriptor '/workspaces/isaac_ros-dev/install/gxf_isaac_optimizer/share/gxf_isaac_optimizer/hook/cmake_prefix_path.dsv'
[5.591s] INFO:colcon.colcon_core.shell:Creating environment hook '/workspaces/isaac_ros-dev/install/gxf_isaac_optimizer/share/gxf_isaac_optimizer/hook/cmake_prefix_path.sh'
[5.592s] Level 1:colcon.colcon_core.environment:checking '/workspaces/isaac_ros-dev/install/gxf_isaac_optimizer/bin'
[5.592s] Level 1:colcon.colcon_core.environment:checking '/workspaces/isaac_ros-dev/install/gxf_isaac_optimizer/lib/pkgconfig/gxf_isaac_optimizer.pc'
[5.592s] Level 1:colcon.colcon_core.environment:checking '/workspaces/isaac_ros-dev/install/gxf_isaac_optimizer/lib/python3.8/site-packages'
[5.592s] Level 1:colcon.colcon_core.environment:checking '/workspaces/isaac_ros-dev/install/gxf_isaac_optimizer/bin'
[5.608s] INFO:colcon.colcon_core.shell:Creating package script '/workspaces/isaac_ros-dev/install/gxf_isaac_optimizer/share/gxf_isaac_optimizer/package.ps1'
[5.608s] INFO:colcon.colcon_core.shell:Creating package descriptor '/workspaces/isaac_ros-dev/install/gxf_isaac_optimizer/share/gxf_isaac_optimizer/package.dsv'
[5.608s] INFO:colcon.colcon_core.shell:Creating package script '/workspaces/isaac_ros-dev/install/gxf_isaac_optimizer/share/gxf_isaac_optimizer/package.sh'
[5.608s] INFO:colcon.colcon_core.shell:Creating package script '/workspaces/isaac_ros-dev/install/gxf_isaac_optimizer/share/gxf_isaac_optimizer/package.bash'
[5.609s] INFO:colcon.colcon_core.shell:Creating package script '/workspaces/isaac_ros-dev/install/gxf_isaac_optimizer/share/gxf_isaac_optimizer/package.zsh'
[5.609s] Level 1:colcon.colcon_core.environment:create_file_with_runtime_dependencies(/workspaces/isaac_ros-dev/install/gxf_isaac_optimizer/share/colcon-core/packages/gxf_isaac_optimizer)
[5.614s] DEBUG:colcon.colcon_core.event_handler.log_command:Invoking command in '/workspaces/isaac_ros-dev/build/gxf_isaac_sight': CMAKE_PREFIX_PATH=/workspaces/isaac_ros-dev/install/isaac_ros_gxf:/workspaces/isaac_ros-dev/install/magic_enum:/workspaces/isaac_ros-dev/install/gxf_isaac_sight:/workspaces/isaac_ros-dev/install/gxf_isaac_optimizer:/workspaces/isaac_ros-dev/install/gxf_isaac_message_compositor:/workspaces/isaac_ros-dev/install/gxf_isaac_gxf_helpers:/workspaces/isaac_ros-dev/install/gxf_isaac_atlas:/workspaces/isaac_ros-dev/install/gxf_isaac_gems:/workspaces/isaac_ros-dev/install/isaac_ros_visual_slam_interfaces:/workspaces/isaac_ros-dev/install/isaac_ros_nitros_interfaces:/workspaces/isaac_ros-dev/install/qcar2_nodes:/workspaces/isaac_ros-dev/install/qcar2_interfaces:/workspace/cartographer_ws/install/perception_pcl:/workspace/cartographer_ws/install/pcl_ros:/workspace/cartographer_ws/install/cartographer_rviz:/workspace/cartographer_ws/install/cartographer_ros:/workspace/cartographer_ws/install/pcl_conversions:/workspace/cartographer_ws/install/pcl_msgs:/workspace/cartographer_ws/install/isaac_ros_tensor_list_interfaces:/workspace/cartographer_ws/install/isaac_ros_pointcloud_interfaces:/workspace/cartographer_ws/install/isaac_ros_nova_interfaces:/workspace/cartographer_ws/install/isaac_ros_nitros_bridge_interfaces:/workspace/cartographer_ws/install/isaac_ros_common:/workspace/cartographer_ws/install/isaac_ros_bi3d_interfaces:/workspace/cartographer_ws/install/isaac_ros_apriltag_interfaces:/workspace/cartographer_ws/install/control_msgs:/workspace/cartographer_ws/install/cartographer_ros_msgs:/workspace/cartographer_ws/install/cartographer:/workspace/cartographer_ws/install/absl:/workspaces/isaac_ros-dev/install/qcar2_autonomy:/workspace/cartographer_ws/install/isaac_ros_test:/opt/ros/humble LD_LIBRARY_PATH=/workspaces/isaac_ros-dev/install/isaac_ros_gxf/lib:/workspaces/isaac_ros-dev/install/gxf_isaac_sight/lib:/workspaces/isaac_ros-dev/install/gxf_isaac_optimizer/lib:/workspaces/isaac_ros-dev/install/gxf_isaac_message_compositor/lib:/workspaces/isaac_ros-dev/install/gxf_isaac_gxf_helpers/lib:/workspaces/isaac_ros-dev/install/gxf_isaac_atlas/lib:/workspaces/isaac_ros-dev/install/gxf_isaac_gems/lib:/workspaces/isaac_ros-dev/install/isaac_ros_visual_slam_interfaces/lib:/workspaces/isaac_ros-dev/install/isaac_ros_nitros_interfaces/lib:/workspaces/isaac_ros-dev/install/qcar2_interfaces/lib:/workspace/cartographer_ws/install/pcl_ros/lib:/workspace/cartographer_ws/install/cartographer_rviz/lib:/workspace/cartographer_ws/install/cartographer_ros/lib:/workspace/cartographer_ws/install/pcl_msgs/lib:/workspace/cartographer_ws/install/isaac_ros_tensor_list_interfaces/lib:/workspace/cartographer_ws/install/isaac_ros_pointcloud_interfaces/lib:/workspace/cartographer_ws/install/isaac_ros_nova_interfaces/lib:/workspace/cartographer_ws/install/isaac_ros_nitros_bridge_interfaces/lib:/workspace/cartographer_ws/install/isaac_ros_common/lib:/workspace/cartographer_ws/install/isaac_ros_bi3d_interfaces/lib:/workspace/cartographer_ws/install/isaac_ros_apriltag_interfaces/lib:/workspace/cartographer_ws/install/control_msgs/lib:/workspace/cartographer_ws/install/cartographer_ros_msgs/lib:/opt/ros/humble/opt/rviz_ogre_vendor/lib:/opt/ros/humble/lib/x86_64-linux-gnu:/opt/ros/humble/lib:/opt/tritonserver/backends/onnxruntime:/usr/local/cuda/compat/lib:/usr/local/nvidia/lib:/usr/local/nvidia/lib64:/opt/tritonserver/lib /usr/bin/cmake --install /workspaces/isaac_ros-dev/build/gxf_isaac_sight
[5.616s] Level 1:colcon.colcon_core.environment:create_environment_scripts_only(gxf_isaac_gems)
[5.616s] DEBUG:colcon.colcon_core.event_handler.log_command:Invoked command in '/workspaces/isaac_ros-dev/build/gxf_isaac_gems' returned '0': CMAKE_PREFIX_PATH=/workspaces/isaac_ros-dev/install/isaac_ros_gxf:/workspaces/isaac_ros-dev/install/magic_enum:/workspaces/isaac_ros-dev/install/gxf_isaac_sight:/workspaces/isaac_ros-dev/install/gxf_isaac_optimizer:/workspaces/isaac_ros-dev/install/gxf_isaac_message_compositor:/workspaces/isaac_ros-dev/install/gxf_isaac_gxf_helpers:/workspaces/isaac_ros-dev/install/gxf_isaac_atlas:/workspaces/isaac_ros-dev/install/gxf_isaac_gems:/workspaces/isaac_ros-dev/install/isaac_ros_visual_slam_interfaces:/workspaces/isaac_ros-dev/install/isaac_ros_nitros_interfaces:/workspaces/isaac_ros-dev/install/qcar2_nodes:/workspaces/isaac_ros-dev/install/qcar2_interfaces:/workspace/cartographer_ws/install/perception_pcl:/workspace/cartographer_ws/install/pcl_ros:/workspace/cartographer_ws/install/cartographer_rviz:/workspace/cartographer_ws/install/cartographer_ros:/workspace/cartographer_ws/install/pcl_conversions:/workspace/cartographer_ws/install/pcl_msgs:/workspace/cartographer_ws/install/isaac_ros_tensor_list_interfaces:/workspace/cartographer_ws/install/isaac_ros_pointcloud_interfaces:/workspace/cartographer_ws/install/isaac_ros_nova_interfaces:/workspace/cartographer_ws/install/isaac_ros_nitros_bridge_interfaces:/workspace/cartographer_ws/install/isaac_ros_common:/workspace/cartographer_ws/install/isaac_ros_bi3d_interfaces:/workspace/cartographer_ws/install/isaac_ros_apriltag_interfaces:/workspace/cartographer_ws/install/control_msgs:/workspace/cartographer_ws/install/cartographer_ros_msgs:/workspace/cartographer_ws/install/cartographer:/workspace/cartographer_ws/install/absl:/workspaces/isaac_ros-dev/install/qcar2_autonomy:/workspace/cartographer_ws/install/isaac_ros_test:/opt/ros/humble LD_LIBRARY_PATH=/workspaces/isaac_ros-dev/install/isaac_ros_gxf/lib:/workspaces/isaac_ros-dev/install/gxf_isaac_sight/lib:/workspaces/isaac_ros-dev/install/gxf_isaac_optimizer/lib:/workspaces/isaac_ros-dev/install/gxf_isaac_message_compositor/lib:/workspaces/isaac_ros-dev/install/gxf_isaac_gxf_helpers/lib:/workspaces/isaac_ros-dev/install/gxf_isaac_atlas/lib:/workspaces/isaac_ros-dev/install/gxf_isaac_gems/lib:/workspaces/isaac_ros-dev/install/isaac_ros_visual_slam_interfaces/lib:/workspaces/isaac_ros-dev/install/isaac_ros_nitros_interfaces/lib:/workspaces/isaac_ros-dev/install/qcar2_interfaces/lib:/workspace/cartographer_ws/install/pcl_ros/lib:/workspace/cartographer_ws/install/cartographer_rviz/lib:/workspace/cartographer_ws/install/cartographer_ros/lib:/workspace/cartographer_ws/install/pcl_msgs/lib:/workspace/cartographer_ws/install/isaac_ros_tensor_list_interfaces/lib:/workspace/cartographer_ws/install/isaac_ros_pointcloud_interfaces/lib:/workspace/cartographer_ws/install/isaac_ros_nova_interfaces/lib:/workspace/cartographer_ws/install/isaac_ros_nitros_bridge_interfaces/lib:/workspace/cartographer_ws/install/isaac_ros_common/lib:/workspace/cartographer_ws/install/isaac_ros_bi3d_interfaces/lib:/workspace/cartographer_ws/install/isaac_ros_apriltag_interfaces/lib:/workspace/cartographer_ws/install/control_msgs/lib:/workspace/cartographer_ws/install/cartographer_ros_msgs/lib:/opt/ros/humble/opt/rviz_ogre_vendor/lib:/opt/ros/humble/lib/x86_64-linux-gnu:/opt/ros/humble/lib:/opt/tritonserver/backends/onnxruntime:/usr/local/cuda/compat/lib:/usr/local/nvidia/lib:/usr/local/nvidia/lib64:/opt/tritonserver/lib /usr/bin/cmake --install /workspaces/isaac_ros-dev/build/gxf_isaac_gems
[5.624s] Level 1:colcon.colcon_core.environment:checking '/workspaces/isaac_ros-dev/install/gxf_isaac_gems' for CMake module files
[5.625s] Level 1:colcon.colcon_core.environment:checking '/workspaces/isaac_ros-dev/install/gxf_isaac_gems' for CMake config files
[5.625s] Level 1:colcon.colcon_core.shell:create_environment_hook('gxf_isaac_gems', 'cmake_prefix_path')
[5.631s] INFO:colcon.colcon_core.shell:Creating environment hook '/workspaces/isaac_ros-dev/install/gxf_isaac_gems/share/gxf_isaac_gems/hook/cmake_prefix_path.ps1'
[5.631s] INFO:colcon.colcon_core.shell:Creating environment descriptor '/workspaces/isaac_ros-dev/install/gxf_isaac_gems/share/gxf_isaac_gems/hook/cmake_prefix_path.dsv'
[5.631s] INFO:colcon.colcon_core.shell:Creating environment hook '/workspaces/isaac_ros-dev/install/gxf_isaac_gems/share/gxf_isaac_gems/hook/cmake_prefix_path.sh'
[5.632s] Level 1:colcon.colcon_core.environment:checking '/workspaces/isaac_ros-dev/install/gxf_isaac_gems/bin'
[5.632s] Level 1:colcon.colcon_core.environment:checking '/workspaces/isaac_ros-dev/install/gxf_isaac_gems/lib/pkgconfig/gxf_isaac_gems.pc'
[5.632s] Level 1:colcon.colcon_core.environment:checking '/workspaces/isaac_ros-dev/install/gxf_isaac_gems/lib/python3.8/site-packages'
[5.632s] Level 1:colcon.colcon_core.environment:checking '/workspaces/isaac_ros-dev/install/gxf_isaac_gems/bin'
[5.638s] INFO:colcon.colcon_core.shell:Creating package script '/workspaces/isaac_ros-dev/install/gxf_isaac_gems/share/gxf_isaac_gems/package.ps1'
[5.638s] INFO:colcon.colcon_core.shell:Creating package descriptor '/workspaces/isaac_ros-dev/install/gxf_isaac_gems/share/gxf_isaac_gems/package.dsv'
[5.638s] INFO:colcon.colcon_core.shell:Creating package script '/workspaces/isaac_ros-dev/install/gxf_isaac_gems/share/gxf_isaac_gems/package.sh'
[5.638s] INFO:colcon.colcon_core.shell:Creating package script '/workspaces/isaac_ros-dev/install/gxf_isaac_gems/share/gxf_isaac_gems/package.bash'
[5.639s] INFO:colcon.colcon_core.shell:Creating package script '/workspaces/isaac_ros-dev/install/gxf_isaac_gems/share/gxf_isaac_gems/package.zsh'
[5.639s] Level 1:colcon.colcon_core.environment:create_file_with_runtime_dependencies(/workspaces/isaac_ros-dev/install/gxf_isaac_gems/share/colcon-core/packages/gxf_isaac_gems)
[5.641s] Level 1:colcon.colcon_core.environment:create_environment_scripts_only(gxf_isaac_message_compositor)
[5.642s] DEBUG:colcon.colcon_core.event_handler.log_command:Invoked command in '/workspaces/isaac_ros-dev/build/gxf_isaac_message_compositor' returned '0': CMAKE_PREFIX_PATH=/workspaces/isaac_ros-dev/install/isaac_ros_gxf:/workspaces/isaac_ros-dev/install/magic_enum:/workspaces/isaac_ros-dev/install/gxf_isaac_sight:/workspaces/isaac_ros-dev/install/gxf_isaac_optimizer:/workspaces/isaac_ros-dev/install/gxf_isaac_message_compositor:/workspaces/isaac_ros-dev/install/gxf_isaac_gxf_helpers:/workspaces/isaac_ros-dev/install/gxf_isaac_atlas:/workspaces/isaac_ros-dev/install/gxf_isaac_gems:/workspaces/isaac_ros-dev/install/isaac_ros_visual_slam_interfaces:/workspaces/isaac_ros-dev/install/isaac_ros_nitros_interfaces:/workspaces/isaac_ros-dev/install/qcar2_nodes:/workspaces/isaac_ros-dev/install/qcar2_interfaces:/workspace/cartographer_ws/install/perception_pcl:/workspace/cartographer_ws/install/pcl_ros:/workspace/cartographer_ws/install/cartographer_rviz:/workspace/cartographer_ws/install/cartographer_ros:/workspace/cartographer_ws/install/pcl_conversions:/workspace/cartographer_ws/install/pcl_msgs:/workspace/cartographer_ws/install/isaac_ros_tensor_list_interfaces:/workspace/cartographer_ws/install/isaac_ros_pointcloud_interfaces:/workspace/cartographer_ws/install/isaac_ros_nova_interfaces:/workspace/cartographer_ws/install/isaac_ros_nitros_bridge_interfaces:/workspace/cartographer_ws/install/isaac_ros_common:/workspace/cartographer_ws/install/isaac_ros_bi3d_interfaces:/workspace/cartographer_ws/install/isaac_ros_apriltag_interfaces:/workspace/cartographer_ws/install/control_msgs:/workspace/cartographer_ws/install/cartographer_ros_msgs:/workspace/cartographer_ws/install/cartographer:/workspace/cartographer_ws/install/absl:/workspaces/isaac_ros-dev/install/qcar2_autonomy:/workspace/cartographer_ws/install/isaac_ros_test:/opt/ros/humble LD_LIBRARY_PATH=/workspaces/isaac_ros-dev/install/isaac_ros_gxf/lib:/workspaces/isaac_ros-dev/install/gxf_isaac_sight/lib:/workspaces/isaac_ros-dev/install/gxf_isaac_optimizer/lib:/workspaces/isaac_ros-dev/install/gxf_isaac_message_compositor/lib:/workspaces/isaac_ros-dev/install/gxf_isaac_gxf_helpers/lib:/workspaces/isaac_ros-dev/install/gxf_isaac_atlas/lib:/workspaces/isaac_ros-dev/install/gxf_isaac_gems/lib:/workspaces/isaac_ros-dev/install/isaac_ros_visual_slam_interfaces/lib:/workspaces/isaac_ros-dev/install/isaac_ros_nitros_interfaces/lib:/workspaces/isaac_ros-dev/install/qcar2_interfaces/lib:/workspace/cartographer_ws/install/pcl_ros/lib:/workspace/cartographer_ws/install/cartographer_rviz/lib:/workspace/cartographer_ws/install/cartographer_ros/lib:/workspace/cartographer_ws/install/pcl_msgs/lib:/workspace/cartographer_ws/install/isaac_ros_tensor_list_interfaces/lib:/workspace/cartographer_ws/install/isaac_ros_pointcloud_interfaces/lib:/workspace/cartographer_ws/install/isaac_ros_nova_interfaces/lib:/workspace/cartographer_ws/install/isaac_ros_nitros_bridge_interfaces/lib:/workspace/cartographer_ws/install/isaac_ros_common/lib:/workspace/cartographer_ws/install/isaac_ros_bi3d_interfaces/lib:/workspace/cartographer_ws/install/isaac_ros_apriltag_interfaces/lib:/workspace/cartographer_ws/install/control_msgs/lib:/workspace/cartographer_ws/install/cartographer_ros_msgs/lib:/opt/ros/humble/opt/rviz_ogre_vendor/lib:/opt/ros/humble/lib/x86_64-linux-gnu:/opt/ros/humble/lib:/opt/tritonserver/backends/onnxruntime:/usr/local/cuda/compat/lib:/usr/local/nvidia/lib:/usr/local/nvidia/lib64:/opt/tritonserver/lib /usr/bin/cmake --install /workspaces/isaac_ros-dev/build/gxf_isaac_message_compositor
[5.648s] Level 1:colcon.colcon_core.environment:checking '/workspaces/isaac_ros-dev/install/gxf_isaac_message_compositor' for CMake module files
[5.649s] Level 1:colcon.colcon_core.environment:checking '/workspaces/isaac_ros-dev/install/gxf_isaac_message_compositor' for CMake config files
[5.649s] Level 1:colcon.colcon_core.shell:create_environment_hook('gxf_isaac_message_compositor', 'cmake_prefix_path')
[5.655s] INFO:colcon.colcon_core.shell:Creating environment hook '/workspaces/isaac_ros-dev/install/gxf_isaac_message_compositor/share/gxf_isaac_message_compositor/hook/cmake_prefix_path.ps1'
[5.655s] INFO:colcon.colcon_core.shell:Creating environment descriptor '/workspaces/isaac_ros-dev/install/gxf_isaac_message_compositor/share/gxf_isaac_message_compositor/hook/cmake_prefix_path.dsv'
[5.655s] INFO:colcon.colcon_core.shell:Creating environment hook '/workspaces/isaac_ros-dev/install/gxf_isaac_message_compositor/share/gxf_isaac_message_compositor/hook/cmake_prefix_path.sh'
[5.656s] Level 1:colcon.colcon_core.environment:checking '/workspaces/isaac_ros-dev/install/gxf_isaac_message_compositor/bin'
[5.656s] Level 1:colcon.colcon_core.environment:checking '/workspaces/isaac_ros-dev/install/gxf_isaac_message_compositor/lib/pkgconfig/gxf_isaac_message_compositor.pc'
[5.656s] Level 1:colcon.colcon_core.environment:checking '/workspaces/isaac_ros-dev/install/gxf_isaac_message_compositor/lib/python3.8/site-packages'
[5.656s] Level 1:colcon.colcon_core.environment:checking '/workspaces/isaac_ros-dev/install/gxf_isaac_message_compositor/bin'
[5.662s] INFO:colcon.colcon_core.shell:Creating package script '/workspaces/isaac_ros-dev/install/gxf_isaac_message_compositor/share/gxf_isaac_message_compositor/package.ps1'
[5.662s] INFO:colcon.colcon_core.shell:Creating package descriptor '/workspaces/isaac_ros-dev/install/gxf_isaac_message_compositor/share/gxf_isaac_message_compositor/package.dsv'
[5.662s] INFO:colcon.colcon_core.shell:Creating package script '/workspaces/isaac_ros-dev/install/gxf_isaac_message_compositor/share/gxf_isaac_message_compositor/package.sh'
[5.662s] INFO:colcon.colcon_core.shell:Creating package script '/workspaces/isaac_ros-dev/install/gxf_isaac_message_compositor/share/gxf_isaac_message_compositor/package.bash'
[5.662s] INFO:colcon.colcon_core.shell:Creating package script '/workspaces/isaac_ros-dev/install/gxf_isaac_message_compositor/share/gxf_isaac_message_compositor/package.zsh'
[5.663s] Level 1:colcon.colcon_core.environment:create_file_with_runtime_dependencies(/workspaces/isaac_ros-dev/install/gxf_isaac_message_compositor/share/colcon-core/packages/gxf_isaac_message_compositor)
[5.673s] Level 1:colcon.colcon_core.environment:create_environment_scripts_only(gxf_isaac_optimizer)
[5.678s] Level 1:colcon.colcon_core.environment:checking '/workspaces/isaac_ros-dev/install/gxf_isaac_optimizer' for CMake module files
[5.679s] Level 1:colcon.colcon_core.environment:checking '/workspaces/isaac_ros-dev/install/gxf_isaac_optimizer' for CMake config files
[5.679s] Level 1:colcon.colcon_core.shell:create_environment_hook('gxf_isaac_optimizer', 'cmake_prefix_path')
[5.685s] INFO:colcon.colcon_core.shell:Creating environment hook '/workspaces/isaac_ros-dev/install/gxf_isaac_optimizer/share/gxf_isaac_optimizer/hook/cmake_prefix_path.ps1'
[5.685s] INFO:colcon.colcon_core.shell:Creating environment descriptor '/workspaces/isaac_ros-dev/install/gxf_isaac_optimizer/share/gxf_isaac_optimizer/hook/cmake_prefix_path.dsv'
[5.685s] INFO:colcon.colcon_core.shell:Creating environment hook '/workspaces/isaac_ros-dev/install/gxf_isaac_optimizer/share/gxf_isaac_optimizer/hook/cmake_prefix_path.sh'
[5.685s] Level 1:colcon.colcon_core.environment:checking '/workspaces/isaac_ros-dev/install/gxf_isaac_optimizer/bin'
[5.685s] Level 1:colcon.colcon_core.environment:checking '/workspaces/isaac_ros-dev/install/gxf_isaac_optimizer/lib/pkgconfig/gxf_isaac_optimizer.pc'
[5.686s] Level 1:colcon.colcon_core.environment:checking '/workspaces/isaac_ros-dev/install/gxf_isaac_optimizer/lib/python3.8/site-packages'
[5.686s] Level 1:colcon.colcon_core.environment:checking '/workspaces/isaac_ros-dev/install/gxf_isaac_optimizer/bin'
[5.691s] INFO:colcon.colcon_core.shell:Creating package script '/workspaces/isaac_ros-dev/install/gxf_isaac_optimizer/share/gxf_isaac_optimizer/package.ps1'
[5.692s] INFO:colcon.colcon_core.shell:Creating package descriptor '/workspaces/isaac_ros-dev/install/gxf_isaac_optimizer/share/gxf_isaac_optimizer/package.dsv'
[5.692s] INFO:colcon.colcon_core.shell:Creating package script '/workspaces/isaac_ros-dev/install/gxf_isaac_optimizer/share/gxf_isaac_optimizer/package.sh'
[5.692s] INFO:colcon.colcon_core.shell:Creating package script '/workspaces/isaac_ros-dev/install/gxf_isaac_optimizer/share/gxf_isaac_optimizer/package.bash'
[5.692s] INFO:colcon.colcon_core.shell:Creating package script '/workspaces/isaac_ros-dev/install/gxf_isaac_optimizer/share/gxf_isaac_optimizer/package.zsh'
[5.692s] Level 1:colcon.colcon_core.environment:create_file_with_runtime_dependencies(/workspaces/isaac_ros-dev/install/gxf_isaac_optimizer/share/colcon-core/packages/gxf_isaac_optimizer)
[5.693s] Level 1:colcon.colcon_core.environment:create_environment_scripts_only(gxf_isaac_sight)
[5.694s] DEBUG:colcon.colcon_core.event_handler.log_command:Invoked command in '/workspaces/isaac_ros-dev/build/gxf_isaac_sight' returned '0': CMAKE_PREFIX_PATH=/workspaces/isaac_ros-dev/install/isaac_ros_gxf:/workspaces/isaac_ros-dev/install/magic_enum:/workspaces/isaac_ros-dev/install/gxf_isaac_sight:/workspaces/isaac_ros-dev/install/gxf_isaac_optimizer:/workspaces/isaac_ros-dev/install/gxf_isaac_message_compositor:/workspaces/isaac_ros-dev/install/gxf_isaac_gxf_helpers:/workspaces/isaac_ros-dev/install/gxf_isaac_atlas:/workspaces/isaac_ros-dev/install/gxf_isaac_gems:/workspaces/isaac_ros-dev/install/isaac_ros_visual_slam_interfaces:/workspaces/isaac_ros-dev/install/isaac_ros_nitros_interfaces:/workspaces/isaac_ros-dev/install/qcar2_nodes:/workspaces/isaac_ros-dev/install/qcar2_interfaces:/workspace/cartographer_ws/install/perception_pcl:/workspace/cartographer_ws/install/pcl_ros:/workspace/cartographer_ws/install/cartographer_rviz:/workspace/cartographer_ws/install/cartographer_ros:/workspace/cartographer_ws/install/pcl_conversions:/workspace/cartographer_ws/install/pcl_msgs:/workspace/cartographer_ws/install/isaac_ros_tensor_list_interfaces:/workspace/cartographer_ws/install/isaac_ros_pointcloud_interfaces:/workspace/cartographer_ws/install/isaac_ros_nova_interfaces:/workspace/cartographer_ws/install/isaac_ros_nitros_bridge_interfaces:/workspace/cartographer_ws/install/isaac_ros_common:/workspace/cartographer_ws/install/isaac_ros_bi3d_interfaces:/workspace/cartographer_ws/install/isaac_ros_apriltag_interfaces:/workspace/cartographer_ws/install/control_msgs:/workspace/cartographer_ws/install/cartographer_ros_msgs:/workspace/cartographer_ws/install/cartographer:/workspace/cartographer_ws/install/absl:/workspaces/isaac_ros-dev/install/qcar2_autonomy:/workspace/cartographer_ws/install/isaac_ros_test:/opt/ros/humble LD_LIBRARY_PATH=/workspaces/isaac_ros-dev/install/isaac_ros_gxf/lib:/workspaces/isaac_ros-dev/install/gxf_isaac_sight/lib:/workspaces/isaac_ros-dev/install/gxf_isaac_optimizer/lib:/workspaces/isaac_ros-dev/install/gxf_isaac_message_compositor/lib:/workspaces/isaac_ros-dev/install/gxf_isaac_gxf_helpers/lib:/workspaces/isaac_ros-dev/install/gxf_isaac_atlas/lib:/workspaces/isaac_ros-dev/install/gxf_isaac_gems/lib:/workspaces/isaac_ros-dev/install/isaac_ros_visual_slam_interfaces/lib:/workspaces/isaac_ros-dev/install/isaac_ros_nitros_interfaces/lib:/workspaces/isaac_ros-dev/install/qcar2_interfaces/lib:/workspace/cartographer_ws/install/pcl_ros/lib:/workspace/cartographer_ws/install/cartographer_rviz/lib:/workspace/cartographer_ws/install/cartographer_ros/lib:/workspace/cartographer_ws/install/pcl_msgs/lib:/workspace/cartographer_ws/install/isaac_ros_tensor_list_interfaces/lib:/workspace/cartographer_ws/install/isaac_ros_pointcloud_interfaces/lib:/workspace/cartographer_ws/install/isaac_ros_nova_interfaces/lib:/workspace/cartographer_ws/install/isaac_ros_nitros_bridge_interfaces/lib:/workspace/cartographer_ws/install/isaac_ros_common/lib:/workspace/cartographer_ws/install/isaac_ros_bi3d_interfaces/lib:/workspace/cartographer_ws/install/isaac_ros_apriltag_interfaces/lib:/workspace/cartographer_ws/install/control_msgs/lib:/workspace/cartographer_ws/install/cartographer_ros_msgs/lib:/opt/ros/humble/opt/rviz_ogre_vendor/lib:/opt/ros/humble/lib/x86_64-linux-gnu:/opt/ros/humble/lib:/opt/tritonserver/backends/onnxruntime:/usr/local/cuda/compat/lib:/usr/local/nvidia/lib:/usr/local/nvidia/lib64:/opt/tritonserver/lib /usr/bin/cmake --install /workspaces/isaac_ros-dev/build/gxf_isaac_sight
[5.699s] Level 1:colcon.colcon_core.environment:checking '/workspaces/isaac_ros-dev/install/gxf_isaac_sight' for CMake module files
[5.700s] Level 1:colcon.colcon_core.environment:checking '/workspaces/isaac_ros-dev/install/gxf_isaac_sight' for CMake config files
[5.700s] Level 1:colcon.colcon_core.shell:create_environment_hook('gxf_isaac_sight', 'cmake_prefix_path')
[5.705s] INFO:colcon.colcon_core.shell:Creating environment hook '/workspaces/isaac_ros-dev/install/gxf_isaac_sight/share/gxf_isaac_sight/hook/cmake_prefix_path.ps1'
[5.706s] INFO:colcon.colcon_core.shell:Creating environment descriptor '/workspaces/isaac_ros-dev/install/gxf_isaac_sight/share/gxf_isaac_sight/hook/cmake_prefix_path.dsv'
[5.706s] INFO:colcon.colcon_core.shell:Creating environment hook '/workspaces/isaac_ros-dev/install/gxf_isaac_sight/share/gxf_isaac_sight/hook/cmake_prefix_path.sh'
[5.706s] Level 1:colcon.colcon_core.environment:checking '/workspaces/isaac_ros-dev/install/gxf_isaac_sight/bin'
[5.706s] Level 1:colcon.colcon_core.environment:checking '/workspaces/isaac_ros-dev/install/gxf_isaac_sight/lib/pkgconfig/gxf_isaac_sight.pc'
[5.706s] Level 1:colcon.colcon_core.environment:checking '/workspaces/isaac_ros-dev/install/gxf_isaac_sight/lib/python3.8/site-packages'
[5.706s] Level 1:colcon.colcon_core.environment:checking '/workspaces/isaac_ros-dev/install/gxf_isaac_sight/bin'
[5.712s] INFO:colcon.colcon_core.shell:Creating package script '/workspaces/isaac_ros-dev/install/gxf_isaac_sight/share/gxf_isaac_sight/package.ps1'
[5.712s] INFO:colcon.colcon_core.shell:Creating package descriptor '/workspaces/isaac_ros-dev/install/gxf_isaac_sight/share/gxf_isaac_sight/package.dsv'
[5.712s] INFO:colcon.colcon_core.shell:Creating package script '/workspaces/isaac_ros-dev/install/gxf_isaac_sight/share/gxf_isaac_sight/package.sh'
[5.713s] INFO:colcon.colcon_core.shell:Creating package script '/workspaces/isaac_ros-dev/install/gxf_isaac_sight/share/gxf_isaac_sight/package.bash'
[5.713s] INFO:colcon.colcon_core.shell:Creating package script '/workspaces/isaac_ros-dev/install/gxf_isaac_sight/share/gxf_isaac_sight/package.zsh'
[5.713s] Level 1:colcon.colcon_core.environment:create_file_with_runtime_dependencies(/workspaces/isaac_ros-dev/install/gxf_isaac_sight/share/colcon-core/packages/gxf_isaac_sight)
[5.722s] Level 1:colcon.colcon_core.environment:create_environment_scripts_only(gxf_isaac_gems)
[5.728s] Level 1:colcon.colcon_core.environment:checking '/workspaces/isaac_ros-dev/install/gxf_isaac_gems' for CMake module files
[5.728s] Level 1:colcon.colcon_core.environment:checking '/workspaces/isaac_ros-dev/install/gxf_isaac_gems' for CMake config files
[5.729s] Level 1:colcon.colcon_core.shell:create_environment_hook('gxf_isaac_gems', 'cmake_prefix_path')
[5.735s] INFO:colcon.colcon_core.shell:Creating environment hook '/workspaces/isaac_ros-dev/install/gxf_isaac_gems/share/gxf_isaac_gems/hook/cmake_prefix_path.ps1'
[5.735s] INFO:colcon.colcon_core.shell:Creating environment descriptor '/workspaces/isaac_ros-dev/install/gxf_isaac_gems/share/gxf_isaac_gems/hook/cmake_prefix_path.dsv'
[5.735s] INFO:colcon.colcon_core.shell:Creating environment hook '/workspaces/isaac_ros-dev/install/gxf_isaac_gems/share/gxf_isaac_gems/hook/cmake_prefix_path.sh'
[5.735s] Level 1:colcon.colcon_core.environment:checking '/workspaces/isaac_ros-dev/install/gxf_isaac_gems/bin'
[5.735s] Level 1:colcon.colcon_core.environment:checking '/workspaces/isaac_ros-dev/install/gxf_isaac_gems/lib/pkgconfig/gxf_isaac_gems.pc'
[5.736s] Level 1:colcon.colcon_core.environment:checking '/workspaces/isaac_ros-dev/install/gxf_isaac_gems/lib/python3.8/site-packages'
[5.736s] Level 1:colcon.colcon_core.environment:checking '/workspaces/isaac_ros-dev/install/gxf_isaac_gems/bin'
[5.741s] INFO:colcon.colcon_core.shell:Creating package script '/workspaces/isaac_ros-dev/install/gxf_isaac_gems/share/gxf_isaac_gems/package.ps1'
[5.742s] INFO:colcon.colcon_core.shell:Creating package descriptor '/workspaces/isaac_ros-dev/install/gxf_isaac_gems/share/gxf_isaac_gems/package.dsv'
[5.742s] INFO:colcon.colcon_core.shell:Creating package script '/workspaces/isaac_ros-dev/install/gxf_isaac_gems/share/gxf_isaac_gems/package.sh'
[5.742s] INFO:colcon.colcon_core.shell:Creating package script '/workspaces/isaac_ros-dev/install/gxf_isaac_gems/share/gxf_isaac_gems/package.bash'
[5.742s] INFO:colcon.colcon_core.shell:Creating package script '/workspaces/isaac_ros-dev/install/gxf_isaac_gems/share/gxf_isaac_gems/package.zsh'
[5.742s] Level 1:colcon.colcon_core.environment:create_file_with_runtime_dependencies(/workspaces/isaac_ros-dev/install/gxf_isaac_gems/share/colcon-core/packages/gxf_isaac_gems)
[5.743s] INFO:colcon.colcon_ros.task.ament_cmake.build:Building ROS package in '/workspaces/isaac_ros-dev/ros2/src/isaac_ros_nitros/isaac_ros_gxf_extensions/gxf_isaac_atlas' with build type 'ament_cmake'
[5.743s] INFO:colcon.colcon_cmake.task.cmake.build:Building CMake package in '/workspaces/isaac_ros-dev/ros2/src/isaac_ros_nitros/isaac_ros_gxf_extensions/gxf_isaac_atlas'
[5.750s] INFO:colcon.colcon_core.shell:Skip shell extension 'powershell' for command environment: Not usable outside of PowerShell
[5.750s] DEBUG:colcon.colcon_core.shell:Skip shell extension 'dsv' for command environment
[5.777s] INFO:colcon.colcon_ros.task.ament_cmake.build:Building ROS package in '/workspaces/isaac_ros-dev/ros2/src/isaac_ros_nitros/isaac_ros_gxf_extensions/gxf_isaac_gxf_helpers' with build type 'ament_cmake'
[5.777s] INFO:colcon.colcon_cmake.task.cmake.build:Building CMake package in '/workspaces/isaac_ros-dev/ros2/src/isaac_ros_nitros/isaac_ros_gxf_extensions/gxf_isaac_gxf_helpers'
[5.783s] INFO:colcon.colcon_core.shell:Skip shell extension 'powershell' for command environment: Not usable outside of PowerShell
[5.783s] DEBUG:colcon.colcon_core.shell:Skip shell extension 'dsv' for command environment
[5.817s] Level 1:colcon.colcon_core.environment:create_environment_scripts_only(gxf_isaac_message_compositor)
[5.823s] Level 1:colcon.colcon_core.environment:checking '/workspaces/isaac_ros-dev/install/gxf_isaac_message_compositor' for CMake module files
[5.823s] Level 1:colcon.colcon_core.environment:checking '/workspaces/isaac_ros-dev/install/gxf_isaac_message_compositor' for CMake config files
[5.823s] Level 1:colcon.colcon_core.shell:create_environment_hook('gxf_isaac_message_compositor', 'cmake_prefix_path')
[5.829s] INFO:colcon.colcon_core.shell:Creating environment hook '/workspaces/isaac_ros-dev/install/gxf_isaac_message_compositor/share/gxf_isaac_message_compositor/hook/cmake_prefix_path.ps1'
[5.829s] INFO:colcon.colcon_core.shell:Creating environment descriptor '/workspaces/isaac_ros-dev/install/gxf_isaac_message_compositor/share/gxf_isaac_message_compositor/hook/cmake_prefix_path.dsv'
[5.829s] INFO:colcon.colcon_core.shell:Creating environment hook '/workspaces/isaac_ros-dev/install/gxf_isaac_message_compositor/share/gxf_isaac_message_compositor/hook/cmake_prefix_path.sh'
[5.830s] Level 1:colcon.colcon_core.environment:checking '/workspaces/isaac_ros-dev/install/gxf_isaac_message_compositor/bin'
[5.830s] Level 1:colcon.colcon_core.environment:checking '/workspaces/isaac_ros-dev/install/gxf_isaac_message_compositor/lib/pkgconfig/gxf_isaac_message_compositor.pc'
[5.830s] Level 1:colcon.colcon_core.environment:checking '/workspaces/isaac_ros-dev/install/gxf_isaac_message_compositor/lib/python3.8/site-packages'
[5.830s] Level 1:colcon.colcon_core.environment:checking '/workspaces/isaac_ros-dev/install/gxf_isaac_message_compositor/bin'
[5.835s] INFO:colcon.colcon_core.shell:Creating package script '/workspaces/isaac_ros-dev/install/gxf_isaac_message_compositor/share/gxf_isaac_message_compositor/package.ps1'
[5.836s] INFO:colcon.colcon_core.shell:Creating package descriptor '/workspaces/isaac_ros-dev/install/gxf_isaac_message_compositor/share/gxf_isaac_message_compositor/package.dsv'
[5.836s] INFO:colcon.colcon_core.shell:Creating package script '/workspaces/isaac_ros-dev/install/gxf_isaac_message_compositor/share/gxf_isaac_message_compositor/package.sh'
[5.836s] INFO:colcon.colcon_core.shell:Creating package script '/workspaces/isaac_ros-dev/install/gxf_isaac_message_compositor/share/gxf_isaac_message_compositor/package.bash'
[5.836s] INFO:colcon.colcon_core.shell:Creating package script '/workspaces/isaac_ros-dev/install/gxf_isaac_message_compositor/share/gxf_isaac_message_compositor/package.zsh'
[5.837s] Level 1:colcon.colcon_core.environment:create_file_with_runtime_dependencies(/workspaces/isaac_ros-dev/install/gxf_isaac_message_compositor/share/colcon-core/packages/gxf_isaac_message_compositor)
[5.843s] Level 1:colcon.colcon_core.environment:create_environment_scripts_only(gxf_isaac_sight)
[5.849s] Level 1:colcon.colcon_core.environment:checking '/workspaces/isaac_ros-dev/install/gxf_isaac_sight' for CMake module files
[5.850s] Level 1:colcon.colcon_core.environment:checking '/workspaces/isaac_ros-dev/install/gxf_isaac_sight' for CMake config files
[5.850s] Level 1:colcon.colcon_core.shell:create_environment_hook('gxf_isaac_sight', 'cmake_prefix_path')
[5.855s] INFO:colcon.colcon_core.shell:Creating environment hook '/workspaces/isaac_ros-dev/install/gxf_isaac_sight/share/gxf_isaac_sight/hook/cmake_prefix_path.ps1'
[5.856s] INFO:colcon.colcon_core.shell:Creating environment descriptor '/workspaces/isaac_ros-dev/install/gxf_isaac_sight/share/gxf_isaac_sight/hook/cmake_prefix_path.dsv'
[5.856s] INFO:colcon.colcon_core.shell:Creating environment hook '/workspaces/isaac_ros-dev/install/gxf_isaac_sight/share/gxf_isaac_sight/hook/cmake_prefix_path.sh'
[5.856s] Level 1:colcon.colcon_core.environment:checking '/workspaces/isaac_ros-dev/install/gxf_isaac_sight/bin'
[5.856s] Level 1:colcon.colcon_core.environment:checking '/workspaces/isaac_ros-dev/install/gxf_isaac_sight/lib/pkgconfig/gxf_isaac_sight.pc'
[5.856s] Level 1:colcon.colcon_core.environment:checking '/workspaces/isaac_ros-dev/install/gxf_isaac_sight/lib/python3.8/site-packages'
[5.856s] Level 1:colcon.colcon_core.environment:checking '/workspaces/isaac_ros-dev/install/gxf_isaac_sight/bin'
[5.862s] INFO:colcon.colcon_core.shell:Creating package script '/workspaces/isaac_ros-dev/install/gxf_isaac_sight/share/gxf_isaac_sight/package.ps1'
[5.862s] INFO:colcon.colcon_core.shell:Creating package descriptor '/workspaces/isaac_ros-dev/install/gxf_isaac_sight/share/gxf_isaac_sight/package.dsv'
[5.863s] INFO:colcon.colcon_core.shell:Creating package script '/workspaces/isaac_ros-dev/install/gxf_isaac_sight/share/gxf_isaac_sight/package.sh'
[5.863s] INFO:colcon.colcon_core.shell:Creating package script '/workspaces/isaac_ros-dev/install/gxf_isaac_sight/share/gxf_isaac_sight/package.bash'
[5.863s] INFO:colcon.colcon_core.shell:Creating package script '/workspaces/isaac_ros-dev/install/gxf_isaac_sight/share/gxf_isaac_sight/package.zsh'
[5.863s] Level 1:colcon.colcon_core.environment:create_file_with_runtime_dependencies(/workspaces/isaac_ros-dev/install/gxf_isaac_sight/share/colcon-core/packages/gxf_isaac_sight)
[5.866s] DEBUG:colcon.colcon_core.event_handler.log_command:Invoking command in '/workspaces/isaac_ros-dev/build/gxf_isaac_atlas': CMAKE_PREFIX_PATH=/workspaces/isaac_ros-dev/install/gxf_isaac_gems:/workspaces/isaac_ros-dev/install/isaac_ros_gxf:/workspaces/isaac_ros-dev/install/magic_enum:/workspaces/isaac_ros-dev/install/gxf_isaac_sight:/workspaces/isaac_ros-dev/install/gxf_isaac_optimizer:/workspaces/isaac_ros-dev/install/gxf_isaac_message_compositor:/workspaces/isaac_ros-dev/install/gxf_isaac_gxf_helpers:/workspaces/isaac_ros-dev/install/gxf_isaac_atlas:/workspaces/isaac_ros-dev/install/isaac_ros_visual_slam_interfaces:/workspaces/isaac_ros-dev/install/isaac_ros_nitros_interfaces:/workspaces/isaac_ros-dev/install/qcar2_nodes:/workspaces/isaac_ros-dev/install/qcar2_interfaces:/workspace/cartographer_ws/install/perception_pcl:/workspace/cartographer_ws/install/pcl_ros:/workspace/cartographer_ws/install/cartographer_rviz:/workspace/cartographer_ws/install/cartographer_ros:/workspace/cartographer_ws/install/pcl_conversions:/workspace/cartographer_ws/install/pcl_msgs:/workspace/cartographer_ws/install/isaac_ros_tensor_list_interfaces:/workspace/cartographer_ws/install/isaac_ros_pointcloud_interfaces:/workspace/cartographer_ws/install/isaac_ros_nova_interfaces:/workspace/cartographer_ws/install/isaac_ros_nitros_bridge_interfaces:/workspace/cartographer_ws/install/isaac_ros_common:/workspace/cartographer_ws/install/isaac_ros_bi3d_interfaces:/workspace/cartographer_ws/install/isaac_ros_apriltag_interfaces:/workspace/cartographer_ws/install/control_msgs:/workspace/cartographer_ws/install/cartographer_ros_msgs:/workspace/cartographer_ws/install/cartographer:/workspace/cartographer_ws/install/absl:/workspaces/isaac_ros-dev/install/qcar2_autonomy:/workspace/cartographer_ws/install/isaac_ros_test:/opt/ros/humble LD_LIBRARY_PATH=/workspaces/isaac_ros-dev/install/isaac_ros_gxf/lib:/workspaces/isaac_ros-dev/install/gxf_isaac_sight/lib:/workspaces/isaac_ros-dev/install/gxf_isaac_optimizer/lib:/workspaces/isaac_ros-dev/install/gxf_isaac_message_compositor/lib:/workspaces/isaac_ros-dev/install/gxf_isaac_gxf_helpers/lib:/workspaces/isaac_ros-dev/install/gxf_isaac_atlas/lib:/workspaces/isaac_ros-dev/install/gxf_isaac_gems/lib:/workspaces/isaac_ros-dev/install/isaac_ros_visual_slam_interfaces/lib:/workspaces/isaac_ros-dev/install/isaac_ros_nitros_interfaces/lib:/workspaces/isaac_ros-dev/install/qcar2_interfaces/lib:/workspace/cartographer_ws/install/pcl_ros/lib:/workspace/cartographer_ws/install/cartographer_rviz/lib:/workspace/cartographer_ws/install/cartographer_ros/lib:/workspace/cartographer_ws/install/pcl_msgs/lib:/workspace/cartographer_ws/install/isaac_ros_tensor_list_interfaces/lib:/workspace/cartographer_ws/install/isaac_ros_pointcloud_interfaces/lib:/workspace/cartographer_ws/install/isaac_ros_nova_interfaces/lib:/workspace/cartographer_ws/install/isaac_ros_nitros_bridge_interfaces/lib:/workspace/cartographer_ws/install/isaac_ros_common/lib:/workspace/cartographer_ws/install/isaac_ros_bi3d_interfaces/lib:/workspace/cartographer_ws/install/isaac_ros_apriltag_interfaces/lib:/workspace/cartographer_ws/install/control_msgs/lib:/workspace/cartographer_ws/install/cartographer_ros_msgs/lib:/opt/ros/humble/opt/rviz_ogre_vendor/lib:/opt/ros/humble/lib/x86_64-linux-gnu:/opt/ros/humble/lib:/opt/tritonserver/backends/onnxruntime:/usr/local/cuda/compat/lib:/usr/local/nvidia/lib:/usr/local/nvidia/lib64:/opt/tritonserver/lib /usr/bin/cmake /workspaces/isaac_ros-dev/ros2/src/isaac_ros_nitros/isaac_ros_gxf_extensions/gxf_isaac_atlas -DAMENT_CMAKE_SYMLINK_INSTALL=1 -DCMAKE_INSTALL_PREFIX=/workspaces/isaac_ros-dev/install/gxf_isaac_atlas
[5.869s] DEBUG:colcon.colcon_core.event_handler.log_command:Invoking command in '/workspaces/isaac_ros-dev/build/gxf_isaac_gxf_helpers': CMAKE_PREFIX_PATH=/workspaces/isaac_ros-dev/install/gxf_isaac_gems:/workspaces/isaac_ros-dev/install/isaac_ros_gxf:/workspaces/isaac_ros-dev/install/magic_enum:/workspaces/isaac_ros-dev/install/gxf_isaac_sight:/workspaces/isaac_ros-dev/install/gxf_isaac_optimizer:/workspaces/isaac_ros-dev/install/gxf_isaac_message_compositor:/workspaces/isaac_ros-dev/install/gxf_isaac_gxf_helpers:/workspaces/isaac_ros-dev/install/gxf_isaac_atlas:/workspaces/isaac_ros-dev/install/isaac_ros_visual_slam_interfaces:/workspaces/isaac_ros-dev/install/isaac_ros_nitros_interfaces:/workspaces/isaac_ros-dev/install/qcar2_nodes:/workspaces/isaac_ros-dev/install/qcar2_interfaces:/workspace/cartographer_ws/install/perception_pcl:/workspace/cartographer_ws/install/pcl_ros:/workspace/cartographer_ws/install/cartographer_rviz:/workspace/cartographer_ws/install/cartographer_ros:/workspace/cartographer_ws/install/pcl_conversions:/workspace/cartographer_ws/install/pcl_msgs:/workspace/cartographer_ws/install/isaac_ros_tensor_list_interfaces:/workspace/cartographer_ws/install/isaac_ros_pointcloud_interfaces:/workspace/cartographer_ws/install/isaac_ros_nova_interfaces:/workspace/cartographer_ws/install/isaac_ros_nitros_bridge_interfaces:/workspace/cartographer_ws/install/isaac_ros_common:/workspace/cartographer_ws/install/isaac_ros_bi3d_interfaces:/workspace/cartographer_ws/install/isaac_ros_apriltag_interfaces:/workspace/cartographer_ws/install/control_msgs:/workspace/cartographer_ws/install/cartographer_ros_msgs:/workspace/cartographer_ws/install/cartographer:/workspace/cartographer_ws/install/absl:/workspaces/isaac_ros-dev/install/qcar2_autonomy:/workspace/cartographer_ws/install/isaac_ros_test:/opt/ros/humble LD_LIBRARY_PATH=/workspaces/isaac_ros-dev/install/isaac_ros_gxf/lib:/workspaces/isaac_ros-dev/install/gxf_isaac_sight/lib:/workspaces/isaac_ros-dev/install/gxf_isaac_optimizer/lib:/workspaces/isaac_ros-dev/install/gxf_isaac_message_compositor/lib:/workspaces/isaac_ros-dev/install/gxf_isaac_gxf_helpers/lib:/workspaces/isaac_ros-dev/install/gxf_isaac_atlas/lib:/workspaces/isaac_ros-dev/install/gxf_isaac_gems/lib:/workspaces/isaac_ros-dev/install/isaac_ros_visual_slam_interfaces/lib:/workspaces/isaac_ros-dev/install/isaac_ros_nitros_interfaces/lib:/workspaces/isaac_ros-dev/install/qcar2_interfaces/lib:/workspace/cartographer_ws/install/pcl_ros/lib:/workspace/cartographer_ws/install/cartographer_rviz/lib:/workspace/cartographer_ws/install/cartographer_ros/lib:/workspace/cartographer_ws/install/pcl_msgs/lib:/workspace/cartographer_ws/install/isaac_ros_tensor_list_interfaces/lib:/workspace/cartographer_ws/install/isaac_ros_pointcloud_interfaces/lib:/workspace/cartographer_ws/install/isaac_ros_nova_interfaces/lib:/workspace/cartographer_ws/install/isaac_ros_nitros_bridge_interfaces/lib:/workspace/cartographer_ws/install/isaac_ros_common/lib:/workspace/cartographer_ws/install/isaac_ros_bi3d_interfaces/lib:/workspace/cartographer_ws/install/isaac_ros_apriltag_interfaces/lib:/workspace/cartographer_ws/install/control_msgs/lib:/workspace/cartographer_ws/install/cartographer_ros_msgs/lib:/opt/ros/humble/opt/rviz_ogre_vendor/lib:/opt/ros/humble/lib/x86_64-linux-gnu:/opt/ros/humble/lib:/opt/tritonserver/backends/onnxruntime:/usr/local/cuda/compat/lib:/usr/local/nvidia/lib:/usr/local/nvidia/lib64:/opt/tritonserver/lib /usr/bin/cmake /workspaces/isaac_ros-dev/ros2/src/isaac_ros_nitros/isaac_ros_gxf_extensions/gxf_isaac_gxf_helpers -DAMENT_CMAKE_SYMLINK_INSTALL=1 -DCMAKE_INSTALL_PREFIX=/workspaces/isaac_ros-dev/install/gxf_isaac_gxf_helpers
[7.304s] DEBUG:colcon.colcon_core.event_handler.log_command:Invoked command in '/workspaces/isaac_ros-dev/build/gxf_isaac_gxf_helpers' returned '0': CMAKE_PREFIX_PATH=/workspaces/isaac_ros-dev/install/gxf_isaac_gems:/workspaces/isaac_ros-dev/install/isaac_ros_gxf:/workspaces/isaac_ros-dev/install/magic_enum:/workspaces/isaac_ros-dev/install/gxf_isaac_sight:/workspaces/isaac_ros-dev/install/gxf_isaac_optimizer:/workspaces/isaac_ros-dev/install/gxf_isaac_message_compositor:/workspaces/isaac_ros-dev/install/gxf_isaac_gxf_helpers:/workspaces/isaac_ros-dev/install/gxf_isaac_atlas:/workspaces/isaac_ros-dev/install/isaac_ros_visual_slam_interfaces:/workspaces/isaac_ros-dev/install/isaac_ros_nitros_interfaces:/workspaces/isaac_ros-dev/install/qcar2_nodes:/workspaces/isaac_ros-dev/install/qcar2_interfaces:/workspace/cartographer_ws/install/perception_pcl:/workspace/cartographer_ws/install/pcl_ros:/workspace/cartographer_ws/install/cartographer_rviz:/workspace/cartographer_ws/install/cartographer_ros:/workspace/cartographer_ws/install/pcl_conversions:/workspace/cartographer_ws/install/pcl_msgs:/workspace/cartographer_ws/install/isaac_ros_tensor_list_interfaces:/workspace/cartographer_ws/install/isaac_ros_pointcloud_interfaces:/workspace/cartographer_ws/install/isaac_ros_nova_interfaces:/workspace/cartographer_ws/install/isaac_ros_nitros_bridge_interfaces:/workspace/cartographer_ws/install/isaac_ros_common:/workspace/cartographer_ws/install/isaac_ros_bi3d_interfaces:/workspace/cartographer_ws/install/isaac_ros_apriltag_interfaces:/workspace/cartographer_ws/install/control_msgs:/workspace/cartographer_ws/install/cartographer_ros_msgs:/workspace/cartographer_ws/install/cartographer:/workspace/cartographer_ws/install/absl:/workspaces/isaac_ros-dev/install/qcar2_autonomy:/workspace/cartographer_ws/install/isaac_ros_test:/opt/ros/humble LD_LIBRARY_PATH=/workspaces/isaac_ros-dev/install/isaac_ros_gxf/lib:/workspaces/isaac_ros-dev/install/gxf_isaac_sight/lib:/workspaces/isaac_ros-dev/install/gxf_isaac_optimizer/lib:/workspaces/isaac_ros-dev/install/gxf_isaac_message_compositor/lib:/workspaces/isaac_ros-dev/install/gxf_isaac_gxf_helpers/lib:/workspaces/isaac_ros-dev/install/gxf_isaac_atlas/lib:/workspaces/isaac_ros-dev/install/gxf_isaac_gems/lib:/workspaces/isaac_ros-dev/install/isaac_ros_visual_slam_interfaces/lib:/workspaces/isaac_ros-dev/install/isaac_ros_nitros_interfaces/lib:/workspaces/isaac_ros-dev/install/qcar2_interfaces/lib:/workspace/cartographer_ws/install/pcl_ros/lib:/workspace/cartographer_ws/install/cartographer_rviz/lib:/workspace/cartographer_ws/install/cartographer_ros/lib:/workspace/cartographer_ws/install/pcl_msgs/lib:/workspace/cartographer_ws/install/isaac_ros_tensor_list_interfaces/lib:/workspace/cartographer_ws/install/isaac_ros_pointcloud_interfaces/lib:/workspace/cartographer_ws/install/isaac_ros_nova_interfaces/lib:/workspace/cartographer_ws/install/isaac_ros_nitros_bridge_interfaces/lib:/workspace/cartographer_ws/install/isaac_ros_common/lib:/workspace/cartographer_ws/install/isaac_ros_bi3d_interfaces/lib:/workspace/cartographer_ws/install/isaac_ros_apriltag_interfaces/lib:/workspace/cartographer_ws/install/control_msgs/lib:/workspace/cartographer_ws/install/cartographer_ros_msgs/lib:/opt/ros/humble/opt/rviz_ogre_vendor/lib:/opt/ros/humble/lib/x86_64-linux-gnu:/opt/ros/humble/lib:/opt/tritonserver/backends/onnxruntime:/usr/local/cuda/compat/lib:/usr/local/nvidia/lib:/usr/local/nvidia/lib64:/opt/tritonserver/lib /usr/bin/cmake /workspaces/isaac_ros-dev/ros2/src/isaac_ros_nitros/isaac_ros_gxf_extensions/gxf_isaac_gxf_helpers -DAMENT_CMAKE_SYMLINK_INSTALL=1 -DCMAKE_INSTALL_PREFIX=/workspaces/isaac_ros-dev/install/gxf_isaac_gxf_helpers
[7.306s] DEBUG:colcon.colcon_core.event_handler.log_command:Invoking command in '/workspaces/isaac_ros-dev/build/gxf_isaac_gxf_helpers': CMAKE_PREFIX_PATH=/workspaces/isaac_ros-dev/install/gxf_isaac_gems:/workspaces/isaac_ros-dev/install/isaac_ros_gxf:/workspaces/isaac_ros-dev/install/magic_enum:/workspaces/isaac_ros-dev/install/gxf_isaac_sight:/workspaces/isaac_ros-dev/install/gxf_isaac_optimizer:/workspaces/isaac_ros-dev/install/gxf_isaac_message_compositor:/workspaces/isaac_ros-dev/install/gxf_isaac_gxf_helpers:/workspaces/isaac_ros-dev/install/gxf_isaac_atlas:/workspaces/isaac_ros-dev/install/isaac_ros_visual_slam_interfaces:/workspaces/isaac_ros-dev/install/isaac_ros_nitros_interfaces:/workspaces/isaac_ros-dev/install/qcar2_nodes:/workspaces/isaac_ros-dev/install/qcar2_interfaces:/workspace/cartographer_ws/install/perception_pcl:/workspace/cartographer_ws/install/pcl_ros:/workspace/cartographer_ws/install/cartographer_rviz:/workspace/cartographer_ws/install/cartographer_ros:/workspace/cartographer_ws/install/pcl_conversions:/workspace/cartographer_ws/install/pcl_msgs:/workspace/cartographer_ws/install/isaac_ros_tensor_list_interfaces:/workspace/cartographer_ws/install/isaac_ros_pointcloud_interfaces:/workspace/cartographer_ws/install/isaac_ros_nova_interfaces:/workspace/cartographer_ws/install/isaac_ros_nitros_bridge_interfaces:/workspace/cartographer_ws/install/isaac_ros_common:/workspace/cartographer_ws/install/isaac_ros_bi3d_interfaces:/workspace/cartographer_ws/install/isaac_ros_apriltag_interfaces:/workspace/cartographer_ws/install/control_msgs:/workspace/cartographer_ws/install/cartographer_ros_msgs:/workspace/cartographer_ws/install/cartographer:/workspace/cartographer_ws/install/absl:/workspaces/isaac_ros-dev/install/qcar2_autonomy:/workspace/cartographer_ws/install/isaac_ros_test:/opt/ros/humble LD_LIBRARY_PATH=/workspaces/isaac_ros-dev/install/isaac_ros_gxf/lib:/workspaces/isaac_ros-dev/install/gxf_isaac_sight/lib:/workspaces/isaac_ros-dev/install/gxf_isaac_optimizer/lib:/workspaces/isaac_ros-dev/install/gxf_isaac_message_compositor/lib:/workspaces/isaac_ros-dev/install/gxf_isaac_gxf_helpers/lib:/workspaces/isaac_ros-dev/install/gxf_isaac_atlas/lib:/workspaces/isaac_ros-dev/install/gxf_isaac_gems/lib:/workspaces/isaac_ros-dev/install/isaac_ros_visual_slam_interfaces/lib:/workspaces/isaac_ros-dev/install/isaac_ros_nitros_interfaces/lib:/workspaces/isaac_ros-dev/install/qcar2_interfaces/lib:/workspace/cartographer_ws/install/pcl_ros/lib:/workspace/cartographer_ws/install/cartographer_rviz/lib:/workspace/cartographer_ws/install/cartographer_ros/lib:/workspace/cartographer_ws/install/pcl_msgs/lib:/workspace/cartographer_ws/install/isaac_ros_tensor_list_interfaces/lib:/workspace/cartographer_ws/install/isaac_ros_pointcloud_interfaces/lib:/workspace/cartographer_ws/install/isaac_ros_nova_interfaces/lib:/workspace/cartographer_ws/install/isaac_ros_nitros_bridge_interfaces/lib:/workspace/cartographer_ws/install/isaac_ros_common/lib:/workspace/cartographer_ws/install/isaac_ros_bi3d_interfaces/lib:/workspace/cartographer_ws/install/isaac_ros_apriltag_interfaces/lib:/workspace/cartographer_ws/install/control_msgs/lib:/workspace/cartographer_ws/install/cartographer_ros_msgs/lib:/opt/ros/humble/opt/rviz_ogre_vendor/lib:/opt/ros/humble/lib/x86_64-linux-gnu:/opt/ros/humble/lib:/opt/tritonserver/backends/onnxruntime:/usr/local/cuda/compat/lib:/usr/local/nvidia/lib:/usr/local/nvidia/lib64:/opt/tritonserver/lib /usr/bin/cmake --build /workspaces/isaac_ros-dev/build/gxf_isaac_gxf_helpers -- -j20 -l20
[7.309s] DEBUG:colcon.colcon_core.event_handler.log_command:Invoked command in '/workspaces/isaac_ros-dev/build/gxf_isaac_atlas' returned '0': CMAKE_PREFIX_PATH=/workspaces/isaac_ros-dev/install/gxf_isaac_gems:/workspaces/isaac_ros-dev/install/isaac_ros_gxf:/workspaces/isaac_ros-dev/install/magic_enum:/workspaces/isaac_ros-dev/install/gxf_isaac_sight:/workspaces/isaac_ros-dev/install/gxf_isaac_optimizer:/workspaces/isaac_ros-dev/install/gxf_isaac_message_compositor:/workspaces/isaac_ros-dev/install/gxf_isaac_gxf_helpers:/workspaces/isaac_ros-dev/install/gxf_isaac_atlas:/workspaces/isaac_ros-dev/install/isaac_ros_visual_slam_interfaces:/workspaces/isaac_ros-dev/install/isaac_ros_nitros_interfaces:/workspaces/isaac_ros-dev/install/qcar2_nodes:/workspaces/isaac_ros-dev/install/qcar2_interfaces:/workspace/cartographer_ws/install/perception_pcl:/workspace/cartographer_ws/install/pcl_ros:/workspace/cartographer_ws/install/cartographer_rviz:/workspace/cartographer_ws/install/cartographer_ros:/workspace/cartographer_ws/install/pcl_conversions:/workspace/cartographer_ws/install/pcl_msgs:/workspace/cartographer_ws/install/isaac_ros_tensor_list_interfaces:/workspace/cartographer_ws/install/isaac_ros_pointcloud_interfaces:/workspace/cartographer_ws/install/isaac_ros_nova_interfaces:/workspace/cartographer_ws/install/isaac_ros_nitros_bridge_interfaces:/workspace/cartographer_ws/install/isaac_ros_common:/workspace/cartographer_ws/install/isaac_ros_bi3d_interfaces:/workspace/cartographer_ws/install/isaac_ros_apriltag_interfaces:/workspace/cartographer_ws/install/control_msgs:/workspace/cartographer_ws/install/cartographer_ros_msgs:/workspace/cartographer_ws/install/cartographer:/workspace/cartographer_ws/install/absl:/workspaces/isaac_ros-dev/install/qcar2_autonomy:/workspace/cartographer_ws/install/isaac_ros_test:/opt/ros/humble LD_LIBRARY_PATH=/workspaces/isaac_ros-dev/install/isaac_ros_gxf/lib:/workspaces/isaac_ros-dev/install/gxf_isaac_sight/lib:/workspaces/isaac_ros-dev/install/gxf_isaac_optimizer/lib:/workspaces/isaac_ros-dev/install/gxf_isaac_message_compositor/lib:/workspaces/isaac_ros-dev/install/gxf_isaac_gxf_helpers/lib:/workspaces/isaac_ros-dev/install/gxf_isaac_atlas/lib:/workspaces/isaac_ros-dev/install/gxf_isaac_gems/lib:/workspaces/isaac_ros-dev/install/isaac_ros_visual_slam_interfaces/lib:/workspaces/isaac_ros-dev/install/isaac_ros_nitros_interfaces/lib:/workspaces/isaac_ros-dev/install/qcar2_interfaces/lib:/workspace/cartographer_ws/install/pcl_ros/lib:/workspace/cartographer_ws/install/cartographer_rviz/lib:/workspace/cartographer_ws/install/cartographer_ros/lib:/workspace/cartographer_ws/install/pcl_msgs/lib:/workspace/cartographer_ws/install/isaac_ros_tensor_list_interfaces/lib:/workspace/cartographer_ws/install/isaac_ros_pointcloud_interfaces/lib:/workspace/cartographer_ws/install/isaac_ros_nova_interfaces/lib:/workspace/cartographer_ws/install/isaac_ros_nitros_bridge_interfaces/lib:/workspace/cartographer_ws/install/isaac_ros_common/lib:/workspace/cartographer_ws/install/isaac_ros_bi3d_interfaces/lib:/workspace/cartographer_ws/install/isaac_ros_apriltag_interfaces/lib:/workspace/cartographer_ws/install/control_msgs/lib:/workspace/cartographer_ws/install/cartographer_ros_msgs/lib:/opt/ros/humble/opt/rviz_ogre_vendor/lib:/opt/ros/humble/lib/x86_64-linux-gnu:/opt/ros/humble/lib:/opt/tritonserver/backends/onnxruntime:/usr/local/cuda/compat/lib:/usr/local/nvidia/lib:/usr/local/nvidia/lib64:/opt/tritonserver/lib /usr/bin/cmake /workspaces/isaac_ros-dev/ros2/src/isaac_ros_nitros/isaac_ros_gxf_extensions/gxf_isaac_atlas -DAMENT_CMAKE_SYMLINK_INSTALL=1 -DCMAKE_INSTALL_PREFIX=/workspaces/isaac_ros-dev/install/gxf_isaac_atlas
[7.311s] DEBUG:colcon.colcon_core.event_handler.log_command:Invoking command in '/workspaces/isaac_ros-dev/build/gxf_isaac_atlas': CMAKE_PREFIX_PATH=/workspaces/isaac_ros-dev/install/gxf_isaac_gems:/workspaces/isaac_ros-dev/install/isaac_ros_gxf:/workspaces/isaac_ros-dev/install/magic_enum:/workspaces/isaac_ros-dev/install/gxf_isaac_sight:/workspaces/isaac_ros-dev/install/gxf_isaac_optimizer:/workspaces/isaac_ros-dev/install/gxf_isaac_message_compositor:/workspaces/isaac_ros-dev/install/gxf_isaac_gxf_helpers:/workspaces/isaac_ros-dev/install/gxf_isaac_atlas:/workspaces/isaac_ros-dev/install/isaac_ros_visual_slam_interfaces:/workspaces/isaac_ros-dev/install/isaac_ros_nitros_interfaces:/workspaces/isaac_ros-dev/install/qcar2_nodes:/workspaces/isaac_ros-dev/install/qcar2_interfaces:/workspace/cartographer_ws/install/perception_pcl:/workspace/cartographer_ws/install/pcl_ros:/workspace/cartographer_ws/install/cartographer_rviz:/workspace/cartographer_ws/install/cartographer_ros:/workspace/cartographer_ws/install/pcl_conversions:/workspace/cartographer_ws/install/pcl_msgs:/workspace/cartographer_ws/install/isaac_ros_tensor_list_interfaces:/workspace/cartographer_ws/install/isaac_ros_pointcloud_interfaces:/workspace/cartographer_ws/install/isaac_ros_nova_interfaces:/workspace/cartographer_ws/install/isaac_ros_nitros_bridge_interfaces:/workspace/cartographer_ws/install/isaac_ros_common:/workspace/cartographer_ws/install/isaac_ros_bi3d_interfaces:/workspace/cartographer_ws/install/isaac_ros_apriltag_interfaces:/workspace/cartographer_ws/install/control_msgs:/workspace/cartographer_ws/install/cartographer_ros_msgs:/workspace/cartographer_ws/install/cartographer:/workspace/cartographer_ws/install/absl:/workspaces/isaac_ros-dev/install/qcar2_autonomy:/workspace/cartographer_ws/install/isaac_ros_test:/opt/ros/humble LD_LIBRARY_PATH=/workspaces/isaac_ros-dev/install/isaac_ros_gxf/lib:/workspaces/isaac_ros-dev/install/gxf_isaac_sight/lib:/workspaces/isaac_ros-dev/install/gxf_isaac_optimizer/lib:/workspaces/isaac_ros-dev/install/gxf_isaac_message_compositor/lib:/workspaces/isaac_ros-dev/install/gxf_isaac_gxf_helpers/lib:/workspaces/isaac_ros-dev/install/gxf_isaac_atlas/lib:/workspaces/isaac_ros-dev/install/gxf_isaac_gems/lib:/workspaces/isaac_ros-dev/install/isaac_ros_visual_slam_interfaces/lib:/workspaces/isaac_ros-dev/install/isaac_ros_nitros_interfaces/lib:/workspaces/isaac_ros-dev/install/qcar2_interfaces/lib:/workspace/cartographer_ws/install/pcl_ros/lib:/workspace/cartographer_ws/install/cartographer_rviz/lib:/workspace/cartographer_ws/install/cartographer_ros/lib:/workspace/cartographer_ws/install/pcl_msgs/lib:/workspace/cartographer_ws/install/isaac_ros_tensor_list_interfaces/lib:/workspace/cartographer_ws/install/isaac_ros_pointcloud_interfaces/lib:/workspace/cartographer_ws/install/isaac_ros_nova_interfaces/lib:/workspace/cartographer_ws/install/isaac_ros_nitros_bridge_interfaces/lib:/workspace/cartographer_ws/install/isaac_ros_common/lib:/workspace/cartographer_ws/install/isaac_ros_bi3d_interfaces/lib:/workspace/cartographer_ws/install/isaac_ros_apriltag_interfaces/lib:/workspace/cartographer_ws/install/control_msgs/lib:/workspace/cartographer_ws/install/cartographer_ros_msgs/lib:/opt/ros/humble/opt/rviz_ogre_vendor/lib:/opt/ros/humble/lib/x86_64-linux-gnu:/opt/ros/humble/lib:/opt/tritonserver/backends/onnxruntime:/usr/local/cuda/compat/lib:/usr/local/nvidia/lib:/usr/local/nvidia/lib64:/opt/tritonserver/lib /usr/bin/cmake --build /workspaces/isaac_ros-dev/build/gxf_isaac_atlas -- -j20 -l20
[7.325s] DEBUG:colcon.colcon_core.event_handler.log_command:Invoked command in '/workspaces/isaac_ros-dev/build/gxf_isaac_gxf_helpers' returned '0': CMAKE_PREFIX_PATH=/workspaces/isaac_ros-dev/install/gxf_isaac_gems:/workspaces/isaac_ros-dev/install/isaac_ros_gxf:/workspaces/isaac_ros-dev/install/magic_enum:/workspaces/isaac_ros-dev/install/gxf_isaac_sight:/workspaces/isaac_ros-dev/install/gxf_isaac_optimizer:/workspaces/isaac_ros-dev/install/gxf_isaac_message_compositor:/workspaces/isaac_ros-dev/install/gxf_isaac_gxf_helpers:/workspaces/isaac_ros-dev/install/gxf_isaac_atlas:/workspaces/isaac_ros-dev/install/isaac_ros_visual_slam_interfaces:/workspaces/isaac_ros-dev/install/isaac_ros_nitros_interfaces:/workspaces/isaac_ros-dev/install/qcar2_nodes:/workspaces/isaac_ros-dev/install/qcar2_interfaces:/workspace/cartographer_ws/install/perception_pcl:/workspace/cartographer_ws/install/pcl_ros:/workspace/cartographer_ws/install/cartographer_rviz:/workspace/cartographer_ws/install/cartographer_ros:/workspace/cartographer_ws/install/pcl_conversions:/workspace/cartographer_ws/install/pcl_msgs:/workspace/cartographer_ws/install/isaac_ros_tensor_list_interfaces:/workspace/cartographer_ws/install/isaac_ros_pointcloud_interfaces:/workspace/cartographer_ws/install/isaac_ros_nova_interfaces:/workspace/cartographer_ws/install/isaac_ros_nitros_bridge_interfaces:/workspace/cartographer_ws/install/isaac_ros_common:/workspace/cartographer_ws/install/isaac_ros_bi3d_interfaces:/workspace/cartographer_ws/install/isaac_ros_apriltag_interfaces:/workspace/cartographer_ws/install/control_msgs:/workspace/cartographer_ws/install/cartographer_ros_msgs:/workspace/cartographer_ws/install/cartographer:/workspace/cartographer_ws/install/absl:/workspaces/isaac_ros-dev/install/qcar2_autonomy:/workspace/cartographer_ws/install/isaac_ros_test:/opt/ros/humble LD_LIBRARY_PATH=/workspaces/isaac_ros-dev/install/isaac_ros_gxf/lib:/workspaces/isaac_ros-dev/install/gxf_isaac_sight/lib:/workspaces/isaac_ros-dev/install/gxf_isaac_optimizer/lib:/workspaces/isaac_ros-dev/install/gxf_isaac_message_compositor/lib:/workspaces/isaac_ros-dev/install/gxf_isaac_gxf_helpers/lib:/workspaces/isaac_ros-dev/install/gxf_isaac_atlas/lib:/workspaces/isaac_ros-dev/install/gxf_isaac_gems/lib:/workspaces/isaac_ros-dev/install/isaac_ros_visual_slam_interfaces/lib:/workspaces/isaac_ros-dev/install/isaac_ros_nitros_interfaces/lib:/workspaces/isaac_ros-dev/install/qcar2_interfaces/lib:/workspace/cartographer_ws/install/pcl_ros/lib:/workspace/cartographer_ws/install/cartographer_rviz/lib:/workspace/cartographer_ws/install/cartographer_ros/lib:/workspace/cartographer_ws/install/pcl_msgs/lib:/workspace/cartographer_ws/install/isaac_ros_tensor_list_interfaces/lib:/workspace/cartographer_ws/install/isaac_ros_pointcloud_interfaces/lib:/workspace/cartographer_ws/install/isaac_ros_nova_interfaces/lib:/workspace/cartographer_ws/install/isaac_ros_nitros_bridge_interfaces/lib:/workspace/cartographer_ws/install/isaac_ros_common/lib:/workspace/cartographer_ws/install/isaac_ros_bi3d_interfaces/lib:/workspace/cartographer_ws/install/isaac_ros_apriltag_interfaces/lib:/workspace/cartographer_ws/install/control_msgs/lib:/workspace/cartographer_ws/install/cartographer_ros_msgs/lib:/opt/ros/humble/opt/rviz_ogre_vendor/lib:/opt/ros/humble/lib/x86_64-linux-gnu:/opt/ros/humble/lib:/opt/tritonserver/backends/onnxruntime:/usr/local/cuda/compat/lib:/usr/local/nvidia/lib:/usr/local/nvidia/lib64:/opt/tritonserver/lib /usr/bin/cmake --build /workspaces/isaac_ros-dev/build/gxf_isaac_gxf_helpers -- -j20 -l20
[7.329s] DEBUG:colcon.colcon_core.event_handler.log_command:Invoked command in '/workspaces/isaac_ros-dev/build/gxf_isaac_atlas' returned '0': CMAKE_PREFIX_PATH=/workspaces/isaac_ros-dev/install/gxf_isaac_gems:/workspaces/isaac_ros-dev/install/isaac_ros_gxf:/workspaces/isaac_ros-dev/install/magic_enum:/workspaces/isaac_ros-dev/install/gxf_isaac_sight:/workspaces/isaac_ros-dev/install/gxf_isaac_optimizer:/workspaces/isaac_ros-dev/install/gxf_isaac_message_compositor:/workspaces/isaac_ros-dev/install/gxf_isaac_gxf_helpers:/workspaces/isaac_ros-dev/install/gxf_isaac_atlas:/workspaces/isaac_ros-dev/install/isaac_ros_visual_slam_interfaces:/workspaces/isaac_ros-dev/install/isaac_ros_nitros_interfaces:/workspaces/isaac_ros-dev/install/qcar2_nodes:/workspaces/isaac_ros-dev/install/qcar2_interfaces:/workspace/cartographer_ws/install/perception_pcl:/workspace/cartographer_ws/install/pcl_ros:/workspace/cartographer_ws/install/cartographer_rviz:/workspace/cartographer_ws/install/cartographer_ros:/workspace/cartographer_ws/install/pcl_conversions:/workspace/cartographer_ws/install/pcl_msgs:/workspace/cartographer_ws/install/isaac_ros_tensor_list_interfaces:/workspace/cartographer_ws/install/isaac_ros_pointcloud_interfaces:/workspace/cartographer_ws/install/isaac_ros_nova_interfaces:/workspace/cartographer_ws/install/isaac_ros_nitros_bridge_interfaces:/workspace/cartographer_ws/install/isaac_ros_common:/workspace/cartographer_ws/install/isaac_ros_bi3d_interfaces:/workspace/cartographer_ws/install/isaac_ros_apriltag_interfaces:/workspace/cartographer_ws/install/control_msgs:/workspace/cartographer_ws/install/cartographer_ros_msgs:/workspace/cartographer_ws/install/cartographer:/workspace/cartographer_ws/install/absl:/workspaces/isaac_ros-dev/install/qcar2_autonomy:/workspace/cartographer_ws/install/isaac_ros_test:/opt/ros/humble LD_LIBRARY_PATH=/workspaces/isaac_ros-dev/install/isaac_ros_gxf/lib:/workspaces/isaac_ros-dev/install/gxf_isaac_sight/lib:/workspaces/isaac_ros-dev/install/gxf_isaac_optimizer/lib:/workspaces/isaac_ros-dev/install/gxf_isaac_message_compositor/lib:/workspaces/isaac_ros-dev/install/gxf_isaac_gxf_helpers/lib:/workspaces/isaac_ros-dev/install/gxf_isaac_atlas/lib:/workspaces/isaac_ros-dev/install/gxf_isaac_gems/lib:/workspaces/isaac_ros-dev/install/isaac_ros_visual_slam_interfaces/lib:/workspaces/isaac_ros-dev/install/isaac_ros_nitros_interfaces/lib:/workspaces/isaac_ros-dev/install/qcar2_interfaces/lib:/workspace/cartographer_ws/install/pcl_ros/lib:/workspace/cartographer_ws/install/cartographer_rviz/lib:/workspace/cartographer_ws/install/cartographer_ros/lib:/workspace/cartographer_ws/install/pcl_msgs/lib:/workspace/cartographer_ws/install/isaac_ros_tensor_list_interfaces/lib:/workspace/cartographer_ws/install/isaac_ros_pointcloud_interfaces/lib:/workspace/cartographer_ws/install/isaac_ros_nova_interfaces/lib:/workspace/cartographer_ws/install/isaac_ros_nitros_bridge_interfaces/lib:/workspace/cartographer_ws/install/isaac_ros_common/lib:/workspace/cartographer_ws/install/isaac_ros_bi3d_interfaces/lib:/workspace/cartographer_ws/install/isaac_ros_apriltag_interfaces/lib:/workspace/cartographer_ws/install/control_msgs/lib:/workspace/cartographer_ws/install/cartographer_ros_msgs/lib:/opt/ros/humble/opt/rviz_ogre_vendor/lib:/opt/ros/humble/lib/x86_64-linux-gnu:/opt/ros/humble/lib:/opt/tritonserver/backends/onnxruntime:/usr/local/cuda/compat/lib:/usr/local/nvidia/lib:/usr/local/nvidia/lib64:/opt/tritonserver/lib /usr/bin/cmake --build /workspaces/isaac_ros-dev/build/gxf_isaac_atlas -- -j20 -l20
[7.353s] DEBUG:colcon.colcon_core.event_handler.log_command:Invoking command in '/workspaces/isaac_ros-dev/build/gxf_isaac_gxf_helpers': CMAKE_PREFIX_PATH=/workspaces/isaac_ros-dev/install/gxf_isaac_gems:/workspaces/isaac_ros-dev/install/isaac_ros_gxf:/workspaces/isaac_ros-dev/install/magic_enum:/workspaces/isaac_ros-dev/install/gxf_isaac_sight:/workspaces/isaac_ros-dev/install/gxf_isaac_optimizer:/workspaces/isaac_ros-dev/install/gxf_isaac_message_compositor:/workspaces/isaac_ros-dev/install/gxf_isaac_gxf_helpers:/workspaces/isaac_ros-dev/install/gxf_isaac_atlas:/workspaces/isaac_ros-dev/install/isaac_ros_visual_slam_interfaces:/workspaces/isaac_ros-dev/install/isaac_ros_nitros_interfaces:/workspaces/isaac_ros-dev/install/qcar2_nodes:/workspaces/isaac_ros-dev/install/qcar2_interfaces:/workspace/cartographer_ws/install/perception_pcl:/workspace/cartographer_ws/install/pcl_ros:/workspace/cartographer_ws/install/cartographer_rviz:/workspace/cartographer_ws/install/cartographer_ros:/workspace/cartographer_ws/install/pcl_conversions:/workspace/cartographer_ws/install/pcl_msgs:/workspace/cartographer_ws/install/isaac_ros_tensor_list_interfaces:/workspace/cartographer_ws/install/isaac_ros_pointcloud_interfaces:/workspace/cartographer_ws/install/isaac_ros_nova_interfaces:/workspace/cartographer_ws/install/isaac_ros_nitros_bridge_interfaces:/workspace/cartographer_ws/install/isaac_ros_common:/workspace/cartographer_ws/install/isaac_ros_bi3d_interfaces:/workspace/cartographer_ws/install/isaac_ros_apriltag_interfaces:/workspace/cartographer_ws/install/control_msgs:/workspace/cartographer_ws/install/cartographer_ros_msgs:/workspace/cartographer_ws/install/cartographer:/workspace/cartographer_ws/install/absl:/workspaces/isaac_ros-dev/install/qcar2_autonomy:/workspace/cartographer_ws/install/isaac_ros_test:/opt/ros/humble LD_LIBRARY_PATH=/workspaces/isaac_ros-dev/install/isaac_ros_gxf/lib:/workspaces/isaac_ros-dev/install/gxf_isaac_sight/lib:/workspaces/isaac_ros-dev/install/gxf_isaac_optimizer/lib:/workspaces/isaac_ros-dev/install/gxf_isaac_message_compositor/lib:/workspaces/isaac_ros-dev/install/gxf_isaac_gxf_helpers/lib:/workspaces/isaac_ros-dev/install/gxf_isaac_atlas/lib:/workspaces/isaac_ros-dev/install/gxf_isaac_gems/lib:/workspaces/isaac_ros-dev/install/isaac_ros_visual_slam_interfaces/lib:/workspaces/isaac_ros-dev/install/isaac_ros_nitros_interfaces/lib:/workspaces/isaac_ros-dev/install/qcar2_interfaces/lib:/workspace/cartographer_ws/install/pcl_ros/lib:/workspace/cartographer_ws/install/cartographer_rviz/lib:/workspace/cartographer_ws/install/cartographer_ros/lib:/workspace/cartographer_ws/install/pcl_msgs/lib:/workspace/cartographer_ws/install/isaac_ros_tensor_list_interfaces/lib:/workspace/cartographer_ws/install/isaac_ros_pointcloud_interfaces/lib:/workspace/cartographer_ws/install/isaac_ros_nova_interfaces/lib:/workspace/cartographer_ws/install/isaac_ros_nitros_bridge_interfaces/lib:/workspace/cartographer_ws/install/isaac_ros_common/lib:/workspace/cartographer_ws/install/isaac_ros_bi3d_interfaces/lib:/workspace/cartographer_ws/install/isaac_ros_apriltag_interfaces/lib:/workspace/cartographer_ws/install/control_msgs/lib:/workspace/cartographer_ws/install/cartographer_ros_msgs/lib:/opt/ros/humble/opt/rviz_ogre_vendor/lib:/opt/ros/humble/lib/x86_64-linux-gnu:/opt/ros/humble/lib:/opt/tritonserver/backends/onnxruntime:/usr/local/cuda/compat/lib:/usr/local/nvidia/lib:/usr/local/nvidia/lib64:/opt/tritonserver/lib /usr/bin/cmake --install /workspaces/isaac_ros-dev/build/gxf_isaac_gxf_helpers
[7.356s] DEBUG:colcon.colcon_core.event_handler.log_command:Invoking command in '/workspaces/isaac_ros-dev/build/gxf_isaac_atlas': CMAKE_PREFIX_PATH=/workspaces/isaac_ros-dev/install/gxf_isaac_gems:/workspaces/isaac_ros-dev/install/isaac_ros_gxf:/workspaces/isaac_ros-dev/install/magic_enum:/workspaces/isaac_ros-dev/install/gxf_isaac_sight:/workspaces/isaac_ros-dev/install/gxf_isaac_optimizer:/workspaces/isaac_ros-dev/install/gxf_isaac_message_compositor:/workspaces/isaac_ros-dev/install/gxf_isaac_gxf_helpers:/workspaces/isaac_ros-dev/install/gxf_isaac_atlas:/workspaces/isaac_ros-dev/install/isaac_ros_visual_slam_interfaces:/workspaces/isaac_ros-dev/install/isaac_ros_nitros_interfaces:/workspaces/isaac_ros-dev/install/qcar2_nodes:/workspaces/isaac_ros-dev/install/qcar2_interfaces:/workspace/cartographer_ws/install/perception_pcl:/workspace/cartographer_ws/install/pcl_ros:/workspace/cartographer_ws/install/cartographer_rviz:/workspace/cartographer_ws/install/cartographer_ros:/workspace/cartographer_ws/install/pcl_conversions:/workspace/cartographer_ws/install/pcl_msgs:/workspace/cartographer_ws/install/isaac_ros_tensor_list_interfaces:/workspace/cartographer_ws/install/isaac_ros_pointcloud_interfaces:/workspace/cartographer_ws/install/isaac_ros_nova_interfaces:/workspace/cartographer_ws/install/isaac_ros_nitros_bridge_interfaces:/workspace/cartographer_ws/install/isaac_ros_common:/workspace/cartographer_ws/install/isaac_ros_bi3d_interfaces:/workspace/cartographer_ws/install/isaac_ros_apriltag_interfaces:/workspace/cartographer_ws/install/control_msgs:/workspace/cartographer_ws/install/cartographer_ros_msgs:/workspace/cartographer_ws/install/cartographer:/workspace/cartographer_ws/install/absl:/workspaces/isaac_ros-dev/install/qcar2_autonomy:/workspace/cartographer_ws/install/isaac_ros_test:/opt/ros/humble LD_LIBRARY_PATH=/workspaces/isaac_ros-dev/install/isaac_ros_gxf/lib:/workspaces/isaac_ros-dev/install/gxf_isaac_sight/lib:/workspaces/isaac_ros-dev/install/gxf_isaac_optimizer/lib:/workspaces/isaac_ros-dev/install/gxf_isaac_message_compositor/lib:/workspaces/isaac_ros-dev/install/gxf_isaac_gxf_helpers/lib:/workspaces/isaac_ros-dev/install/gxf_isaac_atlas/lib:/workspaces/isaac_ros-dev/install/gxf_isaac_gems/lib:/workspaces/isaac_ros-dev/install/isaac_ros_visual_slam_interfaces/lib:/workspaces/isaac_ros-dev/install/isaac_ros_nitros_interfaces/lib:/workspaces/isaac_ros-dev/install/qcar2_interfaces/lib:/workspace/cartographer_ws/install/pcl_ros/lib:/workspace/cartographer_ws/install/cartographer_rviz/lib:/workspace/cartographer_ws/install/cartographer_ros/lib:/workspace/cartographer_ws/install/pcl_msgs/lib:/workspace/cartographer_ws/install/isaac_ros_tensor_list_interfaces/lib:/workspace/cartographer_ws/install/isaac_ros_pointcloud_interfaces/lib:/workspace/cartographer_ws/install/isaac_ros_nova_interfaces/lib:/workspace/cartographer_ws/install/isaac_ros_nitros_bridge_interfaces/lib:/workspace/cartographer_ws/install/isaac_ros_common/lib:/workspace/cartographer_ws/install/isaac_ros_bi3d_interfaces/lib:/workspace/cartographer_ws/install/isaac_ros_apriltag_interfaces/lib:/workspace/cartographer_ws/install/control_msgs/lib:/workspace/cartographer_ws/install/cartographer_ros_msgs/lib:/opt/ros/humble/opt/rviz_ogre_vendor/lib:/opt/ros/humble/lib/x86_64-linux-gnu:/opt/ros/humble/lib:/opt/tritonserver/backends/onnxruntime:/usr/local/cuda/compat/lib:/usr/local/nvidia/lib:/usr/local/nvidia/lib64:/opt/tritonserver/lib /usr/bin/cmake --install /workspaces/isaac_ros-dev/build/gxf_isaac_atlas
[7.362s] Level 1:colcon.colcon_core.environment:create_environment_scripts_only(gxf_isaac_gxf_helpers)
[7.362s] DEBUG:colcon.colcon_core.event_handler.log_command:Invoked command in '/workspaces/isaac_ros-dev/build/gxf_isaac_gxf_helpers' returned '0': CMAKE_PREFIX_PATH=/workspaces/isaac_ros-dev/install/gxf_isaac_gems:/workspaces/isaac_ros-dev/install/isaac_ros_gxf:/workspaces/isaac_ros-dev/install/magic_enum:/workspaces/isaac_ros-dev/install/gxf_isaac_sight:/workspaces/isaac_ros-dev/install/gxf_isaac_optimizer:/workspaces/isaac_ros-dev/install/gxf_isaac_message_compositor:/workspaces/isaac_ros-dev/install/gxf_isaac_gxf_helpers:/workspaces/isaac_ros-dev/install/gxf_isaac_atlas:/workspaces/isaac_ros-dev/install/isaac_ros_visual_slam_interfaces:/workspaces/isaac_ros-dev/install/isaac_ros_nitros_interfaces:/workspaces/isaac_ros-dev/install/qcar2_nodes:/workspaces/isaac_ros-dev/install/qcar2_interfaces:/workspace/cartographer_ws/install/perception_pcl:/workspace/cartographer_ws/install/pcl_ros:/workspace/cartographer_ws/install/cartographer_rviz:/workspace/cartographer_ws/install/cartographer_ros:/workspace/cartographer_ws/install/pcl_conversions:/workspace/cartographer_ws/install/pcl_msgs:/workspace/cartographer_ws/install/isaac_ros_tensor_list_interfaces:/workspace/cartographer_ws/install/isaac_ros_pointcloud_interfaces:/workspace/cartographer_ws/install/isaac_ros_nova_interfaces:/workspace/cartographer_ws/install/isaac_ros_nitros_bridge_interfaces:/workspace/cartographer_ws/install/isaac_ros_common:/workspace/cartographer_ws/install/isaac_ros_bi3d_interfaces:/workspace/cartographer_ws/install/isaac_ros_apriltag_interfaces:/workspace/cartographer_ws/install/control_msgs:/workspace/cartographer_ws/install/cartographer_ros_msgs:/workspace/cartographer_ws/install/cartographer:/workspace/cartographer_ws/install/absl:/workspaces/isaac_ros-dev/install/qcar2_autonomy:/workspace/cartographer_ws/install/isaac_ros_test:/opt/ros/humble LD_LIBRARY_PATH=/workspaces/isaac_ros-dev/install/isaac_ros_gxf/lib:/workspaces/isaac_ros-dev/install/gxf_isaac_sight/lib:/workspaces/isaac_ros-dev/install/gxf_isaac_optimizer/lib:/workspaces/isaac_ros-dev/install/gxf_isaac_message_compositor/lib:/workspaces/isaac_ros-dev/install/gxf_isaac_gxf_helpers/lib:/workspaces/isaac_ros-dev/install/gxf_isaac_atlas/lib:/workspaces/isaac_ros-dev/install/gxf_isaac_gems/lib:/workspaces/isaac_ros-dev/install/isaac_ros_visual_slam_interfaces/lib:/workspaces/isaac_ros-dev/install/isaac_ros_nitros_interfaces/lib:/workspaces/isaac_ros-dev/install/qcar2_interfaces/lib:/workspace/cartographer_ws/install/pcl_ros/lib:/workspace/cartographer_ws/install/cartographer_rviz/lib:/workspace/cartographer_ws/install/cartographer_ros/lib:/workspace/cartographer_ws/install/pcl_msgs/lib:/workspace/cartographer_ws/install/isaac_ros_tensor_list_interfaces/lib:/workspace/cartographer_ws/install/isaac_ros_pointcloud_interfaces/lib:/workspace/cartographer_ws/install/isaac_ros_nova_interfaces/lib:/workspace/cartographer_ws/install/isaac_ros_nitros_bridge_interfaces/lib:/workspace/cartographer_ws/install/isaac_ros_common/lib:/workspace/cartographer_ws/install/isaac_ros_bi3d_interfaces/lib:/workspace/cartographer_ws/install/isaac_ros_apriltag_interfaces/lib:/workspace/cartographer_ws/install/control_msgs/lib:/workspace/cartographer_ws/install/cartographer_ros_msgs/lib:/opt/ros/humble/opt/rviz_ogre_vendor/lib:/opt/ros/humble/lib/x86_64-linux-gnu:/opt/ros/humble/lib:/opt/tritonserver/backends/onnxruntime:/usr/local/cuda/compat/lib:/usr/local/nvidia/lib:/usr/local/nvidia/lib64:/opt/tritonserver/lib /usr/bin/cmake --install /workspaces/isaac_ros-dev/build/gxf_isaac_gxf_helpers
[7.369s] Level 1:colcon.colcon_core.environment:checking '/workspaces/isaac_ros-dev/install/gxf_isaac_gxf_helpers' for CMake module files
[7.369s] Level 1:colcon.colcon_core.environment:checking '/workspaces/isaac_ros-dev/install/gxf_isaac_gxf_helpers' for CMake config files
[7.369s] Level 1:colcon.colcon_core.shell:create_environment_hook('gxf_isaac_gxf_helpers', 'cmake_prefix_path')
[7.375s] INFO:colcon.colcon_core.shell:Creating environment hook '/workspaces/isaac_ros-dev/install/gxf_isaac_gxf_helpers/share/gxf_isaac_gxf_helpers/hook/cmake_prefix_path.ps1'
[7.375s] INFO:colcon.colcon_core.shell:Creating environment descriptor '/workspaces/isaac_ros-dev/install/gxf_isaac_gxf_helpers/share/gxf_isaac_gxf_helpers/hook/cmake_prefix_path.dsv'
[7.375s] INFO:colcon.colcon_core.shell:Creating environment hook '/workspaces/isaac_ros-dev/install/gxf_isaac_gxf_helpers/share/gxf_isaac_gxf_helpers/hook/cmake_prefix_path.sh'
[7.376s] Level 1:colcon.colcon_core.environment:checking '/workspaces/isaac_ros-dev/install/gxf_isaac_gxf_helpers/bin'
[7.376s] Level 1:colcon.colcon_core.environment:checking '/workspaces/isaac_ros-dev/install/gxf_isaac_gxf_helpers/lib/pkgconfig/gxf_isaac_gxf_helpers.pc'
[7.376s] Level 1:colcon.colcon_core.environment:checking '/workspaces/isaac_ros-dev/install/gxf_isaac_gxf_helpers/lib/python3.8/site-packages'
[7.376s] Level 1:colcon.colcon_core.environment:checking '/workspaces/isaac_ros-dev/install/gxf_isaac_gxf_helpers/bin'
[7.383s] INFO:colcon.colcon_core.shell:Creating package script '/workspaces/isaac_ros-dev/install/gxf_isaac_gxf_helpers/share/gxf_isaac_gxf_helpers/package.ps1'
[7.383s] INFO:colcon.colcon_core.shell:Creating package descriptor '/workspaces/isaac_ros-dev/install/gxf_isaac_gxf_helpers/share/gxf_isaac_gxf_helpers/package.dsv'
[7.383s] INFO:colcon.colcon_core.shell:Creating package script '/workspaces/isaac_ros-dev/install/gxf_isaac_gxf_helpers/share/gxf_isaac_gxf_helpers/package.sh'
[7.384s] INFO:colcon.colcon_core.shell:Creating package script '/workspaces/isaac_ros-dev/install/gxf_isaac_gxf_helpers/share/gxf_isaac_gxf_helpers/package.bash'
[7.384s] INFO:colcon.colcon_core.shell:Creating package script '/workspaces/isaac_ros-dev/install/gxf_isaac_gxf_helpers/share/gxf_isaac_gxf_helpers/package.zsh'
[7.384s] Level 1:colcon.colcon_core.environment:create_file_with_runtime_dependencies(/workspaces/isaac_ros-dev/install/gxf_isaac_gxf_helpers/share/colcon-core/packages/gxf_isaac_gxf_helpers)
[7.388s] Level 1:colcon.colcon_core.environment:create_environment_scripts_only(gxf_isaac_atlas)
[7.388s] DEBUG:colcon.colcon_core.event_handler.log_command:Invoked command in '/workspaces/isaac_ros-dev/build/gxf_isaac_atlas' returned '0': CMAKE_PREFIX_PATH=/workspaces/isaac_ros-dev/install/gxf_isaac_gems:/workspaces/isaac_ros-dev/install/isaac_ros_gxf:/workspaces/isaac_ros-dev/install/magic_enum:/workspaces/isaac_ros-dev/install/gxf_isaac_sight:/workspaces/isaac_ros-dev/install/gxf_isaac_optimizer:/workspaces/isaac_ros-dev/install/gxf_isaac_message_compositor:/workspaces/isaac_ros-dev/install/gxf_isaac_gxf_helpers:/workspaces/isaac_ros-dev/install/gxf_isaac_atlas:/workspaces/isaac_ros-dev/install/isaac_ros_visual_slam_interfaces:/workspaces/isaac_ros-dev/install/isaac_ros_nitros_interfaces:/workspaces/isaac_ros-dev/install/qcar2_nodes:/workspaces/isaac_ros-dev/install/qcar2_interfaces:/workspace/cartographer_ws/install/perception_pcl:/workspace/cartographer_ws/install/pcl_ros:/workspace/cartographer_ws/install/cartographer_rviz:/workspace/cartographer_ws/install/cartographer_ros:/workspace/cartographer_ws/install/pcl_conversions:/workspace/cartographer_ws/install/pcl_msgs:/workspace/cartographer_ws/install/isaac_ros_tensor_list_interfaces:/workspace/cartographer_ws/install/isaac_ros_pointcloud_interfaces:/workspace/cartographer_ws/install/isaac_ros_nova_interfaces:/workspace/cartographer_ws/install/isaac_ros_nitros_bridge_interfaces:/workspace/cartographer_ws/install/isaac_ros_common:/workspace/cartographer_ws/install/isaac_ros_bi3d_interfaces:/workspace/cartographer_ws/install/isaac_ros_apriltag_interfaces:/workspace/cartographer_ws/install/control_msgs:/workspace/cartographer_ws/install/cartographer_ros_msgs:/workspace/cartographer_ws/install/cartographer:/workspace/cartographer_ws/install/absl:/workspaces/isaac_ros-dev/install/qcar2_autonomy:/workspace/cartographer_ws/install/isaac_ros_test:/opt/ros/humble LD_LIBRARY_PATH=/workspaces/isaac_ros-dev/install/isaac_ros_gxf/lib:/workspaces/isaac_ros-dev/install/gxf_isaac_sight/lib:/workspaces/isaac_ros-dev/install/gxf_isaac_optimizer/lib:/workspaces/isaac_ros-dev/install/gxf_isaac_message_compositor/lib:/workspaces/isaac_ros-dev/install/gxf_isaac_gxf_helpers/lib:/workspaces/isaac_ros-dev/install/gxf_isaac_atlas/lib:/workspaces/isaac_ros-dev/install/gxf_isaac_gems/lib:/workspaces/isaac_ros-dev/install/isaac_ros_visual_slam_interfaces/lib:/workspaces/isaac_ros-dev/install/isaac_ros_nitros_interfaces/lib:/workspaces/isaac_ros-dev/install/qcar2_interfaces/lib:/workspace/cartographer_ws/install/pcl_ros/lib:/workspace/cartographer_ws/install/cartographer_rviz/lib:/workspace/cartographer_ws/install/cartographer_ros/lib:/workspace/cartographer_ws/install/pcl_msgs/lib:/workspace/cartographer_ws/install/isaac_ros_tensor_list_interfaces/lib:/workspace/cartographer_ws/install/isaac_ros_pointcloud_interfaces/lib:/workspace/cartographer_ws/install/isaac_ros_nova_interfaces/lib:/workspace/cartographer_ws/install/isaac_ros_nitros_bridge_interfaces/lib:/workspace/cartographer_ws/install/isaac_ros_common/lib:/workspace/cartographer_ws/install/isaac_ros_bi3d_interfaces/lib:/workspace/cartographer_ws/install/isaac_ros_apriltag_interfaces/lib:/workspace/cartographer_ws/install/control_msgs/lib:/workspace/cartographer_ws/install/cartographer_ros_msgs/lib:/opt/ros/humble/opt/rviz_ogre_vendor/lib:/opt/ros/humble/lib/x86_64-linux-gnu:/opt/ros/humble/lib:/opt/tritonserver/backends/onnxruntime:/usr/local/cuda/compat/lib:/usr/local/nvidia/lib:/usr/local/nvidia/lib64:/opt/tritonserver/lib /usr/bin/cmake --install /workspaces/isaac_ros-dev/build/gxf_isaac_atlas
[7.399s] Level 1:colcon.colcon_core.environment:checking '/workspaces/isaac_ros-dev/install/gxf_isaac_atlas' for CMake module files
[7.399s] Level 1:colcon.colcon_core.environment:checking '/workspaces/isaac_ros-dev/install/gxf_isaac_atlas' for CMake config files
[7.399s] Level 1:colcon.colcon_core.shell:create_environment_hook('gxf_isaac_atlas', 'cmake_prefix_path')
[7.405s] INFO:colcon.colcon_core.shell:Creating environment hook '/workspaces/isaac_ros-dev/install/gxf_isaac_atlas/share/gxf_isaac_atlas/hook/cmake_prefix_path.ps1'
[7.405s] INFO:colcon.colcon_core.shell:Creating environment descriptor '/workspaces/isaac_ros-dev/install/gxf_isaac_atlas/share/gxf_isaac_atlas/hook/cmake_prefix_path.dsv'
[7.406s] INFO:colcon.colcon_core.shell:Creating environment hook '/workspaces/isaac_ros-dev/install/gxf_isaac_atlas/share/gxf_isaac_atlas/hook/cmake_prefix_path.sh'
[7.406s] Level 1:colcon.colcon_core.environment:checking '/workspaces/isaac_ros-dev/install/gxf_isaac_atlas/bin'
[7.406s] Level 1:colcon.colcon_core.environment:checking '/workspaces/isaac_ros-dev/install/gxf_isaac_atlas/lib/pkgconfig/gxf_isaac_atlas.pc'
[7.406s] Level 1:colcon.colcon_core.environment:checking '/workspaces/isaac_ros-dev/install/gxf_isaac_atlas/lib/python3.8/site-packages'
[7.406s] Level 1:colcon.colcon_core.environment:checking '/workspaces/isaac_ros-dev/install/gxf_isaac_atlas/bin'
[7.412s] INFO:colcon.colcon_core.shell:Creating package script '/workspaces/isaac_ros-dev/install/gxf_isaac_atlas/share/gxf_isaac_atlas/package.ps1'
[7.412s] INFO:colcon.colcon_core.shell:Creating package descriptor '/workspaces/isaac_ros-dev/install/gxf_isaac_atlas/share/gxf_isaac_atlas/package.dsv'
[7.413s] INFO:colcon.colcon_core.shell:Creating package script '/workspaces/isaac_ros-dev/install/gxf_isaac_atlas/share/gxf_isaac_atlas/package.sh'
[7.413s] INFO:colcon.colcon_core.shell:Creating package script '/workspaces/isaac_ros-dev/install/gxf_isaac_atlas/share/gxf_isaac_atlas/package.bash'
[7.413s] INFO:colcon.colcon_core.shell:Creating package script '/workspaces/isaac_ros-dev/install/gxf_isaac_atlas/share/gxf_isaac_atlas/package.zsh'
[7.413s] Level 1:colcon.colcon_core.environment:create_file_with_runtime_dependencies(/workspaces/isaac_ros-dev/install/gxf_isaac_atlas/share/colcon-core/packages/gxf_isaac_atlas)
[7.422s] Level 1:colcon.colcon_core.environment:create_environment_scripts_only(gxf_isaac_gxf_helpers)
[7.428s] Level 1:colcon.colcon_core.environment:checking '/workspaces/isaac_ros-dev/install/gxf_isaac_gxf_helpers' for CMake module files
[7.428s] Level 1:colcon.colcon_core.environment:checking '/workspaces/isaac_ros-dev/install/gxf_isaac_gxf_helpers' for CMake config files
[7.429s] Level 1:colcon.colcon_core.shell:create_environment_hook('gxf_isaac_gxf_helpers', 'cmake_prefix_path')
[7.434s] INFO:colcon.colcon_core.shell:Creating environment hook '/workspaces/isaac_ros-dev/install/gxf_isaac_gxf_helpers/share/gxf_isaac_gxf_helpers/hook/cmake_prefix_path.ps1'
[7.434s] INFO:colcon.colcon_core.shell:Creating environment descriptor '/workspaces/isaac_ros-dev/install/gxf_isaac_gxf_helpers/share/gxf_isaac_gxf_helpers/hook/cmake_prefix_path.dsv'
[7.435s] INFO:colcon.colcon_core.shell:Creating environment hook '/workspaces/isaac_ros-dev/install/gxf_isaac_gxf_helpers/share/gxf_isaac_gxf_helpers/hook/cmake_prefix_path.sh'
[7.435s] Level 1:colcon.colcon_core.environment:checking '/workspaces/isaac_ros-dev/install/gxf_isaac_gxf_helpers/bin'
[7.435s] Level 1:colcon.colcon_core.environment:checking '/workspaces/isaac_ros-dev/install/gxf_isaac_gxf_helpers/lib/pkgconfig/gxf_isaac_gxf_helpers.pc'
[7.435s] Level 1:colcon.colcon_core.environment:checking '/workspaces/isaac_ros-dev/install/gxf_isaac_gxf_helpers/lib/python3.8/site-packages'
[7.435s] Level 1:colcon.colcon_core.environment:checking '/workspaces/isaac_ros-dev/install/gxf_isaac_gxf_helpers/bin'
[7.441s] INFO:colcon.colcon_core.shell:Creating package script '/workspaces/isaac_ros-dev/install/gxf_isaac_gxf_helpers/share/gxf_isaac_gxf_helpers/package.ps1'
[7.441s] INFO:colcon.colcon_core.shell:Creating package descriptor '/workspaces/isaac_ros-dev/install/gxf_isaac_gxf_helpers/share/gxf_isaac_gxf_helpers/package.dsv'
[7.441s] INFO:colcon.colcon_core.shell:Creating package script '/workspaces/isaac_ros-dev/install/gxf_isaac_gxf_helpers/share/gxf_isaac_gxf_helpers/package.sh'
[7.442s] INFO:colcon.colcon_core.shell:Creating package script '/workspaces/isaac_ros-dev/install/gxf_isaac_gxf_helpers/share/gxf_isaac_gxf_helpers/package.bash'
[7.442s] INFO:colcon.colcon_core.shell:Creating package script '/workspaces/isaac_ros-dev/install/gxf_isaac_gxf_helpers/share/gxf_isaac_gxf_helpers/package.zsh'
[7.442s] Level 1:colcon.colcon_core.environment:create_file_with_runtime_dependencies(/workspaces/isaac_ros-dev/install/gxf_isaac_gxf_helpers/share/colcon-core/packages/gxf_isaac_gxf_helpers)
[7.449s] Level 1:colcon.colcon_core.environment:create_environment_scripts_only(gxf_isaac_atlas)
[7.454s] Level 1:colcon.colcon_core.environment:checking '/workspaces/isaac_ros-dev/install/gxf_isaac_atlas' for CMake module files
[7.455s] Level 1:colcon.colcon_core.environment:checking '/workspaces/isaac_ros-dev/install/gxf_isaac_atlas' for CMake config files
[7.455s] Level 1:colcon.colcon_core.shell:create_environment_hook('gxf_isaac_atlas', 'cmake_prefix_path')
[7.460s] INFO:colcon.colcon_core.shell:Creating environment hook '/workspaces/isaac_ros-dev/install/gxf_isaac_atlas/share/gxf_isaac_atlas/hook/cmake_prefix_path.ps1'
[7.461s] INFO:colcon.colcon_core.shell:Creating environment descriptor '/workspaces/isaac_ros-dev/install/gxf_isaac_atlas/share/gxf_isaac_atlas/hook/cmake_prefix_path.dsv'
[7.461s] INFO:colcon.colcon_core.shell:Creating environment hook '/workspaces/isaac_ros-dev/install/gxf_isaac_atlas/share/gxf_isaac_atlas/hook/cmake_prefix_path.sh'
[7.461s] Level 1:colcon.colcon_core.environment:checking '/workspaces/isaac_ros-dev/install/gxf_isaac_atlas/bin'
[7.461s] Level 1:colcon.colcon_core.environment:checking '/workspaces/isaac_ros-dev/install/gxf_isaac_atlas/lib/pkgconfig/gxf_isaac_atlas.pc'
[7.461s] Level 1:colcon.colcon_core.environment:checking '/workspaces/isaac_ros-dev/install/gxf_isaac_atlas/lib/python3.8/site-packages'
[7.461s] Level 1:colcon.colcon_core.environment:checking '/workspaces/isaac_ros-dev/install/gxf_isaac_atlas/bin'
[7.467s] INFO:colcon.colcon_core.shell:Creating package script '/workspaces/isaac_ros-dev/install/gxf_isaac_atlas/share/gxf_isaac_atlas/package.ps1'
[7.467s] INFO:colcon.colcon_core.shell:Creating package descriptor '/workspaces/isaac_ros-dev/install/gxf_isaac_atlas/share/gxf_isaac_atlas/package.dsv'
[7.467s] INFO:colcon.colcon_core.shell:Creating package script '/workspaces/isaac_ros-dev/install/gxf_isaac_atlas/share/gxf_isaac_atlas/package.sh'
[7.468s] INFO:colcon.colcon_core.shell:Creating package script '/workspaces/isaac_ros-dev/install/gxf_isaac_atlas/share/gxf_isaac_atlas/package.bash'
[7.468s] INFO:colcon.colcon_core.shell:Creating package script '/workspaces/isaac_ros-dev/install/gxf_isaac_atlas/share/gxf_isaac_atlas/package.zsh'
[7.468s] Level 1:colcon.colcon_core.environment:create_file_with_runtime_dependencies(/workspaces/isaac_ros-dev/install/gxf_isaac_atlas/share/colcon-core/packages/gxf_isaac_atlas)
[7.468s] INFO:colcon.colcon_ros.task.ament_cmake.build:Building ROS package in '/workspaces/isaac_ros-dev/ros2/src/isaac_ros_nitros/isaac_ros_nitros' with build type 'ament_cmake'
[7.468s] INFO:colcon.colcon_cmake.task.cmake.build:Building CMake package in '/workspaces/isaac_ros-dev/ros2/src/isaac_ros_nitros/isaac_ros_nitros'
[7.474s] INFO:colcon.colcon_core.shell:Skip shell extension 'powershell' for command environment: Not usable outside of PowerShell
[7.474s] DEBUG:colcon.colcon_core.shell:Skip shell extension 'dsv' for command environment
[7.523s] DEBUG:colcon.colcon_core.event_handler.log_command:Invoking command in '/workspaces/isaac_ros-dev/build/isaac_ros_nitros': CMAKE_PREFIX_PATH=/workspaces/isaac_ros-dev/install/gxf_isaac_gxf_helpers:/workspaces/isaac_ros-dev/install/gxf_isaac_atlas:/workspaces/isaac_ros-dev/install/gxf_isaac_sight:/workspaces/isaac_ros-dev/install/gxf_isaac_optimizer:/workspaces/isaac_ros-dev/install/gxf_isaac_message_compositor:/workspaces/isaac_ros-dev/install/gxf_isaac_gems:/workspaces/isaac_ros-dev/install/isaac_ros_gxf:/workspaces/isaac_ros-dev/install/magic_enum:/workspaces/isaac_ros-dev/install/isaac_ros_nitros_interfaces:/workspaces/isaac_ros-dev/install/isaac_ros_visual_slam_interfaces:/workspaces/isaac_ros-dev/install/qcar2_nodes:/workspaces/isaac_ros-dev/install/qcar2_interfaces:/workspace/cartographer_ws/install/perception_pcl:/workspace/cartographer_ws/install/pcl_ros:/workspace/cartographer_ws/install/cartographer_rviz:/workspace/cartographer_ws/install/cartographer_ros:/workspace/cartographer_ws/install/pcl_conversions:/workspace/cartographer_ws/install/pcl_msgs:/workspace/cartographer_ws/install/isaac_ros_tensor_list_interfaces:/workspace/cartographer_ws/install/isaac_ros_pointcloud_interfaces:/workspace/cartographer_ws/install/isaac_ros_nova_interfaces:/workspace/cartographer_ws/install/isaac_ros_nitros_bridge_interfaces:/workspace/cartographer_ws/install/isaac_ros_common:/workspace/cartographer_ws/install/isaac_ros_bi3d_interfaces:/workspace/cartographer_ws/install/isaac_ros_apriltag_interfaces:/workspace/cartographer_ws/install/control_msgs:/workspace/cartographer_ws/install/cartographer_ros_msgs:/workspace/cartographer_ws/install/cartographer:/workspace/cartographer_ws/install/absl:/workspaces/isaac_ros-dev/install/qcar2_autonomy:/workspace/cartographer_ws/install/isaac_ros_test:/opt/ros/humble LD_LIBRARY_PATH=/workspaces/isaac_ros-dev/install/isaac_ros_gxf/lib:/workspaces/isaac_ros-dev/install/isaac_ros_nitros_interfaces/lib:/workspaces/isaac_ros-dev/install/gxf_isaac_sight/lib:/workspaces/isaac_ros-dev/install/gxf_isaac_optimizer/lib:/workspaces/isaac_ros-dev/install/gxf_isaac_message_compositor/lib:/workspaces/isaac_ros-dev/install/gxf_isaac_gxf_helpers/lib:/workspaces/isaac_ros-dev/install/gxf_isaac_atlas/lib:/workspaces/isaac_ros-dev/install/gxf_isaac_gems/lib:/workspaces/isaac_ros-dev/install/isaac_ros_visual_slam_interfaces/lib:/workspaces/isaac_ros-dev/install/qcar2_interfaces/lib:/workspace/cartographer_ws/install/pcl_ros/lib:/workspace/cartographer_ws/install/cartographer_rviz/lib:/workspace/cartographer_ws/install/cartographer_ros/lib:/workspace/cartographer_ws/install/pcl_msgs/lib:/workspace/cartographer_ws/install/isaac_ros_tensor_list_interfaces/lib:/workspace/cartographer_ws/install/isaac_ros_pointcloud_interfaces/lib:/workspace/cartographer_ws/install/isaac_ros_nova_interfaces/lib:/workspace/cartographer_ws/install/isaac_ros_nitros_bridge_interfaces/lib:/workspace/cartographer_ws/install/isaac_ros_common/lib:/workspace/cartographer_ws/install/isaac_ros_bi3d_interfaces/lib:/workspace/cartographer_ws/install/isaac_ros_apriltag_interfaces/lib:/workspace/cartographer_ws/install/control_msgs/lib:/workspace/cartographer_ws/install/cartographer_ros_msgs/lib:/opt/ros/humble/opt/rviz_ogre_vendor/lib:/opt/ros/humble/lib/x86_64-linux-gnu:/opt/ros/humble/lib:/opt/tritonserver/backends/onnxruntime:/usr/local/cuda/compat/lib:/usr/local/nvidia/lib:/usr/local/nvidia/lib64:/opt/tritonserver/lib PYTHONPATH=/workspaces/isaac_ros-dev/install/isaac_ros_nitros_interfaces/lib/python3.8/site-packages:/workspaces/isaac_ros-dev/install/isaac_ros_visual_slam_interfaces/lib/python3.8/site-packages:/workspaces/isaac_ros-dev/install/qcar2_autonomy/lib/python3.8/site-packages:/workspaces/isaac_ros-dev/install/qcar2_interfaces/lib/python3.8/site-packages:/workspace/cartographer_ws/install/pcl_msgs/lib/python3.8/site-packages:/workspace/cartographer_ws/build/isaac_ros_test:/workspace/cartographer_ws/install/isaac_ros_test/lib/python3.8/site-packages:/workspace/cartographer_ws/install/isaac_ros_tensor_list_interfaces/lib/python3.8/site-packages:/workspace/cartographer_ws/install/isaac_ros_pointcloud_interfaces/lib/python3.8/site-packages:/workspace/cartographer_ws/install/isaac_ros_nova_interfaces/lib/python3.8/site-packages:/workspace/cartographer_ws/install/isaac_ros_nitros_bridge_interfaces/lib/python3.8/site-packages:/workspace/cartographer_ws/install/isaac_ros_bi3d_interfaces/lib/python3.8/site-packages:/workspace/cartographer_ws/install/isaac_ros_apriltag_interfaces/lib/python3.8/site-packages:/workspace/cartographer_ws/install/control_msgs/lib/python3.8/site-packages:/workspace/cartographer_ws/install/cartographer_ros_msgs/lib/python3.8/site-packages:/opt/ros/humble/lib/python3.8/site-packages:/home/Quanser/0_libraries/python /usr/bin/cmake /workspaces/isaac_ros-dev/ros2/src/isaac_ros_nitros/isaac_ros_nitros -DAMENT_CMAKE_SYMLINK_INSTALL=1 -DCMAKE_INSTALL_PREFIX=/workspaces/isaac_ros-dev/install/isaac_ros_nitros
[9.162s] DEBUG:colcon.colcon_core.event_handler.log_command:Invoked command in '/workspaces/isaac_ros-dev/build/isaac_ros_nitros' returned '0': CMAKE_PREFIX_PATH=/workspaces/isaac_ros-dev/install/gxf_isaac_gxf_helpers:/workspaces/isaac_ros-dev/install/gxf_isaac_atlas:/workspaces/isaac_ros-dev/install/gxf_isaac_sight:/workspaces/isaac_ros-dev/install/gxf_isaac_optimizer:/workspaces/isaac_ros-dev/install/gxf_isaac_message_compositor:/workspaces/isaac_ros-dev/install/gxf_isaac_gems:/workspaces/isaac_ros-dev/install/isaac_ros_gxf:/workspaces/isaac_ros-dev/install/magic_enum:/workspaces/isaac_ros-dev/install/isaac_ros_nitros_interfaces:/workspaces/isaac_ros-dev/install/isaac_ros_visual_slam_interfaces:/workspaces/isaac_ros-dev/install/qcar2_nodes:/workspaces/isaac_ros-dev/install/qcar2_interfaces:/workspace/cartographer_ws/install/perception_pcl:/workspace/cartographer_ws/install/pcl_ros:/workspace/cartographer_ws/install/cartographer_rviz:/workspace/cartographer_ws/install/cartographer_ros:/workspace/cartographer_ws/install/pcl_conversions:/workspace/cartographer_ws/install/pcl_msgs:/workspace/cartographer_ws/install/isaac_ros_tensor_list_interfaces:/workspace/cartographer_ws/install/isaac_ros_pointcloud_interfaces:/workspace/cartographer_ws/install/isaac_ros_nova_interfaces:/workspace/cartographer_ws/install/isaac_ros_nitros_bridge_interfaces:/workspace/cartographer_ws/install/isaac_ros_common:/workspace/cartographer_ws/install/isaac_ros_bi3d_interfaces:/workspace/cartographer_ws/install/isaac_ros_apriltag_interfaces:/workspace/cartographer_ws/install/control_msgs:/workspace/cartographer_ws/install/cartographer_ros_msgs:/workspace/cartographer_ws/install/cartographer:/workspace/cartographer_ws/install/absl:/workspaces/isaac_ros-dev/install/qcar2_autonomy:/workspace/cartographer_ws/install/isaac_ros_test:/opt/ros/humble LD_LIBRARY_PATH=/workspaces/isaac_ros-dev/install/isaac_ros_gxf/lib:/workspaces/isaac_ros-dev/install/isaac_ros_nitros_interfaces/lib:/workspaces/isaac_ros-dev/install/gxf_isaac_sight/lib:/workspaces/isaac_ros-dev/install/gxf_isaac_optimizer/lib:/workspaces/isaac_ros-dev/install/gxf_isaac_message_compositor/lib:/workspaces/isaac_ros-dev/install/gxf_isaac_gxf_helpers/lib:/workspaces/isaac_ros-dev/install/gxf_isaac_atlas/lib:/workspaces/isaac_ros-dev/install/gxf_isaac_gems/lib:/workspaces/isaac_ros-dev/install/isaac_ros_visual_slam_interfaces/lib:/workspaces/isaac_ros-dev/install/qcar2_interfaces/lib:/workspace/cartographer_ws/install/pcl_ros/lib:/workspace/cartographer_ws/install/cartographer_rviz/lib:/workspace/cartographer_ws/install/cartographer_ros/lib:/workspace/cartographer_ws/install/pcl_msgs/lib:/workspace/cartographer_ws/install/isaac_ros_tensor_list_interfaces/lib:/workspace/cartographer_ws/install/isaac_ros_pointcloud_interfaces/lib:/workspace/cartographer_ws/install/isaac_ros_nova_interfaces/lib:/workspace/cartographer_ws/install/isaac_ros_nitros_bridge_interfaces/lib:/workspace/cartographer_ws/install/isaac_ros_common/lib:/workspace/cartographer_ws/install/isaac_ros_bi3d_interfaces/lib:/workspace/cartographer_ws/install/isaac_ros_apriltag_interfaces/lib:/workspace/cartographer_ws/install/control_msgs/lib:/workspace/cartographer_ws/install/cartographer_ros_msgs/lib:/opt/ros/humble/opt/rviz_ogre_vendor/lib:/opt/ros/humble/lib/x86_64-linux-gnu:/opt/ros/humble/lib:/opt/tritonserver/backends/onnxruntime:/usr/local/cuda/compat/lib:/usr/local/nvidia/lib:/usr/local/nvidia/lib64:/opt/tritonserver/lib PYTHONPATH=/workspaces/isaac_ros-dev/install/isaac_ros_nitros_interfaces/lib/python3.8/site-packages:/workspaces/isaac_ros-dev/install/isaac_ros_visual_slam_interfaces/lib/python3.8/site-packages:/workspaces/isaac_ros-dev/install/qcar2_autonomy/lib/python3.8/site-packages:/workspaces/isaac_ros-dev/install/qcar2_interfaces/lib/python3.8/site-packages:/workspace/cartographer_ws/install/pcl_msgs/lib/python3.8/site-packages:/workspace/cartographer_ws/build/isaac_ros_test:/workspace/cartographer_ws/install/isaac_ros_test/lib/python3.8/site-packages:/workspace/cartographer_ws/install/isaac_ros_tensor_list_interfaces/lib/python3.8/site-packages:/workspace/cartographer_ws/install/isaac_ros_pointcloud_interfaces/lib/python3.8/site-packages:/workspace/cartographer_ws/install/isaac_ros_nova_interfaces/lib/python3.8/site-packages:/workspace/cartographer_ws/install/isaac_ros_nitros_bridge_interfaces/lib/python3.8/site-packages:/workspace/cartographer_ws/install/isaac_ros_bi3d_interfaces/lib/python3.8/site-packages:/workspace/cartographer_ws/install/isaac_ros_apriltag_interfaces/lib/python3.8/site-packages:/workspace/cartographer_ws/install/control_msgs/lib/python3.8/site-packages:/workspace/cartographer_ws/install/cartographer_ros_msgs/lib/python3.8/site-packages:/opt/ros/humble/lib/python3.8/site-packages:/home/Quanser/0_libraries/python /usr/bin/cmake /workspaces/isaac_ros-dev/ros2/src/isaac_ros_nitros/isaac_ros_nitros -DAMENT_CMAKE_SYMLINK_INSTALL=1 -DCMAKE_INSTALL_PREFIX=/workspaces/isaac_ros-dev/install/isaac_ros_nitros
[9.164s] DEBUG:colcon.colcon_core.event_handler.log_command:Invoking command in '/workspaces/isaac_ros-dev/build/isaac_ros_nitros': CMAKE_PREFIX_PATH=/workspaces/isaac_ros-dev/install/gxf_isaac_gxf_helpers:/workspaces/isaac_ros-dev/install/gxf_isaac_atlas:/workspaces/isaac_ros-dev/install/gxf_isaac_sight:/workspaces/isaac_ros-dev/install/gxf_isaac_optimizer:/workspaces/isaac_ros-dev/install/gxf_isaac_message_compositor:/workspaces/isaac_ros-dev/install/gxf_isaac_gems:/workspaces/isaac_ros-dev/install/isaac_ros_gxf:/workspaces/isaac_ros-dev/install/magic_enum:/workspaces/isaac_ros-dev/install/isaac_ros_nitros_interfaces:/workspaces/isaac_ros-dev/install/isaac_ros_visual_slam_interfaces:/workspaces/isaac_ros-dev/install/qcar2_nodes:/workspaces/isaac_ros-dev/install/qcar2_interfaces:/workspace/cartographer_ws/install/perception_pcl:/workspace/cartographer_ws/install/pcl_ros:/workspace/cartographer_ws/install/cartographer_rviz:/workspace/cartographer_ws/install/cartographer_ros:/workspace/cartographer_ws/install/pcl_conversions:/workspace/cartographer_ws/install/pcl_msgs:/workspace/cartographer_ws/install/isaac_ros_tensor_list_interfaces:/workspace/cartographer_ws/install/isaac_ros_pointcloud_interfaces:/workspace/cartographer_ws/install/isaac_ros_nova_interfaces:/workspace/cartographer_ws/install/isaac_ros_nitros_bridge_interfaces:/workspace/cartographer_ws/install/isaac_ros_common:/workspace/cartographer_ws/install/isaac_ros_bi3d_interfaces:/workspace/cartographer_ws/install/isaac_ros_apriltag_interfaces:/workspace/cartographer_ws/install/control_msgs:/workspace/cartographer_ws/install/cartographer_ros_msgs:/workspace/cartographer_ws/install/cartographer:/workspace/cartographer_ws/install/absl:/workspaces/isaac_ros-dev/install/qcar2_autonomy:/workspace/cartographer_ws/install/isaac_ros_test:/opt/ros/humble LD_LIBRARY_PATH=/workspaces/isaac_ros-dev/install/isaac_ros_gxf/lib:/workspaces/isaac_ros-dev/install/isaac_ros_nitros_interfaces/lib:/workspaces/isaac_ros-dev/install/gxf_isaac_sight/lib:/workspaces/isaac_ros-dev/install/gxf_isaac_optimizer/lib:/workspaces/isaac_ros-dev/install/gxf_isaac_message_compositor/lib:/workspaces/isaac_ros-dev/install/gxf_isaac_gxf_helpers/lib:/workspaces/isaac_ros-dev/install/gxf_isaac_atlas/lib:/workspaces/isaac_ros-dev/install/gxf_isaac_gems/lib:/workspaces/isaac_ros-dev/install/isaac_ros_visual_slam_interfaces/lib:/workspaces/isaac_ros-dev/install/qcar2_interfaces/lib:/workspace/cartographer_ws/install/pcl_ros/lib:/workspace/cartographer_ws/install/cartographer_rviz/lib:/workspace/cartographer_ws/install/cartographer_ros/lib:/workspace/cartographer_ws/install/pcl_msgs/lib:/workspace/cartographer_ws/install/isaac_ros_tensor_list_interfaces/lib:/workspace/cartographer_ws/install/isaac_ros_pointcloud_interfaces/lib:/workspace/cartographer_ws/install/isaac_ros_nova_interfaces/lib:/workspace/cartographer_ws/install/isaac_ros_nitros_bridge_interfaces/lib:/workspace/cartographer_ws/install/isaac_ros_common/lib:/workspace/cartographer_ws/install/isaac_ros_bi3d_interfaces/lib:/workspace/cartographer_ws/install/isaac_ros_apriltag_interfaces/lib:/workspace/cartographer_ws/install/control_msgs/lib:/workspace/cartographer_ws/install/cartographer_ros_msgs/lib:/opt/ros/humble/opt/rviz_ogre_vendor/lib:/opt/ros/humble/lib/x86_64-linux-gnu:/opt/ros/humble/lib:/opt/tritonserver/backends/onnxruntime:/usr/local/cuda/compat/lib:/usr/local/nvidia/lib:/usr/local/nvidia/lib64:/opt/tritonserver/lib PYTHONPATH=/workspaces/isaac_ros-dev/install/isaac_ros_nitros_interfaces/lib/python3.8/site-packages:/workspaces/isaac_ros-dev/install/isaac_ros_visual_slam_interfaces/lib/python3.8/site-packages:/workspaces/isaac_ros-dev/install/qcar2_autonomy/lib/python3.8/site-packages:/workspaces/isaac_ros-dev/install/qcar2_interfaces/lib/python3.8/site-packages:/workspace/cartographer_ws/install/pcl_msgs/lib/python3.8/site-packages:/workspace/cartographer_ws/build/isaac_ros_test:/workspace/cartographer_ws/install/isaac_ros_test/lib/python3.8/site-packages:/workspace/cartographer_ws/install/isaac_ros_tensor_list_interfaces/lib/python3.8/site-packages:/workspace/cartographer_ws/install/isaac_ros_pointcloud_interfaces/lib/python3.8/site-packages:/workspace/cartographer_ws/install/isaac_ros_nova_interfaces/lib/python3.8/site-packages:/workspace/cartographer_ws/install/isaac_ros_nitros_bridge_interfaces/lib/python3.8/site-packages:/workspace/cartographer_ws/install/isaac_ros_bi3d_interfaces/lib/python3.8/site-packages:/workspace/cartographer_ws/install/isaac_ros_apriltag_interfaces/lib/python3.8/site-packages:/workspace/cartographer_ws/install/control_msgs/lib/python3.8/site-packages:/workspace/cartographer_ws/install/cartographer_ros_msgs/lib/python3.8/site-packages:/opt/ros/humble/lib/python3.8/site-packages:/home/Quanser/0_libraries/python /usr/bin/cmake --build /workspaces/isaac_ros-dev/build/isaac_ros_nitros -- -j20 -l20
[13.390s] DEBUG:colcon.colcon_core.event_handler.log_command:Invoked command in '/workspaces/isaac_ros-dev/build/isaac_ros_nitros' returned '2': CMAKE_PREFIX_PATH=/workspaces/isaac_ros-dev/install/gxf_isaac_gxf_helpers:/workspaces/isaac_ros-dev/install/gxf_isaac_atlas:/workspaces/isaac_ros-dev/install/gxf_isaac_sight:/workspaces/isaac_ros-dev/install/gxf_isaac_optimizer:/workspaces/isaac_ros-dev/install/gxf_isaac_message_compositor:/workspaces/isaac_ros-dev/install/gxf_isaac_gems:/workspaces/isaac_ros-dev/install/isaac_ros_gxf:/workspaces/isaac_ros-dev/install/magic_enum:/workspaces/isaac_ros-dev/install/isaac_ros_nitros_interfaces:/workspaces/isaac_ros-dev/install/isaac_ros_visual_slam_interfaces:/workspaces/isaac_ros-dev/install/qcar2_nodes:/workspaces/isaac_ros-dev/install/qcar2_interfaces:/workspace/cartographer_ws/install/perception_pcl:/workspace/cartographer_ws/install/pcl_ros:/workspace/cartographer_ws/install/cartographer_rviz:/workspace/cartographer_ws/install/cartographer_ros:/workspace/cartographer_ws/install/pcl_conversions:/workspace/cartographer_ws/install/pcl_msgs:/workspace/cartographer_ws/install/isaac_ros_tensor_list_interfaces:/workspace/cartographer_ws/install/isaac_ros_pointcloud_interfaces:/workspace/cartographer_ws/install/isaac_ros_nova_interfaces:/workspace/cartographer_ws/install/isaac_ros_nitros_bridge_interfaces:/workspace/cartographer_ws/install/isaac_ros_common:/workspace/cartographer_ws/install/isaac_ros_bi3d_interfaces:/workspace/cartographer_ws/install/isaac_ros_apriltag_interfaces:/workspace/cartographer_ws/install/control_msgs:/workspace/cartographer_ws/install/cartographer_ros_msgs:/workspace/cartographer_ws/install/cartographer:/workspace/cartographer_ws/install/absl:/workspaces/isaac_ros-dev/install/qcar2_autonomy:/workspace/cartographer_ws/install/isaac_ros_test:/opt/ros/humble LD_LIBRARY_PATH=/workspaces/isaac_ros-dev/install/isaac_ros_gxf/lib:/workspaces/isaac_ros-dev/install/isaac_ros_nitros_interfaces/lib:/workspaces/isaac_ros-dev/install/gxf_isaac_sight/lib:/workspaces/isaac_ros-dev/install/gxf_isaac_optimizer/lib:/workspaces/isaac_ros-dev/install/gxf_isaac_message_compositor/lib:/workspaces/isaac_ros-dev/install/gxf_isaac_gxf_helpers/lib:/workspaces/isaac_ros-dev/install/gxf_isaac_atlas/lib:/workspaces/isaac_ros-dev/install/gxf_isaac_gems/lib:/workspaces/isaac_ros-dev/install/isaac_ros_visual_slam_interfaces/lib:/workspaces/isaac_ros-dev/install/qcar2_interfaces/lib:/workspace/cartographer_ws/install/pcl_ros/lib:/workspace/cartographer_ws/install/cartographer_rviz/lib:/workspace/cartographer_ws/install/cartographer_ros/lib:/workspace/cartographer_ws/install/pcl_msgs/lib:/workspace/cartographer_ws/install/isaac_ros_tensor_list_interfaces/lib:/workspace/cartographer_ws/install/isaac_ros_pointcloud_interfaces/lib:/workspace/cartographer_ws/install/isaac_ros_nova_interfaces/lib:/workspace/cartographer_ws/install/isaac_ros_nitros_bridge_interfaces/lib:/workspace/cartographer_ws/install/isaac_ros_common/lib:/workspace/cartographer_ws/install/isaac_ros_bi3d_interfaces/lib:/workspace/cartographer_ws/install/isaac_ros_apriltag_interfaces/lib:/workspace/cartographer_ws/install/control_msgs/lib:/workspace/cartographer_ws/install/cartographer_ros_msgs/lib:/opt/ros/humble/opt/rviz_ogre_vendor/lib:/opt/ros/humble/lib/x86_64-linux-gnu:/opt/ros/humble/lib:/opt/tritonserver/backends/onnxruntime:/usr/local/cuda/compat/lib:/usr/local/nvidia/lib:/usr/local/nvidia/lib64:/opt/tritonserver/lib PYTHONPATH=/workspaces/isaac_ros-dev/install/isaac_ros_nitros_interfaces/lib/python3.8/site-packages:/workspaces/isaac_ros-dev/install/isaac_ros_visual_slam_interfaces/lib/python3.8/site-packages:/workspaces/isaac_ros-dev/install/qcar2_autonomy/lib/python3.8/site-packages:/workspaces/isaac_ros-dev/install/qcar2_interfaces/lib/python3.8/site-packages:/workspace/cartographer_ws/install/pcl_msgs/lib/python3.8/site-packages:/workspace/cartographer_ws/build/isaac_ros_test:/workspace/cartographer_ws/install/isaac_ros_test/lib/python3.8/site-packages:/workspace/cartographer_ws/install/isaac_ros_tensor_list_interfaces/lib/python3.8/site-packages:/workspace/cartographer_ws/install/isaac_ros_pointcloud_interfaces/lib/python3.8/site-packages:/workspace/cartographer_ws/install/isaac_ros_nova_interfaces/lib/python3.8/site-packages:/workspace/cartographer_ws/install/isaac_ros_nitros_bridge_interfaces/lib/python3.8/site-packages:/workspace/cartographer_ws/install/isaac_ros_bi3d_interfaces/lib/python3.8/site-packages:/workspace/cartographer_ws/install/isaac_ros_apriltag_interfaces/lib/python3.8/site-packages:/workspace/cartographer_ws/install/control_msgs/lib/python3.8/site-packages:/workspace/cartographer_ws/install/cartographer_ros_msgs/lib/python3.8/site-packages:/opt/ros/humble/lib/python3.8/site-packages:/home/Quanser/0_libraries/python /usr/bin/cmake --build /workspaces/isaac_ros-dev/build/isaac_ros_nitros -- -j20 -l20
[13.478s] Level 1:colcon.colcon_core.environment:create_environment_scripts_only(isaac_ros_nitros)
[13.484s] Level 1:colcon.colcon_core.environment:checking '/workspaces/isaac_ros-dev/install/isaac_ros_nitros' for CMake module files
[13.484s] Level 1:colcon.colcon_core.environment:checking '/workspaces/isaac_ros-dev/install/isaac_ros_nitros' for CMake config files
[13.484s] Level 1:colcon.colcon_core.environment:checking '/workspaces/isaac_ros-dev/install/isaac_ros_nitros/bin'
[13.485s] Level 1:colcon.colcon_core.environment:checking '/workspaces/isaac_ros-dev/install/isaac_ros_nitros/lib/pkgconfig/isaac_ros_nitros.pc'
[13.485s] Level 1:colcon.colcon_core.environment:checking '/workspaces/isaac_ros-dev/install/isaac_ros_nitros/lib/python3.8/site-packages'
[13.485s] Level 1:colcon.colcon_core.environment:checking '/workspaces/isaac_ros-dev/install/isaac_ros_nitros/bin'
[13.490s] INFO:colcon.colcon_core.shell:Creating package script '/workspaces/isaac_ros-dev/install/isaac_ros_nitros/share/isaac_ros_nitros/package.ps1'
[13.491s] INFO:colcon.colcon_core.shell:Creating package descriptor '/workspaces/isaac_ros-dev/install/isaac_ros_nitros/share/isaac_ros_nitros/package.dsv'
[13.491s] INFO:colcon.colcon_core.shell:Creating package script '/workspaces/isaac_ros-dev/install/isaac_ros_nitros/share/isaac_ros_nitros/package.sh'
[13.491s] INFO:colcon.colcon_core.shell:Creating package script '/workspaces/isaac_ros-dev/install/isaac_ros_nitros/share/isaac_ros_nitros/package.bash'
[13.491s] INFO:colcon.colcon_core.shell:Creating package script '/workspaces/isaac_ros-dev/install/isaac_ros_nitros/share/isaac_ros_nitros/package.zsh'
[13.491s] Level 1:colcon.colcon_core.environment:create_file_with_runtime_dependencies(/workspaces/isaac_ros-dev/install/isaac_ros_nitros/share/colcon-core/packages/isaac_ros_nitros)
[13.502s] DEBUG:colcon.colcon_parallel_executor.executor.parallel:closing loop
[13.502s] DEBUG:colcon.colcon_parallel_executor.executor.parallel:loop closed
[13.502s] DEBUG:colcon.colcon_parallel_executor.executor.parallel:run_until_complete finished with '2'
[13.502s] DEBUG:colcon.colcon_core.event_reactor:joining thread
[13.512s] INFO:colcon.colcon_core.plugin_system:Skipping extension 'colcon_notification.desktop_notification.notify_send': Could not find 'notify-send'
[13.512s] INFO:colcon.colcon_core.plugin_system:Skipping extension 'colcon_notification.desktop_notification.terminal_notifier': Not used on non-Darwin systems
[13.512s] INFO:colcon.colcon_core.plugin_system:Skipping extension 'colcon_notification.desktop_notification.win32': Not used on non-Windows systems
[13.512s] INFO:colcon.colcon_notification.desktop_notification:Sending desktop notification using 'notify2'
[13.514s] DEBUG:colcon.colcon_notification.desktop_notification.notify2:Failed to initialize notify2: org.freedesktop.DBus.Error.Spawn.ExecFailed: /usr/bin/dbus-launch terminated abnormally without any error message
[13.514s] DEBUG:colcon.colcon_core.event_reactor:joined thread
[13.522s] INFO:colcon.colcon_core.shell:Creating prefix script '/workspaces/isaac_ros-dev/install/local_setup.ps1'
[13.523s] INFO:colcon.colcon_core.shell:Creating prefix util module '/workspaces/isaac_ros-dev/install/_local_setup_util_ps1.py'
[13.523s] INFO:colcon.colcon_core.shell:Creating prefix chain script '/workspaces/isaac_ros-dev/install/setup.ps1'
[13.530s] INFO:colcon.colcon_core.shell:Creating prefix script '/workspaces/isaac_ros-dev/install/local_setup.sh'
[13.531s] INFO:colcon.colcon_core.shell:Creating prefix util module '/workspaces/isaac_ros-dev/install/_local_setup_util_sh.py'
[13.531s] INFO:colcon.colcon_core.shell:Creating prefix chain script '/workspaces/isaac_ros-dev/install/setup.sh'
[13.538s] INFO:colcon.colcon_core.shell:Creating prefix script '/workspaces/isaac_ros-dev/install/local_setup.bash'
[13.538s] INFO:colcon.colcon_core.shell:Creating prefix chain script '/workspaces/isaac_ros-dev/install/setup.bash'
[13.545s] INFO:colcon.colcon_core.shell:Creating prefix script '/workspaces/isaac_ros-dev/install/local_setup.zsh'
[13.546s] INFO:colcon.colcon_core.shell:Creating prefix chain script '/workspaces/isaac_ros-dev/install/setup.zsh'
