[1.126s] DEBUG:colcon:Command line arguments: ['/usr/bin/colcon', 'build', '--symlink-install', '--packages-select', 'qcar2_autonomy', 'qcar2_nodes']
[1.126s] DEBUG:colcon:Parsed command line arguments: Namespace(allow_overriding=[], ament_cmake_args=None, base_paths=['.'], build_base='build', catkin_cmake_args=None, catkin_skip_building_tests=False, cmake_args=None, cmake_clean_cache=False, cmake_clean_first=False, cmake_force_configure=False, cmake_target=None, cmake_target_skip_unavailable=False, continue_on_error=False, event_handlers=None, executor='parallel', ignore_user_meta=False, install_base='install', log_base=None, log_level=None, main=<bound method BuildVerb.main of <colcon_core.verb.build.BuildVerb object at 0x71c7927f5460>>, merge_install=False, metas=['./colcon.meta'], packages_above=None, packages_above_and_dependencies=None, packages_above_depth=None, packages_end=None, packages_ignore=None, packages_ignore_regex=None, packages_select=['qcar2_autonomy', 'qcar2_nodes'], packages_select_build_failed=False, packages_select_by_dep=None, packages_select_regex=None, packages_select_test_failures=False, packages_skip=None, packages_skip_build_finished=False, packages_skip_by_dep=None, packages_skip_regex=None, packages_skip_test_passed=False, packages_skip_up_to=None, packages_start=None, packages_up_to=None, packages_up_to_regex=None, parallel_workers=24, paths=None, symlink_install=True, test_result_base=None, verb_extension=<colcon_core.verb.build.BuildVerb object at 0x71c7927f5460>, verb_name='build', verb_parser=<colcon_defaults.argument_parser.defaults.DefaultArgumentsDecorator object at 0x71c7921f9490>)
[1.176s] Level 1:colcon.colcon_core.package_discovery:discover_packages(colcon_meta) check parameters
[1.176s] Level 1:colcon.colcon_core.package_discovery:discover_packages(recursive) check parameters
[1.176s] Level 1:colcon.colcon_core.package_discovery:discover_packages(ignore) check parameters
[1.176s] Level 1:colcon.colcon_core.package_discovery:discover_packages(path) check parameters
[1.176s] Level 1:colcon.colcon_core.package_discovery:discover_packages(colcon_meta) discover
[1.176s] Level 1:colcon.colcon_core.package_discovery:discover_packages(recursive) discover
[1.176s] INFO:colcon.colcon_core.package_discovery:Crawling recursively for packages in '/workspaces/isaac_ros-dev/ros2'
[1.176s] Level 1:colcon.colcon_core.package_identification:_identify(.) by extensions ['ignore', 'ignore_ament_install']
[1.176s] Level 1:colcon.colcon_core.package_identification:_identify(.) by extension 'ignore'
[1.176s] Level 1:colcon.colcon_core.package_identification:_identify(.) by extension 'ignore_ament_install'
[1.176s] Level 1:colcon.colcon_core.package_identification:_identify(.) by extensions ['colcon_pkg']
[1.176s] Level 1:colcon.colcon_core.package_identification:_identify(.) by extension 'colcon_pkg'
[1.176s] Level 1:colcon.colcon_core.package_identification:_identify(.) by extensions ['colcon_meta']
[1.176s] Level 1:colcon.colcon_core.package_identification:_identify(.) by extension 'colcon_meta'
[1.176s] Level 1:colcon.colcon_core.package_identification:_identify(.) by extensions ['ros']
[1.176s] Level 1:colcon.colcon_core.package_identification:_identify(.) by extension 'ros'
[1.183s] Level 1:colcon.colcon_core.package_identification:_identify(.) by extensions ['cmake', 'python']
[1.183s] Level 1:colcon.colcon_core.package_identification:_identify(.) by extension 'cmake'
[1.183s] Level 1:colcon.colcon_core.package_identification:_identify(.) by extension 'python'
[1.183s] Level 1:colcon.colcon_core.package_identification:_identify(.) by extensions ['python_setup_py']
[1.183s] Level 1:colcon.colcon_core.package_identification:_identify(.) by extension 'python_setup_py'
[1.183s] Level 1:colcon.colcon_core.package_identification:_identify(build) by extensions ['ignore', 'ignore_ament_install']
[1.183s] Level 1:colcon.colcon_core.package_identification:_identify(build) by extension 'ignore'
[1.183s] Level 1:colcon.colcon_core.package_identification:_identify(build) ignored
[1.183s] Level 1:colcon.colcon_core.package_identification:_identify(install) by extensions ['ignore', 'ignore_ament_install']
[1.183s] Level 1:colcon.colcon_core.package_identification:_identify(install) by extension 'ignore'
[1.183s] Level 1:colcon.colcon_core.package_identification:_identify(install) ignored
[1.183s] Level 1:colcon.colcon_core.package_identification:_identify(log) by extensions ['ignore', 'ignore_ament_install']
[1.183s] Level 1:colcon.colcon_core.package_identification:_identify(log) by extension 'ignore'
[1.183s] Level 1:colcon.colcon_core.package_identification:_identify(log) ignored
[1.183s] Level 1:colcon.colcon_core.package_identification:_identify(scripts) by extensions ['ignore', 'ignore_ament_install']
[1.183s] Level 1:colcon.colcon_core.package_identification:_identify(scripts) by extension 'ignore'
[1.183s] Level 1:colcon.colcon_core.package_identification:_identify(scripts) by extension 'ignore_ament_install'
[1.183s] Level 1:colcon.colcon_core.package_identification:_identify(scripts) by extensions ['colcon_pkg']
[1.183s] Level 1:colcon.colcon_core.package_identification:_identify(scripts) by extension 'colcon_pkg'
[1.183s] Level 1:colcon.colcon_core.package_identification:_identify(scripts) by extensions ['colcon_meta']
[1.183s] Level 1:colcon.colcon_core.package_identification:_identify(scripts) by extension 'colcon_meta'
[1.183s] Level 1:colcon.colcon_core.package_identification:_identify(scripts) by extensions ['ros']
[1.183s] Level 1:colcon.colcon_core.package_identification:_identify(scripts) by extension 'ros'
[1.184s] Level 1:colcon.colcon_core.package_identification:_identify(scripts) by extensions ['cmake', 'python']
[1.184s] Level 1:colcon.colcon_core.package_identification:_identify(scripts) by extension 'cmake'
[1.184s] Level 1:colcon.colcon_core.package_identification:_identify(scripts) by extension 'python'
[1.184s] Level 1:colcon.colcon_core.package_identification:_identify(scripts) by extensions ['python_setup_py']
[1.184s] Level 1:colcon.colcon_core.package_identification:_identify(scripts) by extension 'python_setup_py'
[1.184s] Level 1:colcon.colcon_core.package_identification:_identify(src) by extensions ['ignore', 'ignore_ament_install']
[1.184s] Level 1:colcon.colcon_core.package_identification:_identify(src) by extension 'ignore'
[1.184s] Level 1:colcon.colcon_core.package_identification:_identify(src) by extension 'ignore_ament_install'
[1.184s] Level 1:colcon.colcon_core.package_identification:_identify(src) by extensions ['colcon_pkg']
[1.184s] Level 1:colcon.colcon_core.package_identification:_identify(src) by extension 'colcon_pkg'
[1.184s] Level 1:colcon.colcon_core.package_identification:_identify(src) by extensions ['colcon_meta']
[1.184s] Level 1:colcon.colcon_core.package_identification:_identify(src) by extension 'colcon_meta'
[1.184s] Level 1:colcon.colcon_core.package_identification:_identify(src) by extensions ['ros']
[1.184s] Level 1:colcon.colcon_core.package_identification:_identify(src) by extension 'ros'
[1.184s] Level 1:colcon.colcon_core.package_identification:_identify(src) by extensions ['cmake', 'python']
[1.184s] Level 1:colcon.colcon_core.package_identification:_identify(src) by extension 'cmake'
[1.184s] Level 1:colcon.colcon_core.package_identification:_identify(src) by extension 'python'
[1.184s] Level 1:colcon.colcon_core.package_identification:_identify(src) by extensions ['python_setup_py']
[1.184s] Level 1:colcon.colcon_core.package_identification:_identify(src) by extension 'python_setup_py'
[1.184s] Level 1:colcon.colcon_core.package_identification:_identify(src/log) by extensions ['ignore', 'ignore_ament_install']
[1.184s] Level 1:colcon.colcon_core.package_identification:_identify(src/log) by extension 'ignore'
[1.184s] Level 1:colcon.colcon_core.package_identification:_identify(src/log) ignored
[1.184s] Level 1:colcon.colcon_core.package_identification:_identify(src/qcar2_autonomy) by extensions ['ignore', 'ignore_ament_install']
[1.184s] Level 1:colcon.colcon_core.package_identification:_identify(src/qcar2_autonomy) by extension 'ignore'
[1.184s] Level 1:colcon.colcon_core.package_identification:_identify(src/qcar2_autonomy) by extension 'ignore_ament_install'
[1.184s] Level 1:colcon.colcon_core.package_identification:_identify(src/qcar2_autonomy) by extensions ['colcon_pkg']
[1.184s] Level 1:colcon.colcon_core.package_identification:_identify(src/qcar2_autonomy) by extension 'colcon_pkg'
[1.184s] Level 1:colcon.colcon_core.package_identification:_identify(src/qcar2_autonomy) by extensions ['colcon_meta']
[1.184s] Level 1:colcon.colcon_core.package_identification:_identify(src/qcar2_autonomy) by extension 'colcon_meta'
[1.184s] Level 1:colcon.colcon_core.package_identification:_identify(src/qcar2_autonomy) by extensions ['ros']
[1.184s] Level 1:colcon.colcon_core.package_identification:_identify(src/qcar2_autonomy) by extension 'ros'
[1.185s] DEBUG:colcon.colcon_core.package_identification:Package 'src/qcar2_autonomy' with type 'ros.ament_python' and name 'qcar2_autonomy'
[1.185s] Level 1:colcon.colcon_core.package_identification:_identify(src/qcar2_interfaces) by extensions ['ignore', 'ignore_ament_install']
[1.185s] Level 1:colcon.colcon_core.package_identification:_identify(src/qcar2_interfaces) by extension 'ignore'
[1.185s] Level 1:colcon.colcon_core.package_identification:_identify(src/qcar2_interfaces) by extension 'ignore_ament_install'
[1.185s] Level 1:colcon.colcon_core.package_identification:_identify(src/qcar2_interfaces) by extensions ['colcon_pkg']
[1.186s] Level 1:colcon.colcon_core.package_identification:_identify(src/qcar2_interfaces) by extension 'colcon_pkg'
[1.186s] Level 1:colcon.colcon_core.package_identification:_identify(src/qcar2_interfaces) by extensions ['colcon_meta']
[1.186s] Level 1:colcon.colcon_core.package_identification:_identify(src/qcar2_interfaces) by extension 'colcon_meta'
[1.186s] Level 1:colcon.colcon_core.package_identification:_identify(src/qcar2_interfaces) by extensions ['ros']
[1.186s] Level 1:colcon.colcon_core.package_identification:_identify(src/qcar2_interfaces) by extension 'ros'
[1.186s] DEBUG:colcon.colcon_core.package_identification:Package 'src/qcar2_interfaces' with type 'ros.ament_cmake' and name 'qcar2_interfaces'
[1.186s] Level 1:colcon.colcon_core.package_identification:_identify(src/qcar2_nodes) by extensions ['ignore', 'ignore_ament_install']
[1.186s] Level 1:colcon.colcon_core.package_identification:_identify(src/qcar2_nodes) by extension 'ignore'
[1.186s] Level 1:colcon.colcon_core.package_identification:_identify(src/qcar2_nodes) by extension 'ignore_ament_install'
[1.186s] Level 1:colcon.colcon_core.package_identification:_identify(src/qcar2_nodes) by extensions ['colcon_pkg']
[1.186s] Level 1:colcon.colcon_core.package_identification:_identify(src/qcar2_nodes) by extension 'colcon_pkg'
[1.186s] Level 1:colcon.colcon_core.package_identification:_identify(src/qcar2_nodes) by extensions ['colcon_meta']
[1.186s] Level 1:colcon.colcon_core.package_identification:_identify(src/qcar2_nodes) by extension 'colcon_meta'
[1.186s] Level 1:colcon.colcon_core.package_identification:_identify(src/qcar2_nodes) by extensions ['ros']
[1.186s] Level 1:colcon.colcon_core.package_identification:_identify(src/qcar2_nodes) by extension 'ros'
[1.186s] DEBUG:colcon.colcon_core.package_identification:Package 'src/qcar2_nodes' with type 'ros.ament_cmake' and name 'qcar2_nodes'
[1.186s] Level 1:colcon.colcon_core.package_identification:_identify(src/qcar2_perception) by extensions ['ignore', 'ignore_ament_install']
[1.186s] Level 1:colcon.colcon_core.package_identification:_identify(src/qcar2_perception) by extension 'ignore'
[1.187s] Level 1:colcon.colcon_core.package_identification:_identify(src/qcar2_perception) by extension 'ignore_ament_install'
[1.187s] Level 1:colcon.colcon_core.package_identification:_identify(src/qcar2_perception) by extensions ['colcon_pkg']
[1.187s] Level 1:colcon.colcon_core.package_identification:_identify(src/qcar2_perception) by extension 'colcon_pkg'
[1.187s] Level 1:colcon.colcon_core.package_identification:_identify(src/qcar2_perception) by extensions ['colcon_meta']
[1.187s] Level 1:colcon.colcon_core.package_identification:_identify(src/qcar2_perception) by extension 'colcon_meta'
[1.187s] Level 1:colcon.colcon_core.package_identification:_identify(src/qcar2_perception) by extensions ['ros']
[1.187s] Level 1:colcon.colcon_core.package_identification:_identify(src/qcar2_perception) by extension 'ros'
[1.187s] DEBUG:colcon.colcon_core.package_identification:Package 'src/qcar2_perception' with type 'ros.ament_python' and name 'qcar2_perception'
[1.187s] Level 1:colcon.colcon_core.package_identification:_identify(src/rtabmap) by extensions ['ignore', 'ignore_ament_install']
[1.187s] Level 1:colcon.colcon_core.package_identification:_identify(src/rtabmap) by extension 'ignore'
[1.187s] Level 1:colcon.colcon_core.package_identification:_identify(src/rtabmap) by extension 'ignore_ament_install'
[1.187s] Level 1:colcon.colcon_core.package_identification:_identify(src/rtabmap) by extensions ['colcon_pkg']
[1.187s] Level 1:colcon.colcon_core.package_identification:_identify(src/rtabmap) by extension 'colcon_pkg'
[1.187s] Level 1:colcon.colcon_core.package_identification:_identify(src/rtabmap) by extensions ['colcon_meta']
[1.187s] Level 1:colcon.colcon_core.package_identification:_identify(src/rtabmap) by extension 'colcon_meta'
[1.187s] Level 1:colcon.colcon_core.package_identification:_identify(src/rtabmap) by extensions ['ros']
[1.187s] Level 1:colcon.colcon_core.package_identification:_identify(src/rtabmap) by extension 'ros'
[1.188s] DEBUG:colcon.colcon_core.package_identification:Package 'src/rtabmap' with type 'ros.cmake' and name 'rtabmap'
[1.188s] Level 1:colcon.colcon_core.package_identification:_identify(src/rtabmap_ros) by extensions ['ignore', 'ignore_ament_install']
[1.188s] Level 1:colcon.colcon_core.package_identification:_identify(src/rtabmap_ros) by extension 'ignore'
[1.188s] Level 1:colcon.colcon_core.package_identification:_identify(src/rtabmap_ros) by extension 'ignore_ament_install'
[1.188s] Level 1:colcon.colcon_core.package_identification:_identify(src/rtabmap_ros) by extensions ['colcon_pkg']
[1.188s] Level 1:colcon.colcon_core.package_identification:_identify(src/rtabmap_ros) by extension 'colcon_pkg'
[1.188s] Level 1:colcon.colcon_core.package_identification:_identify(src/rtabmap_ros) by extensions ['colcon_meta']
[1.188s] Level 1:colcon.colcon_core.package_identification:_identify(src/rtabmap_ros) by extension 'colcon_meta'
[1.188s] Level 1:colcon.colcon_core.package_identification:_identify(src/rtabmap_ros) by extensions ['ros']
[1.188s] Level 1:colcon.colcon_core.package_identification:_identify(src/rtabmap_ros) by extension 'ros'
[1.188s] Level 1:colcon.colcon_core.package_identification:_identify(src/rtabmap_ros) by extensions ['cmake', 'python']
[1.188s] Level 1:colcon.colcon_core.package_identification:_identify(src/rtabmap_ros) by extension 'cmake'
[1.188s] Level 1:colcon.colcon_core.package_identification:_identify(src/rtabmap_ros) by extension 'python'
[1.188s] Level 1:colcon.colcon_core.package_identification:_identify(src/rtabmap_ros) by extensions ['python_setup_py']
[1.188s] Level 1:colcon.colcon_core.package_identification:_identify(src/rtabmap_ros) by extension 'python_setup_py'
[1.188s] Level 1:colcon.colcon_core.package_identification:_identify(src/rtabmap_ros/docker) by extensions ['ignore', 'ignore_ament_install']
[1.188s] Level 1:colcon.colcon_core.package_identification:_identify(src/rtabmap_ros/docker) by extension 'ignore'
[1.188s] Level 1:colcon.colcon_core.package_identification:_identify(src/rtabmap_ros/docker) by extension 'ignore_ament_install'
[1.188s] Level 1:colcon.colcon_core.package_identification:_identify(src/rtabmap_ros/docker) by extensions ['colcon_pkg']
[1.188s] Level 1:colcon.colcon_core.package_identification:_identify(src/rtabmap_ros/docker) by extension 'colcon_pkg'
[1.188s] Level 1:colcon.colcon_core.package_identification:_identify(src/rtabmap_ros/docker) by extensions ['colcon_meta']
[1.188s] Level 1:colcon.colcon_core.package_identification:_identify(src/rtabmap_ros/docker) by extension 'colcon_meta'
[1.188s] Level 1:colcon.colcon_core.package_identification:_identify(src/rtabmap_ros/docker) by extensions ['ros']
[1.188s] Level 1:colcon.colcon_core.package_identification:_identify(src/rtabmap_ros/docker) by extension 'ros'
[1.188s] Level 1:colcon.colcon_core.package_identification:_identify(src/rtabmap_ros/docker) by extensions ['cmake', 'python']
[1.188s] Level 1:colcon.colcon_core.package_identification:_identify(src/rtabmap_ros/docker) by extension 'cmake'
[1.188s] Level 1:colcon.colcon_core.package_identification:_identify(src/rtabmap_ros/docker) by extension 'python'
[1.188s] Level 1:colcon.colcon_core.package_identification:_identify(src/rtabmap_ros/docker) by extensions ['python_setup_py']
[1.188s] Level 1:colcon.colcon_core.package_identification:_identify(src/rtabmap_ros/docker) by extension 'python_setup_py'
[1.188s] Level 1:colcon.colcon_core.package_identification:_identify(src/rtabmap_ros/docker/foxy) by extensions ['ignore', 'ignore_ament_install']
[1.188s] Level 1:colcon.colcon_core.package_identification:_identify(src/rtabmap_ros/docker/foxy) by extension 'ignore'
[1.188s] Level 1:colcon.colcon_core.package_identification:_identify(src/rtabmap_ros/docker/foxy) by extension 'ignore_ament_install'
[1.188s] Level 1:colcon.colcon_core.package_identification:_identify(src/rtabmap_ros/docker/foxy) by extensions ['colcon_pkg']
[1.188s] Level 1:colcon.colcon_core.package_identification:_identify(src/rtabmap_ros/docker/foxy) by extension 'colcon_pkg'
[1.188s] Level 1:colcon.colcon_core.package_identification:_identify(src/rtabmap_ros/docker/foxy) by extensions ['colcon_meta']
[1.188s] Level 1:colcon.colcon_core.package_identification:_identify(src/rtabmap_ros/docker/foxy) by extension 'colcon_meta'
[1.188s] Level 1:colcon.colcon_core.package_identification:_identify(src/rtabmap_ros/docker/foxy) by extensions ['ros']
[1.188s] Level 1:colcon.colcon_core.package_identification:_identify(src/rtabmap_ros/docker/foxy) by extension 'ros'
[1.188s] Level 1:colcon.colcon_core.package_identification:_identify(src/rtabmap_ros/docker/foxy) by extensions ['cmake', 'python']
[1.188s] Level 1:colcon.colcon_core.package_identification:_identify(src/rtabmap_ros/docker/foxy) by extension 'cmake'
[1.188s] Level 1:colcon.colcon_core.package_identification:_identify(src/rtabmap_ros/docker/foxy) by extension 'python'
[1.188s] Level 1:colcon.colcon_core.package_identification:_identify(src/rtabmap_ros/docker/foxy) by extensions ['python_setup_py']
[1.188s] Level 1:colcon.colcon_core.package_identification:_identify(src/rtabmap_ros/docker/foxy) by extension 'python_setup_py'
[1.188s] Level 1:colcon.colcon_core.package_identification:_identify(src/rtabmap_ros/docker/foxy/latest) by extensions ['ignore', 'ignore_ament_install']
[1.188s] Level 1:colcon.colcon_core.package_identification:_identify(src/rtabmap_ros/docker/foxy/latest) by extension 'ignore'
[1.188s] Level 1:colcon.colcon_core.package_identification:_identify(src/rtabmap_ros/docker/foxy/latest) by extension 'ignore_ament_install'
[1.188s] Level 1:colcon.colcon_core.package_identification:_identify(src/rtabmap_ros/docker/foxy/latest) by extensions ['colcon_pkg']
[1.188s] Level 1:colcon.colcon_core.package_identification:_identify(src/rtabmap_ros/docker/foxy/latest) by extension 'colcon_pkg'
[1.189s] Level 1:colcon.colcon_core.package_identification:_identify(src/rtabmap_ros/docker/foxy/latest) by extensions ['colcon_meta']
[1.189s] Level 1:colcon.colcon_core.package_identification:_identify(src/rtabmap_ros/docker/foxy/latest) by extension 'colcon_meta'
[1.189s] Level 1:colcon.colcon_core.package_identification:_identify(src/rtabmap_ros/docker/foxy/latest) by extensions ['ros']
[1.189s] Level 1:colcon.colcon_core.package_identification:_identify(src/rtabmap_ros/docker/foxy/latest) by extension 'ros'
[1.189s] Level 1:colcon.colcon_core.package_identification:_identify(src/rtabmap_ros/docker/foxy/latest) by extensions ['cmake', 'python']
[1.189s] Level 1:colcon.colcon_core.package_identification:_identify(src/rtabmap_ros/docker/foxy/latest) by extension 'cmake'
[1.189s] Level 1:colcon.colcon_core.package_identification:_identify(src/rtabmap_ros/docker/foxy/latest) by extension 'python'
[1.189s] Level 1:colcon.colcon_core.package_identification:_identify(src/rtabmap_ros/docker/foxy/latest) by extensions ['python_setup_py']
[1.189s] Level 1:colcon.colcon_core.package_identification:_identify(src/rtabmap_ros/docker/foxy/latest) by extension 'python_setup_py'
[1.189s] Level 1:colcon.colcon_core.package_identification:_identify(src/rtabmap_ros/docker/foxy/latest/hooks) by extensions ['ignore', 'ignore_ament_install']
[1.189s] Level 1:colcon.colcon_core.package_identification:_identify(src/rtabmap_ros/docker/foxy/latest/hooks) by extension 'ignore'
[1.189s] Level 1:colcon.colcon_core.package_identification:_identify(src/rtabmap_ros/docker/foxy/latest/hooks) by extension 'ignore_ament_install'
[1.189s] Level 1:colcon.colcon_core.package_identification:_identify(src/rtabmap_ros/docker/foxy/latest/hooks) by extensions ['colcon_pkg']
[1.189s] Level 1:colcon.colcon_core.package_identification:_identify(src/rtabmap_ros/docker/foxy/latest/hooks) by extension 'colcon_pkg'
[1.189s] Level 1:colcon.colcon_core.package_identification:_identify(src/rtabmap_ros/docker/foxy/latest/hooks) by extensions ['colcon_meta']
[1.189s] Level 1:colcon.colcon_core.package_identification:_identify(src/rtabmap_ros/docker/foxy/latest/hooks) by extension 'colcon_meta'
[1.189s] Level 1:colcon.colcon_core.package_identification:_identify(src/rtabmap_ros/docker/foxy/latest/hooks) by extensions ['ros']
[1.189s] Level 1:colcon.colcon_core.package_identification:_identify(src/rtabmap_ros/docker/foxy/latest/hooks) by extension 'ros'
[1.189s] Level 1:colcon.colcon_core.package_identification:_identify(src/rtabmap_ros/docker/foxy/latest/hooks) by extensions ['cmake', 'python']
[1.189s] Level 1:colcon.colcon_core.package_identification:_identify(src/rtabmap_ros/docker/foxy/latest/hooks) by extension 'cmake'
[1.189s] Level 1:colcon.colcon_core.package_identification:_identify(src/rtabmap_ros/docker/foxy/latest/hooks) by extension 'python'
[1.189s] Level 1:colcon.colcon_core.package_identification:_identify(src/rtabmap_ros/docker/foxy/latest/hooks) by extensions ['python_setup_py']
[1.189s] Level 1:colcon.colcon_core.package_identification:_identify(src/rtabmap_ros/docker/foxy/latest/hooks) by extension 'python_setup_py'
[1.189s] Level 1:colcon.colcon_core.package_identification:_identify(src/rtabmap_ros/docker/humble) by extensions ['ignore', 'ignore_ament_install']
[1.189s] Level 1:colcon.colcon_core.package_identification:_identify(src/rtabmap_ros/docker/humble) by extension 'ignore'
[1.189s] Level 1:colcon.colcon_core.package_identification:_identify(src/rtabmap_ros/docker/humble) by extension 'ignore_ament_install'
[1.189s] Level 1:colcon.colcon_core.package_identification:_identify(src/rtabmap_ros/docker/humble) by extensions ['colcon_pkg']
[1.189s] Level 1:colcon.colcon_core.package_identification:_identify(src/rtabmap_ros/docker/humble) by extension 'colcon_pkg'
[1.189s] Level 1:colcon.colcon_core.package_identification:_identify(src/rtabmap_ros/docker/humble) by extensions ['colcon_meta']
[1.189s] Level 1:colcon.colcon_core.package_identification:_identify(src/rtabmap_ros/docker/humble) by extension 'colcon_meta'
[1.189s] Level 1:colcon.colcon_core.package_identification:_identify(src/rtabmap_ros/docker/humble) by extensions ['ros']
[1.189s] Level 1:colcon.colcon_core.package_identification:_identify(src/rtabmap_ros/docker/humble) by extension 'ros'
[1.189s] Level 1:colcon.colcon_core.package_identification:_identify(src/rtabmap_ros/docker/humble) by extensions ['cmake', 'python']
[1.189s] Level 1:colcon.colcon_core.package_identification:_identify(src/rtabmap_ros/docker/humble) by extension 'cmake'
[1.189s] Level 1:colcon.colcon_core.package_identification:_identify(src/rtabmap_ros/docker/humble) by extension 'python'
[1.189s] Level 1:colcon.colcon_core.package_identification:_identify(src/rtabmap_ros/docker/humble) by extensions ['python_setup_py']
[1.189s] Level 1:colcon.colcon_core.package_identification:_identify(src/rtabmap_ros/docker/humble) by extension 'python_setup_py'
[1.189s] Level 1:colcon.colcon_core.package_identification:_identify(src/rtabmap_ros/docker/humble/latest) by extensions ['ignore', 'ignore_ament_install']
[1.189s] Level 1:colcon.colcon_core.package_identification:_identify(src/rtabmap_ros/docker/humble/latest) by extension 'ignore'
[1.189s] Level 1:colcon.colcon_core.package_identification:_identify(src/rtabmap_ros/docker/humble/latest) by extension 'ignore_ament_install'
[1.189s] Level 1:colcon.colcon_core.package_identification:_identify(src/rtabmap_ros/docker/humble/latest) by extensions ['colcon_pkg']
[1.189s] Level 1:colcon.colcon_core.package_identification:_identify(src/rtabmap_ros/docker/humble/latest) by extension 'colcon_pkg'
[1.189s] Level 1:colcon.colcon_core.package_identification:_identify(src/rtabmap_ros/docker/humble/latest) by extensions ['colcon_meta']
[1.189s] Level 1:colcon.colcon_core.package_identification:_identify(src/rtabmap_ros/docker/humble/latest) by extension 'colcon_meta'
[1.189s] Level 1:colcon.colcon_core.package_identification:_identify(src/rtabmap_ros/docker/humble/latest) by extensions ['ros']
[1.189s] Level 1:colcon.colcon_core.package_identification:_identify(src/rtabmap_ros/docker/humble/latest) by extension 'ros'
[1.189s] Level 1:colcon.colcon_core.package_identification:_identify(src/rtabmap_ros/docker/humble/latest) by extensions ['cmake', 'python']
[1.189s] Level 1:colcon.colcon_core.package_identification:_identify(src/rtabmap_ros/docker/humble/latest) by extension 'cmake'
[1.189s] Level 1:colcon.colcon_core.package_identification:_identify(src/rtabmap_ros/docker/humble/latest) by extension 'python'
[1.189s] Level 1:colcon.colcon_core.package_identification:_identify(src/rtabmap_ros/docker/humble/latest) by extensions ['python_setup_py']
[1.189s] Level 1:colcon.colcon_core.package_identification:_identify(src/rtabmap_ros/docker/humble/latest) by extension 'python_setup_py'
[1.189s] Level 1:colcon.colcon_core.package_identification:_identify(src/rtabmap_ros/docker/indigo) by extensions ['ignore', 'ignore_ament_install']
[1.189s] Level 1:colcon.colcon_core.package_identification:_identify(src/rtabmap_ros/docker/indigo) by extension 'ignore'
[1.189s] Level 1:colcon.colcon_core.package_identification:_identify(src/rtabmap_ros/docker/indigo) by extension 'ignore_ament_install'
[1.190s] Level 1:colcon.colcon_core.package_identification:_identify(src/rtabmap_ros/docker/indigo) by extensions ['colcon_pkg']
[1.190s] Level 1:colcon.colcon_core.package_identification:_identify(src/rtabmap_ros/docker/indigo) by extension 'colcon_pkg'
[1.190s] Level 1:colcon.colcon_core.package_identification:_identify(src/rtabmap_ros/docker/indigo) by extensions ['colcon_meta']
[1.190s] Level 1:colcon.colcon_core.package_identification:_identify(src/rtabmap_ros/docker/indigo) by extension 'colcon_meta'
[1.190s] Level 1:colcon.colcon_core.package_identification:_identify(src/rtabmap_ros/docker/indigo) by extensions ['ros']
[1.190s] Level 1:colcon.colcon_core.package_identification:_identify(src/rtabmap_ros/docker/indigo) by extension 'ros'
[1.190s] Level 1:colcon.colcon_core.package_identification:_identify(src/rtabmap_ros/docker/indigo) by extensions ['cmake', 'python']
[1.190s] Level 1:colcon.colcon_core.package_identification:_identify(src/rtabmap_ros/docker/indigo) by extension 'cmake'
[1.190s] Level 1:colcon.colcon_core.package_identification:_identify(src/rtabmap_ros/docker/indigo) by extension 'python'
[1.190s] Level 1:colcon.colcon_core.package_identification:_identify(src/rtabmap_ros/docker/indigo) by extensions ['python_setup_py']
[1.190s] Level 1:colcon.colcon_core.package_identification:_identify(src/rtabmap_ros/docker/indigo) by extension 'python_setup_py'
[1.190s] Level 1:colcon.colcon_core.package_identification:_identify(src/rtabmap_ros/docker/indigo/latest) by extensions ['ignore', 'ignore_ament_install']
[1.190s] Level 1:colcon.colcon_core.package_identification:_identify(src/rtabmap_ros/docker/indigo/latest) by extension 'ignore'
[1.190s] Level 1:colcon.colcon_core.package_identification:_identify(src/rtabmap_ros/docker/indigo/latest) by extension 'ignore_ament_install'
[1.190s] Level 1:colcon.colcon_core.package_identification:_identify(src/rtabmap_ros/docker/indigo/latest) by extensions ['colcon_pkg']
[1.190s] Level 1:colcon.colcon_core.package_identification:_identify(src/rtabmap_ros/docker/indigo/latest) by extension 'colcon_pkg'
[1.190s] Level 1:colcon.colcon_core.package_identification:_identify(src/rtabmap_ros/docker/indigo/latest) by extensions ['colcon_meta']
[1.190s] Level 1:colcon.colcon_core.package_identification:_identify(src/rtabmap_ros/docker/indigo/latest) by extension 'colcon_meta'
[1.190s] Level 1:colcon.colcon_core.package_identification:_identify(src/rtabmap_ros/docker/indigo/latest) by extensions ['ros']
[1.190s] Level 1:colcon.colcon_core.package_identification:_identify(src/rtabmap_ros/docker/indigo/latest) by extension 'ros'
[1.190s] Level 1:colcon.colcon_core.package_identification:_identify(src/rtabmap_ros/docker/indigo/latest) by extensions ['cmake', 'python']
[1.190s] Level 1:colcon.colcon_core.package_identification:_identify(src/rtabmap_ros/docker/indigo/latest) by extension 'cmake'
[1.190s] Level 1:colcon.colcon_core.package_identification:_identify(src/rtabmap_ros/docker/indigo/latest) by extension 'python'
[1.190s] Level 1:colcon.colcon_core.package_identification:_identify(src/rtabmap_ros/docker/indigo/latest) by extensions ['python_setup_py']
[1.190s] Level 1:colcon.colcon_core.package_identification:_identify(src/rtabmap_ros/docker/indigo/latest) by extension 'python_setup_py'
[1.190s] Level 1:colcon.colcon_core.package_identification:_identify(src/rtabmap_ros/docker/indigo/latest/hooks) by extensions ['ignore', 'ignore_ament_install']
[1.190s] Level 1:colcon.colcon_core.package_identification:_identify(src/rtabmap_ros/docker/indigo/latest/hooks) by extension 'ignore'
[1.190s] Level 1:colcon.colcon_core.package_identification:_identify(src/rtabmap_ros/docker/indigo/latest/hooks) by extension 'ignore_ament_install'
[1.190s] Level 1:colcon.colcon_core.package_identification:_identify(src/rtabmap_ros/docker/indigo/latest/hooks) by extensions ['colcon_pkg']
[1.190s] Level 1:colcon.colcon_core.package_identification:_identify(src/rtabmap_ros/docker/indigo/latest/hooks) by extension 'colcon_pkg'
[1.190s] Level 1:colcon.colcon_core.package_identification:_identify(src/rtabmap_ros/docker/indigo/latest/hooks) by extensions ['colcon_meta']
[1.190s] Level 1:colcon.colcon_core.package_identification:_identify(src/rtabmap_ros/docker/indigo/latest/hooks) by extension 'colcon_meta'
[1.190s] Level 1:colcon.colcon_core.package_identification:_identify(src/rtabmap_ros/docker/indigo/latest/hooks) by extensions ['ros']
[1.190s] Level 1:colcon.colcon_core.package_identification:_identify(src/rtabmap_ros/docker/indigo/latest/hooks) by extension 'ros'
[1.190s] Level 1:colcon.colcon_core.package_identification:_identify(src/rtabmap_ros/docker/indigo/latest/hooks) by extensions ['cmake', 'python']
[1.190s] Level 1:colcon.colcon_core.package_identification:_identify(src/rtabmap_ros/docker/indigo/latest/hooks) by extension 'cmake'
[1.190s] Level 1:colcon.colcon_core.package_identification:_identify(src/rtabmap_ros/docker/indigo/latest/hooks) by extension 'python'
[1.190s] Level 1:colcon.colcon_core.package_identification:_identify(src/rtabmap_ros/docker/indigo/latest/hooks) by extensions ['python_setup_py']
[1.190s] Level 1:colcon.colcon_core.package_identification:_identify(src/rtabmap_ros/docker/indigo/latest/hooks) by extension 'python_setup_py'
[1.190s] Level 1:colcon.colcon_core.package_identification:_identify(src/rtabmap_ros/docker/iron) by extensions ['ignore', 'ignore_ament_install']
[1.190s] Level 1:colcon.colcon_core.package_identification:_identify(src/rtabmap_ros/docker/iron) by extension 'ignore'
[1.190s] Level 1:colcon.colcon_core.package_identification:_identify(src/rtabmap_ros/docker/iron) by extension 'ignore_ament_install'
[1.190s] Level 1:colcon.colcon_core.package_identification:_identify(src/rtabmap_ros/docker/iron) by extensions ['colcon_pkg']
[1.190s] Level 1:colcon.colcon_core.package_identification:_identify(src/rtabmap_ros/docker/iron) by extension 'colcon_pkg'
[1.190s] Level 1:colcon.colcon_core.package_identification:_identify(src/rtabmap_ros/docker/iron) by extensions ['colcon_meta']
[1.190s] Level 1:colcon.colcon_core.package_identification:_identify(src/rtabmap_ros/docker/iron) by extension 'colcon_meta'
[1.190s] Level 1:colcon.colcon_core.package_identification:_identify(src/rtabmap_ros/docker/iron) by extensions ['ros']
[1.190s] Level 1:colcon.colcon_core.package_identification:_identify(src/rtabmap_ros/docker/iron) by extension 'ros'
[1.190s] Level 1:colcon.colcon_core.package_identification:_identify(src/rtabmap_ros/docker/iron) by extensions ['cmake', 'python']
[1.190s] Level 1:colcon.colcon_core.package_identification:_identify(src/rtabmap_ros/docker/iron) by extension 'cmake'
[1.190s] Level 1:colcon.colcon_core.package_identification:_identify(src/rtabmap_ros/docker/iron) by extension 'python'
[1.190s] Level 1:colcon.colcon_core.package_identification:_identify(src/rtabmap_ros/docker/iron) by extensions ['python_setup_py']
[1.190s] Level 1:colcon.colcon_core.package_identification:_identify(src/rtabmap_ros/docker/iron) by extension 'python_setup_py'
[1.190s] Level 1:colcon.colcon_core.package_identification:_identify(src/rtabmap_ros/docker/iron/latest) by extensions ['ignore', 'ignore_ament_install']
[1.190s] Level 1:colcon.colcon_core.package_identification:_identify(src/rtabmap_ros/docker/iron/latest) by extension 'ignore'
[1.190s] Level 1:colcon.colcon_core.package_identification:_identify(src/rtabmap_ros/docker/iron/latest) by extension 'ignore_ament_install'
[1.191s] Level 1:colcon.colcon_core.package_identification:_identify(src/rtabmap_ros/docker/iron/latest) by extensions ['colcon_pkg']
[1.191s] Level 1:colcon.colcon_core.package_identification:_identify(src/rtabmap_ros/docker/iron/latest) by extension 'colcon_pkg'
[1.191s] Level 1:colcon.colcon_core.package_identification:_identify(src/rtabmap_ros/docker/iron/latest) by extensions ['colcon_meta']
[1.191s] Level 1:colcon.colcon_core.package_identification:_identify(src/rtabmap_ros/docker/iron/latest) by extension 'colcon_meta'
[1.191s] Level 1:colcon.colcon_core.package_identification:_identify(src/rtabmap_ros/docker/iron/latest) by extensions ['ros']
[1.191s] Level 1:colcon.colcon_core.package_identification:_identify(src/rtabmap_ros/docker/iron/latest) by extension 'ros'
[1.191s] Level 1:colcon.colcon_core.package_identification:_identify(src/rtabmap_ros/docker/iron/latest) by extensions ['cmake', 'python']
[1.191s] Level 1:colcon.colcon_core.package_identification:_identify(src/rtabmap_ros/docker/iron/latest) by extension 'cmake'
[1.191s] Level 1:colcon.colcon_core.package_identification:_identify(src/rtabmap_ros/docker/iron/latest) by extension 'python'
[1.191s] Level 1:colcon.colcon_core.package_identification:_identify(src/rtabmap_ros/docker/iron/latest) by extensions ['python_setup_py']
[1.191s] Level 1:colcon.colcon_core.package_identification:_identify(src/rtabmap_ros/docker/iron/latest) by extension 'python_setup_py'
[1.191s] Level 1:colcon.colcon_core.package_identification:_identify(src/rtabmap_ros/docker/jazzy) by extensions ['ignore', 'ignore_ament_install']
[1.191s] Level 1:colcon.colcon_core.package_identification:_identify(src/rtabmap_ros/docker/jazzy) by extension 'ignore'
[1.191s] Level 1:colcon.colcon_core.package_identification:_identify(src/rtabmap_ros/docker/jazzy) by extension 'ignore_ament_install'
[1.191s] Level 1:colcon.colcon_core.package_identification:_identify(src/rtabmap_ros/docker/jazzy) by extensions ['colcon_pkg']
[1.191s] Level 1:colcon.colcon_core.package_identification:_identify(src/rtabmap_ros/docker/jazzy) by extension 'colcon_pkg'
[1.191s] Level 1:colcon.colcon_core.package_identification:_identify(src/rtabmap_ros/docker/jazzy) by extensions ['colcon_meta']
[1.191s] Level 1:colcon.colcon_core.package_identification:_identify(src/rtabmap_ros/docker/jazzy) by extension 'colcon_meta'
[1.191s] Level 1:colcon.colcon_core.package_identification:_identify(src/rtabmap_ros/docker/jazzy) by extensions ['ros']
[1.191s] Level 1:colcon.colcon_core.package_identification:_identify(src/rtabmap_ros/docker/jazzy) by extension 'ros'
[1.191s] Level 1:colcon.colcon_core.package_identification:_identify(src/rtabmap_ros/docker/jazzy) by extensions ['cmake', 'python']
[1.191s] Level 1:colcon.colcon_core.package_identification:_identify(src/rtabmap_ros/docker/jazzy) by extension 'cmake'
[1.191s] Level 1:colcon.colcon_core.package_identification:_identify(src/rtabmap_ros/docker/jazzy) by extension 'python'
[1.191s] Level 1:colcon.colcon_core.package_identification:_identify(src/rtabmap_ros/docker/jazzy) by extensions ['python_setup_py']
[1.191s] Level 1:colcon.colcon_core.package_identification:_identify(src/rtabmap_ros/docker/jazzy) by extension 'python_setup_py'
[1.191s] Level 1:colcon.colcon_core.package_identification:_identify(src/rtabmap_ros/docker/jazzy/latest) by extensions ['ignore', 'ignore_ament_install']
[1.191s] Level 1:colcon.colcon_core.package_identification:_identify(src/rtabmap_ros/docker/jazzy/latest) by extension 'ignore'
[1.191s] Level 1:colcon.colcon_core.package_identification:_identify(src/rtabmap_ros/docker/jazzy/latest) by extension 'ignore_ament_install'
[1.191s] Level 1:colcon.colcon_core.package_identification:_identify(src/rtabmap_ros/docker/jazzy/latest) by extensions ['colcon_pkg']
[1.191s] Level 1:colcon.colcon_core.package_identification:_identify(src/rtabmap_ros/docker/jazzy/latest) by extension 'colcon_pkg'
[1.191s] Level 1:colcon.colcon_core.package_identification:_identify(src/rtabmap_ros/docker/jazzy/latest) by extensions ['colcon_meta']
[1.191s] Level 1:colcon.colcon_core.package_identification:_identify(src/rtabmap_ros/docker/jazzy/latest) by extension 'colcon_meta'
[1.191s] Level 1:colcon.colcon_core.package_identification:_identify(src/rtabmap_ros/docker/jazzy/latest) by extensions ['ros']
[1.191s] Level 1:colcon.colcon_core.package_identification:_identify(src/rtabmap_ros/docker/jazzy/latest) by extension 'ros'
[1.191s] Level 1:colcon.colcon_core.package_identification:_identify(src/rtabmap_ros/docker/jazzy/latest) by extensions ['cmake', 'python']
[1.191s] Level 1:colcon.colcon_core.package_identification:_identify(src/rtabmap_ros/docker/jazzy/latest) by extension 'cmake'
[1.191s] Level 1:colcon.colcon_core.package_identification:_identify(src/rtabmap_ros/docker/jazzy/latest) by extension 'python'
[1.191s] Level 1:colcon.colcon_core.package_identification:_identify(src/rtabmap_ros/docker/jazzy/latest) by extensions ['python_setup_py']
[1.191s] Level 1:colcon.colcon_core.package_identification:_identify(src/rtabmap_ros/docker/jazzy/latest) by extension 'python_setup_py'
[1.191s] Level 1:colcon.colcon_core.package_identification:_identify(src/rtabmap_ros/docker/kilted) by extensions ['ignore', 'ignore_ament_install']
[1.191s] Level 1:colcon.colcon_core.package_identification:_identify(src/rtabmap_ros/docker/kilted) by extension 'ignore'
[1.191s] Level 1:colcon.colcon_core.package_identification:_identify(src/rtabmap_ros/docker/kilted) by extension 'ignore_ament_install'
[1.191s] Level 1:colcon.colcon_core.package_identification:_identify(src/rtabmap_ros/docker/kilted) by extensions ['colcon_pkg']
[1.191s] Level 1:colcon.colcon_core.package_identification:_identify(src/rtabmap_ros/docker/kilted) by extension 'colcon_pkg'
[1.191s] Level 1:colcon.colcon_core.package_identification:_identify(src/rtabmap_ros/docker/kilted) by extensions ['colcon_meta']
[1.191s] Level 1:colcon.colcon_core.package_identification:_identify(src/rtabmap_ros/docker/kilted) by extension 'colcon_meta'
[1.191s] Level 1:colcon.colcon_core.package_identification:_identify(src/rtabmap_ros/docker/kilted) by extensions ['ros']
[1.191s] Level 1:colcon.colcon_core.package_identification:_identify(src/rtabmap_ros/docker/kilted) by extension 'ros'
[1.191s] Level 1:colcon.colcon_core.package_identification:_identify(src/rtabmap_ros/docker/kilted) by extensions ['cmake', 'python']
[1.191s] Level 1:colcon.colcon_core.package_identification:_identify(src/rtabmap_ros/docker/kilted) by extension 'cmake'
[1.191s] Level 1:colcon.colcon_core.package_identification:_identify(src/rtabmap_ros/docker/kilted) by extension 'python'
[1.191s] Level 1:colcon.colcon_core.package_identification:_identify(src/rtabmap_ros/docker/kilted) by extensions ['python_setup_py']
[1.191s] Level 1:colcon.colcon_core.package_identification:_identify(src/rtabmap_ros/docker/kilted) by extension 'python_setup_py'
[1.191s] Level 1:colcon.colcon_core.package_identification:_identify(src/rtabmap_ros/docker/kilted/latest) by extensions ['ignore', 'ignore_ament_install']
[1.191s] Level 1:colcon.colcon_core.package_identification:_identify(src/rtabmap_ros/docker/kilted/latest) by extension 'ignore'
[1.191s] Level 1:colcon.colcon_core.package_identification:_identify(src/rtabmap_ros/docker/kilted/latest) by extension 'ignore_ament_install'
[1.192s] Level 1:colcon.colcon_core.package_identification:_identify(src/rtabmap_ros/docker/kilted/latest) by extensions ['colcon_pkg']
[1.192s] Level 1:colcon.colcon_core.package_identification:_identify(src/rtabmap_ros/docker/kilted/latest) by extension 'colcon_pkg'
[1.192s] Level 1:colcon.colcon_core.package_identification:_identify(src/rtabmap_ros/docker/kilted/latest) by extensions ['colcon_meta']
[1.192s] Level 1:colcon.colcon_core.package_identification:_identify(src/rtabmap_ros/docker/kilted/latest) by extension 'colcon_meta'
[1.192s] Level 1:colcon.colcon_core.package_identification:_identify(src/rtabmap_ros/docker/kilted/latest) by extensions ['ros']
[1.192s] Level 1:colcon.colcon_core.package_identification:_identify(src/rtabmap_ros/docker/kilted/latest) by extension 'ros'
[1.192s] Level 1:colcon.colcon_core.package_identification:_identify(src/rtabmap_ros/docker/kilted/latest) by extensions ['cmake', 'python']
[1.192s] Level 1:colcon.colcon_core.package_identification:_identify(src/rtabmap_ros/docker/kilted/latest) by extension 'cmake'
[1.192s] Level 1:colcon.colcon_core.package_identification:_identify(src/rtabmap_ros/docker/kilted/latest) by extension 'python'
[1.192s] Level 1:colcon.colcon_core.package_identification:_identify(src/rtabmap_ros/docker/kilted/latest) by extensions ['python_setup_py']
[1.192s] Level 1:colcon.colcon_core.package_identification:_identify(src/rtabmap_ros/docker/kilted/latest) by extension 'python_setup_py'
[1.192s] Level 1:colcon.colcon_core.package_identification:_identify(src/rtabmap_ros/docker/kinetic) by extensions ['ignore', 'ignore_ament_install']
[1.192s] Level 1:colcon.colcon_core.package_identification:_identify(src/rtabmap_ros/docker/kinetic) by extension 'ignore'
[1.192s] Level 1:colcon.colcon_core.package_identification:_identify(src/rtabmap_ros/docker/kinetic) by extension 'ignore_ament_install'
[1.192s] Level 1:colcon.colcon_core.package_identification:_identify(src/rtabmap_ros/docker/kinetic) by extensions ['colcon_pkg']
[1.192s] Level 1:colcon.colcon_core.package_identification:_identify(src/rtabmap_ros/docker/kinetic) by extension 'colcon_pkg'
[1.192s] Level 1:colcon.colcon_core.package_identification:_identify(src/rtabmap_ros/docker/kinetic) by extensions ['colcon_meta']
[1.192s] Level 1:colcon.colcon_core.package_identification:_identify(src/rtabmap_ros/docker/kinetic) by extension 'colcon_meta'
[1.192s] Level 1:colcon.colcon_core.package_identification:_identify(src/rtabmap_ros/docker/kinetic) by extensions ['ros']
[1.192s] Level 1:colcon.colcon_core.package_identification:_identify(src/rtabmap_ros/docker/kinetic) by extension 'ros'
[1.192s] Level 1:colcon.colcon_core.package_identification:_identify(src/rtabmap_ros/docker/kinetic) by extensions ['cmake', 'python']
[1.192s] Level 1:colcon.colcon_core.package_identification:_identify(src/rtabmap_ros/docker/kinetic) by extension 'cmake'
[1.192s] Level 1:colcon.colcon_core.package_identification:_identify(src/rtabmap_ros/docker/kinetic) by extension 'python'
[1.192s] Level 1:colcon.colcon_core.package_identification:_identify(src/rtabmap_ros/docker/kinetic) by extensions ['python_setup_py']
[1.192s] Level 1:colcon.colcon_core.package_identification:_identify(src/rtabmap_ros/docker/kinetic) by extension 'python_setup_py'
[1.192s] Level 1:colcon.colcon_core.package_identification:_identify(src/rtabmap_ros/docker/kinetic/latest) by extensions ['ignore', 'ignore_ament_install']
[1.192s] Level 1:colcon.colcon_core.package_identification:_identify(src/rtabmap_ros/docker/kinetic/latest) by extension 'ignore'
[1.192s] Level 1:colcon.colcon_core.package_identification:_identify(src/rtabmap_ros/docker/kinetic/latest) by extension 'ignore_ament_install'
[1.192s] Level 1:colcon.colcon_core.package_identification:_identify(src/rtabmap_ros/docker/kinetic/latest) by extensions ['colcon_pkg']
[1.192s] Level 1:colcon.colcon_core.package_identification:_identify(src/rtabmap_ros/docker/kinetic/latest) by extension 'colcon_pkg'
[1.192s] Level 1:colcon.colcon_core.package_identification:_identify(src/rtabmap_ros/docker/kinetic/latest) by extensions ['colcon_meta']
[1.192s] Level 1:colcon.colcon_core.package_identification:_identify(src/rtabmap_ros/docker/kinetic/latest) by extension 'colcon_meta'
[1.192s] Level 1:colcon.colcon_core.package_identification:_identify(src/rtabmap_ros/docker/kinetic/latest) by extensions ['ros']
[1.192s] Level 1:colcon.colcon_core.package_identification:_identify(src/rtabmap_ros/docker/kinetic/latest) by extension 'ros'
[1.192s] Level 1:colcon.colcon_core.package_identification:_identify(src/rtabmap_ros/docker/kinetic/latest) by extensions ['cmake', 'python']
[1.192s] Level 1:colcon.colcon_core.package_identification:_identify(src/rtabmap_ros/docker/kinetic/latest) by extension 'cmake'
[1.192s] Level 1:colcon.colcon_core.package_identification:_identify(src/rtabmap_ros/docker/kinetic/latest) by extension 'python'
[1.192s] Level 1:colcon.colcon_core.package_identification:_identify(src/rtabmap_ros/docker/kinetic/latest) by extensions ['python_setup_py']
[1.192s] Level 1:colcon.colcon_core.package_identification:_identify(src/rtabmap_ros/docker/kinetic/latest) by extension 'python_setup_py'
[1.192s] Level 1:colcon.colcon_core.package_identification:_identify(src/rtabmap_ros/docker/kinetic/latest/hooks) by extensions ['ignore', 'ignore_ament_install']
[1.192s] Level 1:colcon.colcon_core.package_identification:_identify(src/rtabmap_ros/docker/kinetic/latest/hooks) by extension 'ignore'
[1.192s] Level 1:colcon.colcon_core.package_identification:_identify(src/rtabmap_ros/docker/kinetic/latest/hooks) by extension 'ignore_ament_install'
[1.192s] Level 1:colcon.colcon_core.package_identification:_identify(src/rtabmap_ros/docker/kinetic/latest/hooks) by extensions ['colcon_pkg']
[1.192s] Level 1:colcon.colcon_core.package_identification:_identify(src/rtabmap_ros/docker/kinetic/latest/hooks) by extension 'colcon_pkg'
[1.192s] Level 1:colcon.colcon_core.package_identification:_identify(src/rtabmap_ros/docker/kinetic/latest/hooks) by extensions ['colcon_meta']
[1.192s] Level 1:colcon.colcon_core.package_identification:_identify(src/rtabmap_ros/docker/kinetic/latest/hooks) by extension 'colcon_meta'
[1.192s] Level 1:colcon.colcon_core.package_identification:_identify(src/rtabmap_ros/docker/kinetic/latest/hooks) by extensions ['ros']
[1.192s] Level 1:colcon.colcon_core.package_identification:_identify(src/rtabmap_ros/docker/kinetic/latest/hooks) by extension 'ros'
[1.192s] Level 1:colcon.colcon_core.package_identification:_identify(src/rtabmap_ros/docker/kinetic/latest/hooks) by extensions ['cmake', 'python']
[1.192s] Level 1:colcon.colcon_core.package_identification:_identify(src/rtabmap_ros/docker/kinetic/latest/hooks) by extension 'cmake'
[1.192s] Level 1:colcon.colcon_core.package_identification:_identify(src/rtabmap_ros/docker/kinetic/latest/hooks) by extension 'python'
[1.192s] Level 1:colcon.colcon_core.package_identification:_identify(src/rtabmap_ros/docker/kinetic/latest/hooks) by extensions ['python_setup_py']
[1.192s] Level 1:colcon.colcon_core.package_identification:_identify(src/rtabmap_ros/docker/kinetic/latest/hooks) by extension 'python_setup_py'
[1.193s] Level 1:colcon.colcon_core.package_identification:_identify(src/rtabmap_ros/docker/melodic) by extensions ['ignore', 'ignore_ament_install']
[1.193s] Level 1:colcon.colcon_core.package_identification:_identify(src/rtabmap_ros/docker/melodic) by extension 'ignore'
[1.193s] Level 1:colcon.colcon_core.package_identification:_identify(src/rtabmap_ros/docker/melodic) by extension 'ignore_ament_install'
[1.193s] Level 1:colcon.colcon_core.package_identification:_identify(src/rtabmap_ros/docker/melodic) by extensions ['colcon_pkg']
[1.193s] Level 1:colcon.colcon_core.package_identification:_identify(src/rtabmap_ros/docker/melodic) by extension 'colcon_pkg'
[1.193s] Level 1:colcon.colcon_core.package_identification:_identify(src/rtabmap_ros/docker/melodic) by extensions ['colcon_meta']
[1.193s] Level 1:colcon.colcon_core.package_identification:_identify(src/rtabmap_ros/docker/melodic) by extension 'colcon_meta'
[1.193s] Level 1:colcon.colcon_core.package_identification:_identify(src/rtabmap_ros/docker/melodic) by extensions ['ros']
[1.193s] Level 1:colcon.colcon_core.package_identification:_identify(src/rtabmap_ros/docker/melodic) by extension 'ros'
[1.193s] Level 1:colcon.colcon_core.package_identification:_identify(src/rtabmap_ros/docker/melodic) by extensions ['cmake', 'python']
[1.193s] Level 1:colcon.colcon_core.package_identification:_identify(src/rtabmap_ros/docker/melodic) by extension 'cmake'
[1.193s] Level 1:colcon.colcon_core.package_identification:_identify(src/rtabmap_ros/docker/melodic) by extension 'python'
[1.193s] Level 1:colcon.colcon_core.package_identification:_identify(src/rtabmap_ros/docker/melodic) by extensions ['python_setup_py']
[1.193s] Level 1:colcon.colcon_core.package_identification:_identify(src/rtabmap_ros/docker/melodic) by extension 'python_setup_py'
[1.193s] Level 1:colcon.colcon_core.package_identification:_identify(src/rtabmap_ros/docker/melodic/latest) by extensions ['ignore', 'ignore_ament_install']
[1.193s] Level 1:colcon.colcon_core.package_identification:_identify(src/rtabmap_ros/docker/melodic/latest) by extension 'ignore'
[1.193s] Level 1:colcon.colcon_core.package_identification:_identify(src/rtabmap_ros/docker/melodic/latest) by extension 'ignore_ament_install'
[1.193s] Level 1:colcon.colcon_core.package_identification:_identify(src/rtabmap_ros/docker/melodic/latest) by extensions ['colcon_pkg']
[1.193s] Level 1:colcon.colcon_core.package_identification:_identify(src/rtabmap_ros/docker/melodic/latest) by extension 'colcon_pkg'
[1.193s] Level 1:colcon.colcon_core.package_identification:_identify(src/rtabmap_ros/docker/melodic/latest) by extensions ['colcon_meta']
[1.193s] Level 1:colcon.colcon_core.package_identification:_identify(src/rtabmap_ros/docker/melodic/latest) by extension 'colcon_meta'
[1.193s] Level 1:colcon.colcon_core.package_identification:_identify(src/rtabmap_ros/docker/melodic/latest) by extensions ['ros']
[1.193s] Level 1:colcon.colcon_core.package_identification:_identify(src/rtabmap_ros/docker/melodic/latest) by extension 'ros'
[1.193s] Level 1:colcon.colcon_core.package_identification:_identify(src/rtabmap_ros/docker/melodic/latest) by extensions ['cmake', 'python']
[1.193s] Level 1:colcon.colcon_core.package_identification:_identify(src/rtabmap_ros/docker/melodic/latest) by extension 'cmake'
[1.193s] Level 1:colcon.colcon_core.package_identification:_identify(src/rtabmap_ros/docker/melodic/latest) by extension 'python'
[1.193s] Level 1:colcon.colcon_core.package_identification:_identify(src/rtabmap_ros/docker/melodic/latest) by extensions ['python_setup_py']
[1.193s] Level 1:colcon.colcon_core.package_identification:_identify(src/rtabmap_ros/docker/melodic/latest) by extension 'python_setup_py'
[1.193s] Level 1:colcon.colcon_core.package_identification:_identify(src/rtabmap_ros/docker/melodic/latest/hooks) by extensions ['ignore', 'ignore_ament_install']
[1.193s] Level 1:colcon.colcon_core.package_identification:_identify(src/rtabmap_ros/docker/melodic/latest/hooks) by extension 'ignore'
[1.193s] Level 1:colcon.colcon_core.package_identification:_identify(src/rtabmap_ros/docker/melodic/latest/hooks) by extension 'ignore_ament_install'
[1.193s] Level 1:colcon.colcon_core.package_identification:_identify(src/rtabmap_ros/docker/melodic/latest/hooks) by extensions ['colcon_pkg']
[1.193s] Level 1:colcon.colcon_core.package_identification:_identify(src/rtabmap_ros/docker/melodic/latest/hooks) by extension 'colcon_pkg'
[1.193s] Level 1:colcon.colcon_core.package_identification:_identify(src/rtabmap_ros/docker/melodic/latest/hooks) by extensions ['colcon_meta']
[1.193s] Level 1:colcon.colcon_core.package_identification:_identify(src/rtabmap_ros/docker/melodic/latest/hooks) by extension 'colcon_meta'
[1.193s] Level 1:colcon.colcon_core.package_identification:_identify(src/rtabmap_ros/docker/melodic/latest/hooks) by extensions ['ros']
[1.193s] Level 1:colcon.colcon_core.package_identification:_identify(src/rtabmap_ros/docker/melodic/latest/hooks) by extension 'ros'
[1.193s] Level 1:colcon.colcon_core.package_identification:_identify(src/rtabmap_ros/docker/melodic/latest/hooks) by extensions ['cmake', 'python']
[1.193s] Level 1:colcon.colcon_core.package_identification:_identify(src/rtabmap_ros/docker/melodic/latest/hooks) by extension 'cmake'
[1.193s] Level 1:colcon.colcon_core.package_identification:_identify(src/rtabmap_ros/docker/melodic/latest/hooks) by extension 'python'
[1.193s] Level 1:colcon.colcon_core.package_identification:_identify(src/rtabmap_ros/docker/melodic/latest/hooks) by extensions ['python_setup_py']
[1.193s] Level 1:colcon.colcon_core.package_identification:_identify(src/rtabmap_ros/docker/melodic/latest/hooks) by extension 'python_setup_py'
[1.193s] Level 1:colcon.colcon_core.package_identification:_identify(src/rtabmap_ros/docker/noetic) by extensions ['ignore', 'ignore_ament_install']
[1.193s] Level 1:colcon.colcon_core.package_identification:_identify(src/rtabmap_ros/docker/noetic) by extension 'ignore'
[1.193s] Level 1:colcon.colcon_core.package_identification:_identify(src/rtabmap_ros/docker/noetic) by extension 'ignore_ament_install'
[1.193s] Level 1:colcon.colcon_core.package_identification:_identify(src/rtabmap_ros/docker/noetic) by extensions ['colcon_pkg']
[1.193s] Level 1:colcon.colcon_core.package_identification:_identify(src/rtabmap_ros/docker/noetic) by extension 'colcon_pkg'
[1.193s] Level 1:colcon.colcon_core.package_identification:_identify(src/rtabmap_ros/docker/noetic) by extensions ['colcon_meta']
[1.193s] Level 1:colcon.colcon_core.package_identification:_identify(src/rtabmap_ros/docker/noetic) by extension 'colcon_meta'
[1.194s] Level 1:colcon.colcon_core.package_identification:_identify(src/rtabmap_ros/docker/noetic) by extensions ['ros']
[1.194s] Level 1:colcon.colcon_core.package_identification:_identify(src/rtabmap_ros/docker/noetic) by extension 'ros'
[1.194s] Level 1:colcon.colcon_core.package_identification:_identify(src/rtabmap_ros/docker/noetic) by extensions ['cmake', 'python']
[1.194s] Level 1:colcon.colcon_core.package_identification:_identify(src/rtabmap_ros/docker/noetic) by extension 'cmake'
[1.194s] Level 1:colcon.colcon_core.package_identification:_identify(src/rtabmap_ros/docker/noetic) by extension 'python'
[1.194s] Level 1:colcon.colcon_core.package_identification:_identify(src/rtabmap_ros/docker/noetic) by extensions ['python_setup_py']
[1.194s] Level 1:colcon.colcon_core.package_identification:_identify(src/rtabmap_ros/docker/noetic) by extension 'python_setup_py'
[1.194s] Level 1:colcon.colcon_core.package_identification:_identify(src/rtabmap_ros/docker/noetic/latest) by extensions ['ignore', 'ignore_ament_install']
[1.194s] Level 1:colcon.colcon_core.package_identification:_identify(src/rtabmap_ros/docker/noetic/latest) by extension 'ignore'
[1.194s] Level 1:colcon.colcon_core.package_identification:_identify(src/rtabmap_ros/docker/noetic/latest) by extension 'ignore_ament_install'
[1.194s] Level 1:colcon.colcon_core.package_identification:_identify(src/rtabmap_ros/docker/noetic/latest) by extensions ['colcon_pkg']
[1.194s] Level 1:colcon.colcon_core.package_identification:_identify(src/rtabmap_ros/docker/noetic/latest) by extension 'colcon_pkg'
[1.194s] Level 1:colcon.colcon_core.package_identification:_identify(src/rtabmap_ros/docker/noetic/latest) by extensions ['colcon_meta']
[1.194s] Level 1:colcon.colcon_core.package_identification:_identify(src/rtabmap_ros/docker/noetic/latest) by extension 'colcon_meta'
[1.194s] Level 1:colcon.colcon_core.package_identification:_identify(src/rtabmap_ros/docker/noetic/latest) by extensions ['ros']
[1.194s] Level 1:colcon.colcon_core.package_identification:_identify(src/rtabmap_ros/docker/noetic/latest) by extension 'ros'
[1.194s] Level 1:colcon.colcon_core.package_identification:_identify(src/rtabmap_ros/docker/noetic/latest) by extensions ['cmake', 'python']
[1.194s] Level 1:colcon.colcon_core.package_identification:_identify(src/rtabmap_ros/docker/noetic/latest) by extension 'cmake'
[1.194s] Level 1:colcon.colcon_core.package_identification:_identify(src/rtabmap_ros/docker/noetic/latest) by extension 'python'
[1.194s] Level 1:colcon.colcon_core.package_identification:_identify(src/rtabmap_ros/docker/noetic/latest) by extensions ['python_setup_py']
[1.194s] Level 1:colcon.colcon_core.package_identification:_identify(src/rtabmap_ros/docker/noetic/latest) by extension 'python_setup_py'
[1.194s] Level 1:colcon.colcon_core.package_identification:_identify(src/rtabmap_ros/docker/noetic/latest/hooks) by extensions ['ignore', 'ignore_ament_install']
[1.194s] Level 1:colcon.colcon_core.package_identification:_identify(src/rtabmap_ros/docker/noetic/latest/hooks) by extension 'ignore'
[1.194s] Level 1:colcon.colcon_core.package_identification:_identify(src/rtabmap_ros/docker/noetic/latest/hooks) by extension 'ignore_ament_install'
[1.194s] Level 1:colcon.colcon_core.package_identification:_identify(src/rtabmap_ros/docker/noetic/latest/hooks) by extensions ['colcon_pkg']
[1.194s] Level 1:colcon.colcon_core.package_identification:_identify(src/rtabmap_ros/docker/noetic/latest/hooks) by extension 'colcon_pkg'
[1.194s] Level 1:colcon.colcon_core.package_identification:_identify(src/rtabmap_ros/docker/noetic/latest/hooks) by extensions ['colcon_meta']
[1.194s] Level 1:colcon.colcon_core.package_identification:_identify(src/rtabmap_ros/docker/noetic/latest/hooks) by extension 'colcon_meta'
[1.194s] Level 1:colcon.colcon_core.package_identification:_identify(src/rtabmap_ros/docker/noetic/latest/hooks) by extensions ['ros']
[1.194s] Level 1:colcon.colcon_core.package_identification:_identify(src/rtabmap_ros/docker/noetic/latest/hooks) by extension 'ros'
[1.194s] Level 1:colcon.colcon_core.package_identification:_identify(src/rtabmap_ros/docker/noetic/latest/hooks) by extensions ['cmake', 'python']
[1.194s] Level 1:colcon.colcon_core.package_identification:_identify(src/rtabmap_ros/docker/noetic/latest/hooks) by extension 'cmake'
[1.194s] Level 1:colcon.colcon_core.package_identification:_identify(src/rtabmap_ros/docker/noetic/latest/hooks) by extension 'python'
[1.194s] Level 1:colcon.colcon_core.package_identification:_identify(src/rtabmap_ros/docker/noetic/latest/hooks) by extensions ['python_setup_py']
[1.194s] Level 1:colcon.colcon_core.package_identification:_identify(src/rtabmap_ros/docker/noetic/latest/hooks) by extension 'python_setup_py'
[1.194s] Level 1:colcon.colcon_core.package_identification:_identify(src/rtabmap_ros/docker/noetic/superpoint) by extensions ['ignore', 'ignore_ament_install']
[1.194s] Level 1:colcon.colcon_core.package_identification:_identify(src/rtabmap_ros/docker/noetic/superpoint) by extension 'ignore'
[1.194s] Level 1:colcon.colcon_core.package_identification:_identify(src/rtabmap_ros/docker/noetic/superpoint) by extension 'ignore_ament_install'
[1.194s] Level 1:colcon.colcon_core.package_identification:_identify(src/rtabmap_ros/docker/noetic/superpoint) by extensions ['colcon_pkg']
[1.194s] Level 1:colcon.colcon_core.package_identification:_identify(src/rtabmap_ros/docker/noetic/superpoint) by extension 'colcon_pkg'
[1.194s] Level 1:colcon.colcon_core.package_identification:_identify(src/rtabmap_ros/docker/noetic/superpoint) by extensions ['colcon_meta']
[1.194s] Level 1:colcon.colcon_core.package_identification:_identify(src/rtabmap_ros/docker/noetic/superpoint) by extension 'colcon_meta'
[1.194s] Level 1:colcon.colcon_core.package_identification:_identify(src/rtabmap_ros/docker/noetic/superpoint) by extensions ['ros']
[1.194s] Level 1:colcon.colcon_core.package_identification:_identify(src/rtabmap_ros/docker/noetic/superpoint) by extension 'ros'
[1.194s] Level 1:colcon.colcon_core.package_identification:_identify(src/rtabmap_ros/docker/noetic/superpoint) by extensions ['cmake', 'python']
[1.194s] Level 1:colcon.colcon_core.package_identification:_identify(src/rtabmap_ros/docker/noetic/superpoint) by extension 'cmake'
[1.194s] Level 1:colcon.colcon_core.package_identification:_identify(src/rtabmap_ros/docker/noetic/superpoint) by extension 'python'
[1.194s] Level 1:colcon.colcon_core.package_identification:_identify(src/rtabmap_ros/docker/noetic/superpoint) by extensions ['python_setup_py']
[1.194s] Level 1:colcon.colcon_core.package_identification:_identify(src/rtabmap_ros/docker/noetic/superpoint) by extension 'python_setup_py'
[1.195s] Level 1:colcon.colcon_core.package_identification:_identify(src/rtabmap_ros/rtabmap_conversions) by extensions ['ignore', 'ignore_ament_install']
[1.195s] Level 1:colcon.colcon_core.package_identification:_identify(src/rtabmap_ros/rtabmap_conversions) by extension 'ignore'
[1.195s] Level 1:colcon.colcon_core.package_identification:_identify(src/rtabmap_ros/rtabmap_conversions) by extension 'ignore_ament_install'
[1.195s] Level 1:colcon.colcon_core.package_identification:_identify(src/rtabmap_ros/rtabmap_conversions) by extensions ['colcon_pkg']
[1.195s] Level 1:colcon.colcon_core.package_identification:_identify(src/rtabmap_ros/rtabmap_conversions) by extension 'colcon_pkg'
[1.195s] Level 1:colcon.colcon_core.package_identification:_identify(src/rtabmap_ros/rtabmap_conversions) by extensions ['colcon_meta']
[1.195s] Level 1:colcon.colcon_core.package_identification:_identify(src/rtabmap_ros/rtabmap_conversions) by extension 'colcon_meta'
[1.195s] Level 1:colcon.colcon_core.package_identification:_identify(src/rtabmap_ros/rtabmap_conversions) by extensions ['ros']
[1.195s] Level 1:colcon.colcon_core.package_identification:_identify(src/rtabmap_ros/rtabmap_conversions) by extension 'ros'
[1.195s] DEBUG:colcon.colcon_core.package_identification:Package 'src/rtabmap_ros/rtabmap_conversions' with type 'ros.ament_cmake' and name 'rtabmap_conversions'
[1.195s] Level 1:colcon.colcon_core.package_identification:_identify(src/rtabmap_ros/rtabmap_demos) by extensions ['ignore', 'ignore_ament_install']
[1.195s] Level 1:colcon.colcon_core.package_identification:_identify(src/rtabmap_ros/rtabmap_demos) by extension 'ignore'
[1.195s] Level 1:colcon.colcon_core.package_identification:_identify(src/rtabmap_ros/rtabmap_demos) by extension 'ignore_ament_install'
[1.195s] Level 1:colcon.colcon_core.package_identification:_identify(src/rtabmap_ros/rtabmap_demos) by extensions ['colcon_pkg']
[1.195s] Level 1:colcon.colcon_core.package_identification:_identify(src/rtabmap_ros/rtabmap_demos) by extension 'colcon_pkg'
[1.195s] Level 1:colcon.colcon_core.package_identification:_identify(src/rtabmap_ros/rtabmap_demos) by extensions ['colcon_meta']
[1.195s] Level 1:colcon.colcon_core.package_identification:_identify(src/rtabmap_ros/rtabmap_demos) by extension 'colcon_meta'
[1.195s] Level 1:colcon.colcon_core.package_identification:_identify(src/rtabmap_ros/rtabmap_demos) by extensions ['ros']
[1.195s] Level 1:colcon.colcon_core.package_identification:_identify(src/rtabmap_ros/rtabmap_demos) by extension 'ros'
[1.196s] DEBUG:colcon.colcon_core.package_identification:Package 'src/rtabmap_ros/rtabmap_demos' with type 'ros.ament_cmake' and name 'rtabmap_demos'
[1.196s] Level 1:colcon.colcon_core.package_identification:_identify(src/rtabmap_ros/rtabmap_examples) by extensions ['ignore', 'ignore_ament_install']
[1.196s] Level 1:colcon.colcon_core.package_identification:_identify(src/rtabmap_ros/rtabmap_examples) by extension 'ignore'
[1.196s] Level 1:colcon.colcon_core.package_identification:_identify(src/rtabmap_ros/rtabmap_examples) by extension 'ignore_ament_install'
[1.196s] Level 1:colcon.colcon_core.package_identification:_identify(src/rtabmap_ros/rtabmap_examples) by extensions ['colcon_pkg']
[1.196s] Level 1:colcon.colcon_core.package_identification:_identify(src/rtabmap_ros/rtabmap_examples) by extension 'colcon_pkg'
[1.196s] Level 1:colcon.colcon_core.package_identification:_identify(src/rtabmap_ros/rtabmap_examples) by extensions ['colcon_meta']
[1.196s] Level 1:colcon.colcon_core.package_identification:_identify(src/rtabmap_ros/rtabmap_examples) by extension 'colcon_meta'
[1.196s] Level 1:colcon.colcon_core.package_identification:_identify(src/rtabmap_ros/rtabmap_examples) by extensions ['ros']
[1.196s] Level 1:colcon.colcon_core.package_identification:_identify(src/rtabmap_ros/rtabmap_examples) by extension 'ros'
[1.196s] DEBUG:colcon.colcon_core.package_identification:Package 'src/rtabmap_ros/rtabmap_examples' with type 'ros.ament_cmake' and name 'rtabmap_examples'
[1.196s] Level 1:colcon.colcon_core.package_identification:_identify(src/rtabmap_ros/rtabmap_launch) by extensions ['ignore', 'ignore_ament_install']
[1.196s] Level 1:colcon.colcon_core.package_identification:_identify(src/rtabmap_ros/rtabmap_launch) by extension 'ignore'
[1.196s] Level 1:colcon.colcon_core.package_identification:_identify(src/rtabmap_ros/rtabmap_launch) by extension 'ignore_ament_install'
[1.196s] Level 1:colcon.colcon_core.package_identification:_identify(src/rtabmap_ros/rtabmap_launch) by extensions ['colcon_pkg']
[1.196s] Level 1:colcon.colcon_core.package_identification:_identify(src/rtabmap_ros/rtabmap_launch) by extension 'colcon_pkg'
[1.196s] Level 1:colcon.colcon_core.package_identification:_identify(src/rtabmap_ros/rtabmap_launch) by extensions ['colcon_meta']
[1.196s] Level 1:colcon.colcon_core.package_identification:_identify(src/rtabmap_ros/rtabmap_launch) by extension 'colcon_meta'
[1.196s] Level 1:colcon.colcon_core.package_identification:_identify(src/rtabmap_ros/rtabmap_launch) by extensions ['ros']
[1.196s] Level 1:colcon.colcon_core.package_identification:_identify(src/rtabmap_ros/rtabmap_launch) by extension 'ros'
[1.197s] DEBUG:colcon.colcon_core.package_identification:Package 'src/rtabmap_ros/rtabmap_launch' with type 'ros.ament_cmake' and name 'rtabmap_launch'
[1.197s] Level 1:colcon.colcon_core.package_identification:_identify(src/rtabmap_ros/rtabmap_msgs) by extensions ['ignore', 'ignore_ament_install']
[1.197s] Level 1:colcon.colcon_core.package_identification:_identify(src/rtabmap_ros/rtabmap_msgs) by extension 'ignore'
[1.197s] Level 1:colcon.colcon_core.package_identification:_identify(src/rtabmap_ros/rtabmap_msgs) by extension 'ignore_ament_install'
[1.197s] Level 1:colcon.colcon_core.package_identification:_identify(src/rtabmap_ros/rtabmap_msgs) by extensions ['colcon_pkg']
[1.197s] Level 1:colcon.colcon_core.package_identification:_identify(src/rtabmap_ros/rtabmap_msgs) by extension 'colcon_pkg'
[1.197s] Level 1:colcon.colcon_core.package_identification:_identify(src/rtabmap_ros/rtabmap_msgs) by extensions ['colcon_meta']
[1.197s] Level 1:colcon.colcon_core.package_identification:_identify(src/rtabmap_ros/rtabmap_msgs) by extension 'colcon_meta'
[1.197s] Level 1:colcon.colcon_core.package_identification:_identify(src/rtabmap_ros/rtabmap_msgs) by extensions ['ros']
[1.197s] Level 1:colcon.colcon_core.package_identification:_identify(src/rtabmap_ros/rtabmap_msgs) by extension 'ros'
[1.197s] DEBUG:colcon.colcon_core.package_identification:Package 'src/rtabmap_ros/rtabmap_msgs' with type 'ros.ament_cmake' and name 'rtabmap_msgs'
[1.197s] Level 1:colcon.colcon_core.package_identification:_identify(src/rtabmap_ros/rtabmap_odom) by extensions ['ignore', 'ignore_ament_install']
[1.197s] Level 1:colcon.colcon_core.package_identification:_identify(src/rtabmap_ros/rtabmap_odom) by extension 'ignore'
[1.197s] Level 1:colcon.colcon_core.package_identification:_identify(src/rtabmap_ros/rtabmap_odom) by extension 'ignore_ament_install'
[1.197s] Level 1:colcon.colcon_core.package_identification:_identify(src/rtabmap_ros/rtabmap_odom) by extensions ['colcon_pkg']
[1.197s] Level 1:colcon.colcon_core.package_identification:_identify(src/rtabmap_ros/rtabmap_odom) by extension 'colcon_pkg'
[1.197s] Level 1:colcon.colcon_core.package_identification:_identify(src/rtabmap_ros/rtabmap_odom) by extensions ['colcon_meta']
[1.197s] Level 1:colcon.colcon_core.package_identification:_identify(src/rtabmap_ros/rtabmap_odom) by extension 'colcon_meta'
[1.197s] Level 1:colcon.colcon_core.package_identification:_identify(src/rtabmap_ros/rtabmap_odom) by extensions ['ros']
[1.197s] Level 1:colcon.colcon_core.package_identification:_identify(src/rtabmap_ros/rtabmap_odom) by extension 'ros'
[1.198s] DEBUG:colcon.colcon_core.package_identification:Package 'src/rtabmap_ros/rtabmap_odom' with type 'ros.ament_cmake' and name 'rtabmap_odom'
[1.198s] Level 1:colcon.colcon_core.package_identification:_identify(src/rtabmap_ros/rtabmap_python) by extensions ['ignore', 'ignore_ament_install']
[1.198s] Level 1:colcon.colcon_core.package_identification:_identify(src/rtabmap_ros/rtabmap_python) by extension 'ignore'
[1.198s] Level 1:colcon.colcon_core.package_identification:_identify(src/rtabmap_ros/rtabmap_python) by extension 'ignore_ament_install'
[1.198s] Level 1:colcon.colcon_core.package_identification:_identify(src/rtabmap_ros/rtabmap_python) by extensions ['colcon_pkg']
[1.198s] Level 1:colcon.colcon_core.package_identification:_identify(src/rtabmap_ros/rtabmap_python) by extension 'colcon_pkg'
[1.198s] Level 1:colcon.colcon_core.package_identification:_identify(src/rtabmap_ros/rtabmap_python) by extensions ['colcon_meta']
[1.198s] Level 1:colcon.colcon_core.package_identification:_identify(src/rtabmap_ros/rtabmap_python) by extension 'colcon_meta'
[1.198s] Level 1:colcon.colcon_core.package_identification:_identify(src/rtabmap_ros/rtabmap_python) by extensions ['ros']
[1.198s] Level 1:colcon.colcon_core.package_identification:_identify(src/rtabmap_ros/rtabmap_python) by extension 'ros'
[1.198s] DEBUG:colcon.colcon_core.package_identification:Package 'src/rtabmap_ros/rtabmap_python' with type 'ros.ament_python' and name 'rtabmap_python'
[1.198s] Level 1:colcon.colcon_core.package_identification:_identify(src/rtabmap_ros/rtabmap_ros) by extensions ['ignore', 'ignore_ament_install']
[1.198s] Level 1:colcon.colcon_core.package_identification:_identify(src/rtabmap_ros/rtabmap_ros) by extension 'ignore'
[1.198s] Level 1:colcon.colcon_core.package_identification:_identify(src/rtabmap_ros/rtabmap_ros) by extension 'ignore_ament_install'
[1.198s] Level 1:colcon.colcon_core.package_identification:_identify(src/rtabmap_ros/rtabmap_ros) by extensions ['colcon_pkg']
[1.198s] Level 1:colcon.colcon_core.package_identification:_identify(src/rtabmap_ros/rtabmap_ros) by extension 'colcon_pkg'
[1.198s] Level 1:colcon.colcon_core.package_identification:_identify(src/rtabmap_ros/rtabmap_ros) by extensions ['colcon_meta']
[1.198s] Level 1:colcon.colcon_core.package_identification:_identify(src/rtabmap_ros/rtabmap_ros) by extension 'colcon_meta'
[1.198s] Level 1:colcon.colcon_core.package_identification:_identify(src/rtabmap_ros/rtabmap_ros) by extensions ['ros']
[1.198s] Level 1:colcon.colcon_core.package_identification:_identify(src/rtabmap_ros/rtabmap_ros) by extension 'ros'
[1.199s] DEBUG:colcon.colcon_core.package_identification:Package 'src/rtabmap_ros/rtabmap_ros' with type 'ros.ament_cmake' and name 'rtabmap_ros'
[1.199s] Level 1:colcon.colcon_core.package_identification:_identify(src/rtabmap_ros/rtabmap_rviz_plugins) by extensions ['ignore', 'ignore_ament_install']
[1.199s] Level 1:colcon.colcon_core.package_identification:_identify(src/rtabmap_ros/rtabmap_rviz_plugins) by extension 'ignore'
[1.199s] Level 1:colcon.colcon_core.package_identification:_identify(src/rtabmap_ros/rtabmap_rviz_plugins) by extension 'ignore_ament_install'
[1.199s] Level 1:colcon.colcon_core.package_identification:_identify(src/rtabmap_ros/rtabmap_rviz_plugins) by extensions ['colcon_pkg']
[1.199s] Level 1:colcon.colcon_core.package_identification:_identify(src/rtabmap_ros/rtabmap_rviz_plugins) by extension 'colcon_pkg'
[1.199s] Level 1:colcon.colcon_core.package_identification:_identify(src/rtabmap_ros/rtabmap_rviz_plugins) by extensions ['colcon_meta']
[1.199s] Level 1:colcon.colcon_core.package_identification:_identify(src/rtabmap_ros/rtabmap_rviz_plugins) by extension 'colcon_meta'
[1.199s] Level 1:colcon.colcon_core.package_identification:_identify(src/rtabmap_ros/rtabmap_rviz_plugins) by extensions ['ros']
[1.199s] Level 1:colcon.colcon_core.package_identification:_identify(src/rtabmap_ros/rtabmap_rviz_plugins) by extension 'ros'
[1.199s] DEBUG:colcon.colcon_core.package_identification:Package 'src/rtabmap_ros/rtabmap_rviz_plugins' with type 'ros.ament_cmake' and name 'rtabmap_rviz_plugins'
[1.199s] Level 1:colcon.colcon_core.package_identification:_identify(src/rtabmap_ros/rtabmap_slam) by extensions ['ignore', 'ignore_ament_install']
[1.199s] Level 1:colcon.colcon_core.package_identification:_identify(src/rtabmap_ros/rtabmap_slam) by extension 'ignore'
[1.199s] Level 1:colcon.colcon_core.package_identification:_identify(src/rtabmap_ros/rtabmap_slam) by extension 'ignore_ament_install'
[1.199s] Level 1:colcon.colcon_core.package_identification:_identify(src/rtabmap_ros/rtabmap_slam) by extensions ['colcon_pkg']
[1.199s] Level 1:colcon.colcon_core.package_identification:_identify(src/rtabmap_ros/rtabmap_slam) by extension 'colcon_pkg'
[1.199s] Level 1:colcon.colcon_core.package_identification:_identify(src/rtabmap_ros/rtabmap_slam) by extensions ['colcon_meta']
[1.199s] Level 1:colcon.colcon_core.package_identification:_identify(src/rtabmap_ros/rtabmap_slam) by extension 'colcon_meta'
[1.199s] Level 1:colcon.colcon_core.package_identification:_identify(src/rtabmap_ros/rtabmap_slam) by extensions ['ros']
[1.199s] Level 1:colcon.colcon_core.package_identification:_identify(src/rtabmap_ros/rtabmap_slam) by extension 'ros'
[1.200s] DEBUG:colcon.colcon_core.package_identification:Package 'src/rtabmap_ros/rtabmap_slam' with type 'ros.ament_cmake' and name 'rtabmap_slam'
[1.200s] Level 1:colcon.colcon_core.package_identification:_identify(src/rtabmap_ros/rtabmap_sync) by extensions ['ignore', 'ignore_ament_install']
[1.200s] Level 1:colcon.colcon_core.package_identification:_identify(src/rtabmap_ros/rtabmap_sync) by extension 'ignore'
[1.200s] Level 1:colcon.colcon_core.package_identification:_identify(src/rtabmap_ros/rtabmap_sync) by extension 'ignore_ament_install'
[1.200s] Level 1:colcon.colcon_core.package_identification:_identify(src/rtabmap_ros/rtabmap_sync) by extensions ['colcon_pkg']
[1.200s] Level 1:colcon.colcon_core.package_identification:_identify(src/rtabmap_ros/rtabmap_sync) by extension 'colcon_pkg'
[1.200s] Level 1:colcon.colcon_core.package_identification:_identify(src/rtabmap_ros/rtabmap_sync) by extensions ['colcon_meta']
[1.200s] Level 1:colcon.colcon_core.package_identification:_identify(src/rtabmap_ros/rtabmap_sync) by extension 'colcon_meta'
[1.200s] Level 1:colcon.colcon_core.package_identification:_identify(src/rtabmap_ros/rtabmap_sync) by extensions ['ros']
[1.200s] Level 1:colcon.colcon_core.package_identification:_identify(src/rtabmap_ros/rtabmap_sync) by extension 'ros'
[1.201s] DEBUG:colcon.colcon_core.package_identification:Package 'src/rtabmap_ros/rtabmap_sync' with type 'ros.ament_cmake' and name 'rtabmap_sync'
[1.201s] Level 1:colcon.colcon_core.package_identification:_identify(src/rtabmap_ros/rtabmap_util) by extensions ['ignore', 'ignore_ament_install']
[1.201s] Level 1:colcon.colcon_core.package_identification:_identify(src/rtabmap_ros/rtabmap_util) by extension 'ignore'
[1.201s] Level 1:colcon.colcon_core.package_identification:_identify(src/rtabmap_ros/rtabmap_util) by extension 'ignore_ament_install'
[1.201s] Level 1:colcon.colcon_core.package_identification:_identify(src/rtabmap_ros/rtabmap_util) by extensions ['colcon_pkg']
[1.201s] Level 1:colcon.colcon_core.package_identification:_identify(src/rtabmap_ros/rtabmap_util) by extension 'colcon_pkg'
[1.201s] Level 1:colcon.colcon_core.package_identification:_identify(src/rtabmap_ros/rtabmap_util) by extensions ['colcon_meta']
[1.201s] Level 1:colcon.colcon_core.package_identification:_identify(src/rtabmap_ros/rtabmap_util) by extension 'colcon_meta'
[1.201s] Level 1:colcon.colcon_core.package_identification:_identify(src/rtabmap_ros/rtabmap_util) by extensions ['ros']
[1.201s] Level 1:colcon.colcon_core.package_identification:_identify(src/rtabmap_ros/rtabmap_util) by extension 'ros'
[1.202s] DEBUG:colcon.colcon_core.package_identification:Package 'src/rtabmap_ros/rtabmap_util' with type 'ros.ament_cmake' and name 'rtabmap_util'
[1.202s] Level 1:colcon.colcon_core.package_identification:_identify(src/rtabmap_ros/rtabmap_viz) by extensions ['ignore', 'ignore_ament_install']
[1.202s] Level 1:colcon.colcon_core.package_identification:_identify(src/rtabmap_ros/rtabmap_viz) by extension 'ignore'
[1.202s] Level 1:colcon.colcon_core.package_identification:_identify(src/rtabmap_ros/rtabmap_viz) by extension 'ignore_ament_install'
[1.202s] Level 1:colcon.colcon_core.package_identification:_identify(src/rtabmap_ros/rtabmap_viz) by extensions ['colcon_pkg']
[1.202s] Level 1:colcon.colcon_core.package_identification:_identify(src/rtabmap_ros/rtabmap_viz) by extension 'colcon_pkg'
[1.202s] Level 1:colcon.colcon_core.package_identification:_identify(src/rtabmap_ros/rtabmap_viz) by extensions ['colcon_meta']
[1.202s] Level 1:colcon.colcon_core.package_identification:_identify(src/rtabmap_ros/rtabmap_viz) by extension 'colcon_meta'
[1.202s] Level 1:colcon.colcon_core.package_identification:_identify(src/rtabmap_ros/rtabmap_viz) by extensions ['ros']
[1.202s] Level 1:colcon.colcon_core.package_identification:_identify(src/rtabmap_ros/rtabmap_viz) by extension 'ros'
[1.203s] DEBUG:colcon.colcon_core.package_identification:Package 'src/rtabmap_ros/rtabmap_viz' with type 'ros.ament_cmake' and name 'rtabmap_viz'
[1.203s] Level 1:colcon.colcon_core.package_discovery:discover_packages(recursive) using defaults
[1.203s] Level 1:colcon.colcon_core.package_discovery:discover_packages(ignore) discover
[1.203s] Level 1:colcon.colcon_core.package_discovery:discover_packages(ignore) using defaults
[1.203s] Level 1:colcon.colcon_core.package_discovery:discover_packages(path) discover
[1.203s] Level 1:colcon.colcon_core.package_discovery:discover_packages(path) using defaults
[1.228s] INFO:colcon.colcon_core.package_selection:Skipping not selected package 'qcar2_interfaces' in 'src/qcar2_interfaces'
[1.228s] INFO:colcon.colcon_core.package_selection:Skipping not selected package 'qcar2_perception' in 'src/qcar2_perception'
[1.228s] INFO:colcon.colcon_core.package_selection:Skipping not selected package 'rtabmap' in 'src/rtabmap'
[1.228s] INFO:colcon.colcon_core.package_selection:Skipping not selected package 'rtabmap_msgs' in 'src/rtabmap_ros/rtabmap_msgs'
[1.228s] INFO:colcon.colcon_core.package_selection:Skipping not selected package 'rtabmap_python' in 'src/rtabmap_ros/rtabmap_python'
[1.228s] INFO:colcon.colcon_core.package_selection:Skipping not selected package 'rtabmap_conversions' in 'src/rtabmap_ros/rtabmap_conversions'
[1.228s] INFO:colcon.colcon_core.package_selection:Skipping not selected package 'rtabmap_rviz_plugins' in 'src/rtabmap_ros/rtabmap_rviz_plugins'
[1.228s] INFO:colcon.colcon_core.package_selection:Skipping not selected package 'rtabmap_sync' in 'src/rtabmap_ros/rtabmap_sync'
[1.228s] INFO:colcon.colcon_core.package_selection:Skipping not selected package 'rtabmap_util' in 'src/rtabmap_ros/rtabmap_util'
[1.228s] INFO:colcon.colcon_core.package_selection:Skipping not selected package 'rtabmap_odom' in 'src/rtabmap_ros/rtabmap_odom'
[1.228s] INFO:colcon.colcon_core.package_selection:Skipping not selected package 'rtabmap_slam' in 'src/rtabmap_ros/rtabmap_slam'
[1.229s] INFO:colcon.colcon_core.package_selection:Skipping not selected package 'rtabmap_viz' in 'src/rtabmap_ros/rtabmap_viz'
[1.229s] INFO:colcon.colcon_core.package_selection:Skipping not selected package 'rtabmap_demos' in 'src/rtabmap_ros/rtabmap_demos'
[1.229s] INFO:colcon.colcon_core.package_selection:Skipping not selected package 'rtabmap_examples' in 'src/rtabmap_ros/rtabmap_examples'
[1.229s] INFO:colcon.colcon_core.package_selection:Skipping not selected package 'rtabmap_launch' in 'src/rtabmap_ros/rtabmap_launch'
[1.229s] INFO:colcon.colcon_core.package_selection:Skipping not selected package 'rtabmap_ros' in 'src/rtabmap_ros/rtabmap_ros'
[1.236s] Level 1:colcon.colcon_core.package_discovery:discover_packages(prefix_path) check parameters
[1.237s] Level 1:colcon.colcon_core.package_discovery:discover_packages(prefix_path) discover
[1.246s] DEBUG:colcon.colcon_installed_package_information.package_discovery:Found 4 installed packages in /workspaces/isaac_ros-dev/ros2/install
[1.250s] DEBUG:colcon.colcon_installed_package_information.package_discovery:Found 18 installed packages in /workspace/cartographer_ws/install
[1.254s] DEBUG:colcon.colcon_installed_package_information.package_discovery:Found 7 installed packages in /workspaces/isaac_ros-dev/install
[1.259s] DEBUG:colcon.colcon_installed_package_information.package_discovery:Found 289 installed packages in /opt/ros/humble
[1.259s] Level 1:colcon.colcon_core.package_discovery:discover_packages(prefix_path) using defaults
[1.307s] Level 5:colcon.colcon_core.verb:set package 'qcar2_autonomy' build argument 'cmake_args' from command line to 'None'
[1.307s] Level 5:colcon.colcon_core.verb:set package 'qcar2_autonomy' build argument 'cmake_target' from command line to 'None'
[1.307s] Level 5:colcon.colcon_core.verb:set package 'qcar2_autonomy' build argument 'cmake_target_skip_unavailable' from command line to 'False'
[1.307s] Level 5:colcon.colcon_core.verb:set package 'qcar2_autonomy' build argument 'cmake_clean_cache' from command line to 'False'
[1.307s] Level 5:colcon.colcon_core.verb:set package 'qcar2_autonomy' build argument 'cmake_clean_first' from command line to 'False'
[1.307s] Level 5:colcon.colcon_core.verb:set package 'qcar2_autonomy' build argument 'cmake_force_configure' from command line to 'False'
[1.307s] Level 5:colcon.colcon_core.verb:set package 'qcar2_autonomy' build argument 'ament_cmake_args' from command line to 'None'
[1.307s] Level 5:colcon.colcon_core.verb:set package 'qcar2_autonomy' build argument 'catkin_cmake_args' from command line to 'None'
[1.307s] Level 5:colcon.colcon_core.verb:set package 'qcar2_autonomy' build argument 'catkin_skip_building_tests' from command line to 'False'
[1.307s] DEBUG:colcon.colcon_core.verb:Building package 'qcar2_autonomy' with the following arguments: {'ament_cmake_args': None, 'build_base': '/workspaces/isaac_ros-dev/ros2/build/qcar2_autonomy', 'catkin_cmake_args': None, 'catkin_skip_building_tests': False, 'cmake_args': None, 'cmake_clean_cache': False, 'cmake_clean_first': False, 'cmake_force_configure': False, 'cmake_target': None, 'cmake_target_skip_unavailable': False, 'install_base': '/workspaces/isaac_ros-dev/ros2/install/qcar2_autonomy', 'merge_install': False, 'path': '/workspaces/isaac_ros-dev/ros2/src/qcar2_autonomy', 'symlink_install': True, 'test_result_base': None}
[1.312s] Level 5:colcon.colcon_core.verb:set package 'qcar2_nodes' build argument 'cmake_args' from command line to 'None'
[1.312s] Level 5:colcon.colcon_core.verb:set package 'qcar2_nodes' build argument 'cmake_target' from command line to 'None'
[1.312s] Level 5:colcon.colcon_core.verb:set package 'qcar2_nodes' build argument 'cmake_target_skip_unavailable' from command line to 'False'
[1.312s] Level 5:colcon.colcon_core.verb:set package 'qcar2_nodes' build argument 'cmake_clean_cache' from command line to 'False'
[1.312s] Level 5:colcon.colcon_core.verb:set package 'qcar2_nodes' build argument 'cmake_clean_first' from command line to 'False'
[1.312s] Level 5:colcon.colcon_core.verb:set package 'qcar2_nodes' build argument 'cmake_force_configure' from command line to 'False'
[1.312s] Level 5:colcon.colcon_core.verb:set package 'qcar2_nodes' build argument 'ament_cmake_args' from command line to 'None'
[1.312s] Level 5:colcon.colcon_core.verb:set package 'qcar2_nodes' build argument 'catkin_cmake_args' from command line to 'None'
[1.312s] Level 5:colcon.colcon_core.verb:set package 'qcar2_nodes' build argument 'catkin_skip_building_tests' from command line to 'False'
[1.312s] DEBUG:colcon.colcon_core.verb:Building package 'qcar2_nodes' with the following arguments: {'ament_cmake_args': None, 'build_base': '/workspaces/isaac_ros-dev/ros2/build/qcar2_nodes', 'catkin_cmake_args': None, 'catkin_skip_building_tests': False, 'cmake_args': None, 'cmake_clean_cache': False, 'cmake_clean_first': False, 'cmake_force_configure': False, 'cmake_target': None, 'cmake_target_skip_unavailable': False, 'install_base': '/workspaces/isaac_ros-dev/ros2/install/qcar2_nodes', 'merge_install': False, 'path': '/workspaces/isaac_ros-dev/ros2/src/qcar2_nodes', 'symlink_install': True, 'test_result_base': None}
[1.316s] INFO:colcon.colcon_core.executor:Executing jobs using 'parallel' executor
[1.321s] DEBUG:colcon.colcon_parallel_executor.executor.parallel:run_until_complete
[1.321s] INFO:colcon.colcon_ros.task.ament_python.build:Building ROS package in '/workspaces/isaac_ros-dev/ros2/src/qcar2_autonomy' with build type 'ament_python'
[1.321s] Level 1:colcon.colcon_core.shell:create_environment_hook('qcar2_autonomy', 'ament_prefix_path')
[1.327s] INFO:colcon.colcon_core.plugin_system:Skipping extension 'colcon_core.shell.bat': Not used on non-Windows systems
[1.327s] INFO:colcon.colcon_core.shell:Creating environment hook '/workspaces/isaac_ros-dev/ros2/install/qcar2_autonomy/share/qcar2_autonomy/hook/ament_prefix_path.ps1'
[1.327s] INFO:colcon.colcon_core.shell:Creating environment descriptor '/workspaces/isaac_ros-dev/ros2/install/qcar2_autonomy/share/qcar2_autonomy/hook/ament_prefix_path.dsv'
[1.328s] INFO:colcon.colcon_core.shell:Creating environment hook '/workspaces/isaac_ros-dev/ros2/install/qcar2_autonomy/share/qcar2_autonomy/hook/ament_prefix_path.sh'
[1.332s] INFO:colcon.colcon_core.shell:Skip shell extension 'powershell' for command environment: Not usable outside of PowerShell
[1.332s] DEBUG:colcon.colcon_core.shell:Skip shell extension 'dsv' for command environment
[1.558s] INFO:colcon.colcon_core.task.python.build:Building Python package in '/workspaces/isaac_ros-dev/ros2/src/qcar2_autonomy'
[1.563s] INFO:colcon.colcon_core.shell:Skip shell extension 'powershell' for command environment: Not usable outside of PowerShell
[1.563s] DEBUG:colcon.colcon_core.shell:Skip shell extension 'dsv' for command environment
[1.949s] DEBUG:colcon.colcon_core.event_handler.log_command:Invoking command in '/workspaces/isaac_ros-dev/ros2/build/qcar2_autonomy': CMAKE_PREFIX_PATH=/workspaces/isaac_ros-dev/ros2/install/qcar2_interfaces:/workspaces/isaac_ros-dev/ros2/install/qcar2_nodes:/workspaces/isaac_ros-dev/install/rtabmap_msgs:/workspaces/isaac_ros-dev/install/qcar2_nodes:/workspaces/isaac_ros-dev/install/qcar2_interfaces:/workspace/cartographer_ws/install/perception_pcl:/workspace/cartographer_ws/install/pcl_ros:/workspace/cartographer_ws/install/cartographer_rviz:/workspace/cartographer_ws/install/cartographer_ros:/workspace/cartographer_ws/install/pcl_conversions:/workspace/cartographer_ws/install/pcl_msgs:/workspace/cartographer_ws/install/isaac_ros_tensor_list_interfaces:/workspace/cartographer_ws/install/isaac_ros_pointcloud_interfaces:/workspace/cartographer_ws/install/isaac_ros_nova_interfaces:/workspace/cartographer_ws/install/isaac_ros_nitros_bridge_interfaces:/workspace/cartographer_ws/install/isaac_ros_common:/workspace/cartographer_ws/install/isaac_ros_bi3d_interfaces:/workspace/cartographer_ws/install/isaac_ros_apriltag_interfaces:/workspace/cartographer_ws/install/control_msgs:/workspace/cartographer_ws/install/cartographer_ros_msgs:/workspace/cartographer_ws/install/cartographer:/workspace/cartographer_ws/install/absl PYTHONPATH=/workspaces/isaac_ros-dev/ros2/build/qcar2_autonomy/prefix_override:/workspaces/isaac_ros-dev/ros2/install/qcar2_autonomy/lib/python3.8/site-packages:/workspaces/isaac_ros-dev/ros2/install/qcar2_interfaces/lib/python3.8/site-packages:/workspaces/isaac_ros-dev/ros2/build/qcar2_perception:/workspaces/isaac_ros-dev/ros2/install/qcar2_perception/lib/python3.8/site-packages:/workspaces/isaac_ros-dev/ros2/build/qcar2_autonomy:/workspaces/isaac_ros-dev/ros2/install/qcar2_autonomy/lib/python3.8/site-packages:/workspaces/isaac_ros-dev/build/rtabmap_python:/workspaces/isaac_ros-dev/install/rtabmap_python/lib/python3.8/site-packages:/workspaces/isaac_ros-dev/install/rtabmap_msgs/lib/python3.8/site-packages:/workspaces/isaac_ros-dev/build/qcar2_perception:/workspaces/isaac_ros-dev/install/qcar2_perception/lib/python3.8/site-packages:/workspaces/isaac_ros-dev/build/qcar2_autonomy:/workspaces/isaac_ros-dev/install/qcar2_autonomy/lib/python3.8/site-packages:/workspaces/isaac_ros-dev/install/qcar2_interfaces/lib/python3.8/site-packages:/workspace/cartographer_ws/install/pcl_msgs/lib/python3.8/site-packages:/workspace/cartographer_ws/build/isaac_ros_test:/workspace/cartographer_ws/install/isaac_ros_test/lib/python3.8/site-packages:/workspace/cartographer_ws/install/isaac_ros_tensor_list_interfaces/lib/python3.8/site-packages:/workspace/cartographer_ws/install/isaac_ros_pointcloud_interfaces/lib/python3.8/site-packages:/workspace/cartographer_ws/install/isaac_ros_nova_interfaces/lib/python3.8/site-packages:/workspace/cartographer_ws/install/isaac_ros_nitros_bridge_interfaces/lib/python3.8/site-packages:/workspace/cartographer_ws/install/isaac_ros_bi3d_interfaces/lib/python3.8/site-packages:/workspace/cartographer_ws/install/isaac_ros_apriltag_interfaces/lib/python3.8/site-packages:/workspace/cartographer_ws/install/control_msgs/lib/python3.8/site-packages:/workspace/cartographer_ws/install/cartographer_ros_msgs/lib/python3.8/site-packages:/opt/ros/humble/lib/python3.8/site-packages:/home/Quanser/0_libraries/python _=/usr/bin/env /usr/bin/python3 setup.py develop --editable --build-directory /workspaces/isaac_ros-dev/ros2/build/qcar2_autonomy/build --no-deps install_data
[2.302s] Level 1:colcon.colcon_core.shell:create_environment_hook('qcar2_autonomy', 'pythonpath_develop')
[2.303s] DEBUG:colcon.colcon_core.event_handler.log_command:Invoked command in '/workspaces/isaac_ros-dev/ros2/build/qcar2_autonomy' returned '0': CMAKE_PREFIX_PATH=/workspaces/isaac_ros-dev/ros2/install/qcar2_interfaces:/workspaces/isaac_ros-dev/ros2/install/qcar2_nodes:/workspaces/isaac_ros-dev/install/rtabmap_msgs:/workspaces/isaac_ros-dev/install/qcar2_nodes:/workspaces/isaac_ros-dev/install/qcar2_interfaces:/workspace/cartographer_ws/install/perception_pcl:/workspace/cartographer_ws/install/pcl_ros:/workspace/cartographer_ws/install/cartographer_rviz:/workspace/cartographer_ws/install/cartographer_ros:/workspace/cartographer_ws/install/pcl_conversions:/workspace/cartographer_ws/install/pcl_msgs:/workspace/cartographer_ws/install/isaac_ros_tensor_list_interfaces:/workspace/cartographer_ws/install/isaac_ros_pointcloud_interfaces:/workspace/cartographer_ws/install/isaac_ros_nova_interfaces:/workspace/cartographer_ws/install/isaac_ros_nitros_bridge_interfaces:/workspace/cartographer_ws/install/isaac_ros_common:/workspace/cartographer_ws/install/isaac_ros_bi3d_interfaces:/workspace/cartographer_ws/install/isaac_ros_apriltag_interfaces:/workspace/cartographer_ws/install/control_msgs:/workspace/cartographer_ws/install/cartographer_ros_msgs:/workspace/cartographer_ws/install/cartographer:/workspace/cartographer_ws/install/absl PYTHONPATH=/workspaces/isaac_ros-dev/ros2/build/qcar2_autonomy/prefix_override:/workspaces/isaac_ros-dev/ros2/install/qcar2_autonomy/lib/python3.8/site-packages:/workspaces/isaac_ros-dev/ros2/install/qcar2_interfaces/lib/python3.8/site-packages:/workspaces/isaac_ros-dev/ros2/build/qcar2_perception:/workspaces/isaac_ros-dev/ros2/install/qcar2_perception/lib/python3.8/site-packages:/workspaces/isaac_ros-dev/ros2/build/qcar2_autonomy:/workspaces/isaac_ros-dev/ros2/install/qcar2_autonomy/lib/python3.8/site-packages:/workspaces/isaac_ros-dev/build/rtabmap_python:/workspaces/isaac_ros-dev/install/rtabmap_python/lib/python3.8/site-packages:/workspaces/isaac_ros-dev/install/rtabmap_msgs/lib/python3.8/site-packages:/workspaces/isaac_ros-dev/build/qcar2_perception:/workspaces/isaac_ros-dev/install/qcar2_perception/lib/python3.8/site-packages:/workspaces/isaac_ros-dev/build/qcar2_autonomy:/workspaces/isaac_ros-dev/install/qcar2_autonomy/lib/python3.8/site-packages:/workspaces/isaac_ros-dev/install/qcar2_interfaces/lib/python3.8/site-packages:/workspace/cartographer_ws/install/pcl_msgs/lib/python3.8/site-packages:/workspace/cartographer_ws/build/isaac_ros_test:/workspace/cartographer_ws/install/isaac_ros_test/lib/python3.8/site-packages:/workspace/cartographer_ws/install/isaac_ros_tensor_list_interfaces/lib/python3.8/site-packages:/workspace/cartographer_ws/install/isaac_ros_pointcloud_interfaces/lib/python3.8/site-packages:/workspace/cartographer_ws/install/isaac_ros_nova_interfaces/lib/python3.8/site-packages:/workspace/cartographer_ws/install/isaac_ros_nitros_bridge_interfaces/lib/python3.8/site-packages:/workspace/cartographer_ws/install/isaac_ros_bi3d_interfaces/lib/python3.8/site-packages:/workspace/cartographer_ws/install/isaac_ros_apriltag_interfaces/lib/python3.8/site-packages:/workspace/cartographer_ws/install/control_msgs/lib/python3.8/site-packages:/workspace/cartographer_ws/install/cartographer_ros_msgs/lib/python3.8/site-packages:/opt/ros/humble/lib/python3.8/site-packages:/home/Quanser/0_libraries/python _=/usr/bin/env /usr/bin/python3 setup.py develop --editable --build-directory /workspaces/isaac_ros-dev/ros2/build/qcar2_autonomy/build --no-deps install_data
[2.310s] INFO:colcon.colcon_core.shell:Creating environment hook '/workspaces/isaac_ros-dev/ros2/build/qcar2_autonomy/share/qcar2_autonomy/hook/pythonpath_develop.ps1'
[2.311s] INFO:colcon.colcon_core.shell:Creating environment descriptor '/workspaces/isaac_ros-dev/ros2/build/qcar2_autonomy/share/qcar2_autonomy/hook/pythonpath_develop.dsv'
[2.311s] INFO:colcon.colcon_core.shell:Creating environment hook '/workspaces/isaac_ros-dev/ros2/build/qcar2_autonomy/share/qcar2_autonomy/hook/pythonpath_develop.sh'
[2.319s] Level 1:colcon.colcon_core.environment:checking '/workspaces/isaac_ros-dev/ros2/install/qcar2_autonomy' for CMake module files
[2.319s] Level 1:colcon.colcon_core.environment:checking '/workspaces/isaac_ros-dev/ros2/install/qcar2_autonomy' for CMake config files
[2.319s] Level 1:colcon.colcon_core.environment:checking '/workspaces/isaac_ros-dev/ros2/install/qcar2_autonomy/lib'
[2.319s] Level 1:colcon.colcon_core.environment:checking '/workspaces/isaac_ros-dev/ros2/install/qcar2_autonomy/bin'
[2.319s] Level 1:colcon.colcon_core.environment:checking '/workspaces/isaac_ros-dev/ros2/install/qcar2_autonomy/lib/pkgconfig/qcar2_autonomy.pc'
[2.320s] Level 1:colcon.colcon_core.environment:checking '/workspaces/isaac_ros-dev/ros2/install/qcar2_autonomy/lib/python3.8/site-packages'
[2.320s] Level 1:colcon.colcon_core.shell:create_environment_hook('qcar2_autonomy', 'pythonpath')
[2.326s] INFO:colcon.colcon_core.shell:Creating environment hook '/workspaces/isaac_ros-dev/ros2/install/qcar2_autonomy/share/qcar2_autonomy/hook/pythonpath.ps1'
[2.326s] INFO:colcon.colcon_core.shell:Creating environment descriptor '/workspaces/isaac_ros-dev/ros2/install/qcar2_autonomy/share/qcar2_autonomy/hook/pythonpath.dsv'
[2.326s] INFO:colcon.colcon_core.shell:Creating environment hook '/workspaces/isaac_ros-dev/ros2/install/qcar2_autonomy/share/qcar2_autonomy/hook/pythonpath.sh'
[2.327s] Level 1:colcon.colcon_core.environment:checking '/workspaces/isaac_ros-dev/ros2/install/qcar2_autonomy/bin'
[2.327s] Level 1:colcon.colcon_core.environment:create_environment_scripts_only(qcar2_autonomy)
[2.333s] INFO:colcon.colcon_core.shell:Creating package script '/workspaces/isaac_ros-dev/ros2/install/qcar2_autonomy/share/qcar2_autonomy/package.ps1'
[2.334s] INFO:colcon.colcon_core.shell:Creating package descriptor '/workspaces/isaac_ros-dev/ros2/install/qcar2_autonomy/share/qcar2_autonomy/package.dsv'
[2.334s] INFO:colcon.colcon_core.shell:Creating package script '/workspaces/isaac_ros-dev/ros2/install/qcar2_autonomy/share/qcar2_autonomy/package.sh'
[2.334s] INFO:colcon.colcon_core.shell:Creating package script '/workspaces/isaac_ros-dev/ros2/install/qcar2_autonomy/share/qcar2_autonomy/package.bash'
[2.334s] INFO:colcon.colcon_core.shell:Creating package script '/workspaces/isaac_ros-dev/ros2/install/qcar2_autonomy/share/qcar2_autonomy/package.zsh'
[2.335s] Level 1:colcon.colcon_core.environment:create_file_with_runtime_dependencies(/workspaces/isaac_ros-dev/ros2/install/qcar2_autonomy/share/colcon-core/packages/qcar2_autonomy)
[2.335s] INFO:colcon.colcon_ros.task.ament_cmake.build:Building ROS package in '/workspaces/isaac_ros-dev/ros2/src/qcar2_nodes' with build type 'ament_cmake'
[2.335s] INFO:colcon.colcon_cmake.task.cmake.build:Building CMake package in '/workspaces/isaac_ros-dev/ros2/src/qcar2_nodes'
[2.342s] INFO:colcon.colcon_core.shell:Skip shell extension 'powershell' for command environment: Not usable outside of PowerShell
[2.342s] DEBUG:colcon.colcon_core.shell:Skip shell extension 'dsv' for command environment
[2.393s] DEBUG:colcon.colcon_core.event_handler.log_command:Invoking command in '/workspaces/isaac_ros-dev/ros2/build/qcar2_nodes': AMENT_PREFIX_PATH=/workspaces/isaac_ros-dev/ros2/install/qcar2_autonomy:/workspaces/isaac_ros-dev/ros2/install/qcar2_perception:/workspaces/isaac_ros-dev/ros2/install/qcar2_nodes:/workspaces/isaac_ros-dev/ros2/install/qcar2_interfaces:/workspaces/isaac_ros-dev/install/rtabmap_python:/workspaces/isaac_ros-dev/install/rtabmap_msgs:/workspaces/isaac_ros-dev/install/qcar2_perception:/workspaces/isaac_ros-dev/install/qcar2_nodes:/workspaces/isaac_ros-dev/install/qcar2_autonomy:/workspaces/isaac_ros-dev/install/qcar2_interfaces:/workspace/cartographer_ws/install/perception_pcl:/workspace/cartographer_ws/install/pcl_ros:/workspace/cartographer_ws/install/cartographer_rviz:/workspace/cartographer_ws/install/cartographer_ros:/workspace/cartographer_ws/install/pcl_conversions:/workspace/cartographer_ws/install/pcl_msgs:/workspace/cartographer_ws/install/isaac_ros_test:/workspace/cartographer_ws/install/isaac_ros_tensor_list_interfaces:/workspace/cartographer_ws/install/isaac_ros_pointcloud_interfaces:/workspace/cartographer_ws/install/isaac_ros_nova_interfaces:/workspace/cartographer_ws/install/isaac_ros_nitros_bridge_interfaces:/workspace/cartographer_ws/install/isaac_ros_common:/workspace/cartographer_ws/install/isaac_ros_bi3d_interfaces:/workspace/cartographer_ws/install/isaac_ros_apriltag_interfaces:/workspace/cartographer_ws/install/control_msgs:/workspace/cartographer_ws/install/cartographer_ros_msgs:/opt/ros/humble CMAKE_PREFIX_PATH=/workspaces/isaac_ros-dev/ros2/install/qcar2_interfaces:/workspaces/isaac_ros-dev/ros2/install/qcar2_nodes:/workspaces/isaac_ros-dev/install/rtabmap_msgs:/workspaces/isaac_ros-dev/install/qcar2_nodes:/workspaces/isaac_ros-dev/install/qcar2_interfaces:/workspace/cartographer_ws/install/perception_pcl:/workspace/cartographer_ws/install/pcl_ros:/workspace/cartographer_ws/install/cartographer_rviz:/workspace/cartographer_ws/install/cartographer_ros:/workspace/cartographer_ws/install/pcl_conversions:/workspace/cartographer_ws/install/pcl_msgs:/workspace/cartographer_ws/install/isaac_ros_tensor_list_interfaces:/workspace/cartographer_ws/install/isaac_ros_pointcloud_interfaces:/workspace/cartographer_ws/install/isaac_ros_nova_interfaces:/workspace/cartographer_ws/install/isaac_ros_nitros_bridge_interfaces:/workspace/cartographer_ws/install/isaac_ros_common:/workspace/cartographer_ws/install/isaac_ros_bi3d_interfaces:/workspace/cartographer_ws/install/isaac_ros_apriltag_interfaces:/workspace/cartographer_ws/install/control_msgs:/workspace/cartographer_ws/install/cartographer_ros_msgs:/workspace/cartographer_ws/install/cartographer:/workspace/cartographer_ws/install/absl:/workspaces/isaac_ros-dev/ros2/install/qcar2_perception:/workspaces/isaac_ros-dev/ros2/install/qcar2_autonomy:/workspaces/isaac_ros-dev/install/rtabmap_python:/workspaces/isaac_ros-dev/install/qcar2_perception:/workspaces/isaac_ros-dev/install/qcar2_autonomy:/workspace/cartographer_ws/install/isaac_ros_test:/opt/ros/humble PYTHONPATH=/workspaces/isaac_ros-dev/ros2/build/qcar2_autonomy:/workspaces/isaac_ros-dev/ros2/install/qcar2_autonomy/lib/python3.8/site-packages:/workspaces/isaac_ros-dev/ros2/install/qcar2_interfaces/lib/python3.8/site-packages:/workspaces/isaac_ros-dev/ros2/build/qcar2_perception:/workspaces/isaac_ros-dev/ros2/install/qcar2_perception/lib/python3.8/site-packages:/workspaces/isaac_ros-dev/build/rtabmap_python:/workspaces/isaac_ros-dev/install/rtabmap_python/lib/python3.8/site-packages:/workspaces/isaac_ros-dev/install/rtabmap_msgs/lib/python3.8/site-packages:/workspaces/isaac_ros-dev/build/qcar2_perception:/workspaces/isaac_ros-dev/install/qcar2_perception/lib/python3.8/site-packages:/workspaces/isaac_ros-dev/build/qcar2_autonomy:/workspaces/isaac_ros-dev/install/qcar2_autonomy/lib/python3.8/site-packages:/workspaces/isaac_ros-dev/install/qcar2_interfaces/lib/python3.8/site-packages:/workspace/cartographer_ws/install/pcl_msgs/lib/python3.8/site-packages:/workspace/cartographer_ws/build/isaac_ros_test:/workspace/cartographer_ws/install/isaac_ros_test/lib/python3.8/site-packages:/workspace/cartographer_ws/install/isaac_ros_tensor_list_interfaces/lib/python3.8/site-packages:/workspace/cartographer_ws/install/isaac_ros_pointcloud_interfaces/lib/python3.8/site-packages:/workspace/cartographer_ws/install/isaac_ros_nova_interfaces/lib/python3.8/site-packages:/workspace/cartographer_ws/install/isaac_ros_nitros_bridge_interfaces/lib/python3.8/site-packages:/workspace/cartographer_ws/install/isaac_ros_bi3d_interfaces/lib/python3.8/site-packages:/workspace/cartographer_ws/install/isaac_ros_apriltag_interfaces/lib/python3.8/site-packages:/workspace/cartographer_ws/install/control_msgs/lib/python3.8/site-packages:/workspace/cartographer_ws/install/cartographer_ros_msgs/lib/python3.8/site-packages:/opt/ros/humble/lib/python3.8/site-packages:/home/Quanser/0_libraries/python _=/usr/bin/env /usr/bin/cmake --build /workspaces/isaac_ros-dev/ros2/build/qcar2_nodes -- -j24 -l24
[2.439s] DEBUG:colcon.colcon_core.event_handler.log_command:Invoked command in '/workspaces/isaac_ros-dev/ros2/build/qcar2_nodes' returned '0': AMENT_PREFIX_PATH=/workspaces/isaac_ros-dev/ros2/install/qcar2_autonomy:/workspaces/isaac_ros-dev/ros2/install/qcar2_perception:/workspaces/isaac_ros-dev/ros2/install/qcar2_nodes:/workspaces/isaac_ros-dev/ros2/install/qcar2_interfaces:/workspaces/isaac_ros-dev/install/rtabmap_python:/workspaces/isaac_ros-dev/install/rtabmap_msgs:/workspaces/isaac_ros-dev/install/qcar2_perception:/workspaces/isaac_ros-dev/install/qcar2_nodes:/workspaces/isaac_ros-dev/install/qcar2_autonomy:/workspaces/isaac_ros-dev/install/qcar2_interfaces:/workspace/cartographer_ws/install/perception_pcl:/workspace/cartographer_ws/install/pcl_ros:/workspace/cartographer_ws/install/cartographer_rviz:/workspace/cartographer_ws/install/cartographer_ros:/workspace/cartographer_ws/install/pcl_conversions:/workspace/cartographer_ws/install/pcl_msgs:/workspace/cartographer_ws/install/isaac_ros_test:/workspace/cartographer_ws/install/isaac_ros_tensor_list_interfaces:/workspace/cartographer_ws/install/isaac_ros_pointcloud_interfaces:/workspace/cartographer_ws/install/isaac_ros_nova_interfaces:/workspace/cartographer_ws/install/isaac_ros_nitros_bridge_interfaces:/workspace/cartographer_ws/install/isaac_ros_common:/workspace/cartographer_ws/install/isaac_ros_bi3d_interfaces:/workspace/cartographer_ws/install/isaac_ros_apriltag_interfaces:/workspace/cartographer_ws/install/control_msgs:/workspace/cartographer_ws/install/cartographer_ros_msgs:/opt/ros/humble CMAKE_PREFIX_PATH=/workspaces/isaac_ros-dev/ros2/install/qcar2_interfaces:/workspaces/isaac_ros-dev/ros2/install/qcar2_nodes:/workspaces/isaac_ros-dev/install/rtabmap_msgs:/workspaces/isaac_ros-dev/install/qcar2_nodes:/workspaces/isaac_ros-dev/install/qcar2_interfaces:/workspace/cartographer_ws/install/perception_pcl:/workspace/cartographer_ws/install/pcl_ros:/workspace/cartographer_ws/install/cartographer_rviz:/workspace/cartographer_ws/install/cartographer_ros:/workspace/cartographer_ws/install/pcl_conversions:/workspace/cartographer_ws/install/pcl_msgs:/workspace/cartographer_ws/install/isaac_ros_tensor_list_interfaces:/workspace/cartographer_ws/install/isaac_ros_pointcloud_interfaces:/workspace/cartographer_ws/install/isaac_ros_nova_interfaces:/workspace/cartographer_ws/install/isaac_ros_nitros_bridge_interfaces:/workspace/cartographer_ws/install/isaac_ros_common:/workspace/cartographer_ws/install/isaac_ros_bi3d_interfaces:/workspace/cartographer_ws/install/isaac_ros_apriltag_interfaces:/workspace/cartographer_ws/install/control_msgs:/workspace/cartographer_ws/install/cartographer_ros_msgs:/workspace/cartographer_ws/install/cartographer:/workspace/cartographer_ws/install/absl:/workspaces/isaac_ros-dev/ros2/install/qcar2_perception:/workspaces/isaac_ros-dev/ros2/install/qcar2_autonomy:/workspaces/isaac_ros-dev/install/rtabmap_python:/workspaces/isaac_ros-dev/install/qcar2_perception:/workspaces/isaac_ros-dev/install/qcar2_autonomy:/workspace/cartographer_ws/install/isaac_ros_test:/opt/ros/humble PYTHONPATH=/workspaces/isaac_ros-dev/ros2/build/qcar2_autonomy:/workspaces/isaac_ros-dev/ros2/install/qcar2_autonomy/lib/python3.8/site-packages:/workspaces/isaac_ros-dev/ros2/install/qcar2_interfaces/lib/python3.8/site-packages:/workspaces/isaac_ros-dev/ros2/build/qcar2_perception:/workspaces/isaac_ros-dev/ros2/install/qcar2_perception/lib/python3.8/site-packages:/workspaces/isaac_ros-dev/build/rtabmap_python:/workspaces/isaac_ros-dev/install/rtabmap_python/lib/python3.8/site-packages:/workspaces/isaac_ros-dev/install/rtabmap_msgs/lib/python3.8/site-packages:/workspaces/isaac_ros-dev/build/qcar2_perception:/workspaces/isaac_ros-dev/install/qcar2_perception/lib/python3.8/site-packages:/workspaces/isaac_ros-dev/build/qcar2_autonomy:/workspaces/isaac_ros-dev/install/qcar2_autonomy/lib/python3.8/site-packages:/workspaces/isaac_ros-dev/install/qcar2_interfaces/lib/python3.8/site-packages:/workspace/cartographer_ws/install/pcl_msgs/lib/python3.8/site-packages:/workspace/cartographer_ws/build/isaac_ros_test:/workspace/cartographer_ws/install/isaac_ros_test/lib/python3.8/site-packages:/workspace/cartographer_ws/install/isaac_ros_tensor_list_interfaces/lib/python3.8/site-packages:/workspace/cartographer_ws/install/isaac_ros_pointcloud_interfaces/lib/python3.8/site-packages:/workspace/cartographer_ws/install/isaac_ros_nova_interfaces/lib/python3.8/site-packages:/workspace/cartographer_ws/install/isaac_ros_nitros_bridge_interfaces/lib/python3.8/site-packages:/workspace/cartographer_ws/install/isaac_ros_bi3d_interfaces/lib/python3.8/site-packages:/workspace/cartographer_ws/install/isaac_ros_apriltag_interfaces/lib/python3.8/site-packages:/workspace/cartographer_ws/install/control_msgs/lib/python3.8/site-packages:/workspace/cartographer_ws/install/cartographer_ros_msgs/lib/python3.8/site-packages:/opt/ros/humble/lib/python3.8/site-packages:/home/Quanser/0_libraries/python _=/usr/bin/env /usr/bin/cmake --build /workspaces/isaac_ros-dev/ros2/build/qcar2_nodes -- -j24 -l24
[2.713s] DEBUG:colcon.colcon_core.event_handler.log_command:Invoking command in '/workspaces/isaac_ros-dev/ros2/build/qcar2_nodes': AMENT_PREFIX_PATH=/workspaces/isaac_ros-dev/ros2/install/qcar2_autonomy:/workspaces/isaac_ros-dev/ros2/install/qcar2_perception:/workspaces/isaac_ros-dev/ros2/install/qcar2_nodes:/workspaces/isaac_ros-dev/ros2/install/qcar2_interfaces:/workspaces/isaac_ros-dev/install/rtabmap_python:/workspaces/isaac_ros-dev/install/rtabmap_msgs:/workspaces/isaac_ros-dev/install/qcar2_perception:/workspaces/isaac_ros-dev/install/qcar2_nodes:/workspaces/isaac_ros-dev/install/qcar2_autonomy:/workspaces/isaac_ros-dev/install/qcar2_interfaces:/workspace/cartographer_ws/install/perception_pcl:/workspace/cartographer_ws/install/pcl_ros:/workspace/cartographer_ws/install/cartographer_rviz:/workspace/cartographer_ws/install/cartographer_ros:/workspace/cartographer_ws/install/pcl_conversions:/workspace/cartographer_ws/install/pcl_msgs:/workspace/cartographer_ws/install/isaac_ros_test:/workspace/cartographer_ws/install/isaac_ros_tensor_list_interfaces:/workspace/cartographer_ws/install/isaac_ros_pointcloud_interfaces:/workspace/cartographer_ws/install/isaac_ros_nova_interfaces:/workspace/cartographer_ws/install/isaac_ros_nitros_bridge_interfaces:/workspace/cartographer_ws/install/isaac_ros_common:/workspace/cartographer_ws/install/isaac_ros_bi3d_interfaces:/workspace/cartographer_ws/install/isaac_ros_apriltag_interfaces:/workspace/cartographer_ws/install/control_msgs:/workspace/cartographer_ws/install/cartographer_ros_msgs:/opt/ros/humble CMAKE_PREFIX_PATH=/workspaces/isaac_ros-dev/ros2/install/qcar2_interfaces:/workspaces/isaac_ros-dev/ros2/install/qcar2_nodes:/workspaces/isaac_ros-dev/install/rtabmap_msgs:/workspaces/isaac_ros-dev/install/qcar2_nodes:/workspaces/isaac_ros-dev/install/qcar2_interfaces:/workspace/cartographer_ws/install/perception_pcl:/workspace/cartographer_ws/install/pcl_ros:/workspace/cartographer_ws/install/cartographer_rviz:/workspace/cartographer_ws/install/cartographer_ros:/workspace/cartographer_ws/install/pcl_conversions:/workspace/cartographer_ws/install/pcl_msgs:/workspace/cartographer_ws/install/isaac_ros_tensor_list_interfaces:/workspace/cartographer_ws/install/isaac_ros_pointcloud_interfaces:/workspace/cartographer_ws/install/isaac_ros_nova_interfaces:/workspace/cartographer_ws/install/isaac_ros_nitros_bridge_interfaces:/workspace/cartographer_ws/install/isaac_ros_common:/workspace/cartographer_ws/install/isaac_ros_bi3d_interfaces:/workspace/cartographer_ws/install/isaac_ros_apriltag_interfaces:/workspace/cartographer_ws/install/control_msgs:/workspace/cartographer_ws/install/cartographer_ros_msgs:/workspace/cartographer_ws/install/cartographer:/workspace/cartographer_ws/install/absl:/workspaces/isaac_ros-dev/ros2/install/qcar2_perception:/workspaces/isaac_ros-dev/ros2/install/qcar2_autonomy:/workspaces/isaac_ros-dev/install/rtabmap_python:/workspaces/isaac_ros-dev/install/qcar2_perception:/workspaces/isaac_ros-dev/install/qcar2_autonomy:/workspace/cartographer_ws/install/isaac_ros_test:/opt/ros/humble PYTHONPATH=/workspaces/isaac_ros-dev/ros2/build/qcar2_autonomy:/workspaces/isaac_ros-dev/ros2/install/qcar2_autonomy/lib/python3.8/site-packages:/workspaces/isaac_ros-dev/ros2/install/qcar2_interfaces/lib/python3.8/site-packages:/workspaces/isaac_ros-dev/ros2/build/qcar2_perception:/workspaces/isaac_ros-dev/ros2/install/qcar2_perception/lib/python3.8/site-packages:/workspaces/isaac_ros-dev/build/rtabmap_python:/workspaces/isaac_ros-dev/install/rtabmap_python/lib/python3.8/site-packages:/workspaces/isaac_ros-dev/install/rtabmap_msgs/lib/python3.8/site-packages:/workspaces/isaac_ros-dev/build/qcar2_perception:/workspaces/isaac_ros-dev/install/qcar2_perception/lib/python3.8/site-packages:/workspaces/isaac_ros-dev/build/qcar2_autonomy:/workspaces/isaac_ros-dev/install/qcar2_autonomy/lib/python3.8/site-packages:/workspaces/isaac_ros-dev/install/qcar2_interfaces/lib/python3.8/site-packages:/workspace/cartographer_ws/install/pcl_msgs/lib/python3.8/site-packages:/workspace/cartographer_ws/build/isaac_ros_test:/workspace/cartographer_ws/install/isaac_ros_test/lib/python3.8/site-packages:/workspace/cartographer_ws/install/isaac_ros_tensor_list_interfaces/lib/python3.8/site-packages:/workspace/cartographer_ws/install/isaac_ros_pointcloud_interfaces/lib/python3.8/site-packages:/workspace/cartographer_ws/install/isaac_ros_nova_interfaces/lib/python3.8/site-packages:/workspace/cartographer_ws/install/isaac_ros_nitros_bridge_interfaces/lib/python3.8/site-packages:/workspace/cartographer_ws/install/isaac_ros_bi3d_interfaces/lib/python3.8/site-packages:/workspace/cartographer_ws/install/isaac_ros_apriltag_interfaces/lib/python3.8/site-packages:/workspace/cartographer_ws/install/control_msgs/lib/python3.8/site-packages:/workspace/cartographer_ws/install/cartographer_ros_msgs/lib/python3.8/site-packages:/opt/ros/humble/lib/python3.8/site-packages:/home/Quanser/0_libraries/python _=/usr/bin/env /usr/bin/cmake --install /workspaces/isaac_ros-dev/ros2/build/qcar2_nodes
[2.731s] Level 1:colcon.colcon_core.environment:create_environment_scripts_only(qcar2_nodes)
[2.731s] DEBUG:colcon.colcon_core.event_handler.log_command:Invoked command in '/workspaces/isaac_ros-dev/ros2/build/qcar2_nodes' returned '0': AMENT_PREFIX_PATH=/workspaces/isaac_ros-dev/ros2/install/qcar2_autonomy:/workspaces/isaac_ros-dev/ros2/install/qcar2_perception:/workspaces/isaac_ros-dev/ros2/install/qcar2_nodes:/workspaces/isaac_ros-dev/ros2/install/qcar2_interfaces:/workspaces/isaac_ros-dev/install/rtabmap_python:/workspaces/isaac_ros-dev/install/rtabmap_msgs:/workspaces/isaac_ros-dev/install/qcar2_perception:/workspaces/isaac_ros-dev/install/qcar2_nodes:/workspaces/isaac_ros-dev/install/qcar2_autonomy:/workspaces/isaac_ros-dev/install/qcar2_interfaces:/workspace/cartographer_ws/install/perception_pcl:/workspace/cartographer_ws/install/pcl_ros:/workspace/cartographer_ws/install/cartographer_rviz:/workspace/cartographer_ws/install/cartographer_ros:/workspace/cartographer_ws/install/pcl_conversions:/workspace/cartographer_ws/install/pcl_msgs:/workspace/cartographer_ws/install/isaac_ros_test:/workspace/cartographer_ws/install/isaac_ros_tensor_list_interfaces:/workspace/cartographer_ws/install/isaac_ros_pointcloud_interfaces:/workspace/cartographer_ws/install/isaac_ros_nova_interfaces:/workspace/cartographer_ws/install/isaac_ros_nitros_bridge_interfaces:/workspace/cartographer_ws/install/isaac_ros_common:/workspace/cartographer_ws/install/isaac_ros_bi3d_interfaces:/workspace/cartographer_ws/install/isaac_ros_apriltag_interfaces:/workspace/cartographer_ws/install/control_msgs:/workspace/cartographer_ws/install/cartographer_ros_msgs:/opt/ros/humble CMAKE_PREFIX_PATH=/workspaces/isaac_ros-dev/ros2/install/qcar2_interfaces:/workspaces/isaac_ros-dev/ros2/install/qcar2_nodes:/workspaces/isaac_ros-dev/install/rtabmap_msgs:/workspaces/isaac_ros-dev/install/qcar2_nodes:/workspaces/isaac_ros-dev/install/qcar2_interfaces:/workspace/cartographer_ws/install/perception_pcl:/workspace/cartographer_ws/install/pcl_ros:/workspace/cartographer_ws/install/cartographer_rviz:/workspace/cartographer_ws/install/cartographer_ros:/workspace/cartographer_ws/install/pcl_conversions:/workspace/cartographer_ws/install/pcl_msgs:/workspace/cartographer_ws/install/isaac_ros_tensor_list_interfaces:/workspace/cartographer_ws/install/isaac_ros_pointcloud_interfaces:/workspace/cartographer_ws/install/isaac_ros_nova_interfaces:/workspace/cartographer_ws/install/isaac_ros_nitros_bridge_interfaces:/workspace/cartographer_ws/install/isaac_ros_common:/workspace/cartographer_ws/install/isaac_ros_bi3d_interfaces:/workspace/cartographer_ws/install/isaac_ros_apriltag_interfaces:/workspace/cartographer_ws/install/control_msgs:/workspace/cartographer_ws/install/cartographer_ros_msgs:/workspace/cartographer_ws/install/cartographer:/workspace/cartographer_ws/install/absl:/workspaces/isaac_ros-dev/ros2/install/qcar2_perception:/workspaces/isaac_ros-dev/ros2/install/qcar2_autonomy:/workspaces/isaac_ros-dev/install/rtabmap_python:/workspaces/isaac_ros-dev/install/qcar2_perception:/workspaces/isaac_ros-dev/install/qcar2_autonomy:/workspace/cartographer_ws/install/isaac_ros_test:/opt/ros/humble PYTHONPATH=/workspaces/isaac_ros-dev/ros2/build/qcar2_autonomy:/workspaces/isaac_ros-dev/ros2/install/qcar2_autonomy/lib/python3.8/site-packages:/workspaces/isaac_ros-dev/ros2/install/qcar2_interfaces/lib/python3.8/site-packages:/workspaces/isaac_ros-dev/ros2/build/qcar2_perception:/workspaces/isaac_ros-dev/ros2/install/qcar2_perception/lib/python3.8/site-packages:/workspaces/isaac_ros-dev/build/rtabmap_python:/workspaces/isaac_ros-dev/install/rtabmap_python/lib/python3.8/site-packages:/workspaces/isaac_ros-dev/install/rtabmap_msgs/lib/python3.8/site-packages:/workspaces/isaac_ros-dev/build/qcar2_perception:/workspaces/isaac_ros-dev/install/qcar2_perception/lib/python3.8/site-packages:/workspaces/isaac_ros-dev/build/qcar2_autonomy:/workspaces/isaac_ros-dev/install/qcar2_autonomy/lib/python3.8/site-packages:/workspaces/isaac_ros-dev/install/qcar2_interfaces/lib/python3.8/site-packages:/workspace/cartographer_ws/install/pcl_msgs/lib/python3.8/site-packages:/workspace/cartographer_ws/build/isaac_ros_test:/workspace/cartographer_ws/install/isaac_ros_test/lib/python3.8/site-packages:/workspace/cartographer_ws/install/isaac_ros_tensor_list_interfaces/lib/python3.8/site-packages:/workspace/cartographer_ws/install/isaac_ros_pointcloud_interfaces/lib/python3.8/site-packages:/workspace/cartographer_ws/install/isaac_ros_nova_interfaces/lib/python3.8/site-packages:/workspace/cartographer_ws/install/isaac_ros_nitros_bridge_interfaces/lib/python3.8/site-packages:/workspace/cartographer_ws/install/isaac_ros_bi3d_interfaces/lib/python3.8/site-packages:/workspace/cartographer_ws/install/isaac_ros_apriltag_interfaces/lib/python3.8/site-packages:/workspace/cartographer_ws/install/control_msgs/lib/python3.8/site-packages:/workspace/cartographer_ws/install/cartographer_ros_msgs/lib/python3.8/site-packages:/opt/ros/humble/lib/python3.8/site-packages:/home/Quanser/0_libraries/python _=/usr/bin/env /usr/bin/cmake --install /workspaces/isaac_ros-dev/ros2/build/qcar2_nodes
[2.738s] Level 1:colcon.colcon_core.environment:checking '/workspaces/isaac_ros-dev/ros2/install/qcar2_nodes' for CMake module files
[2.738s] Level 1:colcon.colcon_core.environment:checking '/workspaces/isaac_ros-dev/ros2/install/qcar2_nodes' for CMake config files
[2.739s] Level 1:colcon.colcon_core.shell:create_environment_hook('qcar2_nodes', 'cmake_prefix_path')
[2.745s] INFO:colcon.colcon_core.shell:Creating environment hook '/workspaces/isaac_ros-dev/ros2/install/qcar2_nodes/share/qcar2_nodes/hook/cmake_prefix_path.ps1'
[2.745s] INFO:colcon.colcon_core.shell:Creating environment descriptor '/workspaces/isaac_ros-dev/ros2/install/qcar2_nodes/share/qcar2_nodes/hook/cmake_prefix_path.dsv'
[2.746s] INFO:colcon.colcon_core.shell:Creating environment hook '/workspaces/isaac_ros-dev/ros2/install/qcar2_nodes/share/qcar2_nodes/hook/cmake_prefix_path.sh'
[2.746s] Level 1:colcon.colcon_core.environment:checking '/workspaces/isaac_ros-dev/ros2/install/qcar2_nodes/lib'
[2.746s] Level 1:colcon.colcon_core.environment:checking '/workspaces/isaac_ros-dev/ros2/install/qcar2_nodes/bin'
[2.746s] Level 1:colcon.colcon_core.environment:checking '/workspaces/isaac_ros-dev/ros2/install/qcar2_nodes/lib/pkgconfig/qcar2_nodes.pc'
[2.746s] Level 1:colcon.colcon_core.environment:checking '/workspaces/isaac_ros-dev/ros2/install/qcar2_nodes/lib/python3.8/site-packages'
[2.746s] Level 1:colcon.colcon_core.environment:checking '/workspaces/isaac_ros-dev/ros2/install/qcar2_nodes/bin'
[2.753s] INFO:colcon.colcon_core.shell:Creating package script '/workspaces/isaac_ros-dev/ros2/install/qcar2_nodes/share/qcar2_nodes/package.ps1'
[2.753s] INFO:colcon.colcon_core.shell:Creating package descriptor '/workspaces/isaac_ros-dev/ros2/install/qcar2_nodes/share/qcar2_nodes/package.dsv'
[2.753s] INFO:colcon.colcon_core.shell:Creating package script '/workspaces/isaac_ros-dev/ros2/install/qcar2_nodes/share/qcar2_nodes/package.sh'
[2.753s] INFO:colcon.colcon_core.shell:Creating package script '/workspaces/isaac_ros-dev/ros2/install/qcar2_nodes/share/qcar2_nodes/package.bash'
[2.754s] INFO:colcon.colcon_core.shell:Creating package script '/workspaces/isaac_ros-dev/ros2/install/qcar2_nodes/share/qcar2_nodes/package.zsh'
[2.754s] Level 1:colcon.colcon_core.environment:create_file_with_runtime_dependencies(/workspaces/isaac_ros-dev/ros2/install/qcar2_nodes/share/colcon-core/packages/qcar2_nodes)
[3.026s] Level 1:colcon.colcon_core.environment:create_environment_scripts_only(qcar2_nodes)
[3.032s] Level 1:colcon.colcon_core.environment:checking '/workspaces/isaac_ros-dev/ros2/install/qcar2_nodes' for CMake module files
[3.033s] Level 1:colcon.colcon_core.environment:checking '/workspaces/isaac_ros-dev/ros2/install/qcar2_nodes' for CMake config files
[3.033s] Level 1:colcon.colcon_core.shell:create_environment_hook('qcar2_nodes', 'cmake_prefix_path')
[3.039s] INFO:colcon.colcon_core.shell:Creating environment hook '/workspaces/isaac_ros-dev/ros2/install/qcar2_nodes/share/qcar2_nodes/hook/cmake_prefix_path.ps1'
[3.039s] INFO:colcon.colcon_core.shell:Creating environment descriptor '/workspaces/isaac_ros-dev/ros2/install/qcar2_nodes/share/qcar2_nodes/hook/cmake_prefix_path.dsv'
[3.039s] INFO:colcon.colcon_core.shell:Creating environment hook '/workspaces/isaac_ros-dev/ros2/install/qcar2_nodes/share/qcar2_nodes/hook/cmake_prefix_path.sh'
[3.040s] Level 1:colcon.colcon_core.environment:checking '/workspaces/isaac_ros-dev/ros2/install/qcar2_nodes/lib'
[3.040s] Level 1:colcon.colcon_core.environment:checking '/workspaces/isaac_ros-dev/ros2/install/qcar2_nodes/bin'
[3.040s] Level 1:colcon.colcon_core.environment:checking '/workspaces/isaac_ros-dev/ros2/install/qcar2_nodes/lib/pkgconfig/qcar2_nodes.pc'
[3.040s] Level 1:colcon.colcon_core.environment:checking '/workspaces/isaac_ros-dev/ros2/install/qcar2_nodes/lib/python3.8/site-packages'
[3.040s] Level 1:colcon.colcon_core.environment:checking '/workspaces/isaac_ros-dev/ros2/install/qcar2_nodes/bin'
[3.047s] INFO:colcon.colcon_core.shell:Creating package script '/workspaces/isaac_ros-dev/ros2/install/qcar2_nodes/share/qcar2_nodes/package.ps1'
[3.047s] INFO:colcon.colcon_core.shell:Creating package descriptor '/workspaces/isaac_ros-dev/ros2/install/qcar2_nodes/share/qcar2_nodes/package.dsv'
[3.047s] INFO:colcon.colcon_core.shell:Creating package script '/workspaces/isaac_ros-dev/ros2/install/qcar2_nodes/share/qcar2_nodes/package.sh'
[3.047s] INFO:colcon.colcon_core.shell:Creating package script '/workspaces/isaac_ros-dev/ros2/install/qcar2_nodes/share/qcar2_nodes/package.bash'
[3.048s] INFO:colcon.colcon_core.shell:Creating package script '/workspaces/isaac_ros-dev/ros2/install/qcar2_nodes/share/qcar2_nodes/package.zsh'
[3.048s] Level 1:colcon.colcon_core.environment:create_file_with_runtime_dependencies(/workspaces/isaac_ros-dev/ros2/install/qcar2_nodes/share/colcon-core/packages/qcar2_nodes)
[3.048s] DEBUG:colcon.colcon_parallel_executor.executor.parallel:closing loop
[3.048s] DEBUG:colcon.colcon_parallel_executor.executor.parallel:loop closed
[3.048s] DEBUG:colcon.colcon_parallel_executor.executor.parallel:run_until_complete finished with '0'
[3.048s] DEBUG:colcon.colcon_core.event_reactor:joining thread
[3.059s] INFO:colcon.colcon_core.plugin_system:Skipping extension 'colcon_notification.desktop_notification.notify_send': Could not find 'notify-send'
[3.059s] INFO:colcon.colcon_core.plugin_system:Skipping extension 'colcon_notification.desktop_notification.terminal_notifier': Not used on non-Darwin systems
[3.059s] INFO:colcon.colcon_core.plugin_system:Skipping extension 'colcon_notification.desktop_notification.win32': Not used on non-Windows systems
[3.059s] INFO:colcon.colcon_notification.desktop_notification:Sending desktop notification using 'notify2'
[3.061s] DEBUG:colcon.colcon_notification.desktop_notification.notify2:Failed to initialize notify2: org.freedesktop.DBus.Error.Spawn.ExecFailed: /usr/bin/dbus-launch terminated abnormally without any error message
[3.061s] DEBUG:colcon.colcon_core.event_reactor:joined thread
[3.069s] INFO:colcon.colcon_core.shell:Creating prefix script '/workspaces/isaac_ros-dev/ros2/install/local_setup.ps1'
[3.069s] INFO:colcon.colcon_core.shell:Creating prefix util module '/workspaces/isaac_ros-dev/ros2/install/_local_setup_util_ps1.py'
[3.070s] INFO:colcon.colcon_core.shell:Creating prefix chain script '/workspaces/isaac_ros-dev/ros2/install/setup.ps1'
[3.078s] INFO:colcon.colcon_core.shell:Creating prefix script '/workspaces/isaac_ros-dev/ros2/install/local_setup.sh'
[3.078s] INFO:colcon.colcon_core.shell:Creating prefix util module '/workspaces/isaac_ros-dev/ros2/install/_local_setup_util_sh.py'
[3.078s] INFO:colcon.colcon_core.shell:Creating prefix chain script '/workspaces/isaac_ros-dev/ros2/install/setup.sh'
[3.085s] INFO:colcon.colcon_core.shell:Creating prefix script '/workspaces/isaac_ros-dev/ros2/install/local_setup.bash'
[3.085s] INFO:colcon.colcon_core.shell:Creating prefix chain script '/workspaces/isaac_ros-dev/ros2/install/setup.bash'
[3.092s] INFO:colcon.colcon_core.shell:Creating prefix script '/workspaces/isaac_ros-dev/ros2/install/local_setup.zsh'
[3.093s] INFO:colcon.colcon_core.shell:Creating prefix chain script '/workspaces/isaac_ros-dev/ros2/install/setup.zsh'
