[0.000000] (-) TimerEvent: {}
[0.000297] (-) JobUnselected: {'identifier': 'qcar2_autonomy'}
[0.000665] (-) JobUnselected: {'identifier': 'qcar2_interfaces'}
[0.000696] (-) JobUnselected: {'identifier': 'qcar2_nodes'}
[0.000728] (isaac_ros_visual_slam_interfaces) JobQueued: {'identifier': 'isaac_ros_visual_slam_interfaces', 'dependencies': OrderedDict()}
[0.000739] (isaac_ros_visual_slam) JobQueued: {'identifier': 'isaac_ros_visual_slam', 'dependencies': OrderedDict([('isaac_ros_visual_slam_interfaces', '/workspaces/isaac_ros-dev/install/isaac_ros_visual_slam_interfaces')])}
[0.000750] (isaac_ros_visual_slam_interfaces) JobStarted: {'identifier': 'isaac_ros_visual_slam_interfaces'}
[0.036889] (isaac_ros_visual_slam_interfaces) JobProgress: {'identifier': 'isaac_ros_visual_slam_interfaces', 'progress': 'cmake'}
[0.037091] (isaac_ros_visual_slam_interfaces) Command: {'cmd': ['/usr/bin/cmake', '/workspaces/isaac_ros-dev/ros2/src/isaac_ros_visual_slam/isaac_ros_visual_slam_interfaces', '-DAMENT_CMAKE_SYMLINK_INSTALL=1', '-DCMAKE_INSTALL_PREFIX=/workspaces/isaac_ros-dev/install/isaac_ros_visual_slam_interfaces'], 'cwd': '/workspaces/isaac_ros-dev/build/isaac_ros_visual_slam_interfaces', 'env': OrderedDict([('DALI_BUILD', '5838886'), ('LIBRARY_PATH', '/usr/local/cuda/lib64/stubs:'), ('NVIDIA_CTK_LIBCUDA_DIR', '/usr/lib/x86_64-linux-gnu'), ('PYTHONWARNINGS', 'ignore:::setuptools.command.install,ignore:::setuptools.command.easy_install,ignore:::pkg_resources'), ('USER', 'quanser'), ('TF_ADJUST_SATURATION_FUSED', '1'), ('CUSOLVER_VERSION', '11.4.1.48'), ('HOSTNAME', 'quanser-ground-station-1'), ('CUTENSOR_VERSION', '1.6.1.5'), ('SHLVL', '2'), ('LD_LIBRARY_PATH', '/workspaces/isaac_ros-dev/install/qcar2_interfaces/lib:/workspace/cartographer_ws/install/pcl_ros/lib:/workspace/cartographer_ws/install/cartographer_rviz/lib:/workspace/cartographer_ws/install/cartographer_ros/lib:/workspace/cartographer_ws/install/pcl_msgs/lib:/workspace/cartographer_ws/install/isaac_ros_tensor_list_interfaces/lib:/workspace/cartographer_ws/install/isaac_ros_pointcloud_interfaces/lib:/workspace/cartographer_ws/install/isaac_ros_nova_interfaces/lib:/workspace/cartographer_ws/install/isaac_ros_nitros_bridge_interfaces/lib:/workspace/cartographer_ws/install/isaac_ros_common/lib:/workspace/cartographer_ws/install/isaac_ros_bi3d_interfaces/lib:/workspace/cartographer_ws/install/isaac_ros_apriltag_interfaces/lib:/workspace/cartographer_ws/install/control_msgs/lib:/workspace/cartographer_ws/install/cartographer_ros_msgs/lib:/opt/ros/humble/opt/rviz_ogre_vendor/lib:/opt/ros/humble/lib/x86_64-linux-gnu:/opt/ros/humble/lib:/opt/tritonserver/backends/onnxruntime:/usr/local/cuda/compat/lib:/usr/local/nvidia/lib:/usr/local/nvidia/lib64:/opt/tritonserver/lib'), ('HOME', '/home/admin'), ('NVIDIA_TRITON_SERVER_VERSION', '22.09'), ('OLDPWD', '/workspaces/isaac_ros-dev/ros2/src'), ('CUDA_CACHE_DISABLE', '1'), ('ROS_PYTHON_VERSION', '3'), ('USER_UID', '1000'), ('ENV', '/etc/shinit_v2'), ('RDMACORE_VERSION', '36.0'), ('NVJPEG_VERSION', '11.9.0.86'), ('NVIDIA_BUILD_ID', '44909143'), ('CUDA_VERSION', '11.8.0.062'), ('CUBLAS_VERSION', '11.11.3.6'), ('NSIGHT_SYSTEMS_VERSION', '2022.3.1.43'), ('COLCON_PREFIX_PATH', '/workspaces/isaac_ros-dev/install:/workspace/cartographer_ws/install'), ('ROS_DISTRO', 'humble'), ('OPAL_PREFIX', '/opt/hpcx/ompi'), ('NVIDIA_REQUIRE_CUDA', 'cuda>=9.0'), ('TRT_VERSION', '8.5.0.12'), ('GDRCOPY_VERSION', '2.3'), ('_', '/usr/bin/colcon'), ('ROS_VERSION', '2'), ('PKG_CONFIG_PATH', '/workspace/cartographer_ws/install/cartographer/lib/x86_64-linux-gnu/pkgconfig:/workspace/cartographer_ws/install/cartographer/lib/pkgconfig'), ('NVIDIA_DRIVER_CAPABILITIES', 'all'), ('POLYGRAPHY_VERSION', '0.38.0'), ('CURAND_VERSION', '10.3.0.86'), ('MOFED_VERSION', '5.4-rdmacore36.0'), ('USERNAME', 'admin'), ('TERM', 'xterm'), ('ROS_LOCALHOST_ONLY', '0'), ('PATH', '/workspace/cartographer_ws/install/cartographer/bin:/opt/ros/humble/bin:/opt/tritonserver/bin:/usr/local/mpi/bin:/usr/local/nvidia/bin:/usr/local/cuda/bin:/usr/local/sbin:/usr/local/bin:/usr/sbin:/usr/bin:/sbin:/bin:/usr/local/ucx/bin:/opt/nvidia/tao'), ('FASTRTPS_DEFAULT_PROFILES_FILE', '/usr/local/share/middleware_profiles/rtps_udp_profile.xml'), ('CUDA_DRIVER_VERSION', '520.61.03'), ('_CUDA_COMPAT_STATUS', 'System has unsupported display driver / cuda driver combination (CUDA_ERROR_SYSTEM_DRIVER_MISMATCH) cuInit()=803'), ('DISPLAY', ':1'), ('NVIDIA_PRODUCT_NAME', 'Triton Server'), ('LANG', 'en_US.UTF-8'), ('RMW_IMPLEMENTATION', 'rmw_fastrtps_cpp'), ('NPP_VERSION', '11.8.0.86'), ('ROS_ROOT', '/opt/ros/humble'), ('CUFFT_VERSION', '10.9.0.58'), ('TF_ENABLE_WINOGRAD_NONFUSED', '1'), ('AMENT_PREFIX_PATH', '/workspaces/isaac_ros-dev/install/qcar2_nodes:/workspaces/isaac_ros-dev/install/qcar2_autonomy:/workspaces/isaac_ros-dev/install/qcar2_interfaces:/workspace/cartographer_ws/install/perception_pcl:/workspace/cartographer_ws/install/pcl_ros:/workspace/cartographer_ws/install/cartographer_rviz:/workspace/cartographer_ws/install/cartographer_ros:/workspace/cartographer_ws/install/pcl_conversions:/workspace/cartographer_ws/install/pcl_msgs:/workspace/cartographer_ws/install/isaac_ros_test:/workspace/cartographer_ws/install/isaac_ros_tensor_list_interfaces:/workspace/cartographer_ws/install/isaac_ros_pointcloud_interfaces:/workspace/cartographer_ws/install/isaac_ros_nova_interfaces:/workspace/cartographer_ws/install/isaac_ros_nitros_bridge_interfaces:/workspace/cartographer_ws/install/isaac_ros_common:/workspace/cartographer_ws/install/isaac_ros_bi3d_interfaces:/workspace/cartographer_ws/install/isaac_ros_apriltag_interfaces:/workspace/cartographer_ws/install/control_msgs:/workspace/cartographer_ws/install/cartographer_ros_msgs:/opt/ros/humble'), ('CUDNN_VERSION', '8.6.0.163'), ('NSIGHT_COMPUTE_VERSION', '2022.3.0.22'), ('DALI_VERSION', '1.17.0'), ('DEBIAN_FRONTEND', 'noninteractive'), ('SHELL', '/bin/bash'), ('DCGM_VERSION', '2.2.9'), ('OPENMPI_VERSION', '4.1.4'), ('TRTOSS_VERSION', ''), ('OMPI_MCA_coll_hcoll_enable', '0'), ('CUSPARSE_VERSION', '11.7.5.86'), ('TRITON_SERVER_GPU_ENABLED', '1'), ('TRITON_SERVER_VERSION', '2.26.0'), ('BASH_ENV', '/etc/bash.bashrc'), ('PWD', '/workspaces/isaac_ros-dev/build/isaac_ros_visual_slam_interfaces'), ('PYTHONPATH', '/workspaces/isaac_ros-dev/install/qcar2_autonomy/lib/python3.8/site-packages:/workspaces/isaac_ros-dev/install/qcar2_interfaces/lib/python3.8/site-packages:/workspace/cartographer_ws/install/pcl_msgs/lib/python3.8/site-packages:/workspace/cartographer_ws/build/isaac_ros_test:/workspace/cartographer_ws/install/isaac_ros_test/lib/python3.8/site-packages:/workspace/cartographer_ws/install/isaac_ros_tensor_list_interfaces/lib/python3.8/site-packages:/workspace/cartographer_ws/install/isaac_ros_pointcloud_interfaces/lib/python3.8/site-packages:/workspace/cartographer_ws/install/isaac_ros_nova_interfaces/lib/python3.8/site-packages:/workspace/cartographer_ws/install/isaac_ros_nitros_bridge_interfaces/lib/python3.8/site-packages:/workspace/cartographer_ws/install/isaac_ros_bi3d_interfaces/lib/python3.8/site-packages:/workspace/cartographer_ws/install/isaac_ros_apriltag_interfaces/lib/python3.8/site-packages:/workspace/cartographer_ws/install/control_msgs/lib/python3.8/site-packages:/workspace/cartographer_ws/install/cartographer_ros_msgs/lib/python3.8/site-packages:/opt/ros/humble/lib/python3.8/site-packages:/home/Quanser/0_libraries/python'), ('_CUDA_COMPAT_PATH', '/usr/local/cuda/compat'), ('TRITON_SERVER_USER', 'triton-server'), ('TF_ADJUST_HUE_FUSED', '1'), ('NVIDIA_VISIBLE_DEVICES', 'void'), ('NCCL_VERSION', '2.15.1'), ('USER_GID', '1000'), ('COLCON', '1'), ('OPENUCX_VERSION', '1.14.0'), ('HPCX_VERSION', '2.12.1a0'), ('SHARP_COLL_ENABLE_CUDA', '0'), ('CMAKE_PREFIX_PATH', '/workspaces/isaac_ros-dev/install/qcar2_nodes:/workspaces/isaac_ros-dev/install/qcar2_interfaces:/workspace/cartographer_ws/install/perception_pcl:/workspace/cartographer_ws/install/pcl_ros:/workspace/cartographer_ws/install/cartographer_rviz:/workspace/cartographer_ws/install/cartographer_ros:/workspace/cartographer_ws/install/pcl_conversions:/workspace/cartographer_ws/install/pcl_msgs:/workspace/cartographer_ws/install/isaac_ros_tensor_list_interfaces:/workspace/cartographer_ws/install/isaac_ros_pointcloud_interfaces:/workspace/cartographer_ws/install/isaac_ros_nova_interfaces:/workspace/cartographer_ws/install/isaac_ros_nitros_bridge_interfaces:/workspace/cartographer_ws/install/isaac_ros_common:/workspace/cartographer_ws/install/isaac_ros_bi3d_interfaces:/workspace/cartographer_ws/install/isaac_ros_apriltag_interfaces:/workspace/cartographer_ws/install/control_msgs:/workspace/cartographer_ws/install/cartographer_ros_msgs:/workspace/cartographer_ws/install/cartographer:/workspace/cartographer_ws/install/absl:/workspaces/isaac_ros-dev/install/qcar2_autonomy:/workspace/cartographer_ws/install/isaac_ros_test:/opt/ros/humble'), ('TF_AUTOTUNE_THRESHOLD', '2')]), 'shell': False}
[0.099965] (-) TimerEvent: {}
[0.118138] (isaac_ros_visual_slam_interfaces) StdoutLine: {'line': b'-- The C compiler identification is GNU 9.4.0\n'}
[0.157694] (isaac_ros_visual_slam_interfaces) StdoutLine: {'line': b'-- The CXX compiler identification is GNU 9.4.0\n'}
[0.164261] (isaac_ros_visual_slam_interfaces) StdoutLine: {'line': b'-- Detecting C compiler ABI info\n'}
[0.200058] (-) TimerEvent: {}
[0.207360] (isaac_ros_visual_slam_interfaces) StdoutLine: {'line': b'-- Detecting C compiler ABI info - done\n'}
[0.212134] (isaac_ros_visual_slam_interfaces) StdoutLine: {'line': b'-- Check for working C compiler: /usr/bin/cc - skipped\n'}
[0.212305] (isaac_ros_visual_slam_interfaces) StdoutLine: {'line': b'-- Detecting C compile features\n'}
[0.212597] (isaac_ros_visual_slam_interfaces) StdoutLine: {'line': b'-- Detecting C compile features - done\n'}
[0.214842] (isaac_ros_visual_slam_interfaces) StdoutLine: {'line': b'-- Detecting CXX compiler ABI info\n'}
[0.264772] (isaac_ros_visual_slam_interfaces) StdoutLine: {'line': b'-- Detecting CXX compiler ABI info - done\n'}
[0.269376] (isaac_ros_visual_slam_interfaces) StdoutLine: {'line': b'-- Check for working CXX compiler: /usr/bin/c++ - skipped\n'}
[0.269547] (isaac_ros_visual_slam_interfaces) StdoutLine: {'line': b'-- Detecting CXX compile features\n'}
[0.269849] (isaac_ros_visual_slam_interfaces) StdoutLine: {'line': b'-- Detecting CXX compile features - done\n'}
[0.272966] (isaac_ros_visual_slam_interfaces) StdoutLine: {'line': b'-- Found ament_cmake_auto: 1.3.5 (/opt/ros/humble/share/ament_cmake_auto/cmake)\n'}
[0.300149] (-) TimerEvent: {}
[0.400332] (-) TimerEvent: {}
[0.500606] (-) TimerEvent: {}
[0.600885] (-) TimerEvent: {}
[0.701078] (-) TimerEvent: {}
[0.715754] (isaac_ros_visual_slam_interfaces) StdoutLine: {'line': b'-- Found Python3: /usr/bin/python3.8 (found version "3.8.10") found components: Interpreter \n'}
[0.759293] (isaac_ros_visual_slam_interfaces) StdoutLine: {'line': b'-- Override CMake install command with custom implementation using symlinks instead of copying resources\n'}
[0.801180] (-) TimerEvent: {}
[0.842582] (isaac_ros_visual_slam_interfaces) StdoutLine: {'line': b'-- Using all available rosidl_typesupport_c: rosidl_typesupport_fastrtps_c;rosidl_typesupport_introspection_c\n'}
[0.850740] (isaac_ros_visual_slam_interfaces) StdoutLine: {'line': b'-- Found rosidl_adapter: 3.1.5 (/opt/ros/humble/share/rosidl_adapter/cmake)\n'}
[0.894998] (isaac_ros_visual_slam_interfaces) StdoutLine: {'line': b'-- Using all available rosidl_typesupport_cpp: rosidl_typesupport_fastrtps_cpp;rosidl_typesupport_introspection_cpp\n'}
[0.901356] (-) TimerEvent: {}
[0.929799] (isaac_ros_visual_slam_interfaces) StdoutLine: {'line': b'-- Loading isaac_ros_common extras\n'}
[0.929923] (isaac_ros_visual_slam_interfaces) StdoutLine: {'line': b'-- CMAKE_BUILD_TYPE: Release\n'}
[0.947533] (isaac_ros_visual_slam_interfaces) StdoutLine: {'line': b'-- Looking for pthread.h\n'}
[0.991427] (isaac_ros_visual_slam_interfaces) StdoutLine: {'line': b'-- Looking for pthread.h - found\n'}
[0.991551] (isaac_ros_visual_slam_interfaces) StdoutLine: {'line': b'-- Performing Test CMAKE_HAVE_LIBC_PTHREAD\n'}
[1.001424] (-) TimerEvent: {}
[1.038586] (isaac_ros_visual_slam_interfaces) StdoutLine: {'line': b'-- Performing Test CMAKE_HAVE_LIBC_PTHREAD - Failed\n'}
[1.038716] (isaac_ros_visual_slam_interfaces) StdoutLine: {'line': b'-- Looking for pthread_create in pthreads\n'}
[1.079945] (isaac_ros_visual_slam_interfaces) StdoutLine: {'line': b'-- Looking for pthread_create in pthreads - not found\n'}
[1.080067] (isaac_ros_visual_slam_interfaces) StdoutLine: {'line': b'-- Looking for pthread_create in pthread\n'}
[1.101503] (-) TimerEvent: {}
[1.126223] (isaac_ros_visual_slam_interfaces) StdoutLine: {'line': b'-- Looking for pthread_create in pthread - found\n'}
[1.126827] (isaac_ros_visual_slam_interfaces) StdoutLine: {'line': b'-- Found Threads: TRUE  \n'}
[1.137323] (isaac_ros_visual_slam_interfaces) StdoutLine: {'line': b'-- Found CUDA: /usr/local/cuda (found version "11.8") \n'}
[1.138293] (isaac_ros_visual_slam_interfaces) StdoutLine: {'line': b'-- Loading isaac_ros_common extras (modules)\n'}
[1.201615] (-) TimerEvent: {}
[1.216557] (isaac_ros_visual_slam_interfaces) StdoutLine: {'line': b'-- Found rmw_implementation_cmake: 6.1.1 (/opt/ros/humble/share/rmw_implementation_cmake/cmake)\n'}
[1.220293] (isaac_ros_visual_slam_interfaces) StdoutLine: {'line': b'-- Found rmw_fastrtps_cpp: 6.2.4 (/opt/ros/humble/share/rmw_fastrtps_cpp/cmake)\n'}
[1.301720] (-) TimerEvent: {}
[1.340172] (isaac_ros_visual_slam_interfaces) StdoutLine: {'line': b'-- Found OpenSSL: /usr/lib/x86_64-linux-gnu/libcrypto.so (found version "1.1.1f")  \n'}
[1.365564] (isaac_ros_visual_slam_interfaces) StdoutLine: {'line': b'-- Found FastRTPS: /opt/ros/humble/include  \n'}
[1.401888] (-) TimerEvent: {}
[1.414233] (isaac_ros_visual_slam_interfaces) StdoutLine: {'line': b"-- Using RMW implementation 'rmw_fastrtps_cpp' as default\n"}
[1.502057] (-) TimerEvent: {}
[1.602355] (-) TimerEvent: {}
[1.702655] (-) TimerEvent: {}
[1.736453] (isaac_ros_visual_slam_interfaces) StdoutLine: {'line': b'-- Found ament_cmake_ros: 0.10.0 (/opt/ros/humble/share/ament_cmake_ros/cmake)\n'}
[1.802754] (-) TimerEvent: {}
[1.855736] (isaac_ros_visual_slam_interfaces) StdoutLine: {'line': b'-- Using all available rosidl_typesupport_c: rosidl_typesupport_fastrtps_c;rosidl_typesupport_introspection_c\n'}
[1.902863] (-) TimerEvent: {}
[2.003090] (-) TimerEvent: {}
[2.005701] (isaac_ros_visual_slam_interfaces) StdoutLine: {'line': b'-- Using all available rosidl_typesupport_cpp: rosidl_typesupport_fastrtps_cpp;rosidl_typesupport_introspection_cpp\n'}
[2.026153] (isaac_ros_visual_slam_interfaces) StdoutLine: {'line': b'-- Found PythonInterp: /usr/bin/python3 (found suitable version "3.8.10", minimum required is "3.6") \n'}
[2.028661] (isaac_ros_visual_slam_interfaces) StdoutLine: {'line': b'-- Found python_cmake_module: 0.10.0 (/opt/ros/humble/share/python_cmake_module/cmake)\n'}
[2.053937] (isaac_ros_visual_slam_interfaces) StdoutLine: {'line': b'-- Found PythonLibs: /usr/lib/x86_64-linux-gnu/libpython3.8.so (found suitable version "3.8.10", minimum required is "3.5") \n'}
[2.054061] (isaac_ros_visual_slam_interfaces) StdoutLine: {'line': b'-- Using PYTHON_EXECUTABLE: /usr/bin/python3\n'}
[2.054097] (isaac_ros_visual_slam_interfaces) StdoutLine: {'line': b'-- Using PYTHON_INCLUDE_DIRS: /usr/include/python3.8\n'}
[2.054124] (isaac_ros_visual_slam_interfaces) StdoutLine: {'line': b'-- Using PYTHON_LIBRARIES: /usr/lib/x86_64-linux-gnu/libpython3.8.so\n'}
[2.072001] (isaac_ros_visual_slam_interfaces) StdoutLine: {'line': b'-- Found PythonExtra: .so  \n'}
[2.103256] (-) TimerEvent: {}
[2.128577] (isaac_ros_visual_slam_interfaces) StdoutLine: {'line': b'-- Found ament_lint_auto: 0.12.8 (/opt/ros/humble/share/ament_lint_auto/cmake)\n'}
[2.156833] (isaac_ros_visual_slam_interfaces) StdoutLine: {'line': b"-- Added test 'copyright' to check source files copyright and LICENSE\n"}
[2.158355] (isaac_ros_visual_slam_interfaces) StdoutLine: {'line': b"-- Added test 'lint_cmake' to check CMake code style\n"}
[2.159348] (isaac_ros_visual_slam_interfaces) StdoutLine: {'line': b"-- Added test 'xmllint' to check XML markup files\n"}
[2.161518] (isaac_ros_visual_slam_interfaces) StdoutLine: {'line': b'-- Configuring done\n'}
[2.189086] (isaac_ros_visual_slam_interfaces) StdoutLine: {'line': b'-- Generating done\n'}
[2.190597] (isaac_ros_visual_slam_interfaces) StdoutLine: {'line': b'-- Build files have been written to: /workspaces/isaac_ros-dev/build/isaac_ros_visual_slam_interfaces\n'}
[2.197233] (isaac_ros_visual_slam_interfaces) CommandEnded: {'returncode': 0}
[2.197913] (isaac_ros_visual_slam_interfaces) JobProgress: {'identifier': 'isaac_ros_visual_slam_interfaces', 'progress': 'build'}
[2.198858] (isaac_ros_visual_slam_interfaces) Command: {'cmd': ['/usr/bin/cmake', '--build', '/workspaces/isaac_ros-dev/build/isaac_ros_visual_slam_interfaces', '--', '-j20', '-l20'], 'cwd': '/workspaces/isaac_ros-dev/build/isaac_ros_visual_slam_interfaces', 'env': OrderedDict([('DALI_BUILD', '5838886'), ('LIBRARY_PATH', '/usr/local/cuda/lib64/stubs:'), ('NVIDIA_CTK_LIBCUDA_DIR', '/usr/lib/x86_64-linux-gnu'), ('PYTHONWARNINGS', 'ignore:::setuptools.command.install,ignore:::setuptools.command.easy_install,ignore:::pkg_resources'), ('USER', 'quanser'), ('TF_ADJUST_SATURATION_FUSED', '1'), ('CUSOLVER_VERSION', '11.4.1.48'), ('HOSTNAME', 'quanser-ground-station-1'), ('CUTENSOR_VERSION', '1.6.1.5'), ('SHLVL', '2'), ('LD_LIBRARY_PATH', '/workspaces/isaac_ros-dev/install/qcar2_interfaces/lib:/workspace/cartographer_ws/install/pcl_ros/lib:/workspace/cartographer_ws/install/cartographer_rviz/lib:/workspace/cartographer_ws/install/cartographer_ros/lib:/workspace/cartographer_ws/install/pcl_msgs/lib:/workspace/cartographer_ws/install/isaac_ros_tensor_list_interfaces/lib:/workspace/cartographer_ws/install/isaac_ros_pointcloud_interfaces/lib:/workspace/cartographer_ws/install/isaac_ros_nova_interfaces/lib:/workspace/cartographer_ws/install/isaac_ros_nitros_bridge_interfaces/lib:/workspace/cartographer_ws/install/isaac_ros_common/lib:/workspace/cartographer_ws/install/isaac_ros_bi3d_interfaces/lib:/workspace/cartographer_ws/install/isaac_ros_apriltag_interfaces/lib:/workspace/cartographer_ws/install/control_msgs/lib:/workspace/cartographer_ws/install/cartographer_ros_msgs/lib:/opt/ros/humble/opt/rviz_ogre_vendor/lib:/opt/ros/humble/lib/x86_64-linux-gnu:/opt/ros/humble/lib:/opt/tritonserver/backends/onnxruntime:/usr/local/cuda/compat/lib:/usr/local/nvidia/lib:/usr/local/nvidia/lib64:/opt/tritonserver/lib'), ('HOME', '/home/admin'), ('NVIDIA_TRITON_SERVER_VERSION', '22.09'), ('OLDPWD', '/workspaces/isaac_ros-dev/ros2/src'), ('CUDA_CACHE_DISABLE', '1'), ('ROS_PYTHON_VERSION', '3'), ('USER_UID', '1000'), ('ENV', '/etc/shinit_v2'), ('RDMACORE_VERSION', '36.0'), ('NVJPEG_VERSION', '11.9.0.86'), ('NVIDIA_BUILD_ID', '44909143'), ('CUDA_VERSION', '11.8.0.062'), ('CUBLAS_VERSION', '11.11.3.6'), ('NSIGHT_SYSTEMS_VERSION', '2022.3.1.43'), ('COLCON_PREFIX_PATH', '/workspaces/isaac_ros-dev/install:/workspace/cartographer_ws/install'), ('ROS_DISTRO', 'humble'), ('OPAL_PREFIX', '/opt/hpcx/ompi'), ('NVIDIA_REQUIRE_CUDA', 'cuda>=9.0'), ('TRT_VERSION', '8.5.0.12'), ('GDRCOPY_VERSION', '2.3'), ('_', '/usr/bin/colcon'), ('ROS_VERSION', '2'), ('PKG_CONFIG_PATH', '/workspace/cartographer_ws/install/cartographer/lib/x86_64-linux-gnu/pkgconfig:/workspace/cartographer_ws/install/cartographer/lib/pkgconfig'), ('NVIDIA_DRIVER_CAPABILITIES', 'all'), ('POLYGRAPHY_VERSION', '0.38.0'), ('CURAND_VERSION', '10.3.0.86'), ('MOFED_VERSION', '5.4-rdmacore36.0'), ('USERNAME', 'admin'), ('TERM', 'xterm'), ('ROS_LOCALHOST_ONLY', '0'), ('PATH', '/workspace/cartographer_ws/install/cartographer/bin:/opt/ros/humble/bin:/opt/tritonserver/bin:/usr/local/mpi/bin:/usr/local/nvidia/bin:/usr/local/cuda/bin:/usr/local/sbin:/usr/local/bin:/usr/sbin:/usr/bin:/sbin:/bin:/usr/local/ucx/bin:/opt/nvidia/tao'), ('FASTRTPS_DEFAULT_PROFILES_FILE', '/usr/local/share/middleware_profiles/rtps_udp_profile.xml'), ('CUDA_DRIVER_VERSION', '520.61.03'), ('_CUDA_COMPAT_STATUS', 'System has unsupported display driver / cuda driver combination (CUDA_ERROR_SYSTEM_DRIVER_MISMATCH) cuInit()=803'), ('DISPLAY', ':1'), ('NVIDIA_PRODUCT_NAME', 'Triton Server'), ('LANG', 'en_US.UTF-8'), ('RMW_IMPLEMENTATION', 'rmw_fastrtps_cpp'), ('NPP_VERSION', '11.8.0.86'), ('ROS_ROOT', '/opt/ros/humble'), ('CUFFT_VERSION', '10.9.0.58'), ('TF_ENABLE_WINOGRAD_NONFUSED', '1'), ('AMENT_PREFIX_PATH', '/workspaces/isaac_ros-dev/install/qcar2_nodes:/workspaces/isaac_ros-dev/install/qcar2_autonomy:/workspaces/isaac_ros-dev/install/qcar2_interfaces:/workspace/cartographer_ws/install/perception_pcl:/workspace/cartographer_ws/install/pcl_ros:/workspace/cartographer_ws/install/cartographer_rviz:/workspace/cartographer_ws/install/cartographer_ros:/workspace/cartographer_ws/install/pcl_conversions:/workspace/cartographer_ws/install/pcl_msgs:/workspace/cartographer_ws/install/isaac_ros_test:/workspace/cartographer_ws/install/isaac_ros_tensor_list_interfaces:/workspace/cartographer_ws/install/isaac_ros_pointcloud_interfaces:/workspace/cartographer_ws/install/isaac_ros_nova_interfaces:/workspace/cartographer_ws/install/isaac_ros_nitros_bridge_interfaces:/workspace/cartographer_ws/install/isaac_ros_common:/workspace/cartographer_ws/install/isaac_ros_bi3d_interfaces:/workspace/cartographer_ws/install/isaac_ros_apriltag_interfaces:/workspace/cartographer_ws/install/control_msgs:/workspace/cartographer_ws/install/cartographer_ros_msgs:/opt/ros/humble'), ('CUDNN_VERSION', '8.6.0.163'), ('NSIGHT_COMPUTE_VERSION', '2022.3.0.22'), ('DALI_VERSION', '1.17.0'), ('DEBIAN_FRONTEND', 'noninteractive'), ('SHELL', '/bin/bash'), ('DCGM_VERSION', '2.2.9'), ('OPENMPI_VERSION', '4.1.4'), ('TRTOSS_VERSION', ''), ('OMPI_MCA_coll_hcoll_enable', '0'), ('CUSPARSE_VERSION', '11.7.5.86'), ('TRITON_SERVER_GPU_ENABLED', '1'), ('TRITON_SERVER_VERSION', '2.26.0'), ('BASH_ENV', '/etc/bash.bashrc'), ('PWD', '/workspaces/isaac_ros-dev/build/isaac_ros_visual_slam_interfaces'), ('PYTHONPATH', '/workspaces/isaac_ros-dev/install/qcar2_autonomy/lib/python3.8/site-packages:/workspaces/isaac_ros-dev/install/qcar2_interfaces/lib/python3.8/site-packages:/workspace/cartographer_ws/install/pcl_msgs/lib/python3.8/site-packages:/workspace/cartographer_ws/build/isaac_ros_test:/workspace/cartographer_ws/install/isaac_ros_test/lib/python3.8/site-packages:/workspace/cartographer_ws/install/isaac_ros_tensor_list_interfaces/lib/python3.8/site-packages:/workspace/cartographer_ws/install/isaac_ros_pointcloud_interfaces/lib/python3.8/site-packages:/workspace/cartographer_ws/install/isaac_ros_nova_interfaces/lib/python3.8/site-packages:/workspace/cartographer_ws/install/isaac_ros_nitros_bridge_interfaces/lib/python3.8/site-packages:/workspace/cartographer_ws/install/isaac_ros_bi3d_interfaces/lib/python3.8/site-packages:/workspace/cartographer_ws/install/isaac_ros_apriltag_interfaces/lib/python3.8/site-packages:/workspace/cartographer_ws/install/control_msgs/lib/python3.8/site-packages:/workspace/cartographer_ws/install/cartographer_ros_msgs/lib/python3.8/site-packages:/opt/ros/humble/lib/python3.8/site-packages:/home/Quanser/0_libraries/python'), ('_CUDA_COMPAT_PATH', '/usr/local/cuda/compat'), ('TRITON_SERVER_USER', 'triton-server'), ('TF_ADJUST_HUE_FUSED', '1'), ('NVIDIA_VISIBLE_DEVICES', 'void'), ('NCCL_VERSION', '2.15.1'), ('USER_GID', '1000'), ('COLCON', '1'), ('OPENUCX_VERSION', '1.14.0'), ('HPCX_VERSION', '2.12.1a0'), ('SHARP_COLL_ENABLE_CUDA', '0'), ('CMAKE_PREFIX_PATH', '/workspaces/isaac_ros-dev/install/qcar2_nodes:/workspaces/isaac_ros-dev/install/qcar2_interfaces:/workspace/cartographer_ws/install/perception_pcl:/workspace/cartographer_ws/install/pcl_ros:/workspace/cartographer_ws/install/cartographer_rviz:/workspace/cartographer_ws/install/cartographer_ros:/workspace/cartographer_ws/install/pcl_conversions:/workspace/cartographer_ws/install/pcl_msgs:/workspace/cartographer_ws/install/isaac_ros_tensor_list_interfaces:/workspace/cartographer_ws/install/isaac_ros_pointcloud_interfaces:/workspace/cartographer_ws/install/isaac_ros_nova_interfaces:/workspace/cartographer_ws/install/isaac_ros_nitros_bridge_interfaces:/workspace/cartographer_ws/install/isaac_ros_common:/workspace/cartographer_ws/install/isaac_ros_bi3d_interfaces:/workspace/cartographer_ws/install/isaac_ros_apriltag_interfaces:/workspace/cartographer_ws/install/control_msgs:/workspace/cartographer_ws/install/cartographer_ros_msgs:/workspace/cartographer_ws/install/cartographer:/workspace/cartographer_ws/install/absl:/workspaces/isaac_ros-dev/install/qcar2_autonomy:/workspace/cartographer_ws/install/isaac_ros_test:/opt/ros/humble'), ('TF_AUTOTUNE_THRESHOLD', '2')]), 'shell': False}
[2.203327] (-) TimerEvent: {}
[2.220741] (isaac_ros_visual_slam_interfaces) StdoutLine: {'line': b'[  1%] \x1b[34m\x1b[1mGenerating C code for ROS interfaces\x1b[0m\n'}
[2.224294] (isaac_ros_visual_slam_interfaces) StdoutLine: {'line': b'[  2%] \x1b[34m\x1b[1mGenerating C++ code for ROS interfaces\x1b[0m\n'}
[2.228004] (isaac_ros_visual_slam_interfaces) StdoutLine: {'line': b'[  2%] Built target ament_cmake_python_symlink_isaac_ros_visual_slam_interfaces\n'}
[2.303435] (-) TimerEvent: {}
[2.403704] (-) TimerEvent: {}
[2.429947] (isaac_ros_visual_slam_interfaces) StdoutLine: {'line': b'running egg_info\n'}
[2.430542] (isaac_ros_visual_slam_interfaces) StdoutLine: {'line': b'creating isaac_ros_visual_slam_interfaces.egg-info\n'}
[2.436915] (isaac_ros_visual_slam_interfaces) StdoutLine: {'line': b'writing isaac_ros_visual_slam_interfaces.egg-info/PKG-INFO\n'}
[2.437064] (isaac_ros_visual_slam_interfaces) StdoutLine: {'line': b'writing dependency_links to isaac_ros_visual_slam_interfaces.egg-info/dependency_links.txt\n'}
[2.437148] (isaac_ros_visual_slam_interfaces) StdoutLine: {'line': b'writing top-level names to isaac_ros_visual_slam_interfaces.egg-info/top_level.txt\n'}
[2.437234] (isaac_ros_visual_slam_interfaces) StdoutLine: {'line': b"writing manifest file 'isaac_ros_visual_slam_interfaces.egg-info/SOURCES.txt'\n"}
[2.456412] (isaac_ros_visual_slam_interfaces) StdoutLine: {'line': b"reading manifest file 'isaac_ros_visual_slam_interfaces.egg-info/SOURCES.txt'\n"}
[2.456745] (isaac_ros_visual_slam_interfaces) StdoutLine: {'line': b"writing manifest file 'isaac_ros_visual_slam_interfaces.egg-info/SOURCES.txt'\n"}
[2.481413] (isaac_ros_visual_slam_interfaces) StdoutLine: {'line': b'[  2%] Built target ament_cmake_python_build_isaac_ros_visual_slam_interfaces_egg\n'}
[2.503803] (-) TimerEvent: {}
[2.604081] (-) TimerEvent: {}
[2.704459] (-) TimerEvent: {}
[2.755579] (isaac_ros_visual_slam_interfaces) StdoutLine: {'line': b'[  2%] Built target isaac_ros_visual_slam_interfaces__cpp\n'}
[2.760220] (isaac_ros_visual_slam_interfaces) StdoutLine: {'line': b'[  4%] \x1b[34m\x1b[1mGenerating C++ type support dispatch for ROS interfaces\x1b[0m\n'}
[2.760520] (isaac_ros_visual_slam_interfaces) StdoutLine: {'line': b'[  5%] \x1b[34m\x1b[1mGenerating C++ type support for eProsima Fast-RTPS\x1b[0m\n'}
[2.760648] (isaac_ros_visual_slam_interfaces) StdoutLine: {'line': b'[  7%] \x1b[34m\x1b[1mGenerating C++ introspection for ROS interfaces\x1b[0m\n'}
[2.761865] (isaac_ros_visual_slam_interfaces) StdoutLine: {'line': b'[  8%] \x1b[32mBuilding C object CMakeFiles/isaac_ros_visual_slam_interfaces__rosidl_generator_c.dir/rosidl_generator_c/isaac_ros_visual_slam_interfaces/srv/detail/get_all_poses__functions.c.o\x1b[0m\n'}
[2.762106] (isaac_ros_visual_slam_interfaces) StdoutLine: {'line': b'[  9%] \x1b[32mBuilding C object CMakeFiles/isaac_ros_visual_slam_interfaces__rosidl_generator_c.dir/rosidl_generator_c/isaac_ros_visual_slam_interfaces/srv/detail/set_slam_pose__functions.c.o\x1b[0m\n'}
[2.762200] (isaac_ros_visual_slam_interfaces) StdoutLine: {'line': b'[ 11%] \x1b[32mBuilding C object CMakeFiles/isaac_ros_visual_slam_interfaces__rosidl_generator_c.dir/rosidl_generator_c/isaac_ros_visual_slam_interfaces/action/detail/load_map_and_localize__functions.c.o\x1b[0m\n'}
[2.762300] (isaac_ros_visual_slam_interfaces) StdoutLine: {'line': b'[ 12%] \x1b[32mBuilding C object CMakeFiles/isaac_ros_visual_slam_interfaces__rosidl_generator_c.dir/rosidl_generator_c/isaac_ros_visual_slam_interfaces/action/detail/save_map__functions.c.o\x1b[0m\n'}
[2.762468] (isaac_ros_visual_slam_interfaces) StdoutLine: {'line': b'[ 14%] \x1b[32mBuilding C object CMakeFiles/isaac_ros_visual_slam_interfaces__rosidl_generator_c.dir/rosidl_generator_c/isaac_ros_visual_slam_interfaces/msg/detail/visual_slam_status__functions.c.o\x1b[0m\n'}
[2.763180] (isaac_ros_visual_slam_interfaces) StdoutLine: {'line': b'[ 15%] \x1b[32mBuilding C object CMakeFiles/isaac_ros_visual_slam_interfaces__rosidl_generator_c.dir/rosidl_generator_c/isaac_ros_visual_slam_interfaces/srv/detail/reset__functions.c.o\x1b[0m\n'}
[2.804560] (-) TimerEvent: {}
[2.904821] (-) TimerEvent: {}
[3.005054] (-) TimerEvent: {}
[3.036807] (isaac_ros_visual_slam_interfaces) StdoutLine: {'line': b'[ 16%] \x1b[32m\x1b[1mLinking C shared library libisaac_ros_visual_slam_interfaces__rosidl_generator_c.so\x1b[0m\n'}
[3.060320] (isaac_ros_visual_slam_interfaces) StdoutLine: {'line': b'[ 16%] Built target isaac_ros_visual_slam_interfaces__rosidl_generator_c\n'}
[3.065537] (isaac_ros_visual_slam_interfaces) StdoutLine: {'line': b'[ 18%] \x1b[34m\x1b[1mGenerating C introspection for ROS interfaces\x1b[0m\n'}
[3.065888] (isaac_ros_visual_slam_interfaces) StdoutLine: {'line': b'[ 19%] \x1b[34m\x1b[1mGenerating C type support for eProsima Fast-RTPS\x1b[0m\n'}
[3.066006] (isaac_ros_visual_slam_interfaces) StdoutLine: {'line': b'[ 21%] \x1b[34m\x1b[1mGenerating C type support dispatch for ROS interfaces\x1b[0m\n'}
[3.105158] (-) TimerEvent: {}
[3.118513] (isaac_ros_visual_slam_interfaces) StdoutLine: {'line': b'[ 25%] \x1b[32mBuilding CXX object CMakeFiles/isaac_ros_visual_slam_interfaces__rosidl_typesupport_cpp.dir/rosidl_typesupport_cpp/isaac_ros_visual_slam_interfaces/srv/reset__type_support.cpp.o\x1b[0m\n'}
[3.118699] (isaac_ros_visual_slam_interfaces) StdoutLine: {'line': b'[ 25%] \x1b[32mBuilding CXX object CMakeFiles/isaac_ros_visual_slam_interfaces__rosidl_typesupport_cpp.dir/rosidl_typesupport_cpp/isaac_ros_visual_slam_interfaces/action/save_map__type_support.cpp.o\x1b[0m\n'}
[3.118769] (isaac_ros_visual_slam_interfaces) StdoutLine: {'line': b'[ 25%] \x1b[32mBuilding CXX object CMakeFiles/isaac_ros_visual_slam_interfaces__rosidl_typesupport_cpp.dir/rosidl_typesupport_cpp/isaac_ros_visual_slam_interfaces/msg/visual_slam_status__type_support.cpp.o\x1b[0m\n'}
[3.118863] (isaac_ros_visual_slam_interfaces) StdoutLine: {'line': b'[ 26%] \x1b[32mBuilding CXX object CMakeFiles/isaac_ros_visual_slam_interfaces__rosidl_typesupport_cpp.dir/rosidl_typesupport_cpp/isaac_ros_visual_slam_interfaces/srv/get_all_poses__type_support.cpp.o\x1b[0m\n'}
[3.119599] (isaac_ros_visual_slam_interfaces) StdoutLine: {'line': b'[ 28%] \x1b[32mBuilding CXX object CMakeFiles/isaac_ros_visual_slam_interfaces__rosidl_typesupport_cpp.dir/rosidl_typesupport_cpp/isaac_ros_visual_slam_interfaces/srv/set_slam_pose__type_support.cpp.o\x1b[0m\n'}
[3.120145] (isaac_ros_visual_slam_interfaces) StdoutLine: {'line': b'[ 29%] \x1b[32mBuilding CXX object CMakeFiles/isaac_ros_visual_slam_interfaces__rosidl_typesupport_cpp.dir/rosidl_typesupport_cpp/isaac_ros_visual_slam_interfaces/action/load_map_and_localize__type_support.cpp.o\x1b[0m\n'}
[3.176083] (isaac_ros_visual_slam_interfaces) StdoutLine: {'line': b'[ 32%] \x1b[32mBuilding CXX object CMakeFiles/isaac_ros_visual_slam_interfaces__rosidl_typesupport_introspection_cpp.dir/rosidl_typesupport_introspection_cpp/isaac_ros_visual_slam_interfaces/srv/detail/get_all_poses__type_support.cpp.o\x1b[0m\n'}
[3.176289] (isaac_ros_visual_slam_interfaces) StdoutLine: {'line': b'[ 32%] \x1b[32mBuilding CXX object CMakeFiles/isaac_ros_visual_slam_interfaces__rosidl_typesupport_introspection_cpp.dir/rosidl_typesupport_introspection_cpp/isaac_ros_visual_slam_interfaces/msg/detail/visual_slam_status__type_support.cpp.o\x1b[0m\n'}
[3.176450] (isaac_ros_visual_slam_interfaces) StdoutLine: {'line': b'[ 33%] \x1b[32mBuilding CXX object CMakeFiles/isaac_ros_visual_slam_interfaces__rosidl_typesupport_introspection_cpp.dir/rosidl_typesupport_introspection_cpp/isaac_ros_visual_slam_interfaces/srv/detail/reset__type_support.cpp.o\x1b[0m\n'}
[3.176554] (isaac_ros_visual_slam_interfaces) StdoutLine: {'line': b'[ 36%] \x1b[32mBuilding CXX object CMakeFiles/isaac_ros_visual_slam_interfaces__rosidl_typesupport_introspection_cpp.dir/rosidl_typesupport_introspection_cpp/isaac_ros_visual_slam_interfaces/srv/detail/set_slam_pose__type_support.cpp.o\x1b[0m\n'}
[3.176650] (isaac_ros_visual_slam_interfaces) StdoutLine: {'line': b'[ 36%] \x1b[32mBuilding CXX object CMakeFiles/isaac_ros_visual_slam_interfaces__rosidl_typesupport_introspection_cpp.dir/rosidl_typesupport_introspection_cpp/isaac_ros_visual_slam_interfaces/action/detail/load_map_and_localize__type_support.cpp.o\x1b[0m\n'}
[3.176831] (isaac_ros_visual_slam_interfaces) StdoutLine: {'line': b'[ 38%] \x1b[32mBuilding CXX object CMakeFiles/isaac_ros_visual_slam_interfaces__rosidl_typesupport_introspection_cpp.dir/rosidl_typesupport_introspection_cpp/isaac_ros_visual_slam_interfaces/action/detail/save_map__type_support.cpp.o\x1b[0m\n'}
[3.205249] (-) TimerEvent: {}
[3.305507] (-) TimerEvent: {}
[3.305785] (isaac_ros_visual_slam_interfaces) StdoutLine: {'line': b'[ 40%] \x1b[32mBuilding CXX object CMakeFiles/isaac_ros_visual_slam_interfaces__rosidl_typesupport_fastrtps_cpp.dir/rosidl_typesupport_fastrtps_cpp/isaac_ros_visual_slam_interfaces/srv/detail/dds_fastrtps/get_all_poses__type_support.cpp.o\x1b[0m\n'}
[3.306660] (isaac_ros_visual_slam_interfaces) StdoutLine: {'line': b'[ 40%] \x1b[32mBuilding CXX object CMakeFiles/isaac_ros_visual_slam_interfaces__rosidl_typesupport_fastrtps_cpp.dir/rosidl_typesupport_fastrtps_cpp/isaac_ros_visual_slam_interfaces/srv/detail/dds_fastrtps/reset__type_support.cpp.o\x1b[0m\n'}
[3.307079] (isaac_ros_visual_slam_interfaces) StdoutLine: {'line': b'[ 42%] \x1b[32mBuilding CXX object CMakeFiles/isaac_ros_visual_slam_interfaces__rosidl_typesupport_fastrtps_cpp.dir/rosidl_typesupport_fastrtps_cpp/isaac_ros_visual_slam_interfaces/msg/detail/dds_fastrtps/visual_slam_status__type_support.cpp.o\x1b[0m\n'}
[3.308506] (isaac_ros_visual_slam_interfaces) StdoutLine: {'line': b'[ 43%] \x1b[32mBuilding CXX object CMakeFiles/isaac_ros_visual_slam_interfaces__rosidl_typesupport_fastrtps_cpp.dir/rosidl_typesupport_fastrtps_cpp/isaac_ros_visual_slam_interfaces/action/detail/dds_fastrtps/load_map_and_localize__type_support.cpp.o\x1b[0m\n'}
[3.309321] (isaac_ros_visual_slam_interfaces) StdoutLine: {'line': b'[ 45%] \x1b[32mBuilding CXX object CMakeFiles/isaac_ros_visual_slam_interfaces__rosidl_typesupport_fastrtps_cpp.dir/rosidl_typesupport_fastrtps_cpp/isaac_ros_visual_slam_interfaces/srv/detail/dds_fastrtps/set_slam_pose__type_support.cpp.o\x1b[0m\n'}
[3.344417] (isaac_ros_visual_slam_interfaces) StdoutLine: {'line': b'[ 46%] \x1b[32mBuilding CXX object CMakeFiles/isaac_ros_visual_slam_interfaces__rosidl_typesupport_fastrtps_cpp.dir/rosidl_typesupport_fastrtps_cpp/isaac_ros_visual_slam_interfaces/action/detail/dds_fastrtps/save_map__type_support.cpp.o\x1b[0m\n'}
[3.405609] (-) TimerEvent: {}
[3.505903] (-) TimerEvent: {}
[3.587308] (isaac_ros_visual_slam_interfaces) StdoutLine: {'line': b'[ 47%] \x1b[32mBuilding CXX object CMakeFiles/isaac_ros_visual_slam_interfaces__rosidl_typesupport_c.dir/rosidl_typesupport_c/isaac_ros_visual_slam_interfaces/msg/visual_slam_status__type_support.cpp.o\x1b[0m\n'}
[3.587748] (isaac_ros_visual_slam_interfaces) StdoutLine: {'line': b'[ 49%] \x1b[32mBuilding CXX object CMakeFiles/isaac_ros_visual_slam_interfaces__rosidl_typesupport_c.dir/rosidl_typesupport_c/isaac_ros_visual_slam_interfaces/srv/get_all_poses__type_support.cpp.o\x1b[0m\n'}
[3.588193] (isaac_ros_visual_slam_interfaces) StdoutLine: {'line': b'[ 52%] \x1b[32mBuilding CXX object CMakeFiles/isaac_ros_visual_slam_interfaces__rosidl_typesupport_c.dir/rosidl_typesupport_c/isaac_ros_visual_slam_interfaces/srv/set_slam_pose__type_support.cpp.o\x1b[0m\n'}
[3.588360] (isaac_ros_visual_slam_interfaces) StdoutLine: {'line': b'[ 52%] \x1b[32mBuilding CXX object CMakeFiles/isaac_ros_visual_slam_interfaces__rosidl_typesupport_c.dir/rosidl_typesupport_c/isaac_ros_visual_slam_interfaces/action/load_map_and_localize__type_support.cpp.o\x1b[0m\n'}
[3.588426] (isaac_ros_visual_slam_interfaces) StdoutLine: {'line': b'[ 53%] \x1b[32mBuilding CXX object CMakeFiles/isaac_ros_visual_slam_interfaces__rosidl_typesupport_c.dir/rosidl_typesupport_c/isaac_ros_visual_slam_interfaces/action/save_map__type_support.cpp.o\x1b[0m\n'}
[3.589804] (isaac_ros_visual_slam_interfaces) StdoutLine: {'line': b'[ 54%] \x1b[32mBuilding CXX object CMakeFiles/isaac_ros_visual_slam_interfaces__rosidl_typesupport_c.dir/rosidl_typesupport_c/isaac_ros_visual_slam_interfaces/srv/reset__type_support.cpp.o\x1b[0m\n'}
[3.606000] (-) TimerEvent: {}
[3.647825] (isaac_ros_visual_slam_interfaces) StdoutLine: {'line': b'[ 56%] \x1b[32m\x1b[1mLinking CXX shared library libisaac_ros_visual_slam_interfaces__rosidl_typesupport_cpp.so\x1b[0m\n'}
[3.652042] (isaac_ros_visual_slam_interfaces) StdoutLine: {'line': b'[ 57%] \x1b[32m\x1b[1mLinking CXX shared library libisaac_ros_visual_slam_interfaces__rosidl_typesupport_c.so\x1b[0m\n'}
[3.679793] (isaac_ros_visual_slam_interfaces) StdoutLine: {'line': b'[ 57%] Built target isaac_ros_visual_slam_interfaces__rosidl_typesupport_cpp\n'}
[3.693406] (isaac_ros_visual_slam_interfaces) StdoutLine: {'line': b'[ 57%] Built target isaac_ros_visual_slam_interfaces__rosidl_typesupport_c\n'}
[3.706086] (-) TimerEvent: {}
[3.751493] (isaac_ros_visual_slam_interfaces) StdoutLine: {'line': b'[ 60%] \x1b[32mBuilding C object CMakeFiles/isaac_ros_visual_slam_interfaces__rosidl_typesupport_introspection_c.dir/rosidl_typesupport_introspection_c/isaac_ros_visual_slam_interfaces/srv/detail/reset__type_support.c.o\x1b[0m\n'}
[3.751787] (isaac_ros_visual_slam_interfaces) StdoutLine: {'line': b'[ 60%] \x1b[32mBuilding C object CMakeFiles/isaac_ros_visual_slam_interfaces__rosidl_typesupport_introspection_c.dir/rosidl_typesupport_introspection_c/isaac_ros_visual_slam_interfaces/msg/detail/visual_slam_status__type_support.c.o\x1b[0m\n'}
[3.751909] (isaac_ros_visual_slam_interfaces) StdoutLine: {'line': b'[ 61%] \x1b[32mBuilding C object CMakeFiles/isaac_ros_visual_slam_interfaces__rosidl_typesupport_introspection_c.dir/rosidl_typesupport_introspection_c/isaac_ros_visual_slam_interfaces/srv/detail/get_all_poses__type_support.c.o\x1b[0m\n'}
[3.752088] (isaac_ros_visual_slam_interfaces) StdoutLine: {'line': b'[ 64%] \x1b[32mBuilding C object CMakeFiles/isaac_ros_visual_slam_interfaces__rosidl_typesupport_introspection_c.dir/rosidl_typesupport_introspection_c/isaac_ros_visual_slam_interfaces/action/detail/save_map__type_support.c.o\x1b[0m\n'}
[3.752199] (isaac_ros_visual_slam_interfaces) StdoutLine: {'line': b'[ 64%] \x1b[32mBuilding C object CMakeFiles/isaac_ros_visual_slam_interfaces__rosidl_typesupport_introspection_c.dir/rosidl_typesupport_introspection_c/isaac_ros_visual_slam_interfaces/action/detail/load_map_and_localize__type_support.c.o\x1b[0m\n'}
[3.752317] (isaac_ros_visual_slam_interfaces) StdoutLine: {'line': b'[ 66%] \x1b[32mBuilding C object CMakeFiles/isaac_ros_visual_slam_interfaces__rosidl_typesupport_introspection_c.dir/rosidl_typesupport_introspection_c/isaac_ros_visual_slam_interfaces/srv/detail/set_slam_pose__type_support.c.o\x1b[0m\n'}
[3.790684] (isaac_ros_visual_slam_interfaces) StdoutLine: {'line': b'[ 69%] \x1b[32mBuilding CXX object CMakeFiles/isaac_ros_visual_slam_interfaces__rosidl_typesupport_fastrtps_c.dir/rosidl_typesupport_fastrtps_c/isaac_ros_visual_slam_interfaces/srv/detail/reset__type_support_c.cpp.o\x1b[0m\n'}
[3.790909] (isaac_ros_visual_slam_interfaces) StdoutLine: {'line': b'[ 69%] \x1b[32mBuilding CXX object CMakeFiles/isaac_ros_visual_slam_interfaces__rosidl_typesupport_fastrtps_c.dir/rosidl_typesupport_fastrtps_c/isaac_ros_visual_slam_interfaces/action/detail/load_map_and_localize__type_support_c.cpp.o\x1b[0m\n'}
[3.790956] (isaac_ros_visual_slam_interfaces) StdoutLine: {'line': b'[ 70%] \x1b[32mBuilding CXX object CMakeFiles/isaac_ros_visual_slam_interfaces__rosidl_typesupport_fastrtps_c.dir/rosidl_typesupport_fastrtps_c/isaac_ros_visual_slam_interfaces/srv/detail/set_slam_pose__type_support_c.cpp.o\x1b[0m\n'}
[3.791029] (isaac_ros_visual_slam_interfaces) StdoutLine: {'line': b'[ 71%] \x1b[32mBuilding CXX object CMakeFiles/isaac_ros_visual_slam_interfaces__rosidl_typesupport_fastrtps_c.dir/rosidl_typesupport_fastrtps_c/isaac_ros_visual_slam_interfaces/msg/detail/visual_slam_status__type_support_c.cpp.o\x1b[0m\n'}
[3.791865] (isaac_ros_visual_slam_interfaces) StdoutLine: {'line': b'[ 73%] \x1b[32mBuilding CXX object CMakeFiles/isaac_ros_visual_slam_interfaces__rosidl_typesupport_fastrtps_c.dir/rosidl_typesupport_fastrtps_c/isaac_ros_visual_slam_interfaces/action/detail/save_map__type_support_c.cpp.o\x1b[0m\n'}
[3.792038] (isaac_ros_visual_slam_interfaces) StdoutLine: {'line': b'[ 74%] \x1b[32mBuilding CXX object CMakeFiles/isaac_ros_visual_slam_interfaces__rosidl_typesupport_fastrtps_c.dir/rosidl_typesupport_fastrtps_c/isaac_ros_visual_slam_interfaces/srv/detail/get_all_poses__type_support_c.cpp.o\x1b[0m\n'}
[3.806178] (-) TimerEvent: {}
[3.808785] (isaac_ros_visual_slam_interfaces) StdoutLine: {'line': b'[ 76%] \x1b[32m\x1b[1mLinking C shared library libisaac_ros_visual_slam_interfaces__rosidl_typesupport_introspection_c.so\x1b[0m\n'}
[3.817397] (isaac_ros_visual_slam_interfaces) StdoutLine: {'line': b'[ 77%] \x1b[32m\x1b[1mLinking CXX shared library libisaac_ros_visual_slam_interfaces__rosidl_typesupport_introspection_cpp.so\x1b[0m\n'}
[3.827011] (isaac_ros_visual_slam_interfaces) StdoutLine: {'line': b'[ 77%] Built target isaac_ros_visual_slam_interfaces__rosidl_typesupport_introspection_c\n'}
[3.865600] (isaac_ros_visual_slam_interfaces) StdoutLine: {'line': b'[ 77%] Built target isaac_ros_visual_slam_interfaces__rosidl_typesupport_introspection_cpp\n'}
[3.906262] (-) TimerEvent: {}
[3.969477] (isaac_ros_visual_slam_interfaces) StdoutLine: {'line': b'[ 78%] \x1b[32m\x1b[1mLinking CXX shared library libisaac_ros_visual_slam_interfaces__rosidl_typesupport_fastrtps_cpp.so\x1b[0m\n'}
[4.006357] (-) TimerEvent: {}
[4.018236] (isaac_ros_visual_slam_interfaces) StdoutLine: {'line': b'[ 78%] Built target isaac_ros_visual_slam_interfaces__rosidl_typesupport_fastrtps_cpp\n'}
[4.106446] (-) TimerEvent: {}
[4.123086] (isaac_ros_visual_slam_interfaces) StdoutLine: {'line': b'[ 80%] \x1b[32m\x1b[1mLinking CXX shared library libisaac_ros_visual_slam_interfaces__rosidl_typesupport_fastrtps_c.so\x1b[0m\n'}
[4.166608] (isaac_ros_visual_slam_interfaces) StdoutLine: {'line': b'[ 80%] Built target isaac_ros_visual_slam_interfaces__rosidl_typesupport_fastrtps_c\n'}
[4.178315] (isaac_ros_visual_slam_interfaces) StdoutLine: {'line': b'[ 80%] Built target isaac_ros_visual_slam_interfaces\n'}
[4.191019] (isaac_ros_visual_slam_interfaces) StdoutLine: {'line': b'[ 81%] \x1b[34m\x1b[1mGenerating Python code for ROS interfaces\x1b[0m\n'}
[4.206520] (-) TimerEvent: {}
[4.306732] (-) TimerEvent: {}
[4.406946] (-) TimerEvent: {}
[4.507160] (-) TimerEvent: {}
[4.607389] (-) TimerEvent: {}
[4.707577] (-) TimerEvent: {}
[4.807798] (-) TimerEvent: {}
[4.908006] (-) TimerEvent: {}
[5.008226] (-) TimerEvent: {}
[5.108464] (-) TimerEvent: {}
[5.150820] (isaac_ros_visual_slam_interfaces) StdoutLine: {'line': b'[ 81%] Built target isaac_ros_visual_slam_interfaces__py\n'}
[5.160991] (isaac_ros_visual_slam_interfaces) StdoutLine: {'line': b'[ 83%] \x1b[32mBuilding C object CMakeFiles/isaac_ros_visual_slam_interfaces__rosidl_generator_py.dir/rosidl_generator_py/isaac_ros_visual_slam_interfaces/msg/_visual_slam_status_s.c.o\x1b[0m\n'}
[5.161164] (isaac_ros_visual_slam_interfaces) StdoutLine: {'line': b'[ 84%] \x1b[32mBuilding C object CMakeFiles/isaac_ros_visual_slam_interfaces__rosidl_generator_py.dir/rosidl_generator_py/isaac_ros_visual_slam_interfaces/srv/_reset_s.c.o\x1b[0m\n'}
[5.161246] (isaac_ros_visual_slam_interfaces) StdoutLine: {'line': b'[ 85%] \x1b[32mBuilding C object CMakeFiles/isaac_ros_visual_slam_interfaces__rosidl_generator_py.dir/rosidl_generator_py/isaac_ros_visual_slam_interfaces/action/_load_map_and_localize_s.c.o\x1b[0m\n'}
[5.161412] (isaac_ros_visual_slam_interfaces) StdoutLine: {'line': b'[ 87%] \x1b[32mBuilding C object CMakeFiles/isaac_ros_visual_slam_interfaces__rosidl_generator_py.dir/rosidl_generator_py/isaac_ros_visual_slam_interfaces/action/_save_map_s.c.o\x1b[0m\n'}
[5.161826] (isaac_ros_visual_slam_interfaces) StdoutLine: {'line': b'[ 88%] \x1b[32mBuilding C object CMakeFiles/isaac_ros_visual_slam_interfaces__rosidl_generator_py.dir/rosidl_generator_py/isaac_ros_visual_slam_interfaces/srv/_set_slam_pose_s.c.o\x1b[0m\n'}
[5.162036] (isaac_ros_visual_slam_interfaces) StdoutLine: {'line': b'[ 90%] \x1b[32mBuilding C object CMakeFiles/isaac_ros_visual_slam_interfaces__rosidl_generator_py.dir/rosidl_generator_py/isaac_ros_visual_slam_interfaces/srv/_get_all_poses_s.c.o\x1b[0m\n'}
[5.208558] (-) TimerEvent: {}
[5.308829] (-) TimerEvent: {}
[5.316843] (isaac_ros_visual_slam_interfaces) StdoutLine: {'line': b'[ 91%] \x1b[32m\x1b[1mLinking C shared library rosidl_generator_py/isaac_ros_visual_slam_interfaces/libisaac_ros_visual_slam_interfaces__rosidl_generator_py.so\x1b[0m\n'}
[5.346142] (isaac_ros_visual_slam_interfaces) StdoutLine: {'line': b'[ 91%] Built target isaac_ros_visual_slam_interfaces__rosidl_generator_py\n'}
[5.354850] (isaac_ros_visual_slam_interfaces) StdoutLine: {'line': b'[ 92%] \x1b[32mBuilding C object CMakeFiles/isaac_ros_visual_slam_interfaces__rosidl_typesupport_fastrtps_c__pyext.dir/rosidl_generator_py/isaac_ros_visual_slam_interfaces/_isaac_ros_visual_slam_interfaces_s.ep.rosidl_typesupport_fastrtps_c.c.o\x1b[0m\n'}
[5.356779] (isaac_ros_visual_slam_interfaces) StdoutLine: {'line': b'[ 94%] \x1b[32mBuilding C object CMakeFiles/isaac_ros_visual_slam_interfaces__rosidl_typesupport_c__pyext.dir/rosidl_generator_py/isaac_ros_visual_slam_interfaces/_isaac_ros_visual_slam_interfaces_s.ep.rosidl_typesupport_c.c.o\x1b[0m\n'}
[5.356926] (isaac_ros_visual_slam_interfaces) StdoutLine: {'line': b'[ 95%] \x1b[32mBuilding C object CMakeFiles/isaac_ros_visual_slam_interfaces__rosidl_typesupport_introspection_c__pyext.dir/rosidl_generator_py/isaac_ros_visual_slam_interfaces/_isaac_ros_visual_slam_interfaces_s.ep.rosidl_typesupport_introspection_c.c.o\x1b[0m\n'}
[5.408933] (-) TimerEvent: {}
[5.509289] (-) TimerEvent: {}
[5.579606] (isaac_ros_visual_slam_interfaces) StdoutLine: {'line': b'[ 97%] \x1b[32m\x1b[1mLinking C shared library rosidl_generator_py/isaac_ros_visual_slam_interfaces/isaac_ros_visual_slam_interfaces_s__rosidl_typesupport_introspection_c.cpython-38-x86_64-linux-gnu.so\x1b[0m\n'}
[5.579756] (isaac_ros_visual_slam_interfaces) StdoutLine: {'line': b'[ 98%] \x1b[32m\x1b[1mLinking C shared library rosidl_generator_py/isaac_ros_visual_slam_interfaces/isaac_ros_visual_slam_interfaces_s__rosidl_typesupport_fastrtps_c.cpython-38-x86_64-linux-gnu.so\x1b[0m\n'}
[5.581198] (isaac_ros_visual_slam_interfaces) StdoutLine: {'line': b'[100%] \x1b[32m\x1b[1mLinking C shared library rosidl_generator_py/isaac_ros_visual_slam_interfaces/isaac_ros_visual_slam_interfaces_s__rosidl_typesupport_c.cpython-38-x86_64-linux-gnu.so\x1b[0m\n'}
[5.604948] (isaac_ros_visual_slam_interfaces) StdoutLine: {'line': b'[100%] Built target isaac_ros_visual_slam_interfaces__rosidl_typesupport_introspection_c__pyext\n'}
[5.605071] (isaac_ros_visual_slam_interfaces) StdoutLine: {'line': b'[100%] Built target isaac_ros_visual_slam_interfaces__rosidl_typesupport_fastrtps_c__pyext\n'}
[5.606877] (isaac_ros_visual_slam_interfaces) StdoutLine: {'line': b'[100%] Built target isaac_ros_visual_slam_interfaces__rosidl_typesupport_c__pyext\n'}
[5.609286] (-) TimerEvent: {}
[5.611436] (isaac_ros_visual_slam_interfaces) CommandEnded: {'returncode': 0}
[5.709413] (-) TimerEvent: {}
[5.809784] (-) TimerEvent: {}
[5.871807] (isaac_ros_visual_slam_interfaces) JobProgress: {'identifier': 'isaac_ros_visual_slam_interfaces', 'progress': 'install'}
[5.876668] (isaac_ros_visual_slam_interfaces) Command: {'cmd': ['/usr/bin/cmake', '--install', '/workspaces/isaac_ros-dev/build/isaac_ros_visual_slam_interfaces'], 'cwd': '/workspaces/isaac_ros-dev/build/isaac_ros_visual_slam_interfaces', 'env': OrderedDict([('DALI_BUILD', '5838886'), ('LIBRARY_PATH', '/usr/local/cuda/lib64/stubs:'), ('NVIDIA_CTK_LIBCUDA_DIR', '/usr/lib/x86_64-linux-gnu'), ('PYTHONWARNINGS', 'ignore:::setuptools.command.install,ignore:::setuptools.command.easy_install,ignore:::pkg_resources'), ('USER', 'quanser'), ('TF_ADJUST_SATURATION_FUSED', '1'), ('CUSOLVER_VERSION', '11.4.1.48'), ('HOSTNAME', 'quanser-ground-station-1'), ('CUTENSOR_VERSION', '1.6.1.5'), ('SHLVL', '2'), ('LD_LIBRARY_PATH', '/workspaces/isaac_ros-dev/install/qcar2_interfaces/lib:/workspace/cartographer_ws/install/pcl_ros/lib:/workspace/cartographer_ws/install/cartographer_rviz/lib:/workspace/cartographer_ws/install/cartographer_ros/lib:/workspace/cartographer_ws/install/pcl_msgs/lib:/workspace/cartographer_ws/install/isaac_ros_tensor_list_interfaces/lib:/workspace/cartographer_ws/install/isaac_ros_pointcloud_interfaces/lib:/workspace/cartographer_ws/install/isaac_ros_nova_interfaces/lib:/workspace/cartographer_ws/install/isaac_ros_nitros_bridge_interfaces/lib:/workspace/cartographer_ws/install/isaac_ros_common/lib:/workspace/cartographer_ws/install/isaac_ros_bi3d_interfaces/lib:/workspace/cartographer_ws/install/isaac_ros_apriltag_interfaces/lib:/workspace/cartographer_ws/install/control_msgs/lib:/workspace/cartographer_ws/install/cartographer_ros_msgs/lib:/opt/ros/humble/opt/rviz_ogre_vendor/lib:/opt/ros/humble/lib/x86_64-linux-gnu:/opt/ros/humble/lib:/opt/tritonserver/backends/onnxruntime:/usr/local/cuda/compat/lib:/usr/local/nvidia/lib:/usr/local/nvidia/lib64:/opt/tritonserver/lib'), ('HOME', '/home/admin'), ('NVIDIA_TRITON_SERVER_VERSION', '22.09'), ('OLDPWD', '/workspaces/isaac_ros-dev/ros2/src'), ('CUDA_CACHE_DISABLE', '1'), ('ROS_PYTHON_VERSION', '3'), ('USER_UID', '1000'), ('ENV', '/etc/shinit_v2'), ('RDMACORE_VERSION', '36.0'), ('NVJPEG_VERSION', '11.9.0.86'), ('NVIDIA_BUILD_ID', '44909143'), ('CUDA_VERSION', '11.8.0.062'), ('CUBLAS_VERSION', '11.11.3.6'), ('NSIGHT_SYSTEMS_VERSION', '2022.3.1.43'), ('COLCON_PREFIX_PATH', '/workspaces/isaac_ros-dev/install:/workspace/cartographer_ws/install'), ('ROS_DISTRO', 'humble'), ('OPAL_PREFIX', '/opt/hpcx/ompi'), ('NVIDIA_REQUIRE_CUDA', 'cuda>=9.0'), ('TRT_VERSION', '8.5.0.12'), ('GDRCOPY_VERSION', '2.3'), ('_', '/usr/bin/colcon'), ('ROS_VERSION', '2'), ('PKG_CONFIG_PATH', '/workspace/cartographer_ws/install/cartographer/lib/x86_64-linux-gnu/pkgconfig:/workspace/cartographer_ws/install/cartographer/lib/pkgconfig'), ('NVIDIA_DRIVER_CAPABILITIES', 'all'), ('POLYGRAPHY_VERSION', '0.38.0'), ('CURAND_VERSION', '10.3.0.86'), ('MOFED_VERSION', '5.4-rdmacore36.0'), ('USERNAME', 'admin'), ('TERM', 'xterm'), ('ROS_LOCALHOST_ONLY', '0'), ('PATH', '/workspace/cartographer_ws/install/cartographer/bin:/opt/ros/humble/bin:/opt/tritonserver/bin:/usr/local/mpi/bin:/usr/local/nvidia/bin:/usr/local/cuda/bin:/usr/local/sbin:/usr/local/bin:/usr/sbin:/usr/bin:/sbin:/bin:/usr/local/ucx/bin:/opt/nvidia/tao'), ('FASTRTPS_DEFAULT_PROFILES_FILE', '/usr/local/share/middleware_profiles/rtps_udp_profile.xml'), ('CUDA_DRIVER_VERSION', '520.61.03'), ('_CUDA_COMPAT_STATUS', 'System has unsupported display driver / cuda driver combination (CUDA_ERROR_SYSTEM_DRIVER_MISMATCH) cuInit()=803'), ('DISPLAY', ':1'), ('NVIDIA_PRODUCT_NAME', 'Triton Server'), ('LANG', 'en_US.UTF-8'), ('RMW_IMPLEMENTATION', 'rmw_fastrtps_cpp'), ('NPP_VERSION', '11.8.0.86'), ('ROS_ROOT', '/opt/ros/humble'), ('CUFFT_VERSION', '10.9.0.58'), ('TF_ENABLE_WINOGRAD_NONFUSED', '1'), ('AMENT_PREFIX_PATH', '/workspaces/isaac_ros-dev/install/qcar2_nodes:/workspaces/isaac_ros-dev/install/qcar2_autonomy:/workspaces/isaac_ros-dev/install/qcar2_interfaces:/workspace/cartographer_ws/install/perception_pcl:/workspace/cartographer_ws/install/pcl_ros:/workspace/cartographer_ws/install/cartographer_rviz:/workspace/cartographer_ws/install/cartographer_ros:/workspace/cartographer_ws/install/pcl_conversions:/workspace/cartographer_ws/install/pcl_msgs:/workspace/cartographer_ws/install/isaac_ros_test:/workspace/cartographer_ws/install/isaac_ros_tensor_list_interfaces:/workspace/cartographer_ws/install/isaac_ros_pointcloud_interfaces:/workspace/cartographer_ws/install/isaac_ros_nova_interfaces:/workspace/cartographer_ws/install/isaac_ros_nitros_bridge_interfaces:/workspace/cartographer_ws/install/isaac_ros_common:/workspace/cartographer_ws/install/isaac_ros_bi3d_interfaces:/workspace/cartographer_ws/install/isaac_ros_apriltag_interfaces:/workspace/cartographer_ws/install/control_msgs:/workspace/cartographer_ws/install/cartographer_ros_msgs:/opt/ros/humble'), ('CUDNN_VERSION', '8.6.0.163'), ('NSIGHT_COMPUTE_VERSION', '2022.3.0.22'), ('DALI_VERSION', '1.17.0'), ('DEBIAN_FRONTEND', 'noninteractive'), ('SHELL', '/bin/bash'), ('DCGM_VERSION', '2.2.9'), ('OPENMPI_VERSION', '4.1.4'), ('TRTOSS_VERSION', ''), ('OMPI_MCA_coll_hcoll_enable', '0'), ('CUSPARSE_VERSION', '11.7.5.86'), ('TRITON_SERVER_GPU_ENABLED', '1'), ('TRITON_SERVER_VERSION', '2.26.0'), ('BASH_ENV', '/etc/bash.bashrc'), ('PWD', '/workspaces/isaac_ros-dev/build/isaac_ros_visual_slam_interfaces'), ('PYTHONPATH', '/workspaces/isaac_ros-dev/install/qcar2_autonomy/lib/python3.8/site-packages:/workspaces/isaac_ros-dev/install/qcar2_interfaces/lib/python3.8/site-packages:/workspace/cartographer_ws/install/pcl_msgs/lib/python3.8/site-packages:/workspace/cartographer_ws/build/isaac_ros_test:/workspace/cartographer_ws/install/isaac_ros_test/lib/python3.8/site-packages:/workspace/cartographer_ws/install/isaac_ros_tensor_list_interfaces/lib/python3.8/site-packages:/workspace/cartographer_ws/install/isaac_ros_pointcloud_interfaces/lib/python3.8/site-packages:/workspace/cartographer_ws/install/isaac_ros_nova_interfaces/lib/python3.8/site-packages:/workspace/cartographer_ws/install/isaac_ros_nitros_bridge_interfaces/lib/python3.8/site-packages:/workspace/cartographer_ws/install/isaac_ros_bi3d_interfaces/lib/python3.8/site-packages:/workspace/cartographer_ws/install/isaac_ros_apriltag_interfaces/lib/python3.8/site-packages:/workspace/cartographer_ws/install/control_msgs/lib/python3.8/site-packages:/workspace/cartographer_ws/install/cartographer_ros_msgs/lib/python3.8/site-packages:/opt/ros/humble/lib/python3.8/site-packages:/home/Quanser/0_libraries/python'), ('_CUDA_COMPAT_PATH', '/usr/local/cuda/compat'), ('TRITON_SERVER_USER', 'triton-server'), ('TF_ADJUST_HUE_FUSED', '1'), ('NVIDIA_VISIBLE_DEVICES', 'void'), ('NCCL_VERSION', '2.15.1'), ('USER_GID', '1000'), ('COLCON', '1'), ('OPENUCX_VERSION', '1.14.0'), ('HPCX_VERSION', '2.12.1a0'), ('SHARP_COLL_ENABLE_CUDA', '0'), ('CMAKE_PREFIX_PATH', '/workspaces/isaac_ros-dev/install/qcar2_nodes:/workspaces/isaac_ros-dev/install/qcar2_interfaces:/workspace/cartographer_ws/install/perception_pcl:/workspace/cartographer_ws/install/pcl_ros:/workspace/cartographer_ws/install/cartographer_rviz:/workspace/cartographer_ws/install/cartographer_ros:/workspace/cartographer_ws/install/pcl_conversions:/workspace/cartographer_ws/install/pcl_msgs:/workspace/cartographer_ws/install/isaac_ros_tensor_list_interfaces:/workspace/cartographer_ws/install/isaac_ros_pointcloud_interfaces:/workspace/cartographer_ws/install/isaac_ros_nova_interfaces:/workspace/cartographer_ws/install/isaac_ros_nitros_bridge_interfaces:/workspace/cartographer_ws/install/isaac_ros_common:/workspace/cartographer_ws/install/isaac_ros_bi3d_interfaces:/workspace/cartographer_ws/install/isaac_ros_apriltag_interfaces:/workspace/cartographer_ws/install/control_msgs:/workspace/cartographer_ws/install/cartographer_ros_msgs:/workspace/cartographer_ws/install/cartographer:/workspace/cartographer_ws/install/absl:/workspaces/isaac_ros-dev/install/qcar2_autonomy:/workspace/cartographer_ws/install/isaac_ros_test:/opt/ros/humble'), ('TF_AUTOTUNE_THRESHOLD', '2')]), 'shell': False}
[5.881052] (isaac_ros_visual_slam_interfaces) StdoutLine: {'line': b'-- Install configuration: "Release"\n'}
[5.881441] (isaac_ros_visual_slam_interfaces) StdoutLine: {'line': b'-- Execute custom install script\n'}
[5.881565] (isaac_ros_visual_slam_interfaces) StdoutLine: {'line': b'-- Symlinking: /workspaces/isaac_ros-dev/install/isaac_ros_visual_slam_interfaces/share/ament_index/resource_index/rosidl_interfaces/isaac_ros_visual_slam_interfaces\n'}
[5.885249] (isaac_ros_visual_slam_interfaces) StdoutLine: {'line': b'-- Symlinking: /workspaces/isaac_ros-dev/install/isaac_ros_visual_slam_interfaces/include/isaac_ros_visual_slam_interfaces/isaac_ros_visual_slam_interfaces/action/detail/load_map_and_localize__functions.h\n'}
[5.888464] (isaac_ros_visual_slam_interfaces) StdoutLine: {'line': b'-- Symlinking: /workspaces/isaac_ros-dev/install/isaac_ros_visual_slam_interfaces/include/isaac_ros_visual_slam_interfaces/isaac_ros_visual_slam_interfaces/action/detail/load_map_and_localize__struct.h\n'}
[5.890923] (isaac_ros_visual_slam_interfaces) StdoutLine: {'line': b'-- Symlinking: /workspaces/isaac_ros-dev/install/isaac_ros_visual_slam_interfaces/include/isaac_ros_visual_slam_interfaces/isaac_ros_visual_slam_interfaces/action/detail/load_map_and_localize__type_support.h\n'}
[5.893170] (isaac_ros_visual_slam_interfaces) StdoutLine: {'line': b'-- Symlinking: /workspaces/isaac_ros-dev/install/isaac_ros_visual_slam_interfaces/include/isaac_ros_visual_slam_interfaces/isaac_ros_visual_slam_interfaces/action/detail/save_map__functions.h\n'}
[5.895309] (isaac_ros_visual_slam_interfaces) StdoutLine: {'line': b'-- Symlinking: /workspaces/isaac_ros-dev/install/isaac_ros_visual_slam_interfaces/include/isaac_ros_visual_slam_interfaces/isaac_ros_visual_slam_interfaces/action/detail/save_map__struct.h\n'}
[5.898520] (isaac_ros_visual_slam_interfaces) StdoutLine: {'line': b'-- Symlinking: /workspaces/isaac_ros-dev/install/isaac_ros_visual_slam_interfaces/include/isaac_ros_visual_slam_interfaces/isaac_ros_visual_slam_interfaces/action/detail/save_map__type_support.h\n'}
[5.901024] (isaac_ros_visual_slam_interfaces) StdoutLine: {'line': b'-- Symlinking: /workspaces/isaac_ros-dev/install/isaac_ros_visual_slam_interfaces/include/isaac_ros_visual_slam_interfaces/isaac_ros_visual_slam_interfaces/action/load_map_and_localize.h\n'}
[5.904132] (isaac_ros_visual_slam_interfaces) StdoutLine: {'line': b'-- Symlinking: /workspaces/isaac_ros-dev/install/isaac_ros_visual_slam_interfaces/include/isaac_ros_visual_slam_interfaces/isaac_ros_visual_slam_interfaces/action/save_map.h\n'}
[5.906210] (isaac_ros_visual_slam_interfaces) StdoutLine: {'line': b'-- Symlinking: /workspaces/isaac_ros-dev/install/isaac_ros_visual_slam_interfaces/include/isaac_ros_visual_slam_interfaces/isaac_ros_visual_slam_interfaces/msg/detail/visual_slam_status__functions.h\n'}
[5.908765] (isaac_ros_visual_slam_interfaces) StdoutLine: {'line': b'-- Symlinking: /workspaces/isaac_ros-dev/install/isaac_ros_visual_slam_interfaces/include/isaac_ros_visual_slam_interfaces/isaac_ros_visual_slam_interfaces/msg/detail/visual_slam_status__struct.h\n'}
[5.909837] (-) TimerEvent: {}
[5.911833] (isaac_ros_visual_slam_interfaces) StdoutLine: {'line': b'-- Symlinking: /workspaces/isaac_ros-dev/install/isaac_ros_visual_slam_interfaces/include/isaac_ros_visual_slam_interfaces/isaac_ros_visual_slam_interfaces/msg/detail/visual_slam_status__type_support.h\n'}
[5.914282] (isaac_ros_visual_slam_interfaces) StdoutLine: {'line': b'-- Symlinking: /workspaces/isaac_ros-dev/install/isaac_ros_visual_slam_interfaces/include/isaac_ros_visual_slam_interfaces/isaac_ros_visual_slam_interfaces/msg/rosidl_generator_c__visibility_control.h\n'}
[5.917630] (isaac_ros_visual_slam_interfaces) StdoutLine: {'line': b'-- Symlinking: /workspaces/isaac_ros-dev/install/isaac_ros_visual_slam_interfaces/include/isaac_ros_visual_slam_interfaces/isaac_ros_visual_slam_interfaces/msg/visual_slam_status.h\n'}
[5.920030] (isaac_ros_visual_slam_interfaces) StdoutLine: {'line': b'-- Symlinking: /workspaces/isaac_ros-dev/install/isaac_ros_visual_slam_interfaces/include/isaac_ros_visual_slam_interfaces/isaac_ros_visual_slam_interfaces/srv/detail/get_all_poses__functions.h\n'}
[5.923388] (isaac_ros_visual_slam_interfaces) StdoutLine: {'line': b'-- Symlinking: /workspaces/isaac_ros-dev/install/isaac_ros_visual_slam_interfaces/include/isaac_ros_visual_slam_interfaces/isaac_ros_visual_slam_interfaces/srv/detail/get_all_poses__struct.h\n'}
[5.926700] (isaac_ros_visual_slam_interfaces) StdoutLine: {'line': b'-- Symlinking: /workspaces/isaac_ros-dev/install/isaac_ros_visual_slam_interfaces/include/isaac_ros_visual_slam_interfaces/isaac_ros_visual_slam_interfaces/srv/detail/get_all_poses__type_support.h\n'}
[5.928969] (isaac_ros_visual_slam_interfaces) StdoutLine: {'line': b'-- Symlinking: /workspaces/isaac_ros-dev/install/isaac_ros_visual_slam_interfaces/include/isaac_ros_visual_slam_interfaces/isaac_ros_visual_slam_interfaces/srv/detail/reset__functions.h\n'}
[5.932321] (isaac_ros_visual_slam_interfaces) StdoutLine: {'line': b'-- Symlinking: /workspaces/isaac_ros-dev/install/isaac_ros_visual_slam_interfaces/include/isaac_ros_visual_slam_interfaces/isaac_ros_visual_slam_interfaces/srv/detail/reset__struct.h\n'}
[5.935327] (isaac_ros_visual_slam_interfaces) StdoutLine: {'line': b'-- Symlinking: /workspaces/isaac_ros-dev/install/isaac_ros_visual_slam_interfaces/include/isaac_ros_visual_slam_interfaces/isaac_ros_visual_slam_interfaces/srv/detail/reset__type_support.h\n'}
[5.938634] (isaac_ros_visual_slam_interfaces) StdoutLine: {'line': b'-- Symlinking: /workspaces/isaac_ros-dev/install/isaac_ros_visual_slam_interfaces/include/isaac_ros_visual_slam_interfaces/isaac_ros_visual_slam_interfaces/srv/detail/set_slam_pose__functions.h\n'}
[5.941984] (isaac_ros_visual_slam_interfaces) StdoutLine: {'line': b'-- Symlinking: /workspaces/isaac_ros-dev/install/isaac_ros_visual_slam_interfaces/include/isaac_ros_visual_slam_interfaces/isaac_ros_visual_slam_interfaces/srv/detail/set_slam_pose__struct.h\n'}
[5.945497] (isaac_ros_visual_slam_interfaces) StdoutLine: {'line': b'-- Symlinking: /workspaces/isaac_ros-dev/install/isaac_ros_visual_slam_interfaces/include/isaac_ros_visual_slam_interfaces/isaac_ros_visual_slam_interfaces/srv/detail/set_slam_pose__type_support.h\n'}
[5.948475] (isaac_ros_visual_slam_interfaces) StdoutLine: {'line': b'-- Symlinking: /workspaces/isaac_ros-dev/install/isaac_ros_visual_slam_interfaces/include/isaac_ros_visual_slam_interfaces/isaac_ros_visual_slam_interfaces/srv/get_all_poses.h\n'}
[5.951888] (isaac_ros_visual_slam_interfaces) StdoutLine: {'line': b'-- Symlinking: /workspaces/isaac_ros-dev/install/isaac_ros_visual_slam_interfaces/include/isaac_ros_visual_slam_interfaces/isaac_ros_visual_slam_interfaces/srv/reset.h\n'}
[5.955164] (isaac_ros_visual_slam_interfaces) StdoutLine: {'line': b'-- Symlinking: /workspaces/isaac_ros-dev/install/isaac_ros_visual_slam_interfaces/include/isaac_ros_visual_slam_interfaces/isaac_ros_visual_slam_interfaces/srv/set_slam_pose.h\n'}
[5.958262] (isaac_ros_visual_slam_interfaces) StdoutLine: {'line': b'-- Symlinking: /workspaces/isaac_ros-dev/install/isaac_ros_visual_slam_interfaces/share/isaac_ros_visual_slam_interfaces/environment/library_path.sh\n'}
[5.960896] (isaac_ros_visual_slam_interfaces) StdoutLine: {'line': b'-- Symlinking: /workspaces/isaac_ros-dev/install/isaac_ros_visual_slam_interfaces/share/isaac_ros_visual_slam_interfaces/environment/library_path.dsv\n'}
[5.963346] (isaac_ros_visual_slam_interfaces) StdoutLine: {'line': b'-- Symlinking: /workspaces/isaac_ros-dev/install/isaac_ros_visual_slam_interfaces/include/isaac_ros_visual_slam_interfaces/isaac_ros_visual_slam_interfaces/action/detail/load_map_and_localize__rosidl_typesupport_fastrtps_c.h\n'}
[5.966272] (isaac_ros_visual_slam_interfaces) StdoutLine: {'line': b'-- Symlinking: /workspaces/isaac_ros-dev/install/isaac_ros_visual_slam_interfaces/include/isaac_ros_visual_slam_interfaces/isaac_ros_visual_slam_interfaces/action/detail/save_map__rosidl_typesupport_fastrtps_c.h\n'}
[5.968426] (isaac_ros_visual_slam_interfaces) StdoutLine: {'line': b'-- Symlinking: /workspaces/isaac_ros-dev/install/isaac_ros_visual_slam_interfaces/include/isaac_ros_visual_slam_interfaces/isaac_ros_visual_slam_interfaces/msg/detail/visual_slam_status__rosidl_typesupport_fastrtps_c.h\n'}
[5.970955] (isaac_ros_visual_slam_interfaces) StdoutLine: {'line': b'-- Symlinking: /workspaces/isaac_ros-dev/install/isaac_ros_visual_slam_interfaces/include/isaac_ros_visual_slam_interfaces/isaac_ros_visual_slam_interfaces/msg/rosidl_typesupport_fastrtps_c__visibility_control.h\n'}
[5.973642] (isaac_ros_visual_slam_interfaces) StdoutLine: {'line': b'-- Symlinking: /workspaces/isaac_ros-dev/install/isaac_ros_visual_slam_interfaces/include/isaac_ros_visual_slam_interfaces/isaac_ros_visual_slam_interfaces/srv/detail/get_all_poses__rosidl_typesupport_fastrtps_c.h\n'}
[5.976081] (isaac_ros_visual_slam_interfaces) StdoutLine: {'line': b'-- Symlinking: /workspaces/isaac_ros-dev/install/isaac_ros_visual_slam_interfaces/include/isaac_ros_visual_slam_interfaces/isaac_ros_visual_slam_interfaces/srv/detail/reset__rosidl_typesupport_fastrtps_c.h\n'}
[5.978343] (isaac_ros_visual_slam_interfaces) StdoutLine: {'line': b'-- Symlinking: /workspaces/isaac_ros-dev/install/isaac_ros_visual_slam_interfaces/include/isaac_ros_visual_slam_interfaces/isaac_ros_visual_slam_interfaces/srv/detail/set_slam_pose__rosidl_typesupport_fastrtps_c.h\n'}
[5.981147] (isaac_ros_visual_slam_interfaces) StdoutLine: {'line': b'-- Symlinking: /workspaces/isaac_ros-dev/install/isaac_ros_visual_slam_interfaces/include/isaac_ros_visual_slam_interfaces/isaac_ros_visual_slam_interfaces/action/detail/load_map_and_localize__rosidl_typesupport_introspection_c.h\n'}
[5.983758] (isaac_ros_visual_slam_interfaces) StdoutLine: {'line': b'-- Symlinking: /workspaces/isaac_ros-dev/install/isaac_ros_visual_slam_interfaces/include/isaac_ros_visual_slam_interfaces/isaac_ros_visual_slam_interfaces/action/detail/save_map__rosidl_typesupport_introspection_c.h\n'}
[5.985977] (isaac_ros_visual_slam_interfaces) StdoutLine: {'line': b'-- Symlinking: /workspaces/isaac_ros-dev/install/isaac_ros_visual_slam_interfaces/include/isaac_ros_visual_slam_interfaces/isaac_ros_visual_slam_interfaces/msg/detail/visual_slam_status__rosidl_typesupport_introspection_c.h\n'}
[5.988275] (isaac_ros_visual_slam_interfaces) StdoutLine: {'line': b'-- Symlinking: /workspaces/isaac_ros-dev/install/isaac_ros_visual_slam_interfaces/include/isaac_ros_visual_slam_interfaces/isaac_ros_visual_slam_interfaces/msg/rosidl_typesupport_introspection_c__visibility_control.h\n'}
[5.990311] (isaac_ros_visual_slam_interfaces) StdoutLine: {'line': b'-- Symlinking: /workspaces/isaac_ros-dev/install/isaac_ros_visual_slam_interfaces/include/isaac_ros_visual_slam_interfaces/isaac_ros_visual_slam_interfaces/srv/detail/get_all_poses__rosidl_typesupport_introspection_c.h\n'}
[5.992633] (isaac_ros_visual_slam_interfaces) StdoutLine: {'line': b'-- Symlinking: /workspaces/isaac_ros-dev/install/isaac_ros_visual_slam_interfaces/include/isaac_ros_visual_slam_interfaces/isaac_ros_visual_slam_interfaces/srv/detail/reset__rosidl_typesupport_introspection_c.h\n'}
[5.995411] (isaac_ros_visual_slam_interfaces) StdoutLine: {'line': b'-- Symlinking: /workspaces/isaac_ros-dev/install/isaac_ros_visual_slam_interfaces/include/isaac_ros_visual_slam_interfaces/isaac_ros_visual_slam_interfaces/srv/detail/set_slam_pose__rosidl_typesupport_introspection_c.h\n'}
[5.998889] (isaac_ros_visual_slam_interfaces) StdoutLine: {'line': b'-- Symlinking: /workspaces/isaac_ros-dev/install/isaac_ros_visual_slam_interfaces/include/isaac_ros_visual_slam_interfaces/isaac_ros_visual_slam_interfaces/action/detail/load_map_and_localize__builder.hpp\n'}
[6.002098] (isaac_ros_visual_slam_interfaces) StdoutLine: {'line': b'-- Symlinking: /workspaces/isaac_ros-dev/install/isaac_ros_visual_slam_interfaces/include/isaac_ros_visual_slam_interfaces/isaac_ros_visual_slam_interfaces/action/detail/load_map_and_localize__struct.hpp\n'}
[6.004251] (isaac_ros_visual_slam_interfaces) StdoutLine: {'line': b'-- Symlinking: /workspaces/isaac_ros-dev/install/isaac_ros_visual_slam_interfaces/include/isaac_ros_visual_slam_interfaces/isaac_ros_visual_slam_interfaces/action/detail/load_map_and_localize__traits.hpp\n'}
[6.007311] (isaac_ros_visual_slam_interfaces) StdoutLine: {'line': b'-- Symlinking: /workspaces/isaac_ros-dev/install/isaac_ros_visual_slam_interfaces/include/isaac_ros_visual_slam_interfaces/isaac_ros_visual_slam_interfaces/action/detail/save_map__builder.hpp\n'}
[6.009921] (-) TimerEvent: {}
[6.010277] (isaac_ros_visual_slam_interfaces) StdoutLine: {'line': b'-- Symlinking: /workspaces/isaac_ros-dev/install/isaac_ros_visual_slam_interfaces/include/isaac_ros_visual_slam_interfaces/isaac_ros_visual_slam_interfaces/action/detail/save_map__struct.hpp\n'}
[6.013383] (isaac_ros_visual_slam_interfaces) StdoutLine: {'line': b'-- Symlinking: /workspaces/isaac_ros-dev/install/isaac_ros_visual_slam_interfaces/include/isaac_ros_visual_slam_interfaces/isaac_ros_visual_slam_interfaces/action/detail/save_map__traits.hpp\n'}
[6.015938] (isaac_ros_visual_slam_interfaces) StdoutLine: {'line': b'-- Symlinking: /workspaces/isaac_ros-dev/install/isaac_ros_visual_slam_interfaces/include/isaac_ros_visual_slam_interfaces/isaac_ros_visual_slam_interfaces/action/load_map_and_localize.hpp\n'}
[6.018545] (isaac_ros_visual_slam_interfaces) StdoutLine: {'line': b'-- Symlinking: /workspaces/isaac_ros-dev/install/isaac_ros_visual_slam_interfaces/include/isaac_ros_visual_slam_interfaces/isaac_ros_visual_slam_interfaces/action/save_map.hpp\n'}
[6.020980] (isaac_ros_visual_slam_interfaces) StdoutLine: {'line': b'-- Symlinking: /workspaces/isaac_ros-dev/install/isaac_ros_visual_slam_interfaces/include/isaac_ros_visual_slam_interfaces/isaac_ros_visual_slam_interfaces/msg/detail/visual_slam_status__builder.hpp\n'}
[6.023615] (isaac_ros_visual_slam_interfaces) StdoutLine: {'line': b'-- Symlinking: /workspaces/isaac_ros-dev/install/isaac_ros_visual_slam_interfaces/include/isaac_ros_visual_slam_interfaces/isaac_ros_visual_slam_interfaces/msg/detail/visual_slam_status__struct.hpp\n'}
[6.026895] (isaac_ros_visual_slam_interfaces) StdoutLine: {'line': b'-- Symlinking: /workspaces/isaac_ros-dev/install/isaac_ros_visual_slam_interfaces/include/isaac_ros_visual_slam_interfaces/isaac_ros_visual_slam_interfaces/msg/detail/visual_slam_status__traits.hpp\n'}
[6.030164] (isaac_ros_visual_slam_interfaces) StdoutLine: {'line': b'-- Symlinking: /workspaces/isaac_ros-dev/install/isaac_ros_visual_slam_interfaces/include/isaac_ros_visual_slam_interfaces/isaac_ros_visual_slam_interfaces/msg/visual_slam_status.hpp\n'}
[6.032572] (isaac_ros_visual_slam_interfaces) StdoutLine: {'line': b'-- Symlinking: /workspaces/isaac_ros-dev/install/isaac_ros_visual_slam_interfaces/include/isaac_ros_visual_slam_interfaces/isaac_ros_visual_slam_interfaces/srv/detail/get_all_poses__builder.hpp\n'}
[6.035450] (isaac_ros_visual_slam_interfaces) StdoutLine: {'line': b'-- Symlinking: /workspaces/isaac_ros-dev/install/isaac_ros_visual_slam_interfaces/include/isaac_ros_visual_slam_interfaces/isaac_ros_visual_slam_interfaces/srv/detail/get_all_poses__struct.hpp\n'}
[6.038306] (isaac_ros_visual_slam_interfaces) StdoutLine: {'line': b'-- Symlinking: /workspaces/isaac_ros-dev/install/isaac_ros_visual_slam_interfaces/include/isaac_ros_visual_slam_interfaces/isaac_ros_visual_slam_interfaces/srv/detail/get_all_poses__traits.hpp\n'}
[6.040467] (isaac_ros_visual_slam_interfaces) StdoutLine: {'line': b'-- Symlinking: /workspaces/isaac_ros-dev/install/isaac_ros_visual_slam_interfaces/include/isaac_ros_visual_slam_interfaces/isaac_ros_visual_slam_interfaces/srv/detail/reset__builder.hpp\n'}
[6.043616] (isaac_ros_visual_slam_interfaces) StdoutLine: {'line': b'-- Symlinking: /workspaces/isaac_ros-dev/install/isaac_ros_visual_slam_interfaces/include/isaac_ros_visual_slam_interfaces/isaac_ros_visual_slam_interfaces/srv/detail/reset__struct.hpp\n'}
[6.046296] (isaac_ros_visual_slam_interfaces) StdoutLine: {'line': b'-- Symlinking: /workspaces/isaac_ros-dev/install/isaac_ros_visual_slam_interfaces/include/isaac_ros_visual_slam_interfaces/isaac_ros_visual_slam_interfaces/srv/detail/reset__traits.hpp\n'}
[6.048865] (isaac_ros_visual_slam_interfaces) StdoutLine: {'line': b'-- Symlinking: /workspaces/isaac_ros-dev/install/isaac_ros_visual_slam_interfaces/include/isaac_ros_visual_slam_interfaces/isaac_ros_visual_slam_interfaces/srv/detail/set_slam_pose__builder.hpp\n'}
[6.051422] (isaac_ros_visual_slam_interfaces) StdoutLine: {'line': b'-- Symlinking: /workspaces/isaac_ros-dev/install/isaac_ros_visual_slam_interfaces/include/isaac_ros_visual_slam_interfaces/isaac_ros_visual_slam_interfaces/srv/detail/set_slam_pose__struct.hpp\n'}
[6.053792] (isaac_ros_visual_slam_interfaces) StdoutLine: {'line': b'-- Symlinking: /workspaces/isaac_ros-dev/install/isaac_ros_visual_slam_interfaces/include/isaac_ros_visual_slam_interfaces/isaac_ros_visual_slam_interfaces/srv/detail/set_slam_pose__traits.hpp\n'}
[6.056105] (isaac_ros_visual_slam_interfaces) StdoutLine: {'line': b'-- Symlinking: /workspaces/isaac_ros-dev/install/isaac_ros_visual_slam_interfaces/include/isaac_ros_visual_slam_interfaces/isaac_ros_visual_slam_interfaces/srv/get_all_poses.hpp\n'}
[6.058637] (isaac_ros_visual_slam_interfaces) StdoutLine: {'line': b'-- Symlinking: /workspaces/isaac_ros-dev/install/isaac_ros_visual_slam_interfaces/include/isaac_ros_visual_slam_interfaces/isaac_ros_visual_slam_interfaces/srv/reset.hpp\n'}
[6.061938] (isaac_ros_visual_slam_interfaces) StdoutLine: {'line': b'-- Symlinking: /workspaces/isaac_ros-dev/install/isaac_ros_visual_slam_interfaces/include/isaac_ros_visual_slam_interfaces/isaac_ros_visual_slam_interfaces/srv/set_slam_pose.hpp\n'}
[6.065505] (isaac_ros_visual_slam_interfaces) StdoutLine: {'line': b'-- Symlinking: /workspaces/isaac_ros-dev/install/isaac_ros_visual_slam_interfaces/include/isaac_ros_visual_slam_interfaces/isaac_ros_visual_slam_interfaces/action/detail/load_map_and_localize__rosidl_typesupport_fastrtps_cpp.hpp\n'}
[6.068429] (isaac_ros_visual_slam_interfaces) StdoutLine: {'line': b'-- Symlinking: /workspaces/isaac_ros-dev/install/isaac_ros_visual_slam_interfaces/include/isaac_ros_visual_slam_interfaces/isaac_ros_visual_slam_interfaces/action/detail/save_map__rosidl_typesupport_fastrtps_cpp.hpp\n'}
[6.071279] (isaac_ros_visual_slam_interfaces) StdoutLine: {'line': b'-- Symlinking: /workspaces/isaac_ros-dev/install/isaac_ros_visual_slam_interfaces/include/isaac_ros_visual_slam_interfaces/isaac_ros_visual_slam_interfaces/msg/detail/visual_slam_status__rosidl_typesupport_fastrtps_cpp.hpp\n'}
[6.073727] (isaac_ros_visual_slam_interfaces) StdoutLine: {'line': b'-- Symlinking: /workspaces/isaac_ros-dev/install/isaac_ros_visual_slam_interfaces/include/isaac_ros_visual_slam_interfaces/isaac_ros_visual_slam_interfaces/msg/rosidl_typesupport_fastrtps_cpp__visibility_control.h\n'}
[6.076072] (isaac_ros_visual_slam_interfaces) StdoutLine: {'line': b'-- Symlinking: /workspaces/isaac_ros-dev/install/isaac_ros_visual_slam_interfaces/include/isaac_ros_visual_slam_interfaces/isaac_ros_visual_slam_interfaces/srv/detail/get_all_poses__rosidl_typesupport_fastrtps_cpp.hpp\n'}
[6.078970] (isaac_ros_visual_slam_interfaces) StdoutLine: {'line': b'-- Symlinking: /workspaces/isaac_ros-dev/install/isaac_ros_visual_slam_interfaces/include/isaac_ros_visual_slam_interfaces/isaac_ros_visual_slam_interfaces/srv/detail/reset__rosidl_typesupport_fastrtps_cpp.hpp\n'}
[6.081159] (isaac_ros_visual_slam_interfaces) StdoutLine: {'line': b'-- Symlinking: /workspaces/isaac_ros-dev/install/isaac_ros_visual_slam_interfaces/include/isaac_ros_visual_slam_interfaces/isaac_ros_visual_slam_interfaces/srv/detail/set_slam_pose__rosidl_typesupport_fastrtps_cpp.hpp\n'}
[6.083652] (isaac_ros_visual_slam_interfaces) StdoutLine: {'line': b'-- Symlinking: /workspaces/isaac_ros-dev/install/isaac_ros_visual_slam_interfaces/include/isaac_ros_visual_slam_interfaces/isaac_ros_visual_slam_interfaces/action/detail/load_map_and_localize__rosidl_typesupport_introspection_cpp.hpp\n'}
[6.087037] (isaac_ros_visual_slam_interfaces) StdoutLine: {'line': b'-- Symlinking: /workspaces/isaac_ros-dev/install/isaac_ros_visual_slam_interfaces/include/isaac_ros_visual_slam_interfaces/isaac_ros_visual_slam_interfaces/action/detail/save_map__rosidl_typesupport_introspection_cpp.hpp\n'}
[6.089190] (isaac_ros_visual_slam_interfaces) StdoutLine: {'line': b'-- Symlinking: /workspaces/isaac_ros-dev/install/isaac_ros_visual_slam_interfaces/include/isaac_ros_visual_slam_interfaces/isaac_ros_visual_slam_interfaces/msg/detail/visual_slam_status__rosidl_typesupport_introspection_cpp.hpp\n'}
[6.091817] (isaac_ros_visual_slam_interfaces) StdoutLine: {'line': b'-- Symlinking: /workspaces/isaac_ros-dev/install/isaac_ros_visual_slam_interfaces/include/isaac_ros_visual_slam_interfaces/isaac_ros_visual_slam_interfaces/srv/detail/get_all_poses__rosidl_typesupport_introspection_cpp.hpp\n'}
[6.093959] (isaac_ros_visual_slam_interfaces) StdoutLine: {'line': b'-- Symlinking: /workspaces/isaac_ros-dev/install/isaac_ros_visual_slam_interfaces/include/isaac_ros_visual_slam_interfaces/isaac_ros_visual_slam_interfaces/srv/detail/reset__rosidl_typesupport_introspection_cpp.hpp\n'}
[6.096052] (isaac_ros_visual_slam_interfaces) StdoutLine: {'line': b'-- Symlinking: /workspaces/isaac_ros-dev/install/isaac_ros_visual_slam_interfaces/include/isaac_ros_visual_slam_interfaces/isaac_ros_visual_slam_interfaces/srv/detail/set_slam_pose__rosidl_typesupport_introspection_cpp.hpp\n'}
[6.098620] (isaac_ros_visual_slam_interfaces) StdoutLine: {'line': b'-- Symlinking: /workspaces/isaac_ros-dev/install/isaac_ros_visual_slam_interfaces/share/isaac_ros_visual_slam_interfaces/environment/pythonpath.sh\n'}
[6.101016] (isaac_ros_visual_slam_interfaces) StdoutLine: {'line': b'-- Symlinking: /workspaces/isaac_ros-dev/install/isaac_ros_visual_slam_interfaces/share/isaac_ros_visual_slam_interfaces/environment/pythonpath.dsv\n'}
[6.104446] (isaac_ros_visual_slam_interfaces) StdoutLine: {'line': b'-- Symlinking: /workspaces/isaac_ros-dev/install/isaac_ros_visual_slam_interfaces/lib/python3.8/site-packages/isaac_ros_visual_slam_interfaces-3.1.0-py3.8.egg-info/PKG-INFO\n'}
[6.107778] (isaac_ros_visual_slam_interfaces) StdoutLine: {'line': b'-- Symlinking: /workspaces/isaac_ros-dev/install/isaac_ros_visual_slam_interfaces/lib/python3.8/site-packages/isaac_ros_visual_slam_interfaces-3.1.0-py3.8.egg-info/SOURCES.txt\n'}
[6.110016] (-) TimerEvent: {}
[6.110130] (isaac_ros_visual_slam_interfaces) StdoutLine: {'line': b'-- Symlinking: /workspaces/isaac_ros-dev/install/isaac_ros_visual_slam_interfaces/lib/python3.8/site-packages/isaac_ros_visual_slam_interfaces-3.1.0-py3.8.egg-info/dependency_links.txt\n'}
[6.112834] (isaac_ros_visual_slam_interfaces) StdoutLine: {'line': b'-- Symlinking: /workspaces/isaac_ros-dev/install/isaac_ros_visual_slam_interfaces/lib/python3.8/site-packages/isaac_ros_visual_slam_interfaces-3.1.0-py3.8.egg-info/top_level.txt\n'}
[6.115967] (isaac_ros_visual_slam_interfaces) StdoutLine: {'line': b'-- Symlinking: /workspaces/isaac_ros-dev/install/isaac_ros_visual_slam_interfaces/lib/python3.8/site-packages/isaac_ros_visual_slam_interfaces/__init__.py\n'}
[6.118609] (isaac_ros_visual_slam_interfaces) StdoutLine: {'line': b'-- Symlinking: /workspaces/isaac_ros-dev/install/isaac_ros_visual_slam_interfaces/lib/python3.8/site-packages/isaac_ros_visual_slam_interfaces/_isaac_ros_visual_slam_interfaces_s.ep.rosidl_typesupport_c.c\n'}
[6.120942] (isaac_ros_visual_slam_interfaces) StdoutLine: {'line': b'-- Symlinking: /workspaces/isaac_ros-dev/install/isaac_ros_visual_slam_interfaces/lib/python3.8/site-packages/isaac_ros_visual_slam_interfaces/_isaac_ros_visual_slam_interfaces_s.ep.rosidl_typesupport_fastrtps_c.c\n'}
[6.123707] (isaac_ros_visual_slam_interfaces) StdoutLine: {'line': b'-- Symlinking: /workspaces/isaac_ros-dev/install/isaac_ros_visual_slam_interfaces/lib/python3.8/site-packages/isaac_ros_visual_slam_interfaces/_isaac_ros_visual_slam_interfaces_s.ep.rosidl_typesupport_introspection_c.c\n'}
[6.126947] (isaac_ros_visual_slam_interfaces) StdoutLine: {'line': b'-- Symlinking: /workspaces/isaac_ros-dev/install/isaac_ros_visual_slam_interfaces/lib/python3.8/site-packages/isaac_ros_visual_slam_interfaces/action/__init__.py\n'}
[6.130091] (isaac_ros_visual_slam_interfaces) StdoutLine: {'line': b'-- Symlinking: /workspaces/isaac_ros-dev/install/isaac_ros_visual_slam_interfaces/lib/python3.8/site-packages/isaac_ros_visual_slam_interfaces/action/_load_map_and_localize.py\n'}
[6.132275] (isaac_ros_visual_slam_interfaces) StdoutLine: {'line': b'-- Symlinking: /workspaces/isaac_ros-dev/install/isaac_ros_visual_slam_interfaces/lib/python3.8/site-packages/isaac_ros_visual_slam_interfaces/action/_load_map_and_localize_s.c\n'}
[6.135780] (isaac_ros_visual_slam_interfaces) StdoutLine: {'line': b'-- Symlinking: /workspaces/isaac_ros-dev/install/isaac_ros_visual_slam_interfaces/lib/python3.8/site-packages/isaac_ros_visual_slam_interfaces/action/_save_map.py\n'}
[6.138468] (isaac_ros_visual_slam_interfaces) StdoutLine: {'line': b'-- Symlinking: /workspaces/isaac_ros-dev/install/isaac_ros_visual_slam_interfaces/lib/python3.8/site-packages/isaac_ros_visual_slam_interfaces/action/_save_map_s.c\n'}
[6.141345] (isaac_ros_visual_slam_interfaces) StdoutLine: {'line': b'-- Symlinking: /workspaces/isaac_ros-dev/install/isaac_ros_visual_slam_interfaces/lib/python3.8/site-packages/isaac_ros_visual_slam_interfaces/isaac_ros_visual_slam_interfaces_s__rosidl_typesupport_c.cpython-38-x86_64-linux-gnu.so\n'}
[6.144818] (isaac_ros_visual_slam_interfaces) StdoutLine: {'line': b'-- Symlinking: /workspaces/isaac_ros-dev/install/isaac_ros_visual_slam_interfaces/lib/python3.8/site-packages/isaac_ros_visual_slam_interfaces/isaac_ros_visual_slam_interfaces_s__rosidl_typesupport_fastrtps_c.cpython-38-x86_64-linux-gnu.so\n'}
[6.147618] (isaac_ros_visual_slam_interfaces) StdoutLine: {'line': b'-- Symlinking: /workspaces/isaac_ros-dev/install/isaac_ros_visual_slam_interfaces/lib/python3.8/site-packages/isaac_ros_visual_slam_interfaces/isaac_ros_visual_slam_interfaces_s__rosidl_typesupport_introspection_c.cpython-38-x86_64-linux-gnu.so\n'}
[6.151108] (isaac_ros_visual_slam_interfaces) StdoutLine: {'line': b'-- Symlinking: /workspaces/isaac_ros-dev/install/isaac_ros_visual_slam_interfaces/lib/python3.8/site-packages/isaac_ros_visual_slam_interfaces/libisaac_ros_visual_slam_interfaces__rosidl_generator_py.so\n'}
[6.153735] (isaac_ros_visual_slam_interfaces) StdoutLine: {'line': b'-- Symlinking: /workspaces/isaac_ros-dev/install/isaac_ros_visual_slam_interfaces/lib/python3.8/site-packages/isaac_ros_visual_slam_interfaces/msg/__init__.py\n'}
[6.156105] (isaac_ros_visual_slam_interfaces) StdoutLine: {'line': b'-- Symlinking: /workspaces/isaac_ros-dev/install/isaac_ros_visual_slam_interfaces/lib/python3.8/site-packages/isaac_ros_visual_slam_interfaces/msg/_visual_slam_status.py\n'}
[6.158659] (isaac_ros_visual_slam_interfaces) StdoutLine: {'line': b'-- Symlinking: /workspaces/isaac_ros-dev/install/isaac_ros_visual_slam_interfaces/lib/python3.8/site-packages/isaac_ros_visual_slam_interfaces/msg/_visual_slam_status_s.c\n'}
[6.161533] (isaac_ros_visual_slam_interfaces) StdoutLine: {'line': b'-- Symlinking: /workspaces/isaac_ros-dev/install/isaac_ros_visual_slam_interfaces/lib/python3.8/site-packages/isaac_ros_visual_slam_interfaces/srv/__init__.py\n'}
[6.163953] (isaac_ros_visual_slam_interfaces) StdoutLine: {'line': b'-- Symlinking: /workspaces/isaac_ros-dev/install/isaac_ros_visual_slam_interfaces/lib/python3.8/site-packages/isaac_ros_visual_slam_interfaces/srv/_get_all_poses.py\n'}
[6.166931] (isaac_ros_visual_slam_interfaces) StdoutLine: {'line': b'-- Symlinking: /workspaces/isaac_ros-dev/install/isaac_ros_visual_slam_interfaces/lib/python3.8/site-packages/isaac_ros_visual_slam_interfaces/srv/_get_all_poses_s.c\n'}
[6.170190] (isaac_ros_visual_slam_interfaces) StdoutLine: {'line': b'-- Symlinking: /workspaces/isaac_ros-dev/install/isaac_ros_visual_slam_interfaces/lib/python3.8/site-packages/isaac_ros_visual_slam_interfaces/srv/_reset.py\n'}
[6.172846] (isaac_ros_visual_slam_interfaces) StdoutLine: {'line': b'-- Symlinking: /workspaces/isaac_ros-dev/install/isaac_ros_visual_slam_interfaces/lib/python3.8/site-packages/isaac_ros_visual_slam_interfaces/srv/_reset_s.c\n'}
[6.174991] (isaac_ros_visual_slam_interfaces) StdoutLine: {'line': b'-- Symlinking: /workspaces/isaac_ros-dev/install/isaac_ros_visual_slam_interfaces/lib/python3.8/site-packages/isaac_ros_visual_slam_interfaces/srv/_set_slam_pose.py\n'}
[6.177315] (isaac_ros_visual_slam_interfaces) StdoutLine: {'line': b'-- Symlinking: /workspaces/isaac_ros-dev/install/isaac_ros_visual_slam_interfaces/lib/python3.8/site-packages/isaac_ros_visual_slam_interfaces/srv/_set_slam_pose_s.c\n'}
[6.180089] (isaac_ros_visual_slam_interfaces) StdoutLine: {'line': b'-- Up-to-date symlink: /workspaces/isaac_ros-dev/install/isaac_ros_visual_slam_interfaces/lib/python3.8/site-packages/isaac_ros_visual_slam_interfaces/isaac_ros_visual_slam_interfaces_s__rosidl_typesupport_fastrtps_c.cpython-38-x86_64-linux-gnu.so\n'}
[6.180168] (isaac_ros_visual_slam_interfaces) StdoutLine: {'line': b'-- Up-to-date symlink: /workspaces/isaac_ros-dev/install/isaac_ros_visual_slam_interfaces/lib/python3.8/site-packages/isaac_ros_visual_slam_interfaces/isaac_ros_visual_slam_interfaces_s__rosidl_typesupport_introspection_c.cpython-38-x86_64-linux-gnu.so\n'}
[6.180275] (isaac_ros_visual_slam_interfaces) StdoutLine: {'line': b'-- Up-to-date symlink: /workspaces/isaac_ros-dev/install/isaac_ros_visual_slam_interfaces/lib/python3.8/site-packages/isaac_ros_visual_slam_interfaces/isaac_ros_visual_slam_interfaces_s__rosidl_typesupport_c.cpython-38-x86_64-linux-gnu.so\n'}
[6.180392] (isaac_ros_visual_slam_interfaces) StdoutLine: {'line': b'-- Symlinking: /workspaces/isaac_ros-dev/install/isaac_ros_visual_slam_interfaces/share/isaac_ros_visual_slam_interfaces/msg/VisualSlamStatus.idl\n'}
[6.182960] (isaac_ros_visual_slam_interfaces) StdoutLine: {'line': b'-- Symlinking: /workspaces/isaac_ros-dev/install/isaac_ros_visual_slam_interfaces/share/isaac_ros_visual_slam_interfaces/srv/GetAllPoses.idl\n'}
[6.186334] (isaac_ros_visual_slam_interfaces) StdoutLine: {'line': b'-- Symlinking: /workspaces/isaac_ros-dev/install/isaac_ros_visual_slam_interfaces/share/isaac_ros_visual_slam_interfaces/srv/Reset.idl\n'}
[6.188802] (isaac_ros_visual_slam_interfaces) StdoutLine: {'line': b'-- Symlinking: /workspaces/isaac_ros-dev/install/isaac_ros_visual_slam_interfaces/share/isaac_ros_visual_slam_interfaces/srv/SetSlamPose.idl\n'}
[6.192084] (isaac_ros_visual_slam_interfaces) StdoutLine: {'line': b'-- Symlinking: /workspaces/isaac_ros-dev/install/isaac_ros_visual_slam_interfaces/share/isaac_ros_visual_slam_interfaces/action/LoadMapAndLocalize.idl\n'}
[6.194429] (isaac_ros_visual_slam_interfaces) StdoutLine: {'line': b'-- Symlinking: /workspaces/isaac_ros-dev/install/isaac_ros_visual_slam_interfaces/share/isaac_ros_visual_slam_interfaces/action/SaveMap.idl\n'}
[6.197039] (isaac_ros_visual_slam_interfaces) StdoutLine: {'line': b'-- Symlinking: /workspaces/isaac_ros-dev/install/isaac_ros_visual_slam_interfaces/share/isaac_ros_visual_slam_interfaces/msg/VisualSlamStatus.msg\n'}
[6.199808] (isaac_ros_visual_slam_interfaces) StdoutLine: {'line': b'-- Symlinking: /workspaces/isaac_ros-dev/install/isaac_ros_visual_slam_interfaces/share/isaac_ros_visual_slam_interfaces/srv/GetAllPoses.srv\n'}
[6.202148] (isaac_ros_visual_slam_interfaces) StdoutLine: {'line': b'-- Symlinking: /workspaces/isaac_ros-dev/install/isaac_ros_visual_slam_interfaces/share/isaac_ros_visual_slam_interfaces/srv/GetAllPoses_Request.msg\n'}
[6.204327] (isaac_ros_visual_slam_interfaces) StdoutLine: {'line': b'-- Symlinking: /workspaces/isaac_ros-dev/install/isaac_ros_visual_slam_interfaces/share/isaac_ros_visual_slam_interfaces/srv/GetAllPoses_Response.msg\n'}
[6.206389] (isaac_ros_visual_slam_interfaces) StdoutLine: {'line': b'-- Symlinking: /workspaces/isaac_ros-dev/install/isaac_ros_visual_slam_interfaces/share/isaac_ros_visual_slam_interfaces/srv/Reset.srv\n'}
[6.208633] (isaac_ros_visual_slam_interfaces) StdoutLine: {'line': b'-- Symlinking: /workspaces/isaac_ros-dev/install/isaac_ros_visual_slam_interfaces/share/isaac_ros_visual_slam_interfaces/srv/Reset_Request.msg\n'}
[6.210118] (-) TimerEvent: {}
[6.211754] (isaac_ros_visual_slam_interfaces) StdoutLine: {'line': b'-- Symlinking: /workspaces/isaac_ros-dev/install/isaac_ros_visual_slam_interfaces/share/isaac_ros_visual_slam_interfaces/srv/Reset_Response.msg\n'}
[6.214518] (isaac_ros_visual_slam_interfaces) StdoutLine: {'line': b'-- Symlinking: /workspaces/isaac_ros-dev/install/isaac_ros_visual_slam_interfaces/share/isaac_ros_visual_slam_interfaces/srv/SetSlamPose.srv\n'}
[6.216980] (isaac_ros_visual_slam_interfaces) StdoutLine: {'line': b'-- Symlinking: /workspaces/isaac_ros-dev/install/isaac_ros_visual_slam_interfaces/share/isaac_ros_visual_slam_interfaces/srv/SetSlamPose_Request.msg\n'}
[6.220381] (isaac_ros_visual_slam_interfaces) StdoutLine: {'line': b'-- Symlinking: /workspaces/isaac_ros-dev/install/isaac_ros_visual_slam_interfaces/share/isaac_ros_visual_slam_interfaces/srv/SetSlamPose_Response.msg\n'}
[6.223379] (isaac_ros_visual_slam_interfaces) StdoutLine: {'line': b'-- Symlinking: /workspaces/isaac_ros-dev/install/isaac_ros_visual_slam_interfaces/share/isaac_ros_visual_slam_interfaces/action/LoadMapAndLocalize.action\n'}
[6.226428] (isaac_ros_visual_slam_interfaces) StdoutLine: {'line': b'-- Symlinking: /workspaces/isaac_ros-dev/install/isaac_ros_visual_slam_interfaces/share/isaac_ros_visual_slam_interfaces/action/SaveMap.action\n'}
[6.229152] (isaac_ros_visual_slam_interfaces) StdoutLine: {'line': b'-- Symlinking: /workspaces/isaac_ros-dev/install/isaac_ros_visual_slam_interfaces/share/ament_index/resource_index/package_run_dependencies/isaac_ros_visual_slam_interfaces\n'}
[6.231936] (isaac_ros_visual_slam_interfaces) StdoutLine: {'line': b'-- Symlinking: /workspaces/isaac_ros-dev/install/isaac_ros_visual_slam_interfaces/share/ament_index/resource_index/parent_prefix_path/isaac_ros_visual_slam_interfaces\n'}
[6.234183] (isaac_ros_visual_slam_interfaces) StdoutLine: {'line': b'-- Symlinking: /workspaces/isaac_ros-dev/install/isaac_ros_visual_slam_interfaces/share/isaac_ros_visual_slam_interfaces/environment/ament_prefix_path.sh\n'}
[6.236900] (isaac_ros_visual_slam_interfaces) StdoutLine: {'line': b'-- Symlinking: /workspaces/isaac_ros-dev/install/isaac_ros_visual_slam_interfaces/share/isaac_ros_visual_slam_interfaces/environment/ament_prefix_path.dsv\n'}
[6.240302] (isaac_ros_visual_slam_interfaces) StdoutLine: {'line': b'-- Symlinking: /workspaces/isaac_ros-dev/install/isaac_ros_visual_slam_interfaces/share/isaac_ros_visual_slam_interfaces/environment/path.sh\n'}
[6.243335] (isaac_ros_visual_slam_interfaces) StdoutLine: {'line': b'-- Symlinking: /workspaces/isaac_ros-dev/install/isaac_ros_visual_slam_interfaces/share/isaac_ros_visual_slam_interfaces/environment/path.dsv\n'}
[6.246859] (isaac_ros_visual_slam_interfaces) StdoutLine: {'line': b'-- Symlinking: /workspaces/isaac_ros-dev/install/isaac_ros_visual_slam_interfaces/share/isaac_ros_visual_slam_interfaces/local_setup.bash\n'}
[6.249247] (isaac_ros_visual_slam_interfaces) StdoutLine: {'line': b'-- Symlinking: /workspaces/isaac_ros-dev/install/isaac_ros_visual_slam_interfaces/share/isaac_ros_visual_slam_interfaces/local_setup.sh\n'}
[6.252639] (isaac_ros_visual_slam_interfaces) StdoutLine: {'line': b'-- Symlinking: /workspaces/isaac_ros-dev/install/isaac_ros_visual_slam_interfaces/share/isaac_ros_visual_slam_interfaces/local_setup.zsh\n'}
[6.255975] (isaac_ros_visual_slam_interfaces) StdoutLine: {'line': b'-- Symlinking: /workspaces/isaac_ros-dev/install/isaac_ros_visual_slam_interfaces/share/isaac_ros_visual_slam_interfaces/local_setup.dsv\n'}
[6.258753] (isaac_ros_visual_slam_interfaces) StdoutLine: {'line': b'-- Symlinking: /workspaces/isaac_ros-dev/install/isaac_ros_visual_slam_interfaces/share/isaac_ros_visual_slam_interfaces/package.dsv\n'}
[6.261604] (isaac_ros_visual_slam_interfaces) StdoutLine: {'line': b'-- Symlinking: /workspaces/isaac_ros-dev/install/isaac_ros_visual_slam_interfaces/share/ament_index/resource_index/packages/isaac_ros_visual_slam_interfaces\n'}
[6.264092] (isaac_ros_visual_slam_interfaces) StdoutLine: {'line': b'-- Symlinking: /workspaces/isaac_ros-dev/install/isaac_ros_visual_slam_interfaces/share/isaac_ros_visual_slam_interfaces/cmake/rosidl_cmake-extras.cmake\n'}
[6.267122] (isaac_ros_visual_slam_interfaces) StdoutLine: {'line': b'-- Symlinking: /workspaces/isaac_ros-dev/install/isaac_ros_visual_slam_interfaces/share/isaac_ros_visual_slam_interfaces/cmake/ament_cmake_export_dependencies-extras.cmake\n'}
[6.269272] (isaac_ros_visual_slam_interfaces) StdoutLine: {'line': b'-- Symlinking: /workspaces/isaac_ros-dev/install/isaac_ros_visual_slam_interfaces/share/isaac_ros_visual_slam_interfaces/cmake/ament_cmake_export_include_directories-extras.cmake\n'}
[6.271835] (isaac_ros_visual_slam_interfaces) StdoutLine: {'line': b'-- Symlinking: /workspaces/isaac_ros-dev/install/isaac_ros_visual_slam_interfaces/share/isaac_ros_visual_slam_interfaces/cmake/ament_cmake_export_libraries-extras.cmake\n'}
[6.274022] (isaac_ros_visual_slam_interfaces) StdoutLine: {'line': b'-- Symlinking: /workspaces/isaac_ros-dev/install/isaac_ros_visual_slam_interfaces/share/isaac_ros_visual_slam_interfaces/cmake/ament_cmake_export_targets-extras.cmake\n'}
[6.276298] (isaac_ros_visual_slam_interfaces) StdoutLine: {'line': b'-- Symlinking: /workspaces/isaac_ros-dev/install/isaac_ros_visual_slam_interfaces/share/isaac_ros_visual_slam_interfaces/cmake/rosidl_cmake_export_typesupport_targets-extras.cmake\n'}
[6.279358] (isaac_ros_visual_slam_interfaces) StdoutLine: {'line': b'-- Symlinking: /workspaces/isaac_ros-dev/install/isaac_ros_visual_slam_interfaces/share/isaac_ros_visual_slam_interfaces/cmake/rosidl_cmake_export_typesupport_libraries-extras.cmake\n'}
[6.281901] (isaac_ros_visual_slam_interfaces) StdoutLine: {'line': b'-- Symlinking: /workspaces/isaac_ros-dev/install/isaac_ros_visual_slam_interfaces/share/isaac_ros_visual_slam_interfaces/cmake/isaac_ros_visual_slam_interfacesConfig.cmake\n'}
[6.284611] (isaac_ros_visual_slam_interfaces) StdoutLine: {'line': b'-- Symlinking: /workspaces/isaac_ros-dev/install/isaac_ros_visual_slam_interfaces/share/isaac_ros_visual_slam_interfaces/cmake/isaac_ros_visual_slam_interfacesConfig-version.cmake\n'}
[6.287458] (isaac_ros_visual_slam_interfaces) StdoutLine: {'line': b'-- Symlinking: /workspaces/isaac_ros-dev/install/isaac_ros_visual_slam_interfaces/share/isaac_ros_visual_slam_interfaces/package.xml\n'}
[6.290017] (isaac_ros_visual_slam_interfaces) StdoutLine: {'line': b'-- Installing: /workspaces/isaac_ros-dev/install/isaac_ros_visual_slam_interfaces/lib/libisaac_ros_visual_slam_interfaces__rosidl_generator_c.so\n'}
[6.290221] (isaac_ros_visual_slam_interfaces) StdoutLine: {'line': b'-- Set runtime path of "/workspaces/isaac_ros-dev/install/isaac_ros_visual_slam_interfaces/lib/libisaac_ros_visual_slam_interfaces__rosidl_generator_c.so" to ""\n'}
[6.290267] (isaac_ros_visual_slam_interfaces) StdoutLine: {'line': b'-- Installing: /workspaces/isaac_ros-dev/install/isaac_ros_visual_slam_interfaces/lib/libisaac_ros_visual_slam_interfaces__rosidl_typesupport_fastrtps_c.so\n'}
[6.290433] (isaac_ros_visual_slam_interfaces) StdoutLine: {'line': b'-- Set runtime path of "/workspaces/isaac_ros-dev/install/isaac_ros_visual_slam_interfaces/lib/libisaac_ros_visual_slam_interfaces__rosidl_typesupport_fastrtps_c.so" to ""\n'}
[6.290475] (isaac_ros_visual_slam_interfaces) StdoutLine: {'line': b'-- Installing: /workspaces/isaac_ros-dev/install/isaac_ros_visual_slam_interfaces/lib/libisaac_ros_visual_slam_interfaces__rosidl_typesupport_introspection_c.so\n'}
[6.290635] (isaac_ros_visual_slam_interfaces) StdoutLine: {'line': b'-- Set runtime path of "/workspaces/isaac_ros-dev/install/isaac_ros_visual_slam_interfaces/lib/libisaac_ros_visual_slam_interfaces__rosidl_typesupport_introspection_c.so" to ""\n'}
[6.290672] (isaac_ros_visual_slam_interfaces) StdoutLine: {'line': b'-- Installing: /workspaces/isaac_ros-dev/install/isaac_ros_visual_slam_interfaces/lib/libisaac_ros_visual_slam_interfaces__rosidl_typesupport_c.so\n'}
[6.290811] (isaac_ros_visual_slam_interfaces) StdoutLine: {'line': b'-- Set runtime path of "/workspaces/isaac_ros-dev/install/isaac_ros_visual_slam_interfaces/lib/libisaac_ros_visual_slam_interfaces__rosidl_typesupport_c.so" to ""\n'}
[6.290847] (isaac_ros_visual_slam_interfaces) StdoutLine: {'line': b'-- Installing: /workspaces/isaac_ros-dev/install/isaac_ros_visual_slam_interfaces/lib/libisaac_ros_visual_slam_interfaces__rosidl_typesupport_fastrtps_cpp.so\n'}
[6.291046] (isaac_ros_visual_slam_interfaces) StdoutLine: {'line': b'-- Set runtime path of "/workspaces/isaac_ros-dev/install/isaac_ros_visual_slam_interfaces/lib/libisaac_ros_visual_slam_interfaces__rosidl_typesupport_fastrtps_cpp.so" to ""\n'}
[6.291087] (isaac_ros_visual_slam_interfaces) StdoutLine: {'line': b'-- Installing: /workspaces/isaac_ros-dev/install/isaac_ros_visual_slam_interfaces/lib/libisaac_ros_visual_slam_interfaces__rosidl_typesupport_introspection_cpp.so\n'}
[6.291272] (isaac_ros_visual_slam_interfaces) StdoutLine: {'line': b'-- Set runtime path of "/workspaces/isaac_ros-dev/install/isaac_ros_visual_slam_interfaces/lib/libisaac_ros_visual_slam_interfaces__rosidl_typesupport_introspection_cpp.so" to ""\n'}
[6.291318] (isaac_ros_visual_slam_interfaces) StdoutLine: {'line': b'-- Installing: /workspaces/isaac_ros-dev/install/isaac_ros_visual_slam_interfaces/lib/libisaac_ros_visual_slam_interfaces__rosidl_typesupport_cpp.so\n'}
[6.291450] (isaac_ros_visual_slam_interfaces) StdoutLine: {'line': b'-- Set runtime path of "/workspaces/isaac_ros-dev/install/isaac_ros_visual_slam_interfaces/lib/libisaac_ros_visual_slam_interfaces__rosidl_typesupport_cpp.so" to ""\n'}
[6.310225] (-) TimerEvent: {}
[6.325347] (isaac_ros_visual_slam_interfaces) StdoutLine: {'line': b"Listing '/workspaces/isaac_ros-dev/install/isaac_ros_visual_slam_interfaces/lib/python3.8/site-packages/isaac_ros_visual_slam_interfaces'...\n"}
[6.325523] (isaac_ros_visual_slam_interfaces) StdoutLine: {'line': b"Compiling '/workspaces/isaac_ros-dev/install/isaac_ros_visual_slam_interfaces/lib/python3.8/site-packages/isaac_ros_visual_slam_interfaces/__init__.py'...\n"}
[6.325596] (isaac_ros_visual_slam_interfaces) StdoutLine: {'line': b"Listing '/workspaces/isaac_ros-dev/install/isaac_ros_visual_slam_interfaces/lib/python3.8/site-packages/isaac_ros_visual_slam_interfaces/action'...\n"}
[6.325632] (isaac_ros_visual_slam_interfaces) StdoutLine: {'line': b"Compiling '/workspaces/isaac_ros-dev/install/isaac_ros_visual_slam_interfaces/lib/python3.8/site-packages/isaac_ros_visual_slam_interfaces/action/__init__.py'...\n"}
[6.325662] (isaac_ros_visual_slam_interfaces) StdoutLine: {'line': b"Compiling '/workspaces/isaac_ros-dev/install/isaac_ros_visual_slam_interfaces/lib/python3.8/site-packages/isaac_ros_visual_slam_interfaces/action/_load_map_and_localize.py'...\n"}
[6.325689] (isaac_ros_visual_slam_interfaces) StdoutLine: {'line': b"Compiling '/workspaces/isaac_ros-dev/install/isaac_ros_visual_slam_interfaces/lib/python3.8/site-packages/isaac_ros_visual_slam_interfaces/action/_save_map.py'...\n"}
[6.325715] (isaac_ros_visual_slam_interfaces) StdoutLine: {'line': b"Listing '/workspaces/isaac_ros-dev/install/isaac_ros_visual_slam_interfaces/lib/python3.8/site-packages/isaac_ros_visual_slam_interfaces/msg'...\n"}
[6.325745] (isaac_ros_visual_slam_interfaces) StdoutLine: {'line': b"Compiling '/workspaces/isaac_ros-dev/install/isaac_ros_visual_slam_interfaces/lib/python3.8/site-packages/isaac_ros_visual_slam_interfaces/msg/__init__.py'...\n"}
[6.325770] (isaac_ros_visual_slam_interfaces) StdoutLine: {'line': b"Compiling '/workspaces/isaac_ros-dev/install/isaac_ros_visual_slam_interfaces/lib/python3.8/site-packages/isaac_ros_visual_slam_interfaces/msg/_visual_slam_status.py'...\n"}
[6.325795] (isaac_ros_visual_slam_interfaces) StdoutLine: {'line': b"Listing '/workspaces/isaac_ros-dev/install/isaac_ros_visual_slam_interfaces/lib/python3.8/site-packages/isaac_ros_visual_slam_interfaces/srv'...\n"}
[6.325821] (isaac_ros_visual_slam_interfaces) StdoutLine: {'line': b"Compiling '/workspaces/isaac_ros-dev/install/isaac_ros_visual_slam_interfaces/lib/python3.8/site-packages/isaac_ros_visual_slam_interfaces/srv/__init__.py'...\n"}
[6.325846] (isaac_ros_visual_slam_interfaces) StdoutLine: {'line': b"Compiling '/workspaces/isaac_ros-dev/install/isaac_ros_visual_slam_interfaces/lib/python3.8/site-packages/isaac_ros_visual_slam_interfaces/srv/_get_all_poses.py'...\n"}
[6.325870] (isaac_ros_visual_slam_interfaces) StdoutLine: {'line': b"Compiling '/workspaces/isaac_ros-dev/install/isaac_ros_visual_slam_interfaces/lib/python3.8/site-packages/isaac_ros_visual_slam_interfaces/srv/_reset.py'...\n"}
[6.325895] (isaac_ros_visual_slam_interfaces) StdoutLine: {'line': b"Compiling '/workspaces/isaac_ros-dev/install/isaac_ros_visual_slam_interfaces/lib/python3.8/site-packages/isaac_ros_visual_slam_interfaces/srv/_set_slam_pose.py'...\n"}
[6.328147] (isaac_ros_visual_slam_interfaces) StdoutLine: {'line': b'-- Installing: /workspaces/isaac_ros-dev/install/isaac_ros_visual_slam_interfaces/lib/libisaac_ros_visual_slam_interfaces__rosidl_generator_py.so\n'}
[6.328291] (isaac_ros_visual_slam_interfaces) StdoutLine: {'line': b'-- Set runtime path of "/workspaces/isaac_ros-dev/install/isaac_ros_visual_slam_interfaces/lib/libisaac_ros_visual_slam_interfaces__rosidl_generator_py.so" to ""\n'}
[6.328321] (isaac_ros_visual_slam_interfaces) StdoutLine: {'line': b'-- Installing: /workspaces/isaac_ros-dev/install/isaac_ros_visual_slam_interfaces/share/isaac_ros_visual_slam_interfaces/cmake/export_isaac_ros_visual_slam_interfaces__rosidl_generator_cExport.cmake\n'}
[6.328382] (isaac_ros_visual_slam_interfaces) StdoutLine: {'line': b'-- Installing: /workspaces/isaac_ros-dev/install/isaac_ros_visual_slam_interfaces/share/isaac_ros_visual_slam_interfaces/cmake/export_isaac_ros_visual_slam_interfaces__rosidl_generator_cExport-release.cmake\n'}
[6.328489] (isaac_ros_visual_slam_interfaces) StdoutLine: {'line': b'-- Installing: /workspaces/isaac_ros-dev/install/isaac_ros_visual_slam_interfaces/share/isaac_ros_visual_slam_interfaces/cmake/export_isaac_ros_visual_slam_interfaces__rosidl_typesupport_fastrtps_cExport.cmake\n'}
[6.328594] (isaac_ros_visual_slam_interfaces) StdoutLine: {'line': b'-- Installing: /workspaces/isaac_ros-dev/install/isaac_ros_visual_slam_interfaces/share/isaac_ros_visual_slam_interfaces/cmake/export_isaac_ros_visual_slam_interfaces__rosidl_typesupport_fastrtps_cExport-release.cmake\n'}
[6.328623] (isaac_ros_visual_slam_interfaces) StdoutLine: {'line': b'-- Installing: /workspaces/isaac_ros-dev/install/isaac_ros_visual_slam_interfaces/share/isaac_ros_visual_slam_interfaces/cmake/isaac_ros_visual_slam_interfaces__rosidl_typesupport_introspection_cExport.cmake\n'}
[6.328678] (isaac_ros_visual_slam_interfaces) StdoutLine: {'line': b'-- Installing: /workspaces/isaac_ros-dev/install/isaac_ros_visual_slam_interfaces/share/isaac_ros_visual_slam_interfaces/cmake/isaac_ros_visual_slam_interfaces__rosidl_typesupport_introspection_cExport-release.cmake\n'}
[6.328708] (isaac_ros_visual_slam_interfaces) StdoutLine: {'line': b'-- Installing: /workspaces/isaac_ros-dev/install/isaac_ros_visual_slam_interfaces/share/isaac_ros_visual_slam_interfaces/cmake/isaac_ros_visual_slam_interfaces__rosidl_typesupport_cExport.cmake\n'}
[6.328748] (isaac_ros_visual_slam_interfaces) StdoutLine: {'line': b'-- Installing: /workspaces/isaac_ros-dev/install/isaac_ros_visual_slam_interfaces/share/isaac_ros_visual_slam_interfaces/cmake/isaac_ros_visual_slam_interfaces__rosidl_typesupport_cExport-release.cmake\n'}
[6.328784] (isaac_ros_visual_slam_interfaces) StdoutLine: {'line': b'-- Installing: /workspaces/isaac_ros-dev/install/isaac_ros_visual_slam_interfaces/share/isaac_ros_visual_slam_interfaces/cmake/export_isaac_ros_visual_slam_interfaces__rosidl_generator_cppExport.cmake\n'}
[6.328831] (isaac_ros_visual_slam_interfaces) StdoutLine: {'line': b'-- Installing: /workspaces/isaac_ros-dev/install/isaac_ros_visual_slam_interfaces/share/isaac_ros_visual_slam_interfaces/cmake/export_isaac_ros_visual_slam_interfaces__rosidl_typesupport_fastrtps_cppExport.cmake\n'}
[6.328879] (isaac_ros_visual_slam_interfaces) StdoutLine: {'line': b'-- Installing: /workspaces/isaac_ros-dev/install/isaac_ros_visual_slam_interfaces/share/isaac_ros_visual_slam_interfaces/cmake/export_isaac_ros_visual_slam_interfaces__rosidl_typesupport_fastrtps_cppExport-release.cmake\n'}
[6.328933] (isaac_ros_visual_slam_interfaces) StdoutLine: {'line': b'-- Installing: /workspaces/isaac_ros-dev/install/isaac_ros_visual_slam_interfaces/share/isaac_ros_visual_slam_interfaces/cmake/isaac_ros_visual_slam_interfaces__rosidl_typesupport_introspection_cppExport.cmake\n'}
[6.328982] (isaac_ros_visual_slam_interfaces) StdoutLine: {'line': b'-- Installing: /workspaces/isaac_ros-dev/install/isaac_ros_visual_slam_interfaces/share/isaac_ros_visual_slam_interfaces/cmake/isaac_ros_visual_slam_interfaces__rosidl_typesupport_introspection_cppExport-release.cmake\n'}
[6.329032] (isaac_ros_visual_slam_interfaces) StdoutLine: {'line': b'-- Installing: /workspaces/isaac_ros-dev/install/isaac_ros_visual_slam_interfaces/share/isaac_ros_visual_slam_interfaces/cmake/isaac_ros_visual_slam_interfaces__rosidl_typesupport_cppExport.cmake\n'}
[6.329080] (isaac_ros_visual_slam_interfaces) StdoutLine: {'line': b'-- Installing: /workspaces/isaac_ros-dev/install/isaac_ros_visual_slam_interfaces/share/isaac_ros_visual_slam_interfaces/cmake/isaac_ros_visual_slam_interfaces__rosidl_typesupport_cppExport-release.cmake\n'}
[6.329135] (isaac_ros_visual_slam_interfaces) StdoutLine: {'line': b'-- Installing: /workspaces/isaac_ros-dev/install/isaac_ros_visual_slam_interfaces/share/isaac_ros_visual_slam_interfaces/cmake/export_isaac_ros_visual_slam_interfaces__rosidl_generator_pyExport.cmake\n'}
[6.329182] (isaac_ros_visual_slam_interfaces) StdoutLine: {'line': b'-- Installing: /workspaces/isaac_ros-dev/install/isaac_ros_visual_slam_interfaces/share/isaac_ros_visual_slam_interfaces/cmake/export_isaac_ros_visual_slam_interfaces__rosidl_generator_pyExport-release.cmake\n'}
[6.330337] (isaac_ros_visual_slam_interfaces) CommandEnded: {'returncode': 0}
[6.410335] (-) TimerEvent: {}
[6.510620] (-) TimerEvent: {}
[6.610825] (-) TimerEvent: {}
[6.668452] (isaac_ros_visual_slam_interfaces) JobEnded: {'identifier': 'isaac_ros_visual_slam_interfaces', 'rc': 0}
[6.668902] (isaac_ros_visual_slam) JobStarted: {'identifier': 'isaac_ros_visual_slam'}
[6.710957] (-) TimerEvent: {}
[6.716642] (isaac_ros_visual_slam) JobProgress: {'identifier': 'isaac_ros_visual_slam', 'progress': 'cmake'}
[6.716785] (isaac_ros_visual_slam) Command: {'cmd': ['/usr/bin/cmake', '/workspaces/isaac_ros-dev/ros2/src/isaac_ros_visual_slam/isaac_ros_visual_slam', '-DAMENT_CMAKE_SYMLINK_INSTALL=1', '-DCMAKE_INSTALL_PREFIX=/workspaces/isaac_ros-dev/install/isaac_ros_visual_slam'], 'cwd': '/workspaces/isaac_ros-dev/build/isaac_ros_visual_slam', 'env': OrderedDict([('DALI_BUILD', '5838886'), ('LIBRARY_PATH', '/usr/local/cuda/lib64/stubs:'), ('NVIDIA_CTK_LIBCUDA_DIR', '/usr/lib/x86_64-linux-gnu'), ('PYTHONWARNINGS', 'ignore:::setuptools.command.install,ignore:::setuptools.command.easy_install,ignore:::pkg_resources'), ('USER', 'quanser'), ('TF_ADJUST_SATURATION_FUSED', '1'), ('CUSOLVER_VERSION', '11.4.1.48'), ('HOSTNAME', 'quanser-ground-station-1'), ('CUTENSOR_VERSION', '1.6.1.5'), ('SHLVL', '2'), ('LD_LIBRARY_PATH', '/workspaces/isaac_ros-dev/install/isaac_ros_visual_slam_interfaces/lib:/workspaces/isaac_ros-dev/install/qcar2_interfaces/lib:/workspace/cartographer_ws/install/pcl_ros/lib:/workspace/cartographer_ws/install/cartographer_rviz/lib:/workspace/cartographer_ws/install/cartographer_ros/lib:/workspace/cartographer_ws/install/pcl_msgs/lib:/workspace/cartographer_ws/install/isaac_ros_tensor_list_interfaces/lib:/workspace/cartographer_ws/install/isaac_ros_pointcloud_interfaces/lib:/workspace/cartographer_ws/install/isaac_ros_nova_interfaces/lib:/workspace/cartographer_ws/install/isaac_ros_nitros_bridge_interfaces/lib:/workspace/cartographer_ws/install/isaac_ros_common/lib:/workspace/cartographer_ws/install/isaac_ros_bi3d_interfaces/lib:/workspace/cartographer_ws/install/isaac_ros_apriltag_interfaces/lib:/workspace/cartographer_ws/install/control_msgs/lib:/workspace/cartographer_ws/install/cartographer_ros_msgs/lib:/opt/ros/humble/opt/rviz_ogre_vendor/lib:/opt/ros/humble/lib/x86_64-linux-gnu:/opt/ros/humble/lib:/opt/tritonserver/backends/onnxruntime:/usr/local/cuda/compat/lib:/usr/local/nvidia/lib:/usr/local/nvidia/lib64:/opt/tritonserver/lib'), ('HOME', '/home/admin'), ('NVIDIA_TRITON_SERVER_VERSION', '22.09'), ('OLDPWD', '/workspaces/isaac_ros-dev/ros2/src'), ('CUDA_CACHE_DISABLE', '1'), ('ROS_PYTHON_VERSION', '3'), ('USER_UID', '1000'), ('ENV', '/etc/shinit_v2'), ('RDMACORE_VERSION', '36.0'), ('NVJPEG_VERSION', '11.9.0.86'), ('NVIDIA_BUILD_ID', '44909143'), ('CUDA_VERSION', '11.8.0.062'), ('CUBLAS_VERSION', '11.11.3.6'), ('NSIGHT_SYSTEMS_VERSION', '2022.3.1.43'), ('COLCON_PREFIX_PATH', '/workspaces/isaac_ros-dev/install:/workspace/cartographer_ws/install'), ('ROS_DISTRO', 'humble'), ('OPAL_PREFIX', '/opt/hpcx/ompi'), ('NVIDIA_REQUIRE_CUDA', 'cuda>=9.0'), ('TRT_VERSION', '8.5.0.12'), ('GDRCOPY_VERSION', '2.3'), ('_', '/usr/bin/colcon'), ('ROS_VERSION', '2'), ('PKG_CONFIG_PATH', '/workspace/cartographer_ws/install/cartographer/lib/x86_64-linux-gnu/pkgconfig:/workspace/cartographer_ws/install/cartographer/lib/pkgconfig'), ('NVIDIA_DRIVER_CAPABILITIES', 'all'), ('POLYGRAPHY_VERSION', '0.38.0'), ('CURAND_VERSION', '10.3.0.86'), ('MOFED_VERSION', '5.4-rdmacore36.0'), ('USERNAME', 'admin'), ('TERM', 'xterm'), ('ROS_LOCALHOST_ONLY', '0'), ('PATH', '/workspace/cartographer_ws/install/cartographer/bin:/opt/ros/humble/bin:/opt/tritonserver/bin:/usr/local/mpi/bin:/usr/local/nvidia/bin:/usr/local/cuda/bin:/usr/local/sbin:/usr/local/bin:/usr/sbin:/usr/bin:/sbin:/bin:/usr/local/ucx/bin:/opt/nvidia/tao'), ('FASTRTPS_DEFAULT_PROFILES_FILE', '/usr/local/share/middleware_profiles/rtps_udp_profile.xml'), ('CUDA_DRIVER_VERSION', '520.61.03'), ('_CUDA_COMPAT_STATUS', 'System has unsupported display driver / cuda driver combination (CUDA_ERROR_SYSTEM_DRIVER_MISMATCH) cuInit()=803'), ('DISPLAY', ':1'), ('NVIDIA_PRODUCT_NAME', 'Triton Server'), ('LANG', 'en_US.UTF-8'), ('RMW_IMPLEMENTATION', 'rmw_fastrtps_cpp'), ('NPP_VERSION', '11.8.0.86'), ('ROS_ROOT', '/opt/ros/humble'), ('CUFFT_VERSION', '10.9.0.58'), ('TF_ENABLE_WINOGRAD_NONFUSED', '1'), ('AMENT_PREFIX_PATH', '/workspaces/isaac_ros-dev/install/isaac_ros_visual_slam_interfaces:/workspaces/isaac_ros-dev/install/qcar2_nodes:/workspaces/isaac_ros-dev/install/qcar2_autonomy:/workspaces/isaac_ros-dev/install/qcar2_interfaces:/workspace/cartographer_ws/install/perception_pcl:/workspace/cartographer_ws/install/pcl_ros:/workspace/cartographer_ws/install/cartographer_rviz:/workspace/cartographer_ws/install/cartographer_ros:/workspace/cartographer_ws/install/pcl_conversions:/workspace/cartographer_ws/install/pcl_msgs:/workspace/cartographer_ws/install/isaac_ros_test:/workspace/cartographer_ws/install/isaac_ros_tensor_list_interfaces:/workspace/cartographer_ws/install/isaac_ros_pointcloud_interfaces:/workspace/cartographer_ws/install/isaac_ros_nova_interfaces:/workspace/cartographer_ws/install/isaac_ros_nitros_bridge_interfaces:/workspace/cartographer_ws/install/isaac_ros_common:/workspace/cartographer_ws/install/isaac_ros_bi3d_interfaces:/workspace/cartographer_ws/install/isaac_ros_apriltag_interfaces:/workspace/cartographer_ws/install/control_msgs:/workspace/cartographer_ws/install/cartographer_ros_msgs:/opt/ros/humble'), ('CUDNN_VERSION', '8.6.0.163'), ('NSIGHT_COMPUTE_VERSION', '2022.3.0.22'), ('DALI_VERSION', '1.17.0'), ('DEBIAN_FRONTEND', 'noninteractive'), ('SHELL', '/bin/bash'), ('DCGM_VERSION', '2.2.9'), ('OPENMPI_VERSION', '4.1.4'), ('TRTOSS_VERSION', ''), ('OMPI_MCA_coll_hcoll_enable', '0'), ('CUSPARSE_VERSION', '11.7.5.86'), ('TRITON_SERVER_GPU_ENABLED', '1'), ('TRITON_SERVER_VERSION', '2.26.0'), ('BASH_ENV', '/etc/bash.bashrc'), ('PWD', '/workspaces/isaac_ros-dev/build/isaac_ros_visual_slam'), ('PYTHONPATH', '/workspaces/isaac_ros-dev/install/isaac_ros_visual_slam_interfaces/lib/python3.8/site-packages:/workspaces/isaac_ros-dev/install/qcar2_autonomy/lib/python3.8/site-packages:/workspaces/isaac_ros-dev/install/qcar2_interfaces/lib/python3.8/site-packages:/workspace/cartographer_ws/install/pcl_msgs/lib/python3.8/site-packages:/workspace/cartographer_ws/build/isaac_ros_test:/workspace/cartographer_ws/install/isaac_ros_test/lib/python3.8/site-packages:/workspace/cartographer_ws/install/isaac_ros_tensor_list_interfaces/lib/python3.8/site-packages:/workspace/cartographer_ws/install/isaac_ros_pointcloud_interfaces/lib/python3.8/site-packages:/workspace/cartographer_ws/install/isaac_ros_nova_interfaces/lib/python3.8/site-packages:/workspace/cartographer_ws/install/isaac_ros_nitros_bridge_interfaces/lib/python3.8/site-packages:/workspace/cartographer_ws/install/isaac_ros_bi3d_interfaces/lib/python3.8/site-packages:/workspace/cartographer_ws/install/isaac_ros_apriltag_interfaces/lib/python3.8/site-packages:/workspace/cartographer_ws/install/control_msgs/lib/python3.8/site-packages:/workspace/cartographer_ws/install/cartographer_ros_msgs/lib/python3.8/site-packages:/opt/ros/humble/lib/python3.8/site-packages:/home/Quanser/0_libraries/python'), ('_CUDA_COMPAT_PATH', '/usr/local/cuda/compat'), ('TRITON_SERVER_USER', 'triton-server'), ('TF_ADJUST_HUE_FUSED', '1'), ('NVIDIA_VISIBLE_DEVICES', 'void'), ('NCCL_VERSION', '2.15.1'), ('USER_GID', '1000'), ('COLCON', '1'), ('OPENUCX_VERSION', '1.14.0'), ('HPCX_VERSION', '2.12.1a0'), ('SHARP_COLL_ENABLE_CUDA', '0'), ('CMAKE_PREFIX_PATH', '/workspaces/isaac_ros-dev/install/isaac_ros_visual_slam_interfaces:/workspaces/isaac_ros-dev/install/qcar2_nodes:/workspaces/isaac_ros-dev/install/qcar2_interfaces:/workspace/cartographer_ws/install/perception_pcl:/workspace/cartographer_ws/install/pcl_ros:/workspace/cartographer_ws/install/cartographer_rviz:/workspace/cartographer_ws/install/cartographer_ros:/workspace/cartographer_ws/install/pcl_conversions:/workspace/cartographer_ws/install/pcl_msgs:/workspace/cartographer_ws/install/isaac_ros_tensor_list_interfaces:/workspace/cartographer_ws/install/isaac_ros_pointcloud_interfaces:/workspace/cartographer_ws/install/isaac_ros_nova_interfaces:/workspace/cartographer_ws/install/isaac_ros_nitros_bridge_interfaces:/workspace/cartographer_ws/install/isaac_ros_common:/workspace/cartographer_ws/install/isaac_ros_bi3d_interfaces:/workspace/cartographer_ws/install/isaac_ros_apriltag_interfaces:/workspace/cartographer_ws/install/control_msgs:/workspace/cartographer_ws/install/cartographer_ros_msgs:/workspace/cartographer_ws/install/cartographer:/workspace/cartographer_ws/install/absl:/workspaces/isaac_ros-dev/install/qcar2_autonomy:/workspace/cartographer_ws/install/isaac_ros_test:/opt/ros/humble'), ('TF_AUTOTUNE_THRESHOLD', '2')]), 'shell': False}
[6.757661] (isaac_ros_visual_slam) StdoutLine: {'line': b'-- The C compiler identification is GNU 9.4.0\n'}
[6.795739] (isaac_ros_visual_slam) StdoutLine: {'line': b'-- The CXX compiler identification is GNU 9.4.0\n'}
[6.800518] (isaac_ros_visual_slam) StdoutLine: {'line': b'-- Detecting C compiler ABI info\n'}
[6.811019] (-) TimerEvent: {}
[6.842814] (isaac_ros_visual_slam) StdoutLine: {'line': b'-- Detecting C compiler ABI info - done\n'}
[6.847515] (isaac_ros_visual_slam) StdoutLine: {'line': b'-- Check for working C compiler: /usr/bin/cc - skipped\n'}
[6.847657] (isaac_ros_visual_slam) StdoutLine: {'line': b'-- Detecting C compile features\n'}
[6.847898] (isaac_ros_visual_slam) StdoutLine: {'line': b'-- Detecting C compile features - done\n'}
[6.849755] (isaac_ros_visual_slam) StdoutLine: {'line': b'-- Detecting CXX compiler ABI info\n'}
[6.898599] (isaac_ros_visual_slam) StdoutLine: {'line': b'-- Detecting CXX compiler ABI info - done\n'}
[6.903307] (isaac_ros_visual_slam) StdoutLine: {'line': b'-- Check for working CXX compiler: /usr/bin/c++ - skipped\n'}
[6.903504] (isaac_ros_visual_slam) StdoutLine: {'line': b'-- Detecting CXX compile features\n'}
[6.903853] (isaac_ros_visual_slam) StdoutLine: {'line': b'-- Detecting CXX compile features - done\n'}
[6.906568] (isaac_ros_visual_slam) StdoutLine: {'line': b'-- Architecture: x86_64\n'}
[6.908884] (isaac_ros_visual_slam) StdoutLine: {'line': b'-- Found ament_cmake_auto: 1.3.5 (/opt/ros/humble/share/ament_cmake_auto/cmake)\n'}
[6.911092] (-) TimerEvent: {}
[7.011255] (-) TimerEvent: {}
[7.111461] (-) TimerEvent: {}
[7.211703] (-) TimerEvent: {}
[7.311916] (-) TimerEvent: {}
[7.336468] (isaac_ros_visual_slam) StdoutLine: {'line': b'-- Found Python3: /usr/bin/python3.8 (found version "3.8.10") found components: Interpreter \n'}
[7.375169] (isaac_ros_visual_slam) StdoutLine: {'line': b'-- Override CMake install command with custom implementation using symlinks instead of copying resources\n'}
[7.412025] (-) TimerEvent: {}
[7.447595] (isaac_ros_visual_slam) StdoutLine: {'line': b'-- Loading isaac_ros_common extras\n'}
[7.447741] (isaac_ros_visual_slam) StdoutLine: {'line': b'-- CMAKE_BUILD_TYPE: Release\n'}
[7.459891] (isaac_ros_visual_slam) StdoutLine: {'line': b'-- Looking for pthread.h\n'}
[7.503547] (isaac_ros_visual_slam) StdoutLine: {'line': b'-- Looking for pthread.h - found\n'}
[7.503677] (isaac_ros_visual_slam) StdoutLine: {'line': b'-- Performing Test CMAKE_HAVE_LIBC_PTHREAD\n'}
[7.512132] (-) TimerEvent: {}
[7.556060] (isaac_ros_visual_slam) StdoutLine: {'line': b'-- Performing Test CMAKE_HAVE_LIBC_PTHREAD - Failed\n'}
[7.556363] (isaac_ros_visual_slam) StdoutLine: {'line': b'-- Looking for pthread_create in pthreads\n'}
[7.593590] (isaac_ros_visual_slam) StdoutLine: {'line': b'-- Looking for pthread_create in pthreads - not found\n'}
[7.593707] (isaac_ros_visual_slam) StdoutLine: {'line': b'-- Looking for pthread_create in pthread\n'}
[7.612214] (-) TimerEvent: {}
[7.639217] (isaac_ros_visual_slam) StdoutLine: {'line': b'-- Looking for pthread_create in pthread - found\n'}
[7.640156] (isaac_ros_visual_slam) StdoutLine: {'line': b'-- Found Threads: TRUE  \n'}
[7.653673] (isaac_ros_visual_slam) StdoutLine: {'line': b'-- Found CUDA: /usr/local/cuda (found version "11.8") \n'}
[7.654123] (isaac_ros_visual_slam) StdoutLine: {'line': b'-- Loading isaac_ros_common extras (modules)\n'}
[7.691045] (isaac_ros_visual_slam) StdoutLine: {'line': b'-- Found rosidl_generator_c: 3.1.5 (/opt/ros/humble/share/rosidl_generator_c/cmake)\n'}
[7.696170] (isaac_ros_visual_slam) StdoutLine: {'line': b'-- Found rosidl_adapter: 3.1.5 (/opt/ros/humble/share/rosidl_adapter/cmake)\n'}
[7.703487] (isaac_ros_visual_slam) StdoutLine: {'line': b'-- Found rosidl_generator_cpp: 3.1.5 (/opt/ros/humble/share/rosidl_generator_cpp/cmake)\n'}
[7.712272] (-) TimerEvent: {}
[7.714316] (isaac_ros_visual_slam) StdoutLine: {'line': b'-- Using all available rosidl_typesupport_c: rosidl_typesupport_fastrtps_c;rosidl_typesupport_introspection_c\n'}
[7.729627] (isaac_ros_visual_slam) StdoutLine: {'line': b'-- Using all available rosidl_typesupport_cpp: rosidl_typesupport_fastrtps_cpp;rosidl_typesupport_introspection_cpp\n'}
[7.782441] (isaac_ros_visual_slam) StdoutLine: {'line': b'-- Found rmw_implementation_cmake: 6.1.1 (/opt/ros/humble/share/rmw_implementation_cmake/cmake)\n'}
[7.785443] (isaac_ros_visual_slam) StdoutLine: {'line': b'-- Found rmw_fastrtps_cpp: 6.2.4 (/opt/ros/humble/share/rmw_fastrtps_cpp/cmake)\n'}
[7.812353] (-) TimerEvent: {}
[7.889289] (isaac_ros_visual_slam) StdoutLine: {'line': b'-- Found OpenSSL: /usr/lib/x86_64-linux-gnu/libcrypto.so (found version "1.1.1f")  \n'}
[7.912026] (isaac_ros_visual_slam) StdoutLine: {'line': b'-- Found FastRTPS: /opt/ros/humble/include  \n'}
[7.912409] (-) TimerEvent: {}
[7.957800] (isaac_ros_visual_slam) StdoutLine: {'line': b"-- Using RMW implementation 'rmw_fastrtps_cpp' as default\n"}
[8.012502] (-) TimerEvent: {}
[8.112736] (-) TimerEvent: {}
[8.212962] (-) TimerEvent: {}
[8.313186] (-) TimerEvent: {}
[8.413389] (-) TimerEvent: {}
[8.455901] (isaac_ros_visual_slam) StdoutLine: {'line': b'-- Found eigen3_cmake_module: 0.1.1 (/opt/ros/humble/share/eigen3_cmake_module/cmake)\n'}
[8.456893] (isaac_ros_visual_slam) StdoutLine: {'line': b'-- Found Eigen3: TRUE (found version "3.3.7") \n'}
[8.456993] (isaac_ros_visual_slam) StdoutLine: {'line': b'-- Ensuring Eigen3 include directory is part of orocos-kdl CMake target\n'}
[8.513601] (-) TimerEvent: {}
[8.613895] (-) TimerEvent: {}
[8.674575] (isaac_ros_visual_slam) StderrLine: {'line': b'\x1b[31mCMake Error at /opt/ros/humble/share/ament_cmake_core/cmake/index/ament_index_get_resource.cmake:62 (message):\n'}
[8.674715] (isaac_ros_visual_slam) StderrLine: {'line': b"  ament_index_get_resource() called with not existing resource ('cuvslam'\n"}
[8.674749] (isaac_ros_visual_slam) StderrLine: {'line': b"  'isaac_ros_nitros')\n"}
[8.674775] (isaac_ros_visual_slam) StderrLine: {'line': b'Call Stack (most recent call first):\n'}
[8.674800] (isaac_ros_visual_slam) StderrLine: {'line': b'  CMakeLists.txt:37 (ament_index_get_resource)\n'}
[8.674825] (isaac_ros_visual_slam) StderrLine: {'line': b'\n'}
[8.674851] (isaac_ros_visual_slam) StderrLine: {'line': b'\x1b[0m\n'}
[8.674876] (isaac_ros_visual_slam) StdoutLine: {'line': b'-- Configuring incomplete, errors occurred!\n'}
[8.674909] (isaac_ros_visual_slam) StdoutLine: {'line': b'See also "/workspaces/isaac_ros-dev/build/isaac_ros_visual_slam/CMakeFiles/CMakeOutput.log".\n'}
[8.674935] (isaac_ros_visual_slam) StdoutLine: {'line': b'See also "/workspaces/isaac_ros-dev/build/isaac_ros_visual_slam/CMakeFiles/CMakeError.log".\n'}
[8.680849] (isaac_ros_visual_slam) CommandEnded: {'returncode': 1}
[8.700736] (isaac_ros_visual_slam) JobEnded: {'identifier': 'isaac_ros_visual_slam', 'rc': 1}
[8.711174] (-) EventReactorShutdown: {}
