[0.000000] (-) TimerEvent: {}
[0.001115] (-) JobUnselected: {'identifier': 'qcar2_autonomy'}
[0.001175] (-) JobUnselected: {'identifier': 'qcar2_interfaces'}
[0.001302] (-) JobUnselected: {'identifier': 'qcar2_nodes'}
[0.001395] (-) JobUnselected: {'identifier': 'qcar2_perception'}
[0.001431] (-) JobUnselected: {'identifier': 'rtabmap_demos'}
[0.001535] (-) JobUnselected: {'identifier': 'rtabmap_examples'}
[0.001569] (-) JobUnselected: {'identifier': 'rtabmap_python'}
[0.001713] (-) JobUnselected: {'identifier': 'rtabmap_ros'}
[0.001742] (rtabmap) JobQueued: {'identifier': 'rtabmap', 'dependencies': OrderedDict()}
[0.001833] (rtabmap_msgs) JobQueued: {'identifier': 'rtabmap_msgs', 'dependencies': OrderedDict()}
[0.001879] (rtabmap_conversions) JobQueued: {'identifier': 'rtabmap_conversions', 'dependencies': OrderedDict([('rtabmap', '/workspaces/isaac_ros-dev/Development/ros2/install/rtabmap'), ('rtabmap_msgs', '/workspaces/isaac_ros-dev/Development/ros2/install/rtabmap_msgs')])}
[0.001914] (rtabmap_rviz_plugins) JobQueued: {'identifier': 'rtabmap_rviz_plugins', 'dependencies': OrderedDict([('rtabmap', '/workspaces/isaac_ros-dev/Development/ros2/install/rtabmap'), ('rtabmap_msgs', '/workspaces/isaac_ros-dev/Development/ros2/install/rtabmap_msgs'), ('rtabmap_conversions', '/workspaces/isaac_ros-dev/Development/ros2/install/rtabmap_conversions')])}
[0.002075] (rtabmap_sync) JobQueued: {'identifier': 'rtabmap_sync', 'dependencies': OrderedDict([('rtabmap', '/workspaces/isaac_ros-dev/Development/ros2/install/rtabmap'), ('rtabmap_msgs', '/workspaces/isaac_ros-dev/Development/ros2/install/rtabmap_msgs'), ('rtabmap_conversions', '/workspaces/isaac_ros-dev/Development/ros2/install/rtabmap_conversions')])}
[0.002144] (rtabmap_util) JobQueued: {'identifier': 'rtabmap_util', 'dependencies': OrderedDict([('rtabmap', '/workspaces/isaac_ros-dev/Development/ros2/install/rtabmap'), ('rtabmap_msgs', '/workspaces/isaac_ros-dev/Development/ros2/install/rtabmap_msgs'), ('rtabmap_conversions', '/workspaces/isaac_ros-dev/Development/ros2/install/rtabmap_conversions')])}
[0.002217] (rtabmap_odom) JobQueued: {'identifier': 'rtabmap_odom', 'dependencies': OrderedDict([('rtabmap', '/workspaces/isaac_ros-dev/Development/ros2/install/rtabmap'), ('rtabmap_msgs', '/workspaces/isaac_ros-dev/Development/ros2/install/rtabmap_msgs'), ('rtabmap_conversions', '/workspaces/isaac_ros-dev/Development/ros2/install/rtabmap_conversions'), ('rtabmap_sync', '/workspaces/isaac_ros-dev/Development/ros2/install/rtabmap_sync'), ('rtabmap_util', '/workspaces/isaac_ros-dev/Development/ros2/install/rtabmap_util')])}
[0.002262] (rtabmap_slam) JobQueued: {'identifier': 'rtabmap_slam', 'dependencies': OrderedDict([('rtabmap', '/workspaces/isaac_ros-dev/Development/ros2/install/rtabmap'), ('rtabmap_msgs', '/workspaces/isaac_ros-dev/Development/ros2/install/rtabmap_msgs'), ('rtabmap_conversions', '/workspaces/isaac_ros-dev/Development/ros2/install/rtabmap_conversions'), ('rtabmap_sync', '/workspaces/isaac_ros-dev/Development/ros2/install/rtabmap_sync'), ('rtabmap_util', '/workspaces/isaac_ros-dev/Development/ros2/install/rtabmap_util')])}
[0.002325] (rtabmap_viz) JobQueued: {'identifier': 'rtabmap_viz', 'dependencies': OrderedDict([('rtabmap', '/workspaces/isaac_ros-dev/Development/ros2/install/rtabmap'), ('rtabmap_msgs', '/workspaces/isaac_ros-dev/Development/ros2/install/rtabmap_msgs'), ('rtabmap_conversions', '/workspaces/isaac_ros-dev/Development/ros2/install/rtabmap_conversions'), ('rtabmap_sync', '/workspaces/isaac_ros-dev/Development/ros2/install/rtabmap_sync')])}
[0.002355] (rtabmap_launch) JobQueued: {'identifier': 'rtabmap_launch', 'dependencies': OrderedDict([('rtabmap', '/workspaces/isaac_ros-dev/Development/ros2/install/rtabmap'), ('rtabmap_msgs', '/workspaces/isaac_ros-dev/Development/ros2/install/rtabmap_msgs'), ('rtabmap_conversions', '/workspaces/isaac_ros-dev/Development/ros2/install/rtabmap_conversions'), ('rtabmap_rviz_plugins', '/workspaces/isaac_ros-dev/Development/ros2/install/rtabmap_rviz_plugins'), ('rtabmap_sync', '/workspaces/isaac_ros-dev/Development/ros2/install/rtabmap_sync'), ('rtabmap_util', '/workspaces/isaac_ros-dev/Development/ros2/install/rtabmap_util'), ('rtabmap_odom', '/workspaces/isaac_ros-dev/Development/ros2/install/rtabmap_odom'), ('rtabmap_slam', '/workspaces/isaac_ros-dev/Development/ros2/install/rtabmap_slam'), ('rtabmap_viz', '/workspaces/isaac_ros-dev/Development/ros2/install/rtabmap_viz')])}
[0.002451] (rtabmap) JobStarted: {'identifier': 'rtabmap'}
[0.051075] (rtabmap_msgs) JobStarted: {'identifier': 'rtabmap_msgs'}
[0.093603] (rtabmap) JobProgress: {'identifier': 'rtabmap', 'progress': 'cmake'}
[0.093987] (rtabmap) Command: {'cmd': ['/usr/bin/cmake', '/workspaces/isaac_ros-dev/Development/ros2/src/rtabmap', '-DCMAKE_BUILD_TYPE=Release', '-DBUILD_APP=OFF', '-DBUILD_TOOLS=OFF', '-DBUILD_EXAMPLES=OFF', '-DWITH_QT=OFF', '-DWITH_G2O=OFF', '-DWITH_GTSAM=OFF', '-DWITH_POINTMATCHER=OFF', '-DCMAKE_INSTALL_PREFIX=/workspaces/isaac_ros-dev/Development/ros2/install/rtabmap'], 'cwd': '/workspaces/isaac_ros-dev/Development/ros2/build/rtabmap', 'env': OrderedDict([('DALI_BUILD', '5838886'), ('LIBRARY_PATH', '/usr/local/cuda/lib64/stubs:'), ('NVIDIA_CTK_LIBCUDA_DIR', '/usr/lib/x86_64-linux-gnu'), ('PYTHONWARNINGS', 'ignore:::setuptools.command.install,ignore:::setuptools.command.easy_install,ignore:::pkg_resources'), ('USER', 'bp02-ubuntu'), ('TF_ADJUST_SATURATION_FUSED', '1'), ('CUSOLVER_VERSION', '11.4.1.48'), ('HOSTNAME', 'bp02-ubuntu-ROG-Strix-G16-G615LR-G615LR'), ('CUTENSOR_VERSION', '1.6.1.5'), ('SHLVL', '2'), ('LD_LIBRARY_PATH', '/workspace/cartographer_ws/install/pcl_ros/lib:/workspace/cartographer_ws/install/cartographer_rviz/lib:/workspace/cartographer_ws/install/cartographer_ros/lib:/workspace/cartographer_ws/install/pcl_msgs/lib:/workspace/cartographer_ws/install/isaac_ros_tensor_list_interfaces/lib:/workspace/cartographer_ws/install/isaac_ros_pointcloud_interfaces/lib:/workspace/cartographer_ws/install/isaac_ros_nova_interfaces/lib:/workspace/cartographer_ws/install/isaac_ros_nitros_bridge_interfaces/lib:/workspace/cartographer_ws/install/isaac_ros_common/lib:/workspace/cartographer_ws/install/isaac_ros_bi3d_interfaces/lib:/workspace/cartographer_ws/install/isaac_ros_apriltag_interfaces/lib:/workspace/cartographer_ws/install/control_msgs/lib:/workspace/cartographer_ws/install/cartographer_ros_msgs/lib:/opt/ros/humble/opt/rviz_ogre_vendor/lib:/opt/ros/humble/lib/x86_64-linux-gnu:/opt/ros/humble/lib:/opt/tritonserver/backends/onnxruntime:/usr/local/cuda/compat/lib:/usr/local/nvidia/lib:/usr/local/nvidia/lib64:/opt/tritonserver/lib'), ('HOME', '/home/admin'), ('NVIDIA_TRITON_SERVER_VERSION', '22.09'), ('OLDPWD', '/workspaces/isaac_ros-dev/Development/ros2'), ('CUDA_CACHE_DISABLE', '1'), ('ROS_PYTHON_VERSION', '3'), ('USER_UID', '1000'), ('ENV', '/etc/shinit_v2'), ('RDMACORE_VERSION', '36.0'), ('NVJPEG_VERSION', '11.9.0.86'), ('NVIDIA_BUILD_ID', '44909143'), ('CUDA_VERSION', '11.8.0.062'), ('CUBLAS_VERSION', '11.11.3.6'), ('NSIGHT_SYSTEMS_VERSION', '2022.3.1.43'), ('COLCON_PREFIX_PATH', '/workspace/cartographer_ws/install'), ('ROS_DISTRO', 'humble'), ('OPAL_PREFIX', '/opt/hpcx/ompi'), ('NVIDIA_REQUIRE_CUDA', 'cuda>=9.0'), ('TRT_VERSION', '8.5.0.12'), ('GDRCOPY_VERSION', '2.3'), ('_', '/usr/bin/colcon'), ('ROS_VERSION', '2'), ('PKG_CONFIG_PATH', '/workspace/cartographer_ws/install/cartographer/lib/x86_64-linux-gnu/pkgconfig:/workspace/cartographer_ws/install/cartographer/lib/pkgconfig'), ('NVIDIA_DRIVER_CAPABILITIES', 'all'), ('POLYGRAPHY_VERSION', '0.38.0'), ('CURAND_VERSION', '10.3.0.86'), ('MOFED_VERSION', '5.4-rdmacore36.0'), ('USERNAME', 'admin'), ('TERM', 'xterm'), ('ROS_LOCALHOST_ONLY', '0'), ('PATH', '/workspace/cartographer_ws/install/cartographer/bin:/opt/ros/humble/bin:/opt/tritonserver/bin:/usr/local/mpi/bin:/usr/local/nvidia/bin:/usr/local/cuda/bin:/usr/local/sbin:/usr/local/bin:/usr/sbin:/usr/bin:/sbin:/bin:/usr/local/ucx/bin:/opt/nvidia/tao'), ('FASTRTPS_DEFAULT_PROFILES_FILE', '/usr/local/share/middleware_profiles/rtps_udp_profile.xml'), ('CUDA_DRIVER_VERSION', '520.61.03'), ('_CUDA_COMPAT_STATUS', 'System has unsupported display driver / cuda driver combination (CUDA_ERROR_SYSTEM_DRIVER_MISMATCH) cuInit()=803'), ('DISPLAY', ':1'), ('NVIDIA_PRODUCT_NAME', 'Triton Server'), ('LANG', 'en_US.UTF-8'), ('RMW_IMPLEMENTATION', 'rmw_fastrtps_cpp'), ('NPP_VERSION', '11.8.0.86'), ('ROS_ROOT', '/opt/ros/humble'), ('CUFFT_VERSION', '10.9.0.58'), ('TF_ENABLE_WINOGRAD_NONFUSED', '1'), ('AMENT_PREFIX_PATH', '/workspace/cartographer_ws/install/perception_pcl:/workspace/cartographer_ws/install/pcl_ros:/workspace/cartographer_ws/install/cartographer_rviz:/workspace/cartographer_ws/install/cartographer_ros:/workspace/cartographer_ws/install/pcl_conversions:/workspace/cartographer_ws/install/pcl_msgs:/workspace/cartographer_ws/install/isaac_ros_test:/workspace/cartographer_ws/install/isaac_ros_tensor_list_interfaces:/workspace/cartographer_ws/install/isaac_ros_pointcloud_interfaces:/workspace/cartographer_ws/install/isaac_ros_nova_interfaces:/workspace/cartographer_ws/install/isaac_ros_nitros_bridge_interfaces:/workspace/cartographer_ws/install/isaac_ros_common:/workspace/cartographer_ws/install/isaac_ros_bi3d_interfaces:/workspace/cartographer_ws/install/isaac_ros_apriltag_interfaces:/workspace/cartographer_ws/install/control_msgs:/workspace/cartographer_ws/install/cartographer_ros_msgs:/opt/ros/humble'), ('CUDNN_VERSION', '8.6.0.163'), ('NSIGHT_COMPUTE_VERSION', '2022.3.0.22'), ('DALI_VERSION', '1.17.0'), ('DEBIAN_FRONTEND', 'noninteractive'), ('SHELL', '/bin/bash'), ('DCGM_VERSION', '2.2.9'), ('OPENMPI_VERSION', '4.1.4'), ('TRTOSS_VERSION', ''), ('OMPI_MCA_coll_hcoll_enable', '0'), ('CUSPARSE_VERSION', '11.7.5.86'), ('TRITON_SERVER_GPU_ENABLED', '1'), ('TRITON_SERVER_VERSION', '2.26.0'), ('BASH_ENV', '/etc/bash.bashrc'), ('PWD', '/workspaces/isaac_ros-dev/Development/ros2/build/rtabmap'), ('PYTHONPATH', '/workspace/cartographer_ws/install/pcl_msgs/lib/python3.8/site-packages:/workspace/cartographer_ws/build/isaac_ros_test:/workspace/cartographer_ws/install/isaac_ros_test/lib/python3.8/site-packages:/workspace/cartographer_ws/install/isaac_ros_tensor_list_interfaces/lib/python3.8/site-packages:/workspace/cartographer_ws/install/isaac_ros_pointcloud_interfaces/lib/python3.8/site-packages:/workspace/cartographer_ws/install/isaac_ros_nova_interfaces/lib/python3.8/site-packages:/workspace/cartographer_ws/install/isaac_ros_nitros_bridge_interfaces/lib/python3.8/site-packages:/workspace/cartographer_ws/install/isaac_ros_bi3d_interfaces/lib/python3.8/site-packages:/workspace/cartographer_ws/install/isaac_ros_apriltag_interfaces/lib/python3.8/site-packages:/workspace/cartographer_ws/install/control_msgs/lib/python3.8/site-packages:/workspace/cartographer_ws/install/cartographer_ros_msgs/lib/python3.8/site-packages:/opt/ros/humble/lib/python3.8/site-packages:/home/Quanser/0_libraries/python'), ('_CUDA_COMPAT_PATH', '/usr/local/cuda/compat'), ('TRITON_SERVER_USER', 'triton-server'), ('TF_ADJUST_HUE_FUSED', '1'), ('NVIDIA_VISIBLE_DEVICES', 'void'), ('NCCL_VERSION', '2.15.1'), ('USER_GID', '1000'), ('COLCON', '1'), ('OPENUCX_VERSION', '1.14.0'), ('HPCX_VERSION', '2.12.1a0'), ('SHARP_COLL_ENABLE_CUDA', '0'), ('CMAKE_PREFIX_PATH', '/workspace/cartographer_ws/install/perception_pcl:/workspace/cartographer_ws/install/pcl_ros:/workspace/cartographer_ws/install/cartographer_rviz:/workspace/cartographer_ws/install/cartographer_ros:/workspace/cartographer_ws/install/pcl_conversions:/workspace/cartographer_ws/install/pcl_msgs:/workspace/cartographer_ws/install/isaac_ros_tensor_list_interfaces:/workspace/cartographer_ws/install/isaac_ros_pointcloud_interfaces:/workspace/cartographer_ws/install/isaac_ros_nova_interfaces:/workspace/cartographer_ws/install/isaac_ros_nitros_bridge_interfaces:/workspace/cartographer_ws/install/isaac_ros_common:/workspace/cartographer_ws/install/isaac_ros_bi3d_interfaces:/workspace/cartographer_ws/install/isaac_ros_apriltag_interfaces:/workspace/cartographer_ws/install/control_msgs:/workspace/cartographer_ws/install/cartographer_ros_msgs:/workspace/cartographer_ws/install/cartographer:/workspace/cartographer_ws/install/absl:/workspace/cartographer_ws/install/isaac_ros_test:/opt/ros/humble'), ('TF_AUTOTUNE_THRESHOLD', '2')]), 'shell': False}
[0.099874] (-) TimerEvent: {}
[0.106513] (rtabmap_msgs) JobProgress: {'identifier': 'rtabmap_msgs', 'progress': 'cmake'}
[0.108798] (rtabmap_msgs) Command: {'cmd': ['/usr/bin/cmake', '/workspaces/isaac_ros-dev/Development/ros2/src/rtabmap_ros/rtabmap_msgs', '-DCMAKE_BUILD_TYPE=Release', '-DBUILD_APP=OFF', '-DBUILD_TOOLS=OFF', '-DBUILD_EXAMPLES=OFF', '-DWITH_QT=OFF', '-DWITH_G2O=OFF', '-DWITH_GTSAM=OFF', '-DWITH_POINTMATCHER=OFF', '-DAMENT_CMAKE_SYMLINK_INSTALL=1', '-DCMAKE_INSTALL_PREFIX=/workspaces/isaac_ros-dev/Development/ros2/install/rtabmap_msgs'], 'cwd': '/workspaces/isaac_ros-dev/Development/ros2/build/rtabmap_msgs', 'env': OrderedDict([('DALI_BUILD', '5838886'), ('LIBRARY_PATH', '/usr/local/cuda/lib64/stubs:'), ('NVIDIA_CTK_LIBCUDA_DIR', '/usr/lib/x86_64-linux-gnu'), ('PYTHONWARNINGS', 'ignore:::setuptools.command.install,ignore:::setuptools.command.easy_install,ignore:::pkg_resources'), ('USER', 'bp02-ubuntu'), ('TF_ADJUST_SATURATION_FUSED', '1'), ('CUSOLVER_VERSION', '11.4.1.48'), ('HOSTNAME', 'bp02-ubuntu-ROG-Strix-G16-G615LR-G615LR'), ('CUTENSOR_VERSION', '1.6.1.5'), ('SHLVL', '2'), ('LD_LIBRARY_PATH', '/workspace/cartographer_ws/install/pcl_ros/lib:/workspace/cartographer_ws/install/cartographer_rviz/lib:/workspace/cartographer_ws/install/cartographer_ros/lib:/workspace/cartographer_ws/install/pcl_msgs/lib:/workspace/cartographer_ws/install/isaac_ros_tensor_list_interfaces/lib:/workspace/cartographer_ws/install/isaac_ros_pointcloud_interfaces/lib:/workspace/cartographer_ws/install/isaac_ros_nova_interfaces/lib:/workspace/cartographer_ws/install/isaac_ros_nitros_bridge_interfaces/lib:/workspace/cartographer_ws/install/isaac_ros_common/lib:/workspace/cartographer_ws/install/isaac_ros_bi3d_interfaces/lib:/workspace/cartographer_ws/install/isaac_ros_apriltag_interfaces/lib:/workspace/cartographer_ws/install/control_msgs/lib:/workspace/cartographer_ws/install/cartographer_ros_msgs/lib:/opt/ros/humble/opt/rviz_ogre_vendor/lib:/opt/ros/humble/lib/x86_64-linux-gnu:/opt/ros/humble/lib:/opt/tritonserver/backends/onnxruntime:/usr/local/cuda/compat/lib:/usr/local/nvidia/lib:/usr/local/nvidia/lib64:/opt/tritonserver/lib'), ('HOME', '/home/admin'), ('NVIDIA_TRITON_SERVER_VERSION', '22.09'), ('OLDPWD', '/workspaces/isaac_ros-dev/Development/ros2'), ('CUDA_CACHE_DISABLE', '1'), ('ROS_PYTHON_VERSION', '3'), ('USER_UID', '1000'), ('ENV', '/etc/shinit_v2'), ('RDMACORE_VERSION', '36.0'), ('NVJPEG_VERSION', '11.9.0.86'), ('NVIDIA_BUILD_ID', '44909143'), ('CUDA_VERSION', '11.8.0.062'), ('CUBLAS_VERSION', '11.11.3.6'), ('NSIGHT_SYSTEMS_VERSION', '2022.3.1.43'), ('COLCON_PREFIX_PATH', '/workspace/cartographer_ws/install'), ('ROS_DISTRO', 'humble'), ('OPAL_PREFIX', '/opt/hpcx/ompi'), ('NVIDIA_REQUIRE_CUDA', 'cuda>=9.0'), ('TRT_VERSION', '8.5.0.12'), ('GDRCOPY_VERSION', '2.3'), ('_', '/usr/bin/colcon'), ('ROS_VERSION', '2'), ('PKG_CONFIG_PATH', '/workspace/cartographer_ws/install/cartographer/lib/x86_64-linux-gnu/pkgconfig:/workspace/cartographer_ws/install/cartographer/lib/pkgconfig'), ('NVIDIA_DRIVER_CAPABILITIES', 'all'), ('POLYGRAPHY_VERSION', '0.38.0'), ('CURAND_VERSION', '10.3.0.86'), ('MOFED_VERSION', '5.4-rdmacore36.0'), ('USERNAME', 'admin'), ('TERM', 'xterm'), ('ROS_LOCALHOST_ONLY', '0'), ('PATH', '/workspace/cartographer_ws/install/cartographer/bin:/opt/ros/humble/bin:/opt/tritonserver/bin:/usr/local/mpi/bin:/usr/local/nvidia/bin:/usr/local/cuda/bin:/usr/local/sbin:/usr/local/bin:/usr/sbin:/usr/bin:/sbin:/bin:/usr/local/ucx/bin:/opt/nvidia/tao'), ('FASTRTPS_DEFAULT_PROFILES_FILE', '/usr/local/share/middleware_profiles/rtps_udp_profile.xml'), ('CUDA_DRIVER_VERSION', '520.61.03'), ('_CUDA_COMPAT_STATUS', 'System has unsupported display driver / cuda driver combination (CUDA_ERROR_SYSTEM_DRIVER_MISMATCH) cuInit()=803'), ('DISPLAY', ':1'), ('NVIDIA_PRODUCT_NAME', 'Triton Server'), ('LANG', 'en_US.UTF-8'), ('RMW_IMPLEMENTATION', 'rmw_fastrtps_cpp'), ('NPP_VERSION', '11.8.0.86'), ('ROS_ROOT', '/opt/ros/humble'), ('CUFFT_VERSION', '10.9.0.58'), ('TF_ENABLE_WINOGRAD_NONFUSED', '1'), ('AMENT_PREFIX_PATH', '/workspace/cartographer_ws/install/perception_pcl:/workspace/cartographer_ws/install/pcl_ros:/workspace/cartographer_ws/install/cartographer_rviz:/workspace/cartographer_ws/install/cartographer_ros:/workspace/cartographer_ws/install/pcl_conversions:/workspace/cartographer_ws/install/pcl_msgs:/workspace/cartographer_ws/install/isaac_ros_test:/workspace/cartographer_ws/install/isaac_ros_tensor_list_interfaces:/workspace/cartographer_ws/install/isaac_ros_pointcloud_interfaces:/workspace/cartographer_ws/install/isaac_ros_nova_interfaces:/workspace/cartographer_ws/install/isaac_ros_nitros_bridge_interfaces:/workspace/cartographer_ws/install/isaac_ros_common:/workspace/cartographer_ws/install/isaac_ros_bi3d_interfaces:/workspace/cartographer_ws/install/isaac_ros_apriltag_interfaces:/workspace/cartographer_ws/install/control_msgs:/workspace/cartographer_ws/install/cartographer_ros_msgs:/opt/ros/humble'), ('CUDNN_VERSION', '8.6.0.163'), ('NSIGHT_COMPUTE_VERSION', '2022.3.0.22'), ('DALI_VERSION', '1.17.0'), ('DEBIAN_FRONTEND', 'noninteractive'), ('SHELL', '/bin/bash'), ('DCGM_VERSION', '2.2.9'), ('OPENMPI_VERSION', '4.1.4'), ('TRTOSS_VERSION', ''), ('OMPI_MCA_coll_hcoll_enable', '0'), ('CUSPARSE_VERSION', '11.7.5.86'), ('TRITON_SERVER_GPU_ENABLED', '1'), ('TRITON_SERVER_VERSION', '2.26.0'), ('BASH_ENV', '/etc/bash.bashrc'), ('PWD', '/workspaces/isaac_ros-dev/Development/ros2/build/rtabmap_msgs'), ('PYTHONPATH', '/workspace/cartographer_ws/install/pcl_msgs/lib/python3.8/site-packages:/workspace/cartographer_ws/build/isaac_ros_test:/workspace/cartographer_ws/install/isaac_ros_test/lib/python3.8/site-packages:/workspace/cartographer_ws/install/isaac_ros_tensor_list_interfaces/lib/python3.8/site-packages:/workspace/cartographer_ws/install/isaac_ros_pointcloud_interfaces/lib/python3.8/site-packages:/workspace/cartographer_ws/install/isaac_ros_nova_interfaces/lib/python3.8/site-packages:/workspace/cartographer_ws/install/isaac_ros_nitros_bridge_interfaces/lib/python3.8/site-packages:/workspace/cartographer_ws/install/isaac_ros_bi3d_interfaces/lib/python3.8/site-packages:/workspace/cartographer_ws/install/isaac_ros_apriltag_interfaces/lib/python3.8/site-packages:/workspace/cartographer_ws/install/control_msgs/lib/python3.8/site-packages:/workspace/cartographer_ws/install/cartographer_ros_msgs/lib/python3.8/site-packages:/opt/ros/humble/lib/python3.8/site-packages:/home/Quanser/0_libraries/python'), ('_CUDA_COMPAT_PATH', '/usr/local/cuda/compat'), ('TRITON_SERVER_USER', 'triton-server'), ('TF_ADJUST_HUE_FUSED', '1'), ('NVIDIA_VISIBLE_DEVICES', 'void'), ('NCCL_VERSION', '2.15.1'), ('USER_GID', '1000'), ('COLCON', '1'), ('OPENUCX_VERSION', '1.14.0'), ('HPCX_VERSION', '2.12.1a0'), ('SHARP_COLL_ENABLE_CUDA', '0'), ('CMAKE_PREFIX_PATH', '/workspace/cartographer_ws/install/perception_pcl:/workspace/cartographer_ws/install/pcl_ros:/workspace/cartographer_ws/install/cartographer_rviz:/workspace/cartographer_ws/install/cartographer_ros:/workspace/cartographer_ws/install/pcl_conversions:/workspace/cartographer_ws/install/pcl_msgs:/workspace/cartographer_ws/install/isaac_ros_tensor_list_interfaces:/workspace/cartographer_ws/install/isaac_ros_pointcloud_interfaces:/workspace/cartographer_ws/install/isaac_ros_nova_interfaces:/workspace/cartographer_ws/install/isaac_ros_nitros_bridge_interfaces:/workspace/cartographer_ws/install/isaac_ros_common:/workspace/cartographer_ws/install/isaac_ros_bi3d_interfaces:/workspace/cartographer_ws/install/isaac_ros_apriltag_interfaces:/workspace/cartographer_ws/install/control_msgs:/workspace/cartographer_ws/install/cartographer_ros_msgs:/workspace/cartographer_ws/install/cartographer:/workspace/cartographer_ws/install/absl:/workspace/cartographer_ws/install/isaac_ros_test:/opt/ros/humble'), ('TF_AUTOTUNE_THRESHOLD', '2')]), 'shell': False}
[0.126070] (rtabmap_msgs) StdoutLine: {'line': b'-- Found rosidl_default_generators: 1.2.0 (/opt/ros/humble/share/rosidl_default_generators/cmake)\n'}
[0.126651] (rtabmap_msgs) StdoutLine: {'line': b'-- Found ament_cmake_core: 1.3.5 (/opt/ros/humble/share/ament_cmake_core/cmake)\n'}
[0.199163] (rtabmap) StdoutLine: {'line': b'-- The C compiler identification is GNU 9.4.0\n'}
[0.199832] (-) TimerEvent: {}
[0.294898] (rtabmap) StdoutLine: {'line': b'-- The CXX compiler identification is GNU 9.4.0\n'}
[0.299906] (-) TimerEvent: {}
[0.307428] (rtabmap) StdoutLine: {'line': b'-- Detecting C compiler ABI info\n'}
[0.329729] (rtabmap_msgs) StdoutLine: {'line': b'-- Override CMake install command with custom implementation using symlinks instead of copying resources\n'}
[0.337394] (rtabmap_msgs) StdoutLine: {'line': b'-- Using all available rosidl_typesupport_c: rosidl_typesupport_fastrtps_c;rosidl_typesupport_introspection_c\n'}
[0.342696] (rtabmap_msgs) StdoutLine: {'line': b'-- Found rosidl_adapter: 3.1.5 (/opt/ros/humble/share/rosidl_adapter/cmake)\n'}
[0.400140] (-) TimerEvent: {}
[0.400568] (rtabmap) StdoutLine: {'line': b'-- Detecting C compiler ABI info - done\n'}
[0.411187] (rtabmap) StdoutLine: {'line': b'-- Check for working C compiler: /usr/bin/cc - skipped\n'}
[0.411623] (rtabmap) StdoutLine: {'line': b'-- Detecting C compile features\n'}
[0.412328] (rtabmap) StdoutLine: {'line': b'-- Detecting C compile features - done\n'}
[0.417081] (rtabmap) StdoutLine: {'line': b'-- Detecting CXX compiler ABI info\n'}
[0.427394] (rtabmap_msgs) StdoutLine: {'line': b'-- Using all available rosidl_typesupport_cpp: rosidl_typesupport_fastrtps_cpp;rosidl_typesupport_introspection_cpp\n'}
[0.466344] (rtabmap_msgs) StdoutLine: {'line': b'-- Found builtin_interfaces: 1.2.1 (/opt/ros/humble/share/builtin_interfaces/cmake)\n'}
[0.492924] (rtabmap_msgs) StdoutLine: {'line': b'-- Found geometry_msgs: 4.2.3 (/opt/ros/humble/share/geometry_msgs/cmake)\n'}
[0.500248] (-) TimerEvent: {}
[0.528831] (rtabmap) StdoutLine: {'line': b'-- Detecting CXX compiler ABI info - done\n'}
[0.540538] (rtabmap) StdoutLine: {'line': b'-- Check for working CXX compiler: /usr/bin/c++ - skipped\n'}
[0.540857] (rtabmap) StdoutLine: {'line': b'-- Detecting CXX compile features\n'}
[0.541610] (rtabmap) StdoutLine: {'line': b'-- Detecting CXX compile features - done\n'}
[0.547956] (rtabmap) StdoutLine: {'line': b'-- MOBILE_BUILD=OFF\n'}
[0.581569] (rtabmap_msgs) StdoutLine: {'line': b'-- Found sensor_msgs: 4.2.3 (/opt/ros/humble/share/sensor_msgs/cmake)\n'}
[0.600395] (-) TimerEvent: {}
[0.610697] (rtabmap) StdoutLine: {'line': b"-- Checking for module 'eigen3'\n"}
[0.648167] (rtabmap) StdoutLine: {'line': b'--   Found eigen3, version 3.3.7\n'}
[0.653061] (rtabmap_msgs) StdoutLine: {'line': b'-- Found std_srvs: 4.2.3 (/opt/ros/humble/share/std_srvs/cmake)\n'}
[0.700518] (-) TimerEvent: {}
[0.736676] (rtabmap) StdoutLine: {'line': b'-- Found Eigen: /usr/include/eigen3 (Required is at least version "3.1") \n'}
[0.737018] (rtabmap) StdoutLine: {'line': b'-- Eigen found (include: /usr/include/eigen3, version: 3.3.7)\n'}
[0.800657] (-) TimerEvent: {}
[0.846590] (rtabmap) StdoutLine: {'line': b"-- Checking for module 'libusb-1.0'\n"}
[0.881903] (rtabmap) StdoutLine: {'line': b'--   Found libusb-1.0, version 1.0.23\n'}
[0.900855] (-) TimerEvent: {}
[0.969610] (rtabmap) StderrLine: {'line': b'\x1b[33mCMake Warning (dev) at /usr/share/cmake-3.22/Modules/FindPackageHandleStandardArgs.cmake:438 (message):\n'}
[0.970055] (rtabmap) StderrLine: {'line': b'  The package name passed to `find_package_handle_standard_args` (USB_10)\n'}
[0.970148] (rtabmap) StderrLine: {'line': b'  does not match the name of the calling package (OpenNI).  This can lead to\n'}
[0.970220] (rtabmap) StderrLine: {'line': b'  problems in calling code that expects `find_package` result variables\n'}
[0.970288] (rtabmap) StderrLine: {'line': b'  (e.g., `_FOUND`) to follow a certain pattern.\n'}
[0.970353] (rtabmap) StderrLine: {'line': b'Call Stack (most recent call first):\n'}
[0.970424] (rtabmap) StderrLine: {'line': b'  /usr/lib/x86_64-linux-gnu/cmake/pcl/Modules/FindOpenNI.cmake:28 (find_package_handle_standard_args)\n'}
[0.970492] (rtabmap) StderrLine: {'line': b'  /usr/lib/x86_64-linux-gnu/cmake/pcl/PCLConfig.cmake:179 (find_package)\n'}
[0.970568] (rtabmap) StderrLine: {'line': b'  /usr/lib/x86_64-linux-gnu/cmake/pcl/PCLConfig.cmake:322 (find_openni)\n'}
[0.970644] (rtabmap) StderrLine: {'line': b'  /usr/lib/x86_64-linux-gnu/cmake/pcl/PCLConfig.cmake:548 (find_external_library)\n'}
[0.970718] (rtabmap) StderrLine: {'line': b'  CMakeLists.txt:248 (FIND_PACKAGE)\n'}
[0.970786] (rtabmap) StderrLine: {'line': b'This warning is for project developers.  Use -Wno-dev to suppress it.\n'}
[0.970852] (rtabmap) StderrLine: {'line': b'\x1b[0m\n'}
[0.970917] (rtabmap) StdoutLine: {'line': b'-- Found USB_10: /usr/lib/x86_64-linux-gnu/libusb-1.0.so  \n'}
[1.001078] (-) TimerEvent: {}
[1.099316] (rtabmap) StdoutLine: {'line': b'-- OpenNI found (include: /usr/include/ni, lib: /usr/lib/libOpenNI.so)\n'}
[1.101278] (-) TimerEvent: {}
[1.155203] (rtabmap) StdoutLine: {'line': b'-- The imported target "vtkParseOGLExt" references the file\n'}
[1.155553] (rtabmap) StdoutLine: {'line': b'   "/usr/bin/vtkParseOGLExt-7.1"\n'}
[1.155644] (rtabmap) StdoutLine: {'line': b'but this file does not exist.  Possible reasons include:\n'}
[1.155721] (rtabmap) StdoutLine: {'line': b'* The file was deleted, renamed, or moved to another location.\n'}
[1.155797] (rtabmap) StdoutLine: {'line': b'* An install or uninstall procedure did not complete successfully.\n'}
[1.156072] (rtabmap) StdoutLine: {'line': b'* The installation package was faulty and contained\n'}
[1.156193] (rtabmap) StdoutLine: {'line': b'   "/usr/lib/cmake/vtk-7.1/VTKTargets.cmake"\n'}
[1.156277] (rtabmap) StdoutLine: {'line': b'but not all the files it references.\n'}
[1.156353] (rtabmap) StdoutLine: {'line': b'\n'}
[1.156605] (rtabmap) StdoutLine: {'line': b'-- The imported target "vtkRenderingPythonTkWidgets" references the file\n'}
[1.156754] (rtabmap) StdoutLine: {'line': b'   "/usr/lib/x86_64-linux-gnu/libvtkRenderingPythonTkWidgets.so"\n'}
[1.156841] (rtabmap) StdoutLine: {'line': b'but this file does not exist.  Possible reasons include:\n'}
[1.156920] (rtabmap) StdoutLine: {'line': b'* The file was deleted, renamed, or moved to another location.\n'}
[1.156991] (rtabmap) StdoutLine: {'line': b'* An install or uninstall procedure did not complete successfully.\n'}
[1.157063] (rtabmap) StdoutLine: {'line': b'* The installation package was faulty and contained\n'}
[1.157147] (rtabmap) StdoutLine: {'line': b'   "/usr/lib/cmake/vtk-7.1/VTKTargets.cmake"\n'}
[1.157217] (rtabmap) StdoutLine: {'line': b'but not all the files it references.\n'}
[1.157288] (rtabmap) StdoutLine: {'line': b'\n'}
[1.157359] (rtabmap) StdoutLine: {'line': b'-- The imported target "vtk" references the file\n'}
[1.157429] (rtabmap) StdoutLine: {'line': b'   "/usr/bin/vtk"\n'}
[1.157500] (rtabmap) StdoutLine: {'line': b'but this file does not exist.  Possible reasons include:\n'}
[1.157572] (rtabmap) StdoutLine: {'line': b'* The file was deleted, renamed, or moved to another location.\n'}
[1.157640] (rtabmap) StdoutLine: {'line': b'* An install or uninstall procedure did not complete successfully.\n'}
[1.157711] (rtabmap) StdoutLine: {'line': b'* The installation package was faulty and contained\n'}
[1.157784] (rtabmap) StdoutLine: {'line': b'   "/usr/lib/cmake/vtk-7.1/VTKTargets.cmake"\n'}
[1.157853] (rtabmap) StdoutLine: {'line': b'but not all the files it references.\n'}
[1.157921] (rtabmap) StdoutLine: {'line': b'\n'}
[1.157994] (rtabmap) StdoutLine: {'line': b'-- The imported target "pvtk" references the file\n'}
[1.158102] (rtabmap) StdoutLine: {'line': b'   "/usr/bin/pvtk"\n'}
[1.158175] (rtabmap) StdoutLine: {'line': b'but this file does not exist.  Possible reasons include:\n'}
[1.158249] (rtabmap) StdoutLine: {'line': b'* The file was deleted, renamed, or moved to another location.\n'}
[1.158324] (rtabmap) StdoutLine: {'line': b'* An install or uninstall procedure did not complete successfully.\n'}
[1.158393] (rtabmap) StdoutLine: {'line': b'* The installation package was faulty and contained\n'}
[1.158464] (rtabmap) StdoutLine: {'line': b'   "/usr/lib/cmake/vtk-7.1/VTKTargets.cmake"\n'}
[1.158534] (rtabmap) StdoutLine: {'line': b'but not all the files it references.\n'}
[1.158609] (rtabmap) StdoutLine: {'line': b'\n'}
[1.180040] (rtabmap) StderrLine: {'line': b'\x1b[33mCMake Warning (dev) at /usr/share/cmake-3.22/Modules/FindPackageHandleStandardArgs.cmake:438 (message):\n'}
[1.180243] (rtabmap) StderrLine: {'line': b'  The package name passed to `find_package_handle_standard_args` (libusb-1.0)\n'}
[1.180324] (rtabmap) StderrLine: {'line': b'  does not match the name of the calling package (PCL).  This can lead to\n'}
[1.180392] (rtabmap) StderrLine: {'line': b'  problems in calling code that expects `find_package` result variables\n'}
[1.180458] (rtabmap) StderrLine: {'line': b'  (e.g., `_FOUND`) to follow a certain pattern.\n'}
[1.180528] (rtabmap) StderrLine: {'line': b'Call Stack (most recent call first):\n'}
[1.180596] (rtabmap) StderrLine: {'line': b'  /usr/lib/x86_64-linux-gnu/cmake/pcl/PCLConfig.cmake:291 (find_package_handle_standard_args)\n'}
[1.180662] (rtabmap) StderrLine: {'line': b'  /usr/lib/x86_64-linux-gnu/cmake/pcl/PCLConfig.cmake:338 (find_libusb)\n'}
[1.180730] (rtabmap) StderrLine: {'line': b'  /usr/lib/x86_64-linux-gnu/cmake/pcl/PCLConfig.cmake:548 (find_external_library)\n'}
[1.180812] (rtabmap) StderrLine: {'line': b'  CMakeLists.txt:248 (FIND_PACKAGE)\n'}
[1.180876] (rtabmap) StderrLine: {'line': b'This warning is for project developers.  Use -Wno-dev to suppress it.\n'}
[1.180942] (rtabmap) StderrLine: {'line': b'\x1b[0m\n'}
[1.181008] (rtabmap) StdoutLine: {'line': b'-- Found libusb-1.0: /usr/include  \n'}
[1.201457] (-) TimerEvent: {}
[1.240580] (rtabmap) StdoutLine: {'line': b"-- Checking for module 'flann'\n"}
[1.277224] (rtabmap) StdoutLine: {'line': b'--   Found flann, version 1.9.1\n'}
[1.301618] (-) TimerEvent: {}
[1.303036] (rtabmap_msgs) StdoutLine: {'line': b'-- Found ament_cmake_ros: 0.10.0 (/opt/ros/humble/share/ament_cmake_ros/cmake)\n'}
[1.379562] (rtabmap) StdoutLine: {'line': b'-- Found FLANN: /usr/lib/x86_64-linux-gnu/libflann_cpp.so  \n'}
[1.401759] (-) TimerEvent: {}
[1.403581] (rtabmap) StdoutLine: {'line': b'-- Found Qhull: optimized;/usr/lib/x86_64-linux-gnu/libqhull.so;debug;/usr/lib/x86_64-linux-gnu/libqhull.so  \n'}
[1.403805] (rtabmap) StdoutLine: {'line': b'-- QHULL found (include: /usr/include, lib: optimized;/usr/lib/x86_64-linux-gnu/libqhull.so;debug;/usr/lib/x86_64-linux-gnu/libqhull.so)\n'}
[1.429505] (rtabmap) StderrLine: {'line': b'\x1b[33mCMake Warning (dev) at /usr/share/cmake-3.22/Modules/FindPackageHandleStandardArgs.cmake:438 (message):\n'}
[1.429822] (rtabmap) StderrLine: {'line': b'  The package name passed to `find_package_handle_standard_args` (PCL_COMMON)\n'}
[1.429903] (rtabmap) StderrLine: {'line': b'  does not match the name of the calling package (PCL).  This can lead to\n'}
[1.429976] (rtabmap) StderrLine: {'line': b'  problems in calling code that expects `find_package` result variables\n'}
[1.430050] (rtabmap) StderrLine: {'line': b'  (e.g., `_FOUND`) to follow a certain pattern.\n'}
[1.430139] (rtabmap) StderrLine: {'line': b'Call Stack (most recent call first):\n'}
[1.430217] (rtabmap) StderrLine: {'line': b'  /usr/lib/x86_64-linux-gnu/cmake/pcl/PCLConfig.cmake:616 (find_package_handle_standard_args)\n'}
[1.430294] (rtabmap) StderrLine: {'line': b'  CMakeLists.txt:248 (FIND_PACKAGE)\n'}
[1.430369] (rtabmap) StderrLine: {'line': b'This warning is for project developers.  Use -Wno-dev to suppress it.\n'}
[1.430447] (rtabmap) StderrLine: {'line': b'\x1b[0m\n'}
[1.430519] (rtabmap) StdoutLine: {'line': b'-- Found PCL_COMMON: /usr/lib/x86_64-linux-gnu/libpcl_common.so  \n'}
[1.430809] (rtabmap) StderrLine: {'line': b'\x1b[33mCMake Warning (dev) at /usr/share/cmake-3.22/Modules/FindPackageHandleStandardArgs.cmake:438 (message):\n'}
[1.430904] (rtabmap) StderrLine: {'line': b'  The package name passed to `find_package_handle_standard_args` (PCL_OCTREE)\n'}
[1.430985] (rtabmap) StderrLine: {'line': b'  does not match the name of the calling package (PCL).  This can lead to\n'}
[1.431150] (rtabmap) StderrLine: {'line': b'  problems in calling code that expects `find_package` result variables\n'}
[1.431249] (rtabmap) StderrLine: {'line': b'  (e.g., `_FOUND`) to follow a certain pattern.\n'}
[1.431320] (rtabmap) StderrLine: {'line': b'Call Stack (most recent call first):\n'}
[1.431396] (rtabmap) StderrLine: {'line': b'  /usr/lib/x86_64-linux-gnu/cmake/pcl/PCLConfig.cmake:616 (find_package_handle_standard_args)\n'}
[1.431467] (rtabmap) StderrLine: {'line': b'  CMakeLists.txt:248 (FIND_PACKAGE)\n'}
[1.431541] (rtabmap) StderrLine: {'line': b'This warning is for project developers.  Use -Wno-dev to suppress it.\n'}
[1.431614] (rtabmap) StderrLine: {'line': b'\x1b[0m\n'}
[1.431690] (rtabmap) StdoutLine: {'line': b'-- Found PCL_OCTREE: /usr/lib/x86_64-linux-gnu/libpcl_octree.so  \n'}
[1.432092] (rtabmap) StderrLine: {'line': b'\x1b[33mCMake Warning (dev) at /usr/share/cmake-3.22/Modules/FindPackageHandleStandardArgs.cmake:438 (message):\n'}
[1.432210] (rtabmap) StderrLine: {'line': b'  The package name passed to `find_package_handle_standard_args` (PCL_IO)\n'}
[1.432285] (rtabmap) StderrLine: {'line': b'  does not match the name of the calling package (PCL).  This can lead to\n'}
[1.432366] (rtabmap) StderrLine: {'line': b'  problems in calling code that expects `find_package` result variables\n'}
[1.432447] (rtabmap) StderrLine: {'line': b'  (e.g., `_FOUND`) to follow a certain pattern.\n'}
[1.432529] (rtabmap) StderrLine: {'line': b'Call Stack (most recent call first):\n'}
[1.432598] (rtabmap) StderrLine: {'line': b'  /usr/lib/x86_64-linux-gnu/cmake/pcl/PCLConfig.cmake:616 (find_package_handle_standard_args)\n'}
[1.432669] (rtabmap) StderrLine: {'line': b'  CMakeLists.txt:248 (FIND_PACKAGE)\n'}
[1.432739] (rtabmap) StderrLine: {'line': b'This warning is for project developers.  Use -Wno-dev to suppress it.\n'}
[1.432806] (rtabmap) StderrLine: {'line': b'\x1b[0m\n'}
[1.432885] (rtabmap) StdoutLine: {'line': b'-- Found PCL_IO: /usr/lib/x86_64-linux-gnu/libpcl_io.so  \n'}
[1.433392] (rtabmap) StderrLine: {'line': b'\x1b[33mCMake Warning (dev) at /usr/share/cmake-3.22/Modules/FindPackageHandleStandardArgs.cmake:438 (message):\n'}
[1.433514] (rtabmap) StderrLine: {'line': b'  The package name passed to `find_package_handle_standard_args` (PCL_KDTREE)\n'}
[1.433586] (rtabmap) StderrLine: {'line': b'  does not match the name of the calling package (PCL).  This can lead to\n'}
[1.433652] (rtabmap) StderrLine: {'line': b'  problems in calling code that expects `find_package` result variables\n'}
[1.433718] (rtabmap) StderrLine: {'line': b'  (e.g., `_FOUND`) to follow a certain pattern.\n'}
[1.433783] (rtabmap) StderrLine: {'line': b'Call Stack (most recent call first):\n'}
[1.433870] (rtabmap) StderrLine: {'line': b'  /usr/lib/x86_64-linux-gnu/cmake/pcl/PCLConfig.cmake:616 (find_package_handle_standard_args)\n'}
[1.433935] (rtabmap) StderrLine: {'line': b'  CMakeLists.txt:248 (FIND_PACKAGE)\n'}
[1.434000] (rtabmap) StderrLine: {'line': b'This warning is for project developers.  Use -Wno-dev to suppress it.\n'}
[1.434077] (rtabmap) StderrLine: {'line': b'\x1b[0m\n'}
[1.434151] (rtabmap) StdoutLine: {'line': b'-- Found PCL_KDTREE: /usr/lib/x86_64-linux-gnu/libpcl_kdtree.so  \n'}
[1.434675] (rtabmap) StderrLine: {'line': b'\x1b[33mCMake Warning (dev) at /usr/share/cmake-3.22/Modules/FindPackageHandleStandardArgs.cmake:438 (message):\n'}
[1.434763] (rtabmap) StderrLine: {'line': b'  The package name passed to `find_package_handle_standard_args` (PCL_SEARCH)\n'}
[1.434885] (rtabmap) StderrLine: {'line': b'  does not match the name of the calling package (PCL).  This can lead to\n'}
[1.434956] (rtabmap) StderrLine: {'line': b'  problems in calling code that expects `find_package` result variables\n'}
[1.435025] (rtabmap) StderrLine: {'line': b'  (e.g., `_FOUND`) to follow a certain pattern.\n'}
[1.435098] (rtabmap) StderrLine: {'line': b'Call Stack (most recent call first):\n'}
[1.435167] (rtabmap) StderrLine: {'line': b'  /usr/lib/x86_64-linux-gnu/cmake/pcl/PCLConfig.cmake:616 (find_package_handle_standard_args)\n'}
[1.435238] (rtabmap) StderrLine: {'line': b'  CMakeLists.txt:248 (FIND_PACKAGE)\n'}
[1.435306] (rtabmap) StderrLine: {'line': b'This warning is for project developers.  Use -Wno-dev to suppress it.\n'}
[1.435381] (rtabmap) StderrLine: {'line': b'\x1b[0m\n'}
[1.435447] (rtabmap) StdoutLine: {'line': b'-- Found PCL_SEARCH: /usr/lib/x86_64-linux-gnu/libpcl_search.so  \n'}
[1.435964] (rtabmap) StderrLine: {'line': b'\x1b[33mCMake Warning (dev) at /usr/share/cmake-3.22/Modules/FindPackageHandleStandardArgs.cmake:438 (message):\n'}
[1.436041] (rtabmap) StderrLine: {'line': b'  The package name passed to `find_package_handle_standard_args`\n'}
[1.436121] (rtabmap) StderrLine: {'line': b'  (PCL_SURFACE) does not match the name of the calling package (PCL).  This\n'}
[1.436219] (rtabmap) StderrLine: {'line': b'  can lead to problems in calling code that expects `find_package` result\n'}
[1.436289] (rtabmap) StderrLine: {'line': b'  variables (e.g., `_FOUND`) to follow a certain pattern.\n'}
[1.436358] (rtabmap) StderrLine: {'line': b'Call Stack (most recent call first):\n'}
[1.436426] (rtabmap) StderrLine: {'line': b'  /usr/lib/x86_64-linux-gnu/cmake/pcl/PCLConfig.cmake:616 (find_package_handle_standard_args)\n'}
[1.436497] (rtabmap) StderrLine: {'line': b'  CMakeLists.txt:248 (FIND_PACKAGE)\n'}
[1.436563] (rtabmap) StderrLine: {'line': b'This warning is for project developers.  Use -Wno-dev to suppress it.\n'}
[1.436635] (rtabmap) StderrLine: {'line': b'\x1b[0m\n'}
[1.436702] (rtabmap) StdoutLine: {'line': b'-- Found PCL_SURFACE: /usr/lib/x86_64-linux-gnu/libpcl_surface.so  \n'}
[1.437349] (rtabmap) StderrLine: {'line': b'\x1b[33mCMake Warning (dev) at /usr/share/cmake-3.22/Modules/FindPackageHandleStandardArgs.cmake:438 (message):\n'}
[1.437451] (rtabmap) StderrLine: {'line': b'  The package name passed to `find_package_handle_standard_args`\n'}
[1.437521] (rtabmap) StderrLine: {'line': b'  (PCL_FILTERS) does not match the name of the calling package (PCL).  This\n'}
[1.437590] (rtabmap) StderrLine: {'line': b'  can lead to problems in calling code that expects `find_package` result\n'}
[1.437659] (rtabmap) StderrLine: {'line': b'  variables (e.g., `_FOUND`) to follow a certain pattern.\n'}
[1.437729] (rtabmap) StderrLine: {'line': b'Call Stack (most recent call first):\n'}
[1.437794] (rtabmap) StderrLine: {'line': b'  /usr/lib/x86_64-linux-gnu/cmake/pcl/PCLConfig.cmake:616 (find_package_handle_standard_args)\n'}
[1.437930] (rtabmap) StderrLine: {'line': b'  CMakeLists.txt:248 (FIND_PACKAGE)\n'}
[1.438029] (rtabmap) StderrLine: {'line': b'This warning is for project developers.  Use -Wno-dev to suppress it.\n'}
[1.438107] (rtabmap) StderrLine: {'line': b'\x1b[0m\n'}
[1.438180] (rtabmap) StdoutLine: {'line': b'-- Found PCL_FILTERS: /usr/lib/x86_64-linux-gnu/libpcl_filters.so  \n'}
[1.438259] (rtabmap) StderrLine: {'line': b'\x1b[33mCMake Warning (dev) at /usr/share/cmake-3.22/Modules/FindPackageHandleStandardArgs.cmake:438 (message):\n'}
[1.438335] (rtabmap) StderrLine: {'line': b'  The package name passed to `find_package_handle_standard_args` (PCL_2D)\n'}
[1.438409] (rtabmap) StderrLine: {'line': b'  does not match the name of the calling package (PCL).  This can lead to\n'}
[1.438478] (rtabmap) StderrLine: {'line': b'  problems in calling code that expects `find_package` result variables\n'}
[1.438552] (rtabmap) StderrLine: {'line': b'  (e.g., `_FOUND`) to follow a certain pattern.\n'}
[1.438622] (rtabmap) StderrLine: {'line': b'Call Stack (most recent call first):\n'}
[1.438698] (rtabmap) StderrLine: {'line': b'  /usr/lib/x86_64-linux-gnu/cmake/pcl/PCLConfig.cmake:619 (find_package_handle_standard_args)\n'}
[1.438767] (rtabmap) StderrLine: {'line': b'  CMakeLists.txt:248 (FIND_PACKAGE)\n'}
[1.438841] (rtabmap) StderrLine: {'line': b'This warning is for project developers.  Use -Wno-dev to suppress it.\n'}
[1.438912] (rtabmap) StderrLine: {'line': b'\x1b[0m\n'}
[1.438980] (rtabmap) StdoutLine: {'line': b'-- Found PCL_2D: /usr/include/pcl-1.10  \n'}
[1.439376] (rtabmap) StderrLine: {'line': b'\x1b[33mCMake Warning (dev) at /usr/share/cmake-3.22/Modules/FindPackageHandleStandardArgs.cmake:438 (message):\n'}
[1.439517] (rtabmap) StderrLine: {'line': b'  The package name passed to `find_package_handle_standard_args`\n'}
[1.439589] (rtabmap) StderrLine: {'line': b'  (PCL_FEATURES) does not match the name of the calling package (PCL).  This\n'}
[1.439651] (rtabmap) StderrLine: {'line': b'  can lead to problems in calling code that expects `find_package` result\n'}
[1.439713] (rtabmap) StderrLine: {'line': b'  variables (e.g., `_FOUND`) to follow a certain pattern.\n'}
[1.439779] (rtabmap) StderrLine: {'line': b'Call Stack (most recent call first):\n'}
[1.439843] (rtabmap) StderrLine: {'line': b'  /usr/lib/x86_64-linux-gnu/cmake/pcl/PCLConfig.cmake:616 (find_package_handle_standard_args)\n'}
[1.439906] (rtabmap) StderrLine: {'line': b'  CMakeLists.txt:248 (FIND_PACKAGE)\n'}
[1.439971] (rtabmap) StderrLine: {'line': b'This warning is for project developers.  Use -Wno-dev to suppress it.\n'}
[1.440036] (rtabmap) StderrLine: {'line': b'\x1b[0m\n'}
[1.440117] (rtabmap) StdoutLine: {'line': b'-- Found PCL_FEATURES: /usr/lib/x86_64-linux-gnu/libpcl_features.so  \n'}
[1.440714] (rtabmap) StderrLine: {'line': b'\x1b[33mCMake Warning (dev) at /usr/share/cmake-3.22/Modules/FindPackageHandleStandardArgs.cmake:438 (message):\n'}
[1.440785] (rtabmap) StderrLine: {'line': b'  The package name passed to `find_package_handle_standard_args`\n'}
[1.440850] (rtabmap) StderrLine: {'line': b'  (PCL_REGISTRATION) does not match the name of the calling package (PCL).\n'}
[1.440918] (rtabmap) StderrLine: {'line': b'  This can lead to problems in calling code that expects `find_package`\n'}
[1.440979] (rtabmap) StderrLine: {'line': b'  result variables (e.g., `_FOUND`) to follow a certain pattern.\n'}
[1.441045] (rtabmap) StderrLine: {'line': b'Call Stack (most recent call first):\n'}
[1.441113] (rtabmap) StderrLine: {'line': b'  /usr/lib/x86_64-linux-gnu/cmake/pcl/PCLConfig.cmake:616 (find_package_handle_standard_args)\n'}
[1.441176] (rtabmap) StderrLine: {'line': b'  CMakeLists.txt:248 (FIND_PACKAGE)\n'}
[1.441240] (rtabmap) StderrLine: {'line': b'This warning is for project developers.  Use -Wno-dev to suppress it.\n'}
[1.441309] (rtabmap) StderrLine: {'line': b'\x1b[0m\n'}
[1.441374] (rtabmap) StdoutLine: {'line': b'-- Found PCL_REGISTRATION: /usr/lib/x86_64-linux-gnu/libpcl_registration.so  \n'}
[1.441982] (rtabmap) StderrLine: {'line': b'\x1b[33mCMake Warning (dev) at /usr/share/cmake-3.22/Modules/FindPackageHandleStandardArgs.cmake:438 (message):\n'}
[1.442053] (rtabmap) StderrLine: {'line': b'  The package name passed to `find_package_handle_standard_args`\n'}
[1.442126] (rtabmap) StderrLine: {'line': b'  (PCL_SAMPLE_CONSENSUS) does not match the name of the calling package\n'}
[1.442192] (rtabmap) StderrLine: {'line': b'  (PCL).  This can lead to problems in calling code that expects\n'}
[1.442256] (rtabmap) StderrLine: {'line': b'  `find_package` result variables (e.g., `_FOUND`) to follow a certain\n'}
[1.442328] (rtabmap) StderrLine: {'line': b'  pattern.\n'}
[1.442390] (rtabmap) StderrLine: {'line': b'Call Stack (most recent call first):\n'}
[1.442464] (rtabmap) StderrLine: {'line': b'  /usr/lib/x86_64-linux-gnu/cmake/pcl/PCLConfig.cmake:616 (find_package_handle_standard_args)\n'}
[1.442828] (rtabmap) StderrLine: {'line': b'  CMakeLists.txt:248 (FIND_PACKAGE)\n'}
[1.442896] (rtabmap) StderrLine: {'line': b'This warning is for project developers.  Use -Wno-dev to suppress it.\n'}
[1.442965] (rtabmap) StderrLine: {'line': b'\x1b[0m\n'}
[1.443031] (rtabmap) StdoutLine: {'line': b'-- Found PCL_SAMPLE_CONSENSUS: /usr/lib/x86_64-linux-gnu/libpcl_sample_consensus.so  \n'}
[1.443104] (rtabmap) StdoutLine: {'line': b'-- Found PCL_GEOMETRY: /usr/include/pcl-1.10  \n'}
[1.443171] (rtabmap) StderrLine: {'line': b'\x1b[33mCMake Warning (dev) at /usr/share/cmake-3.22/Modules/FindPackageHandleStandardArgs.cmake:438 (message):\n'}
[1.443240] (rtabmap) StderrLine: {'line': b'  The package name passed to `find_package_handle_standard_args`\n'}
[1.443306] (rtabmap) StderrLine: {'line': b'  (PCL_GEOMETRY) does not match the name of the calling package (PCL).  This\n'}
[1.443373] (rtabmap) StderrLine: {'line': b'  can lead to problems in calling code that expects `find_package` result\n'}
[1.443440] (rtabmap) StderrLine: {'line': b'  variables (e.g., `_FOUND`) to follow a certain pattern.\n'}
[1.443503] (rtabmap) StderrLine: {'line': b'Call Stack (most recent call first):\n'}
[1.443570] (rtabmap) StderrLine: {'line': b'  /usr/lib/x86_64-linux-gnu/cmake/pcl/PCLConfig.cmake:619 (find_package_handle_standard_args)\n'}
[1.443754] (rtabmap) StderrLine: {'line': b'  CMakeLists.txt:248 (FIND_PACKAGE)\n'}
[1.443822] (rtabmap) StderrLine: {'line': b'This warning is for project developers.  Use -Wno-dev to suppress it.\n'}
[1.443887] (rtabmap) StderrLine: {'line': b'\x1b[0m\n'}
[1.443952] (rtabmap) StderrLine: {'line': b'\x1b[33mCMake Warning (dev) at /usr/share/cmake-3.22/Modules/FindPackageHandleStandardArgs.cmake:438 (message):\n'}
[1.444015] (rtabmap) StderrLine: {'line': b'  The package name passed to `find_package_handle_standard_args` (PCL_ML)\n'}
[1.444080] (rtabmap) StderrLine: {'line': b'  does not match the name of the calling package (PCL).  This can lead to\n'}
[1.444149] (rtabmap) StderrLine: {'line': b'  problems in calling code that expects `find_package` result variables\n'}
[1.444215] (rtabmap) StderrLine: {'line': b'  (e.g., `_FOUND`) to follow a certain pattern.\n'}
[1.444278] (rtabmap) StderrLine: {'line': b'Call Stack (most recent call first):\n'}
[1.444343] (rtabmap) StderrLine: {'line': b'  /usr/lib/x86_64-linux-gnu/cmake/pcl/PCLConfig.cmake:616 (find_package_handle_standard_args)\n'}
[1.444405] (rtabmap) StderrLine: {'line': b'  CMakeLists.txt:248 (FIND_PACKAGE)\n'}
[1.444468] (rtabmap) StderrLine: {'line': b'This warning is for project developers.  Use -Wno-dev to suppress it.\n'}
[1.444537] (rtabmap) StderrLine: {'line': b'\x1b[0m\n'}
[1.444600] (rtabmap) StdoutLine: {'line': b'-- Found PCL_ML: /usr/lib/x86_64-linux-gnu/libpcl_ml.so  \n'}
[1.444962] (rtabmap) StderrLine: {'line': b'\x1b[33mCMake Warning (dev) at /usr/share/cmake-3.22/Modules/FindPackageHandleStandardArgs.cmake:438 (message):\n'}
[1.445035] (rtabmap) StderrLine: {'line': b'  The package name passed to `find_package_handle_standard_args`\n'}
[1.445110] (rtabmap) StderrLine: {'line': b'  (PCL_SEGMENTATION) does not match the name of the calling package (PCL).\n'}
[1.445181] (rtabmap) StderrLine: {'line': b'  This can lead to problems in calling code that expects `find_package`\n'}
[1.445250] (rtabmap) StderrLine: {'line': b'  result variables (e.g., `_FOUND`) to follow a certain pattern.\n'}
[1.445314] (rtabmap) StderrLine: {'line': b'Call Stack (most recent call first):\n'}
[1.445447] (rtabmap) StderrLine: {'line': b'  /usr/lib/x86_64-linux-gnu/cmake/pcl/PCLConfig.cmake:616 (find_package_handle_standard_args)\n'}
[1.445514] (rtabmap) StderrLine: {'line': b'  CMakeLists.txt:248 (FIND_PACKAGE)\n'}
[1.445580] (rtabmap) StderrLine: {'line': b'This warning is for project developers.  Use -Wno-dev to suppress it.\n'}
[1.445645] (rtabmap) StderrLine: {'line': b'\x1b[0m\n'}
[1.445714] (rtabmap) StdoutLine: {'line': b'-- Found PCL_SEGMENTATION: /usr/lib/x86_64-linux-gnu/libpcl_segmentation.so  \n'}
[1.446176] (rtabmap) StdoutLine: {'line': b'-- PCL definitions don\'t contain "-march=native", make sure all libraries using Eigen are also compiled without that flag to avoid some segmentation faults (with gdb referring to some Eigen functions).\n'}
[1.466551] (rtabmap) StdoutLine: {'line': b'-- Found SQLite3: /usr/include /usr/lib/x86_64-linux-gnu/libsqlite3.so\n'}
[1.501894] (-) TimerEvent: {}
[1.602370] (-) TimerEvent: {}
[1.635730] (rtabmap_msgs) StdoutLine: {'line': b'-- Using all available rosidl_typesupport_c: rosidl_typesupport_fastrtps_c;rosidl_typesupport_introspection_c\n'}
[1.702527] (-) TimerEvent: {}
[1.803207] (-) TimerEvent: {}
[1.814695] (rtabmap) StdoutLine: {'line': b'-- Found OpenMP_C: -fopenmp (found version "4.5") \n'}
[1.903441] (-) TimerEvent: {}
[1.932322] (rtabmap) StdoutLine: {'line': b'-- Found OpenMP_CXX: -fopenmp (found version "4.5") \n'}
[1.932988] (rtabmap) StdoutLine: {'line': b'-- Found OpenMP: TRUE (found version "4.5") found components: C CXX \n'}
[1.933236] (rtabmap) StdoutLine: {'line': b'-- Found OpenMP: /usr/lib/gcc/x86_64-linux-gnu/9/libgomp.so;/usr/lib/x86_64-linux-gnu/libpthread.so\n'}
[1.933314] (rtabmap) StdoutLine: {'line': b'-- Add PCL_OMP to definitions\n'}
[1.933379] (rtabmap) StdoutLine: {'line': b'-- Found OpenCV: /usr/include/opencv4\n'}
[1.933438] (rtabmap) StdoutLine: {'line': b'-- Found PCL: /usr/include/pcl-1.10;/usr/include/eigen3;/usr/include;/usr/include/ni;/usr/include/vtk-7.1;/usr/include/freetype2;/usr/include/x86_64-linux-gnu\n'}
[1.933498] (rtabmap) StdoutLine: {'line': b'-- Found ZLIB: /usr/include\n'}
[1.974050] (rtabmap) StdoutLine: {'line': b'-- Found Freenect: /usr/include\n'}
[2.003580] (-) TimerEvent: {}
[2.078006] (rtabmap_msgs) StdoutLine: {'line': b'-- Using all available rosidl_typesupport_cpp: rosidl_typesupport_fastrtps_cpp;rosidl_typesupport_introspection_cpp\n'}
[2.078386] (rtabmap) StdoutLine: {'line': b'-- Found OpenNI2: /usr/include/openni2\n'}
[2.081143] (rtabmap) StdoutLine: {'line': b'-- Found DC1394: /usr/include/dc1394\n'}
[2.103699] (-) TimerEvent: {}
[2.117584] (rtabmap) StdoutLine: {'line': b'-- FlyCapture2_INCLUDE_DIR=FlyCapture2_INCLUDE_DIR-NOTFOUND\n'}
[2.117899] (rtabmap) StdoutLine: {'line': b'-- FlyCapture2_LIBRARY=FlyCapture2_LIBRARY-NOTFOUND\n'}
[2.117975] (rtabmap) StdoutLine: {'line': b'-- Triclops_INCLUDE_DIR=Triclops_INCLUDE_DIR-NOTFOUND\n'}
[2.118034] (rtabmap) StdoutLine: {'line': b'-- Triclops_LIBRARY=Triclops_LIBRARY-NOTFOUND\n'}
[2.118103] (rtabmap) StdoutLine: {'line': b'-- FlyCaptureBridge_LIBRARY=FlyCaptureBridge_LIBRARY-NOTFOUND\n'}
[2.124442] (rtabmap_msgs) StdoutLine: {'line': b'-- Found python_cmake_module: 0.10.0 (/opt/ros/humble/share/python_cmake_module/cmake)\n'}
[2.172023] (rtabmap) StdoutLine: {'line': b'-- Found RealSense2: \n'}
[2.172415] (rtabmap_msgs) StdoutLine: {'line': b'-- Using PYTHON_EXECUTABLE: /usr/bin/python3\n'}
[2.172509] (rtabmap_msgs) StdoutLine: {'line': b'-- Using PYTHON_INCLUDE_DIRS: /usr/include/python3.8\n'}
[2.172579] (rtabmap_msgs) StdoutLine: {'line': b'-- Using PYTHON_LIBRARIES: /usr/lib/x86_64-linux-gnu/libpython3.8.so\n'}
[2.203980] (-) TimerEvent: {}
[2.221364] (rtabmap) StdoutLine: {'line': b'-- Found octomap 1.9.3: /usr/include\n'}
[2.226538] (rtabmap) StdoutLine: {'line': b'-- Architecture: x86_64\n'}
[2.263166] (rtabmap) StdoutLine: {'line': b'-- Performing Test COMPILER_SUPPORTS_CXX14\n'}
[2.297829] (rtabmap_msgs) StdoutLine: {'line': b'-- Configuring done\n'}
[2.304060] (-) TimerEvent: {}
[2.366625] (rtabmap) StdoutLine: {'line': b'-- Performing Test COMPILER_SUPPORTS_CXX14 - Success\n'}
[2.373960] (rtabmap) StdoutLine: {'line': b'-- Found Pthreads\n'}
[2.376554] (rtabmap) StdoutLine: {'line': b'-- Performing Test COMPILER_HAS_HIDDEN_VISIBILITY\n'}
[2.404228] (-) TimerEvent: {}
[2.453289] (rtabmap_msgs) StdoutLine: {'line': b'-- Generating done\n'}
[2.457114] (rtabmap_msgs) StderrLine: {'line': b'\x1b[33mCMake Warning:\n'}
[2.457348] (rtabmap_msgs) StderrLine: {'line': b'  Manually-specified variables were not used by the project:\n'}
[2.457464] (rtabmap_msgs) StderrLine: {'line': b'\n'}
[2.457507] (rtabmap_msgs) StderrLine: {'line': b'    BUILD_APP\n'}
[2.457546] (rtabmap_msgs) StderrLine: {'line': b'    BUILD_EXAMPLES\n'}
[2.457584] (rtabmap_msgs) StderrLine: {'line': b'    BUILD_TOOLS\n'}
[2.457623] (rtabmap_msgs) StderrLine: {'line': b'\n'}
[2.457658] (rtabmap_msgs) StderrLine: {'line': b'\x1b[0m\n'}
[2.457693] (rtabmap_msgs) StdoutLine: {'line': b'-- Build files have been written to: /workspaces/isaac_ros-dev/Development/ros2/build/rtabmap_msgs\n'}
[2.471241] (rtabmap_msgs) CommandEnded: {'returncode': 0}
[2.475893] (rtabmap_msgs) JobProgress: {'identifier': 'rtabmap_msgs', 'progress': 'build'}
[2.476133] (rtabmap_msgs) Command: {'cmd': ['/usr/bin/cmake', '--build', '/workspaces/isaac_ros-dev/Development/ros2/build/rtabmap_msgs', '--', '-j24', '-l24'], 'cwd': '/workspaces/isaac_ros-dev/Development/ros2/build/rtabmap_msgs', 'env': OrderedDict([('DALI_BUILD', '5838886'), ('LIBRARY_PATH', '/usr/local/cuda/lib64/stubs:'), ('NVIDIA_CTK_LIBCUDA_DIR', '/usr/lib/x86_64-linux-gnu'), ('PYTHONWARNINGS', 'ignore:::setuptools.command.install,ignore:::setuptools.command.easy_install,ignore:::pkg_resources'), ('USER', 'bp02-ubuntu'), ('TF_ADJUST_SATURATION_FUSED', '1'), ('CUSOLVER_VERSION', '11.4.1.48'), ('HOSTNAME', 'bp02-ubuntu-ROG-Strix-G16-G615LR-G615LR'), ('CUTENSOR_VERSION', '1.6.1.5'), ('SHLVL', '2'), ('LD_LIBRARY_PATH', '/workspace/cartographer_ws/install/pcl_ros/lib:/workspace/cartographer_ws/install/cartographer_rviz/lib:/workspace/cartographer_ws/install/cartographer_ros/lib:/workspace/cartographer_ws/install/pcl_msgs/lib:/workspace/cartographer_ws/install/isaac_ros_tensor_list_interfaces/lib:/workspace/cartographer_ws/install/isaac_ros_pointcloud_interfaces/lib:/workspace/cartographer_ws/install/isaac_ros_nova_interfaces/lib:/workspace/cartographer_ws/install/isaac_ros_nitros_bridge_interfaces/lib:/workspace/cartographer_ws/install/isaac_ros_common/lib:/workspace/cartographer_ws/install/isaac_ros_bi3d_interfaces/lib:/workspace/cartographer_ws/install/isaac_ros_apriltag_interfaces/lib:/workspace/cartographer_ws/install/control_msgs/lib:/workspace/cartographer_ws/install/cartographer_ros_msgs/lib:/opt/ros/humble/opt/rviz_ogre_vendor/lib:/opt/ros/humble/lib/x86_64-linux-gnu:/opt/ros/humble/lib:/opt/tritonserver/backends/onnxruntime:/usr/local/cuda/compat/lib:/usr/local/nvidia/lib:/usr/local/nvidia/lib64:/opt/tritonserver/lib'), ('HOME', '/home/admin'), ('NVIDIA_TRITON_SERVER_VERSION', '22.09'), ('OLDPWD', '/workspaces/isaac_ros-dev/Development/ros2'), ('CUDA_CACHE_DISABLE', '1'), ('ROS_PYTHON_VERSION', '3'), ('USER_UID', '1000'), ('ENV', '/etc/shinit_v2'), ('RDMACORE_VERSION', '36.0'), ('NVJPEG_VERSION', '11.9.0.86'), ('NVIDIA_BUILD_ID', '44909143'), ('CUDA_VERSION', '11.8.0.062'), ('CUBLAS_VERSION', '11.11.3.6'), ('NSIGHT_SYSTEMS_VERSION', '2022.3.1.43'), ('COLCON_PREFIX_PATH', '/workspace/cartographer_ws/install'), ('ROS_DISTRO', 'humble'), ('OPAL_PREFIX', '/opt/hpcx/ompi'), ('NVIDIA_REQUIRE_CUDA', 'cuda>=9.0'), ('TRT_VERSION', '8.5.0.12'), ('GDRCOPY_VERSION', '2.3'), ('_', '/usr/bin/colcon'), ('ROS_VERSION', '2'), ('PKG_CONFIG_PATH', '/workspace/cartographer_ws/install/cartographer/lib/x86_64-linux-gnu/pkgconfig:/workspace/cartographer_ws/install/cartographer/lib/pkgconfig'), ('NVIDIA_DRIVER_CAPABILITIES', 'all'), ('POLYGRAPHY_VERSION', '0.38.0'), ('CURAND_VERSION', '10.3.0.86'), ('MOFED_VERSION', '5.4-rdmacore36.0'), ('USERNAME', 'admin'), ('TERM', 'xterm'), ('ROS_LOCALHOST_ONLY', '0'), ('PATH', '/workspace/cartographer_ws/install/cartographer/bin:/opt/ros/humble/bin:/opt/tritonserver/bin:/usr/local/mpi/bin:/usr/local/nvidia/bin:/usr/local/cuda/bin:/usr/local/sbin:/usr/local/bin:/usr/sbin:/usr/bin:/sbin:/bin:/usr/local/ucx/bin:/opt/nvidia/tao'), ('FASTRTPS_DEFAULT_PROFILES_FILE', '/usr/local/share/middleware_profiles/rtps_udp_profile.xml'), ('CUDA_DRIVER_VERSION', '520.61.03'), ('_CUDA_COMPAT_STATUS', 'System has unsupported display driver / cuda driver combination (CUDA_ERROR_SYSTEM_DRIVER_MISMATCH) cuInit()=803'), ('DISPLAY', ':1'), ('NVIDIA_PRODUCT_NAME', 'Triton Server'), ('LANG', 'en_US.UTF-8'), ('RMW_IMPLEMENTATION', 'rmw_fastrtps_cpp'), ('NPP_VERSION', '11.8.0.86'), ('ROS_ROOT', '/opt/ros/humble'), ('CUFFT_VERSION', '10.9.0.58'), ('TF_ENABLE_WINOGRAD_NONFUSED', '1'), ('AMENT_PREFIX_PATH', '/workspace/cartographer_ws/install/perception_pcl:/workspace/cartographer_ws/install/pcl_ros:/workspace/cartographer_ws/install/cartographer_rviz:/workspace/cartographer_ws/install/cartographer_ros:/workspace/cartographer_ws/install/pcl_conversions:/workspace/cartographer_ws/install/pcl_msgs:/workspace/cartographer_ws/install/isaac_ros_test:/workspace/cartographer_ws/install/isaac_ros_tensor_list_interfaces:/workspace/cartographer_ws/install/isaac_ros_pointcloud_interfaces:/workspace/cartographer_ws/install/isaac_ros_nova_interfaces:/workspace/cartographer_ws/install/isaac_ros_nitros_bridge_interfaces:/workspace/cartographer_ws/install/isaac_ros_common:/workspace/cartographer_ws/install/isaac_ros_bi3d_interfaces:/workspace/cartographer_ws/install/isaac_ros_apriltag_interfaces:/workspace/cartographer_ws/install/control_msgs:/workspace/cartographer_ws/install/cartographer_ros_msgs:/opt/ros/humble'), ('CUDNN_VERSION', '8.6.0.163'), ('NSIGHT_COMPUTE_VERSION', '2022.3.0.22'), ('DALI_VERSION', '1.17.0'), ('DEBIAN_FRONTEND', 'noninteractive'), ('SHELL', '/bin/bash'), ('DCGM_VERSION', '2.2.9'), ('OPENMPI_VERSION', '4.1.4'), ('TRTOSS_VERSION', ''), ('OMPI_MCA_coll_hcoll_enable', '0'), ('CUSPARSE_VERSION', '11.7.5.86'), ('TRITON_SERVER_GPU_ENABLED', '1'), ('TRITON_SERVER_VERSION', '2.26.0'), ('BASH_ENV', '/etc/bash.bashrc'), ('PWD', '/workspaces/isaac_ros-dev/Development/ros2/build/rtabmap_msgs'), ('PYTHONPATH', '/workspace/cartographer_ws/install/pcl_msgs/lib/python3.8/site-packages:/workspace/cartographer_ws/build/isaac_ros_test:/workspace/cartographer_ws/install/isaac_ros_test/lib/python3.8/site-packages:/workspace/cartographer_ws/install/isaac_ros_tensor_list_interfaces/lib/python3.8/site-packages:/workspace/cartographer_ws/install/isaac_ros_pointcloud_interfaces/lib/python3.8/site-packages:/workspace/cartographer_ws/install/isaac_ros_nova_interfaces/lib/python3.8/site-packages:/workspace/cartographer_ws/install/isaac_ros_nitros_bridge_interfaces/lib/python3.8/site-packages:/workspace/cartographer_ws/install/isaac_ros_bi3d_interfaces/lib/python3.8/site-packages:/workspace/cartographer_ws/install/isaac_ros_apriltag_interfaces/lib/python3.8/site-packages:/workspace/cartographer_ws/install/control_msgs/lib/python3.8/site-packages:/workspace/cartographer_ws/install/cartographer_ros_msgs/lib/python3.8/site-packages:/opt/ros/humble/lib/python3.8/site-packages:/home/Quanser/0_libraries/python'), ('_CUDA_COMPAT_PATH', '/usr/local/cuda/compat'), ('TRITON_SERVER_USER', 'triton-server'), ('TF_ADJUST_HUE_FUSED', '1'), ('NVIDIA_VISIBLE_DEVICES', 'void'), ('NCCL_VERSION', '2.15.1'), ('USER_GID', '1000'), ('COLCON', '1'), ('OPENUCX_VERSION', '1.14.0'), ('HPCX_VERSION', '2.12.1a0'), ('SHARP_COLL_ENABLE_CUDA', '0'), ('CMAKE_PREFIX_PATH', '/workspace/cartographer_ws/install/perception_pcl:/workspace/cartographer_ws/install/pcl_ros:/workspace/cartographer_ws/install/cartographer_rviz:/workspace/cartographer_ws/install/cartographer_ros:/workspace/cartographer_ws/install/pcl_conversions:/workspace/cartographer_ws/install/pcl_msgs:/workspace/cartographer_ws/install/isaac_ros_tensor_list_interfaces:/workspace/cartographer_ws/install/isaac_ros_pointcloud_interfaces:/workspace/cartographer_ws/install/isaac_ros_nova_interfaces:/workspace/cartographer_ws/install/isaac_ros_nitros_bridge_interfaces:/workspace/cartographer_ws/install/isaac_ros_common:/workspace/cartographer_ws/install/isaac_ros_bi3d_interfaces:/workspace/cartographer_ws/install/isaac_ros_apriltag_interfaces:/workspace/cartographer_ws/install/control_msgs:/workspace/cartographer_ws/install/cartographer_ros_msgs:/workspace/cartographer_ws/install/cartographer:/workspace/cartographer_ws/install/absl:/workspace/cartographer_ws/install/isaac_ros_test:/opt/ros/humble'), ('TF_AUTOTUNE_THRESHOLD', '2')]), 'shell': False}
[2.481246] (rtabmap) StdoutLine: {'line': b'-- Performing Test COMPILER_HAS_HIDDEN_VISIBILITY - Success\n'}
[2.482404] (rtabmap) StdoutLine: {'line': b'-- Performing Test COMPILER_HAS_HIDDEN_INLINE_VISIBILITY\n'}
[2.504493] (-) TimerEvent: {}
[2.557704] (rtabmap_msgs) StdoutLine: {'line': b'\x1b[35m\x1b[1mConsolidate compiler generated dependencies of target rtabmap_msgs__rosidl_generator_c\x1b[0m\n'}
[2.562985] (rtabmap_msgs) StdoutLine: {'line': b'[  0%] Built target ament_cmake_python_symlink_rtabmap_msgs\n'}
[2.563306] (rtabmap_msgs) StdoutLine: {'line': b'[  0%] Built target rtabmap_msgs__cpp\n'}
[2.586429] (rtabmap_msgs) StdoutLine: {'line': b'\x1b[35m\x1b[1mConsolidate compiler generated dependencies of target rtabmap_msgs__rosidl_typesupport_cpp\x1b[0m\n'}
[2.589059] (rtabmap_msgs) StdoutLine: {'line': b'\x1b[35m\x1b[1mConsolidate compiler generated dependencies of target rtabmap_msgs__rosidl_typesupport_introspection_cpp\x1b[0m\n'}
[2.591078] (rtabmap_msgs) StdoutLine: {'line': b'\x1b[35m\x1b[1mConsolidate compiler generated dependencies of target rtabmap_msgs__rosidl_typesupport_fastrtps_cpp\x1b[0m\n'}
[2.591680] (rtabmap) StdoutLine: {'line': b'-- Performing Test COMPILER_HAS_HIDDEN_INLINE_VISIBILITY - Success\n'}
[2.591893] (rtabmap_msgs) StdoutLine: {'line': b'[ 12%] Built target rtabmap_msgs__rosidl_generator_c\n'}
[2.593140] (rtabmap) StdoutLine: {'line': b'-- Performing Test COMPILER_HAS_DEPRECATED_ATTR\n'}
[2.604616] (-) TimerEvent: {}
[2.610227] (rtabmap_msgs) StdoutLine: {'line': b'\x1b[35m\x1b[1mConsolidate compiler generated dependencies of target rtabmap_msgs__rosidl_typesupport_c\x1b[0m\n'}
[2.612784] (rtabmap_msgs) StdoutLine: {'line': b'\x1b[35m\x1b[1mConsolidate compiler generated dependencies of target rtabmap_msgs__rosidl_typesupport_introspection_c\x1b[0m\n'}
[2.618684] (rtabmap_msgs) StdoutLine: {'line': b'\x1b[35m\x1b[1mConsolidate compiler generated dependencies of target rtabmap_msgs__rosidl_typesupport_fastrtps_c\x1b[0m\n'}
[2.633182] (rtabmap_msgs) StdoutLine: {'line': b'[ 25%] Built target rtabmap_msgs__rosidl_typesupport_c\n'}
[2.634313] (rtabmap_msgs) StdoutLine: {'line': b'[ 37%] Built target rtabmap_msgs__rosidl_typesupport_cpp\n'}
[2.642957] (rtabmap_msgs) StdoutLine: {'line': b'[ 62%] Built target rtabmap_msgs__rosidl_typesupport_introspection_c\n'}
[2.643207] (rtabmap_msgs) StdoutLine: {'line': b'[ 63%] Built target rtabmap_msgs__rosidl_typesupport_introspection_cpp\n'}
[2.649726] (rtabmap_msgs) StdoutLine: {'line': b'[ 75%] Built target rtabmap_msgs__rosidl_typesupport_fastrtps_cpp\n'}
[2.669992] (rtabmap_msgs) StdoutLine: {'line': b'[ 88%] Built target rtabmap_msgs__rosidl_typesupport_fastrtps_c\n'}
[2.691100] (rtabmap_msgs) StdoutLine: {'line': b'[ 88%] Built target rtabmap_msgs\n'}
[2.697899] (rtabmap) StdoutLine: {'line': b'-- Performing Test COMPILER_HAS_DEPRECATED_ATTR - Success\n'}
[2.704733] (-) TimerEvent: {}
[2.714809] (rtabmap_msgs) StdoutLine: {'line': b'[ 88%] Built target rtabmap_msgs__py\n'}
[2.734979] (rtabmap) StdoutLine: {'line': b'-- --------------------------------------------\n'}
[2.736072] (rtabmap) StdoutLine: {'line': b'-- Info :\n'}
[2.736182] (rtabmap) StdoutLine: {'line': b'--   RTAB-Map Version =     0.23.6\n'}
[2.736255] (rtabmap) StdoutLine: {'line': b'--   CMAKE_VERSION =        3.22.1\n'}
[2.736346] (rtabmap) StdoutLine: {'line': b'--   CMAKE_INSTALL_PREFIX = /workspaces/isaac_ros-dev/Development/ros2/install/rtabmap\n'}
[2.736417] (rtabmap) StdoutLine: {'line': b'--   CMAKE_BUILD_TYPE =     Release\n'}
[2.736484] (rtabmap) StdoutLine: {'line': b'--   CMAKE_INSTALL_LIBDIR = lib\n'}
[2.736553] (rtabmap) StdoutLine: {'line': b'--   BUILD_APP =            OFF\n'}
[2.736619] (rtabmap) StdoutLine: {'line': b'--   BUILD_TOOLS =          OFF\n'}
[2.736687] (rtabmap) StdoutLine: {'line': b'--   BUILD_EXAMPLES =       OFF\n'}
[2.736753] (rtabmap) StdoutLine: {'line': b'--   BUILD_SHARED_LIBS =    ON\n'}
[2.736838] (rtabmap) StdoutLine: {'line': b'--   CMAKE_CXX_FLAGS =  -fmessage-length=0  -fopenmp -std=c++14\n'}
[2.736908] (rtabmap) StdoutLine: {'line': b'--   FLANN_KDTREE_MEM_OPT = OFF\n'}
[2.736976] (rtabmap) StdoutLine: {'line': b'--   PCL_DEFINITIONS = -DDISABLE_OPENNI2;-DDISABLE_PCAP;-DDISABLE_PNG;-DDISABLE_LIBUSB_1_0\n'}
[2.737046] (rtabmap) StdoutLine: {'line': b'--   PCL_VERSION = 1.10.0\n'}
[2.737124] (rtabmap) StdoutLine: {'line': b'-- \n'}
[2.737193] (rtabmap) StdoutLine: {'line': b"-- Optional dependencies ('*' affects some default parameters) :\n"}
[2.737263] (rtabmap) StdoutLine: {'line': b'--  *With OpenCV 4.2.0 xfeatures2d = NO, nonfree = NO (License: BSD)\n'}
[2.737328] (rtabmap) StdoutLine: {'line': b'--   With Qt                   = NO (WITH_QT=OFF)\n'}
[2.737392] (rtabmap) StdoutLine: {'line': b'--   With external SQLite3     = YES (License: Public Domain)\n'}
[2.737460] (rtabmap) StdoutLine: {'line': b'--   With ORB OcTree           = YES (License: GPLv3)\n'}
[2.737527] (rtabmap) StdoutLine: {'line': b'--   With SuperPoint           = NO (WITH_TORCH=OFF)\n'}
[2.737590] (rtabmap) StdoutLine: {'line': b'--   With Superpoint Rpautrat  = NO (WITH_TORCH=OFF)\n'}
[2.737687] (rtabmap) StdoutLine: {'line': b'--   With Python3              = NO (WITH_PYTHON=OFF)\n'}
[2.737752] (rtabmap) StdoutLine: {'line': b'--   With Madgwick             = YES (License: GPL)\n'}
[2.737817] (rtabmap) StdoutLine: {'line': b'--   With FastCV               = NO (FastCV not found)\n'}
[2.737885] (rtabmap) StdoutLine: {'line': b'--   With PDAL                 = NO (PDAL not found)\n'}
[2.737949] (rtabmap) StdoutLine: {'line': b'--   With libLAS               = NO (WITH_LIBLAS=OFF)\n'}
[2.738019] (rtabmap) StdoutLine: {'line': b'--   With CudaSift             = NO (WITH_CUDASIFT=OFF)\n'}
[2.738092] (rtabmap) StdoutLine: {'line': b'-- \n'}
[2.738158] (rtabmap) StdoutLine: {'line': b'--  Solvers:\n'}
[2.738226] (rtabmap) StdoutLine: {'line': b'--   With TORO                 = YES (License: Creative Commons [Attribution-NonCommercial-ShareAlike])\n'}
[2.738306] (rtabmap) StdoutLine: {'line': b'--  *With g2o                  = NO (WITH_G2O=OFF)\n'}
[2.738378] (rtabmap) StdoutLine: {'line': b'--  *With GTSAM                = NO (WITH_GTSAM=OFF)\n'}
[2.738449] (rtabmap) StdoutLine: {'line': b'--  *With Ceres                = NO (WITH_CERES=OFF)\n'}
[2.738526] (rtabmap) StdoutLine: {'line': b'--   With MRPT                 = NO (MRPT not found)\n'}
[2.738598] (rtabmap) StdoutLine: {'line': b'--   With VERTIGO              = NO (GTSAM or g2o required)\n'}
[2.738669] (rtabmap) StdoutLine: {'line': b'--   With cvsba                = NO (WITH_CVSBA=OFF)\n'}
[2.738746] (rtabmap) StdoutLine: {'line': b'--  *With libpointmatcher      = NO (WITH_POINTMATCHER=OFF)\n'}
[2.738816] (rtabmap) StdoutLine: {'line': b'--   With CCCoreLib            = NO (WITH_CCCORELIB=OFF)\n'}
[2.738887] (rtabmap) StdoutLine: {'line': b'--   With Open3D               = NO (WITH_OPEN3D=OFF)\n'}
[2.738962] (rtabmap) StdoutLine: {'line': b'--   With OpenGV               = NO (OpenGV not found)\n'}
[2.739033] (rtabmap) StdoutLine: {'line': b'-- \n'}
[2.739109] (rtabmap) StdoutLine: {'line': b'--  Reconstruction Approaches:\n'}
[2.739186] (rtabmap) StdoutLine: {'line': b'--   With OctoMap 1.9.3        = YES (License: BSD)\n'}
[2.739257] (rtabmap) StdoutLine: {'line': b'--   With GridMap              = NO (WITH_GRIDMAP=OFF)\n'}
[2.739327] (rtabmap) StdoutLine: {'line': b'--   With CPUTSDF              = NO (WITH_CPUTSDF=OFF)\n'}
[2.739402] (rtabmap) StdoutLine: {'line': b'--   With OpenChisel           = NO (WITH_OPENCHISEL=OFF)\n'}
[2.739476] (rtabmap) StdoutLine: {'line': b'--   With AliceVision          = NO (WITH_ALICE_VISION=OFF)\n'}
[2.739548] (rtabmap) StdoutLine: {'line': b'-- \n'}
[2.739612] (rtabmap) StdoutLine: {'line': b'--  Camera Drivers:\n'}
[2.739680] (rtabmap) StdoutLine: {'line': b'--   With Freenect             = YES (License: Apache v2 and/or GPLv2)\n'}
[2.739746] (rtabmap) StdoutLine: {'line': b'--   With OpenNI               = YES (License: Apache v2)\n'}
[2.739810] (rtabmap) StdoutLine: {'line': b'--   With OpenNI2              = YES (License: Apache v2)\n'}
[2.739876] (rtabmap) StdoutLine: {'line': b'--   With Freenect2            = NO (libfreenect2 not found)\n'}
[2.739949] (rtabmap) StdoutLine: {'line': b'--   With Kinect for Windows 2 = NO (Kinect for Windows 2 SDK not found)\n'}
[2.740013] (rtabmap) StdoutLine: {'line': b'--   With Kinect for Azure     = NO (Kinect for Azure SDK not found)\n'}
[2.740078] (rtabmap) StdoutLine: {'line': b'--   With dc1394               = YES (License: LGPL)\n'}
[2.740150] (rtabmap) StdoutLine: {'line': b'--   With FlyCapture2/Triclops = NO (Point Grey SDK not found)\n'}
[2.740215] (rtabmap) StdoutLine: {'line': b'--   With ZED                  = NO (ZED sdk and/or cuda not found)\n'}
[2.740281] (rtabmap) StdoutLine: {'line': b'--   With ZEDOC                = NO (ZED Open Capture not found)\n'}
[2.740352] (rtabmap) StdoutLine: {'line': b'--   With RealSense            = NO (librealsense not found)\n'}
[2.740418] (rtabmap) StdoutLine: {'line': b'--   With RealSense2 2.54.2    = YES (License: Apache-2)\n'}
[2.740484] (rtabmap) StdoutLine: {'line': b'--   With MyntEyeS             = NO (mynteye s sdk not found)\n'}
[2.740558] (rtabmap) StdoutLine: {'line': b'--   With DepthAI              = NO (WITH_DEPTHAI=OFF)\n'}
[2.740624] (rtabmap) StdoutLine: {'line': b'--   With XVisio SDK           = NO (WITH_XVSDK=OFF)\n'}
[2.740688] (rtabmap) StdoutLine: {'line': b'--   With Orbbec SDK           = NO (WITH_ORBBEC_SDK=OFF)\n'}
[2.740756] (rtabmap) StdoutLine: {'line': b'-- \n'}
[2.740822] (rtabmap) StdoutLine: {'line': b'--  Odometry Approaches:\n'}
[2.740886] (rtabmap) StdoutLine: {'line': b'--   With loam_velodyne        = NO (WITH_LOAM=OFF)\n'}
[2.740952] (rtabmap) StdoutLine: {'line': b'--   With floam                = NO (WITH_FLOAM=OFF)\n'}
[2.741020] (rtabmap) StdoutLine: {'line': b'--   With lio_sam              = NO (WITH_LIOSAM=OFF)\n'}
[2.741093] (rtabmap) StdoutLine: {'line': b'--   With libfovis             = NO (WITH_FOVIS=OFF)\n'}
[2.741160] (rtabmap) StdoutLine: {'line': b'--   With libviso2             = NO (WITH_VISO2=OFF)\n'}
[2.741227] (rtabmap) StdoutLine: {'line': b'--   With dvo_core             = NO (WITH_DVO=OFF)\n'}
[2.741292] (rtabmap) StdoutLine: {'line': b'--   With okvis                = NO (WITH_OKVIS=OFF)\n'}
[2.741355] (rtabmap) StdoutLine: {'line': b'--   With msckf_vio            = NO (WITH_MSCKF_VIO=OFF)\n'}
[2.741423] (rtabmap) StdoutLine: {'line': b'--   With VINS-Fusion          = NO (WITH_VINS_FUSION=OFF)\n'}
[2.741492] (rtabmap) StdoutLine: {'line': b'--   With OpenVINS             = NO (WITH_OPENVINS=OFF)\n'}
[2.741556] (rtabmap) StdoutLine: {'line': b'--   With ORB_SLAM             = NO (WITH_ORB_SLAM=OFF)\n'}
[2.741622] (rtabmap) StdoutLine: {'line': b'--   With cuVSLAM              = NO (WITH_CUVSLAM=OFF)\n'}
[2.741690] (rtabmap) StdoutLine: {'line': b'-- Show all options with: cmake -LA | grep WITH_\n'}
[2.741754] (rtabmap) StdoutLine: {'line': b'-- --------------------------------------------\n'}
[2.741817] (rtabmap_msgs) StdoutLine: {'line': b'\x1b[35m\x1b[1mConsolidate compiler generated dependencies of target rtabmap_msgs__rosidl_generator_py\x1b[0m\n'}
[2.741898] (rtabmap) StdoutLine: {'line': b'-- Configuring done\n'}
[2.786642] (rtabmap_msgs) StdoutLine: {'line': b'[100%] Built target rtabmap_msgs__rosidl_generator_py\n'}
[2.793696] (rtabmap) StdoutLine: {'line': b'-- Generating done\n'}
[2.796245] (rtabmap) StdoutLine: {'line': b'-- Build files have been written to: /workspaces/isaac_ros-dev/Development/ros2/build/rtabmap\n'}
[2.797235] (rtabmap_msgs) StdoutLine: {'line': b'\x1b[35m\x1b[1mConsolidate compiler generated dependencies of target rtabmap_msgs__rosidl_typesupport_introspection_c__pyext\x1b[0m\n'}
[2.797357] (rtabmap_msgs) StdoutLine: {'line': b'\x1b[35m\x1b[1mConsolidate compiler generated dependencies of target rtabmap_msgs__rosidl_typesupport_c__pyext\x1b[0m\n'}
[2.797432] (rtabmap_msgs) StdoutLine: {'line': b'\x1b[35m\x1b[1mConsolidate compiler generated dependencies of target rtabmap_msgs__rosidl_typesupport_fastrtps_c__pyext\x1b[0m\n'}
[2.804816] (-) TimerEvent: {}
[2.813728] (rtabmap) CommandEnded: {'returncode': 0}
[2.814843] (rtabmap_msgs) StdoutLine: {'line': b'[100%] Built target rtabmap_msgs__rosidl_typesupport_introspection_c__pyext\n'}
[2.815624] (rtabmap_msgs) StdoutLine: {'line': b'[100%] Built target rtabmap_msgs__rosidl_typesupport_fastrtps_c__pyext\n'}
[2.819425] (rtabmap_msgs) StdoutLine: {'line': b'[100%] Built target rtabmap_msgs__rosidl_typesupport_c__pyext\n'}
[2.819597] (rtabmap) JobProgress: {'identifier': 'rtabmap', 'progress': 'build'}
[2.819670] (rtabmap) Command: {'cmd': ['/usr/bin/cmake', '--build', '/workspaces/isaac_ros-dev/Development/ros2/build/rtabmap', '--', '-j24', '-l24'], 'cwd': '/workspaces/isaac_ros-dev/Development/ros2/build/rtabmap', 'env': OrderedDict([('DALI_BUILD', '5838886'), ('LIBRARY_PATH', '/usr/local/cuda/lib64/stubs:'), ('NVIDIA_CTK_LIBCUDA_DIR', '/usr/lib/x86_64-linux-gnu'), ('PYTHONWARNINGS', 'ignore:::setuptools.command.install,ignore:::setuptools.command.easy_install,ignore:::pkg_resources'), ('USER', 'bp02-ubuntu'), ('TF_ADJUST_SATURATION_FUSED', '1'), ('CUSOLVER_VERSION', '11.4.1.48'), ('HOSTNAME', 'bp02-ubuntu-ROG-Strix-G16-G615LR-G615LR'), ('CUTENSOR_VERSION', '1.6.1.5'), ('SHLVL', '2'), ('LD_LIBRARY_PATH', '/workspace/cartographer_ws/install/pcl_ros/lib:/workspace/cartographer_ws/install/cartographer_rviz/lib:/workspace/cartographer_ws/install/cartographer_ros/lib:/workspace/cartographer_ws/install/pcl_msgs/lib:/workspace/cartographer_ws/install/isaac_ros_tensor_list_interfaces/lib:/workspace/cartographer_ws/install/isaac_ros_pointcloud_interfaces/lib:/workspace/cartographer_ws/install/isaac_ros_nova_interfaces/lib:/workspace/cartographer_ws/install/isaac_ros_nitros_bridge_interfaces/lib:/workspace/cartographer_ws/install/isaac_ros_common/lib:/workspace/cartographer_ws/install/isaac_ros_bi3d_interfaces/lib:/workspace/cartographer_ws/install/isaac_ros_apriltag_interfaces/lib:/workspace/cartographer_ws/install/control_msgs/lib:/workspace/cartographer_ws/install/cartographer_ros_msgs/lib:/opt/ros/humble/opt/rviz_ogre_vendor/lib:/opt/ros/humble/lib/x86_64-linux-gnu:/opt/ros/humble/lib:/opt/tritonserver/backends/onnxruntime:/usr/local/cuda/compat/lib:/usr/local/nvidia/lib:/usr/local/nvidia/lib64:/opt/tritonserver/lib'), ('HOME', '/home/admin'), ('NVIDIA_TRITON_SERVER_VERSION', '22.09'), ('OLDPWD', '/workspaces/isaac_ros-dev/Development/ros2'), ('CUDA_CACHE_DISABLE', '1'), ('ROS_PYTHON_VERSION', '3'), ('USER_UID', '1000'), ('ENV', '/etc/shinit_v2'), ('RDMACORE_VERSION', '36.0'), ('NVJPEG_VERSION', '11.9.0.86'), ('NVIDIA_BUILD_ID', '44909143'), ('CUDA_VERSION', '11.8.0.062'), ('CUBLAS_VERSION', '11.11.3.6'), ('NSIGHT_SYSTEMS_VERSION', '2022.3.1.43'), ('COLCON_PREFIX_PATH', '/workspace/cartographer_ws/install'), ('ROS_DISTRO', 'humble'), ('OPAL_PREFIX', '/opt/hpcx/ompi'), ('NVIDIA_REQUIRE_CUDA', 'cuda>=9.0'), ('TRT_VERSION', '8.5.0.12'), ('GDRCOPY_VERSION', '2.3'), ('_', '/usr/bin/colcon'), ('ROS_VERSION', '2'), ('PKG_CONFIG_PATH', '/workspace/cartographer_ws/install/cartographer/lib/x86_64-linux-gnu/pkgconfig:/workspace/cartographer_ws/install/cartographer/lib/pkgconfig'), ('NVIDIA_DRIVER_CAPABILITIES', 'all'), ('POLYGRAPHY_VERSION', '0.38.0'), ('CURAND_VERSION', '10.3.0.86'), ('MOFED_VERSION', '5.4-rdmacore36.0'), ('USERNAME', 'admin'), ('TERM', 'xterm'), ('ROS_LOCALHOST_ONLY', '0'), ('PATH', '/workspace/cartographer_ws/install/cartographer/bin:/opt/ros/humble/bin:/opt/tritonserver/bin:/usr/local/mpi/bin:/usr/local/nvidia/bin:/usr/local/cuda/bin:/usr/local/sbin:/usr/local/bin:/usr/sbin:/usr/bin:/sbin:/bin:/usr/local/ucx/bin:/opt/nvidia/tao'), ('FASTRTPS_DEFAULT_PROFILES_FILE', '/usr/local/share/middleware_profiles/rtps_udp_profile.xml'), ('CUDA_DRIVER_VERSION', '520.61.03'), ('_CUDA_COMPAT_STATUS', 'System has unsupported display driver / cuda driver combination (CUDA_ERROR_SYSTEM_DRIVER_MISMATCH) cuInit()=803'), ('DISPLAY', ':1'), ('NVIDIA_PRODUCT_NAME', 'Triton Server'), ('LANG', 'en_US.UTF-8'), ('RMW_IMPLEMENTATION', 'rmw_fastrtps_cpp'), ('NPP_VERSION', '11.8.0.86'), ('ROS_ROOT', '/opt/ros/humble'), ('CUFFT_VERSION', '10.9.0.58'), ('TF_ENABLE_WINOGRAD_NONFUSED', '1'), ('AMENT_PREFIX_PATH', '/workspace/cartographer_ws/install/perception_pcl:/workspace/cartographer_ws/install/pcl_ros:/workspace/cartographer_ws/install/cartographer_rviz:/workspace/cartographer_ws/install/cartographer_ros:/workspace/cartographer_ws/install/pcl_conversions:/workspace/cartographer_ws/install/pcl_msgs:/workspace/cartographer_ws/install/isaac_ros_test:/workspace/cartographer_ws/install/isaac_ros_tensor_list_interfaces:/workspace/cartographer_ws/install/isaac_ros_pointcloud_interfaces:/workspace/cartographer_ws/install/isaac_ros_nova_interfaces:/workspace/cartographer_ws/install/isaac_ros_nitros_bridge_interfaces:/workspace/cartographer_ws/install/isaac_ros_common:/workspace/cartographer_ws/install/isaac_ros_bi3d_interfaces:/workspace/cartographer_ws/install/isaac_ros_apriltag_interfaces:/workspace/cartographer_ws/install/control_msgs:/workspace/cartographer_ws/install/cartographer_ros_msgs:/opt/ros/humble'), ('CUDNN_VERSION', '8.6.0.163'), ('NSIGHT_COMPUTE_VERSION', '2022.3.0.22'), ('DALI_VERSION', '1.17.0'), ('DEBIAN_FRONTEND', 'noninteractive'), ('SHELL', '/bin/bash'), ('DCGM_VERSION', '2.2.9'), ('OPENMPI_VERSION', '4.1.4'), ('TRTOSS_VERSION', ''), ('OMPI_MCA_coll_hcoll_enable', '0'), ('CUSPARSE_VERSION', '11.7.5.86'), ('TRITON_SERVER_GPU_ENABLED', '1'), ('TRITON_SERVER_VERSION', '2.26.0'), ('BASH_ENV', '/etc/bash.bashrc'), ('PWD', '/workspaces/isaac_ros-dev/Development/ros2/build/rtabmap'), ('PYTHONPATH', '/workspace/cartographer_ws/install/pcl_msgs/lib/python3.8/site-packages:/workspace/cartographer_ws/build/isaac_ros_test:/workspace/cartographer_ws/install/isaac_ros_test/lib/python3.8/site-packages:/workspace/cartographer_ws/install/isaac_ros_tensor_list_interfaces/lib/python3.8/site-packages:/workspace/cartographer_ws/install/isaac_ros_pointcloud_interfaces/lib/python3.8/site-packages:/workspace/cartographer_ws/install/isaac_ros_nova_interfaces/lib/python3.8/site-packages:/workspace/cartographer_ws/install/isaac_ros_nitros_bridge_interfaces/lib/python3.8/site-packages:/workspace/cartographer_ws/install/isaac_ros_bi3d_interfaces/lib/python3.8/site-packages:/workspace/cartographer_ws/install/isaac_ros_apriltag_interfaces/lib/python3.8/site-packages:/workspace/cartographer_ws/install/control_msgs/lib/python3.8/site-packages:/workspace/cartographer_ws/install/cartographer_ros_msgs/lib/python3.8/site-packages:/opt/ros/humble/lib/python3.8/site-packages:/home/Quanser/0_libraries/python'), ('_CUDA_COMPAT_PATH', '/usr/local/cuda/compat'), ('TRITON_SERVER_USER', 'triton-server'), ('TF_ADJUST_HUE_FUSED', '1'), ('NVIDIA_VISIBLE_DEVICES', 'void'), ('NCCL_VERSION', '2.15.1'), ('USER_GID', '1000'), ('COLCON', '1'), ('OPENUCX_VERSION', '1.14.0'), ('HPCX_VERSION', '2.12.1a0'), ('SHARP_COLL_ENABLE_CUDA', '0'), ('CMAKE_PREFIX_PATH', '/workspace/cartographer_ws/install/perception_pcl:/workspace/cartographer_ws/install/pcl_ros:/workspace/cartographer_ws/install/cartographer_rviz:/workspace/cartographer_ws/install/cartographer_ros:/workspace/cartographer_ws/install/pcl_conversions:/workspace/cartographer_ws/install/pcl_msgs:/workspace/cartographer_ws/install/isaac_ros_tensor_list_interfaces:/workspace/cartographer_ws/install/isaac_ros_pointcloud_interfaces:/workspace/cartographer_ws/install/isaac_ros_nova_interfaces:/workspace/cartographer_ws/install/isaac_ros_nitros_bridge_interfaces:/workspace/cartographer_ws/install/isaac_ros_common:/workspace/cartographer_ws/install/isaac_ros_bi3d_interfaces:/workspace/cartographer_ws/install/isaac_ros_apriltag_interfaces:/workspace/cartographer_ws/install/control_msgs:/workspace/cartographer_ws/install/cartographer_ros_msgs:/workspace/cartographer_ws/install/cartographer:/workspace/cartographer_ws/install/absl:/workspace/cartographer_ws/install/isaac_ros_test:/opt/ros/humble'), ('TF_AUTOTUNE_THRESHOLD', '2')]), 'shell': False}
[2.863114] (rtabmap) StdoutLine: {'line': b'[  1%] \x1b[32mBuilding CXX object utilite/src/CMakeFiles/rtabmap_utilite.dir/UEventsHandler.cpp.o\x1b[0m\n'}
[2.863498] (rtabmap) StdoutLine: {'line': b'[  2%] \x1b[32mBuilding CXX object utilite/src/CMakeFiles/rtabmap_utilite.dir/UEventsManager.cpp.o\x1b[0m\n'}
[2.863657] (rtabmap) StdoutLine: {'line': b'[  3%] \x1b[32mBuilding CXX object utilite/src/CMakeFiles/rtabmap_utilite.dir/UEventsSender.cpp.o\x1b[0m\n'}
[2.863748] (rtabmap) StdoutLine: {'line': b'[  3%] \x1b[32mBuilding CXX object utilite/src/CMakeFiles/rtabmap_utilite.dir/UFile.cpp.o\x1b[0m\n'}
[2.863821] (rtabmap) StdoutLine: {'line': b'[  4%] \x1b[32mBuilding CXX object utilite/src/CMakeFiles/rtabmap_utilite.dir/UConversion.cpp.o\x1b[0m\n'}
[2.863894] (rtabmap) StdoutLine: {'line': b'[  4%] \x1b[32mBuilding CXX object utilite/src/CMakeFiles/rtabmap_utilite.dir/UDirectory.cpp.o\x1b[0m\n'}
[2.864032] (rtabmap) StdoutLine: {'line': b'[  5%] \x1b[32mBuilding CXX object utilite/src/CMakeFiles/rtabmap_utilite.dir/ULogger.cpp.o\x1b[0m\n'}
[2.864575] (rtabmap) StdoutLine: {'line': b'[  6%] \x1b[32mBuilding CXX object utilite/src/CMakeFiles/rtabmap_utilite.dir/UThread.cpp.o\x1b[0m\n'}
[2.864783] (rtabmap) StdoutLine: {'line': b'[  6%] \x1b[32mBuilding CXX object utilite/src/CMakeFiles/rtabmap_utilite.dir/UTimer.cpp.o\x1b[0m\n'}
[2.864862] (rtabmap) StdoutLine: {'line': b'[  7%] \x1b[32mBuilding CXX object utilite/src/CMakeFiles/rtabmap_utilite.dir/UProcessInfo.cpp.o\x1b[0m\n'}
[2.865460] (rtabmap) StdoutLine: {'line': b'[  8%] \x1b[32mBuilding CXX object utilite/src/CMakeFiles/rtabmap_utilite.dir/UVariant.cpp.o\x1b[0m\n'}
[2.904949] (-) TimerEvent: {}
[2.920379] (rtabmap_msgs) StdoutLine: {'line': b'running egg_info\n'}
[2.935925] (rtabmap_msgs) StdoutLine: {'line': b'writing rtabmap_msgs.egg-info/PKG-INFO\n'}
[2.936256] (rtabmap_msgs) StdoutLine: {'line': b'writing dependency_links to rtabmap_msgs.egg-info/dependency_links.txt\n'}
[2.936324] (rtabmap_msgs) StdoutLine: {'line': b'writing top-level names to rtabmap_msgs.egg-info/top_level.txt\n'}
[2.970409] (rtabmap_msgs) StdoutLine: {'line': b"reading manifest file 'rtabmap_msgs.egg-info/SOURCES.txt'\n"}
[2.971814] (rtabmap_msgs) StdoutLine: {'line': b"writing manifest file 'rtabmap_msgs.egg-info/SOURCES.txt'\n"}
[3.005157] (-) TimerEvent: {}
[3.022280] (rtabmap_msgs) StdoutLine: {'line': b'[100%] Built target ament_cmake_python_build_rtabmap_msgs_egg\n'}
[3.033986] (rtabmap_msgs) CommandEnded: {'returncode': 0}
[3.105374] (-) TimerEvent: {}
[3.206111] (-) TimerEvent: {}
[3.306542] (-) TimerEvent: {}
[3.406982] (-) TimerEvent: {}
[3.507395] (-) TimerEvent: {}
[3.607820] (-) TimerEvent: {}
[3.708257] (-) TimerEvent: {}
[3.740094] (rtabmap) StdoutLine: {'line': b'[  9%] \x1b[32m\x1b[1mLinking CXX shared library ../../bin/librtabmap_utilite.so\x1b[0m\n'}
[3.808472] (-) TimerEvent: {}
[3.869651] (rtabmap) StdoutLine: {'line': b'[  9%] Built target rtabmap_utilite\n'}
[3.890359] (rtabmap) StdoutLine: {'line': b'[  9%] \x1b[32mBuilding CXX object utilite/resource_generator/CMakeFiles/res_tool.dir/main.cpp.o\x1b[0m\n'}
[3.908580] (-) TimerEvent: {}
[4.009153] (-) TimerEvent: {}
[4.109567] (-) TimerEvent: {}
[4.209930] (-) TimerEvent: {}
[4.310297] (-) TimerEvent: {}
[4.410807] (-) TimerEvent: {}
[4.511164] (-) TimerEvent: {}
[4.523992] (rtabmap) StdoutLine: {'line': b'[ 10%] \x1b[32m\x1b[1mLinking CXX executable ../../bin/rtabmap-res_tool\x1b[0m\n'}
[4.611574] (-) TimerEvent: {}
[4.645503] (rtabmap) StdoutLine: {'line': b'[ 10%] Built target res_tool\n'}
[4.658780] (rtabmap) StdoutLine: {'line': b'[ 11%] \x1b[34m\x1b[1m[Creating resources]\x1b[0m\n'}
[4.664878] (rtabmap) StdoutLine: {'line': b' Using namespace=rtabmap\n'}
[4.665558] (rtabmap) StdoutLine: {'line': b' Using target directory=/workspaces/isaac_ros-dev/Development/ros2/build/rtabmap/corelib/src\n'}
[4.665693] (rtabmap) StdoutLine: {'line': b'Input file "/workspaces/isaac_ros-dev/Development/ros2/src/rtabmap/corelib/src/resources/DatabaseSchema.sql" size = 6020 bytes\n'}
[4.665857] (rtabmap) StdoutLine: {'line': b'Output file "/workspaces/isaac_ros-dev/Development/ros2/build/rtabmap/corelib/src/DatabaseSchema_sql.h" size = 12267 bytes\n'}
[4.666420] (rtabmap) StdoutLine: {'line': b'Input file "/workspaces/isaac_ros-dev/Development/ros2/src/rtabmap/corelib/src/resources/backward_compatibility/DatabaseSchema_0_22_0.sql" size = 5963 bytes\n'}
[4.667162] (rtabmap) StdoutLine: {'line': b'Output file "/workspaces/isaac_ros-dev/Development/ros2/build/rtabmap/corelib/src/DatabaseSchema_0_22_0_sql.h" size = 12181 bytes\n'}
[4.667258] (rtabmap) StdoutLine: {'line': b'Input file "/workspaces/isaac_ros-dev/Development/ros2/src/rtabmap/corelib/src/resources/backward_compatibility/DatabaseSchema_0_20_0.sql" size = 5900 bytes\n'}
[4.667330] (rtabmap) StdoutLine: {'line': b'Output file "/workspaces/isaac_ros-dev/Development/ros2/build/rtabmap/corelib/src/DatabaseSchema_0_20_0_sql.h" size = 12055 bytes\n'}
[4.667401] (rtabmap) StdoutLine: {'line': b'Input file "/workspaces/isaac_ros-dev/Development/ros2/src/rtabmap/corelib/src/resources/backward_compatibility/DatabaseSchema_0_18_3.sql" size = 5749 bytes\n'}
[4.667575] (rtabmap) StdoutLine: {'line': b'Output file "/workspaces/isaac_ros-dev/Development/ros2/build/rtabmap/corelib/src/DatabaseSchema_0_18_3_sql.h" size = 11753 bytes\n'}
[4.667640] (rtabmap) StdoutLine: {'line': b'Input file "/workspaces/isaac_ros-dev/Development/ros2/src/rtabmap/corelib/src/resources/backward_compatibility/DatabaseSchema_0_18_0.sql" size = 5749 bytes\n'}
[4.667703] (rtabmap) StdoutLine: {'line': b'Output file "/workspaces/isaac_ros-dev/Development/ros2/build/rtabmap/corelib/src/DatabaseSchema_0_18_0_sql.h" size = 11753 bytes\n'}
[4.667760] (rtabmap) StdoutLine: {'line': b'Input file "/workspaces/isaac_ros-dev/Development/ros2/src/rtabmap/corelib/src/resources/backward_compatibility/DatabaseSchema_0_17_0.sql" size = 5432 bytes\n'}
[4.667828] (rtabmap) StdoutLine: {'line': b'Output file "/workspaces/isaac_ros-dev/Development/ros2/build/rtabmap/corelib/src/DatabaseSchema_0_17_0_sql.h" size = 11119 bytes\n'}
[4.667891] (rtabmap) StdoutLine: {'line': b'Input file "/workspaces/isaac_ros-dev/Development/ros2/src/rtabmap/corelib/src/resources/backward_compatibility/DatabaseSchema_0_16_2.sql" size = 5362 bytes\n'}
[4.668032] (rtabmap) StdoutLine: {'line': b'Output file "/workspaces/isaac_ros-dev/Development/ros2/build/rtabmap/corelib/src/DatabaseSchema_0_16_2_sql.h" size = 10979 bytes\n'}
[4.668096] (rtabmap) StdoutLine: {'line': b'Input file "/workspaces/isaac_ros-dev/Development/ros2/src/rtabmap/corelib/src/resources/backward_compatibility/DatabaseSchema_0_16_1.sql" size = 5286 bytes\n'}
[4.668156] (rtabmap) StdoutLine: {'line': b'Output file "/workspaces/isaac_ros-dev/Development/ros2/build/rtabmap/corelib/src/DatabaseSchema_0_16_1_sql.h" size = 10827 bytes\n'}
[4.668211] (rtabmap) StdoutLine: {'line': b'Input file "/workspaces/isaac_ros-dev/Development/ros2/src/rtabmap/corelib/src/resources/backward_compatibility/DatabaseSchema_0_16_0.sql" size = 5273 bytes\n'}
[4.668268] (rtabmap) StdoutLine: {'line': b'Output file "/workspaces/isaac_ros-dev/Development/ros2/build/rtabmap/corelib/src/DatabaseSchema_0_16_0_sql.h" size = 10801 bytes\n'}
[4.699125] (rtabmap) StdoutLine: {'line': b'[ 11%] \x1b[32mBuilding CXX object corelib/src/CMakeFiles/rtabmap_core.dir/Rtabmap.cpp.o\x1b[0m\n'}
[4.699776] (rtabmap) StdoutLine: {'line': b'[ 14%] \x1b[32mBuilding CXX object corelib/src/CMakeFiles/rtabmap_core.dir/Statistics.cpp.o\x1b[0m\n'}
[4.700250] (rtabmap) StdoutLine: {'line': b'[ 14%] \x1b[32mBuilding CXX object corelib/src/CMakeFiles/rtabmap_core.dir/RtabmapThread.cpp.o\x1b[0m\n'}
[4.700389] (rtabmap) StdoutLine: {'line': b'[ 14%] \x1b[32mBuilding CXX object corelib/src/CMakeFiles/rtabmap_core.dir/Memory.cpp.o\x1b[0m\n'}
[4.701073] (rtabmap) StdoutLine: {'line': b'[ 15%] \x1b[32mBuilding CXX object corelib/src/CMakeFiles/rtabmap_core.dir/DBDriverSqlite3.cpp.o\x1b[0m\n'}
[4.701309] (rtabmap) StdoutLine: {'line': b'[ 15%] \x1b[32mBuilding CXX object corelib/src/CMakeFiles/rtabmap_core.dir/DBDriver.cpp.o\x1b[0m\n'}
[4.701582] (rtabmap) StdoutLine: {'line': b'[ 16%] \x1b[32mBuilding CXX object corelib/src/CMakeFiles/rtabmap_core.dir/DBReader.cpp.o\x1b[0m\n'}
[4.701775] (rtabmap) StdoutLine: {'line': b'[ 16%] \x1b[32mBuilding CXX object corelib/src/CMakeFiles/rtabmap_core.dir/Recovery.cpp.o\x1b[0m\n'}
[4.701872] (rtabmap) StdoutLine: {'line': b'[ 17%] \x1b[32mBuilding CXX object corelib/src/CMakeFiles/rtabmap_core.dir/SensorCapture.cpp.o\x1b[0m\n'}
[4.702637] (rtabmap) StdoutLine: {'line': b'[ 17%] \x1b[32mBuilding CXX object corelib/src/CMakeFiles/rtabmap_core.dir/CameraModel.cpp.o\x1b[0m\n'}
[4.703462] (rtabmap) StdoutLine: {'line': b'[ 18%] \x1b[32mBuilding CXX object corelib/src/CMakeFiles/rtabmap_core.dir/SensorCaptureThread.cpp.o\x1b[0m\n'}
[4.703665] (rtabmap) StdoutLine: {'line': b'[ 20%] \x1b[32mBuilding CXX object corelib/src/CMakeFiles/rtabmap_core.dir/Camera.cpp.o\x1b[0m\n'}
[4.704346] (rtabmap) StdoutLine: {'line': b'[ 20%] \x1b[32mBuilding CXX object corelib/src/CMakeFiles/rtabmap_core.dir/camera/CameraFreenect.cpp.o\x1b[0m\n'}
[4.705107] (rtabmap) StdoutLine: {'line': b'[ 21%] \x1b[32mBuilding CXX object corelib/src/CMakeFiles/rtabmap_core.dir/camera/CameraImages.cpp.o\x1b[0m\n'}
[4.705439] (rtabmap) StdoutLine: {'line': b'[ 21%] \x1b[32mBuilding CXX object corelib/src/CMakeFiles/rtabmap_core.dir/camera/CameraFreenect2.cpp.o\x1b[0m\n'}
[4.705568] (rtabmap) StdoutLine: {'line': b'[ 22%] \x1b[32mBuilding CXX object corelib/src/CMakeFiles/rtabmap_core.dir/camera/CameraK4W2.cpp.o\x1b[0m\n'}
[4.705659] (rtabmap) StdoutLine: {'line': b'[ 22%] \x1b[32mBuilding CXX object corelib/src/CMakeFiles/rtabmap_core.dir/camera/CameraOpenNI2.cpp.o\x1b[0m\n'}
[4.706055] (rtabmap) StdoutLine: {'line': b'[ 24%] \x1b[32mBuilding CXX object corelib/src/CMakeFiles/rtabmap_core.dir/camera/CameraK4A.cpp.o\x1b[0m\n'}
[4.706270] (rtabmap) StdoutLine: {'line': b'[ 24%] \x1b[32mBuilding CXX object corelib/src/CMakeFiles/rtabmap_core.dir/camera/CameraOpenni.cpp.o\x1b[0m\n'}
[4.706984] (rtabmap) StdoutLine: {'line': b'[ 25%] \x1b[32mBuilding CXX object corelib/src/CMakeFiles/rtabmap_core.dir/camera/CameraOpenNICV.cpp.o\x1b[0m\n'}
[4.708549] (rtabmap) StdoutLine: {'line': b'[ 26%] \x1b[32mBuilding CXX object corelib/src/CMakeFiles/rtabmap_core.dir/camera/CameraRealSense.cpp.o\x1b[0m\n'}
[4.709667] (rtabmap) StdoutLine: {'line': b'[ 26%] \x1b[32mBuilding CXX object corelib/src/CMakeFiles/rtabmap_core.dir/camera/CameraRealSense2.cpp.o\x1b[0m\n'}
[4.711666] (-) TimerEvent: {}
[4.724734] (rtabmap) StdoutLine: {'line': b'[ 27%] \x1b[32mBuilding CXX object corelib/src/CMakeFiles/rtabmap_core.dir/camera/CameraStereoDC1394.cpp.o\x1b[0m\n'}
[4.725723] (rtabmap) StdoutLine: {'line': b'[ 28%] \x1b[32mBuilding CXX object corelib/src/CMakeFiles/rtabmap_core.dir/camera/CameraRGBDImages.cpp.o\x1b[0m\n'}
[4.811802] (-) TimerEvent: {}
[4.913777] (-) TimerEvent: {}
[5.014389] (-) TimerEvent: {}
[5.117681] (-) TimerEvent: {}
[5.219866] (-) TimerEvent: {}
[5.321502] (-) TimerEvent: {}
[5.410423] (rtabmap_msgs) JobProgress: {'identifier': 'rtabmap_msgs', 'progress': 'install'}
[5.419656] (rtabmap_msgs) Command: {'cmd': ['/usr/bin/cmake', '--install', '/workspaces/isaac_ros-dev/Development/ros2/build/rtabmap_msgs'], 'cwd': '/workspaces/isaac_ros-dev/Development/ros2/build/rtabmap_msgs', 'env': OrderedDict([('DALI_BUILD', '5838886'), ('LIBRARY_PATH', '/usr/local/cuda/lib64/stubs:'), ('NVIDIA_CTK_LIBCUDA_DIR', '/usr/lib/x86_64-linux-gnu'), ('PYTHONWARNINGS', 'ignore:::setuptools.command.install,ignore:::setuptools.command.easy_install,ignore:::pkg_resources'), ('USER', 'bp02-ubuntu'), ('TF_ADJUST_SATURATION_FUSED', '1'), ('CUSOLVER_VERSION', '11.4.1.48'), ('HOSTNAME', 'bp02-ubuntu-ROG-Strix-G16-G615LR-G615LR'), ('CUTENSOR_VERSION', '1.6.1.5'), ('SHLVL', '2'), ('LD_LIBRARY_PATH', '/workspace/cartographer_ws/install/pcl_ros/lib:/workspace/cartographer_ws/install/cartographer_rviz/lib:/workspace/cartographer_ws/install/cartographer_ros/lib:/workspace/cartographer_ws/install/pcl_msgs/lib:/workspace/cartographer_ws/install/isaac_ros_tensor_list_interfaces/lib:/workspace/cartographer_ws/install/isaac_ros_pointcloud_interfaces/lib:/workspace/cartographer_ws/install/isaac_ros_nova_interfaces/lib:/workspace/cartographer_ws/install/isaac_ros_nitros_bridge_interfaces/lib:/workspace/cartographer_ws/install/isaac_ros_common/lib:/workspace/cartographer_ws/install/isaac_ros_bi3d_interfaces/lib:/workspace/cartographer_ws/install/isaac_ros_apriltag_interfaces/lib:/workspace/cartographer_ws/install/control_msgs/lib:/workspace/cartographer_ws/install/cartographer_ros_msgs/lib:/opt/ros/humble/opt/rviz_ogre_vendor/lib:/opt/ros/humble/lib/x86_64-linux-gnu:/opt/ros/humble/lib:/opt/tritonserver/backends/onnxruntime:/usr/local/cuda/compat/lib:/usr/local/nvidia/lib:/usr/local/nvidia/lib64:/opt/tritonserver/lib'), ('HOME', '/home/admin'), ('NVIDIA_TRITON_SERVER_VERSION', '22.09'), ('OLDPWD', '/workspaces/isaac_ros-dev/Development/ros2'), ('CUDA_CACHE_DISABLE', '1'), ('ROS_PYTHON_VERSION', '3'), ('USER_UID', '1000'), ('ENV', '/etc/shinit_v2'), ('RDMACORE_VERSION', '36.0'), ('NVJPEG_VERSION', '11.9.0.86'), ('NVIDIA_BUILD_ID', '44909143'), ('CUDA_VERSION', '11.8.0.062'), ('CUBLAS_VERSION', '11.11.3.6'), ('NSIGHT_SYSTEMS_VERSION', '2022.3.1.43'), ('COLCON_PREFIX_PATH', '/workspace/cartographer_ws/install'), ('ROS_DISTRO', 'humble'), ('OPAL_PREFIX', '/opt/hpcx/ompi'), ('NVIDIA_REQUIRE_CUDA', 'cuda>=9.0'), ('TRT_VERSION', '8.5.0.12'), ('GDRCOPY_VERSION', '2.3'), ('_', '/usr/bin/colcon'), ('ROS_VERSION', '2'), ('PKG_CONFIG_PATH', '/workspace/cartographer_ws/install/cartographer/lib/x86_64-linux-gnu/pkgconfig:/workspace/cartographer_ws/install/cartographer/lib/pkgconfig'), ('NVIDIA_DRIVER_CAPABILITIES', 'all'), ('POLYGRAPHY_VERSION', '0.38.0'), ('CURAND_VERSION', '10.3.0.86'), ('MOFED_VERSION', '5.4-rdmacore36.0'), ('USERNAME', 'admin'), ('TERM', 'xterm'), ('ROS_LOCALHOST_ONLY', '0'), ('PATH', '/workspace/cartographer_ws/install/cartographer/bin:/opt/ros/humble/bin:/opt/tritonserver/bin:/usr/local/mpi/bin:/usr/local/nvidia/bin:/usr/local/cuda/bin:/usr/local/sbin:/usr/local/bin:/usr/sbin:/usr/bin:/sbin:/bin:/usr/local/ucx/bin:/opt/nvidia/tao'), ('FASTRTPS_DEFAULT_PROFILES_FILE', '/usr/local/share/middleware_profiles/rtps_udp_profile.xml'), ('CUDA_DRIVER_VERSION', '520.61.03'), ('_CUDA_COMPAT_STATUS', 'System has unsupported display driver / cuda driver combination (CUDA_ERROR_SYSTEM_DRIVER_MISMATCH) cuInit()=803'), ('DISPLAY', ':1'), ('NVIDIA_PRODUCT_NAME', 'Triton Server'), ('LANG', 'en_US.UTF-8'), ('RMW_IMPLEMENTATION', 'rmw_fastrtps_cpp'), ('NPP_VERSION', '11.8.0.86'), ('ROS_ROOT', '/opt/ros/humble'), ('CUFFT_VERSION', '10.9.0.58'), ('TF_ENABLE_WINOGRAD_NONFUSED', '1'), ('AMENT_PREFIX_PATH', '/workspace/cartographer_ws/install/perception_pcl:/workspace/cartographer_ws/install/pcl_ros:/workspace/cartographer_ws/install/cartographer_rviz:/workspace/cartographer_ws/install/cartographer_ros:/workspace/cartographer_ws/install/pcl_conversions:/workspace/cartographer_ws/install/pcl_msgs:/workspace/cartographer_ws/install/isaac_ros_test:/workspace/cartographer_ws/install/isaac_ros_tensor_list_interfaces:/workspace/cartographer_ws/install/isaac_ros_pointcloud_interfaces:/workspace/cartographer_ws/install/isaac_ros_nova_interfaces:/workspace/cartographer_ws/install/isaac_ros_nitros_bridge_interfaces:/workspace/cartographer_ws/install/isaac_ros_common:/workspace/cartographer_ws/install/isaac_ros_bi3d_interfaces:/workspace/cartographer_ws/install/isaac_ros_apriltag_interfaces:/workspace/cartographer_ws/install/control_msgs:/workspace/cartographer_ws/install/cartographer_ros_msgs:/opt/ros/humble'), ('CUDNN_VERSION', '8.6.0.163'), ('NSIGHT_COMPUTE_VERSION', '2022.3.0.22'), ('DALI_VERSION', '1.17.0'), ('DEBIAN_FRONTEND', 'noninteractive'), ('SHELL', '/bin/bash'), ('DCGM_VERSION', '2.2.9'), ('OPENMPI_VERSION', '4.1.4'), ('TRTOSS_VERSION', ''), ('OMPI_MCA_coll_hcoll_enable', '0'), ('CUSPARSE_VERSION', '11.7.5.86'), ('TRITON_SERVER_GPU_ENABLED', '1'), ('TRITON_SERVER_VERSION', '2.26.0'), ('BASH_ENV', '/etc/bash.bashrc'), ('PWD', '/workspaces/isaac_ros-dev/Development/ros2/build/rtabmap_msgs'), ('PYTHONPATH', '/workspace/cartographer_ws/install/pcl_msgs/lib/python3.8/site-packages:/workspace/cartographer_ws/build/isaac_ros_test:/workspace/cartographer_ws/install/isaac_ros_test/lib/python3.8/site-packages:/workspace/cartographer_ws/install/isaac_ros_tensor_list_interfaces/lib/python3.8/site-packages:/workspace/cartographer_ws/install/isaac_ros_pointcloud_interfaces/lib/python3.8/site-packages:/workspace/cartographer_ws/install/isaac_ros_nova_interfaces/lib/python3.8/site-packages:/workspace/cartographer_ws/install/isaac_ros_nitros_bridge_interfaces/lib/python3.8/site-packages:/workspace/cartographer_ws/install/isaac_ros_bi3d_interfaces/lib/python3.8/site-packages:/workspace/cartographer_ws/install/isaac_ros_apriltag_interfaces/lib/python3.8/site-packages:/workspace/cartographer_ws/install/control_msgs/lib/python3.8/site-packages:/workspace/cartographer_ws/install/cartographer_ros_msgs/lib/python3.8/site-packages:/opt/ros/humble/lib/python3.8/site-packages:/home/Quanser/0_libraries/python'), ('_CUDA_COMPAT_PATH', '/usr/local/cuda/compat'), ('TRITON_SERVER_USER', 'triton-server'), ('TF_ADJUST_HUE_FUSED', '1'), ('NVIDIA_VISIBLE_DEVICES', 'void'), ('NCCL_VERSION', '2.15.1'), ('USER_GID', '1000'), ('COLCON', '1'), ('OPENUCX_VERSION', '1.14.0'), ('HPCX_VERSION', '2.12.1a0'), ('SHARP_COLL_ENABLE_CUDA', '0'), ('CMAKE_PREFIX_PATH', '/workspace/cartographer_ws/install/perception_pcl:/workspace/cartographer_ws/install/pcl_ros:/workspace/cartographer_ws/install/cartographer_rviz:/workspace/cartographer_ws/install/cartographer_ros:/workspace/cartographer_ws/install/pcl_conversions:/workspace/cartographer_ws/install/pcl_msgs:/workspace/cartographer_ws/install/isaac_ros_tensor_list_interfaces:/workspace/cartographer_ws/install/isaac_ros_pointcloud_interfaces:/workspace/cartographer_ws/install/isaac_ros_nova_interfaces:/workspace/cartographer_ws/install/isaac_ros_nitros_bridge_interfaces:/workspace/cartographer_ws/install/isaac_ros_common:/workspace/cartographer_ws/install/isaac_ros_bi3d_interfaces:/workspace/cartographer_ws/install/isaac_ros_apriltag_interfaces:/workspace/cartographer_ws/install/control_msgs:/workspace/cartographer_ws/install/cartographer_ros_msgs:/workspace/cartographer_ws/install/cartographer:/workspace/cartographer_ws/install/absl:/workspace/cartographer_ws/install/isaac_ros_test:/opt/ros/humble'), ('TF_AUTOTUNE_THRESHOLD', '2')]), 'shell': False}
[5.421797] (-) TimerEvent: {}
[5.432277] (rtabmap_msgs) StdoutLine: {'line': b'-- Install configuration: "Release"\n'}
[5.442497] (rtabmap_msgs) StdoutLine: {'line': b'-- Execute custom install script\n'}
[5.442761] (rtabmap_msgs) StdoutLine: {'line': b'-- Up-to-date symlink: /workspaces/isaac_ros-dev/Development/ros2/install/rtabmap_msgs/share/ament_index/resource_index/rosidl_interfaces/rtabmap_msgs\n'}
[5.444736] (rtabmap_msgs) StdoutLine: {'line': b'-- Up-to-date symlink: /workspaces/isaac_ros-dev/Development/ros2/install/rtabmap_msgs/include/rtabmap_msgs/rtabmap_msgs/msg/camera_model.h\n'}
[5.445056] (rtabmap_msgs) StdoutLine: {'line': b'-- Up-to-date symlink: /workspaces/isaac_ros-dev/Development/ros2/install/rtabmap_msgs/include/rtabmap_msgs/rtabmap_msgs/msg/camera_models.h\n'}
[5.445154] (rtabmap_msgs) StdoutLine: {'line': b'-- Up-to-date symlink: /workspaces/isaac_ros-dev/Development/ros2/install/rtabmap_msgs/include/rtabmap_msgs/rtabmap_msgs/msg/detail/camera_model__functions.h\n'}
[5.445234] (rtabmap_msgs) StdoutLine: {'line': b'-- Up-to-date symlink: /workspaces/isaac_ros-dev/Development/ros2/install/rtabmap_msgs/include/rtabmap_msgs/rtabmap_msgs/msg/detail/camera_model__struct.h\n'}
[5.445307] (rtabmap_msgs) StdoutLine: {'line': b'-- Up-to-date symlink: /workspaces/isaac_ros-dev/Development/ros2/install/rtabmap_msgs/include/rtabmap_msgs/rtabmap_msgs/msg/detail/camera_model__type_support.h\n'}
[5.445377] (rtabmap_msgs) StdoutLine: {'line': b'-- Up-to-date symlink: /workspaces/isaac_ros-dev/Development/ros2/install/rtabmap_msgs/include/rtabmap_msgs/rtabmap_msgs/msg/detail/camera_models__functions.h\n'}
[5.445445] (rtabmap_msgs) StdoutLine: {'line': b'-- Up-to-date symlink: /workspaces/isaac_ros-dev/Development/ros2/install/rtabmap_msgs/include/rtabmap_msgs/rtabmap_msgs/msg/detail/camera_models__struct.h\n'}
[5.445515] (rtabmap_msgs) StdoutLine: {'line': b'-- Up-to-date symlink: /workspaces/isaac_ros-dev/Development/ros2/install/rtabmap_msgs/include/rtabmap_msgs/rtabmap_msgs/msg/detail/camera_models__type_support.h\n'}
[5.445596] (rtabmap_msgs) StdoutLine: {'line': b'-- Up-to-date symlink: /workspaces/isaac_ros-dev/Development/ros2/install/rtabmap_msgs/include/rtabmap_msgs/rtabmap_msgs/msg/detail/env_sensor__functions.h\n'}
[5.445667] (rtabmap_msgs) StdoutLine: {'line': b'-- Up-to-date symlink: /workspaces/isaac_ros-dev/Development/ros2/install/rtabmap_msgs/include/rtabmap_msgs/rtabmap_msgs/msg/detail/env_sensor__struct.h\n'}
[5.445732] (rtabmap_msgs) StdoutLine: {'line': b'-- Up-to-date symlink: /workspaces/isaac_ros-dev/Development/ros2/install/rtabmap_msgs/include/rtabmap_msgs/rtabmap_msgs/msg/detail/env_sensor__type_support.h\n'}
[5.445802] (rtabmap_msgs) StdoutLine: {'line': b'-- Up-to-date symlink: /workspaces/isaac_ros-dev/Development/ros2/install/rtabmap_msgs/include/rtabmap_msgs/rtabmap_msgs/msg/detail/global_descriptor__functions.h\n'}
[5.445870] (rtabmap_msgs) StdoutLine: {'line': b'-- Up-to-date symlink: /workspaces/isaac_ros-dev/Development/ros2/install/rtabmap_msgs/include/rtabmap_msgs/rtabmap_msgs/msg/detail/global_descriptor__struct.h\n'}
[5.445942] (rtabmap_msgs) StdoutLine: {'line': b'-- Up-to-date symlink: /workspaces/isaac_ros-dev/Development/ros2/install/rtabmap_msgs/include/rtabmap_msgs/rtabmap_msgs/msg/detail/global_descriptor__type_support.h\n'}
[5.449145] (rtabmap_msgs) StdoutLine: {'line': b'-- Up-to-date symlink: /workspaces/isaac_ros-dev/Development/ros2/install/rtabmap_msgs/include/rtabmap_msgs/rtabmap_msgs/msg/detail/goal__functions.h\n'}
[5.449468] (rtabmap_msgs) StdoutLine: {'line': b'-- Up-to-date symlink: /workspaces/isaac_ros-dev/Development/ros2/install/rtabmap_msgs/include/rtabmap_msgs/rtabmap_msgs/msg/detail/goal__struct.h\n'}
[5.449563] (rtabmap_msgs) StdoutLine: {'line': b'-- Up-to-date symlink: /workspaces/isaac_ros-dev/Development/ros2/install/rtabmap_msgs/include/rtabmap_msgs/rtabmap_msgs/msg/detail/goal__type_support.h\n'}
[5.449647] (rtabmap_msgs) StdoutLine: {'line': b'-- Up-to-date symlink: /workspaces/isaac_ros-dev/Development/ros2/install/rtabmap_msgs/include/rtabmap_msgs/rtabmap_msgs/msg/detail/gps__functions.h\n'}
[5.449723] (rtabmap_msgs) StdoutLine: {'line': b'-- Up-to-date symlink: /workspaces/isaac_ros-dev/Development/ros2/install/rtabmap_msgs/include/rtabmap_msgs/rtabmap_msgs/msg/detail/gps__struct.h\n'}
[5.449792] (rtabmap_msgs) StdoutLine: {'line': b'-- Up-to-date symlink: /workspaces/isaac_ros-dev/Development/ros2/install/rtabmap_msgs/include/rtabmap_msgs/rtabmap_msgs/msg/detail/gps__type_support.h\n'}
[5.449860] (rtabmap_msgs) StdoutLine: {'line': b'-- Up-to-date symlink: /workspaces/isaac_ros-dev/Development/ros2/install/rtabmap_msgs/include/rtabmap_msgs/rtabmap_msgs/msg/detail/info__functions.h\n'}
[5.449931] (rtabmap_msgs) StdoutLine: {'line': b'-- Up-to-date symlink: /workspaces/isaac_ros-dev/Development/ros2/install/rtabmap_msgs/include/rtabmap_msgs/rtabmap_msgs/msg/detail/info__struct.h\n'}
[5.450002] (rtabmap_msgs) StdoutLine: {'line': b'-- Up-to-date symlink: /workspaces/isaac_ros-dev/Development/ros2/install/rtabmap_msgs/include/rtabmap_msgs/rtabmap_msgs/msg/detail/info__type_support.h\n'}
[5.450069] (rtabmap_msgs) StdoutLine: {'line': b'-- Up-to-date symlink: /workspaces/isaac_ros-dev/Development/ros2/install/rtabmap_msgs/include/rtabmap_msgs/rtabmap_msgs/msg/detail/key_point__functions.h\n'}
[5.450150] (rtabmap_msgs) StdoutLine: {'line': b'-- Up-to-date symlink: /workspaces/isaac_ros-dev/Development/ros2/install/rtabmap_msgs/include/rtabmap_msgs/rtabmap_msgs/msg/detail/key_point__struct.h\n'}
[5.450230] (rtabmap_msgs) StdoutLine: {'line': b'-- Up-to-date symlink: /workspaces/isaac_ros-dev/Development/ros2/install/rtabmap_msgs/include/rtabmap_msgs/rtabmap_msgs/msg/detail/key_point__type_support.h\n'}
[5.450304] (rtabmap_msgs) StdoutLine: {'line': b'-- Up-to-date symlink: /workspaces/isaac_ros-dev/Development/ros2/install/rtabmap_msgs/include/rtabmap_msgs/rtabmap_msgs/msg/detail/landmark_detection__functions.h\n'}
[5.450372] (rtabmap_msgs) StdoutLine: {'line': b'-- Up-to-date symlink: /workspaces/isaac_ros-dev/Development/ros2/install/rtabmap_msgs/include/rtabmap_msgs/rtabmap_msgs/msg/detail/landmark_detection__struct.h\n'}
[5.450438] (rtabmap_msgs) StdoutLine: {'line': b'-- Up-to-date symlink: /workspaces/isaac_ros-dev/Development/ros2/install/rtabmap_msgs/include/rtabmap_msgs/rtabmap_msgs/msg/detail/landmark_detection__type_support.h\n'}
[5.450505] (rtabmap_msgs) StdoutLine: {'line': b'-- Up-to-date symlink: /workspaces/isaac_ros-dev/Development/ros2/install/rtabmap_msgs/include/rtabmap_msgs/rtabmap_msgs/msg/detail/landmark_detections__functions.h\n'}
[5.450571] (rtabmap_msgs) StdoutLine: {'line': b'-- Up-to-date symlink: /workspaces/isaac_ros-dev/Development/ros2/install/rtabmap_msgs/include/rtabmap_msgs/rtabmap_msgs/msg/detail/landmark_detections__struct.h\n'}
[5.450637] (rtabmap_msgs) StdoutLine: {'line': b'-- Up-to-date symlink: /workspaces/isaac_ros-dev/Development/ros2/install/rtabmap_msgs/include/rtabmap_msgs/rtabmap_msgs/msg/detail/landmark_detections__type_support.h\n'}
[5.450706] (rtabmap_msgs) StdoutLine: {'line': b'-- Up-to-date symlink: /workspaces/isaac_ros-dev/Development/ros2/install/rtabmap_msgs/include/rtabmap_msgs/rtabmap_msgs/msg/detail/link__functions.h\n'}
[5.450782] (rtabmap_msgs) StdoutLine: {'line': b'-- Up-to-date symlink: /workspaces/isaac_ros-dev/Development/ros2/install/rtabmap_msgs/include/rtabmap_msgs/rtabmap_msgs/msg/detail/link__struct.h\n'}
[5.450856] (rtabmap_msgs) StdoutLine: {'line': b'-- Up-to-date symlink: /workspaces/isaac_ros-dev/Development/ros2/install/rtabmap_msgs/include/rtabmap_msgs/rtabmap_msgs/msg/detail/link__type_support.h\n'}
[5.450922] (rtabmap_msgs) StdoutLine: {'line': b'-- Up-to-date symlink: /workspaces/isaac_ros-dev/Development/ros2/install/rtabmap_msgs/include/rtabmap_msgs/rtabmap_msgs/msg/detail/map_data__functions.h\n'}
[5.450988] (rtabmap_msgs) StdoutLine: {'line': b'-- Up-to-date symlink: /workspaces/isaac_ros-dev/Development/ros2/install/rtabmap_msgs/include/rtabmap_msgs/rtabmap_msgs/msg/detail/map_data__struct.h\n'}
[5.451059] (rtabmap_msgs) StdoutLine: {'line': b'-- Up-to-date symlink: /workspaces/isaac_ros-dev/Development/ros2/install/rtabmap_msgs/include/rtabmap_msgs/rtabmap_msgs/msg/detail/map_data__type_support.h\n'}
[5.451136] (rtabmap_msgs) StdoutLine: {'line': b'-- Up-to-date symlink: /workspaces/isaac_ros-dev/Development/ros2/install/rtabmap_msgs/include/rtabmap_msgs/rtabmap_msgs/msg/detail/map_graph__functions.h\n'}
[5.451207] (rtabmap_msgs) StdoutLine: {'line': b'-- Up-to-date symlink: /workspaces/isaac_ros-dev/Development/ros2/install/rtabmap_msgs/include/rtabmap_msgs/rtabmap_msgs/msg/detail/map_graph__struct.h\n'}
[5.451278] (rtabmap_msgs) StdoutLine: {'line': b'-- Up-to-date symlink: /workspaces/isaac_ros-dev/Development/ros2/install/rtabmap_msgs/include/rtabmap_msgs/rtabmap_msgs/msg/detail/map_graph__type_support.h\n'}
[5.451348] (rtabmap_msgs) StdoutLine: {'line': b'-- Up-to-date symlink: /workspaces/isaac_ros-dev/Development/ros2/install/rtabmap_msgs/include/rtabmap_msgs/rtabmap_msgs/msg/detail/node__functions.h\n'}
[5.451418] (rtabmap_msgs) StdoutLine: {'line': b'-- Up-to-date symlink: /workspaces/isaac_ros-dev/Development/ros2/install/rtabmap_msgs/include/rtabmap_msgs/rtabmap_msgs/msg/detail/node__struct.h\n'}
[5.451487] (rtabmap_msgs) StdoutLine: {'line': b'-- Up-to-date symlink: /workspaces/isaac_ros-dev/Development/ros2/install/rtabmap_msgs/include/rtabmap_msgs/rtabmap_msgs/msg/detail/node__type_support.h\n'}
[5.451558] (rtabmap_msgs) StdoutLine: {'line': b'-- Up-to-date symlink: /workspaces/isaac_ros-dev/Development/ros2/install/rtabmap_msgs/include/rtabmap_msgs/rtabmap_msgs/msg/detail/odom_info__functions.h\n'}
[5.451628] (rtabmap_msgs) StdoutLine: {'line': b'-- Up-to-date symlink: /workspaces/isaac_ros-dev/Development/ros2/install/rtabmap_msgs/include/rtabmap_msgs/rtabmap_msgs/msg/detail/odom_info__struct.h\n'}
[5.451695] (rtabmap_msgs) StdoutLine: {'line': b'-- Up-to-date symlink: /workspaces/isaac_ros-dev/Development/ros2/install/rtabmap_msgs/include/rtabmap_msgs/rtabmap_msgs/msg/detail/odom_info__type_support.h\n'}
[5.451764] (rtabmap_msgs) StdoutLine: {'line': b'-- Up-to-date symlink: /workspaces/isaac_ros-dev/Development/ros2/install/rtabmap_msgs/include/rtabmap_msgs/rtabmap_msgs/msg/detail/path__functions.h\n'}
[5.451833] (rtabmap_msgs) StdoutLine: {'line': b'-- Up-to-date symlink: /workspaces/isaac_ros-dev/Development/ros2/install/rtabmap_msgs/include/rtabmap_msgs/rtabmap_msgs/msg/detail/path__struct.h\n'}
[5.451900] (rtabmap_msgs) StdoutLine: {'line': b'-- Up-to-date symlink: /workspaces/isaac_ros-dev/Development/ros2/install/rtabmap_msgs/include/rtabmap_msgs/rtabmap_msgs/msg/detail/path__type_support.h\n'}
[5.451969] (rtabmap_msgs) StdoutLine: {'line': b'-- Up-to-date symlink: /workspaces/isaac_ros-dev/Development/ros2/install/rtabmap_msgs/include/rtabmap_msgs/rtabmap_msgs/msg/detail/point2f__functions.h\n'}
[5.452038] (rtabmap_msgs) StdoutLine: {'line': b'-- Up-to-date symlink: /workspaces/isaac_ros-dev/Development/ros2/install/rtabmap_msgs/include/rtabmap_msgs/rtabmap_msgs/msg/detail/point2f__struct.h\n'}
[5.453666] (rtabmap_msgs) StdoutLine: {'line': b'-- Up-to-date symlink: /workspaces/isaac_ros-dev/Development/ros2/install/rtabmap_msgs/include/rtabmap_msgs/rtabmap_msgs/msg/detail/point2f__type_support.h\n'}
[5.454189] (rtabmap_msgs) StdoutLine: {'line': b'-- Up-to-date symlink: /workspaces/isaac_ros-dev/Development/ros2/install/rtabmap_msgs/include/rtabmap_msgs/rtabmap_msgs/msg/detail/point3f__functions.h\n'}
[5.456308] (rtabmap_msgs) StdoutLine: {'line': b'-- Up-to-date symlink: /workspaces/isaac_ros-dev/Development/ros2/install/rtabmap_msgs/include/rtabmap_msgs/rtabmap_msgs/msg/detail/point3f__struct.h\n'}
[5.456386] (rtabmap_msgs) StdoutLine: {'line': b'-- Up-to-date symlink: /workspaces/isaac_ros-dev/Development/ros2/install/rtabmap_msgs/include/rtabmap_msgs/rtabmap_msgs/msg/detail/point3f__type_support.h\n'}
[5.456458] (rtabmap_msgs) StdoutLine: {'line': b'-- Up-to-date symlink: /workspaces/isaac_ros-dev/Development/ros2/install/rtabmap_msgs/include/rtabmap_msgs/rtabmap_msgs/msg/detail/rgbd_image__functions.h\n'}
[5.456528] (rtabmap_msgs) StdoutLine: {'line': b'-- Up-to-date symlink: /workspaces/isaac_ros-dev/Development/ros2/install/rtabmap_msgs/include/rtabmap_msgs/rtabmap_msgs/msg/detail/rgbd_image__struct.h\n'}
[5.456606] (rtabmap_msgs) StdoutLine: {'line': b'-- Up-to-date symlink: /workspaces/isaac_ros-dev/Development/ros2/install/rtabmap_msgs/include/rtabmap_msgs/rtabmap_msgs/msg/detail/rgbd_image__type_support.h\n'}
[5.456675] (rtabmap_msgs) StdoutLine: {'line': b'-- Up-to-date symlink: /workspaces/isaac_ros-dev/Development/ros2/install/rtabmap_msgs/include/rtabmap_msgs/rtabmap_msgs/msg/detail/rgbd_images__functions.h\n'}
[5.456743] (rtabmap_msgs) StdoutLine: {'line': b'-- Up-to-date symlink: /workspaces/isaac_ros-dev/Development/ros2/install/rtabmap_msgs/include/rtabmap_msgs/rtabmap_msgs/msg/detail/rgbd_images__struct.h\n'}
[5.456813] (rtabmap_msgs) StdoutLine: {'line': b'-- Up-to-date symlink: /workspaces/isaac_ros-dev/Development/ros2/install/rtabmap_msgs/include/rtabmap_msgs/rtabmap_msgs/msg/detail/rgbd_images__type_support.h\n'}
[5.456882] (rtabmap_msgs) StdoutLine: {'line': b'-- Up-to-date symlink: /workspaces/isaac_ros-dev/Development/ros2/install/rtabmap_msgs/include/rtabmap_msgs/rtabmap_msgs/msg/detail/scan_descriptor__functions.h\n'}
[5.456947] (rtabmap_msgs) StdoutLine: {'line': b'-- Up-to-date symlink: /workspaces/isaac_ros-dev/Development/ros2/install/rtabmap_msgs/include/rtabmap_msgs/rtabmap_msgs/msg/detail/scan_descriptor__struct.h\n'}
[5.457017] (rtabmap_msgs) StdoutLine: {'line': b'-- Up-to-date symlink: /workspaces/isaac_ros-dev/Development/ros2/install/rtabmap_msgs/include/rtabmap_msgs/rtabmap_msgs/msg/detail/scan_descriptor__type_support.h\n'}
[5.457092] (rtabmap_msgs) StdoutLine: {'line': b'-- Up-to-date symlink: /workspaces/isaac_ros-dev/Development/ros2/install/rtabmap_msgs/include/rtabmap_msgs/rtabmap_msgs/msg/detail/sensor_data__functions.h\n'}
[5.457161] (rtabmap_msgs) StdoutLine: {'line': b'-- Up-to-date symlink: /workspaces/isaac_ros-dev/Development/ros2/install/rtabmap_msgs/include/rtabmap_msgs/rtabmap_msgs/msg/detail/sensor_data__struct.h\n'}
[5.457230] (rtabmap_msgs) StdoutLine: {'line': b'-- Up-to-date symlink: /workspaces/isaac_ros-dev/Development/ros2/install/rtabmap_msgs/include/rtabmap_msgs/rtabmap_msgs/msg/detail/sensor_data__type_support.h\n'}
[5.457300] (rtabmap_msgs) StdoutLine: {'line': b'-- Up-to-date symlink: /workspaces/isaac_ros-dev/Development/ros2/install/rtabmap_msgs/include/rtabmap_msgs/rtabmap_msgs/msg/detail/user_data__functions.h\n'}
[5.457367] (rtabmap_msgs) StdoutLine: {'line': b'-- Up-to-date symlink: /workspaces/isaac_ros-dev/Development/ros2/install/rtabmap_msgs/include/rtabmap_msgs/rtabmap_msgs/msg/detail/user_data__struct.h\n'}
[5.457436] (rtabmap_msgs) StdoutLine: {'line': b'-- Up-to-date symlink: /workspaces/isaac_ros-dev/Development/ros2/install/rtabmap_msgs/include/rtabmap_msgs/rtabmap_msgs/msg/detail/user_data__type_support.h\n'}
[5.457507] (rtabmap_msgs) StdoutLine: {'line': b'-- Up-to-date symlink: /workspaces/isaac_ros-dev/Development/ros2/install/rtabmap_msgs/include/rtabmap_msgs/rtabmap_msgs/msg/env_sensor.h\n'}
[5.457581] (rtabmap_msgs) StdoutLine: {'line': b'-- Up-to-date symlink: /workspaces/isaac_ros-dev/Development/ros2/install/rtabmap_msgs/include/rtabmap_msgs/rtabmap_msgs/msg/global_descriptor.h\n'}
[5.457652] (rtabmap_msgs) StdoutLine: {'line': b'-- Up-to-date symlink: /workspaces/isaac_ros-dev/Development/ros2/install/rtabmap_msgs/include/rtabmap_msgs/rtabmap_msgs/msg/goal.h\n'}
[5.457722] (rtabmap_msgs) StdoutLine: {'line': b'-- Up-to-date symlink: /workspaces/isaac_ros-dev/Development/ros2/install/rtabmap_msgs/include/rtabmap_msgs/rtabmap_msgs/msg/gps.h\n'}
[5.457790] (rtabmap_msgs) StdoutLine: {'line': b'-- Up-to-date symlink: /workspaces/isaac_ros-dev/Development/ros2/install/rtabmap_msgs/include/rtabmap_msgs/rtabmap_msgs/msg/info.h\n'}
[5.457860] (rtabmap_msgs) StdoutLine: {'line': b'-- Up-to-date symlink: /workspaces/isaac_ros-dev/Development/ros2/install/rtabmap_msgs/include/rtabmap_msgs/rtabmap_msgs/msg/key_point.h\n'}
[5.457927] (rtabmap_msgs) StdoutLine: {'line': b'-- Up-to-date symlink: /workspaces/isaac_ros-dev/Development/ros2/install/rtabmap_msgs/include/rtabmap_msgs/rtabmap_msgs/msg/landmark_detection.h\n'}
[5.457994] (rtabmap_msgs) StdoutLine: {'line': b'-- Up-to-date symlink: /workspaces/isaac_ros-dev/Development/ros2/install/rtabmap_msgs/include/rtabmap_msgs/rtabmap_msgs/msg/landmark_detections.h\n'}
[5.458067] (rtabmap_msgs) StdoutLine: {'line': b'-- Up-to-date symlink: /workspaces/isaac_ros-dev/Development/ros2/install/rtabmap_msgs/include/rtabmap_msgs/rtabmap_msgs/msg/link.h\n'}
[5.461238] (rtabmap_msgs) StdoutLine: {'line': b'-- Up-to-date symlink: /workspaces/isaac_ros-dev/Development/ros2/install/rtabmap_msgs/include/rtabmap_msgs/rtabmap_msgs/msg/map_data.h\n'}
[5.461347] (rtabmap_msgs) StdoutLine: {'line': b'-- Up-to-date symlink: /workspaces/isaac_ros-dev/Development/ros2/install/rtabmap_msgs/include/rtabmap_msgs/rtabmap_msgs/msg/map_graph.h\n'}
[5.461419] (rtabmap_msgs) StdoutLine: {'line': b'-- Up-to-date symlink: /workspaces/isaac_ros-dev/Development/ros2/install/rtabmap_msgs/include/rtabmap_msgs/rtabmap_msgs/msg/node.h\n'}
[5.461485] (rtabmap_msgs) StdoutLine: {'line': b'-- Up-to-date symlink: /workspaces/isaac_ros-dev/Development/ros2/install/rtabmap_msgs/include/rtabmap_msgs/rtabmap_msgs/msg/odom_info.h\n'}
[5.461562] (rtabmap_msgs) StdoutLine: {'line': b'-- Up-to-date symlink: /workspaces/isaac_ros-dev/Development/ros2/install/rtabmap_msgs/include/rtabmap_msgs/rtabmap_msgs/msg/path.h\n'}
[5.461628] (rtabmap_msgs) StdoutLine: {'line': b'-- Up-to-date symlink: /workspaces/isaac_ros-dev/Development/ros2/install/rtabmap_msgs/include/rtabmap_msgs/rtabmap_msgs/msg/point2f.h\n'}
[5.461694] (rtabmap_msgs) StdoutLine: {'line': b'-- Up-to-date symlink: /workspaces/isaac_ros-dev/Development/ros2/install/rtabmap_msgs/include/rtabmap_msgs/rtabmap_msgs/msg/point3f.h\n'}
[5.461762] (rtabmap_msgs) StdoutLine: {'line': b'-- Up-to-date symlink: /workspaces/isaac_ros-dev/Development/ros2/install/rtabmap_msgs/include/rtabmap_msgs/rtabmap_msgs/msg/rgbd_image.h\n'}
[5.461828] (rtabmap_msgs) StdoutLine: {'line': b'-- Up-to-date symlink: /workspaces/isaac_ros-dev/Development/ros2/install/rtabmap_msgs/include/rtabmap_msgs/rtabmap_msgs/msg/rgbd_images.h\n'}
[5.461895] (rtabmap_msgs) StdoutLine: {'line': b'-- Up-to-date symlink: /workspaces/isaac_ros-dev/Development/ros2/install/rtabmap_msgs/include/rtabmap_msgs/rtabmap_msgs/msg/rosidl_generator_c__visibility_control.h\n'}
[5.461964] (rtabmap_msgs) StdoutLine: {'line': b'-- Up-to-date symlink: /workspaces/isaac_ros-dev/Development/ros2/install/rtabmap_msgs/include/rtabmap_msgs/rtabmap_msgs/msg/scan_descriptor.h\n'}
[5.462031] (rtabmap_msgs) StdoutLine: {'line': b'-- Up-to-date symlink: /workspaces/isaac_ros-dev/Development/ros2/install/rtabmap_msgs/include/rtabmap_msgs/rtabmap_msgs/msg/sensor_data.h\n'}
[5.462148] (rtabmap_msgs) StdoutLine: {'line': b'-- Up-to-date symlink: /workspaces/isaac_ros-dev/Development/ros2/install/rtabmap_msgs/include/rtabmap_msgs/rtabmap_msgs/msg/user_data.h\n'}
[5.462242] (rtabmap_msgs) StdoutLine: {'line': b'-- Up-to-date symlink: /workspaces/isaac_ros-dev/Development/ros2/install/rtabmap_msgs/include/rtabmap_msgs/rtabmap_msgs/srv/add_link.h\n'}
[5.462340] (rtabmap_msgs) StdoutLine: {'line': b'-- Up-to-date symlink: /workspaces/isaac_ros-dev/Development/ros2/install/rtabmap_msgs/include/rtabmap_msgs/rtabmap_msgs/srv/cleanup_local_grids.h\n'}
[5.462411] (rtabmap_msgs) StdoutLine: {'line': b'-- Up-to-date symlink: /workspaces/isaac_ros-dev/Development/ros2/install/rtabmap_msgs/include/rtabmap_msgs/rtabmap_msgs/srv/detail/add_link__functions.h\n'}
[5.462509] (rtabmap_msgs) StdoutLine: {'line': b'-- Up-to-date symlink: /workspaces/isaac_ros-dev/Development/ros2/install/rtabmap_msgs/include/rtabmap_msgs/rtabmap_msgs/srv/detail/add_link__struct.h\n'}
[5.462579] (rtabmap_msgs) StdoutLine: {'line': b'-- Up-to-date symlink: /workspaces/isaac_ros-dev/Development/ros2/install/rtabmap_msgs/include/rtabmap_msgs/rtabmap_msgs/srv/detail/add_link__type_support.h\n'}
[5.462667] (rtabmap_msgs) StdoutLine: {'line': b'-- Up-to-date symlink: /workspaces/isaac_ros-dev/Development/ros2/install/rtabmap_msgs/include/rtabmap_msgs/rtabmap_msgs/srv/detail/cleanup_local_grids__functions.h\n'}
[5.462743] (rtabmap_msgs) StdoutLine: {'line': b'-- Up-to-date symlink: /workspaces/isaac_ros-dev/Development/ros2/install/rtabmap_msgs/include/rtabmap_msgs/rtabmap_msgs/srv/detail/cleanup_local_grids__struct.h\n'}
[5.462841] (rtabmap_msgs) StdoutLine: {'line': b'-- Up-to-date symlink: /workspaces/isaac_ros-dev/Development/ros2/install/rtabmap_msgs/include/rtabmap_msgs/rtabmap_msgs/srv/detail/cleanup_local_grids__type_support.h\n'}
[5.462932] (rtabmap_msgs) StdoutLine: {'line': b'-- Up-to-date symlink: /workspaces/isaac_ros-dev/Development/ros2/install/rtabmap_msgs/include/rtabmap_msgs/rtabmap_msgs/srv/detail/detect_more_loop_closures__functions.h\n'}
[5.463021] (rtabmap_msgs) StdoutLine: {'line': b'-- Up-to-date symlink: /workspaces/isaac_ros-dev/Development/ros2/install/rtabmap_msgs/include/rtabmap_msgs/rtabmap_msgs/srv/detail/detect_more_loop_closures__struct.h\n'}
[5.463116] (rtabmap_msgs) StdoutLine: {'line': b'-- Up-to-date symlink: /workspaces/isaac_ros-dev/Development/ros2/install/rtabmap_msgs/include/rtabmap_msgs/rtabmap_msgs/srv/detail/detect_more_loop_closures__type_support.h\n'}
[5.463202] (rtabmap_msgs) StdoutLine: {'line': b'-- Up-to-date symlink: /workspaces/isaac_ros-dev/Development/ros2/install/rtabmap_msgs/include/rtabmap_msgs/rtabmap_msgs/srv/detail/get_map2__functions.h\n'}
[5.463282] (rtabmap_msgs) StdoutLine: {'line': b'-- Up-to-date symlink: /workspaces/isaac_ros-dev/Development/ros2/install/rtabmap_msgs/include/rtabmap_msgs/rtabmap_msgs/srv/detail/get_map2__struct.h\n'}
[5.463358] (rtabmap_msgs) StdoutLine: {'line': b'-- Up-to-date symlink: /workspaces/isaac_ros-dev/Development/ros2/install/rtabmap_msgs/include/rtabmap_msgs/rtabmap_msgs/srv/detail/get_map2__type_support.h\n'}
[5.463442] (rtabmap_msgs) StdoutLine: {'line': b'-- Up-to-date symlink: /workspaces/isaac_ros-dev/Development/ros2/install/rtabmap_msgs/include/rtabmap_msgs/rtabmap_msgs/srv/detail/get_map__functions.h\n'}
[5.463509] (rtabmap_msgs) StdoutLine: {'line': b'-- Up-to-date symlink: /workspaces/isaac_ros-dev/Development/ros2/install/rtabmap_msgs/include/rtabmap_msgs/rtabmap_msgs/srv/detail/get_map__struct.h\n'}
[5.463572] (rtabmap_msgs) StdoutLine: {'line': b'-- Up-to-date symlink: /workspaces/isaac_ros-dev/Development/ros2/install/rtabmap_msgs/include/rtabmap_msgs/rtabmap_msgs/srv/detail/get_map__type_support.h\n'}
[5.463641] (rtabmap_msgs) StdoutLine: {'line': b'-- Up-to-date symlink: /workspaces/isaac_ros-dev/Development/ros2/install/rtabmap_msgs/include/rtabmap_msgs/rtabmap_msgs/srv/detail/get_node_data__functions.h\n'}
[5.463706] (rtabmap_msgs) StdoutLine: {'line': b'-- Up-to-date symlink: /workspaces/isaac_ros-dev/Development/ros2/install/rtabmap_msgs/include/rtabmap_msgs/rtabmap_msgs/srv/detail/get_node_data__struct.h\n'}
[5.463775] (rtabmap_msgs) StdoutLine: {'line': b'-- Up-to-date symlink: /workspaces/isaac_ros-dev/Development/ros2/install/rtabmap_msgs/include/rtabmap_msgs/rtabmap_msgs/srv/detail/get_node_data__type_support.h\n'}
[5.463865] (rtabmap_msgs) StdoutLine: {'line': b'-- Up-to-date symlink: /workspaces/isaac_ros-dev/Development/ros2/install/rtabmap_msgs/include/rtabmap_msgs/rtabmap_msgs/srv/detail/get_nodes_in_radius__functions.h\n'}
[5.463958] (rtabmap_msgs) StdoutLine: {'line': b'-- Up-to-date symlink: /workspaces/isaac_ros-dev/Development/ros2/install/rtabmap_msgs/include/rtabmap_msgs/rtabmap_msgs/srv/detail/get_nodes_in_radius__struct.h\n'}
[5.464039] (rtabmap_msgs) StdoutLine: {'line': b'-- Up-to-date symlink: /workspaces/isaac_ros-dev/Development/ros2/install/rtabmap_msgs/include/rtabmap_msgs/rtabmap_msgs/srv/detail/get_nodes_in_radius__type_support.h\n'}
[5.464114] (rtabmap_msgs) StdoutLine: {'line': b'-- Up-to-date symlink: /workspaces/isaac_ros-dev/Development/ros2/install/rtabmap_msgs/include/rtabmap_msgs/rtabmap_msgs/srv/detail/get_plan__functions.h\n'}
[5.467731] (rtabmap_msgs) StdoutLine: {'line': b'-- Up-to-date symlink: /workspaces/isaac_ros-dev/Development/ros2/install/rtabmap_msgs/include/rtabmap_msgs/rtabmap_msgs/srv/detail/get_plan__struct.h\n'}
[5.467853] (rtabmap_msgs) StdoutLine: {'line': b'-- Up-to-date symlink: /workspaces/isaac_ros-dev/Development/ros2/install/rtabmap_msgs/include/rtabmap_msgs/rtabmap_msgs/srv/detail/get_plan__type_support.h\n'}
[5.467945] (rtabmap_msgs) StdoutLine: {'line': b'-- Up-to-date symlink: /workspaces/isaac_ros-dev/Development/ros2/install/rtabmap_msgs/include/rtabmap_msgs/rtabmap_msgs/srv/detail/global_bundle_adjustment__functions.h\n'}
[5.468035] (rtabmap_msgs) StdoutLine: {'line': b'-- Up-to-date symlink: /workspaces/isaac_ros-dev/Development/ros2/install/rtabmap_msgs/include/rtabmap_msgs/rtabmap_msgs/srv/detail/global_bundle_adjustment__struct.h\n'}
[5.468112] (rtabmap_msgs) StdoutLine: {'line': b'-- Up-to-date symlink: /workspaces/isaac_ros-dev/Development/ros2/install/rtabmap_msgs/include/rtabmap_msgs/rtabmap_msgs/srv/detail/global_bundle_adjustment__type_support.h\n'}
[5.468212] (rtabmap_msgs) StdoutLine: {'line': b'-- Up-to-date symlink: /workspaces/isaac_ros-dev/Development/ros2/install/rtabmap_msgs/include/rtabmap_msgs/rtabmap_msgs/srv/detail/list_labels__functions.h\n'}
[5.468282] (rtabmap_msgs) StdoutLine: {'line': b'-- Up-to-date symlink: /workspaces/isaac_ros-dev/Development/ros2/install/rtabmap_msgs/include/rtabmap_msgs/rtabmap_msgs/srv/detail/list_labels__struct.h\n'}
[5.468369] (rtabmap_msgs) StdoutLine: {'line': b'-- Up-to-date symlink: /workspaces/isaac_ros-dev/Development/ros2/install/rtabmap_msgs/include/rtabmap_msgs/rtabmap_msgs/srv/detail/list_labels__type_support.h\n'}
[5.468456] (rtabmap_msgs) StdoutLine: {'line': b'-- Up-to-date symlink: /workspaces/isaac_ros-dev/Development/ros2/install/rtabmap_msgs/include/rtabmap_msgs/rtabmap_msgs/srv/detail/load_database__functions.h\n'}
[5.468541] (rtabmap_msgs) StdoutLine: {'line': b'-- Up-to-date symlink: /workspaces/isaac_ros-dev/Development/ros2/install/rtabmap_msgs/include/rtabmap_msgs/rtabmap_msgs/srv/detail/load_database__struct.h\n'}
[5.468625] (rtabmap_msgs) StdoutLine: {'line': b'-- Up-to-date symlink: /workspaces/isaac_ros-dev/Development/ros2/install/rtabmap_msgs/include/rtabmap_msgs/rtabmap_msgs/srv/detail/load_database__type_support.h\n'}
[5.468695] (rtabmap_msgs) StdoutLine: {'line': b'-- Up-to-date symlink: /workspaces/isaac_ros-dev/Development/ros2/install/rtabmap_msgs/include/rtabmap_msgs/rtabmap_msgs/srv/detail/publish_map__functions.h\n'}
[5.468783] (rtabmap_msgs) StdoutLine: {'line': b'-- Up-to-date symlink: /workspaces/isaac_ros-dev/Development/ros2/install/rtabmap_msgs/include/rtabmap_msgs/rtabmap_msgs/srv/detail/publish_map__struct.h\n'}
[5.468865] (rtabmap_msgs) StdoutLine: {'line': b'-- Up-to-date symlink: /workspaces/isaac_ros-dev/Development/ros2/install/rtabmap_msgs/include/rtabmap_msgs/rtabmap_msgs/srv/detail/publish_map__type_support.h\n'}
[5.468956] (rtabmap_msgs) StdoutLine: {'line': b'-- Up-to-date symlink: /workspaces/isaac_ros-dev/Development/ros2/install/rtabmap_msgs/include/rtabmap_msgs/rtabmap_msgs/srv/detail/remove_label__functions.h\n'}
[5.469063] (rtabmap_msgs) StdoutLine: {'line': b'-- Up-to-date symlink: /workspaces/isaac_ros-dev/Development/ros2/install/rtabmap_msgs/include/rtabmap_msgs/rtabmap_msgs/srv/detail/remove_label__struct.h\n'}
[5.469163] (rtabmap_msgs) StdoutLine: {'line': b'-- Up-to-date symlink: /workspaces/isaac_ros-dev/Development/ros2/install/rtabmap_msgs/include/rtabmap_msgs/rtabmap_msgs/srv/detail/remove_label__type_support.h\n'}
[5.469255] (rtabmap_msgs) StdoutLine: {'line': b'-- Up-to-date symlink: /workspaces/isaac_ros-dev/Development/ros2/install/rtabmap_msgs/include/rtabmap_msgs/rtabmap_msgs/srv/detail/reset_pose__functions.h\n'}
[5.469328] (rtabmap_msgs) StdoutLine: {'line': b'-- Up-to-date symlink: /workspaces/isaac_ros-dev/Development/ros2/install/rtabmap_msgs/include/rtabmap_msgs/rtabmap_msgs/srv/detail/reset_pose__struct.h\n'}
[5.470222] (rtabmap_msgs) StdoutLine: {'line': b'-- Up-to-date symlink: /workspaces/isaac_ros-dev/Development/ros2/install/rtabmap_msgs/include/rtabmap_msgs/rtabmap_msgs/srv/detail/reset_pose__type_support.h\n'}
[5.470302] (rtabmap_msgs) StdoutLine: {'line': b'-- Up-to-date symlink: /workspaces/isaac_ros-dev/Development/ros2/install/rtabmap_msgs/include/rtabmap_msgs/rtabmap_msgs/srv/detail/set_goal__functions.h\n'}
[5.470398] (rtabmap_msgs) StdoutLine: {'line': b'-- Up-to-date symlink: /workspaces/isaac_ros-dev/Development/ros2/install/rtabmap_msgs/include/rtabmap_msgs/rtabmap_msgs/srv/detail/set_goal__struct.h\n'}
[5.470493] (rtabmap_msgs) StdoutLine: {'line': b'-- Up-to-date symlink: /workspaces/isaac_ros-dev/Development/ros2/install/rtabmap_msgs/include/rtabmap_msgs/rtabmap_msgs/srv/detail/set_goal__type_support.h\n'}
[5.470586] (rtabmap_msgs) StdoutLine: {'line': b'-- Up-to-date symlink: /workspaces/isaac_ros-dev/Development/ros2/install/rtabmap_msgs/include/rtabmap_msgs/rtabmap_msgs/srv/detail/set_label__functions.h\n'}
[5.470660] (rtabmap_msgs) StdoutLine: {'line': b'-- Up-to-date symlink: /workspaces/isaac_ros-dev/Development/ros2/install/rtabmap_msgs/include/rtabmap_msgs/rtabmap_msgs/srv/detail/set_label__struct.h\n'}
[5.470750] (rtabmap_msgs) StdoutLine: {'line': b'-- Up-to-date symlink: /workspaces/isaac_ros-dev/Development/ros2/install/rtabmap_msgs/include/rtabmap_msgs/rtabmap_msgs/srv/detail/set_label__type_support.h\n'}
[5.470841] (rtabmap_msgs) StdoutLine: {'line': b'-- Up-to-date symlink: /workspaces/isaac_ros-dev/Development/ros2/install/rtabmap_msgs/include/rtabmap_msgs/rtabmap_msgs/srv/detect_more_loop_closures.h\n'}
[5.470924] (rtabmap_msgs) StdoutLine: {'line': b'-- Up-to-date symlink: /workspaces/isaac_ros-dev/Development/ros2/install/rtabmap_msgs/include/rtabmap_msgs/rtabmap_msgs/srv/get_map.h\n'}
[5.474235] (rtabmap_msgs) StdoutLine: {'line': b'-- Up-to-date symlink: /workspaces/isaac_ros-dev/Development/ros2/install/rtabmap_msgs/include/rtabmap_msgs/rtabmap_msgs/srv/get_map2.h\n'}
[5.474364] (rtabmap_msgs) StdoutLine: {'line': b'-- Up-to-date symlink: /workspaces/isaac_ros-dev/Development/ros2/install/rtabmap_msgs/include/rtabmap_msgs/rtabmap_msgs/srv/get_node_data.h\n'}
[5.474478] (rtabmap_msgs) StdoutLine: {'line': b'-- Up-to-date symlink: /workspaces/isaac_ros-dev/Development/ros2/install/rtabmap_msgs/include/rtabmap_msgs/rtabmap_msgs/srv/get_nodes_in_radius.h\n'}
[5.474550] (rtabmap_msgs) StdoutLine: {'line': b'-- Up-to-date symlink: /workspaces/isaac_ros-dev/Development/ros2/install/rtabmap_msgs/include/rtabmap_msgs/rtabmap_msgs/srv/get_plan.h\n'}
[5.474642] (rtabmap_msgs) StdoutLine: {'line': b'-- Up-to-date symlink: /workspaces/isaac_ros-dev/Development/ros2/install/rtabmap_msgs/include/rtabmap_msgs/rtabmap_msgs/srv/global_bundle_adjustment.h\n'}
[5.474731] (rtabmap_msgs) StdoutLine: {'line': b'-- Up-to-date symlink: /workspaces/isaac_ros-dev/Development/ros2/install/rtabmap_msgs/include/rtabmap_msgs/rtabmap_msgs/srv/list_labels.h\n'}
[5.474832] (rtabmap_msgs) StdoutLine: {'line': b'-- Up-to-date symlink: /workspaces/isaac_ros-dev/Development/ros2/install/rtabmap_msgs/include/rtabmap_msgs/rtabmap_msgs/srv/load_database.h\n'}
[5.474923] (rtabmap_msgs) StdoutLine: {'line': b'-- Up-to-date symlink: /workspaces/isaac_ros-dev/Development/ros2/install/rtabmap_msgs/include/rtabmap_msgs/rtabmap_msgs/srv/publish_map.h\n'}
[5.475028] (rtabmap_msgs) StdoutLine: {'line': b'-- Up-to-date symlink: /workspaces/isaac_ros-dev/Development/ros2/install/rtabmap_msgs/include/rtabmap_msgs/rtabmap_msgs/srv/remove_label.h\n'}
[5.475113] (rtabmap_msgs) StdoutLine: {'line': b'-- Up-to-date symlink: /workspaces/isaac_ros-dev/Development/ros2/install/rtabmap_msgs/include/rtabmap_msgs/rtabmap_msgs/srv/reset_pose.h\n'}
[5.475218] (rtabmap_msgs) StdoutLine: {'line': b'-- Up-to-date symlink: /workspaces/isaac_ros-dev/Development/ros2/install/rtabmap_msgs/include/rtabmap_msgs/rtabmap_msgs/srv/set_goal.h\n'}
[5.475287] (rtabmap_msgs) StdoutLine: {'line': b'-- Up-to-date symlink: /workspaces/isaac_ros-dev/Development/ros2/install/rtabmap_msgs/include/rtabmap_msgs/rtabmap_msgs/srv/set_label.h\n'}
[5.475373] (rtabmap_msgs) StdoutLine: {'line': b'-- Up-to-date symlink: /workspaces/isaac_ros-dev/Development/ros2/install/rtabmap_msgs/share/rtabmap_msgs/environment/library_path.sh\n'}
[5.475462] (rtabmap_msgs) StdoutLine: {'line': b'-- Up-to-date symlink: /workspaces/isaac_ros-dev/Development/ros2/install/rtabmap_msgs/share/rtabmap_msgs/environment/library_path.dsv\n'}
[5.475555] (rtabmap_msgs) StdoutLine: {'line': b'-- Up-to-date symlink: /workspaces/isaac_ros-dev/Development/ros2/install/rtabmap_msgs/include/rtabmap_msgs/rtabmap_msgs/msg/detail/camera_model__rosidl_typesupport_fastrtps_c.h\n'}
[5.475658] (rtabmap_msgs) StdoutLine: {'line': b'-- Up-to-date symlink: /workspaces/isaac_ros-dev/Development/ros2/install/rtabmap_msgs/include/rtabmap_msgs/rtabmap_msgs/msg/detail/camera_models__rosidl_typesupport_fastrtps_c.h\n'}
[5.475761] (rtabmap_msgs) StdoutLine: {'line': b'-- Up-to-date symlink: /workspaces/isaac_ros-dev/Development/ros2/install/rtabmap_msgs/include/rtabmap_msgs/rtabmap_msgs/msg/detail/env_sensor__rosidl_typesupport_fastrtps_c.h\n'}
[5.475834] (rtabmap_msgs) StdoutLine: {'line': b'-- Up-to-date symlink: /workspaces/isaac_ros-dev/Development/ros2/install/rtabmap_msgs/include/rtabmap_msgs/rtabmap_msgs/msg/detail/global_descriptor__rosidl_typesupport_fastrtps_c.h\n'}
[5.475900] (rtabmap_msgs) StdoutLine: {'line': b'-- Up-to-date symlink: /workspaces/isaac_ros-dev/Development/ros2/install/rtabmap_msgs/include/rtabmap_msgs/rtabmap_msgs/msg/detail/goal__rosidl_typesupport_fastrtps_c.h\n'}
[5.475967] (rtabmap_msgs) StdoutLine: {'line': b'-- Up-to-date symlink: /workspaces/isaac_ros-dev/Development/ros2/install/rtabmap_msgs/include/rtabmap_msgs/rtabmap_msgs/msg/detail/gps__rosidl_typesupport_fastrtps_c.h\n'}
[5.476033] (rtabmap_msgs) StdoutLine: {'line': b'-- Up-to-date symlink: /workspaces/isaac_ros-dev/Development/ros2/install/rtabmap_msgs/include/rtabmap_msgs/rtabmap_msgs/msg/detail/info__rosidl_typesupport_fastrtps_c.h\n'}
[5.476106] (rtabmap_msgs) StdoutLine: {'line': b'-- Up-to-date symlink: /workspaces/isaac_ros-dev/Development/ros2/install/rtabmap_msgs/include/rtabmap_msgs/rtabmap_msgs/msg/detail/key_point__rosidl_typesupport_fastrtps_c.h\n'}
[5.476171] (rtabmap_msgs) StdoutLine: {'line': b'-- Up-to-date symlink: /workspaces/isaac_ros-dev/Development/ros2/install/rtabmap_msgs/include/rtabmap_msgs/rtabmap_msgs/msg/detail/landmark_detection__rosidl_typesupport_fastrtps_c.h\n'}
[5.476237] (rtabmap_msgs) StdoutLine: {'line': b'-- Up-to-date symlink: /workspaces/isaac_ros-dev/Development/ros2/install/rtabmap_msgs/include/rtabmap_msgs/rtabmap_msgs/msg/detail/landmark_detections__rosidl_typesupport_fastrtps_c.h\n'}
[5.476333] (rtabmap_msgs) StdoutLine: {'line': b'-- Up-to-date symlink: /workspaces/isaac_ros-dev/Development/ros2/install/rtabmap_msgs/include/rtabmap_msgs/rtabmap_msgs/msg/detail/link__rosidl_typesupport_fastrtps_c.h\n'}
[5.476400] (rtabmap_msgs) StdoutLine: {'line': b'-- Up-to-date symlink: /workspaces/isaac_ros-dev/Development/ros2/install/rtabmap_msgs/include/rtabmap_msgs/rtabmap_msgs/msg/detail/map_data__rosidl_typesupport_fastrtps_c.h\n'}
[5.476490] (rtabmap_msgs) StdoutLine: {'line': b'-- Up-to-date symlink: /workspaces/isaac_ros-dev/Development/ros2/install/rtabmap_msgs/include/rtabmap_msgs/rtabmap_msgs/msg/detail/map_graph__rosidl_typesupport_fastrtps_c.h\n'}
[5.476590] (rtabmap_msgs) StdoutLine: {'line': b'-- Up-to-date symlink: /workspaces/isaac_ros-dev/Development/ros2/install/rtabmap_msgs/include/rtabmap_msgs/rtabmap_msgs/msg/detail/node__rosidl_typesupport_fastrtps_c.h\n'}
[5.476660] (rtabmap_msgs) StdoutLine: {'line': b'-- Up-to-date symlink: /workspaces/isaac_ros-dev/Development/ros2/install/rtabmap_msgs/include/rtabmap_msgs/rtabmap_msgs/msg/detail/odom_info__rosidl_typesupport_fastrtps_c.h\n'}
[5.476753] (rtabmap_msgs) StdoutLine: {'line': b'-- Up-to-date symlink: /workspaces/isaac_ros-dev/Development/ros2/install/rtabmap_msgs/include/rtabmap_msgs/rtabmap_msgs/msg/detail/path__rosidl_typesupport_fastrtps_c.h\n'}
[5.476840] (rtabmap_msgs) StdoutLine: {'line': b'-- Up-to-date symlink: /workspaces/isaac_ros-dev/Development/ros2/install/rtabmap_msgs/include/rtabmap_msgs/rtabmap_msgs/msg/detail/point2f__rosidl_typesupport_fastrtps_c.h\n'}
[5.476924] (rtabmap_msgs) StdoutLine: {'line': b'-- Up-to-date symlink: /workspaces/isaac_ros-dev/Development/ros2/install/rtabmap_msgs/include/rtabmap_msgs/rtabmap_msgs/msg/detail/point3f__rosidl_typesupport_fastrtps_c.h\n'}
[5.476998] (rtabmap_msgs) StdoutLine: {'line': b'-- Up-to-date symlink: /workspaces/isaac_ros-dev/Development/ros2/install/rtabmap_msgs/include/rtabmap_msgs/rtabmap_msgs/msg/detail/rgbd_image__rosidl_typesupport_fastrtps_c.h\n'}
[5.477067] (rtabmap_msgs) StdoutLine: {'line': b'-- Up-to-date symlink: /workspaces/isaac_ros-dev/Development/ros2/install/rtabmap_msgs/include/rtabmap_msgs/rtabmap_msgs/msg/detail/rgbd_images__rosidl_typesupport_fastrtps_c.h\n'}
[5.477176] (rtabmap_msgs) StdoutLine: {'line': b'-- Up-to-date symlink: /workspaces/isaac_ros-dev/Development/ros2/install/rtabmap_msgs/include/rtabmap_msgs/rtabmap_msgs/msg/detail/scan_descriptor__rosidl_typesupport_fastrtps_c.h\n'}
[5.477261] (rtabmap_msgs) StdoutLine: {'line': b'-- Up-to-date symlink: /workspaces/isaac_ros-dev/Development/ros2/install/rtabmap_msgs/include/rtabmap_msgs/rtabmap_msgs/msg/detail/sensor_data__rosidl_typesupport_fastrtps_c.h\n'}
[5.477335] (rtabmap_msgs) StdoutLine: {'line': b'-- Up-to-date symlink: /workspaces/isaac_ros-dev/Development/ros2/install/rtabmap_msgs/include/rtabmap_msgs/rtabmap_msgs/msg/detail/user_data__rosidl_typesupport_fastrtps_c.h\n'}
[5.480217] (rtabmap_msgs) StdoutLine: {'line': b'-- Up-to-date symlink: /workspaces/isaac_ros-dev/Development/ros2/install/rtabmap_msgs/include/rtabmap_msgs/rtabmap_msgs/msg/rosidl_typesupport_fastrtps_c__visibility_control.h\n'}
[5.480328] (rtabmap_msgs) StdoutLine: {'line': b'-- Up-to-date symlink: /workspaces/isaac_ros-dev/Development/ros2/install/rtabmap_msgs/include/rtabmap_msgs/rtabmap_msgs/srv/detail/add_link__rosidl_typesupport_fastrtps_c.h\n'}
[5.480404] (rtabmap_msgs) StdoutLine: {'line': b'-- Up-to-date symlink: /workspaces/isaac_ros-dev/Development/ros2/install/rtabmap_msgs/include/rtabmap_msgs/rtabmap_msgs/srv/detail/cleanup_local_grids__rosidl_typesupport_fastrtps_c.h\n'}
[5.480470] (rtabmap_msgs) StdoutLine: {'line': b'-- Up-to-date symlink: /workspaces/isaac_ros-dev/Development/ros2/install/rtabmap_msgs/include/rtabmap_msgs/rtabmap_msgs/srv/detail/detect_more_loop_closures__rosidl_typesupport_fastrtps_c.h\n'}
[5.480535] (rtabmap_msgs) StdoutLine: {'line': b'-- Up-to-date symlink: /workspaces/isaac_ros-dev/Development/ros2/install/rtabmap_msgs/include/rtabmap_msgs/rtabmap_msgs/srv/detail/get_map2__rosidl_typesupport_fastrtps_c.h\n'}
[5.480603] (rtabmap_msgs) StdoutLine: {'line': b'-- Up-to-date symlink: /workspaces/isaac_ros-dev/Development/ros2/install/rtabmap_msgs/include/rtabmap_msgs/rtabmap_msgs/srv/detail/get_map__rosidl_typesupport_fastrtps_c.h\n'}
[5.480669] (rtabmap_msgs) StdoutLine: {'line': b'-- Up-to-date symlink: /workspaces/isaac_ros-dev/Development/ros2/install/rtabmap_msgs/include/rtabmap_msgs/rtabmap_msgs/srv/detail/get_node_data__rosidl_typesupport_fastrtps_c.h\n'}
[5.480739] (rtabmap_msgs) StdoutLine: {'line': b'-- Up-to-date symlink: /workspaces/isaac_ros-dev/Development/ros2/install/rtabmap_msgs/include/rtabmap_msgs/rtabmap_msgs/srv/detail/get_nodes_in_radius__rosidl_typesupport_fastrtps_c.h\n'}
[5.480803] (rtabmap_msgs) StdoutLine: {'line': b'-- Up-to-date symlink: /workspaces/isaac_ros-dev/Development/ros2/install/rtabmap_msgs/include/rtabmap_msgs/rtabmap_msgs/srv/detail/get_plan__rosidl_typesupport_fastrtps_c.h\n'}
[5.480870] (rtabmap_msgs) StdoutLine: {'line': b'-- Up-to-date symlink: /workspaces/isaac_ros-dev/Development/ros2/install/rtabmap_msgs/include/rtabmap_msgs/rtabmap_msgs/srv/detail/global_bundle_adjustment__rosidl_typesupport_fastrtps_c.h\n'}
[5.480971] (rtabmap_msgs) StdoutLine: {'line': b'-- Up-to-date symlink: /workspaces/isaac_ros-dev/Development/ros2/install/rtabmap_msgs/include/rtabmap_msgs/rtabmap_msgs/srv/detail/list_labels__rosidl_typesupport_fastrtps_c.h\n'}
[5.481055] (rtabmap_msgs) StdoutLine: {'line': b'-- Up-to-date symlink: /workspaces/isaac_ros-dev/Development/ros2/install/rtabmap_msgs/include/rtabmap_msgs/rtabmap_msgs/srv/detail/load_database__rosidl_typesupport_fastrtps_c.h\n'}
[5.481129] (rtabmap_msgs) StdoutLine: {'line': b'-- Up-to-date symlink: /workspaces/isaac_ros-dev/Development/ros2/install/rtabmap_msgs/include/rtabmap_msgs/rtabmap_msgs/srv/detail/publish_map__rosidl_typesupport_fastrtps_c.h\n'}
[5.481221] (rtabmap_msgs) StdoutLine: {'line': b'-- Up-to-date symlink: /workspaces/isaac_ros-dev/Development/ros2/install/rtabmap_msgs/include/rtabmap_msgs/rtabmap_msgs/srv/detail/remove_label__rosidl_typesupport_fastrtps_c.h\n'}
[5.481307] (rtabmap_msgs) StdoutLine: {'line': b'-- Up-to-date symlink: /workspaces/isaac_ros-dev/Development/ros2/install/rtabmap_msgs/include/rtabmap_msgs/rtabmap_msgs/srv/detail/reset_pose__rosidl_typesupport_fastrtps_c.h\n'}
[5.481387] (rtabmap_msgs) StdoutLine: {'line': b'-- Up-to-date symlink: /workspaces/isaac_ros-dev/Development/ros2/install/rtabmap_msgs/include/rtabmap_msgs/rtabmap_msgs/srv/detail/set_goal__rosidl_typesupport_fastrtps_c.h\n'}
[5.481454] (rtabmap_msgs) StdoutLine: {'line': b'-- Up-to-date symlink: /workspaces/isaac_ros-dev/Development/ros2/install/rtabmap_msgs/include/rtabmap_msgs/rtabmap_msgs/srv/detail/set_label__rosidl_typesupport_fastrtps_c.h\n'}
[5.481544] (rtabmap_msgs) StdoutLine: {'line': b'-- Up-to-date symlink: /workspaces/isaac_ros-dev/Development/ros2/install/rtabmap_msgs/include/rtabmap_msgs/rtabmap_msgs/msg/detail/camera_model__rosidl_typesupport_introspection_c.h\n'}
[5.481629] (rtabmap_msgs) StdoutLine: {'line': b'-- Up-to-date symlink: /workspaces/isaac_ros-dev/Development/ros2/install/rtabmap_msgs/include/rtabmap_msgs/rtabmap_msgs/msg/detail/camera_models__rosidl_typesupport_introspection_c.h\n'}
[5.481712] (rtabmap_msgs) StdoutLine: {'line': b'-- Up-to-date symlink: /workspaces/isaac_ros-dev/Development/ros2/install/rtabmap_msgs/include/rtabmap_msgs/rtabmap_msgs/msg/detail/env_sensor__rosidl_typesupport_introspection_c.h\n'}
[5.481793] (rtabmap_msgs) StdoutLine: {'line': b'-- Up-to-date symlink: /workspaces/isaac_ros-dev/Development/ros2/install/rtabmap_msgs/include/rtabmap_msgs/rtabmap_msgs/msg/detail/global_descriptor__rosidl_typesupport_introspection_c.h\n'}
[5.481862] (rtabmap_msgs) StdoutLine: {'line': b'-- Up-to-date symlink: /workspaces/isaac_ros-dev/Development/ros2/install/rtabmap_msgs/include/rtabmap_msgs/rtabmap_msgs/msg/detail/goal__rosidl_typesupport_introspection_c.h\n'}
[5.481954] (rtabmap_msgs) StdoutLine: {'line': b'-- Up-to-date symlink: /workspaces/isaac_ros-dev/Development/ros2/install/rtabmap_msgs/include/rtabmap_msgs/rtabmap_msgs/msg/detail/gps__rosidl_typesupport_introspection_c.h\n'}
[5.482040] (rtabmap_msgs) StdoutLine: {'line': b'-- Up-to-date symlink: /workspaces/isaac_ros-dev/Development/ros2/install/rtabmap_msgs/include/rtabmap_msgs/rtabmap_msgs/msg/detail/info__rosidl_typesupport_introspection_c.h\n'}
[5.482131] (rtabmap_msgs) StdoutLine: {'line': b'-- Up-to-date symlink: /workspaces/isaac_ros-dev/Development/ros2/install/rtabmap_msgs/include/rtabmap_msgs/rtabmap_msgs/msg/detail/key_point__rosidl_typesupport_introspection_c.h\n'}
[5.482226] (rtabmap_msgs) StdoutLine: {'line': b'-- Up-to-date symlink: /workspaces/isaac_ros-dev/Development/ros2/install/rtabmap_msgs/include/rtabmap_msgs/rtabmap_msgs/msg/detail/landmark_detection__rosidl_typesupport_introspection_c.h\n'}
[5.482308] (rtabmap_msgs) StdoutLine: {'line': b'-- Up-to-date symlink: /workspaces/isaac_ros-dev/Development/ros2/install/rtabmap_msgs/include/rtabmap_msgs/rtabmap_msgs/msg/detail/landmark_detections__rosidl_typesupport_introspection_c.h\n'}
[5.482377] (rtabmap_msgs) StdoutLine: {'line': b'-- Up-to-date symlink: /workspaces/isaac_ros-dev/Development/ros2/install/rtabmap_msgs/include/rtabmap_msgs/rtabmap_msgs/msg/detail/link__rosidl_typesupport_introspection_c.h\n'}
[5.482464] (rtabmap_msgs) StdoutLine: {'line': b'-- Up-to-date symlink: /workspaces/isaac_ros-dev/Development/ros2/install/rtabmap_msgs/include/rtabmap_msgs/rtabmap_msgs/msg/detail/map_data__rosidl_typesupport_introspection_c.h\n'}
[5.482549] (rtabmap_msgs) StdoutLine: {'line': b'-- Up-to-date symlink: /workspaces/isaac_ros-dev/Development/ros2/install/rtabmap_msgs/include/rtabmap_msgs/rtabmap_msgs/msg/detail/map_graph__rosidl_typesupport_introspection_c.h\n'}
[5.482634] (rtabmap_msgs) StdoutLine: {'line': b'-- Up-to-date symlink: /workspaces/isaac_ros-dev/Development/ros2/install/rtabmap_msgs/include/rtabmap_msgs/rtabmap_msgs/msg/detail/node__rosidl_typesupport_introspection_c.h\n'}
[5.482705] (rtabmap_msgs) StdoutLine: {'line': b'-- Up-to-date symlink: /workspaces/isaac_ros-dev/Development/ros2/install/rtabmap_msgs/include/rtabmap_msgs/rtabmap_msgs/msg/detail/odom_info__rosidl_typesupport_introspection_c.h\n'}
[5.482789] (rtabmap_msgs) StdoutLine: {'line': b'-- Up-to-date symlink: /workspaces/isaac_ros-dev/Development/ros2/install/rtabmap_msgs/include/rtabmap_msgs/rtabmap_msgs/msg/detail/path__rosidl_typesupport_introspection_c.h\n'}
[5.483908] (rtabmap_msgs) StdoutLine: {'line': b'-- Up-to-date symlink: /workspaces/isaac_ros-dev/Development/ros2/install/rtabmap_msgs/include/rtabmap_msgs/rtabmap_msgs/msg/detail/point2f__rosidl_typesupport_introspection_c.h\n'}
[5.484063] (rtabmap_msgs) StdoutLine: {'line': b'-- Up-to-date symlink: /workspaces/isaac_ros-dev/Development/ros2/install/rtabmap_msgs/include/rtabmap_msgs/rtabmap_msgs/msg/detail/point3f__rosidl_typesupport_introspection_c.h\n'}
[5.484173] (rtabmap_msgs) StdoutLine: {'line': b'-- Up-to-date symlink: /workspaces/isaac_ros-dev/Development/ros2/install/rtabmap_msgs/include/rtabmap_msgs/rtabmap_msgs/msg/detail/rgbd_image__rosidl_typesupport_introspection_c.h\n'}
[5.484271] (rtabmap_msgs) StdoutLine: {'line': b'-- Up-to-date symlink: /workspaces/isaac_ros-dev/Development/ros2/install/rtabmap_msgs/include/rtabmap_msgs/rtabmap_msgs/msg/detail/rgbd_images__rosidl_typesupport_introspection_c.h\n'}
[5.484365] (rtabmap_msgs) StdoutLine: {'line': b'-- Up-to-date symlink: /workspaces/isaac_ros-dev/Development/ros2/install/rtabmap_msgs/include/rtabmap_msgs/rtabmap_msgs/msg/detail/scan_descriptor__rosidl_typesupport_introspection_c.h\n'}
[5.484453] (rtabmap_msgs) StdoutLine: {'line': b'-- Up-to-date symlink: /workspaces/isaac_ros-dev/Development/ros2/install/rtabmap_msgs/include/rtabmap_msgs/rtabmap_msgs/msg/detail/sensor_data__rosidl_typesupport_introspection_c.h\n'}
[5.484528] (rtabmap_msgs) StdoutLine: {'line': b'-- Up-to-date symlink: /workspaces/isaac_ros-dev/Development/ros2/install/rtabmap_msgs/include/rtabmap_msgs/rtabmap_msgs/msg/detail/user_data__rosidl_typesupport_introspection_c.h\n'}
[5.484625] (rtabmap_msgs) StdoutLine: {'line': b'-- Up-to-date symlink: /workspaces/isaac_ros-dev/Development/ros2/install/rtabmap_msgs/include/rtabmap_msgs/rtabmap_msgs/msg/rosidl_typesupport_introspection_c__visibility_control.h\n'}
[5.487268] (rtabmap_msgs) StdoutLine: {'line': b'-- Up-to-date symlink: /workspaces/isaac_ros-dev/Development/ros2/install/rtabmap_msgs/include/rtabmap_msgs/rtabmap_msgs/srv/detail/add_link__rosidl_typesupport_introspection_c.h\n'}
[5.487385] (rtabmap_msgs) StdoutLine: {'line': b'-- Up-to-date symlink: /workspaces/isaac_ros-dev/Development/ros2/install/rtabmap_msgs/include/rtabmap_msgs/rtabmap_msgs/srv/detail/cleanup_local_grids__rosidl_typesupport_introspection_c.h\n'}
[5.487492] (rtabmap_msgs) StdoutLine: {'line': b'-- Up-to-date symlink: /workspaces/isaac_ros-dev/Development/ros2/install/rtabmap_msgs/include/rtabmap_msgs/rtabmap_msgs/srv/detail/detect_more_loop_closures__rosidl_typesupport_introspection_c.h\n'}
[5.487592] (rtabmap_msgs) StdoutLine: {'line': b'-- Up-to-date symlink: /workspaces/isaac_ros-dev/Development/ros2/install/rtabmap_msgs/include/rtabmap_msgs/rtabmap_msgs/srv/detail/get_map2__rosidl_typesupport_introspection_c.h\n'}
[5.487686] (rtabmap_msgs) StdoutLine: {'line': b'-- Up-to-date symlink: /workspaces/isaac_ros-dev/Development/ros2/install/rtabmap_msgs/include/rtabmap_msgs/rtabmap_msgs/srv/detail/get_map__rosidl_typesupport_introspection_c.h\n'}
[5.487776] (rtabmap_msgs) StdoutLine: {'line': b'-- Up-to-date symlink: /workspaces/isaac_ros-dev/Development/ros2/install/rtabmap_msgs/include/rtabmap_msgs/rtabmap_msgs/srv/detail/get_node_data__rosidl_typesupport_introspection_c.h\n'}
[5.487872] (rtabmap_msgs) StdoutLine: {'line': b'-- Up-to-date symlink: /workspaces/isaac_ros-dev/Development/ros2/install/rtabmap_msgs/include/rtabmap_msgs/rtabmap_msgs/srv/detail/get_nodes_in_radius__rosidl_typesupport_introspection_c.h\n'}
[5.487964] (rtabmap_msgs) StdoutLine: {'line': b'-- Up-to-date symlink: /workspaces/isaac_ros-dev/Development/ros2/install/rtabmap_msgs/include/rtabmap_msgs/rtabmap_msgs/srv/detail/get_plan__rosidl_typesupport_introspection_c.h\n'}
[5.488055] (rtabmap_msgs) StdoutLine: {'line': b'-- Up-to-date symlink: /workspaces/isaac_ros-dev/Development/ros2/install/rtabmap_msgs/include/rtabmap_msgs/rtabmap_msgs/srv/detail/global_bundle_adjustment__rosidl_typesupport_introspection_c.h\n'}
[5.488163] (rtabmap_msgs) StdoutLine: {'line': b'-- Up-to-date symlink: /workspaces/isaac_ros-dev/Development/ros2/install/rtabmap_msgs/include/rtabmap_msgs/rtabmap_msgs/srv/detail/list_labels__rosidl_typesupport_introspection_c.h\n'}
[5.488248] (rtabmap_msgs) StdoutLine: {'line': b'-- Up-to-date symlink: /workspaces/isaac_ros-dev/Development/ros2/install/rtabmap_msgs/include/rtabmap_msgs/rtabmap_msgs/srv/detail/load_database__rosidl_typesupport_introspection_c.h\n'}
[5.488318] (rtabmap_msgs) StdoutLine: {'line': b'-- Up-to-date symlink: /workspaces/isaac_ros-dev/Development/ros2/install/rtabmap_msgs/include/rtabmap_msgs/rtabmap_msgs/srv/detail/publish_map__rosidl_typesupport_introspection_c.h\n'}
[5.488407] (rtabmap_msgs) StdoutLine: {'line': b'-- Up-to-date symlink: /workspaces/isaac_ros-dev/Development/ros2/install/rtabmap_msgs/include/rtabmap_msgs/rtabmap_msgs/srv/detail/remove_label__rosidl_typesupport_introspection_c.h\n'}
[5.488496] (rtabmap_msgs) StdoutLine: {'line': b'-- Up-to-date symlink: /workspaces/isaac_ros-dev/Development/ros2/install/rtabmap_msgs/include/rtabmap_msgs/rtabmap_msgs/srv/detail/reset_pose__rosidl_typesupport_introspection_c.h\n'}
[5.488585] (rtabmap_msgs) StdoutLine: {'line': b'-- Up-to-date symlink: /workspaces/isaac_ros-dev/Development/ros2/install/rtabmap_msgs/include/rtabmap_msgs/rtabmap_msgs/srv/detail/set_goal__rosidl_typesupport_introspection_c.h\n'}
[5.488675] (rtabmap_msgs) StdoutLine: {'line': b'-- Up-to-date symlink: /workspaces/isaac_ros-dev/Development/ros2/install/rtabmap_msgs/include/rtabmap_msgs/rtabmap_msgs/srv/detail/set_label__rosidl_typesupport_introspection_c.h\n'}
[5.488769] (rtabmap_msgs) StdoutLine: {'line': b'-- Up-to-date symlink: /workspaces/isaac_ros-dev/Development/ros2/install/rtabmap_msgs/include/rtabmap_msgs/rtabmap_msgs/msg/camera_model.hpp\n'}
[5.488844] (rtabmap_msgs) StdoutLine: {'line': b'-- Up-to-date symlink: /workspaces/isaac_ros-dev/Development/ros2/install/rtabmap_msgs/include/rtabmap_msgs/rtabmap_msgs/msg/camera_models.hpp\n'}
[5.488934] (rtabmap_msgs) StdoutLine: {'line': b'-- Up-to-date symlink: /workspaces/isaac_ros-dev/Development/ros2/install/rtabmap_msgs/include/rtabmap_msgs/rtabmap_msgs/msg/detail/camera_model__builder.hpp\n'}
[5.489018] (rtabmap_msgs) StdoutLine: {'line': b'-- Up-to-date symlink: /workspaces/isaac_ros-dev/Development/ros2/install/rtabmap_msgs/include/rtabmap_msgs/rtabmap_msgs/msg/detail/camera_model__struct.hpp\n'}
[5.489117] (rtabmap_msgs) StdoutLine: {'line': b'-- Up-to-date symlink: /workspaces/isaac_ros-dev/Development/ros2/install/rtabmap_msgs/include/rtabmap_msgs/rtabmap_msgs/msg/detail/camera_model__traits.hpp\n'}
[5.489209] (rtabmap_msgs) StdoutLine: {'line': b'-- Up-to-date symlink: /workspaces/isaac_ros-dev/Development/ros2/install/rtabmap_msgs/include/rtabmap_msgs/rtabmap_msgs/msg/detail/camera_models__builder.hpp\n'}
[5.489302] (rtabmap_msgs) StdoutLine: {'line': b'-- Up-to-date symlink: /workspaces/isaac_ros-dev/Development/ros2/install/rtabmap_msgs/include/rtabmap_msgs/rtabmap_msgs/msg/detail/camera_models__struct.hpp\n'}
[5.489387] (rtabmap_msgs) StdoutLine: {'line': b'-- Up-to-date symlink: /workspaces/isaac_ros-dev/Development/ros2/install/rtabmap_msgs/include/rtabmap_msgs/rtabmap_msgs/msg/detail/camera_models__traits.hpp\n'}
[5.489478] (rtabmap_msgs) StdoutLine: {'line': b'-- Up-to-date symlink: /workspaces/isaac_ros-dev/Development/ros2/install/rtabmap_msgs/include/rtabmap_msgs/rtabmap_msgs/msg/detail/env_sensor__builder.hpp\n'}
[5.489554] (rtabmap_msgs) StdoutLine: {'line': b'-- Up-to-date symlink: /workspaces/isaac_ros-dev/Development/ros2/install/rtabmap_msgs/include/rtabmap_msgs/rtabmap_msgs/msg/detail/env_sensor__struct.hpp\n'}
[5.489637] (rtabmap_msgs) StdoutLine: {'line': b'-- Up-to-date symlink: /workspaces/isaac_ros-dev/Development/ros2/install/rtabmap_msgs/include/rtabmap_msgs/rtabmap_msgs/msg/detail/env_sensor__traits.hpp\n'}
[5.489709] (rtabmap_msgs) StdoutLine: {'line': b'-- Up-to-date symlink: /workspaces/isaac_ros-dev/Development/ros2/install/rtabmap_msgs/include/rtabmap_msgs/rtabmap_msgs/msg/detail/global_descriptor__builder.hpp\n'}
[5.489783] (rtabmap_msgs) StdoutLine: {'line': b'-- Up-to-date symlink: /workspaces/isaac_ros-dev/Development/ros2/install/rtabmap_msgs/include/rtabmap_msgs/rtabmap_msgs/msg/detail/global_descriptor__struct.hpp\n'}
[5.489850] (rtabmap_msgs) StdoutLine: {'line': b'-- Up-to-date symlink: /workspaces/isaac_ros-dev/Development/ros2/install/rtabmap_msgs/include/rtabmap_msgs/rtabmap_msgs/msg/detail/global_descriptor__traits.hpp\n'}
[5.489925] (rtabmap_msgs) StdoutLine: {'line': b'-- Up-to-date symlink: /workspaces/isaac_ros-dev/Development/ros2/install/rtabmap_msgs/include/rtabmap_msgs/rtabmap_msgs/msg/detail/goal__builder.hpp\n'}
[5.490002] (rtabmap_msgs) StdoutLine: {'line': b'-- Up-to-date symlink: /workspaces/isaac_ros-dev/Development/ros2/install/rtabmap_msgs/include/rtabmap_msgs/rtabmap_msgs/msg/detail/goal__struct.hpp\n'}
[5.490069] (rtabmap_msgs) StdoutLine: {'line': b'-- Up-to-date symlink: /workspaces/isaac_ros-dev/Development/ros2/install/rtabmap_msgs/include/rtabmap_msgs/rtabmap_msgs/msg/detail/goal__traits.hpp\n'}
[5.490139] (rtabmap_msgs) StdoutLine: {'line': b'-- Up-to-date symlink: /workspaces/isaac_ros-dev/Development/ros2/install/rtabmap_msgs/include/rtabmap_msgs/rtabmap_msgs/msg/detail/gps__builder.hpp\n'}
[5.490209] (rtabmap_msgs) StdoutLine: {'line': b'-- Up-to-date symlink: /workspaces/isaac_ros-dev/Development/ros2/install/rtabmap_msgs/include/rtabmap_msgs/rtabmap_msgs/msg/detail/gps__struct.hpp\n'}
[5.490277] (rtabmap_msgs) StdoutLine: {'line': b'-- Up-to-date symlink: /workspaces/isaac_ros-dev/Development/ros2/install/rtabmap_msgs/include/rtabmap_msgs/rtabmap_msgs/msg/detail/gps__traits.hpp\n'}
[5.490347] (rtabmap_msgs) StdoutLine: {'line': b'-- Up-to-date symlink: /workspaces/isaac_ros-dev/Development/ros2/install/rtabmap_msgs/include/rtabmap_msgs/rtabmap_msgs/msg/detail/info__builder.hpp\n'}
[5.490416] (rtabmap_msgs) StdoutLine: {'line': b'-- Up-to-date symlink: /workspaces/isaac_ros-dev/Development/ros2/install/rtabmap_msgs/include/rtabmap_msgs/rtabmap_msgs/msg/detail/info__struct.hpp\n'}
[5.490482] (rtabmap_msgs) StdoutLine: {'line': b'-- Up-to-date symlink: /workspaces/isaac_ros-dev/Development/ros2/install/rtabmap_msgs/include/rtabmap_msgs/rtabmap_msgs/msg/detail/info__traits.hpp\n'}
[5.490555] (rtabmap_msgs) StdoutLine: {'line': b'-- Up-to-date symlink: /workspaces/isaac_ros-dev/Development/ros2/install/rtabmap_msgs/include/rtabmap_msgs/rtabmap_msgs/msg/detail/key_point__builder.hpp\n'}
[5.490621] (rtabmap_msgs) StdoutLine: {'line': b'-- Up-to-date symlink: /workspaces/isaac_ros-dev/Development/ros2/install/rtabmap_msgs/include/rtabmap_msgs/rtabmap_msgs/msg/detail/key_point__struct.hpp\n'}
[5.490686] (rtabmap_msgs) StdoutLine: {'line': b'-- Up-to-date symlink: /workspaces/isaac_ros-dev/Development/ros2/install/rtabmap_msgs/include/rtabmap_msgs/rtabmap_msgs/msg/detail/key_point__traits.hpp\n'}
[5.490753] (rtabmap_msgs) StdoutLine: {'line': b'-- Up-to-date symlink: /workspaces/isaac_ros-dev/Development/ros2/install/rtabmap_msgs/include/rtabmap_msgs/rtabmap_msgs/msg/detail/landmark_detection__builder.hpp\n'}
[5.490817] (rtabmap_msgs) StdoutLine: {'line': b'-- Up-to-date symlink: /workspaces/isaac_ros-dev/Development/ros2/install/rtabmap_msgs/include/rtabmap_msgs/rtabmap_msgs/msg/detail/landmark_detection__struct.hpp\n'}
[5.490883] (rtabmap_msgs) StdoutLine: {'line': b'-- Up-to-date symlink: /workspaces/isaac_ros-dev/Development/ros2/install/rtabmap_msgs/include/rtabmap_msgs/rtabmap_msgs/msg/detail/landmark_detection__traits.hpp\n'}
[5.490949] (rtabmap_msgs) StdoutLine: {'line': b'-- Up-to-date symlink: /workspaces/isaac_ros-dev/Development/ros2/install/rtabmap_msgs/include/rtabmap_msgs/rtabmap_msgs/msg/detail/landmark_detections__builder.hpp\n'}
[5.491022] (rtabmap_msgs) StdoutLine: {'line': b'-- Up-to-date symlink: /workspaces/isaac_ros-dev/Development/ros2/install/rtabmap_msgs/include/rtabmap_msgs/rtabmap_msgs/msg/detail/landmark_detections__struct.hpp\n'}
[5.491092] (rtabmap_msgs) StdoutLine: {'line': b'-- Up-to-date symlink: /workspaces/isaac_ros-dev/Development/ros2/install/rtabmap_msgs/include/rtabmap_msgs/rtabmap_msgs/msg/detail/landmark_detections__traits.hpp\n'}
[5.494285] (rtabmap_msgs) StdoutLine: {'line': b'-- Up-to-date symlink: /workspaces/isaac_ros-dev/Development/ros2/install/rtabmap_msgs/include/rtabmap_msgs/rtabmap_msgs/msg/detail/link__builder.hpp\n'}
[5.494393] (rtabmap_msgs) StdoutLine: {'line': b'-- Up-to-date symlink: /workspaces/isaac_ros-dev/Development/ros2/install/rtabmap_msgs/include/rtabmap_msgs/rtabmap_msgs/msg/detail/link__struct.hpp\n'}
[5.494485] (rtabmap_msgs) StdoutLine: {'line': b'-- Up-to-date symlink: /workspaces/isaac_ros-dev/Development/ros2/install/rtabmap_msgs/include/rtabmap_msgs/rtabmap_msgs/msg/detail/link__traits.hpp\n'}
[5.494587] (rtabmap_msgs) StdoutLine: {'line': b'-- Up-to-date symlink: /workspaces/isaac_ros-dev/Development/ros2/install/rtabmap_msgs/include/rtabmap_msgs/rtabmap_msgs/msg/detail/map_data__builder.hpp\n'}
[5.494675] (rtabmap_msgs) StdoutLine: {'line': b'-- Up-to-date symlink: /workspaces/isaac_ros-dev/Development/ros2/install/rtabmap_msgs/include/rtabmap_msgs/rtabmap_msgs/msg/detail/map_data__struct.hpp\n'}
[5.494764] (rtabmap_msgs) StdoutLine: {'line': b'-- Up-to-date symlink: /workspaces/isaac_ros-dev/Development/ros2/install/rtabmap_msgs/include/rtabmap_msgs/rtabmap_msgs/msg/detail/map_data__traits.hpp\n'}
[5.494851] (rtabmap_msgs) StdoutLine: {'line': b'-- Up-to-date symlink: /workspaces/isaac_ros-dev/Development/ros2/install/rtabmap_msgs/include/rtabmap_msgs/rtabmap_msgs/msg/detail/map_graph__builder.hpp\n'}
[5.494947] (rtabmap_msgs) StdoutLine: {'line': b'-- Up-to-date symlink: /workspaces/isaac_ros-dev/Development/ros2/install/rtabmap_msgs/include/rtabmap_msgs/rtabmap_msgs/msg/detail/map_graph__struct.hpp\n'}
[5.495030] (rtabmap_msgs) StdoutLine: {'line': b'-- Up-to-date symlink: /workspaces/isaac_ros-dev/Development/ros2/install/rtabmap_msgs/include/rtabmap_msgs/rtabmap_msgs/msg/detail/map_graph__traits.hpp\n'}
[5.495128] (rtabmap_msgs) StdoutLine: {'line': b'-- Up-to-date symlink: /workspaces/isaac_ros-dev/Development/ros2/install/rtabmap_msgs/include/rtabmap_msgs/rtabmap_msgs/msg/detail/node__builder.hpp\n'}
[5.495222] (rtabmap_msgs) StdoutLine: {'line': b'-- Up-to-date symlink: /workspaces/isaac_ros-dev/Development/ros2/install/rtabmap_msgs/include/rtabmap_msgs/rtabmap_msgs/msg/detail/node__struct.hpp\n'}
[5.495300] (rtabmap_msgs) StdoutLine: {'line': b'-- Up-to-date symlink: /workspaces/isaac_ros-dev/Development/ros2/install/rtabmap_msgs/include/rtabmap_msgs/rtabmap_msgs/msg/detail/node__traits.hpp\n'}
[5.495403] (rtabmap_msgs) StdoutLine: {'line': b'-- Up-to-date symlink: /workspaces/isaac_ros-dev/Development/ros2/install/rtabmap_msgs/include/rtabmap_msgs/rtabmap_msgs/msg/detail/odom_info__builder.hpp\n'}
[5.495474] (rtabmap_msgs) StdoutLine: {'line': b'-- Up-to-date symlink: /workspaces/isaac_ros-dev/Development/ros2/install/rtabmap_msgs/include/rtabmap_msgs/rtabmap_msgs/msg/detail/odom_info__struct.hpp\n'}
[5.495560] (rtabmap_msgs) StdoutLine: {'line': b'-- Up-to-date symlink: /workspaces/isaac_ros-dev/Development/ros2/install/rtabmap_msgs/include/rtabmap_msgs/rtabmap_msgs/msg/detail/odom_info__traits.hpp\n'}
[5.495649] (rtabmap_msgs) StdoutLine: {'line': b'-- Up-to-date symlink: /workspaces/isaac_ros-dev/Development/ros2/install/rtabmap_msgs/include/rtabmap_msgs/rtabmap_msgs/msg/detail/path__builder.hpp\n'}
[5.495735] (rtabmap_msgs) StdoutLine: {'line': b'-- Up-to-date symlink: /workspaces/isaac_ros-dev/Development/ros2/install/rtabmap_msgs/include/rtabmap_msgs/rtabmap_msgs/msg/detail/path__struct.hpp\n'}
[5.495813] (rtabmap_msgs) StdoutLine: {'line': b'-- Up-to-date symlink: /workspaces/isaac_ros-dev/Development/ros2/install/rtabmap_msgs/include/rtabmap_msgs/rtabmap_msgs/msg/detail/path__traits.hpp\n'}
[5.499407] (rtabmap_msgs) StdoutLine: {'line': b'-- Up-to-date symlink: /workspaces/isaac_ros-dev/Development/ros2/install/rtabmap_msgs/include/rtabmap_msgs/rtabmap_msgs/msg/detail/point2f__builder.hpp\n'}
[5.499585] (rtabmap_msgs) StdoutLine: {'line': b'-- Up-to-date symlink: /workspaces/isaac_ros-dev/Development/ros2/install/rtabmap_msgs/include/rtabmap_msgs/rtabmap_msgs/msg/detail/point2f__struct.hpp\n'}
[5.499682] (rtabmap_msgs) StdoutLine: {'line': b'-- Up-to-date symlink: /workspaces/isaac_ros-dev/Development/ros2/install/rtabmap_msgs/include/rtabmap_msgs/rtabmap_msgs/msg/detail/point2f__traits.hpp\n'}
[5.499772] (rtabmap_msgs) StdoutLine: {'line': b'-- Up-to-date symlink: /workspaces/isaac_ros-dev/Development/ros2/install/rtabmap_msgs/include/rtabmap_msgs/rtabmap_msgs/msg/detail/point3f__builder.hpp\n'}
[5.499860] (rtabmap_msgs) StdoutLine: {'line': b'-- Up-to-date symlink: /workspaces/isaac_ros-dev/Development/ros2/install/rtabmap_msgs/include/rtabmap_msgs/rtabmap_msgs/msg/detail/point3f__struct.hpp\n'}
[5.499950] (rtabmap_msgs) StdoutLine: {'line': b'-- Up-to-date symlink: /workspaces/isaac_ros-dev/Development/ros2/install/rtabmap_msgs/include/rtabmap_msgs/rtabmap_msgs/msg/detail/point3f__traits.hpp\n'}
[5.500034] (rtabmap_msgs) StdoutLine: {'line': b'-- Up-to-date symlink: /workspaces/isaac_ros-dev/Development/ros2/install/rtabmap_msgs/include/rtabmap_msgs/rtabmap_msgs/msg/detail/rgbd_image__builder.hpp\n'}
[5.500130] (rtabmap_msgs) StdoutLine: {'line': b'-- Up-to-date symlink: /workspaces/isaac_ros-dev/Development/ros2/install/rtabmap_msgs/include/rtabmap_msgs/rtabmap_msgs/msg/detail/rgbd_image__struct.hpp\n'}
[5.500207] (rtabmap_msgs) StdoutLine: {'line': b'-- Up-to-date symlink: /workspaces/isaac_ros-dev/Development/ros2/install/rtabmap_msgs/include/rtabmap_msgs/rtabmap_msgs/msg/detail/rgbd_image__traits.hpp\n'}
[5.500309] (rtabmap_msgs) StdoutLine: {'line': b'-- Up-to-date symlink: /workspaces/isaac_ros-dev/Development/ros2/install/rtabmap_msgs/include/rtabmap_msgs/rtabmap_msgs/msg/detail/rgbd_images__builder.hpp\n'}
[5.500391] (rtabmap_msgs) StdoutLine: {'line': b'-- Up-to-date symlink: /workspaces/isaac_ros-dev/Development/ros2/install/rtabmap_msgs/include/rtabmap_msgs/rtabmap_msgs/msg/detail/rgbd_images__struct.hpp\n'}
[5.500485] (rtabmap_msgs) StdoutLine: {'line': b'-- Up-to-date symlink: /workspaces/isaac_ros-dev/Development/ros2/install/rtabmap_msgs/include/rtabmap_msgs/rtabmap_msgs/msg/detail/rgbd_images__traits.hpp\n'}
[5.500574] (rtabmap_msgs) StdoutLine: {'line': b'-- Up-to-date symlink: /workspaces/isaac_ros-dev/Development/ros2/install/rtabmap_msgs/include/rtabmap_msgs/rtabmap_msgs/msg/detail/scan_descriptor__builder.hpp\n'}
[5.500665] (rtabmap_msgs) StdoutLine: {'line': b'-- Up-to-date symlink: /workspaces/isaac_ros-dev/Development/ros2/install/rtabmap_msgs/include/rtabmap_msgs/rtabmap_msgs/msg/detail/scan_descriptor__struct.hpp\n'}
[5.500756] (rtabmap_msgs) StdoutLine: {'line': b'-- Up-to-date symlink: /workspaces/isaac_ros-dev/Development/ros2/install/rtabmap_msgs/include/rtabmap_msgs/rtabmap_msgs/msg/detail/scan_descriptor__traits.hpp\n'}
[5.500830] (rtabmap_msgs) StdoutLine: {'line': b'-- Up-to-date symlink: /workspaces/isaac_ros-dev/Development/ros2/install/rtabmap_msgs/include/rtabmap_msgs/rtabmap_msgs/msg/detail/sensor_data__builder.hpp\n'}
[5.500937] (rtabmap_msgs) StdoutLine: {'line': b'-- Up-to-date symlink: /workspaces/isaac_ros-dev/Development/ros2/install/rtabmap_msgs/include/rtabmap_msgs/rtabmap_msgs/msg/detail/sensor_data__struct.hpp\n'}
[5.501014] (rtabmap_msgs) StdoutLine: {'line': b'-- Up-to-date symlink: /workspaces/isaac_ros-dev/Development/ros2/install/rtabmap_msgs/include/rtabmap_msgs/rtabmap_msgs/msg/detail/sensor_data__traits.hpp\n'}
[5.501114] (rtabmap_msgs) StdoutLine: {'line': b'-- Up-to-date symlink: /workspaces/isaac_ros-dev/Development/ros2/install/rtabmap_msgs/include/rtabmap_msgs/rtabmap_msgs/msg/detail/user_data__builder.hpp\n'}
[5.501203] (rtabmap_msgs) StdoutLine: {'line': b'-- Up-to-date symlink: /workspaces/isaac_ros-dev/Development/ros2/install/rtabmap_msgs/include/rtabmap_msgs/rtabmap_msgs/msg/detail/user_data__struct.hpp\n'}
[5.501290] (rtabmap_msgs) StdoutLine: {'line': b'-- Up-to-date symlink: /workspaces/isaac_ros-dev/Development/ros2/install/rtabmap_msgs/include/rtabmap_msgs/rtabmap_msgs/msg/detail/user_data__traits.hpp\n'}
[5.501380] (rtabmap_msgs) StdoutLine: {'line': b'-- Up-to-date symlink: /workspaces/isaac_ros-dev/Development/ros2/install/rtabmap_msgs/include/rtabmap_msgs/rtabmap_msgs/msg/env_sensor.hpp\n'}
[5.501462] (rtabmap_msgs) StdoutLine: {'line': b'-- Up-to-date symlink: /workspaces/isaac_ros-dev/Development/ros2/install/rtabmap_msgs/include/rtabmap_msgs/rtabmap_msgs/msg/global_descriptor.hpp\n'}
[5.501534] (rtabmap_msgs) StdoutLine: {'line': b'-- Up-to-date symlink: /workspaces/isaac_ros-dev/Development/ros2/install/rtabmap_msgs/include/rtabmap_msgs/rtabmap_msgs/msg/goal.hpp\n'}
[5.501600] (rtabmap_msgs) StdoutLine: {'line': b'-- Up-to-date symlink: /workspaces/isaac_ros-dev/Development/ros2/install/rtabmap_msgs/include/rtabmap_msgs/rtabmap_msgs/msg/gps.hpp\n'}
[5.501665] (rtabmap_msgs) StdoutLine: {'line': b'-- Up-to-date symlink: /workspaces/isaac_ros-dev/Development/ros2/install/rtabmap_msgs/include/rtabmap_msgs/rtabmap_msgs/msg/info.hpp\n'}
[5.501755] (rtabmap_msgs) StdoutLine: {'line': b'-- Up-to-date symlink: /workspaces/isaac_ros-dev/Development/ros2/install/rtabmap_msgs/include/rtabmap_msgs/rtabmap_msgs/msg/key_point.hpp\n'}
[5.501824] (rtabmap_msgs) StdoutLine: {'line': b'-- Up-to-date symlink: /workspaces/isaac_ros-dev/Development/ros2/install/rtabmap_msgs/include/rtabmap_msgs/rtabmap_msgs/msg/landmark_detection.hpp\n'}
[5.501894] (rtabmap_msgs) StdoutLine: {'line': b'-- Up-to-date symlink: /workspaces/isaac_ros-dev/Development/ros2/install/rtabmap_msgs/include/rtabmap_msgs/rtabmap_msgs/msg/landmark_detections.hpp\n'}
[5.501962] (rtabmap_msgs) StdoutLine: {'line': b'-- Up-to-date symlink: /workspaces/isaac_ros-dev/Development/ros2/install/rtabmap_msgs/include/rtabmap_msgs/rtabmap_msgs/msg/link.hpp\n'}
[5.502047] (rtabmap_msgs) StdoutLine: {'line': b'-- Up-to-date symlink: /workspaces/isaac_ros-dev/Development/ros2/install/rtabmap_msgs/include/rtabmap_msgs/rtabmap_msgs/msg/map_data.hpp\n'}
[5.502120] (rtabmap_msgs) StdoutLine: {'line': b'-- Up-to-date symlink: /workspaces/isaac_ros-dev/Development/ros2/install/rtabmap_msgs/include/rtabmap_msgs/rtabmap_msgs/msg/map_graph.hpp\n'}
[5.502187] (rtabmap_msgs) StdoutLine: {'line': b'-- Up-to-date symlink: /workspaces/isaac_ros-dev/Development/ros2/install/rtabmap_msgs/include/rtabmap_msgs/rtabmap_msgs/msg/node.hpp\n'}
[5.502284] (rtabmap_msgs) StdoutLine: {'line': b'-- Up-to-date symlink: /workspaces/isaac_ros-dev/Development/ros2/install/rtabmap_msgs/include/rtabmap_msgs/rtabmap_msgs/msg/odom_info.hpp\n'}
[5.502357] (rtabmap_msgs) StdoutLine: {'line': b'-- Up-to-date symlink: /workspaces/isaac_ros-dev/Development/ros2/install/rtabmap_msgs/include/rtabmap_msgs/rtabmap_msgs/msg/path.hpp\n'}
[5.502445] (rtabmap_msgs) StdoutLine: {'line': b'-- Up-to-date symlink: /workspaces/isaac_ros-dev/Development/ros2/install/rtabmap_msgs/include/rtabmap_msgs/rtabmap_msgs/msg/point2f.hpp\n'}
[5.502520] (rtabmap_msgs) StdoutLine: {'line': b'-- Up-to-date symlink: /workspaces/isaac_ros-dev/Development/ros2/install/rtabmap_msgs/include/rtabmap_msgs/rtabmap_msgs/msg/point3f.hpp\n'}
[5.506159] (rtabmap_msgs) StdoutLine: {'line': b'-- Up-to-date symlink: /workspaces/isaac_ros-dev/Development/ros2/install/rtabmap_msgs/include/rtabmap_msgs/rtabmap_msgs/msg/rgbd_image.hpp\n'}
[5.506345] (rtabmap_msgs) StdoutLine: {'line': b'-- Up-to-date symlink: /workspaces/isaac_ros-dev/Development/ros2/install/rtabmap_msgs/include/rtabmap_msgs/rtabmap_msgs/msg/rgbd_images.hpp\n'}
[5.506442] (rtabmap_msgs) StdoutLine: {'line': b'-- Up-to-date symlink: /workspaces/isaac_ros-dev/Development/ros2/install/rtabmap_msgs/include/rtabmap_msgs/rtabmap_msgs/msg/scan_descriptor.hpp\n'}
[5.506515] (rtabmap_msgs) StdoutLine: {'line': b'-- Up-to-date symlink: /workspaces/isaac_ros-dev/Development/ros2/install/rtabmap_msgs/include/rtabmap_msgs/rtabmap_msgs/msg/sensor_data.hpp\n'}
[5.506604] (rtabmap_msgs) StdoutLine: {'line': b'-- Up-to-date symlink: /workspaces/isaac_ros-dev/Development/ros2/install/rtabmap_msgs/include/rtabmap_msgs/rtabmap_msgs/msg/user_data.hpp\n'}
[5.506686] (rtabmap_msgs) StdoutLine: {'line': b'-- Up-to-date symlink: /workspaces/isaac_ros-dev/Development/ros2/install/rtabmap_msgs/include/rtabmap_msgs/rtabmap_msgs/srv/add_link.hpp\n'}
[5.506756] (rtabmap_msgs) StdoutLine: {'line': b'-- Up-to-date symlink: /workspaces/isaac_ros-dev/Development/ros2/install/rtabmap_msgs/include/rtabmap_msgs/rtabmap_msgs/srv/cleanup_local_grids.hpp\n'}
[5.506849] (rtabmap_msgs) StdoutLine: {'line': b'-- Up-to-date symlink: /workspaces/isaac_ros-dev/Development/ros2/install/rtabmap_msgs/include/rtabmap_msgs/rtabmap_msgs/srv/detail/add_link__builder.hpp\n'}
[5.506930] (rtabmap_msgs) StdoutLine: {'line': b'-- Up-to-date symlink: /workspaces/isaac_ros-dev/Development/ros2/install/rtabmap_msgs/include/rtabmap_msgs/rtabmap_msgs/srv/detail/add_link__struct.hpp\n'}
[5.507010] (rtabmap_msgs) StdoutLine: {'line': b'-- Up-to-date symlink: /workspaces/isaac_ros-dev/Development/ros2/install/rtabmap_msgs/include/rtabmap_msgs/rtabmap_msgs/srv/detail/add_link__traits.hpp\n'}
[5.507106] (rtabmap_msgs) StdoutLine: {'line': b'-- Up-to-date symlink: /workspaces/isaac_ros-dev/Development/ros2/install/rtabmap_msgs/include/rtabmap_msgs/rtabmap_msgs/srv/detail/cleanup_local_grids__builder.hpp\n'}
[5.507191] (rtabmap_msgs) StdoutLine: {'line': b'-- Up-to-date symlink: /workspaces/isaac_ros-dev/Development/ros2/install/rtabmap_msgs/include/rtabmap_msgs/rtabmap_msgs/srv/detail/cleanup_local_grids__struct.hpp\n'}
[5.507260] (rtabmap_msgs) StdoutLine: {'line': b'-- Up-to-date symlink: /workspaces/isaac_ros-dev/Development/ros2/install/rtabmap_msgs/include/rtabmap_msgs/rtabmap_msgs/srv/detail/cleanup_local_grids__traits.hpp\n'}
[5.507332] (rtabmap_msgs) StdoutLine: {'line': b'-- Up-to-date symlink: /workspaces/isaac_ros-dev/Development/ros2/install/rtabmap_msgs/include/rtabmap_msgs/rtabmap_msgs/srv/detail/detect_more_loop_closures__builder.hpp\n'}
[5.507422] (rtabmap_msgs) StdoutLine: {'line': b'-- Up-to-date symlink: /workspaces/isaac_ros-dev/Development/ros2/install/rtabmap_msgs/include/rtabmap_msgs/rtabmap_msgs/srv/detail/detect_more_loop_closures__struct.hpp\n'}
[5.507513] (rtabmap_msgs) StdoutLine: {'line': b'-- Up-to-date symlink: /workspaces/isaac_ros-dev/Development/ros2/install/rtabmap_msgs/include/rtabmap_msgs/rtabmap_msgs/srv/detail/detect_more_loop_closures__traits.hpp\n'}
[5.507602] (rtabmap_msgs) StdoutLine: {'line': b'-- Up-to-date symlink: /workspaces/isaac_ros-dev/Development/ros2/install/rtabmap_msgs/include/rtabmap_msgs/rtabmap_msgs/srv/detail/get_map2__builder.hpp\n'}
[5.507670] (rtabmap_msgs) StdoutLine: {'line': b'-- Up-to-date symlink: /workspaces/isaac_ros-dev/Development/ros2/install/rtabmap_msgs/include/rtabmap_msgs/rtabmap_msgs/srv/detail/get_map2__struct.hpp\n'}
[5.507741] (rtabmap_msgs) StdoutLine: {'line': b'-- Up-to-date symlink: /workspaces/isaac_ros-dev/Development/ros2/install/rtabmap_msgs/include/rtabmap_msgs/rtabmap_msgs/srv/detail/get_map2__traits.hpp\n'}
[5.507828] (rtabmap_msgs) StdoutLine: {'line': b'-- Up-to-date symlink: /workspaces/isaac_ros-dev/Development/ros2/install/rtabmap_msgs/include/rtabmap_msgs/rtabmap_msgs/srv/detail/get_map__builder.hpp\n'}
[5.507917] (rtabmap_msgs) StdoutLine: {'line': b'-- Up-to-date symlink: /workspaces/isaac_ros-dev/Development/ros2/install/rtabmap_msgs/include/rtabmap_msgs/rtabmap_msgs/srv/detail/get_map__struct.hpp\n'}
[5.507988] (rtabmap_msgs) StdoutLine: {'line': b'-- Up-to-date symlink: /workspaces/isaac_ros-dev/Development/ros2/install/rtabmap_msgs/include/rtabmap_msgs/rtabmap_msgs/srv/detail/get_map__traits.hpp\n'}
[5.508075] (rtabmap_msgs) StdoutLine: {'line': b'-- Up-to-date symlink: /workspaces/isaac_ros-dev/Development/ros2/install/rtabmap_msgs/include/rtabmap_msgs/rtabmap_msgs/srv/detail/get_node_data__builder.hpp\n'}
[5.508170] (rtabmap_msgs) StdoutLine: {'line': b'-- Up-to-date symlink: /workspaces/isaac_ros-dev/Development/ros2/install/rtabmap_msgs/include/rtabmap_msgs/rtabmap_msgs/srv/detail/get_node_data__struct.hpp\n'}
[5.508246] (rtabmap_msgs) StdoutLine: {'line': b'-- Up-to-date symlink: /workspaces/isaac_ros-dev/Development/ros2/install/rtabmap_msgs/include/rtabmap_msgs/rtabmap_msgs/srv/detail/get_node_data__traits.hpp\n'}
[5.508323] (rtabmap_msgs) StdoutLine: {'line': b'-- Up-to-date symlink: /workspaces/isaac_ros-dev/Development/ros2/install/rtabmap_msgs/include/rtabmap_msgs/rtabmap_msgs/srv/detail/get_nodes_in_radius__builder.hpp\n'}
[5.508430] (rtabmap_msgs) StdoutLine: {'line': b'-- Up-to-date symlink: /workspaces/isaac_ros-dev/Development/ros2/install/rtabmap_msgs/include/rtabmap_msgs/rtabmap_msgs/srv/detail/get_nodes_in_radius__struct.hpp\n'}
[5.508500] (rtabmap_msgs) StdoutLine: {'line': b'-- Up-to-date symlink: /workspaces/isaac_ros-dev/Development/ros2/install/rtabmap_msgs/include/rtabmap_msgs/rtabmap_msgs/srv/detail/get_nodes_in_radius__traits.hpp\n'}
[5.508586] (rtabmap_msgs) StdoutLine: {'line': b'-- Up-to-date symlink: /workspaces/isaac_ros-dev/Development/ros2/install/rtabmap_msgs/include/rtabmap_msgs/rtabmap_msgs/srv/detail/get_plan__builder.hpp\n'}
[5.509268] (rtabmap_msgs) StdoutLine: {'line': b'-- Up-to-date symlink: /workspaces/isaac_ros-dev/Development/ros2/install/rtabmap_msgs/include/rtabmap_msgs/rtabmap_msgs/srv/detail/get_plan__struct.hpp\n'}
[5.509401] (rtabmap_msgs) StdoutLine: {'line': b'-- Up-to-date symlink: /workspaces/isaac_ros-dev/Development/ros2/install/rtabmap_msgs/include/rtabmap_msgs/rtabmap_msgs/srv/detail/get_plan__traits.hpp\n'}
[5.509471] (rtabmap_msgs) StdoutLine: {'line': b'-- Up-to-date symlink: /workspaces/isaac_ros-dev/Development/ros2/install/rtabmap_msgs/include/rtabmap_msgs/rtabmap_msgs/srv/detail/global_bundle_adjustment__builder.hpp\n'}
[5.509561] (rtabmap_msgs) StdoutLine: {'line': b'-- Up-to-date symlink: /workspaces/isaac_ros-dev/Development/ros2/install/rtabmap_msgs/include/rtabmap_msgs/rtabmap_msgs/srv/detail/global_bundle_adjustment__struct.hpp\n'}
[5.509648] (rtabmap_msgs) StdoutLine: {'line': b'-- Up-to-date symlink: /workspaces/isaac_ros-dev/Development/ros2/install/rtabmap_msgs/include/rtabmap_msgs/rtabmap_msgs/srv/detail/global_bundle_adjustment__traits.hpp\n'}
[5.509718] (rtabmap_msgs) StdoutLine: {'line': b'-- Up-to-date symlink: /workspaces/isaac_ros-dev/Development/ros2/install/rtabmap_msgs/include/rtabmap_msgs/rtabmap_msgs/srv/detail/list_labels__builder.hpp\n'}
[5.509872] (rtabmap_msgs) StdoutLine: {'line': b'-- Up-to-date symlink: /workspaces/isaac_ros-dev/Development/ros2/install/rtabmap_msgs/include/rtabmap_msgs/rtabmap_msgs/srv/detail/list_labels__struct.hpp\n'}
[5.509960] (rtabmap_msgs) StdoutLine: {'line': b'-- Up-to-date symlink: /workspaces/isaac_ros-dev/Development/ros2/install/rtabmap_msgs/include/rtabmap_msgs/rtabmap_msgs/srv/detail/list_labels__traits.hpp\n'}
[5.510029] (rtabmap_msgs) StdoutLine: {'line': b'-- Up-to-date symlink: /workspaces/isaac_ros-dev/Development/ros2/install/rtabmap_msgs/include/rtabmap_msgs/rtabmap_msgs/srv/detail/load_database__builder.hpp\n'}
[5.510101] (rtabmap_msgs) StdoutLine: {'line': b'-- Up-to-date symlink: /workspaces/isaac_ros-dev/Development/ros2/install/rtabmap_msgs/include/rtabmap_msgs/rtabmap_msgs/srv/detail/load_database__struct.hpp\n'}
[5.510169] (rtabmap_msgs) StdoutLine: {'line': b'-- Up-to-date symlink: /workspaces/isaac_ros-dev/Development/ros2/install/rtabmap_msgs/include/rtabmap_msgs/rtabmap_msgs/srv/detail/load_database__traits.hpp\n'}
[5.510264] (rtabmap_msgs) StdoutLine: {'line': b'-- Up-to-date symlink: /workspaces/isaac_ros-dev/Development/ros2/install/rtabmap_msgs/include/rtabmap_msgs/rtabmap_msgs/srv/detail/publish_map__builder.hpp\n'}
[5.510335] (rtabmap_msgs) StdoutLine: {'line': b'-- Up-to-date symlink: /workspaces/isaac_ros-dev/Development/ros2/install/rtabmap_msgs/include/rtabmap_msgs/rtabmap_msgs/srv/detail/publish_map__struct.hpp\n'}
[5.510404] (rtabmap_msgs) StdoutLine: {'line': b'-- Up-to-date symlink: /workspaces/isaac_ros-dev/Development/ros2/install/rtabmap_msgs/include/rtabmap_msgs/rtabmap_msgs/srv/detail/publish_map__traits.hpp\n'}
[5.510477] (rtabmap_msgs) StdoutLine: {'line': b'-- Up-to-date symlink: /workspaces/isaac_ros-dev/Development/ros2/install/rtabmap_msgs/include/rtabmap_msgs/rtabmap_msgs/srv/detail/remove_label__builder.hpp\n'}
[5.513219] (rtabmap_msgs) StdoutLine: {'line': b'-- Up-to-date symlink: /workspaces/isaac_ros-dev/Development/ros2/install/rtabmap_msgs/include/rtabmap_msgs/rtabmap_msgs/srv/detail/remove_label__struct.hpp\n'}
[5.513314] (rtabmap_msgs) StdoutLine: {'line': b'-- Up-to-date symlink: /workspaces/isaac_ros-dev/Development/ros2/install/rtabmap_msgs/include/rtabmap_msgs/rtabmap_msgs/srv/detail/remove_label__traits.hpp\n'}
[5.513383] (rtabmap_msgs) StdoutLine: {'line': b'-- Up-to-date symlink: /workspaces/isaac_ros-dev/Development/ros2/install/rtabmap_msgs/include/rtabmap_msgs/rtabmap_msgs/srv/detail/reset_pose__builder.hpp\n'}
[5.513449] (rtabmap_msgs) StdoutLine: {'line': b'-- Up-to-date symlink: /workspaces/isaac_ros-dev/Development/ros2/install/rtabmap_msgs/include/rtabmap_msgs/rtabmap_msgs/srv/detail/reset_pose__struct.hpp\n'}
[5.513517] (rtabmap_msgs) StdoutLine: {'line': b'-- Up-to-date symlink: /workspaces/isaac_ros-dev/Development/ros2/install/rtabmap_msgs/include/rtabmap_msgs/rtabmap_msgs/srv/detail/reset_pose__traits.hpp\n'}
[5.513618] (rtabmap_msgs) StdoutLine: {'line': b'-- Up-to-date symlink: /workspaces/isaac_ros-dev/Development/ros2/install/rtabmap_msgs/include/rtabmap_msgs/rtabmap_msgs/srv/detail/set_goal__builder.hpp\n'}
[5.513690] (rtabmap_msgs) StdoutLine: {'line': b'-- Up-to-date symlink: /workspaces/isaac_ros-dev/Development/ros2/install/rtabmap_msgs/include/rtabmap_msgs/rtabmap_msgs/srv/detail/set_goal__struct.hpp\n'}
[5.513783] (rtabmap_msgs) StdoutLine: {'line': b'-- Up-to-date symlink: /workspaces/isaac_ros-dev/Development/ros2/install/rtabmap_msgs/include/rtabmap_msgs/rtabmap_msgs/srv/detail/set_goal__traits.hpp\n'}
[5.513853] (rtabmap_msgs) StdoutLine: {'line': b'-- Up-to-date symlink: /workspaces/isaac_ros-dev/Development/ros2/install/rtabmap_msgs/include/rtabmap_msgs/rtabmap_msgs/srv/detail/set_label__builder.hpp\n'}
[5.513941] (rtabmap_msgs) StdoutLine: {'line': b'-- Up-to-date symlink: /workspaces/isaac_ros-dev/Development/ros2/install/rtabmap_msgs/include/rtabmap_msgs/rtabmap_msgs/srv/detail/set_label__struct.hpp\n'}
[5.514027] (rtabmap_msgs) StdoutLine: {'line': b'-- Up-to-date symlink: /workspaces/isaac_ros-dev/Development/ros2/install/rtabmap_msgs/include/rtabmap_msgs/rtabmap_msgs/srv/detail/set_label__traits.hpp\n'}
[5.514111] (rtabmap_msgs) StdoutLine: {'line': b'-- Up-to-date symlink: /workspaces/isaac_ros-dev/Development/ros2/install/rtabmap_msgs/include/rtabmap_msgs/rtabmap_msgs/srv/detect_more_loop_closures.hpp\n'}
[5.514204] (rtabmap_msgs) StdoutLine: {'line': b'-- Up-to-date symlink: /workspaces/isaac_ros-dev/Development/ros2/install/rtabmap_msgs/include/rtabmap_msgs/rtabmap_msgs/srv/get_map.hpp\n'}
[5.514291] (rtabmap_msgs) StdoutLine: {'line': b'-- Up-to-date symlink: /workspaces/isaac_ros-dev/Development/ros2/install/rtabmap_msgs/include/rtabmap_msgs/rtabmap_msgs/srv/get_map2.hpp\n'}
[5.514359] (rtabmap_msgs) StdoutLine: {'line': b'-- Up-to-date symlink: /workspaces/isaac_ros-dev/Development/ros2/install/rtabmap_msgs/include/rtabmap_msgs/rtabmap_msgs/srv/get_node_data.hpp\n'}
[5.514450] (rtabmap_msgs) StdoutLine: {'line': b'-- Up-to-date symlink: /workspaces/isaac_ros-dev/Development/ros2/install/rtabmap_msgs/include/rtabmap_msgs/rtabmap_msgs/srv/get_nodes_in_radius.hpp\n'}
[5.514540] (rtabmap_msgs) StdoutLine: {'line': b'-- Up-to-date symlink: /workspaces/isaac_ros-dev/Development/ros2/install/rtabmap_msgs/include/rtabmap_msgs/rtabmap_msgs/srv/get_plan.hpp\n'}
[5.514614] (rtabmap_msgs) StdoutLine: {'line': b'-- Up-to-date symlink: /workspaces/isaac_ros-dev/Development/ros2/install/rtabmap_msgs/include/rtabmap_msgs/rtabmap_msgs/srv/global_bundle_adjustment.hpp\n'}
[5.514702] (rtabmap_msgs) StdoutLine: {'line': b'-- Up-to-date symlink: /workspaces/isaac_ros-dev/Development/ros2/install/rtabmap_msgs/include/rtabmap_msgs/rtabmap_msgs/srv/list_labels.hpp\n'}
[5.514772] (rtabmap_msgs) StdoutLine: {'line': b'-- Up-to-date symlink: /workspaces/isaac_ros-dev/Development/ros2/install/rtabmap_msgs/include/rtabmap_msgs/rtabmap_msgs/srv/load_database.hpp\n'}
[5.514847] (rtabmap_msgs) StdoutLine: {'line': b'-- Up-to-date symlink: /workspaces/isaac_ros-dev/Development/ros2/install/rtabmap_msgs/include/rtabmap_msgs/rtabmap_msgs/srv/publish_map.hpp\n'}
[5.514920] (rtabmap_msgs) StdoutLine: {'line': b'-- Up-to-date symlink: /workspaces/isaac_ros-dev/Development/ros2/install/rtabmap_msgs/include/rtabmap_msgs/rtabmap_msgs/srv/remove_label.hpp\n'}
[5.515019] (rtabmap_msgs) StdoutLine: {'line': b'-- Up-to-date symlink: /workspaces/isaac_ros-dev/Development/ros2/install/rtabmap_msgs/include/rtabmap_msgs/rtabmap_msgs/srv/reset_pose.hpp\n'}
[5.515111] (rtabmap_msgs) StdoutLine: {'line': b'-- Up-to-date symlink: /workspaces/isaac_ros-dev/Development/ros2/install/rtabmap_msgs/include/rtabmap_msgs/rtabmap_msgs/srv/set_goal.hpp\n'}
[5.515199] (rtabmap_msgs) StdoutLine: {'line': b'-- Up-to-date symlink: /workspaces/isaac_ros-dev/Development/ros2/install/rtabmap_msgs/include/rtabmap_msgs/rtabmap_msgs/srv/set_label.hpp\n'}
[5.515267] (rtabmap_msgs) StdoutLine: {'line': b'-- Up-to-date symlink: /workspaces/isaac_ros-dev/Development/ros2/install/rtabmap_msgs/include/rtabmap_msgs/rtabmap_msgs/msg/detail/camera_model__rosidl_typesupport_fastrtps_cpp.hpp\n'}
[5.515341] (rtabmap_msgs) StdoutLine: {'line': b'-- Up-to-date symlink: /workspaces/isaac_ros-dev/Development/ros2/install/rtabmap_msgs/include/rtabmap_msgs/rtabmap_msgs/msg/detail/camera_models__rosidl_typesupport_fastrtps_cpp.hpp\n'}
[5.515443] (rtabmap_msgs) StdoutLine: {'line': b'-- Up-to-date symlink: /workspaces/isaac_ros-dev/Development/ros2/install/rtabmap_msgs/include/rtabmap_msgs/rtabmap_msgs/msg/detail/env_sensor__rosidl_typesupport_fastrtps_cpp.hpp\n'}
[5.515512] (rtabmap_msgs) StdoutLine: {'line': b'-- Up-to-date symlink: /workspaces/isaac_ros-dev/Development/ros2/install/rtabmap_msgs/include/rtabmap_msgs/rtabmap_msgs/msg/detail/global_descriptor__rosidl_typesupport_fastrtps_cpp.hpp\n'}
[5.515586] (rtabmap_msgs) StdoutLine: {'line': b'-- Up-to-date symlink: /workspaces/isaac_ros-dev/Development/ros2/install/rtabmap_msgs/include/rtabmap_msgs/rtabmap_msgs/msg/detail/goal__rosidl_typesupport_fastrtps_cpp.hpp\n'}
[5.519209] (rtabmap_msgs) StdoutLine: {'line': b'-- Up-to-date symlink: /workspaces/isaac_ros-dev/Development/ros2/install/rtabmap_msgs/include/rtabmap_msgs/rtabmap_msgs/msg/detail/gps__rosidl_typesupport_fastrtps_cpp.hpp\n'}
[5.519344] (rtabmap_msgs) StdoutLine: {'line': b'-- Up-to-date symlink: /workspaces/isaac_ros-dev/Development/ros2/install/rtabmap_msgs/include/rtabmap_msgs/rtabmap_msgs/msg/detail/info__rosidl_typesupport_fastrtps_cpp.hpp\n'}
[5.519415] (rtabmap_msgs) StdoutLine: {'line': b'-- Up-to-date symlink: /workspaces/isaac_ros-dev/Development/ros2/install/rtabmap_msgs/include/rtabmap_msgs/rtabmap_msgs/msg/detail/key_point__rosidl_typesupport_fastrtps_cpp.hpp\n'}
[5.519482] (rtabmap_msgs) StdoutLine: {'line': b'-- Up-to-date symlink: /workspaces/isaac_ros-dev/Development/ros2/install/rtabmap_msgs/include/rtabmap_msgs/rtabmap_msgs/msg/detail/landmark_detection__rosidl_typesupport_fastrtps_cpp.hpp\n'}
[5.519547] (rtabmap_msgs) StdoutLine: {'line': b'-- Up-to-date symlink: /workspaces/isaac_ros-dev/Development/ros2/install/rtabmap_msgs/include/rtabmap_msgs/rtabmap_msgs/msg/detail/landmark_detections__rosidl_typesupport_fastrtps_cpp.hpp\n'}
[5.519611] (rtabmap_msgs) StdoutLine: {'line': b'-- Up-to-date symlink: /workspaces/isaac_ros-dev/Development/ros2/install/rtabmap_msgs/include/rtabmap_msgs/rtabmap_msgs/msg/detail/link__rosidl_typesupport_fastrtps_cpp.hpp\n'}
[5.519674] (rtabmap_msgs) StdoutLine: {'line': b'-- Up-to-date symlink: /workspaces/isaac_ros-dev/Development/ros2/install/rtabmap_msgs/include/rtabmap_msgs/rtabmap_msgs/msg/detail/map_data__rosidl_typesupport_fastrtps_cpp.hpp\n'}
[5.519737] (rtabmap_msgs) StdoutLine: {'line': b'-- Up-to-date symlink: /workspaces/isaac_ros-dev/Development/ros2/install/rtabmap_msgs/include/rtabmap_msgs/rtabmap_msgs/msg/detail/map_graph__rosidl_typesupport_fastrtps_cpp.hpp\n'}
[5.519800] (rtabmap_msgs) StdoutLine: {'line': b'-- Up-to-date symlink: /workspaces/isaac_ros-dev/Development/ros2/install/rtabmap_msgs/include/rtabmap_msgs/rtabmap_msgs/msg/detail/node__rosidl_typesupport_fastrtps_cpp.hpp\n'}
[5.519864] (rtabmap_msgs) StdoutLine: {'line': b'-- Up-to-date symlink: /workspaces/isaac_ros-dev/Development/ros2/install/rtabmap_msgs/include/rtabmap_msgs/rtabmap_msgs/msg/detail/odom_info__rosidl_typesupport_fastrtps_cpp.hpp\n'}
[5.519933] (rtabmap_msgs) StdoutLine: {'line': b'-- Up-to-date symlink: /workspaces/isaac_ros-dev/Development/ros2/install/rtabmap_msgs/include/rtabmap_msgs/rtabmap_msgs/msg/detail/path__rosidl_typesupport_fastrtps_cpp.hpp\n'}
[5.520002] (rtabmap_msgs) StdoutLine: {'line': b'-- Up-to-date symlink: /workspaces/isaac_ros-dev/Development/ros2/install/rtabmap_msgs/include/rtabmap_msgs/rtabmap_msgs/msg/detail/point2f__rosidl_typesupport_fastrtps_cpp.hpp\n'}
[5.520074] (rtabmap_msgs) StdoutLine: {'line': b'-- Up-to-date symlink: /workspaces/isaac_ros-dev/Development/ros2/install/rtabmap_msgs/include/rtabmap_msgs/rtabmap_msgs/msg/detail/point3f__rosidl_typesupport_fastrtps_cpp.hpp\n'}
[5.520154] (rtabmap_msgs) StdoutLine: {'line': b'-- Up-to-date symlink: /workspaces/isaac_ros-dev/Development/ros2/install/rtabmap_msgs/include/rtabmap_msgs/rtabmap_msgs/msg/detail/rgbd_image__rosidl_typesupport_fastrtps_cpp.hpp\n'}
[5.520218] (rtabmap_msgs) StdoutLine: {'line': b'-- Up-to-date symlink: /workspaces/isaac_ros-dev/Development/ros2/install/rtabmap_msgs/include/rtabmap_msgs/rtabmap_msgs/msg/detail/rgbd_images__rosidl_typesupport_fastrtps_cpp.hpp\n'}
[5.520281] (rtabmap_msgs) StdoutLine: {'line': b'-- Up-to-date symlink: /workspaces/isaac_ros-dev/Development/ros2/install/rtabmap_msgs/include/rtabmap_msgs/rtabmap_msgs/msg/detail/scan_descriptor__rosidl_typesupport_fastrtps_cpp.hpp\n'}
[5.520345] (rtabmap_msgs) StdoutLine: {'line': b'-- Up-to-date symlink: /workspaces/isaac_ros-dev/Development/ros2/install/rtabmap_msgs/include/rtabmap_msgs/rtabmap_msgs/msg/detail/sensor_data__rosidl_typesupport_fastrtps_cpp.hpp\n'}
[5.520408] (rtabmap_msgs) StdoutLine: {'line': b'-- Up-to-date symlink: /workspaces/isaac_ros-dev/Development/ros2/install/rtabmap_msgs/include/rtabmap_msgs/rtabmap_msgs/msg/detail/user_data__rosidl_typesupport_fastrtps_cpp.hpp\n'}
[5.520472] (rtabmap_msgs) StdoutLine: {'line': b'-- Up-to-date symlink: /workspaces/isaac_ros-dev/Development/ros2/install/rtabmap_msgs/include/rtabmap_msgs/rtabmap_msgs/msg/rosidl_typesupport_fastrtps_cpp__visibility_control.h\n'}
[5.520541] (rtabmap_msgs) StdoutLine: {'line': b'-- Up-to-date symlink: /workspaces/isaac_ros-dev/Development/ros2/install/rtabmap_msgs/include/rtabmap_msgs/rtabmap_msgs/srv/detail/add_link__rosidl_typesupport_fastrtps_cpp.hpp\n'}
[5.520604] (rtabmap_msgs) StdoutLine: {'line': b'-- Up-to-date symlink: /workspaces/isaac_ros-dev/Development/ros2/install/rtabmap_msgs/include/rtabmap_msgs/rtabmap_msgs/srv/detail/cleanup_local_grids__rosidl_typesupport_fastrtps_cpp.hpp\n'}
[5.520668] (rtabmap_msgs) StdoutLine: {'line': b'-- Up-to-date symlink: /workspaces/isaac_ros-dev/Development/ros2/install/rtabmap_msgs/include/rtabmap_msgs/rtabmap_msgs/srv/detail/detect_more_loop_closures__rosidl_typesupport_fastrtps_cpp.hpp\n'}
[5.520738] (rtabmap_msgs) StdoutLine: {'line': b'-- Up-to-date symlink: /workspaces/isaac_ros-dev/Development/ros2/install/rtabmap_msgs/include/rtabmap_msgs/rtabmap_msgs/srv/detail/get_map2__rosidl_typesupport_fastrtps_cpp.hpp\n'}
[5.520803] (rtabmap_msgs) StdoutLine: {'line': b'-- Up-to-date symlink: /workspaces/isaac_ros-dev/Development/ros2/install/rtabmap_msgs/include/rtabmap_msgs/rtabmap_msgs/srv/detail/get_map__rosidl_typesupport_fastrtps_cpp.hpp\n'}
[5.520867] (rtabmap_msgs) StdoutLine: {'line': b'-- Up-to-date symlink: /workspaces/isaac_ros-dev/Development/ros2/install/rtabmap_msgs/include/rtabmap_msgs/rtabmap_msgs/srv/detail/get_node_data__rosidl_typesupport_fastrtps_cpp.hpp\n'}
[5.520932] (rtabmap_msgs) StdoutLine: {'line': b'-- Up-to-date symlink: /workspaces/isaac_ros-dev/Development/ros2/install/rtabmap_msgs/include/rtabmap_msgs/rtabmap_msgs/srv/detail/get_nodes_in_radius__rosidl_typesupport_fastrtps_cpp.hpp\n'}
[5.520999] (rtabmap_msgs) StdoutLine: {'line': b'-- Up-to-date symlink: /workspaces/isaac_ros-dev/Development/ros2/install/rtabmap_msgs/include/rtabmap_msgs/rtabmap_msgs/srv/detail/get_plan__rosidl_typesupport_fastrtps_cpp.hpp\n'}
[5.521062] (rtabmap_msgs) StdoutLine: {'line': b'-- Up-to-date symlink: /workspaces/isaac_ros-dev/Development/ros2/install/rtabmap_msgs/include/rtabmap_msgs/rtabmap_msgs/srv/detail/global_bundle_adjustment__rosidl_typesupport_fastrtps_cpp.hpp\n'}
[5.521139] (rtabmap_msgs) StdoutLine: {'line': b'-- Up-to-date symlink: /workspaces/isaac_ros-dev/Development/ros2/install/rtabmap_msgs/include/rtabmap_msgs/rtabmap_msgs/srv/detail/list_labels__rosidl_typesupport_fastrtps_cpp.hpp\n'}
[5.521205] (rtabmap_msgs) StdoutLine: {'line': b'-- Up-to-date symlink: /workspaces/isaac_ros-dev/Development/ros2/install/rtabmap_msgs/include/rtabmap_msgs/rtabmap_msgs/srv/detail/load_database__rosidl_typesupport_fastrtps_cpp.hpp\n'}
[5.521268] (rtabmap_msgs) StdoutLine: {'line': b'-- Up-to-date symlink: /workspaces/isaac_ros-dev/Development/ros2/install/rtabmap_msgs/include/rtabmap_msgs/rtabmap_msgs/srv/detail/publish_map__rosidl_typesupport_fastrtps_cpp.hpp\n'}
[5.521333] (rtabmap_msgs) StdoutLine: {'line': b'-- Up-to-date symlink: /workspaces/isaac_ros-dev/Development/ros2/install/rtabmap_msgs/include/rtabmap_msgs/rtabmap_msgs/srv/detail/remove_label__rosidl_typesupport_fastrtps_cpp.hpp\n'}
[5.521397] (rtabmap_msgs) StdoutLine: {'line': b'-- Up-to-date symlink: /workspaces/isaac_ros-dev/Development/ros2/install/rtabmap_msgs/include/rtabmap_msgs/rtabmap_msgs/srv/detail/reset_pose__rosidl_typesupport_fastrtps_cpp.hpp\n'}
[5.521461] (rtabmap_msgs) StdoutLine: {'line': b'-- Up-to-date symlink: /workspaces/isaac_ros-dev/Development/ros2/install/rtabmap_msgs/include/rtabmap_msgs/rtabmap_msgs/srv/detail/set_goal__rosidl_typesupport_fastrtps_cpp.hpp\n'}
[5.521532] (rtabmap_msgs) StdoutLine: {'line': b'-- Up-to-date symlink: /workspaces/isaac_ros-dev/Development/ros2/install/rtabmap_msgs/include/rtabmap_msgs/rtabmap_msgs/srv/detail/set_label__rosidl_typesupport_fastrtps_cpp.hpp\n'}
[5.521601] (rtabmap_msgs) StdoutLine: {'line': b'-- Up-to-date symlink: /workspaces/isaac_ros-dev/Development/ros2/install/rtabmap_msgs/include/rtabmap_msgs/rtabmap_msgs/msg/detail/camera_model__rosidl_typesupport_introspection_cpp.hpp\n'}
[5.521670] (rtabmap_msgs) StdoutLine: {'line': b'-- Up-to-date symlink: /workspaces/isaac_ros-dev/Development/ros2/install/rtabmap_msgs/include/rtabmap_msgs/rtabmap_msgs/msg/detail/camera_models__rosidl_typesupport_introspection_cpp.hpp\n'}
[5.521736] (rtabmap_msgs) StdoutLine: {'line': b'-- Up-to-date symlink: /workspaces/isaac_ros-dev/Development/ros2/install/rtabmap_msgs/include/rtabmap_msgs/rtabmap_msgs/msg/detail/env_sensor__rosidl_typesupport_introspection_cpp.hpp\n'}
[5.521804] (-) TimerEvent: {}
[5.522081] (rtabmap_msgs) StdoutLine: {'line': b'-- Up-to-date symlink: /workspaces/isaac_ros-dev/Development/ros2/install/rtabmap_msgs/include/rtabmap_msgs/rtabmap_msgs/msg/detail/global_descriptor__rosidl_typesupport_introspection_cpp.hpp\n'}
[5.522189] (rtabmap_msgs) StdoutLine: {'line': b'-- Up-to-date symlink: /workspaces/isaac_ros-dev/Development/ros2/install/rtabmap_msgs/include/rtabmap_msgs/rtabmap_msgs/msg/detail/goal__rosidl_typesupport_introspection_cpp.hpp\n'}
[5.522261] (rtabmap_msgs) StdoutLine: {'line': b'-- Up-to-date symlink: /workspaces/isaac_ros-dev/Development/ros2/install/rtabmap_msgs/include/rtabmap_msgs/rtabmap_msgs/msg/detail/gps__rosidl_typesupport_introspection_cpp.hpp\n'}
[5.522326] (rtabmap_msgs) StdoutLine: {'line': b'-- Up-to-date symlink: /workspaces/isaac_ros-dev/Development/ros2/install/rtabmap_msgs/include/rtabmap_msgs/rtabmap_msgs/msg/detail/info__rosidl_typesupport_introspection_cpp.hpp\n'}
[5.522391] (rtabmap_msgs) StdoutLine: {'line': b'-- Up-to-date symlink: /workspaces/isaac_ros-dev/Development/ros2/install/rtabmap_msgs/include/rtabmap_msgs/rtabmap_msgs/msg/detail/key_point__rosidl_typesupport_introspection_cpp.hpp\n'}
[5.522469] (rtabmap_msgs) StdoutLine: {'line': b'-- Up-to-date symlink: /workspaces/isaac_ros-dev/Development/ros2/install/rtabmap_msgs/include/rtabmap_msgs/rtabmap_msgs/msg/detail/landmark_detection__rosidl_typesupport_introspection_cpp.hpp\n'}
[5.522540] (rtabmap_msgs) StdoutLine: {'line': b'-- Up-to-date symlink: /workspaces/isaac_ros-dev/Development/ros2/install/rtabmap_msgs/include/rtabmap_msgs/rtabmap_msgs/msg/detail/landmark_detections__rosidl_typesupport_introspection_cpp.hpp\n'}
[5.522607] (rtabmap_msgs) StdoutLine: {'line': b'-- Up-to-date symlink: /workspaces/isaac_ros-dev/Development/ros2/install/rtabmap_msgs/include/rtabmap_msgs/rtabmap_msgs/msg/detail/link__rosidl_typesupport_introspection_cpp.hpp\n'}
[5.522673] (rtabmap_msgs) StdoutLine: {'line': b'-- Up-to-date symlink: /workspaces/isaac_ros-dev/Development/ros2/install/rtabmap_msgs/include/rtabmap_msgs/rtabmap_msgs/msg/detail/map_data__rosidl_typesupport_introspection_cpp.hpp\n'}
[5.522739] (rtabmap_msgs) StdoutLine: {'line': b'-- Up-to-date symlink: /workspaces/isaac_ros-dev/Development/ros2/install/rtabmap_msgs/include/rtabmap_msgs/rtabmap_msgs/msg/detail/map_graph__rosidl_typesupport_introspection_cpp.hpp\n'}
[5.522802] (rtabmap_msgs) StdoutLine: {'line': b'-- Up-to-date symlink: /workspaces/isaac_ros-dev/Development/ros2/install/rtabmap_msgs/include/rtabmap_msgs/rtabmap_msgs/msg/detail/node__rosidl_typesupport_introspection_cpp.hpp\n'}
[5.522868] (rtabmap_msgs) StdoutLine: {'line': b'-- Up-to-date symlink: /workspaces/isaac_ros-dev/Development/ros2/install/rtabmap_msgs/include/rtabmap_msgs/rtabmap_msgs/msg/detail/odom_info__rosidl_typesupport_introspection_cpp.hpp\n'}
[5.522938] (rtabmap_msgs) StdoutLine: {'line': b'-- Up-to-date symlink: /workspaces/isaac_ros-dev/Development/ros2/install/rtabmap_msgs/include/rtabmap_msgs/rtabmap_msgs/msg/detail/path__rosidl_typesupport_introspection_cpp.hpp\n'}
[5.523033] (rtabmap_msgs) StdoutLine: {'line': b'-- Up-to-date symlink: /workspaces/isaac_ros-dev/Development/ros2/install/rtabmap_msgs/include/rtabmap_msgs/rtabmap_msgs/msg/detail/point2f__rosidl_typesupport_introspection_cpp.hpp\n'}
[5.526279] (rtabmap_msgs) StdoutLine: {'line': b'-- Up-to-date symlink: /workspaces/isaac_ros-dev/Development/ros2/install/rtabmap_msgs/include/rtabmap_msgs/rtabmap_msgs/msg/detail/point3f__rosidl_typesupport_introspection_cpp.hpp\n'}
[5.526463] (rtabmap_msgs) StdoutLine: {'line': b'-- Up-to-date symlink: /workspaces/isaac_ros-dev/Development/ros2/install/rtabmap_msgs/include/rtabmap_msgs/rtabmap_msgs/msg/detail/rgbd_image__rosidl_typesupport_introspection_cpp.hpp\n'}
[5.526537] (rtabmap_msgs) StdoutLine: {'line': b'-- Up-to-date symlink: /workspaces/isaac_ros-dev/Development/ros2/install/rtabmap_msgs/include/rtabmap_msgs/rtabmap_msgs/msg/detail/rgbd_images__rosidl_typesupport_introspection_cpp.hpp\n'}
[5.526602] (rtabmap_msgs) StdoutLine: {'line': b'-- Up-to-date symlink: /workspaces/isaac_ros-dev/Development/ros2/install/rtabmap_msgs/include/rtabmap_msgs/rtabmap_msgs/msg/detail/scan_descriptor__rosidl_typesupport_introspection_cpp.hpp\n'}
[5.526669] (rtabmap_msgs) StdoutLine: {'line': b'-- Up-to-date symlink: /workspaces/isaac_ros-dev/Development/ros2/install/rtabmap_msgs/include/rtabmap_msgs/rtabmap_msgs/msg/detail/sensor_data__rosidl_typesupport_introspection_cpp.hpp\n'}
[5.526746] (rtabmap_msgs) StdoutLine: {'line': b'-- Up-to-date symlink: /workspaces/isaac_ros-dev/Development/ros2/install/rtabmap_msgs/include/rtabmap_msgs/rtabmap_msgs/msg/detail/user_data__rosidl_typesupport_introspection_cpp.hpp\n'}
[5.526810] (rtabmap_msgs) StdoutLine: {'line': b'-- Up-to-date symlink: /workspaces/isaac_ros-dev/Development/ros2/install/rtabmap_msgs/include/rtabmap_msgs/rtabmap_msgs/srv/detail/add_link__rosidl_typesupport_introspection_cpp.hpp\n'}
[5.526878] (rtabmap_msgs) StdoutLine: {'line': b'-- Up-to-date symlink: /workspaces/isaac_ros-dev/Development/ros2/install/rtabmap_msgs/include/rtabmap_msgs/rtabmap_msgs/srv/detail/cleanup_local_grids__rosidl_typesupport_introspection_cpp.hpp\n'}
[5.526947] (rtabmap_msgs) StdoutLine: {'line': b'-- Up-to-date symlink: /workspaces/isaac_ros-dev/Development/ros2/install/rtabmap_msgs/include/rtabmap_msgs/rtabmap_msgs/srv/detail/detect_more_loop_closures__rosidl_typesupport_introspection_cpp.hpp\n'}
[5.527012] (rtabmap_msgs) StdoutLine: {'line': b'-- Up-to-date symlink: /workspaces/isaac_ros-dev/Development/ros2/install/rtabmap_msgs/include/rtabmap_msgs/rtabmap_msgs/srv/detail/get_map2__rosidl_typesupport_introspection_cpp.hpp\n'}
[5.527077] (rtabmap_msgs) StdoutLine: {'line': b'-- Up-to-date symlink: /workspaces/isaac_ros-dev/Development/ros2/install/rtabmap_msgs/include/rtabmap_msgs/rtabmap_msgs/srv/detail/get_map__rosidl_typesupport_introspection_cpp.hpp\n'}
[5.527153] (rtabmap_msgs) StdoutLine: {'line': b'-- Up-to-date symlink: /workspaces/isaac_ros-dev/Development/ros2/install/rtabmap_msgs/include/rtabmap_msgs/rtabmap_msgs/srv/detail/get_node_data__rosidl_typesupport_introspection_cpp.hpp\n'}
[5.527224] (rtabmap_msgs) StdoutLine: {'line': b'-- Up-to-date symlink: /workspaces/isaac_ros-dev/Development/ros2/install/rtabmap_msgs/include/rtabmap_msgs/rtabmap_msgs/srv/detail/get_nodes_in_radius__rosidl_typesupport_introspection_cpp.hpp\n'}
[5.527293] (rtabmap_msgs) StdoutLine: {'line': b'-- Up-to-date symlink: /workspaces/isaac_ros-dev/Development/ros2/install/rtabmap_msgs/include/rtabmap_msgs/rtabmap_msgs/srv/detail/get_plan__rosidl_typesupport_introspection_cpp.hpp\n'}
[5.527360] (rtabmap_msgs) StdoutLine: {'line': b'-- Up-to-date symlink: /workspaces/isaac_ros-dev/Development/ros2/install/rtabmap_msgs/include/rtabmap_msgs/rtabmap_msgs/srv/detail/global_bundle_adjustment__rosidl_typesupport_introspection_cpp.hpp\n'}
[5.527426] (rtabmap_msgs) StdoutLine: {'line': b'-- Up-to-date symlink: /workspaces/isaac_ros-dev/Development/ros2/install/rtabmap_msgs/include/rtabmap_msgs/rtabmap_msgs/srv/detail/list_labels__rosidl_typesupport_introspection_cpp.hpp\n'}
[5.527495] (rtabmap_msgs) StdoutLine: {'line': b'-- Up-to-date symlink: /workspaces/isaac_ros-dev/Development/ros2/install/rtabmap_msgs/include/rtabmap_msgs/rtabmap_msgs/srv/detail/load_database__rosidl_typesupport_introspection_cpp.hpp\n'}
[5.527560] (rtabmap_msgs) StdoutLine: {'line': b'-- Up-to-date symlink: /workspaces/isaac_ros-dev/Development/ros2/install/rtabmap_msgs/include/rtabmap_msgs/rtabmap_msgs/srv/detail/publish_map__rosidl_typesupport_introspection_cpp.hpp\n'}
[5.527634] (rtabmap_msgs) StdoutLine: {'line': b'-- Up-to-date symlink: /workspaces/isaac_ros-dev/Development/ros2/install/rtabmap_msgs/include/rtabmap_msgs/rtabmap_msgs/srv/detail/remove_label__rosidl_typesupport_introspection_cpp.hpp\n'}
[5.527697] (rtabmap_msgs) StdoutLine: {'line': b'-- Up-to-date symlink: /workspaces/isaac_ros-dev/Development/ros2/install/rtabmap_msgs/include/rtabmap_msgs/rtabmap_msgs/srv/detail/reset_pose__rosidl_typesupport_introspection_cpp.hpp\n'}
[5.527762] (rtabmap_msgs) StdoutLine: {'line': b'-- Up-to-date symlink: /workspaces/isaac_ros-dev/Development/ros2/install/rtabmap_msgs/include/rtabmap_msgs/rtabmap_msgs/srv/detail/set_goal__rosidl_typesupport_introspection_cpp.hpp\n'}
[5.527830] (rtabmap_msgs) StdoutLine: {'line': b'-- Up-to-date symlink: /workspaces/isaac_ros-dev/Development/ros2/install/rtabmap_msgs/include/rtabmap_msgs/rtabmap_msgs/srv/detail/set_label__rosidl_typesupport_introspection_cpp.hpp\n'}
[5.527894] (rtabmap_msgs) StdoutLine: {'line': b'-- Up-to-date symlink: /workspaces/isaac_ros-dev/Development/ros2/install/rtabmap_msgs/share/rtabmap_msgs/environment/pythonpath.sh\n'}
[5.527962] (rtabmap_msgs) StdoutLine: {'line': b'-- Up-to-date symlink: /workspaces/isaac_ros-dev/Development/ros2/install/rtabmap_msgs/share/rtabmap_msgs/environment/pythonpath.dsv\n'}
[5.528031] (rtabmap_msgs) StdoutLine: {'line': b'-- Up-to-date symlink: /workspaces/isaac_ros-dev/Development/ros2/install/rtabmap_msgs/lib/python3.8/site-packages/rtabmap_msgs-0.22.1-py3.8.egg-info/PKG-INFO\n'}
[5.528102] (rtabmap_msgs) StdoutLine: {'line': b'-- Up-to-date symlink: /workspaces/isaac_ros-dev/Development/ros2/install/rtabmap_msgs/lib/python3.8/site-packages/rtabmap_msgs-0.22.1-py3.8.egg-info/SOURCES.txt\n'}
[5.528170] (rtabmap_msgs) StdoutLine: {'line': b'-- Up-to-date symlink: /workspaces/isaac_ros-dev/Development/ros2/install/rtabmap_msgs/lib/python3.8/site-packages/rtabmap_msgs-0.22.1-py3.8.egg-info/dependency_links.txt\n'}
[5.528235] (rtabmap_msgs) StdoutLine: {'line': b'-- Up-to-date symlink: /workspaces/isaac_ros-dev/Development/ros2/install/rtabmap_msgs/lib/python3.8/site-packages/rtabmap_msgs-0.22.1-py3.8.egg-info/top_level.txt\n'}
[5.528311] (rtabmap_msgs) StdoutLine: {'line': b'-- Up-to-date symlink: /workspaces/isaac_ros-dev/Development/ros2/install/rtabmap_msgs/lib/python3.8/site-packages/rtabmap_msgs/__init__.py\n'}
[5.528380] (rtabmap_msgs) StdoutLine: {'line': b'-- Up-to-date symlink: /workspaces/isaac_ros-dev/Development/ros2/install/rtabmap_msgs/lib/python3.8/site-packages/rtabmap_msgs/_rtabmap_msgs_s.ep.rosidl_typesupport_c.c\n'}
[5.528447] (rtabmap_msgs) StdoutLine: {'line': b'-- Up-to-date symlink: /workspaces/isaac_ros-dev/Development/ros2/install/rtabmap_msgs/lib/python3.8/site-packages/rtabmap_msgs/_rtabmap_msgs_s.ep.rosidl_typesupport_fastrtps_c.c\n'}
[5.528515] (rtabmap_msgs) StdoutLine: {'line': b'-- Up-to-date symlink: /workspaces/isaac_ros-dev/Development/ros2/install/rtabmap_msgs/lib/python3.8/site-packages/rtabmap_msgs/_rtabmap_msgs_s.ep.rosidl_typesupport_introspection_c.c\n'}
[5.528579] (rtabmap_msgs) StdoutLine: {'line': b'-- Up-to-date symlink: /workspaces/isaac_ros-dev/Development/ros2/install/rtabmap_msgs/lib/python3.8/site-packages/rtabmap_msgs/librtabmap_msgs__rosidl_generator_py.so\n'}
[5.528643] (rtabmap_msgs) StdoutLine: {'line': b'-- Up-to-date symlink: /workspaces/isaac_ros-dev/Development/ros2/install/rtabmap_msgs/lib/python3.8/site-packages/rtabmap_msgs/msg/__init__.py\n'}
[5.528706] (rtabmap_msgs) StdoutLine: {'line': b'-- Up-to-date symlink: /workspaces/isaac_ros-dev/Development/ros2/install/rtabmap_msgs/lib/python3.8/site-packages/rtabmap_msgs/msg/_camera_model.py\n'}
[5.528776] (rtabmap_msgs) StdoutLine: {'line': b'-- Up-to-date symlink: /workspaces/isaac_ros-dev/Development/ros2/install/rtabmap_msgs/lib/python3.8/site-packages/rtabmap_msgs/msg/_camera_model_s.c\n'}
[5.528839] (rtabmap_msgs) StdoutLine: {'line': b'-- Up-to-date symlink: /workspaces/isaac_ros-dev/Development/ros2/install/rtabmap_msgs/lib/python3.8/site-packages/rtabmap_msgs/msg/_camera_models.py\n'}
[5.528908] (rtabmap_msgs) StdoutLine: {'line': b'-- Up-to-date symlink: /workspaces/isaac_ros-dev/Development/ros2/install/rtabmap_msgs/lib/python3.8/site-packages/rtabmap_msgs/msg/_camera_models_s.c\n'}
[5.528973] (rtabmap_msgs) StdoutLine: {'line': b'-- Up-to-date symlink: /workspaces/isaac_ros-dev/Development/ros2/install/rtabmap_msgs/lib/python3.8/site-packages/rtabmap_msgs/msg/_env_sensor.py\n'}
[5.529037] (rtabmap_msgs) StdoutLine: {'line': b'-- Up-to-date symlink: /workspaces/isaac_ros-dev/Development/ros2/install/rtabmap_msgs/lib/python3.8/site-packages/rtabmap_msgs/msg/_env_sensor_s.c\n'}
[5.532273] (rtabmap_msgs) StdoutLine: {'line': b'-- Up-to-date symlink: /workspaces/isaac_ros-dev/Development/ros2/install/rtabmap_msgs/lib/python3.8/site-packages/rtabmap_msgs/msg/_global_descriptor.py\n'}
[5.532397] (rtabmap_msgs) StdoutLine: {'line': b'-- Up-to-date symlink: /workspaces/isaac_ros-dev/Development/ros2/install/rtabmap_msgs/lib/python3.8/site-packages/rtabmap_msgs/msg/_global_descriptor_s.c\n'}
[5.532463] (rtabmap_msgs) StdoutLine: {'line': b'-- Up-to-date symlink: /workspaces/isaac_ros-dev/Development/ros2/install/rtabmap_msgs/lib/python3.8/site-packages/rtabmap_msgs/msg/_goal.py\n'}
[5.532527] (rtabmap_msgs) StdoutLine: {'line': b'-- Up-to-date symlink: /workspaces/isaac_ros-dev/Development/ros2/install/rtabmap_msgs/lib/python3.8/site-packages/rtabmap_msgs/msg/_goal_s.c\n'}
[5.532589] (rtabmap_msgs) StdoutLine: {'line': b'-- Up-to-date symlink: /workspaces/isaac_ros-dev/Development/ros2/install/rtabmap_msgs/lib/python3.8/site-packages/rtabmap_msgs/msg/_gps.py\n'}
[5.532652] (rtabmap_msgs) StdoutLine: {'line': b'-- Up-to-date symlink: /workspaces/isaac_ros-dev/Development/ros2/install/rtabmap_msgs/lib/python3.8/site-packages/rtabmap_msgs/msg/_gps_s.c\n'}
[5.532716] (rtabmap_msgs) StdoutLine: {'line': b'-- Up-to-date symlink: /workspaces/isaac_ros-dev/Development/ros2/install/rtabmap_msgs/lib/python3.8/site-packages/rtabmap_msgs/msg/_info.py\n'}
[5.532782] (rtabmap_msgs) StdoutLine: {'line': b'-- Up-to-date symlink: /workspaces/isaac_ros-dev/Development/ros2/install/rtabmap_msgs/lib/python3.8/site-packages/rtabmap_msgs/msg/_info_s.c\n'}
[5.532850] (rtabmap_msgs) StdoutLine: {'line': b'-- Up-to-date symlink: /workspaces/isaac_ros-dev/Development/ros2/install/rtabmap_msgs/lib/python3.8/site-packages/rtabmap_msgs/msg/_key_point.py\n'}
[5.532915] (rtabmap_msgs) StdoutLine: {'line': b'-- Up-to-date symlink: /workspaces/isaac_ros-dev/Development/ros2/install/rtabmap_msgs/lib/python3.8/site-packages/rtabmap_msgs/msg/_key_point_s.c\n'}
[5.532977] (rtabmap_msgs) StdoutLine: {'line': b'-- Up-to-date symlink: /workspaces/isaac_ros-dev/Development/ros2/install/rtabmap_msgs/lib/python3.8/site-packages/rtabmap_msgs/msg/_landmark_detection.py\n'}
[5.533046] (rtabmap_msgs) StdoutLine: {'line': b'-- Up-to-date symlink: /workspaces/isaac_ros-dev/Development/ros2/install/rtabmap_msgs/lib/python3.8/site-packages/rtabmap_msgs/msg/_landmark_detection_s.c\n'}
[5.533118] (rtabmap_msgs) StdoutLine: {'line': b'-- Up-to-date symlink: /workspaces/isaac_ros-dev/Development/ros2/install/rtabmap_msgs/lib/python3.8/site-packages/rtabmap_msgs/msg/_landmark_detections.py\n'}
[5.533184] (rtabmap_msgs) StdoutLine: {'line': b'-- Up-to-date symlink: /workspaces/isaac_ros-dev/Development/ros2/install/rtabmap_msgs/lib/python3.8/site-packages/rtabmap_msgs/msg/_landmark_detections_s.c\n'}
[5.533268] (rtabmap_msgs) StdoutLine: {'line': b'-- Up-to-date symlink: /workspaces/isaac_ros-dev/Development/ros2/install/rtabmap_msgs/lib/python3.8/site-packages/rtabmap_msgs/msg/_link.py\n'}
[5.533341] (rtabmap_msgs) StdoutLine: {'line': b'-- Up-to-date symlink: /workspaces/isaac_ros-dev/Development/ros2/install/rtabmap_msgs/lib/python3.8/site-packages/rtabmap_msgs/msg/_link_s.c\n'}
[5.533407] (rtabmap_msgs) StdoutLine: {'line': b'-- Up-to-date symlink: /workspaces/isaac_ros-dev/Development/ros2/install/rtabmap_msgs/lib/python3.8/site-packages/rtabmap_msgs/msg/_map_data.py\n'}
[5.533477] (rtabmap_msgs) StdoutLine: {'line': b'-- Up-to-date symlink: /workspaces/isaac_ros-dev/Development/ros2/install/rtabmap_msgs/lib/python3.8/site-packages/rtabmap_msgs/msg/_map_data_s.c\n'}
[5.533549] (rtabmap_msgs) StdoutLine: {'line': b'-- Up-to-date symlink: /workspaces/isaac_ros-dev/Development/ros2/install/rtabmap_msgs/lib/python3.8/site-packages/rtabmap_msgs/msg/_map_graph.py\n'}
[5.533614] (rtabmap_msgs) StdoutLine: {'line': b'-- Up-to-date symlink: /workspaces/isaac_ros-dev/Development/ros2/install/rtabmap_msgs/lib/python3.8/site-packages/rtabmap_msgs/msg/_map_graph_s.c\n'}
[5.533677] (rtabmap_msgs) StdoutLine: {'line': b'-- Up-to-date symlink: /workspaces/isaac_ros-dev/Development/ros2/install/rtabmap_msgs/lib/python3.8/site-packages/rtabmap_msgs/msg/_node.py\n'}
[5.533748] (rtabmap_msgs) StdoutLine: {'line': b'-- Up-to-date symlink: /workspaces/isaac_ros-dev/Development/ros2/install/rtabmap_msgs/lib/python3.8/site-packages/rtabmap_msgs/msg/_node_s.c\n'}
[5.533812] (rtabmap_msgs) StdoutLine: {'line': b'-- Up-to-date symlink: /workspaces/isaac_ros-dev/Development/ros2/install/rtabmap_msgs/lib/python3.8/site-packages/rtabmap_msgs/msg/_odom_info.py\n'}
[5.533874] (rtabmap_msgs) StdoutLine: {'line': b'-- Up-to-date symlink: /workspaces/isaac_ros-dev/Development/ros2/install/rtabmap_msgs/lib/python3.8/site-packages/rtabmap_msgs/msg/_odom_info_s.c\n'}
[5.533941] (rtabmap_msgs) StdoutLine: {'line': b'-- Up-to-date symlink: /workspaces/isaac_ros-dev/Development/ros2/install/rtabmap_msgs/lib/python3.8/site-packages/rtabmap_msgs/msg/_path.py\n'}
[5.534005] (rtabmap_msgs) StdoutLine: {'line': b'-- Up-to-date symlink: /workspaces/isaac_ros-dev/Development/ros2/install/rtabmap_msgs/lib/python3.8/site-packages/rtabmap_msgs/msg/_path_s.c\n'}
[5.534072] (rtabmap_msgs) StdoutLine: {'line': b'-- Up-to-date symlink: /workspaces/isaac_ros-dev/Development/ros2/install/rtabmap_msgs/lib/python3.8/site-packages/rtabmap_msgs/msg/_point2f.py\n'}
[5.534143] (rtabmap_msgs) StdoutLine: {'line': b'-- Up-to-date symlink: /workspaces/isaac_ros-dev/Development/ros2/install/rtabmap_msgs/lib/python3.8/site-packages/rtabmap_msgs/msg/_point2f_s.c\n'}
[5.534208] (rtabmap_msgs) StdoutLine: {'line': b'-- Up-to-date symlink: /workspaces/isaac_ros-dev/Development/ros2/install/rtabmap_msgs/lib/python3.8/site-packages/rtabmap_msgs/msg/_point3f.py\n'}
[5.534275] (rtabmap_msgs) StdoutLine: {'line': b'-- Up-to-date symlink: /workspaces/isaac_ros-dev/Development/ros2/install/rtabmap_msgs/lib/python3.8/site-packages/rtabmap_msgs/msg/_point3f_s.c\n'}
[5.534341] (rtabmap_msgs) StdoutLine: {'line': b'-- Up-to-date symlink: /workspaces/isaac_ros-dev/Development/ros2/install/rtabmap_msgs/lib/python3.8/site-packages/rtabmap_msgs/msg/_rgbd_image.py\n'}
[5.534414] (rtabmap_msgs) StdoutLine: {'line': b'-- Up-to-date symlink: /workspaces/isaac_ros-dev/Development/ros2/install/rtabmap_msgs/lib/python3.8/site-packages/rtabmap_msgs/msg/_rgbd_image_s.c\n'}
[5.534482] (rtabmap_msgs) StdoutLine: {'line': b'-- Up-to-date symlink: /workspaces/isaac_ros-dev/Development/ros2/install/rtabmap_msgs/lib/python3.8/site-packages/rtabmap_msgs/msg/_rgbd_images.py\n'}
[5.534548] (rtabmap_msgs) StdoutLine: {'line': b'-- Up-to-date symlink: /workspaces/isaac_ros-dev/Development/ros2/install/rtabmap_msgs/lib/python3.8/site-packages/rtabmap_msgs/msg/_rgbd_images_s.c\n'}
[5.534614] (rtabmap_msgs) StdoutLine: {'line': b'-- Up-to-date symlink: /workspaces/isaac_ros-dev/Development/ros2/install/rtabmap_msgs/lib/python3.8/site-packages/rtabmap_msgs/msg/_scan_descriptor.py\n'}
[5.534690] (rtabmap_msgs) StdoutLine: {'line': b'-- Up-to-date symlink: /workspaces/isaac_ros-dev/Development/ros2/install/rtabmap_msgs/lib/python3.8/site-packages/rtabmap_msgs/msg/_scan_descriptor_s.c\n'}
[5.534753] (rtabmap_msgs) StdoutLine: {'line': b'-- Up-to-date symlink: /workspaces/isaac_ros-dev/Development/ros2/install/rtabmap_msgs/lib/python3.8/site-packages/rtabmap_msgs/msg/_sensor_data.py\n'}
[5.534817] (rtabmap_msgs) StdoutLine: {'line': b'-- Up-to-date symlink: /workspaces/isaac_ros-dev/Development/ros2/install/rtabmap_msgs/lib/python3.8/site-packages/rtabmap_msgs/msg/_sensor_data_s.c\n'}
[5.534892] (rtabmap_msgs) StdoutLine: {'line': b'-- Up-to-date symlink: /workspaces/isaac_ros-dev/Development/ros2/install/rtabmap_msgs/lib/python3.8/site-packages/rtabmap_msgs/msg/_user_data.py\n'}
[5.534955] (rtabmap_msgs) StdoutLine: {'line': b'-- Up-to-date symlink: /workspaces/isaac_ros-dev/Development/ros2/install/rtabmap_msgs/lib/python3.8/site-packages/rtabmap_msgs/msg/_user_data_s.c\n'}
[5.535022] (rtabmap_msgs) StdoutLine: {'line': b'-- Up-to-date symlink: /workspaces/isaac_ros-dev/Development/ros2/install/rtabmap_msgs/lib/python3.8/site-packages/rtabmap_msgs/rtabmap_msgs_s__rosidl_typesupport_c.cpython-38-x86_64-linux-gnu.so\n'}
[5.538158] (rtabmap_msgs) StdoutLine: {'line': b'-- Up-to-date symlink: /workspaces/isaac_ros-dev/Development/ros2/install/rtabmap_msgs/lib/python3.8/site-packages/rtabmap_msgs/rtabmap_msgs_s__rosidl_typesupport_fastrtps_c.cpython-38-x86_64-linux-gnu.so\n'}
[5.538351] (rtabmap_msgs) StdoutLine: {'line': b'-- Up-to-date symlink: /workspaces/isaac_ros-dev/Development/ros2/install/rtabmap_msgs/lib/python3.8/site-packages/rtabmap_msgs/rtabmap_msgs_s__rosidl_typesupport_introspection_c.cpython-38-x86_64-linux-gnu.so\n'}
[5.538425] (rtabmap_msgs) StdoutLine: {'line': b'-- Up-to-date symlink: /workspaces/isaac_ros-dev/Development/ros2/install/rtabmap_msgs/lib/python3.8/site-packages/rtabmap_msgs/srv/__init__.py\n'}
[5.538488] (rtabmap_msgs) StdoutLine: {'line': b'-- Up-to-date symlink: /workspaces/isaac_ros-dev/Development/ros2/install/rtabmap_msgs/lib/python3.8/site-packages/rtabmap_msgs/srv/_add_link.py\n'}
[5.538551] (rtabmap_msgs) StdoutLine: {'line': b'-- Up-to-date symlink: /workspaces/isaac_ros-dev/Development/ros2/install/rtabmap_msgs/lib/python3.8/site-packages/rtabmap_msgs/srv/_add_link_s.c\n'}
[5.538618] (rtabmap_msgs) StdoutLine: {'line': b'-- Up-to-date symlink: /workspaces/isaac_ros-dev/Development/ros2/install/rtabmap_msgs/lib/python3.8/site-packages/rtabmap_msgs/srv/_cleanup_local_grids.py\n'}
[5.538682] (rtabmap_msgs) StdoutLine: {'line': b'-- Up-to-date symlink: /workspaces/isaac_ros-dev/Development/ros2/install/rtabmap_msgs/lib/python3.8/site-packages/rtabmap_msgs/srv/_cleanup_local_grids_s.c\n'}
[5.538744] (rtabmap_msgs) StdoutLine: {'line': b'-- Up-to-date symlink: /workspaces/isaac_ros-dev/Development/ros2/install/rtabmap_msgs/lib/python3.8/site-packages/rtabmap_msgs/srv/_detect_more_loop_closures.py\n'}
[5.538807] (rtabmap_msgs) StdoutLine: {'line': b'-- Up-to-date symlink: /workspaces/isaac_ros-dev/Development/ros2/install/rtabmap_msgs/lib/python3.8/site-packages/rtabmap_msgs/srv/_detect_more_loop_closures_s.c\n'}
[5.538869] (rtabmap_msgs) StdoutLine: {'line': b'-- Up-to-date symlink: /workspaces/isaac_ros-dev/Development/ros2/install/rtabmap_msgs/lib/python3.8/site-packages/rtabmap_msgs/srv/_get_map.py\n'}
[5.538932] (rtabmap_msgs) StdoutLine: {'line': b'-- Up-to-date symlink: /workspaces/isaac_ros-dev/Development/ros2/install/rtabmap_msgs/lib/python3.8/site-packages/rtabmap_msgs/srv/_get_map2.py\n'}
[5.538995] (rtabmap_msgs) StdoutLine: {'line': b'-- Up-to-date symlink: /workspaces/isaac_ros-dev/Development/ros2/install/rtabmap_msgs/lib/python3.8/site-packages/rtabmap_msgs/srv/_get_map2_s.c\n'}
[5.539057] (rtabmap_msgs) StdoutLine: {'line': b'-- Up-to-date symlink: /workspaces/isaac_ros-dev/Development/ros2/install/rtabmap_msgs/lib/python3.8/site-packages/rtabmap_msgs/srv/_get_map_s.c\n'}
[5.539132] (rtabmap_msgs) StdoutLine: {'line': b'-- Up-to-date symlink: /workspaces/isaac_ros-dev/Development/ros2/install/rtabmap_msgs/lib/python3.8/site-packages/rtabmap_msgs/srv/_get_node_data.py\n'}
[5.539197] (rtabmap_msgs) StdoutLine: {'line': b'-- Up-to-date symlink: /workspaces/isaac_ros-dev/Development/ros2/install/rtabmap_msgs/lib/python3.8/site-packages/rtabmap_msgs/srv/_get_node_data_s.c\n'}
[5.539258] (rtabmap_msgs) StdoutLine: {'line': b'-- Up-to-date symlink: /workspaces/isaac_ros-dev/Development/ros2/install/rtabmap_msgs/lib/python3.8/site-packages/rtabmap_msgs/srv/_get_nodes_in_radius.py\n'}
[5.539320] (rtabmap_msgs) StdoutLine: {'line': b'-- Up-to-date symlink: /workspaces/isaac_ros-dev/Development/ros2/install/rtabmap_msgs/lib/python3.8/site-packages/rtabmap_msgs/srv/_get_nodes_in_radius_s.c\n'}
[5.539389] (rtabmap_msgs) StdoutLine: {'line': b'-- Up-to-date symlink: /workspaces/isaac_ros-dev/Development/ros2/install/rtabmap_msgs/lib/python3.8/site-packages/rtabmap_msgs/srv/_get_plan.py\n'}
[5.539451] (rtabmap_msgs) StdoutLine: {'line': b'-- Up-to-date symlink: /workspaces/isaac_ros-dev/Development/ros2/install/rtabmap_msgs/lib/python3.8/site-packages/rtabmap_msgs/srv/_get_plan_s.c\n'}
[5.539512] (rtabmap_msgs) StdoutLine: {'line': b'-- Up-to-date symlink: /workspaces/isaac_ros-dev/Development/ros2/install/rtabmap_msgs/lib/python3.8/site-packages/rtabmap_msgs/srv/_global_bundle_adjustment.py\n'}
[5.539574] (rtabmap_msgs) StdoutLine: {'line': b'-- Up-to-date symlink: /workspaces/isaac_ros-dev/Development/ros2/install/rtabmap_msgs/lib/python3.8/site-packages/rtabmap_msgs/srv/_global_bundle_adjustment_s.c\n'}
[5.539638] (rtabmap_msgs) StdoutLine: {'line': b'-- Up-to-date symlink: /workspaces/isaac_ros-dev/Development/ros2/install/rtabmap_msgs/lib/python3.8/site-packages/rtabmap_msgs/srv/_list_labels.py\n'}
[5.539704] (rtabmap_msgs) StdoutLine: {'line': b'-- Up-to-date symlink: /workspaces/isaac_ros-dev/Development/ros2/install/rtabmap_msgs/lib/python3.8/site-packages/rtabmap_msgs/srv/_list_labels_s.c\n'}
[5.539905] (rtabmap_msgs) StdoutLine: {'line': b'-- Up-to-date symlink: /workspaces/isaac_ros-dev/Development/ros2/install/rtabmap_msgs/lib/python3.8/site-packages/rtabmap_msgs/srv/_load_database.py\n'}
[5.540078] (rtabmap_msgs) StdoutLine: {'line': b'-- Up-to-date symlink: /workspaces/isaac_ros-dev/Development/ros2/install/rtabmap_msgs/lib/python3.8/site-packages/rtabmap_msgs/srv/_load_database_s.c\n'}
[5.540174] (rtabmap_msgs) StdoutLine: {'line': b'-- Up-to-date symlink: /workspaces/isaac_ros-dev/Development/ros2/install/rtabmap_msgs/lib/python3.8/site-packages/rtabmap_msgs/srv/_publish_map.py\n'}
[5.540252] (rtabmap_msgs) StdoutLine: {'line': b'-- Up-to-date symlink: /workspaces/isaac_ros-dev/Development/ros2/install/rtabmap_msgs/lib/python3.8/site-packages/rtabmap_msgs/srv/_publish_map_s.c\n'}
[5.540342] (rtabmap_msgs) StdoutLine: {'line': b'-- Up-to-date symlink: /workspaces/isaac_ros-dev/Development/ros2/install/rtabmap_msgs/lib/python3.8/site-packages/rtabmap_msgs/srv/_remove_label.py\n'}
[5.540419] (rtabmap_msgs) StdoutLine: {'line': b'-- Up-to-date symlink: /workspaces/isaac_ros-dev/Development/ros2/install/rtabmap_msgs/lib/python3.8/site-packages/rtabmap_msgs/srv/_remove_label_s.c\n'}
[5.540488] (rtabmap_msgs) StdoutLine: {'line': b'-- Up-to-date symlink: /workspaces/isaac_ros-dev/Development/ros2/install/rtabmap_msgs/lib/python3.8/site-packages/rtabmap_msgs/srv/_reset_pose.py\n'}
[5.540561] (rtabmap_msgs) StdoutLine: {'line': b'-- Up-to-date symlink: /workspaces/isaac_ros-dev/Development/ros2/install/rtabmap_msgs/lib/python3.8/site-packages/rtabmap_msgs/srv/_reset_pose_s.c\n'}
[5.540639] (rtabmap_msgs) StdoutLine: {'line': b'-- Up-to-date symlink: /workspaces/isaac_ros-dev/Development/ros2/install/rtabmap_msgs/lib/python3.8/site-packages/rtabmap_msgs/srv/_set_goal.py\n'}
[5.540707] (rtabmap_msgs) StdoutLine: {'line': b'-- Up-to-date symlink: /workspaces/isaac_ros-dev/Development/ros2/install/rtabmap_msgs/lib/python3.8/site-packages/rtabmap_msgs/srv/_set_goal_s.c\n'}
[5.540781] (rtabmap_msgs) StdoutLine: {'line': b'-- Up-to-date symlink: /workspaces/isaac_ros-dev/Development/ros2/install/rtabmap_msgs/lib/python3.8/site-packages/rtabmap_msgs/srv/_set_label.py\n'}
[5.540849] (rtabmap_msgs) StdoutLine: {'line': b'-- Up-to-date symlink: /workspaces/isaac_ros-dev/Development/ros2/install/rtabmap_msgs/lib/python3.8/site-packages/rtabmap_msgs/srv/_set_label_s.c\n'}
[5.540918] (rtabmap_msgs) StdoutLine: {'line': b'-- Up-to-date symlink: /workspaces/isaac_ros-dev/Development/ros2/install/rtabmap_msgs/lib/python3.8/site-packages/rtabmap_msgs/rtabmap_msgs_s__rosidl_typesupport_fastrtps_c.cpython-38-x86_64-linux-gnu.so\n'}
[5.540993] (rtabmap_msgs) StdoutLine: {'line': b'-- Up-to-date symlink: /workspaces/isaac_ros-dev/Development/ros2/install/rtabmap_msgs/lib/python3.8/site-packages/rtabmap_msgs/rtabmap_msgs_s__rosidl_typesupport_introspection_c.cpython-38-x86_64-linux-gnu.so\n'}
[5.541072] (rtabmap_msgs) StdoutLine: {'line': b'-- Up-to-date symlink: /workspaces/isaac_ros-dev/Development/ros2/install/rtabmap_msgs/lib/python3.8/site-packages/rtabmap_msgs/rtabmap_msgs_s__rosidl_typesupport_c.cpython-38-x86_64-linux-gnu.so\n'}
[5.544353] (rtabmap_msgs) StdoutLine: {'line': b'-- Up-to-date symlink: /workspaces/isaac_ros-dev/Development/ros2/install/rtabmap_msgs/share/rtabmap_msgs/msg/Info.idl\n'}
[5.544443] (rtabmap_msgs) StdoutLine: {'line': b'-- Up-to-date symlink: /workspaces/isaac_ros-dev/Development/ros2/install/rtabmap_msgs/share/rtabmap_msgs/msg/KeyPoint.idl\n'}
[5.544513] (rtabmap_msgs) StdoutLine: {'line': b'-- Up-to-date symlink: /workspaces/isaac_ros-dev/Development/ros2/install/rtabmap_msgs/share/rtabmap_msgs/msg/GlobalDescriptor.idl\n'}
[5.544584] (rtabmap_msgs) StdoutLine: {'line': b'-- Up-to-date symlink: /workspaces/isaac_ros-dev/Development/ros2/install/rtabmap_msgs/share/rtabmap_msgs/msg/ScanDescriptor.idl\n'}
[5.544653] (rtabmap_msgs) StdoutLine: {'line': b'-- Up-to-date symlink: /workspaces/isaac_ros-dev/Development/ros2/install/rtabmap_msgs/share/rtabmap_msgs/msg/MapData.idl\n'}
[5.544721] (rtabmap_msgs) StdoutLine: {'line': b'-- Up-to-date symlink: /workspaces/isaac_ros-dev/Development/ros2/install/rtabmap_msgs/share/rtabmap_msgs/msg/MapGraph.idl\n'}
[5.544791] (rtabmap_msgs) StdoutLine: {'line': b'-- Up-to-date symlink: /workspaces/isaac_ros-dev/Development/ros2/install/rtabmap_msgs/share/rtabmap_msgs/msg/Node.idl\n'}
[5.544859] (rtabmap_msgs) StdoutLine: {'line': b'-- Up-to-date symlink: /workspaces/isaac_ros-dev/Development/ros2/install/rtabmap_msgs/share/rtabmap_msgs/msg/SensorData.idl\n'}
[5.544928] (rtabmap_msgs) StdoutLine: {'line': b'-- Up-to-date symlink: /workspaces/isaac_ros-dev/Development/ros2/install/rtabmap_msgs/share/rtabmap_msgs/msg/Link.idl\n'}
[5.544997] (rtabmap_msgs) StdoutLine: {'line': b'-- Up-to-date symlink: /workspaces/isaac_ros-dev/Development/ros2/install/rtabmap_msgs/share/rtabmap_msgs/msg/LandmarkDetection.idl\n'}
[5.545067] (rtabmap_msgs) StdoutLine: {'line': b'-- Up-to-date symlink: /workspaces/isaac_ros-dev/Development/ros2/install/rtabmap_msgs/share/rtabmap_msgs/msg/LandmarkDetections.idl\n'}
[5.545144] (rtabmap_msgs) StdoutLine: {'line': b'-- Up-to-date symlink: /workspaces/isaac_ros-dev/Development/ros2/install/rtabmap_msgs/share/rtabmap_msgs/msg/OdomInfo.idl\n'}
[5.545218] (rtabmap_msgs) StdoutLine: {'line': b'-- Up-to-date symlink: /workspaces/isaac_ros-dev/Development/ros2/install/rtabmap_msgs/share/rtabmap_msgs/msg/Point2f.idl\n'}
[5.545289] (rtabmap_msgs) StdoutLine: {'line': b'-- Up-to-date symlink: /workspaces/isaac_ros-dev/Development/ros2/install/rtabmap_msgs/share/rtabmap_msgs/msg/Point3f.idl\n'}
[5.545356] (rtabmap_msgs) StdoutLine: {'line': b'-- Up-to-date symlink: /workspaces/isaac_ros-dev/Development/ros2/install/rtabmap_msgs/share/rtabmap_msgs/msg/Goal.idl\n'}
[5.545424] (rtabmap_msgs) StdoutLine: {'line': b'-- Up-to-date symlink: /workspaces/isaac_ros-dev/Development/ros2/install/rtabmap_msgs/share/rtabmap_msgs/msg/RGBDImage.idl\n'}
[5.545491] (rtabmap_msgs) StdoutLine: {'line': b'-- Up-to-date symlink: /workspaces/isaac_ros-dev/Development/ros2/install/rtabmap_msgs/share/rtabmap_msgs/msg/RGBDImages.idl\n'}
[5.545560] (rtabmap_msgs) StdoutLine: {'line': b'-- Up-to-date symlink: /workspaces/isaac_ros-dev/Development/ros2/install/rtabmap_msgs/share/rtabmap_msgs/msg/UserData.idl\n'}
[5.545628] (rtabmap_msgs) StdoutLine: {'line': b'-- Up-to-date symlink: /workspaces/isaac_ros-dev/Development/ros2/install/rtabmap_msgs/share/rtabmap_msgs/msg/GPS.idl\n'}
[5.545711] (rtabmap_msgs) StdoutLine: {'line': b'-- Up-to-date symlink: /workspaces/isaac_ros-dev/Development/ros2/install/rtabmap_msgs/share/rtabmap_msgs/msg/Path.idl\n'}
[5.545793] (rtabmap_msgs) StdoutLine: {'line': b'-- Up-to-date symlink: /workspaces/isaac_ros-dev/Development/ros2/install/rtabmap_msgs/share/rtabmap_msgs/msg/EnvSensor.idl\n'}
[5.545870] (rtabmap_msgs) StdoutLine: {'line': b'-- Up-to-date symlink: /workspaces/isaac_ros-dev/Development/ros2/install/rtabmap_msgs/share/rtabmap_msgs/msg/CameraModel.idl\n'}
[5.545935] (rtabmap_msgs) StdoutLine: {'line': b'-- Up-to-date symlink: /workspaces/isaac_ros-dev/Development/ros2/install/rtabmap_msgs/share/rtabmap_msgs/msg/CameraModels.idl\n'}
[5.546000] (rtabmap_msgs) StdoutLine: {'line': b'-- Up-to-date symlink: /workspaces/isaac_ros-dev/Development/ros2/install/rtabmap_msgs/share/rtabmap_msgs/srv/GetMap.idl\n'}
[5.546067] (rtabmap_msgs) StdoutLine: {'line': b'-- Up-to-date symlink: /workspaces/isaac_ros-dev/Development/ros2/install/rtabmap_msgs/share/rtabmap_msgs/srv/GetMap2.idl\n'}
[5.546139] (rtabmap_msgs) StdoutLine: {'line': b'-- Up-to-date symlink: /workspaces/isaac_ros-dev/Development/ros2/install/rtabmap_msgs/share/rtabmap_msgs/srv/ListLabels.idl\n'}
[5.546207] (rtabmap_msgs) StdoutLine: {'line': b'-- Up-to-date symlink: /workspaces/isaac_ros-dev/Development/ros2/install/rtabmap_msgs/share/rtabmap_msgs/srv/PublishMap.idl\n'}
[5.546274] (rtabmap_msgs) StdoutLine: {'line': b'-- Up-to-date symlink: /workspaces/isaac_ros-dev/Development/ros2/install/rtabmap_msgs/share/rtabmap_msgs/srv/ResetPose.idl\n'}
[5.546352] (rtabmap_msgs) StdoutLine: {'line': b'-- Up-to-date symlink: /workspaces/isaac_ros-dev/Development/ros2/install/rtabmap_msgs/share/rtabmap_msgs/srv/SetGoal.idl\n'}
[5.546418] (rtabmap_msgs) StdoutLine: {'line': b'-- Up-to-date symlink: /workspaces/isaac_ros-dev/Development/ros2/install/rtabmap_msgs/share/rtabmap_msgs/srv/SetLabel.idl\n'}
[5.546483] (rtabmap_msgs) StdoutLine: {'line': b'-- Up-to-date symlink: /workspaces/isaac_ros-dev/Development/ros2/install/rtabmap_msgs/share/rtabmap_msgs/srv/RemoveLabel.idl\n'}
[5.546552] (rtabmap_msgs) StdoutLine: {'line': b'-- Up-to-date symlink: /workspaces/isaac_ros-dev/Development/ros2/install/rtabmap_msgs/share/rtabmap_msgs/srv/GetPlan.idl\n'}
[5.546619] (rtabmap_msgs) StdoutLine: {'line': b'-- Up-to-date symlink: /workspaces/isaac_ros-dev/Development/ros2/install/rtabmap_msgs/share/rtabmap_msgs/srv/AddLink.idl\n'}
[5.546685] (rtabmap_msgs) StdoutLine: {'line': b'-- Up-to-date symlink: /workspaces/isaac_ros-dev/Development/ros2/install/rtabmap_msgs/share/rtabmap_msgs/srv/GetNodeData.idl\n'}
[5.546750] (rtabmap_msgs) StdoutLine: {'line': b'-- Up-to-date symlink: /workspaces/isaac_ros-dev/Development/ros2/install/rtabmap_msgs/share/rtabmap_msgs/srv/GetNodesInRadius.idl\n'}
[5.546820] (rtabmap_msgs) StdoutLine: {'line': b'-- Up-to-date symlink: /workspaces/isaac_ros-dev/Development/ros2/install/rtabmap_msgs/share/rtabmap_msgs/srv/LoadDatabase.idl\n'}
[5.546886] (rtabmap_msgs) StdoutLine: {'line': b'-- Up-to-date symlink: /workspaces/isaac_ros-dev/Development/ros2/install/rtabmap_msgs/share/rtabmap_msgs/srv/DetectMoreLoopClosures.idl\n'}
[5.546955] (rtabmap_msgs) StdoutLine: {'line': b'-- Up-to-date symlink: /workspaces/isaac_ros-dev/Development/ros2/install/rtabmap_msgs/share/rtabmap_msgs/srv/GlobalBundleAdjustment.idl\n'}
[5.547022] (rtabmap_msgs) StdoutLine: {'line': b'-- Up-to-date symlink: /workspaces/isaac_ros-dev/Development/ros2/install/rtabmap_msgs/share/rtabmap_msgs/srv/CleanupLocalGrids.idl\n'}
[5.550150] (rtabmap_msgs) StdoutLine: {'line': b'-- Up-to-date symlink: /workspaces/isaac_ros-dev/Development/ros2/install/rtabmap_msgs/share/rtabmap_msgs/msg/Info.msg\n'}
[5.550379] (rtabmap_msgs) StdoutLine: {'line': b'-- Up-to-date symlink: /workspaces/isaac_ros-dev/Development/ros2/install/rtabmap_msgs/share/rtabmap_msgs/msg/KeyPoint.msg\n'}
[5.550454] (rtabmap_msgs) StdoutLine: {'line': b'-- Up-to-date symlink: /workspaces/isaac_ros-dev/Development/ros2/install/rtabmap_msgs/share/rtabmap_msgs/msg/GlobalDescriptor.msg\n'}
[5.550523] (rtabmap_msgs) StdoutLine: {'line': b'-- Up-to-date symlink: /workspaces/isaac_ros-dev/Development/ros2/install/rtabmap_msgs/share/rtabmap_msgs/msg/ScanDescriptor.msg\n'}
[5.550586] (rtabmap_msgs) StdoutLine: {'line': b'-- Up-to-date symlink: /workspaces/isaac_ros-dev/Development/ros2/install/rtabmap_msgs/share/rtabmap_msgs/msg/MapData.msg\n'}
[5.550672] (rtabmap_msgs) StdoutLine: {'line': b'-- Up-to-date symlink: /workspaces/isaac_ros-dev/Development/ros2/install/rtabmap_msgs/share/rtabmap_msgs/msg/MapGraph.msg\n'}
[5.550738] (rtabmap_msgs) StdoutLine: {'line': b'-- Up-to-date symlink: /workspaces/isaac_ros-dev/Development/ros2/install/rtabmap_msgs/share/rtabmap_msgs/msg/Node.msg\n'}
[5.550806] (rtabmap_msgs) StdoutLine: {'line': b'-- Up-to-date symlink: /workspaces/isaac_ros-dev/Development/ros2/install/rtabmap_msgs/share/rtabmap_msgs/msg/SensorData.msg\n'}
[5.550873] (rtabmap_msgs) StdoutLine: {'line': b'-- Up-to-date symlink: /workspaces/isaac_ros-dev/Development/ros2/install/rtabmap_msgs/share/rtabmap_msgs/msg/Link.msg\n'}
[5.550937] (rtabmap_msgs) StdoutLine: {'line': b'-- Up-to-date symlink: /workspaces/isaac_ros-dev/Development/ros2/install/rtabmap_msgs/share/rtabmap_msgs/msg/LandmarkDetection.msg\n'}
[5.551005] (rtabmap_msgs) StdoutLine: {'line': b'-- Up-to-date symlink: /workspaces/isaac_ros-dev/Development/ros2/install/rtabmap_msgs/share/rtabmap_msgs/msg/LandmarkDetections.msg\n'}
[5.551071] (rtabmap_msgs) StdoutLine: {'line': b'-- Up-to-date symlink: /workspaces/isaac_ros-dev/Development/ros2/install/rtabmap_msgs/share/rtabmap_msgs/msg/OdomInfo.msg\n'}
[5.551143] (rtabmap_msgs) StdoutLine: {'line': b'-- Up-to-date symlink: /workspaces/isaac_ros-dev/Development/ros2/install/rtabmap_msgs/share/rtabmap_msgs/msg/Point2f.msg\n'}
[5.551225] (rtabmap_msgs) StdoutLine: {'line': b'-- Up-to-date symlink: /workspaces/isaac_ros-dev/Development/ros2/install/rtabmap_msgs/share/rtabmap_msgs/msg/Point3f.msg\n'}
[5.551296] (rtabmap_msgs) StdoutLine: {'line': b'-- Up-to-date symlink: /workspaces/isaac_ros-dev/Development/ros2/install/rtabmap_msgs/share/rtabmap_msgs/msg/Goal.msg\n'}
[5.551365] (rtabmap_msgs) StdoutLine: {'line': b'-- Up-to-date symlink: /workspaces/isaac_ros-dev/Development/ros2/install/rtabmap_msgs/share/rtabmap_msgs/msg/RGBDImage.msg\n'}
[5.551430] (rtabmap_msgs) StdoutLine: {'line': b'-- Up-to-date symlink: /workspaces/isaac_ros-dev/Development/ros2/install/rtabmap_msgs/share/rtabmap_msgs/msg/RGBDImages.msg\n'}
[5.551493] (rtabmap_msgs) StdoutLine: {'line': b'-- Up-to-date symlink: /workspaces/isaac_ros-dev/Development/ros2/install/rtabmap_msgs/share/rtabmap_msgs/msg/UserData.msg\n'}
[5.551562] (rtabmap_msgs) StdoutLine: {'line': b'-- Up-to-date symlink: /workspaces/isaac_ros-dev/Development/ros2/install/rtabmap_msgs/share/rtabmap_msgs/msg/GPS.msg\n'}
[5.551625] (rtabmap_msgs) StdoutLine: {'line': b'-- Up-to-date symlink: /workspaces/isaac_ros-dev/Development/ros2/install/rtabmap_msgs/share/rtabmap_msgs/msg/Path.msg\n'}
[5.551691] (rtabmap_msgs) StdoutLine: {'line': b'-- Up-to-date symlink: /workspaces/isaac_ros-dev/Development/ros2/install/rtabmap_msgs/share/rtabmap_msgs/msg/EnvSensor.msg\n'}
[5.551756] (rtabmap_msgs) StdoutLine: {'line': b'-- Up-to-date symlink: /workspaces/isaac_ros-dev/Development/ros2/install/rtabmap_msgs/share/rtabmap_msgs/msg/CameraModel.msg\n'}
[5.551821] (rtabmap_msgs) StdoutLine: {'line': b'-- Up-to-date symlink: /workspaces/isaac_ros-dev/Development/ros2/install/rtabmap_msgs/share/rtabmap_msgs/msg/CameraModels.msg\n'}
[5.551888] (rtabmap_msgs) StdoutLine: {'line': b'-- Up-to-date symlink: /workspaces/isaac_ros-dev/Development/ros2/install/rtabmap_msgs/share/rtabmap_msgs/srv/GetMap.srv\n'}
[5.551950] (rtabmap_msgs) StdoutLine: {'line': b'-- Up-to-date symlink: /workspaces/isaac_ros-dev/Development/ros2/install/rtabmap_msgs/share/rtabmap_msgs/srv/GetMap_Request.msg\n'}
[5.552014] (rtabmap_msgs) StdoutLine: {'line': b'-- Up-to-date symlink: /workspaces/isaac_ros-dev/Development/ros2/install/rtabmap_msgs/share/rtabmap_msgs/srv/GetMap_Response.msg\n'}
[5.552088] (rtabmap_msgs) StdoutLine: {'line': b'-- Up-to-date symlink: /workspaces/isaac_ros-dev/Development/ros2/install/rtabmap_msgs/share/rtabmap_msgs/srv/GetMap2.srv\n'}
[5.552156] (rtabmap_msgs) StdoutLine: {'line': b'-- Up-to-date symlink: /workspaces/isaac_ros-dev/Development/ros2/install/rtabmap_msgs/share/rtabmap_msgs/srv/GetMap2_Request.msg\n'}
[5.552228] (rtabmap_msgs) StdoutLine: {'line': b'-- Up-to-date symlink: /workspaces/isaac_ros-dev/Development/ros2/install/rtabmap_msgs/share/rtabmap_msgs/srv/GetMap2_Response.msg\n'}
[5.552294] (rtabmap_msgs) StdoutLine: {'line': b'-- Up-to-date symlink: /workspaces/isaac_ros-dev/Development/ros2/install/rtabmap_msgs/share/rtabmap_msgs/srv/ListLabels.srv\n'}
[5.552365] (rtabmap_msgs) StdoutLine: {'line': b'-- Up-to-date symlink: /workspaces/isaac_ros-dev/Development/ros2/install/rtabmap_msgs/share/rtabmap_msgs/srv/ListLabels_Request.msg\n'}
[5.552432] (rtabmap_msgs) StdoutLine: {'line': b'-- Up-to-date symlink: /workspaces/isaac_ros-dev/Development/ros2/install/rtabmap_msgs/share/rtabmap_msgs/srv/ListLabels_Response.msg\n'}
[5.552498] (rtabmap_msgs) StdoutLine: {'line': b'-- Up-to-date symlink: /workspaces/isaac_ros-dev/Development/ros2/install/rtabmap_msgs/share/rtabmap_msgs/srv/PublishMap.srv\n'}
[5.552565] (rtabmap_msgs) StdoutLine: {'line': b'-- Up-to-date symlink: /workspaces/isaac_ros-dev/Development/ros2/install/rtabmap_msgs/share/rtabmap_msgs/srv/PublishMap_Request.msg\n'}
[5.552631] (rtabmap_msgs) StdoutLine: {'line': b'-- Up-to-date symlink: /workspaces/isaac_ros-dev/Development/ros2/install/rtabmap_msgs/share/rtabmap_msgs/srv/PublishMap_Response.msg\n'}
[5.552697] (rtabmap_msgs) StdoutLine: {'line': b'-- Up-to-date symlink: /workspaces/isaac_ros-dev/Development/ros2/install/rtabmap_msgs/share/rtabmap_msgs/srv/ResetPose.srv\n'}
[5.552764] (rtabmap_msgs) StdoutLine: {'line': b'-- Up-to-date symlink: /workspaces/isaac_ros-dev/Development/ros2/install/rtabmap_msgs/share/rtabmap_msgs/srv/ResetPose_Request.msg\n'}
[5.552827] (rtabmap_msgs) StdoutLine: {'line': b'-- Up-to-date symlink: /workspaces/isaac_ros-dev/Development/ros2/install/rtabmap_msgs/share/rtabmap_msgs/srv/ResetPose_Response.msg\n'}
[5.552889] (rtabmap_msgs) StdoutLine: {'line': b'-- Up-to-date symlink: /workspaces/isaac_ros-dev/Development/ros2/install/rtabmap_msgs/share/rtabmap_msgs/srv/SetGoal.srv\n'}
[5.552957] (rtabmap_msgs) StdoutLine: {'line': b'-- Up-to-date symlink: /workspaces/isaac_ros-dev/Development/ros2/install/rtabmap_msgs/share/rtabmap_msgs/srv/SetGoal_Request.msg\n'}
[5.553025] (rtabmap_msgs) StdoutLine: {'line': b'-- Up-to-date symlink: /workspaces/isaac_ros-dev/Development/ros2/install/rtabmap_msgs/share/rtabmap_msgs/srv/SetGoal_Response.msg\n'}
[5.555677] (rtabmap_msgs) StdoutLine: {'line': b'-- Up-to-date symlink: /workspaces/isaac_ros-dev/Development/ros2/install/rtabmap_msgs/share/rtabmap_msgs/srv/SetLabel.srv\n'}
[5.555987] (rtabmap_msgs) StdoutLine: {'line': b'-- Up-to-date symlink: /workspaces/isaac_ros-dev/Development/ros2/install/rtabmap_msgs/share/rtabmap_msgs/srv/SetLabel_Request.msg\n'}
[5.556110] (rtabmap_msgs) StdoutLine: {'line': b'-- Up-to-date symlink: /workspaces/isaac_ros-dev/Development/ros2/install/rtabmap_msgs/share/rtabmap_msgs/srv/SetLabel_Response.msg\n'}
[5.556191] (rtabmap_msgs) StdoutLine: {'line': b'-- Up-to-date symlink: /workspaces/isaac_ros-dev/Development/ros2/install/rtabmap_msgs/share/rtabmap_msgs/srv/RemoveLabel.srv\n'}
[5.556276] (rtabmap_msgs) StdoutLine: {'line': b'-- Up-to-date symlink: /workspaces/isaac_ros-dev/Development/ros2/install/rtabmap_msgs/share/rtabmap_msgs/srv/RemoveLabel_Request.msg\n'}
[5.556356] (rtabmap_msgs) StdoutLine: {'line': b'-- Up-to-date symlink: /workspaces/isaac_ros-dev/Development/ros2/install/rtabmap_msgs/share/rtabmap_msgs/srv/RemoveLabel_Response.msg\n'}
[5.556426] (rtabmap_msgs) StdoutLine: {'line': b'-- Up-to-date symlink: /workspaces/isaac_ros-dev/Development/ros2/install/rtabmap_msgs/share/rtabmap_msgs/srv/GetPlan.srv\n'}
[5.556499] (rtabmap_msgs) StdoutLine: {'line': b'-- Up-to-date symlink: /workspaces/isaac_ros-dev/Development/ros2/install/rtabmap_msgs/share/rtabmap_msgs/srv/GetPlan_Request.msg\n'}
[5.556573] (rtabmap_msgs) StdoutLine: {'line': b'-- Up-to-date symlink: /workspaces/isaac_ros-dev/Development/ros2/install/rtabmap_msgs/share/rtabmap_msgs/srv/GetPlan_Response.msg\n'}
[5.556648] (rtabmap_msgs) StdoutLine: {'line': b'-- Up-to-date symlink: /workspaces/isaac_ros-dev/Development/ros2/install/rtabmap_msgs/share/rtabmap_msgs/srv/AddLink.srv\n'}
[5.556720] (rtabmap_msgs) StdoutLine: {'line': b'-- Up-to-date symlink: /workspaces/isaac_ros-dev/Development/ros2/install/rtabmap_msgs/share/rtabmap_msgs/srv/AddLink_Request.msg\n'}
[5.556787] (rtabmap_msgs) StdoutLine: {'line': b'-- Up-to-date symlink: /workspaces/isaac_ros-dev/Development/ros2/install/rtabmap_msgs/share/rtabmap_msgs/srv/AddLink_Response.msg\n'}
[5.556855] (rtabmap_msgs) StdoutLine: {'line': b'-- Up-to-date symlink: /workspaces/isaac_ros-dev/Development/ros2/install/rtabmap_msgs/share/rtabmap_msgs/srv/GetNodeData.srv\n'}
[5.556923] (rtabmap_msgs) StdoutLine: {'line': b'-- Up-to-date symlink: /workspaces/isaac_ros-dev/Development/ros2/install/rtabmap_msgs/share/rtabmap_msgs/srv/GetNodeData_Request.msg\n'}
[5.556990] (rtabmap_msgs) StdoutLine: {'line': b'-- Up-to-date symlink: /workspaces/isaac_ros-dev/Development/ros2/install/rtabmap_msgs/share/rtabmap_msgs/srv/GetNodeData_Response.msg\n'}
[5.557057] (rtabmap_msgs) StdoutLine: {'line': b'-- Up-to-date symlink: /workspaces/isaac_ros-dev/Development/ros2/install/rtabmap_msgs/share/rtabmap_msgs/srv/GetNodesInRadius.srv\n'}
[5.557131] (rtabmap_msgs) StdoutLine: {'line': b'-- Up-to-date symlink: /workspaces/isaac_ros-dev/Development/ros2/install/rtabmap_msgs/share/rtabmap_msgs/srv/GetNodesInRadius_Request.msg\n'}
[5.557205] (rtabmap_msgs) StdoutLine: {'line': b'-- Up-to-date symlink: /workspaces/isaac_ros-dev/Development/ros2/install/rtabmap_msgs/share/rtabmap_msgs/srv/GetNodesInRadius_Response.msg\n'}
[5.557273] (rtabmap_msgs) StdoutLine: {'line': b'-- Up-to-date symlink: /workspaces/isaac_ros-dev/Development/ros2/install/rtabmap_msgs/share/rtabmap_msgs/srv/LoadDatabase.srv\n'}
[5.557350] (rtabmap_msgs) StdoutLine: {'line': b'-- Up-to-date symlink: /workspaces/isaac_ros-dev/Development/ros2/install/rtabmap_msgs/share/rtabmap_msgs/srv/LoadDatabase_Request.msg\n'}
[5.557421] (rtabmap_msgs) StdoutLine: {'line': b'-- Up-to-date symlink: /workspaces/isaac_ros-dev/Development/ros2/install/rtabmap_msgs/share/rtabmap_msgs/srv/LoadDatabase_Response.msg\n'}
[5.557488] (rtabmap_msgs) StdoutLine: {'line': b'-- Up-to-date symlink: /workspaces/isaac_ros-dev/Development/ros2/install/rtabmap_msgs/share/rtabmap_msgs/srv/DetectMoreLoopClosures.srv\n'}
[5.557558] (rtabmap_msgs) StdoutLine: {'line': b'-- Up-to-date symlink: /workspaces/isaac_ros-dev/Development/ros2/install/rtabmap_msgs/share/rtabmap_msgs/srv/DetectMoreLoopClosures_Request.msg\n'}
[5.557628] (rtabmap_msgs) StdoutLine: {'line': b'-- Up-to-date symlink: /workspaces/isaac_ros-dev/Development/ros2/install/rtabmap_msgs/share/rtabmap_msgs/srv/DetectMoreLoopClosures_Response.msg\n'}
[5.557694] (rtabmap_msgs) StdoutLine: {'line': b'-- Up-to-date symlink: /workspaces/isaac_ros-dev/Development/ros2/install/rtabmap_msgs/share/rtabmap_msgs/srv/GlobalBundleAdjustment.srv\n'}
[5.557763] (rtabmap_msgs) StdoutLine: {'line': b'-- Up-to-date symlink: /workspaces/isaac_ros-dev/Development/ros2/install/rtabmap_msgs/share/rtabmap_msgs/srv/GlobalBundleAdjustment_Request.msg\n'}
[5.557833] (rtabmap_msgs) StdoutLine: {'line': b'-- Up-to-date symlink: /workspaces/isaac_ros-dev/Development/ros2/install/rtabmap_msgs/share/rtabmap_msgs/srv/GlobalBundleAdjustment_Response.msg\n'}
[5.557902] (rtabmap_msgs) StdoutLine: {'line': b'-- Up-to-date symlink: /workspaces/isaac_ros-dev/Development/ros2/install/rtabmap_msgs/share/rtabmap_msgs/srv/CleanupLocalGrids.srv\n'}
[5.557969] (rtabmap_msgs) StdoutLine: {'line': b'-- Up-to-date symlink: /workspaces/isaac_ros-dev/Development/ros2/install/rtabmap_msgs/share/rtabmap_msgs/srv/CleanupLocalGrids_Request.msg\n'}
[5.558039] (rtabmap_msgs) StdoutLine: {'line': b'-- Up-to-date symlink: /workspaces/isaac_ros-dev/Development/ros2/install/rtabmap_msgs/share/rtabmap_msgs/srv/CleanupLocalGrids_Response.msg\n'}
[5.558115] (rtabmap_msgs) StdoutLine: {'line': b'-- Up-to-date symlink: /workspaces/isaac_ros-dev/Development/ros2/install/rtabmap_msgs/share/ament_index/resource_index/package_run_dependencies/rtabmap_msgs\n'}
[5.558197] (rtabmap_msgs) StdoutLine: {'line': b'-- Up-to-date symlink: /workspaces/isaac_ros-dev/Development/ros2/install/rtabmap_msgs/share/ament_index/resource_index/parent_prefix_path/rtabmap_msgs\n'}
[5.558264] (rtabmap_msgs) StdoutLine: {'line': b'-- Up-to-date symlink: /workspaces/isaac_ros-dev/Development/ros2/install/rtabmap_msgs/share/rtabmap_msgs/environment/ament_prefix_path.sh\n'}
[5.558329] (rtabmap_msgs) StdoutLine: {'line': b'-- Up-to-date symlink: /workspaces/isaac_ros-dev/Development/ros2/install/rtabmap_msgs/share/rtabmap_msgs/environment/ament_prefix_path.dsv\n'}
[5.560126] (rtabmap_msgs) StdoutLine: {'line': b'-- Up-to-date symlink: /workspaces/isaac_ros-dev/Development/ros2/install/rtabmap_msgs/share/rtabmap_msgs/environment/path.sh\n'}
[5.560491] (rtabmap_msgs) StdoutLine: {'line': b'-- Up-to-date symlink: /workspaces/isaac_ros-dev/Development/ros2/install/rtabmap_msgs/share/rtabmap_msgs/environment/path.dsv\n'}
[5.560589] (rtabmap_msgs) StdoutLine: {'line': b'-- Up-to-date symlink: /workspaces/isaac_ros-dev/Development/ros2/install/rtabmap_msgs/share/rtabmap_msgs/local_setup.bash\n'}
[5.560666] (rtabmap_msgs) StdoutLine: {'line': b'-- Up-to-date symlink: /workspaces/isaac_ros-dev/Development/ros2/install/rtabmap_msgs/share/rtabmap_msgs/local_setup.sh\n'}
[5.560741] (rtabmap_msgs) StdoutLine: {'line': b'-- Up-to-date symlink: /workspaces/isaac_ros-dev/Development/ros2/install/rtabmap_msgs/share/rtabmap_msgs/local_setup.zsh\n'}
[5.560813] (rtabmap_msgs) StdoutLine: {'line': b'-- Up-to-date symlink: /workspaces/isaac_ros-dev/Development/ros2/install/rtabmap_msgs/share/rtabmap_msgs/local_setup.dsv\n'}
[5.560886] (rtabmap_msgs) StdoutLine: {'line': b'-- Symlinking: /workspaces/isaac_ros-dev/Development/ros2/install/rtabmap_msgs/share/rtabmap_msgs/package.dsv\n'}
[5.622010] (-) TimerEvent: {}
[5.641981] (rtabmap_msgs) StdoutLine: {'line': b'-- Up-to-date symlink: /workspaces/isaac_ros-dev/Development/ros2/install/rtabmap_msgs/share/ament_index/resource_index/packages/rtabmap_msgs\n'}
[5.642369] (rtabmap_msgs) StdoutLine: {'line': b'-- Up-to-date symlink: /workspaces/isaac_ros-dev/Development/ros2/install/rtabmap_msgs/share/rtabmap_msgs/cmake/rosidl_cmake-extras.cmake\n'}
[5.642978] (rtabmap_msgs) StdoutLine: {'line': b'-- Up-to-date symlink: /workspaces/isaac_ros-dev/Development/ros2/install/rtabmap_msgs/share/rtabmap_msgs/cmake/ament_cmake_export_dependencies-extras.cmake\n'}
[5.643734] (rtabmap_msgs) StdoutLine: {'line': b'-- Up-to-date symlink: /workspaces/isaac_ros-dev/Development/ros2/install/rtabmap_msgs/share/rtabmap_msgs/cmake/ament_cmake_export_include_directories-extras.cmake\n'}
[5.643892] (rtabmap_msgs) StdoutLine: {'line': b'-- Up-to-date symlink: /workspaces/isaac_ros-dev/Development/ros2/install/rtabmap_msgs/share/rtabmap_msgs/cmake/ament_cmake_export_libraries-extras.cmake\n'}
[5.643972] (rtabmap_msgs) StdoutLine: {'line': b'-- Up-to-date symlink: /workspaces/isaac_ros-dev/Development/ros2/install/rtabmap_msgs/share/rtabmap_msgs/cmake/ament_cmake_export_targets-extras.cmake\n'}
[5.646533] (rtabmap_msgs) StdoutLine: {'line': b'-- Up-to-date symlink: /workspaces/isaac_ros-dev/Development/ros2/install/rtabmap_msgs/share/rtabmap_msgs/cmake/rosidl_cmake_export_typesupport_targets-extras.cmake\n'}
[5.647510] (rtabmap_msgs) StdoutLine: {'line': b'-- Up-to-date symlink: /workspaces/isaac_ros-dev/Development/ros2/install/rtabmap_msgs/share/rtabmap_msgs/cmake/rosidl_cmake_export_typesupport_libraries-extras.cmake\n'}
[5.647606] (rtabmap_msgs) StdoutLine: {'line': b'-- Up-to-date symlink: /workspaces/isaac_ros-dev/Development/ros2/install/rtabmap_msgs/share/rtabmap_msgs/cmake/rtabmap_msgsConfig.cmake\n'}
[5.647681] (rtabmap_msgs) StdoutLine: {'line': b'-- Up-to-date symlink: /workspaces/isaac_ros-dev/Development/ros2/install/rtabmap_msgs/share/rtabmap_msgs/cmake/rtabmap_msgsConfig-version.cmake\n'}
[5.647751] (rtabmap_msgs) StdoutLine: {'line': b'-- Up-to-date symlink: /workspaces/isaac_ros-dev/Development/ros2/install/rtabmap_msgs/share/rtabmap_msgs/package.xml\n'}
[5.647835] (rtabmap_msgs) StdoutLine: {'line': b'-- Up-to-date: /workspaces/isaac_ros-dev/Development/ros2/install/rtabmap_msgs/lib/librtabmap_msgs__rosidl_generator_c.so\n'}
[5.647904] (rtabmap_msgs) StdoutLine: {'line': b'-- Up-to-date: /workspaces/isaac_ros-dev/Development/ros2/install/rtabmap_msgs/lib/librtabmap_msgs__rosidl_typesupport_fastrtps_c.so\n'}
[5.649356] (rtabmap_msgs) StdoutLine: {'line': b'-- Up-to-date: /workspaces/isaac_ros-dev/Development/ros2/install/rtabmap_msgs/lib/librtabmap_msgs__rosidl_typesupport_introspection_c.so\n'}
[5.649629] (rtabmap_msgs) StdoutLine: {'line': b'-- Up-to-date: /workspaces/isaac_ros-dev/Development/ros2/install/rtabmap_msgs/lib/librtabmap_msgs__rosidl_typesupport_c.so\n'}
[5.650008] (rtabmap_msgs) StdoutLine: {'line': b'-- Up-to-date: /workspaces/isaac_ros-dev/Development/ros2/install/rtabmap_msgs/lib/librtabmap_msgs__rosidl_typesupport_fastrtps_cpp.so\n'}
[5.650107] (rtabmap_msgs) StdoutLine: {'line': b'-- Up-to-date: /workspaces/isaac_ros-dev/Development/ros2/install/rtabmap_msgs/lib/librtabmap_msgs__rosidl_typesupport_introspection_cpp.so\n'}
[5.652125] (rtabmap_msgs) StdoutLine: {'line': b'-- Up-to-date: /workspaces/isaac_ros-dev/Development/ros2/install/rtabmap_msgs/lib/librtabmap_msgs__rosidl_typesupport_cpp.so\n'}
[5.722142] (-) TimerEvent: {}
[5.730104] (rtabmap_msgs) StdoutLine: {'line': b"Listing '/workspaces/isaac_ros-dev/Development/ros2/install/rtabmap_msgs/lib/python3.8/site-packages/rtabmap_msgs'...\n"}
[5.730534] (rtabmap_msgs) StdoutLine: {'line': b"Compiling '/workspaces/isaac_ros-dev/Development/ros2/install/rtabmap_msgs/lib/python3.8/site-packages/rtabmap_msgs/__init__.py'...\n"}
[5.730640] (rtabmap_msgs) StdoutLine: {'line': b"Listing '/workspaces/isaac_ros-dev/Development/ros2/install/rtabmap_msgs/lib/python3.8/site-packages/rtabmap_msgs/msg'...\n"}
[5.730713] (rtabmap_msgs) StdoutLine: {'line': b"Listing '/workspaces/isaac_ros-dev/Development/ros2/install/rtabmap_msgs/lib/python3.8/site-packages/rtabmap_msgs/srv'...\n"}
[5.822597] (-) TimerEvent: {}
[5.836455] (rtabmap_msgs) StdoutLine: {'line': b'-- Up-to-date: /workspaces/isaac_ros-dev/Development/ros2/install/rtabmap_msgs/lib/librtabmap_msgs__rosidl_generator_py.so\n'}
[5.836996] (rtabmap_msgs) StdoutLine: {'line': b'-- Up-to-date: /workspaces/isaac_ros-dev/Development/ros2/install/rtabmap_msgs/share/rtabmap_msgs/cmake/export_rtabmap_msgs__rosidl_generator_cExport.cmake\n'}
[5.838278] (rtabmap_msgs) StdoutLine: {'line': b'-- Up-to-date: /workspaces/isaac_ros-dev/Development/ros2/install/rtabmap_msgs/share/rtabmap_msgs/cmake/export_rtabmap_msgs__rosidl_generator_cExport-release.cmake\n'}
[5.838569] (rtabmap_msgs) StdoutLine: {'line': b'-- Up-to-date: /workspaces/isaac_ros-dev/Development/ros2/install/rtabmap_msgs/share/rtabmap_msgs/cmake/export_rtabmap_msgs__rosidl_typesupport_fastrtps_cExport.cmake\n'}
[5.838645] (rtabmap_msgs) StdoutLine: {'line': b'-- Up-to-date: /workspaces/isaac_ros-dev/Development/ros2/install/rtabmap_msgs/share/rtabmap_msgs/cmake/export_rtabmap_msgs__rosidl_typesupport_fastrtps_cExport-release.cmake\n'}
[5.838713] (rtabmap_msgs) StdoutLine: {'line': b'-- Up-to-date: /workspaces/isaac_ros-dev/Development/ros2/install/rtabmap_msgs/share/rtabmap_msgs/cmake/rtabmap_msgs__rosidl_typesupport_introspection_cExport.cmake\n'}
[5.838781] (rtabmap_msgs) StdoutLine: {'line': b'-- Up-to-date: /workspaces/isaac_ros-dev/Development/ros2/install/rtabmap_msgs/share/rtabmap_msgs/cmake/rtabmap_msgs__rosidl_typesupport_introspection_cExport-release.cmake\n'}
[5.838848] (rtabmap_msgs) StdoutLine: {'line': b'-- Up-to-date: /workspaces/isaac_ros-dev/Development/ros2/install/rtabmap_msgs/share/rtabmap_msgs/cmake/rtabmap_msgs__rosidl_typesupport_cExport.cmake\n'}
[5.838914] (rtabmap_msgs) StdoutLine: {'line': b'-- Up-to-date: /workspaces/isaac_ros-dev/Development/ros2/install/rtabmap_msgs/share/rtabmap_msgs/cmake/rtabmap_msgs__rosidl_typesupport_cExport-release.cmake\n'}
[5.838979] (rtabmap_msgs) StdoutLine: {'line': b'-- Up-to-date: /workspaces/isaac_ros-dev/Development/ros2/install/rtabmap_msgs/share/rtabmap_msgs/cmake/export_rtabmap_msgs__rosidl_generator_cppExport.cmake\n'}
[5.839058] (rtabmap_msgs) StdoutLine: {'line': b'-- Up-to-date: /workspaces/isaac_ros-dev/Development/ros2/install/rtabmap_msgs/share/rtabmap_msgs/cmake/export_rtabmap_msgs__rosidl_typesupport_fastrtps_cppExport.cmake\n'}
[5.839134] (rtabmap_msgs) StdoutLine: {'line': b'-- Up-to-date: /workspaces/isaac_ros-dev/Development/ros2/install/rtabmap_msgs/share/rtabmap_msgs/cmake/export_rtabmap_msgs__rosidl_typesupport_fastrtps_cppExport-release.cmake\n'}
[5.839201] (rtabmap_msgs) StdoutLine: {'line': b'-- Up-to-date: /workspaces/isaac_ros-dev/Development/ros2/install/rtabmap_msgs/share/rtabmap_msgs/cmake/rtabmap_msgs__rosidl_typesupport_introspection_cppExport.cmake\n'}
[5.839265] (rtabmap_msgs) StdoutLine: {'line': b'-- Up-to-date: /workspaces/isaac_ros-dev/Development/ros2/install/rtabmap_msgs/share/rtabmap_msgs/cmake/rtabmap_msgs__rosidl_typesupport_introspection_cppExport-release.cmake\n'}
[5.839329] (rtabmap_msgs) StdoutLine: {'line': b'-- Up-to-date: /workspaces/isaac_ros-dev/Development/ros2/install/rtabmap_msgs/share/rtabmap_msgs/cmake/rtabmap_msgs__rosidl_typesupport_cppExport.cmake\n'}
[5.839393] (rtabmap_msgs) StdoutLine: {'line': b'-- Up-to-date: /workspaces/isaac_ros-dev/Development/ros2/install/rtabmap_msgs/share/rtabmap_msgs/cmake/rtabmap_msgs__rosidl_typesupport_cppExport-release.cmake\n'}
[5.839458] (rtabmap_msgs) StdoutLine: {'line': b'-- Up-to-date: /workspaces/isaac_ros-dev/Development/ros2/install/rtabmap_msgs/share/rtabmap_msgs/cmake/export_rtabmap_msgs__rosidl_generator_pyExport.cmake\n'}
[5.839522] (rtabmap_msgs) StdoutLine: {'line': b'-- Up-to-date: /workspaces/isaac_ros-dev/Development/ros2/install/rtabmap_msgs/share/rtabmap_msgs/cmake/export_rtabmap_msgs__rosidl_generator_pyExport-release.cmake\n'}
[5.850197] (rtabmap_msgs) CommandEnded: {'returncode': 0}
[5.959272] (-) TimerEvent: {}
[6.060035] (-) TimerEvent: {}
[6.161118] (-) TimerEvent: {}
[6.262705] (-) TimerEvent: {}
[6.364195] (-) TimerEvent: {}
[6.465701] (-) TimerEvent: {}
[6.569186] (-) TimerEvent: {}
[6.671797] (-) TimerEvent: {}
[6.773187] (-) TimerEvent: {}
[6.875191] (-) TimerEvent: {}
[6.976652] (-) TimerEvent: {}
[7.078847] (-) TimerEvent: {}
[7.184005] (-) TimerEvent: {}
[7.285388] (-) TimerEvent: {}
[7.439211] (-) TimerEvent: {}
[7.543491] (-) TimerEvent: {}
[7.645603] (-) TimerEvent: {}
[7.747128] (-) TimerEvent: {}
[7.908427] (-) TimerEvent: {}
[8.011293] (-) TimerEvent: {}
[8.111777] (-) TimerEvent: {}
[8.212946] (-) TimerEvent: {}
[8.316842] (-) TimerEvent: {}
[8.418006] (-) TimerEvent: {}
[8.519930] (-) TimerEvent: {}
[8.532392] (rtabmap_msgs) JobEnded: {'identifier': 'rtabmap_msgs', 'rc': 0}
[8.620132] (-) TimerEvent: {}
[8.720686] (-) TimerEvent: {}
[8.822226] (-) TimerEvent: {}
[8.922874] (-) TimerEvent: {}
[9.023984] (-) TimerEvent: {}
[9.125502] (-) TimerEvent: {}
[9.235689] (-) TimerEvent: {}
[9.338829] (-) TimerEvent: {}
[9.411956] (rtabmap) StdoutLine: {'line': b'[ 29%] \x1b[32mBuilding CXX object corelib/src/CMakeFiles/rtabmap_core.dir/camera/CameraStereoFlyCapture2.cpp.o\x1b[0m\n'}
[9.415580] (rtabmap) StdoutLine: {'line': b'[ 29%] \x1b[32mBuilding CXX object corelib/src/CMakeFiles/rtabmap_core.dir/camera/CameraStereoImages.cpp.o\x1b[0m\n'}
[9.438953] (-) TimerEvent: {}
[9.542451] (-) TimerEvent: {}
[9.644642] (-) TimerEvent: {}
[9.745747] (-) TimerEvent: {}
[9.847183] (-) TimerEvent: {}
[9.950262] (-) TimerEvent: {}
[10.051059] (-) TimerEvent: {}
[10.151598] (-) TimerEvent: {}
[10.252849] (-) TimerEvent: {}
[10.355072] (-) TimerEvent: {}
[10.455917] (-) TimerEvent: {}
[10.558200] (-) TimerEvent: {}
[10.659308] (-) TimerEvent: {}
[10.769178] (-) TimerEvent: {}
[10.842396] (rtabmap) StdoutLine: {'line': b'[ 30%] \x1b[32mBuilding CXX object corelib/src/CMakeFiles/rtabmap_core.dir/camera/CameraStereoVideo.cpp.o\x1b[0m\n'}
[10.869472] (-) TimerEvent: {}
[10.949454] (rtabmap) StdoutLine: {'line': b'[ 31%] \x1b[32mBuilding CXX object corelib/src/CMakeFiles/rtabmap_core.dir/camera/CameraStereoZed.cpp.o\x1b[0m\n'}
[10.969638] (-) TimerEvent: {}
[11.072774] (-) TimerEvent: {}
[11.174226] (-) TimerEvent: {}
[11.274841] (-) TimerEvent: {}
[11.342406] (rtabmap) StdoutLine: {'line': b'[ 31%] \x1b[32mBuilding CXX object corelib/src/CMakeFiles/rtabmap_core.dir/camera/CameraStereoZedOC.cpp.o\x1b[0m\n'}
[11.375099] (-) TimerEvent: {}
[11.477406] (-) TimerEvent: {}
[11.577981] (-) TimerEvent: {}
[11.680375] (-) TimerEvent: {}
[11.781105] (-) TimerEvent: {}
[11.810355] (rtabmap) StdoutLine: {'line': b'[ 32%] \x1b[32mBuilding CXX object corelib/src/CMakeFiles/rtabmap_core.dir/camera/CameraStereoTara.cpp.o\x1b[0m\n'}
[11.882232] (-) TimerEvent: {}
[11.983849] (-) TimerEvent: {}
[12.085249] (-) TimerEvent: {}
[12.154387] (rtabmap) StdoutLine: {'line': b'[ 33%] \x1b[32mBuilding CXX object corelib/src/CMakeFiles/rtabmap_core.dir/camera/CameraVideo.cpp.o\x1b[0m\n'}
[12.186198] (-) TimerEvent: {}
[12.287303] (-) TimerEvent: {}
[12.290330] (rtabmap) StdoutLine: {'line': b'[ 34%] \x1b[32mBuilding CXX object corelib/src/CMakeFiles/rtabmap_core.dir/camera/CameraMyntEye.cpp.o\x1b[0m\n'}
[12.388283] (-) TimerEvent: {}
[12.489255] (-) TimerEvent: {}
[12.594485] (-) TimerEvent: {}
[12.695340] (-) TimerEvent: {}
[12.796039] (-) TimerEvent: {}
[12.897301] (-) TimerEvent: {}
[12.998267] (-) TimerEvent: {}
[13.099258] (-) TimerEvent: {}
[13.123708] (rtabmap) StdoutLine: {'line': b'[ 34%] \x1b[32mBuilding CXX object corelib/src/CMakeFiles/rtabmap_core.dir/camera/CameraDepthAI.cpp.o\x1b[0m\n'}
[13.140326] (rtabmap) StdoutLine: {'line': b'[ 35%] \x1b[32mBuilding CXX object corelib/src/CMakeFiles/rtabmap_core.dir/camera/CameraSeerSense.cpp.o\x1b[0m\n'}
[13.199434] (-) TimerEvent: {}
[13.246647] (rtabmap) StdoutLine: {'line': b'[ 36%] \x1b[32mBuilding CXX object corelib/src/CMakeFiles/rtabmap_core.dir/camera/CameraOrbbecSDK.cpp.o\x1b[0m\n'}
[13.300225] (-) TimerEvent: {}
[13.400863] (-) TimerEvent: {}
[13.501358] (-) TimerEvent: {}
[13.601853] (-) TimerEvent: {}
[13.703263] (-) TimerEvent: {}
[13.804186] (-) TimerEvent: {}
[13.906786] (-) TimerEvent: {}
[14.009019] (-) TimerEvent: {}
[14.110109] (-) TimerEvent: {}
[14.213421] (-) TimerEvent: {}
[14.214232] (rtabmap) StdoutLine: {'line': b'[ 36%] \x1b[32mBuilding CXX object corelib/src/CMakeFiles/rtabmap_core.dir/EpipolarGeometry.cpp.o\x1b[0m\n'}
[14.313570] (-) TimerEvent: {}
[14.414107] (-) TimerEvent: {}
[14.439309] (rtabmap) StdoutLine: {'line': b'[ 37%] \x1b[32mBuilding CXX object corelib/src/CMakeFiles/rtabmap_core.dir/VisualWord.cpp.o\x1b[0m\n'}
[14.519183] (-) TimerEvent: {}
[14.619651] (-) TimerEvent: {}
[14.720196] (-) TimerEvent: {}
[14.812879] (rtabmap) StdoutLine: {'line': b'[ 38%] \x1b[32mBuilding CXX object corelib/src/CMakeFiles/rtabmap_core.dir/VWDictionary.cpp.o\x1b[0m\n'}
[14.820346] (-) TimerEvent: {}
[14.921012] (-) TimerEvent: {}
[15.021632] (-) TimerEvent: {}
[15.122602] (-) TimerEvent: {}
[15.202131] (rtabmap) StdoutLine: {'line': b'[ 39%] \x1b[32mBuilding CXX object corelib/src/CMakeFiles/rtabmap_core.dir/BayesFilter.cpp.o\x1b[0m\n'}
[15.223213] (-) TimerEvent: {}
[15.329918] (-) TimerEvent: {}
[15.335235] (rtabmap) StdoutLine: {'line': b'[ 39%] \x1b[32mBuilding CXX object corelib/src/CMakeFiles/rtabmap_core.dir/Parameters.cpp.o\x1b[0m\n'}
[15.430133] (-) TimerEvent: {}
[15.450132] (rtabmap) StdoutLine: {'line': b'[ 40%] \x1b[32mBuilding CXX object corelib/src/CMakeFiles/rtabmap_core.dir/Signature.cpp.o\x1b[0m\n'}
[15.531320] (-) TimerEvent: {}
[15.558796] (rtabmap) StdoutLine: {'line': b'[ 41%] \x1b[32mBuilding CXX object corelib/src/CMakeFiles/rtabmap_core.dir/Features2d.cpp.o\x1b[0m\n'}
[15.631467] (-) TimerEvent: {}
[15.735165] (-) TimerEvent: {}
[15.835766] (-) TimerEvent: {}
[15.938913] (-) TimerEvent: {}
[16.041027] (-) TimerEvent: {}
[16.141829] (-) TimerEvent: {}
[16.218746] (rtabmap) StdoutLine: {'line': b'[ 41%] \x1b[32mBuilding CXX object corelib/src/CMakeFiles/rtabmap_core.dir/Transform.cpp.o\x1b[0m\n'}
[16.242223] (-) TimerEvent: {}
[16.343182] (-) TimerEvent: {}
[16.444207] (-) TimerEvent: {}
[16.545153] (-) TimerEvent: {}
[16.649637] (-) TimerEvent: {}
[16.750502] (-) TimerEvent: {}
[16.851581] (-) TimerEvent: {}
[16.952590] (-) TimerEvent: {}
[17.053582] (-) TimerEvent: {}
[17.154789] (-) TimerEvent: {}
[17.255748] (-) TimerEvent: {}
[17.283727] (rtabmap) StdoutLine: {'line': b'[ 42%] \x1b[32mBuilding CXX object corelib/src/CMakeFiles/rtabmap_core.dir/GeodeticCoords.cpp.o\x1b[0m\n'}
[17.356184] (-) TimerEvent: {}
[17.402033] (rtabmap) StdoutLine: {'line': b'[ 43%] \x1b[32mBuilding CXX object corelib/src/CMakeFiles/rtabmap_core.dir/util2d.cpp.o\x1b[0m\n'}
[17.457285] (-) TimerEvent: {}
[17.559572] (-) TimerEvent: {}
[17.590325] (rtabmap) StdoutLine: {'line': b'[ 44%] \x1b[32mBuilding CXX object corelib/src/CMakeFiles/rtabmap_core.dir/util3d.cpp.o\x1b[0m\n'}
[17.660194] (-) TimerEvent: {}
[17.760862] (-) TimerEvent: {}
[17.863572] (-) TimerEvent: {}
[17.964588] (-) TimerEvent: {}
[18.059459] (rtabmap) StdoutLine: {'line': b'[ 44%] \x1b[32mBuilding CXX object corelib/src/CMakeFiles/rtabmap_core.dir/util3d_filtering.cpp.o\x1b[0m\n'}
[18.064717] (-) TimerEvent: {}
[18.127195] (rtabmap) StdoutLine: {'line': b'[ 45%] \x1b[32mBuilding CXX object corelib/src/CMakeFiles/rtabmap_core.dir/util3d_mapping.cpp.o\x1b[0m\n'}
[18.164913] (-) TimerEvent: {}
[18.265517] (-) TimerEvent: {}
[18.306056] (rtabmap) StdoutLine: {'line': b'[ 46%] \x1b[32mBuilding CXX object corelib/src/CMakeFiles/rtabmap_core.dir/util3d_transforms.cpp.o\x1b[0m\n'}
[18.365686] (-) TimerEvent: {}
[18.444156] (rtabmap) StdoutLine: {'line': b'[ 46%] \x1b[32mBuilding CXX object corelib/src/CMakeFiles/rtabmap_core.dir/util3d_registration.cpp.o\x1b[0m\n'}
[18.465805] (-) TimerEvent: {}
[18.566532] (-) TimerEvent: {}
[18.667636] (-) TimerEvent: {}
[18.721347] (rtabmap) StdoutLine: {'line': b'[ 47%] \x1b[32mBuilding CXX object corelib/src/CMakeFiles/rtabmap_core.dir/util3d_surface.cpp.o\x1b[0m\n'}
[18.767790] (-) TimerEvent: {}
[18.869508] (-) TimerEvent: {}
[18.977677] (-) TimerEvent: {}
[19.079060] (-) TimerEvent: {}
[19.150072] (rtabmap) StdoutLine: {'line': b'[ 48%] \x1b[32mBuilding CXX object corelib/src/CMakeFiles/rtabmap_core.dir/util3d_features.cpp.o\x1b[0m\n'}
[19.179224] (-) TimerEvent: {}
[19.279891] (-) TimerEvent: {}
[19.305416] (rtabmap) StdoutLine: {'line': b'[ 49%] \x1b[32mBuilding CXX object corelib/src/CMakeFiles/rtabmap_core.dir/util3d_correspondences.cpp.o\x1b[0m\n'}
[19.380294] (-) TimerEvent: {}
[19.477259] (rtabmap) StdoutLine: {'line': b'[ 49%] \x1b[32mBuilding CXX object corelib/src/CMakeFiles/rtabmap_core.dir/util3d_motion_estimation.cpp.o\x1b[0m\n'}
[19.480373] (-) TimerEvent: {}
[19.582733] (-) TimerEvent: {}
[19.685659] (-) TimerEvent: {}
[19.787123] (-) TimerEvent: {}
[19.887549] (-) TimerEvent: {}
[19.956770] (rtabmap) StdoutLine: {'line': b'[ 50%] \x1b[32mBuilding CXX object corelib/src/CMakeFiles/rtabmap_core.dir/rvl_codec.cpp.o\x1b[0m\n'}
[19.987793] (-) TimerEvent: {}
[20.084288] (rtabmap) StdoutLine: {'line': b'[ 51%] \x1b[32mBuilding CXX object corelib/src/CMakeFiles/rtabmap_core.dir/SensorData.cpp.o\x1b[0m\n'}
[20.087883] (-) TimerEvent: {}
[20.189619] (-) TimerEvent: {}
[20.290330] (-) TimerEvent: {}
[20.394543] (-) TimerEvent: {}
[20.495108] (-) TimerEvent: {}
[20.596500] (-) TimerEvent: {}
[20.700421] (-) TimerEvent: {}
[20.803802] (-) TimerEvent: {}
[20.906878] (-) TimerEvent: {}
[21.008777] (-) TimerEvent: {}
[21.117671] (-) TimerEvent: {}
[21.218104] (-) TimerEvent: {}
[21.318669] (-) TimerEvent: {}
[21.420208] (-) TimerEvent: {}
[21.525439] (-) TimerEvent: {}
[21.625966] (-) TimerEvent: {}
[21.726556] (-) TimerEvent: {}
[21.827290] (-) TimerEvent: {}
[21.881199] (rtabmap) StdoutLine: {'line': b'[ 51%] \x1b[32mBuilding CXX object corelib/src/CMakeFiles/rtabmap_core.dir/Graph.cpp.o\x1b[0m\n'}
[21.928204] (-) TimerEvent: {}
[22.028789] (-) TimerEvent: {}
[22.130200] (-) TimerEvent: {}
[22.231328] (-) TimerEvent: {}
[22.268333] (rtabmap) StdoutLine: {'line': b'[ 52%] \x1b[32mBuilding CXX object corelib/src/CMakeFiles/rtabmap_core.dir/Compression.cpp.o\x1b[0m\n'}
[22.332212] (-) TimerEvent: {}
[22.432865] (-) TimerEvent: {}
[22.534341] (-) TimerEvent: {}
[22.634831] (-) TimerEvent: {}
[22.736265] (-) TimerEvent: {}
[22.837729] (-) TimerEvent: {}
[22.938355] (-) TimerEvent: {}
[23.040035] (-) TimerEvent: {}
[23.140577] (-) TimerEvent: {}
[23.250860] (-) TimerEvent: {}
[23.351490] (-) TimerEvent: {}
[23.452355] (-) TimerEvent: {}
[23.555058] (-) TimerEvent: {}
[23.656361] (-) TimerEvent: {}
[23.759315] (-) TimerEvent: {}
[23.860050] (-) TimerEvent: {}
[23.962561] (-) TimerEvent: {}
[23.988782] (rtabmap) StdoutLine: {'line': b'[ 53%] \x1b[32mBuilding CXX object corelib/src/CMakeFiles/rtabmap_core.dir/Link.cpp.o\x1b[0m\n'}
[24.063215] (-) TimerEvent: {}
[24.164215] (-) TimerEvent: {}
[24.266189] (-) TimerEvent: {}
[24.367189] (-) TimerEvent: {}
[24.468195] (-) TimerEvent: {}
[24.571789] (-) TimerEvent: {}
[24.708857] (-) TimerEvent: {}
[24.810222] (-) TimerEvent: {}
[24.914803] (-) TimerEvent: {}
[25.045523] (-) TimerEvent: {}
[25.051686] (rtabmap) StdoutLine: {'line': b'[ 54%] \x1b[32mBuilding CXX object corelib/src/CMakeFiles/rtabmap_core.dir/LaserScan.cpp.o\x1b[0m\n'}
[25.146245] (-) TimerEvent: {}
[25.248761] (-) TimerEvent: {}
[25.350230] (-) TimerEvent: {}
[25.451743] (-) TimerEvent: {}
[25.553222] (-) TimerEvent: {}
[25.654610] (-) TimerEvent: {}
[25.758227] (-) TimerEvent: {}
[25.859728] (-) TimerEvent: {}
[25.960977] (-) TimerEvent: {}
[26.062174] (-) TimerEvent: {}
[26.164839] (-) TimerEvent: {}
[26.266795] (-) TimerEvent: {}
[26.294457] (rtabmap) StdoutLine: {'line': b'[ 54%] \x1b[32mBuilding CXX object corelib/src/CMakeFiles/rtabmap_core.dir/Optimizer.cpp.o\x1b[0m\n'}
[26.367199] (-) TimerEvent: {}
[26.467673] (-) TimerEvent: {}
[26.568925] (-) TimerEvent: {}
[26.670693] (-) TimerEvent: {}
[26.778235] (-) TimerEvent: {}
[26.835907] (rtabmap) StdoutLine: {'line': b'[ 55%] \x1b[32mBuilding CXX object corelib/src/CMakeFiles/rtabmap_core.dir/optimizer/OptimizerTORO.cpp.o\x1b[0m\n'}
[26.878409] (-) TimerEvent: {}
[26.979042] (-) TimerEvent: {}
[27.081075] (-) TimerEvent: {}
[27.181978] (-) TimerEvent: {}
[27.283689] (-) TimerEvent: {}
[27.384252] (-) TimerEvent: {}
[27.389241] (rtabmap) StdoutLine: {'line': b'[ 56%] \x1b[32mBuilding CXX object corelib/src/CMakeFiles/rtabmap_core.dir/optimizer/OptimizerG2O.cpp.o\x1b[0m\n'}
[27.484390] (-) TimerEvent: {}
[27.587518] (-) TimerEvent: {}
[27.662944] (rtabmap) StdoutLine: {'line': b'[ 56%] \x1b[32mBuilding CXX object corelib/src/CMakeFiles/rtabmap_core.dir/optimizer/OptimizerGTSAM.cpp.o\x1b[0m\n'}
[27.687632] (-) TimerEvent: {}
[27.773204] (rtabmap) StdoutLine: {'line': b'[ 57%] \x1b[32mBuilding CXX object corelib/src/CMakeFiles/rtabmap_core.dir/optimizer/OptimizerCVSBA.cpp.o\x1b[0m\n'}
[27.787887] (-) TimerEvent: {}
[27.827052] (rtabmap) StdoutLine: {'line': b'[ 58%] \x1b[32mBuilding CXX object corelib/src/CMakeFiles/rtabmap_core.dir/optimizer/OptimizerCeres.cpp.o\x1b[0m\n'}
[27.887997] (-) TimerEvent: {}
[27.988751] (-) TimerEvent: {}
[28.003817] (rtabmap) StdoutLine: {'line': b'[ 59%] \x1b[32mBuilding CXX object corelib/src/CMakeFiles/rtabmap_core.dir/Registration.cpp.o\x1b[0m\n'}
[28.089574] (-) TimerEvent: {}
[28.190024] (-) TimerEvent: {}
[28.291717] (-) TimerEvent: {}
[28.355984] (rtabmap) StdoutLine: {'line': b'[ 59%] \x1b[32mBuilding CXX object corelib/src/CMakeFiles/rtabmap_core.dir/RegistrationIcp.cpp.o\x1b[0m\n'}
[28.391767] (-) TimerEvent: {}
[28.492774] (-) TimerEvent: {}
[28.593849] (-) TimerEvent: {}
[28.700197] (-) TimerEvent: {}
[28.806165] (-) TimerEvent: {}
[28.824104] (rtabmap) StdoutLine: {'line': b'[ 60%] \x1b[32mBuilding CXX object corelib/src/CMakeFiles/rtabmap_core.dir/RegistrationVis.cpp.o\x1b[0m\n'}
[28.906923] (-) TimerEvent: {}
[29.007777] (-) TimerEvent: {}
[29.110840] (-) TimerEvent: {}
[29.211395] (-) TimerEvent: {}
[29.313046] (-) TimerEvent: {}
[29.413519] (-) TimerEvent: {}
[29.466927] (rtabmap) StdoutLine: {'line': b'[ 61%] \x1b[32mBuilding CXX object corelib/src/CMakeFiles/rtabmap_core.dir/Odometry.cpp.o\x1b[0m\n'}
[29.513784] (-) TimerEvent: {}
[29.614360] (-) TimerEvent: {}
[29.715216] (-) TimerEvent: {}
[29.816191] (-) TimerEvent: {}
[29.917035] (-) TimerEvent: {}
[29.923223] (rtabmap) StdoutLine: {'line': b'[ 61%] \x1b[32mBuilding CXX object corelib/src/CMakeFiles/rtabmap_core.dir/OdometryThread.cpp.o\x1b[0m\n'}
[30.017204] (-) TimerEvent: {}
[30.119514] (-) TimerEvent: {}
[30.219934] (-) TimerEvent: {}
[30.275154] (rtabmap) StdoutLine: {'line': b'[ 62%] \x1b[32mBuilding CXX object corelib/src/CMakeFiles/rtabmap_core.dir/OdometryInfo.cpp.o\x1b[0m\n'}
[30.320182] (-) TimerEvent: {}
[30.420902] (-) TimerEvent: {}
[30.522611] (-) TimerEvent: {}
[30.623180] (-) TimerEvent: {}
[30.724514] (-) TimerEvent: {}
[30.827569] (-) TimerEvent: {}
[30.928821] (-) TimerEvent: {}
[31.032488] (-) TimerEvent: {}
[31.134210] (-) TimerEvent: {}
[31.235181] (-) TimerEvent: {}
[31.335820] (-) TimerEvent: {}
[31.436475] (-) TimerEvent: {}
[31.538341] (-) TimerEvent: {}
[31.639179] (-) TimerEvent: {}
[31.740285] (-) TimerEvent: {}
[31.846264] (-) TimerEvent: {}
[31.952318] (-) TimerEvent: {}
[32.053546] (-) TimerEvent: {}
[32.153990] (-) TimerEvent: {}
[32.254543] (-) TimerEvent: {}
[32.356286] (-) TimerEvent: {}
[32.384255] (rtabmap) StdoutLine: {'line': b'[ 63%] \x1b[32mBuilding CXX object corelib/src/CMakeFiles/rtabmap_core.dir/odometry/OdometryF2M.cpp.o\x1b[0m\n'}
[32.456483] (-) TimerEvent: {}
[32.560411] (-) TimerEvent: {}
[32.661148] (-) TimerEvent: {}
[32.761853] (-) TimerEvent: {}
[32.862632] (-) TimerEvent: {}
[32.914474] (rtabmap) StdoutLine: {'line': b'[ 64%] \x1b[32mBuilding CXX object corelib/src/CMakeFiles/rtabmap_core.dir/odometry/OdometryMono.cpp.o\x1b[0m\n'}
[32.963244] (-) TimerEvent: {}
[33.086611] (-) TimerEvent: {}
[33.188340] (-) TimerEvent: {}
[33.289309] (-) TimerEvent: {}
[33.368194] (rtabmap) StdoutLine: {'line': b'[ 64%] \x1b[32mBuilding CXX object corelib/src/CMakeFiles/rtabmap_core.dir/odometry/OdometryF2F.cpp.o\x1b[0m\n'}
[33.389558] (-) TimerEvent: {}
[33.490047] (-) TimerEvent: {}
[33.571526] (rtabmap) StdoutLine: {'line': b'[ 65%] \x1b[32mBuilding CXX object corelib/src/CMakeFiles/rtabmap_core.dir/odometry/OdometryFovis.cpp.o\x1b[0m\n'}
[33.591191] (-) TimerEvent: {}
[33.691795] (-) TimerEvent: {}
[33.793211] (-) TimerEvent: {}
[33.893796] (-) TimerEvent: {}
[33.996680] (-) TimerEvent: {}
[34.099884] (-) TimerEvent: {}
[34.204580] (-) TimerEvent: {}
[34.307849] (-) TimerEvent: {}
[34.409497] (-) TimerEvent: {}
[34.510205] (-) TimerEvent: {}
[34.611242] (-) TimerEvent: {}
[34.714876] (-) TimerEvent: {}
[34.818943] (-) TimerEvent: {}
[34.919850] (-) TimerEvent: {}
[34.953247] (rtabmap) StdoutLine: {'line': b'[ 66%] \x1b[32mBuilding CXX object corelib/src/CMakeFiles/rtabmap_core.dir/odometry/OdometryViso2.cpp.o\x1b[0m\n'}
[35.019996] (-) TimerEvent: {}
[35.091325] (rtabmap) StdoutLine: {'line': b'[ 66%] \x1b[32mBuilding CXX object corelib/src/CMakeFiles/rtabmap_core.dir/odometry/OdometryDVO.cpp.o\x1b[0m\n'}
[35.120236] (-) TimerEvent: {}
[35.221228] (-) TimerEvent: {}
[35.322230] (-) TimerEvent: {}
[35.423213] (-) TimerEvent: {}
[35.523749] (-) TimerEvent: {}
[35.628150] (-) TimerEvent: {}
[35.732816] (-) TimerEvent: {}
[35.834069] (-) TimerEvent: {}
[35.935222] (-) TimerEvent: {}
[36.037009] (-) TimerEvent: {}
[36.137590] (-) TimerEvent: {}
[36.238188] (-) TimerEvent: {}
[36.339406] (-) TimerEvent: {}
[36.456770] (-) TimerEvent: {}
[36.557354] (-) TimerEvent: {}
[36.617827] (rtabmap) StdoutLine: {'line': b'[ 67%] \x1b[32mBuilding CXX object corelib/src/CMakeFiles/rtabmap_core.dir/odometry/OdometryOkvis.cpp.o\x1b[0m\n'}
[36.658229] (-) TimerEvent: {}
[36.758928] (-) TimerEvent: {}
[36.860069] (-) TimerEvent: {}
[36.962681] (-) TimerEvent: {}
[37.063236] (-) TimerEvent: {}
[37.165280] (-) TimerEvent: {}
[37.268231] (-) TimerEvent: {}
[37.308779] (rtabmap) StdoutLine: {'line': b'[ 68%] \x1b[32mBuilding CXX object corelib/src/CMakeFiles/rtabmap_core.dir/odometry/OdometryORBSLAM2.cpp.o\x1b[0m\n'}
[37.372234] (-) TimerEvent: {}
[37.472876] (-) TimerEvent: {}
[37.574161] (-) TimerEvent: {}
[37.676207] (-) TimerEvent: {}
[37.776814] (-) TimerEvent: {}
[37.878248] (-) TimerEvent: {}
[37.979220] (-) TimerEvent: {}
[38.080221] (-) TimerEvent: {}
[38.149547] (rtabmap) StdoutLine: {'line': b'[ 69%] \x1b[32mBuilding CXX object corelib/src/CMakeFiles/rtabmap_core.dir/odometry/OdometryORBSLAM3.cpp.o\x1b[0m\n'}
[38.180235] (rtabmap) StdoutLine: {'line': b'[ 69%] \x1b[32mBuilding CXX object corelib/src/CMakeFiles/rtabmap_core.dir/odometry/OdometryLOAM.cpp.o\x1b[0m\n'}
[38.180536] (-) TimerEvent: {}
[38.254208] (rtabmap) StdoutLine: {'line': b'[ 70%] \x1b[32mBuilding CXX object corelib/src/CMakeFiles/rtabmap_core.dir/odometry/OdometryFLOAM.cpp.o\x1b[0m\n'}
[38.280824] (-) TimerEvent: {}
[38.384574] (-) TimerEvent: {}
[38.489280] (-) TimerEvent: {}
[38.595567] (-) TimerEvent: {}
[38.635496] (rtabmap) StdoutLine: {'line': b'[ 71%] \x1b[32mBuilding CXX object corelib/src/CMakeFiles/rtabmap_core.dir/odometry/OdometryLIOSAM.cpp.o\x1b[0m\n'}
[38.695703] (-) TimerEvent: {}
[38.797208] (-) TimerEvent: {}
[38.899201] (-) TimerEvent: {}
[39.000414] (-) TimerEvent: {}
[39.105112] (-) TimerEvent: {}
[39.206757] (-) TimerEvent: {}
[39.260303] (rtabmap) StdoutLine: {'line': b'[ 71%] \x1b[32mBuilding CXX object corelib/src/CMakeFiles/rtabmap_core.dir/odometry/OdometryMSCKF.cpp.o\x1b[0m\n'}
[39.306935] (-) TimerEvent: {}
[39.408367] (-) TimerEvent: {}
[39.509235] (-) TimerEvent: {}
[39.613518] (-) TimerEvent: {}
[39.714976] (-) TimerEvent: {}
[39.815637] (-) TimerEvent: {}
[39.916368] (-) TimerEvent: {}
[40.019894] (-) TimerEvent: {}
[40.120573] (-) TimerEvent: {}
[40.223206] (-) TimerEvent: {}
[40.324075] (-) TimerEvent: {}
[40.428313] (-) TimerEvent: {}
[40.530512] (-) TimerEvent: {}
[40.579288] (rtabmap) StdoutLine: {'line': b'[ 72%] \x1b[32mBuilding CXX object corelib/src/CMakeFiles/rtabmap_core.dir/odometry/OdometryVINSFusion.cpp.o\x1b[0m\n'}
[40.630696] (-) TimerEvent: {}
[40.731407] (-) TimerEvent: {}
[40.833230] (-) TimerEvent: {}
[40.933942] (-) TimerEvent: {}
[41.035691] (-) TimerEvent: {}
[41.136238] (-) TimerEvent: {}
[41.238419] (-) TimerEvent: {}
[41.339081] (-) TimerEvent: {}
[41.445180] (-) TimerEvent: {}
[41.546151] (-) TimerEvent: {}
[41.646968] (-) TimerEvent: {}
[41.741674] (rtabmap) StdoutLine: {'line': b'[ 73%] \x1b[32mBuilding CXX object corelib/src/CMakeFiles/rtabmap_core.dir/odometry/OdometryOpenVINS.cpp.o\x1b[0m\n'}
[41.747141] (-) TimerEvent: {}
[41.847817] (-) TimerEvent: {}
[41.949194] (-) TimerEvent: {}
[42.051226] (-) TimerEvent: {}
[42.151871] (-) TimerEvent: {}
[42.255235] (-) TimerEvent: {}
[42.355828] (-) TimerEvent: {}
[42.459301] (-) TimerEvent: {}
[42.559847] (-) TimerEvent: {}
[42.651201] (rtabmap) StdoutLine: {'line': b'[ 74%] \x1b[32mBuilding CXX object corelib/src/CMakeFiles/rtabmap_core.dir/odometry/OdometryOpen3D.cpp.o\x1b[0m\n'}
[42.660053] (-) TimerEvent: {}
[42.765156] (-) TimerEvent: {}
[42.834692] (rtabmap) StdoutLine: {'line': b'[ 74%] \x1b[32mBuilding CXX object corelib/src/CMakeFiles/rtabmap_core.dir/odometry/OdometryCuVSLAM.cpp.o\x1b[0m\n'}
[42.865303] (-) TimerEvent: {}
[42.965860] (-) TimerEvent: {}
[43.066422] (-) TimerEvent: {}
[43.166973] (-) TimerEvent: {}
[43.268155] (-) TimerEvent: {}
[43.302271] (rtabmap) StdoutLine: {'line': b'[ 75%] \x1b[32mBuilding CXX object corelib/src/CMakeFiles/rtabmap_core.dir/IMU.cpp.o\x1b[0m\n'}
[43.369218] (-) TimerEvent: {}
[43.409247] (rtabmap) StdoutLine: {'line': b'[ 76%] \x1b[32mBuilding CXX object corelib/src/CMakeFiles/rtabmap_core.dir/IMUThread.cpp.o\x1b[0m\n'}
[43.469386] (-) TimerEvent: {}
[43.572405] (-) TimerEvent: {}
[43.673426] (-) TimerEvent: {}
[43.774077] (-) TimerEvent: {}
[43.875242] (-) TimerEvent: {}
[43.976237] (-) TimerEvent: {}
[43.990582] (rtabmap) StdoutLine: {'line': b'[ 76%] \x1b[32mBuilding CXX object corelib/src/CMakeFiles/rtabmap_core.dir/IMUFilter.cpp.o\x1b[0m\n'}
[44.076393] (-) TimerEvent: {}
[44.177773] (-) TimerEvent: {}
[44.279218] (-) TimerEvent: {}
[44.379745] (-) TimerEvent: {}
[44.482232] (-) TimerEvent: {}
[44.582829] (-) TimerEvent: {}
[44.683635] (-) TimerEvent: {}
[44.788248] (-) TimerEvent: {}
[44.892263] (-) TimerEvent: {}
[44.935712] (rtabmap) StdoutLine: {'line': b'[ 77%] \x1b[32mBuilding CXX object corelib/src/CMakeFiles/rtabmap_core.dir/imufilter/ComplementaryFilter.cpp.o\x1b[0m\n'}
[44.988992] (-) TimerEvent: {}
[45.092415] (-) TimerEvent: {}
[45.193096] (-) TimerEvent: {}
[45.293819] (-) TimerEvent: {}
[45.394420] (-) TimerEvent: {}
[45.497539] (-) TimerEvent: {}
[45.598009] (-) TimerEvent: {}
[45.698712] (-) TimerEvent: {}
[45.800271] (-) TimerEvent: {}
[45.900925] (-) TimerEvent: {}
[46.002237] (-) TimerEvent: {}
[46.103272] (-) TimerEvent: {}
[46.191234] (rtabmap) StdoutLine: {'line': b'[ 78%] \x1b[32mBuilding CXX object corelib/src/CMakeFiles/rtabmap_core.dir/Stereo.cpp.o\x1b[0m\n'}
[46.204173] (-) TimerEvent: {}
[46.283843] (rtabmap) StdoutLine: {'line': b'[ 79%] \x1b[32mBuilding CXX object corelib/src/CMakeFiles/rtabmap_core.dir/StereoDense.cpp.o\x1b[0m\n'}
[46.304310] (-) TimerEvent: {}
[46.407530] (-) TimerEvent: {}
[46.508008] (-) TimerEvent: {}
[46.608449] (-) TimerEvent: {}
[46.709214] (-) TimerEvent: {}
[46.811208] (-) TimerEvent: {}
[46.911659] (-) TimerEvent: {}
[47.012069] (-) TimerEvent: {}
[47.063723] (rtabmap) StdoutLine: {'line': b'[ 79%] \x1b[32mBuilding CXX object corelib/src/CMakeFiles/rtabmap_core.dir/StereoCameraModel.cpp.o\x1b[0m\n'}
[47.112441] (-) TimerEvent: {}
[47.215471] (-) TimerEvent: {}
[47.315941] (-) TimerEvent: {}
[47.418488] (-) TimerEvent: {}
[47.520346] (-) TimerEvent: {}
[47.622478] (-) TimerEvent: {}
[47.724246] (-) TimerEvent: {}
[47.826207] (-) TimerEvent: {}
[47.888200] (rtabmap) StdoutLine: {'line': b'[ 80%] \x1b[32mBuilding CXX object corelib/src/CMakeFiles/rtabmap_core.dir/stereo/StereoBM.cpp.o\x1b[0m\n'}
[47.926377] (-) TimerEvent: {}
[48.016262] (rtabmap) StdoutLine: {'line': b'[ 81%] \x1b[32mBuilding CXX object corelib/src/CMakeFiles/rtabmap_core.dir/stereo/StereoSGBM.cpp.o\x1b[0m\n'}
[48.026558] (-) TimerEvent: {}
[48.083921] (rtabmap) StdoutLine: {'line': b'[ 81%] \x1b[32mBuilding CXX object corelib/src/CMakeFiles/rtabmap_core.dir/GlobalMap.cpp.o\x1b[0m\n'}
[48.126813] (-) TimerEvent: {}
[48.162491] (rtabmap) StdoutLine: {'line': b'[ 82%] \x1b[32mBuilding CXX object corelib/src/CMakeFiles/rtabmap_core.dir/LocalGridMaker.cpp.o\x1b[0m\n'}
[48.226982] (-) TimerEvent: {}
[48.320041] (rtabmap) StdoutLine: {'line': b'[ 83%] \x1b[32mBuilding CXX object corelib/src/CMakeFiles/rtabmap_core.dir/LocalGrid.cpp.o\x1b[0m\n'}
[48.327241] (-) TimerEvent: {}
[48.429195] (-) TimerEvent: {}
[48.530398] (-) TimerEvent: {}
[48.567223] (rtabmap) StdoutLine: {'line': b'[ 84%] \x1b[32mBuilding CXX object corelib/src/CMakeFiles/rtabmap_core.dir/global_map/OccupancyGrid.cpp.o\x1b[0m\n'}
[48.621202] (rtabmap) StdoutLine: {'line': b'[ 84%] \x1b[32mBuilding CXX object corelib/src/CMakeFiles/rtabmap_core.dir/global_map/CloudMap.cpp.o\x1b[0m\n'}
[48.630550] (-) TimerEvent: {}
[48.731183] (-) TimerEvent: {}
[48.835553] (-) TimerEvent: {}
[48.936553] (-) TimerEvent: {}
[49.037473] (-) TimerEvent: {}
[49.138300] (-) TimerEvent: {}
[49.204256] (rtabmap) StdoutLine: {'line': b'[ 85%] \x1b[32mBuilding CXX object corelib/src/CMakeFiles/rtabmap_core.dir/MarkerDetector.cpp.o\x1b[0m\n'}
[49.239207] (-) TimerEvent: {}
[49.340147] (-) TimerEvent: {}
[49.441198] (-) TimerEvent: {}
[49.473574] (rtabmap) StdoutLine: {'line': b'[ 86%] \x1b[32mBuilding CXX object corelib/src/CMakeFiles/rtabmap_core.dir/GlobalDescriptorExtractor.cpp.o\x1b[0m\n'}
[49.541311] (-) TimerEvent: {}
[49.641823] (-) TimerEvent: {}
[49.742786] (-) TimerEvent: {}
[49.804247] (rtabmap) StdoutLine: {'line': b'[ 86%] \x1b[32mBuilding CXX object corelib/src/CMakeFiles/rtabmap_core.dir/GainCompensator.cpp.o\x1b[0m\n'}
[49.842904] (-) TimerEvent: {}
[49.945545] (-) TimerEvent: {}
[50.049437] (-) TimerEvent: {}
[50.154002] (-) TimerEvent: {}
[50.255645] (-) TimerEvent: {}
[50.361072] (-) TimerEvent: {}
[50.462221] (-) TimerEvent: {}
[50.563245] (-) TimerEvent: {}
[50.615229] (rtabmap) StdoutLine: {'line': b'[ 87%] \x1b[32mBuilding C object corelib/src/CMakeFiles/rtabmap_core.dir/rtflann/ext/lz4.c.o\x1b[0m\n'}
[50.663429] (-) TimerEvent: {}
[50.764774] (-) TimerEvent: {}
[50.868579] (-) TimerEvent: {}
[50.971424] (-) TimerEvent: {}
[51.071613] (rtabmap) StdoutLine: {'line': b'[ 88%] \x1b[32mBuilding C object corelib/src/CMakeFiles/rtabmap_core.dir/rtflann/ext/lz4hc.c.o\x1b[0m\n'}
[51.072029] (-) TimerEvent: {}
[51.172511] (-) TimerEvent: {}
[51.275933] (-) TimerEvent: {}
[51.376684] (-) TimerEvent: {}
[51.477925] (-) TimerEvent: {}
[51.579055] (-) TimerEvent: {}
[51.603320] (rtabmap) StdoutLine: {'line': b'[ 89%] \x1b[32mBuilding CXX object corelib/src/CMakeFiles/rtabmap_core.dir/FlannIndex.cpp.o\x1b[0m\n'}
[51.680193] (-) TimerEvent: {}
[51.780810] (-) TimerEvent: {}
[51.881885] (-) TimerEvent: {}
[51.984308] (-) TimerEvent: {}
[52.086201] (-) TimerEvent: {}
[52.187486] (-) TimerEvent: {}
[52.296111] (-) TimerEvent: {}
[52.397638] (-) TimerEvent: {}
[52.498908] (-) TimerEvent: {}
[52.599726] (-) TimerEvent: {}
[52.703893] (-) TimerEvent: {}
[52.806231] (-) TimerEvent: {}
[52.908253] (-) TimerEvent: {}
[53.010205] (-) TimerEvent: {}
[53.112220] (-) TimerEvent: {}
[53.136350] (rtabmap) StdoutLine: {'line': b'[ 89%] \x1b[32mBuilding CXX object corelib/src/CMakeFiles/rtabmap_core.dir/clams/discrete_depth_distortion_model_helpers.cpp.o\x1b[0m\n'}
[53.169187] (rtabmap) StdoutLine: {'line': b'[ 90%] \x1b[32mBuilding CXX object corelib/src/CMakeFiles/rtabmap_core.dir/clams/discrete_depth_distortion_model.cpp.o\x1b[0m\n'}
[53.212399] (-) TimerEvent: {}
[53.313644] (-) TimerEvent: {}
[53.414068] (-) TimerEvent: {}
[53.516549] (-) TimerEvent: {}
[53.617559] (-) TimerEvent: {}
[53.699615] (rtabmap) StdoutLine: {'line': b'[ 91%] \x1b[32mBuilding CXX object corelib/src/CMakeFiles/rtabmap_core.dir/clams/frame_projector.cpp.o\x1b[0m\n'}
[53.717714] (-) TimerEvent: {}
[53.762445] (rtabmap) StdoutLine: {'line': b'[ 91%] \x1b[32mBuilding CXX object corelib/src/CMakeFiles/rtabmap_core.dir/clams/slam_calibrator.cpp.o\x1b[0m\n'}
[53.817881] (-) TimerEvent: {}
[53.829425] (rtabmap) StdoutLine: {'line': b'[ 92%] \x1b[32mBuilding CXX object corelib/src/CMakeFiles/rtabmap_core.dir/opencv/ORBextractor.cc.o\x1b[0m\n'}
[53.918035] (-) TimerEvent: {}
[54.022223] (-) TimerEvent: {}
[54.123059] (-) TimerEvent: {}
[54.224243] (-) TimerEvent: {}
[54.324969] (-) TimerEvent: {}
[54.426250] (-) TimerEvent: {}
[54.491792] (rtabmap) StdoutLine: {'line': b'[ 93%] \x1b[32mBuilding CXX object corelib/src/CMakeFiles/rtabmap_core.dir/opencv/solvepnp.cpp.o\x1b[0m\n'}
[54.496914] (rtabmap) StdoutLine: {'line': b'[ 94%] \x1b[32mBuilding CXX object corelib/src/CMakeFiles/rtabmap_core.dir/opencv/five-point.cpp.o\x1b[0m\n'}
[54.517153] (rtabmap) StdoutLine: {'line': b'[ 94%] \x1b[32mBuilding CXX object corelib/src/CMakeFiles/rtabmap_core.dir/lidar/LidarVLP16.cpp.o\x1b[0m\n'}
[54.527206] (-) TimerEvent: {}
[54.627953] (-) TimerEvent: {}
[54.733688] (-) TimerEvent: {}
[54.834405] (-) TimerEvent: {}
[54.935107] (-) TimerEvent: {}
[55.035809] (-) TimerEvent: {}
[55.136914] (-) TimerEvent: {}
[55.237930] (-) TimerEvent: {}
[55.305856] (rtabmap) StdoutLine: {'line': b'[ 95%] \x1b[32mBuilding CXX object corelib/src/CMakeFiles/rtabmap_core.dir/optimizer/toro3d/posegraph3.cpp.o\x1b[0m\n'}
[55.338861] (-) TimerEvent: {}
[55.439454] (-) TimerEvent: {}
[55.541193] (-) TimerEvent: {}
[55.575949] (rtabmap) StdoutLine: {'line': b'[ 96%] \x1b[32mBuilding CXX object corelib/src/CMakeFiles/rtabmap_core.dir/optimizer/toro3d/treeoptimizer3_iteration.cpp.o\x1b[0m\n'}
[55.642273] (-) TimerEvent: {}
[55.704845] (rtabmap) StdoutLine: {'line': b'[ 96%] \x1b[32mBuilding CXX object corelib/src/CMakeFiles/rtabmap_core.dir/optimizer/toro3d/treeoptimizer3.cpp.o\x1b[0m\n'}
[55.711393] (rtabmap) StdoutLine: {'line': b'[ 97%] \x1b[32mBuilding CXX object corelib/src/CMakeFiles/rtabmap_core.dir/optimizer/toro3d/posegraph2.cpp.o\x1b[0m\n'}
[55.743200] (-) TimerEvent: {}
[55.843727] (-) TimerEvent: {}
[55.945294] (-) TimerEvent: {}
[56.046127] (-) TimerEvent: {}
[56.150400] (-) TimerEvent: {}
[56.250990] (-) TimerEvent: {}
[56.294410] (rtabmap) StdoutLine: {'line': b'[ 98%] \x1b[32mBuilding CXX object corelib/src/CMakeFiles/rtabmap_core.dir/optimizer/toro3d/treeoptimizer2.cpp.o\x1b[0m\n'}
[56.339165] (rtabmap) StdoutLine: {'line': b'[ 99%] \x1b[32mBuilding CXX object corelib/src/CMakeFiles/rtabmap_core.dir/global_map/OctoMap.cpp.o\x1b[0m\n'}
[56.351182] (-) TimerEvent: {}
[56.411215] (rtabmap) StdoutLine: {'line': b'[ 99%] \x1b[32mBuilding CXX object corelib/src/CMakeFiles/rtabmap_core.dir/imufilter/MadgwickFilter.cpp.o\x1b[0m\n'}
[56.451345] (-) TimerEvent: {}
[56.555427] (-) TimerEvent: {}
[56.676263] (-) TimerEvent: {}
[56.777213] (-) TimerEvent: {}
[56.878181] (-) TimerEvent: {}
[56.979268] (-) TimerEvent: {}
[57.080284] (-) TimerEvent: {}
[57.180967] (-) TimerEvent: {}
[57.281600] (-) TimerEvent: {}
[57.382240] (-) TimerEvent: {}
[57.483504] (-) TimerEvent: {}
[57.584157] (-) TimerEvent: {}
[57.684730] (-) TimerEvent: {}
[57.785182] (-) TimerEvent: {}
[57.885684] (-) TimerEvent: {}
[57.986219] (-) TimerEvent: {}
[58.086785] (-) TimerEvent: {}
[58.187360] (-) TimerEvent: {}
[58.287936] (-) TimerEvent: {}
[58.388504] (-) TimerEvent: {}
[58.489031] (-) TimerEvent: {}
[58.589577] (-) TimerEvent: {}
[58.690150] (-) TimerEvent: {}
[58.790740] (-) TimerEvent: {}
[58.891350] (-) TimerEvent: {}
[58.991937] (-) TimerEvent: {}
[59.092568] (-) TimerEvent: {}
[59.193144] (-) TimerEvent: {}
[59.293738] (-) TimerEvent: {}
[59.394387] (-) TimerEvent: {}
[59.495183] (-) TimerEvent: {}
[59.595757] (-) TimerEvent: {}
[59.696305] (-) TimerEvent: {}
[59.796849] (-) TimerEvent: {}
[59.897413] (-) TimerEvent: {}
[59.997994] (-) TimerEvent: {}
[60.098679] (-) TimerEvent: {}
[60.199390] (-) TimerEvent: {}
[60.300124] (-) TimerEvent: {}
[60.400677] (-) TimerEvent: {}
[60.501376] (-) TimerEvent: {}
[60.601977] (-) TimerEvent: {}
[60.702631] (-) TimerEvent: {}
[60.803167] (-) TimerEvent: {}
[60.903753] (-) TimerEvent: {}
[61.004328] (-) TimerEvent: {}
[61.104927] (-) TimerEvent: {}
[61.205527] (-) TimerEvent: {}
[61.306119] (-) TimerEvent: {}
[61.406739] (-) TimerEvent: {}
[61.507482] (-) TimerEvent: {}
[61.608133] (-) TimerEvent: {}
[61.708720] (-) TimerEvent: {}
[61.809373] (-) TimerEvent: {}
[61.909913] (-) TimerEvent: {}
[62.010473] (-) TimerEvent: {}
[62.111199] (-) TimerEvent: {}
[62.211751] (-) TimerEvent: {}
[62.312343] (-) TimerEvent: {}
[62.412985] (-) TimerEvent: {}
[62.513533] (-) TimerEvent: {}
[62.614228] (-) TimerEvent: {}
[62.714900] (-) TimerEvent: {}
[62.815487] (-) TimerEvent: {}
[62.915996] (-) TimerEvent: {}
[63.016469] (-) TimerEvent: {}
[63.117080] (-) TimerEvent: {}
[63.217578] (-) TimerEvent: {}
[63.318150] (-) TimerEvent: {}
[63.418796] (-) TimerEvent: {}
[63.519310] (-) TimerEvent: {}
[63.619835] (-) TimerEvent: {}
[63.720466] (-) TimerEvent: {}
[63.821009] (-) TimerEvent: {}
[63.921672] (-) TimerEvent: {}
[64.022365] (-) TimerEvent: {}
[64.123034] (-) TimerEvent: {}
[64.223621] (-) TimerEvent: {}
[64.324309] (-) TimerEvent: {}
[64.424868] (-) TimerEvent: {}
[64.525434] (-) TimerEvent: {}
[64.626058] (-) TimerEvent: {}
[64.726667] (-) TimerEvent: {}
[64.827265] (-) TimerEvent: {}
[64.927965] (-) TimerEvent: {}
[65.028544] (-) TimerEvent: {}
[65.129235] (-) TimerEvent: {}
[65.229802] (-) TimerEvent: {}
[65.330382] (-) TimerEvent: {}
[65.430991] (-) TimerEvent: {}
[65.531738] (-) TimerEvent: {}
[65.632351] (-) TimerEvent: {}
[65.732930] (-) TimerEvent: {}
[65.833535] (-) TimerEvent: {}
[65.934248] (-) TimerEvent: {}
[66.034932] (-) TimerEvent: {}
[66.135514] (-) TimerEvent: {}
[66.236074] (-) TimerEvent: {}
[66.336695] (-) TimerEvent: {}
[66.437387] (-) TimerEvent: {}
[66.538052] (-) TimerEvent: {}
[66.638778] (-) TimerEvent: {}
[66.739525] (-) TimerEvent: {}
[66.840078] (-) TimerEvent: {}
[66.940723] (-) TimerEvent: {}
[67.041279] (-) TimerEvent: {}
[67.141846] (-) TimerEvent: {}
[67.242629] (-) TimerEvent: {}
[67.343263] (-) TimerEvent: {}
[67.444134] (-) TimerEvent: {}
[67.544681] (-) TimerEvent: {}
[67.645397] (-) TimerEvent: {}
[67.746055] (-) TimerEvent: {}
[67.846739] (-) TimerEvent: {}
[67.947407] (-) TimerEvent: {}
[68.048007] (-) TimerEvent: {}
[68.148584] (-) TimerEvent: {}
[68.249158] (-) TimerEvent: {}
[68.349651] (-) TimerEvent: {}
[68.450230] (-) TimerEvent: {}
[68.550839] (-) TimerEvent: {}
[68.651483] (-) TimerEvent: {}
[68.752143] (-) TimerEvent: {}
[68.852663] (-) TimerEvent: {}
[68.953237] (-) TimerEvent: {}
[69.053898] (-) TimerEvent: {}
[69.154567] (-) TimerEvent: {}
[69.255304] (-) TimerEvent: {}
[69.355828] (-) TimerEvent: {}
[69.456371] (-) TimerEvent: {}
[69.556996] (-) TimerEvent: {}
[69.657539] (-) TimerEvent: {}
[69.758171] (-) TimerEvent: {}
[69.858787] (-) TimerEvent: {}
[69.959385] (-) TimerEvent: {}
[70.060029] (-) TimerEvent: {}
[70.160578] (-) TimerEvent: {}
[70.261236] (-) TimerEvent: {}
[70.361820] (-) TimerEvent: {}
[70.462332] (-) TimerEvent: {}
[70.562855] (-) TimerEvent: {}
[70.663363] (-) TimerEvent: {}
[70.763971] (-) TimerEvent: {}
[70.864525] (-) TimerEvent: {}
[70.965204] (-) TimerEvent: {}
[71.065766] (-) TimerEvent: {}
[71.166345] (-) TimerEvent: {}
[71.266957] (-) TimerEvent: {}
[71.367507] (-) TimerEvent: {}
[71.468133] (-) TimerEvent: {}
[71.568663] (-) TimerEvent: {}
[71.669289] (-) TimerEvent: {}
[71.769812] (-) TimerEvent: {}
[71.870479] (-) TimerEvent: {}
[71.971151] (-) TimerEvent: {}
[72.071744] (-) TimerEvent: {}
[72.172383] (-) TimerEvent: {}
[72.273006] (-) TimerEvent: {}
[72.373572] (-) TimerEvent: {}
[72.474307] (-) TimerEvent: {}
[72.575211] (-) TimerEvent: {}
[72.675884] (-) TimerEvent: {}
[72.776544] (-) TimerEvent: {}
[72.877183] (-) TimerEvent: {}
[72.977834] (-) TimerEvent: {}
[73.078492] (-) TimerEvent: {}
[73.179140] (-) TimerEvent: {}
[73.279814] (-) TimerEvent: {}
[73.380545] (-) TimerEvent: {}
[73.481183] (-) TimerEvent: {}
[73.581679] (-) TimerEvent: {}
[73.682186] (-) TimerEvent: {}
[73.782648] (-) TimerEvent: {}
[73.883293] (-) TimerEvent: {}
[73.983846] (-) TimerEvent: {}
[74.084363] (-) TimerEvent: {}
[74.184849] (-) TimerEvent: {}
[74.285451] (-) TimerEvent: {}
[74.386105] (-) TimerEvent: {}
[74.486757] (-) TimerEvent: {}
[74.587442] (-) TimerEvent: {}
[74.688120] (-) TimerEvent: {}
[74.788650] (-) TimerEvent: {}
[74.889294] (-) TimerEvent: {}
[74.989951] (-) TimerEvent: {}
[75.090606] (-) TimerEvent: {}
[75.191282] (-) TimerEvent: {}
[75.292060] (-) TimerEvent: {}
[75.334966] (rtabmap) StdoutLine: {'line': b'[100%] \x1b[32m\x1b[1mLinking CXX shared library ../../bin/librtabmap_core.so\x1b[0m\n'}
[75.392213] (-) TimerEvent: {}
[75.492744] (-) TimerEvent: {}
[75.593244] (-) TimerEvent: {}
[75.693976] (-) TimerEvent: {}
[75.794566] (-) TimerEvent: {}
[75.895170] (-) TimerEvent: {}
[75.995918] (-) TimerEvent: {}
[76.096513] (-) TimerEvent: {}
[76.197204] (-) TimerEvent: {}
[76.297896] (-) TimerEvent: {}
[76.398513] (-) TimerEvent: {}
[76.499300] (-) TimerEvent: {}
[76.600023] (-) TimerEvent: {}
[76.700774] (-) TimerEvent: {}
[76.801429] (-) TimerEvent: {}
[76.902168] (-) TimerEvent: {}
[77.002786] (-) TimerEvent: {}
[77.103540] (-) TimerEvent: {}
[77.204389] (-) TimerEvent: {}
[77.305125] (-) TimerEvent: {}
[77.405832] (-) TimerEvent: {}
[77.506482] (-) TimerEvent: {}
[77.607280] (-) TimerEvent: {}
[77.708193] (-) TimerEvent: {}
[77.808835] (-) TimerEvent: {}
[77.909588] (-) TimerEvent: {}
[78.010469] (-) TimerEvent: {}
[78.111186] (-) TimerEvent: {}
[78.212052] (-) TimerEvent: {}
[78.312708] (-) TimerEvent: {}
[78.413472] (-) TimerEvent: {}
[78.514253] (-) TimerEvent: {}
[78.614995] (-) TimerEvent: {}
[78.715725] (-) TimerEvent: {}
[78.816528] (-) TimerEvent: {}
[78.917280] (-) TimerEvent: {}
[79.018034] (-) TimerEvent: {}
[79.118725] (-) TimerEvent: {}
[79.219317] (-) TimerEvent: {}
[79.319925] (-) TimerEvent: {}
[79.420574] (-) TimerEvent: {}
[79.521267] (-) TimerEvent: {}
[79.621963] (-) TimerEvent: {}
[79.722733] (-) TimerEvent: {}
[79.823399] (-) TimerEvent: {}
[79.924128] (-) TimerEvent: {}
[80.024740] (-) TimerEvent: {}
[80.125385] (-) TimerEvent: {}
[80.226182] (-) TimerEvent: {}
[80.326887] (-) TimerEvent: {}
[80.427507] (-) TimerEvent: {}
[80.528243] (-) TimerEvent: {}
[80.628947] (-) TimerEvent: {}
[80.729563] (-) TimerEvent: {}
[80.766940] (rtabmap) StdoutLine: {'line': b'[100%] Built target rtabmap_core\n'}
[80.781192] (rtabmap) CommandEnded: {'returncode': 0}
[80.829937] (-) TimerEvent: {}
[80.830980] (rtabmap) JobProgress: {'identifier': 'rtabmap', 'progress': 'install'}
[80.831619] (rtabmap) Command: {'cmd': ['/usr/bin/cmake', '--install', '/workspaces/isaac_ros-dev/Development/ros2/build/rtabmap'], 'cwd': '/workspaces/isaac_ros-dev/Development/ros2/build/rtabmap', 'env': OrderedDict([('DALI_BUILD', '5838886'), ('LIBRARY_PATH', '/usr/local/cuda/lib64/stubs:'), ('NVIDIA_CTK_LIBCUDA_DIR', '/usr/lib/x86_64-linux-gnu'), ('PYTHONWARNINGS', 'ignore:::setuptools.command.install,ignore:::setuptools.command.easy_install,ignore:::pkg_resources'), ('USER', 'bp02-ubuntu'), ('TF_ADJUST_SATURATION_FUSED', '1'), ('CUSOLVER_VERSION', '11.4.1.48'), ('HOSTNAME', 'bp02-ubuntu-ROG-Strix-G16-G615LR-G615LR'), ('CUTENSOR_VERSION', '1.6.1.5'), ('SHLVL', '2'), ('LD_LIBRARY_PATH', '/workspace/cartographer_ws/install/pcl_ros/lib:/workspace/cartographer_ws/install/cartographer_rviz/lib:/workspace/cartographer_ws/install/cartographer_ros/lib:/workspace/cartographer_ws/install/pcl_msgs/lib:/workspace/cartographer_ws/install/isaac_ros_tensor_list_interfaces/lib:/workspace/cartographer_ws/install/isaac_ros_pointcloud_interfaces/lib:/workspace/cartographer_ws/install/isaac_ros_nova_interfaces/lib:/workspace/cartographer_ws/install/isaac_ros_nitros_bridge_interfaces/lib:/workspace/cartographer_ws/install/isaac_ros_common/lib:/workspace/cartographer_ws/install/isaac_ros_bi3d_interfaces/lib:/workspace/cartographer_ws/install/isaac_ros_apriltag_interfaces/lib:/workspace/cartographer_ws/install/control_msgs/lib:/workspace/cartographer_ws/install/cartographer_ros_msgs/lib:/opt/ros/humble/opt/rviz_ogre_vendor/lib:/opt/ros/humble/lib/x86_64-linux-gnu:/opt/ros/humble/lib:/opt/tritonserver/backends/onnxruntime:/usr/local/cuda/compat/lib:/usr/local/nvidia/lib:/usr/local/nvidia/lib64:/opt/tritonserver/lib'), ('HOME', '/home/admin'), ('NVIDIA_TRITON_SERVER_VERSION', '22.09'), ('OLDPWD', '/workspaces/isaac_ros-dev/Development/ros2'), ('CUDA_CACHE_DISABLE', '1'), ('ROS_PYTHON_VERSION', '3'), ('USER_UID', '1000'), ('ENV', '/etc/shinit_v2'), ('RDMACORE_VERSION', '36.0'), ('NVJPEG_VERSION', '11.9.0.86'), ('NVIDIA_BUILD_ID', '44909143'), ('CUDA_VERSION', '11.8.0.062'), ('CUBLAS_VERSION', '11.11.3.6'), ('NSIGHT_SYSTEMS_VERSION', '2022.3.1.43'), ('COLCON_PREFIX_PATH', '/workspace/cartographer_ws/install'), ('ROS_DISTRO', 'humble'), ('OPAL_PREFIX', '/opt/hpcx/ompi'), ('NVIDIA_REQUIRE_CUDA', 'cuda>=9.0'), ('TRT_VERSION', '8.5.0.12'), ('GDRCOPY_VERSION', '2.3'), ('_', '/usr/bin/colcon'), ('ROS_VERSION', '2'), ('PKG_CONFIG_PATH', '/workspace/cartographer_ws/install/cartographer/lib/x86_64-linux-gnu/pkgconfig:/workspace/cartographer_ws/install/cartographer/lib/pkgconfig'), ('NVIDIA_DRIVER_CAPABILITIES', 'all'), ('POLYGRAPHY_VERSION', '0.38.0'), ('CURAND_VERSION', '10.3.0.86'), ('MOFED_VERSION', '5.4-rdmacore36.0'), ('USERNAME', 'admin'), ('TERM', 'xterm'), ('ROS_LOCALHOST_ONLY', '0'), ('PATH', '/workspace/cartographer_ws/install/cartographer/bin:/opt/ros/humble/bin:/opt/tritonserver/bin:/usr/local/mpi/bin:/usr/local/nvidia/bin:/usr/local/cuda/bin:/usr/local/sbin:/usr/local/bin:/usr/sbin:/usr/bin:/sbin:/bin:/usr/local/ucx/bin:/opt/nvidia/tao'), ('FASTRTPS_DEFAULT_PROFILES_FILE', '/usr/local/share/middleware_profiles/rtps_udp_profile.xml'), ('CUDA_DRIVER_VERSION', '520.61.03'), ('_CUDA_COMPAT_STATUS', 'System has unsupported display driver / cuda driver combination (CUDA_ERROR_SYSTEM_DRIVER_MISMATCH) cuInit()=803'), ('DISPLAY', ':1'), ('NVIDIA_PRODUCT_NAME', 'Triton Server'), ('LANG', 'en_US.UTF-8'), ('RMW_IMPLEMENTATION', 'rmw_fastrtps_cpp'), ('NPP_VERSION', '11.8.0.86'), ('ROS_ROOT', '/opt/ros/humble'), ('CUFFT_VERSION', '10.9.0.58'), ('TF_ENABLE_WINOGRAD_NONFUSED', '1'), ('AMENT_PREFIX_PATH', '/workspace/cartographer_ws/install/perception_pcl:/workspace/cartographer_ws/install/pcl_ros:/workspace/cartographer_ws/install/cartographer_rviz:/workspace/cartographer_ws/install/cartographer_ros:/workspace/cartographer_ws/install/pcl_conversions:/workspace/cartographer_ws/install/pcl_msgs:/workspace/cartographer_ws/install/isaac_ros_test:/workspace/cartographer_ws/install/isaac_ros_tensor_list_interfaces:/workspace/cartographer_ws/install/isaac_ros_pointcloud_interfaces:/workspace/cartographer_ws/install/isaac_ros_nova_interfaces:/workspace/cartographer_ws/install/isaac_ros_nitros_bridge_interfaces:/workspace/cartographer_ws/install/isaac_ros_common:/workspace/cartographer_ws/install/isaac_ros_bi3d_interfaces:/workspace/cartographer_ws/install/isaac_ros_apriltag_interfaces:/workspace/cartographer_ws/install/control_msgs:/workspace/cartographer_ws/install/cartographer_ros_msgs:/opt/ros/humble'), ('CUDNN_VERSION', '8.6.0.163'), ('NSIGHT_COMPUTE_VERSION', '2022.3.0.22'), ('DALI_VERSION', '1.17.0'), ('DEBIAN_FRONTEND', 'noninteractive'), ('SHELL', '/bin/bash'), ('DCGM_VERSION', '2.2.9'), ('OPENMPI_VERSION', '4.1.4'), ('TRTOSS_VERSION', ''), ('OMPI_MCA_coll_hcoll_enable', '0'), ('CUSPARSE_VERSION', '11.7.5.86'), ('TRITON_SERVER_GPU_ENABLED', '1'), ('TRITON_SERVER_VERSION', '2.26.0'), ('BASH_ENV', '/etc/bash.bashrc'), ('PWD', '/workspaces/isaac_ros-dev/Development/ros2/build/rtabmap'), ('PYTHONPATH', '/workspace/cartographer_ws/install/pcl_msgs/lib/python3.8/site-packages:/workspace/cartographer_ws/build/isaac_ros_test:/workspace/cartographer_ws/install/isaac_ros_test/lib/python3.8/site-packages:/workspace/cartographer_ws/install/isaac_ros_tensor_list_interfaces/lib/python3.8/site-packages:/workspace/cartographer_ws/install/isaac_ros_pointcloud_interfaces/lib/python3.8/site-packages:/workspace/cartographer_ws/install/isaac_ros_nova_interfaces/lib/python3.8/site-packages:/workspace/cartographer_ws/install/isaac_ros_nitros_bridge_interfaces/lib/python3.8/site-packages:/workspace/cartographer_ws/install/isaac_ros_bi3d_interfaces/lib/python3.8/site-packages:/workspace/cartographer_ws/install/isaac_ros_apriltag_interfaces/lib/python3.8/site-packages:/workspace/cartographer_ws/install/control_msgs/lib/python3.8/site-packages:/workspace/cartographer_ws/install/cartographer_ros_msgs/lib/python3.8/site-packages:/opt/ros/humble/lib/python3.8/site-packages:/home/Quanser/0_libraries/python'), ('_CUDA_COMPAT_PATH', '/usr/local/cuda/compat'), ('TRITON_SERVER_USER', 'triton-server'), ('TF_ADJUST_HUE_FUSED', '1'), ('NVIDIA_VISIBLE_DEVICES', 'void'), ('NCCL_VERSION', '2.15.1'), ('USER_GID', '1000'), ('COLCON', '1'), ('OPENUCX_VERSION', '1.14.0'), ('HPCX_VERSION', '2.12.1a0'), ('SHARP_COLL_ENABLE_CUDA', '0'), ('CMAKE_PREFIX_PATH', '/workspace/cartographer_ws/install/perception_pcl:/workspace/cartographer_ws/install/pcl_ros:/workspace/cartographer_ws/install/cartographer_rviz:/workspace/cartographer_ws/install/cartographer_ros:/workspace/cartographer_ws/install/pcl_conversions:/workspace/cartographer_ws/install/pcl_msgs:/workspace/cartographer_ws/install/isaac_ros_tensor_list_interfaces:/workspace/cartographer_ws/install/isaac_ros_pointcloud_interfaces:/workspace/cartographer_ws/install/isaac_ros_nova_interfaces:/workspace/cartographer_ws/install/isaac_ros_nitros_bridge_interfaces:/workspace/cartographer_ws/install/isaac_ros_common:/workspace/cartographer_ws/install/isaac_ros_bi3d_interfaces:/workspace/cartographer_ws/install/isaac_ros_apriltag_interfaces:/workspace/cartographer_ws/install/control_msgs:/workspace/cartographer_ws/install/cartographer_ros_msgs:/workspace/cartographer_ws/install/cartographer:/workspace/cartographer_ws/install/absl:/workspace/cartographer_ws/install/isaac_ros_test:/opt/ros/humble'), ('TF_AUTOTUNE_THRESHOLD', '2')]), 'shell': False}
[80.842709] (rtabmap) StdoutLine: {'line': b'-- Install configuration: "Release"\n'}
[80.843279] (rtabmap) StdoutLine: {'line': b'-- Installing: /workspaces/isaac_ros-dev/Development/ros2/install/rtabmap/lib/librtabmap_utilite.so.0.23.6\n'}
[80.843714] (rtabmap) StdoutLine: {'line': b'-- Installing: /workspaces/isaac_ros-dev/Development/ros2/install/rtabmap/lib/librtabmap_utilite.so.0.23\n'}
[80.843850] (rtabmap) StdoutLine: {'line': b'-- Installing: /workspaces/isaac_ros-dev/Development/ros2/install/rtabmap/lib/librtabmap_utilite.so\n'}
[80.843957] (rtabmap) StdoutLine: {'line': b'-- Installing: /workspaces/isaac_ros-dev/Development/ros2/install/rtabmap/include/rtabmap-0.23/rtabmap\n'}
[80.844103] (rtabmap) StdoutLine: {'line': b'-- Installing: /workspaces/isaac_ros-dev/Development/ros2/install/rtabmap/include/rtabmap-0.23/rtabmap/utilite\n'}
[80.844295] (rtabmap) StdoutLine: {'line': b'-- Installing: /workspaces/isaac_ros-dev/Development/ros2/install/rtabmap/include/rtabmap-0.23/rtabmap/utilite/UDestroyer.h\n'}
[80.844397] (rtabmap) StdoutLine: {'line': b'-- Installing: /workspaces/isaac_ros-dev/Development/ros2/install/rtabmap/include/rtabmap-0.23/rtabmap/utilite/UFile.h\n'}
[80.844550] (rtabmap) StdoutLine: {'line': b'-- Installing: /workspaces/isaac_ros-dev/Development/ros2/install/rtabmap/include/rtabmap-0.23/rtabmap/utilite/UVariant.h\n'}
[80.844621] (rtabmap) StdoutLine: {'line': b'-- Installing: /workspaces/isaac_ros-dev/Development/ros2/install/rtabmap/include/rtabmap-0.23/rtabmap/utilite/UMath.h\n'}
[80.844818] (rtabmap) StdoutLine: {'line': b'-- Installing: /workspaces/isaac_ros-dev/Development/ros2/install/rtabmap/include/rtabmap-0.23/rtabmap/utilite/UMutex.h\n'}
[80.844890] (rtabmap) StdoutLine: {'line': b'-- Installing: /workspaces/isaac_ros-dev/Development/ros2/install/rtabmap/include/rtabmap-0.23/rtabmap/utilite/UConversion.h\n'}
[80.845023] (rtabmap) StdoutLine: {'line': b'-- Installing: /workspaces/isaac_ros-dev/Development/ros2/install/rtabmap/include/rtabmap-0.23/rtabmap/utilite/UObjDeletionThread.h\n'}
[80.845712] (rtabmap) StdoutLine: {'line': b'-- Installing: /workspaces/isaac_ros-dev/Development/ros2/install/rtabmap/include/rtabmap-0.23/rtabmap/utilite/UProcessInfo.h\n'}
[80.845975] (rtabmap) StdoutLine: {'line': b'-- Installing: /workspaces/isaac_ros-dev/Development/ros2/install/rtabmap/include/rtabmap-0.23/rtabmap/utilite/ULogger.h\n'}
[80.846079] (rtabmap) StdoutLine: {'line': b'-- Installing: /workspaces/isaac_ros-dev/Development/ros2/install/rtabmap/include/rtabmap-0.23/rtabmap/utilite/UEventsSender.h\n'}
[80.846265] (rtabmap) StdoutLine: {'line': b'-- Installing: /workspaces/isaac_ros-dev/Development/ros2/install/rtabmap/include/rtabmap-0.23/rtabmap/utilite/UEvent.h\n'}
[80.846339] (rtabmap) StdoutLine: {'line': b'-- Installing: /workspaces/isaac_ros-dev/Development/ros2/install/rtabmap/include/rtabmap-0.23/rtabmap/utilite/UTimer.h\n'}
[80.846450] (rtabmap) StdoutLine: {'line': b'-- Installing: /workspaces/isaac_ros-dev/Development/ros2/install/rtabmap/include/rtabmap-0.23/rtabmap/utilite/Win32\n'}
[80.846529] (rtabmap) StdoutLine: {'line': b'-- Installing: /workspaces/isaac_ros-dev/Development/ros2/install/rtabmap/include/rtabmap-0.23/rtabmap/utilite/Win32/UThreadC.h\n'}
[80.846748] (rtabmap) StdoutLine: {'line': b'-- Installing: /workspaces/isaac_ros-dev/Development/ros2/install/rtabmap/include/rtabmap-0.23/rtabmap/utilite/Win32/UWin32.h\n'}
[80.846884] (rtabmap) StdoutLine: {'line': b'-- Installing: /workspaces/isaac_ros-dev/Development/ros2/install/rtabmap/include/rtabmap-0.23/rtabmap/utilite/UEventsManager.h\n'}
[80.847043] (rtabmap) StdoutLine: {'line': b'-- Installing: /workspaces/isaac_ros-dev/Development/ros2/install/rtabmap/include/rtabmap-0.23/rtabmap/utilite/UThreadC.h\n'}
[80.847332] (rtabmap) StdoutLine: {'line': b'-- Installing: /workspaces/isaac_ros-dev/Development/ros2/install/rtabmap/include/rtabmap-0.23/rtabmap/utilite/UException.h\n'}
[80.847406] (rtabmap) StdoutLine: {'line': b'-- Installing: /workspaces/isaac_ros-dev/Development/ros2/install/rtabmap/include/rtabmap-0.23/rtabmap/utilite/UThreadNode.h\n'}
[80.847532] (rtabmap) StdoutLine: {'line': b'-- Installing: /workspaces/isaac_ros-dev/Development/ros2/install/rtabmap/include/rtabmap-0.23/rtabmap/utilite/UEventsHandler.h\n'}
[80.847601] (rtabmap) StdoutLine: {'line': b'-- Installing: /workspaces/isaac_ros-dev/Development/ros2/install/rtabmap/include/rtabmap-0.23/rtabmap/utilite/UStl.h\n'}
[80.847759] (rtabmap) StdoutLine: {'line': b'-- Installing: /workspaces/isaac_ros-dev/Development/ros2/install/rtabmap/include/rtabmap-0.23/rtabmap/utilite/UDirectory.h\n'}
[80.847829] (rtabmap) StdoutLine: {'line': b'-- Installing: /workspaces/isaac_ros-dev/Development/ros2/install/rtabmap/include/rtabmap-0.23/rtabmap/utilite/USemaphore.h\n'}
[80.847913] (rtabmap) StdoutLine: {'line': b'-- Installing: /workspaces/isaac_ros-dev/Development/ros2/install/rtabmap/include/rtabmap-0.23/rtabmap/utilite/UtiLite.h\n'}
[80.848003] (rtabmap) StdoutLine: {'line': b'-- Installing: /workspaces/isaac_ros-dev/Development/ros2/install/rtabmap/include/rtabmap-0.23/rtabmap/utilite/UThread.h\n'}
[80.848098] (rtabmap) StdoutLine: {'line': b'-- Installing: /workspaces/isaac_ros-dev/Development/ros2/install/rtabmap/include/rtabmap-0.23/rtabmap/utilite/Posix\n'}
[80.848330] (rtabmap) StdoutLine: {'line': b'-- Installing: /workspaces/isaac_ros-dev/Development/ros2/install/rtabmap/include/rtabmap-0.23/rtabmap/utilite/Posix/UThreadC.h\n'}
[80.848425] (rtabmap) StdoutLine: {'line': b'-- Up-to-date: /workspaces/isaac_ros-dev/Development/ros2/install/rtabmap/include/rtabmap-0.23/rtabmap\n'}
[80.848492] (rtabmap) StdoutLine: {'line': b'-- Up-to-date: /workspaces/isaac_ros-dev/Development/ros2/install/rtabmap/include/rtabmap-0.23/rtabmap/utilite\n'}
[80.848574] (rtabmap) StdoutLine: {'line': b'-- Installing: /workspaces/isaac_ros-dev/Development/ros2/install/rtabmap/include/rtabmap-0.23/rtabmap/utilite/utilite_export.h\n'}
[80.848655] (rtabmap) StdoutLine: {'line': b'-- Installing: /workspaces/isaac_ros-dev/Development/ros2/install/rtabmap/lib/rtabmap-0.23/RTABMap_utiliteTargets.cmake\n'}
[80.848807] (rtabmap) StdoutLine: {'line': b'-- Installing: /workspaces/isaac_ros-dev/Development/ros2/install/rtabmap/lib/rtabmap-0.23/RTABMap_utiliteTargets-release.cmake\n'}
[80.849256] (rtabmap) StdoutLine: {'line': b'-- Installing: /workspaces/isaac_ros-dev/Development/ros2/install/rtabmap/bin/rtabmap-res_tool-0.3.0\n'}
[80.849403] (rtabmap) StdoutLine: {'line': b'-- Installing: /workspaces/isaac_ros-dev/Development/ros2/install/rtabmap/bin/rtabmap-res_tool\n'}
[80.849712] (rtabmap) StdoutLine: {'line': b'-- Set runtime path of "/workspaces/isaac_ros-dev/Development/ros2/install/rtabmap/bin/rtabmap-res_tool-0.3.0" to ""\n'}
[80.850255] (rtabmap) StdoutLine: {'line': b'-- Installing: /workspaces/isaac_ros-dev/Development/ros2/install/rtabmap/lib/librtabmap_core.so.0.23.6\n'}
[80.861399] (rtabmap) StdoutLine: {'line': b'-- Installing: /workspaces/isaac_ros-dev/Development/ros2/install/rtabmap/lib/librtabmap_core.so.0.23\n'}
[80.861757] (rtabmap) StdoutLine: {'line': b'-- Set runtime path of "/workspaces/isaac_ros-dev/Development/ros2/install/rtabmap/lib/librtabmap_core.so.0.23.6" to ""\n'}
[80.861864] (rtabmap) StdoutLine: {'line': b'-- Installing: /workspaces/isaac_ros-dev/Development/ros2/install/rtabmap/lib/librtabmap_core.so\n'}
[80.861973] (rtabmap) StdoutLine: {'line': b'-- Up-to-date: /workspaces/isaac_ros-dev/Development/ros2/install/rtabmap/include/rtabmap-0.23/rtabmap\n'}
[80.862050] (rtabmap) StdoutLine: {'line': b'-- Installing: /workspaces/isaac_ros-dev/Development/ros2/install/rtabmap/include/rtabmap-0.23/rtabmap/core\n'}
[80.862225] (rtabmap) StdoutLine: {'line': b'-- Installing: /workspaces/isaac_ros-dev/Development/ros2/install/rtabmap/include/rtabmap-0.23/rtabmap/core/Registration.h\n'}
[80.862370] (rtabmap) StdoutLine: {'line': b'-- Installing: /workspaces/isaac_ros-dev/Development/ros2/install/rtabmap/include/rtabmap-0.23/rtabmap/core/LaserScan.h\n'}
[80.862485] (rtabmap) StdoutLine: {'line': b'-- Installing: /workspaces/isaac_ros-dev/Development/ros2/install/rtabmap/include/rtabmap-0.23/rtabmap/core/OdometryEvent.h\n'}
[80.862588] (rtabmap) StdoutLine: {'line': b'-- Installing: /workspaces/isaac_ros-dev/Development/ros2/install/rtabmap/include/rtabmap-0.23/rtabmap/core/camera\n'}
[80.862683] (rtabmap) StdoutLine: {'line': b'-- Installing: /workspaces/isaac_ros-dev/Development/ros2/install/rtabmap/include/rtabmap-0.23/rtabmap/core/camera/CameraStereoZed.h\n'}
[80.862788] (rtabmap) StdoutLine: {'line': b'-- Installing: /workspaces/isaac_ros-dev/Development/ros2/install/rtabmap/include/rtabmap-0.23/rtabmap/core/camera/CameraStereoTara.h\n'}
[80.862893] (rtabmap) StdoutLine: {'line': b'-- Installing: /workspaces/isaac_ros-dev/Development/ros2/install/rtabmap/include/rtabmap-0.23/rtabmap/core/camera/CameraStereoFlyCapture2.h\n'}
[80.862994] (rtabmap) StdoutLine: {'line': b'-- Installing: /workspaces/isaac_ros-dev/Development/ros2/install/rtabmap/include/rtabmap-0.23/rtabmap/core/camera/CameraImages.h\n'}
[80.863108] (rtabmap) StdoutLine: {'line': b'-- Installing: /workspaces/isaac_ros-dev/Development/ros2/install/rtabmap/include/rtabmap-0.23/rtabmap/core/camera/CameraStereoDC1394.h\n'}
[80.863223] (rtabmap) StdoutLine: {'line': b'-- Installing: /workspaces/isaac_ros-dev/Development/ros2/install/rtabmap/include/rtabmap-0.23/rtabmap/core/camera/CameraOrbbecSDK.h\n'}
[80.863328] (rtabmap) StdoutLine: {'line': b'-- Installing: /workspaces/isaac_ros-dev/Development/ros2/install/rtabmap/include/rtabmap-0.23/rtabmap/core/camera/CameraK4W2.h\n'}
[80.863431] (rtabmap) StdoutLine: {'line': b'-- Installing: /workspaces/isaac_ros-dev/Development/ros2/install/rtabmap/include/rtabmap-0.23/rtabmap/core/camera/CameraStereoZedOC.h\n'}
[80.863532] (rtabmap) StdoutLine: {'line': b'-- Installing: /workspaces/isaac_ros-dev/Development/ros2/install/rtabmap/include/rtabmap-0.23/rtabmap/core/camera/CameraSeerSense.h\n'}
[80.863634] (rtabmap) StdoutLine: {'line': b'-- Installing: /workspaces/isaac_ros-dev/Development/ros2/install/rtabmap/include/rtabmap-0.23/rtabmap/core/camera/CameraRGBDImages.h\n'}
[80.863738] (rtabmap) StdoutLine: {'line': b'-- Installing: /workspaces/isaac_ros-dev/Development/ros2/install/rtabmap/include/rtabmap-0.23/rtabmap/core/camera/CameraRealSense.h\n'}
[80.863841] (rtabmap) StdoutLine: {'line': b'-- Installing: /workspaces/isaac_ros-dev/Development/ros2/install/rtabmap/include/rtabmap-0.23/rtabmap/core/camera/CameraVideo.h\n'}
[80.863941] (rtabmap) StdoutLine: {'line': b'-- Installing: /workspaces/isaac_ros-dev/Development/ros2/install/rtabmap/include/rtabmap-0.23/rtabmap/core/camera/CameraStereoImages.h\n'}
[80.864043] (rtabmap) StdoutLine: {'line': b'-- Installing: /workspaces/isaac_ros-dev/Development/ros2/install/rtabmap/include/rtabmap-0.23/rtabmap/core/camera/CameraOpenNI2.h\n'}
[80.864153] (rtabmap) StdoutLine: {'line': b'-- Installing: /workspaces/isaac_ros-dev/Development/ros2/install/rtabmap/include/rtabmap-0.23/rtabmap/core/camera/CameraOpenNICV.h\n'}
[80.864256] (rtabmap) StdoutLine: {'line': b'-- Installing: /workspaces/isaac_ros-dev/Development/ros2/install/rtabmap/include/rtabmap-0.23/rtabmap/core/camera/CameraRealSense2.h\n'}
[80.864365] (rtabmap) StdoutLine: {'line': b'-- Installing: /workspaces/isaac_ros-dev/Development/ros2/install/rtabmap/include/rtabmap-0.23/rtabmap/core/camera/CameraDepthAI.h\n'}
[80.864470] (rtabmap) StdoutLine: {'line': b'-- Installing: /workspaces/isaac_ros-dev/Development/ros2/install/rtabmap/include/rtabmap-0.23/rtabmap/core/camera/CameraStereoVideo.h\n'}
[80.864571] (rtabmap) StdoutLine: {'line': b'-- Installing: /workspaces/isaac_ros-dev/Development/ros2/install/rtabmap/include/rtabmap-0.23/rtabmap/core/camera/CameraOpenni.h\n'}
[80.864672] (rtabmap) StdoutLine: {'line': b'-- Installing: /workspaces/isaac_ros-dev/Development/ros2/install/rtabmap/include/rtabmap-0.23/rtabmap/core/camera/CameraFreenect.h\n'}
[80.864778] (rtabmap) StdoutLine: {'line': b'-- Installing: /workspaces/isaac_ros-dev/Development/ros2/install/rtabmap/include/rtabmap-0.23/rtabmap/core/camera/CameraMyntEye.h\n'}
[80.864905] (rtabmap) StdoutLine: {'line': b'-- Installing: /workspaces/isaac_ros-dev/Development/ros2/install/rtabmap/include/rtabmap-0.23/rtabmap/core/camera/CameraFreenect2.h\n'}
[80.865048] (rtabmap) StdoutLine: {'line': b'-- Installing: /workspaces/isaac_ros-dev/Development/ros2/install/rtabmap/include/rtabmap-0.23/rtabmap/core/camera/CameraK4A.h\n'}
[80.865215] (rtabmap) StdoutLine: {'line': b'-- Installing: /workspaces/isaac_ros-dev/Development/ros2/install/rtabmap/include/rtabmap-0.23/rtabmap/core/util3d.h\n'}
[80.865398] (rtabmap) StdoutLine: {'line': b'-- Installing: /workspaces/isaac_ros-dev/Development/ros2/install/rtabmap/include/rtabmap-0.23/rtabmap/core/IMUThread.h\n'}
[80.865538] (rtabmap) StdoutLine: {'line': b'-- Installing: /workspaces/isaac_ros-dev/Development/ros2/install/rtabmap/include/rtabmap-0.23/rtabmap/core/CameraModel.h\n'}
[80.865666] (rtabmap) StdoutLine: {'line': b'-- Installing: /workspaces/isaac_ros-dev/Development/ros2/install/rtabmap/include/rtabmap-0.23/rtabmap/core/GlobalDescriptorExtractor.h\n'}
[80.865768] (rtabmap) StdoutLine: {'line': b'-- Installing: /workspaces/isaac_ros-dev/Development/ros2/install/rtabmap/include/rtabmap-0.23/rtabmap/core/util3d_filtering.h\n'}
[80.865915] (rtabmap) StdoutLine: {'line': b'-- Installing: /workspaces/isaac_ros-dev/Development/ros2/install/rtabmap/include/rtabmap-0.23/rtabmap/core/GPS.h\n'}
[80.866012] (rtabmap) StdoutLine: {'line': b'-- Installing: /workspaces/isaac_ros-dev/Development/ros2/install/rtabmap/include/rtabmap-0.23/rtabmap/core/stereo\n'}
[80.866105] (rtabmap) StdoutLine: {'line': b'-- Installing: /workspaces/isaac_ros-dev/Development/ros2/install/rtabmap/include/rtabmap-0.23/rtabmap/core/stereo/StereoSGBM.h\n'}
[80.866218] (rtabmap) StdoutLine: {'line': b'-- Installing: /workspaces/isaac_ros-dev/Development/ros2/install/rtabmap/include/rtabmap-0.23/rtabmap/core/stereo/stereoRectifyFisheye.h\n'}
[80.866378] (rtabmap) StdoutLine: {'line': b'-- Installing: /workspaces/isaac_ros-dev/Development/ros2/install/rtabmap/include/rtabmap-0.23/rtabmap/core/stereo/StereoBM.h\n'}
[80.866575] (rtabmap) StdoutLine: {'line': b'-- Installing: /workspaces/isaac_ros-dev/Development/ros2/install/rtabmap/include/rtabmap-0.23/rtabmap/core/BayesFilter.h\n'}
[80.866656] (rtabmap) StdoutLine: {'line': b'-- Installing: /workspaces/isaac_ros-dev/Development/ros2/install/rtabmap/include/rtabmap-0.23/rtabmap/core/Stereo.h\n'}
[80.866731] (rtabmap) StdoutLine: {'line': b'-- Installing: /workspaces/isaac_ros-dev/Development/ros2/install/rtabmap/include/rtabmap-0.23/rtabmap/core/GlobalMap.h\n'}
[80.866809] (rtabmap) StdoutLine: {'line': b'-- Installing: /workspaces/isaac_ros-dev/Development/ros2/install/rtabmap/include/rtabmap-0.23/rtabmap/core/Recovery.h\n'}
[80.866894] (rtabmap) StdoutLine: {'line': b'-- Installing: /workspaces/isaac_ros-dev/Development/ros2/install/rtabmap/include/rtabmap-0.23/rtabmap/core/Features2d.h\n'}
[80.867010] (rtabmap) StdoutLine: {'line': b'-- Installing: /workspaces/isaac_ros-dev/Development/ros2/install/rtabmap/include/rtabmap-0.23/rtabmap/core/EnvSensor.h\n'}
[80.867114] (rtabmap) StdoutLine: {'line': b'-- Installing: /workspaces/isaac_ros-dev/Development/ros2/install/rtabmap/include/rtabmap-0.23/rtabmap/core/OdometryInfo.h\n'}
[80.867218] (rtabmap) StdoutLine: {'line': b'-- Installing: /workspaces/isaac_ros-dev/Development/ros2/install/rtabmap/include/rtabmap-0.23/rtabmap/core/GainCompensator.h\n'}
[80.867326] (rtabmap) StdoutLine: {'line': b'-- Installing: /workspaces/isaac_ros-dev/Development/ros2/install/rtabmap/include/rtabmap-0.23/rtabmap/core/Optimizer.h\n'}
[80.867432] (rtabmap) StdoutLine: {'line': b'-- Installing: /workspaces/isaac_ros-dev/Development/ros2/install/rtabmap/include/rtabmap-0.23/rtabmap/core/CameraThread.h\n'}
[80.868217] (rtabmap) StdoutLine: {'line': b'-- Installing: /workspaces/isaac_ros-dev/Development/ros2/install/rtabmap/include/rtabmap-0.23/rtabmap/core/IMUFilter.h\n'}
[80.868503] (rtabmap) StdoutLine: {'line': b'-- Installing: /workspaces/isaac_ros-dev/Development/ros2/install/rtabmap/include/rtabmap-0.23/rtabmap/core/RegistrationInfo.h\n'}
[80.868667] (rtabmap) StdoutLine: {'line': b'-- Installing: /workspaces/isaac_ros-dev/Development/ros2/install/rtabmap/include/rtabmap-0.23/rtabmap/core/DBReader.h\n'}
[80.868765] (rtabmap) StdoutLine: {'line': b'-- Installing: /workspaces/isaac_ros-dev/Development/ros2/install/rtabmap/include/rtabmap-0.23/rtabmap/core/util3d_motion_estimation.h\n'}
[80.868851] (rtabmap) StdoutLine: {'line': b'-- Installing: /workspaces/isaac_ros-dev/Development/ros2/install/rtabmap/include/rtabmap-0.23/rtabmap/core/impl\n'}
[80.868921] (rtabmap) StdoutLine: {'line': b'-- Installing: /workspaces/isaac_ros-dev/Development/ros2/install/rtabmap/include/rtabmap-0.23/rtabmap/core/impl/util3d.hpp\n'}
[80.869002] (rtabmap) StdoutLine: {'line': b'-- Installing: /workspaces/isaac_ros-dev/Development/ros2/install/rtabmap/include/rtabmap-0.23/rtabmap/core/impl/LocalMapMaker.hpp\n'}
[80.869090] (rtabmap) StdoutLine: {'line': b'-- Installing: /workspaces/isaac_ros-dev/Development/ros2/install/rtabmap/include/rtabmap-0.23/rtabmap/core/impl/util3d_mapping.hpp\n'}
[80.869506] (rtabmap) StdoutLine: {'line': b'-- Installing: /workspaces/isaac_ros-dev/Development/ros2/install/rtabmap/include/rtabmap-0.23/rtabmap/core/impl/util3d_surface.hpp\n'}
[80.869643] (rtabmap) StdoutLine: {'line': b'-- Installing: /workspaces/isaac_ros-dev/Development/ros2/install/rtabmap/include/rtabmap-0.23/rtabmap/core/LocalGridMaker.h\n'}
[80.869731] (rtabmap) StdoutLine: {'line': b'-- Installing: /workspaces/isaac_ros-dev/Development/ros2/install/rtabmap/include/rtabmap-0.23/rtabmap/core/util3d_registration.h\n'}
[80.869811] (rtabmap) StdoutLine: {'line': b'-- Installing: /workspaces/isaac_ros-dev/Development/ros2/install/rtabmap/include/rtabmap-0.23/rtabmap/core/util2d.h\n'}
[80.869938] (rtabmap) StdoutLine: {'line': b'-- Installing: /workspaces/isaac_ros-dev/Development/ros2/install/rtabmap/include/rtabmap-0.23/rtabmap/core/UserDataEvent.h\n'}
[80.870006] (rtabmap) StdoutLine: {'line': b'-- Installing: /workspaces/isaac_ros-dev/Development/ros2/install/rtabmap/include/rtabmap-0.23/rtabmap/core/CameraInfo.h\n'}
[80.870072] (rtabmap) StdoutLine: {'line': b'-- Installing: /workspaces/isaac_ros-dev/Development/ros2/install/rtabmap/include/rtabmap-0.23/rtabmap/core/PDALWriter.h\n'}
[80.870341] (rtabmap) StdoutLine: {'line': b'-- Installing: /workspaces/isaac_ros-dev/Development/ros2/install/rtabmap/include/rtabmap-0.23/rtabmap/core/Landmark.h\n'}
[80.870446] (rtabmap) StdoutLine: {'line': b'-- Installing: /workspaces/isaac_ros-dev/Development/ros2/install/rtabmap/include/rtabmap-0.23/rtabmap/core/ParticleFilter.h\n'}
[80.870537] (rtabmap) StdoutLine: {'line': b'-- Installing: /workspaces/isaac_ros-dev/Development/ros2/install/rtabmap/include/rtabmap-0.23/rtabmap/core/OdometryThread.h\n'}
[80.870630] (rtabmap) StdoutLine: {'line': b'-- Installing: /workspaces/isaac_ros-dev/Development/ros2/install/rtabmap/include/rtabmap-0.23/rtabmap/core/rvl_codec.h\n'}
[80.870718] (rtabmap) StdoutLine: {'line': b'-- Installing: /workspaces/isaac_ros-dev/Development/ros2/install/rtabmap/include/rtabmap-0.23/rtabmap/core/util3d_features.h\n'}
[80.870809] (rtabmap) StdoutLine: {'line': b'-- Installing: /workspaces/isaac_ros-dev/Development/ros2/install/rtabmap/include/rtabmap-0.23/rtabmap/core/GlobalDescriptor.h\n'}
[80.870873] (rtabmap) StdoutLine: {'line': b'-- Installing: /workspaces/isaac_ros-dev/Development/ros2/install/rtabmap/include/rtabmap-0.23/rtabmap/core/Compression.h\n'}
[80.870960] (rtabmap) StdoutLine: {'line': b'-- Installing: /workspaces/isaac_ros-dev/Development/ros2/install/rtabmap/include/rtabmap-0.23/rtabmap/core/Rtabmap.h\n'}
[80.871024] (rtabmap) StdoutLine: {'line': b'-- Installing: /workspaces/isaac_ros-dev/Development/ros2/install/rtabmap/include/rtabmap-0.23/rtabmap/core/RegistrationIcp.h\n'}
[80.871114] (rtabmap) StdoutLine: {'line': b'-- Installing: /workspaces/isaac_ros-dev/Development/ros2/install/rtabmap/include/rtabmap-0.23/rtabmap/core/Odometry.h\n'}
[80.871253] (rtabmap) StdoutLine: {'line': b'-- Installing: /workspaces/isaac_ros-dev/Development/ros2/install/rtabmap/include/rtabmap-0.23/rtabmap/core/ProgressState.h\n'}
[80.871363] (rtabmap) StdoutLine: {'line': b'-- Installing: /workspaces/isaac_ros-dev/Development/ros2/install/rtabmap/include/rtabmap-0.23/rtabmap/core/Parameters.h\n'}
[80.871578] (rtabmap) StdoutLine: {'line': b'-- Installing: /workspaces/isaac_ros-dev/Development/ros2/install/rtabmap/include/rtabmap-0.23/rtabmap/core/OctoMap.h\n'}
[80.871787] (rtabmap) StdoutLine: {'line': b'-- Installing: /workspaces/isaac_ros-dev/Development/ros2/install/rtabmap/include/rtabmap-0.23/rtabmap/core/lidar\n'}
[80.871873] (rtabmap) StdoutLine: {'line': b'-- Installing: /workspaces/isaac_ros-dev/Development/ros2/install/rtabmap/include/rtabmap-0.23/rtabmap/core/lidar/LidarVLP16.h\n'}
[80.871965] (rtabmap) StdoutLine: {'line': b'-- Installing: /workspaces/isaac_ros-dev/Development/ros2/install/rtabmap/include/rtabmap-0.23/rtabmap/core/SensorCaptureInfo.h\n'}
[80.872071] (rtabmap) StdoutLine: {'line': b'-- Installing: /workspaces/isaac_ros-dev/Development/ros2/install/rtabmap/include/rtabmap-0.23/rtabmap/core/LASWriter.h\n'}
[80.872270] (rtabmap) StdoutLine: {'line': b'-- Installing: /workspaces/isaac_ros-dev/Development/ros2/install/rtabmap/include/rtabmap-0.23/rtabmap/core/RegistrationVis.h\n'}
[80.872376] (rtabmap) StdoutLine: {'line': b'-- Installing: /workspaces/isaac_ros-dev/Development/ros2/install/rtabmap/include/rtabmap-0.23/rtabmap/core/Transform.h\n'}
[80.872485] (rtabmap) StdoutLine: {'line': b'-- Installing: /workspaces/isaac_ros-dev/Development/ros2/install/rtabmap/include/rtabmap-0.23/rtabmap/core/ParamEvent.h\n'}
[80.872593] (rtabmap) StdoutLine: {'line': b'-- Installing: /workspaces/isaac_ros-dev/Development/ros2/install/rtabmap/include/rtabmap-0.23/rtabmap/core/Graph.h\n'}
[80.872715] (rtabmap) StdoutLine: {'line': b'-- Installing: /workspaces/isaac_ros-dev/Development/ros2/install/rtabmap/include/rtabmap-0.23/rtabmap/core/Signature.h\n'}
[80.872821] (rtabmap) StdoutLine: {'line': b'-- Installing: /workspaces/isaac_ros-dev/Development/ros2/install/rtabmap/include/rtabmap-0.23/rtabmap/core/optimizer\n'}
[80.872917] (rtabmap) StdoutLine: {'line': b'-- Installing: /workspaces/isaac_ros-dev/Development/ros2/install/rtabmap/include/rtabmap-0.23/rtabmap/core/optimizer/OptimizerGTSAM.h\n'}
[80.873014] (rtabmap) StdoutLine: {'line': b'-- Installing: /workspaces/isaac_ros-dev/Development/ros2/install/rtabmap/include/rtabmap-0.23/rtabmap/core/optimizer/OptimizerCVSBA.h\n'}
[80.873121] (rtabmap) StdoutLine: {'line': b'-- Installing: /workspaces/isaac_ros-dev/Development/ros2/install/rtabmap/include/rtabmap-0.23/rtabmap/core/optimizer/OptimizerG2O.h\n'}
[80.873218] (rtabmap) StdoutLine: {'line': b'-- Installing: /workspaces/isaac_ros-dev/Development/ros2/install/rtabmap/include/rtabmap-0.23/rtabmap/core/optimizer/OptimizerTORO.h\n'}
[80.873319] (rtabmap) StdoutLine: {'line': b'-- Installing: /workspaces/isaac_ros-dev/Development/ros2/install/rtabmap/include/rtabmap-0.23/rtabmap/core/optimizer/OptimizerCeres.h\n'}
[80.873417] (rtabmap) StdoutLine: {'line': b'-- Installing: /workspaces/isaac_ros-dev/Development/ros2/install/rtabmap/include/rtabmap-0.23/rtabmap/core/RtabmapEvent.h\n'}
[80.873538] (rtabmap) StdoutLine: {'line': b'-- Installing: /workspaces/isaac_ros-dev/Development/ros2/install/rtabmap/include/rtabmap-0.23/rtabmap/core/util3d_surface.h\n'}
[80.873678] (rtabmap) StdoutLine: {'line': b'-- Installing: /workspaces/isaac_ros-dev/Development/ros2/install/rtabmap/include/rtabmap-0.23/rtabmap/core/MarkerDetector.h\n'}
[80.873785] (rtabmap) StdoutLine: {'line': b'-- Installing: /workspaces/isaac_ros-dev/Development/ros2/install/rtabmap/include/rtabmap-0.23/rtabmap/core/CameraEvent.h\n'}
[80.873992] (rtabmap) StdoutLine: {'line': b'-- Installing: /workspaces/isaac_ros-dev/Development/ros2/install/rtabmap/include/rtabmap-0.23/rtabmap/core/CameraStereo.h\n'}
[80.874102] (rtabmap) StdoutLine: {'line': b'-- Installing: /workspaces/isaac_ros-dev/Development/ros2/install/rtabmap/include/rtabmap-0.23/rtabmap/core/global_map\n'}
[80.874188] (rtabmap) StdoutLine: {'line': b'-- Installing: /workspaces/isaac_ros-dev/Development/ros2/install/rtabmap/include/rtabmap-0.23/rtabmap/core/global_map/OctoMap.h\n'}
[80.874293] (rtabmap) StdoutLine: {'line': b'-- Installing: /workspaces/isaac_ros-dev/Development/ros2/install/rtabmap/include/rtabmap-0.23/rtabmap/core/global_map/OccupancyGrid.h\n'}
[80.874392] (rtabmap) StdoutLine: {'line': b'-- Installing: /workspaces/isaac_ros-dev/Development/ros2/install/rtabmap/include/rtabmap-0.23/rtabmap/core/global_map/CloudMap.h\n'}
[80.874531] (rtabmap) StdoutLine: {'line': b'-- Installing: /workspaces/isaac_ros-dev/Development/ros2/install/rtabmap/include/rtabmap-0.23/rtabmap/core/global_map/GridMap.h\n'}
[80.874853] (rtabmap) StdoutLine: {'line': b'-- Installing: /workspaces/isaac_ros-dev/Development/ros2/install/rtabmap/include/rtabmap-0.23/rtabmap/core/EpipolarGeometry.h\n'}
[80.874922] (rtabmap) StdoutLine: {'line': b'-- Installing: /workspaces/isaac_ros-dev/Development/ros2/install/rtabmap/include/rtabmap-0.23/rtabmap/core/OccupancyGrid.h\n'}
[80.875151] (rtabmap) StdoutLine: {'line': b'-- Installing: /workspaces/isaac_ros-dev/Development/ros2/install/rtabmap/include/rtabmap-0.23/rtabmap/core/DBDriver.h\n'}
[80.875260] (rtabmap) StdoutLine: {'line': b'-- Installing: /workspaces/isaac_ros-dev/Development/ros2/install/rtabmap/include/rtabmap-0.23/rtabmap/core/SensorEvent.h\n'}
[80.875369] (rtabmap) StdoutLine: {'line': b'-- Installing: /workspaces/isaac_ros-dev/Development/ros2/install/rtabmap/include/rtabmap-0.23/rtabmap/core/LocalGrid.h\n'}
[80.875441] (rtabmap) StdoutLine: {'line': b'-- Installing: /workspaces/isaac_ros-dev/Development/ros2/install/rtabmap/include/rtabmap-0.23/rtabmap/core/Statistics.h\n'}
[80.875688] (rtabmap) StdoutLine: {'line': b'-- Installing: /workspaces/isaac_ros-dev/Development/ros2/install/rtabmap/include/rtabmap-0.23/rtabmap/core/Camera.h\n'}
[80.875786] (rtabmap) StdoutLine: {'line': b'-- Installing: /workspaces/isaac_ros-dev/Development/ros2/install/rtabmap/include/rtabmap-0.23/rtabmap/core/util3d_correspondences.h\n'}
[80.875882] (rtabmap) StdoutLine: {'line': b'-- Installing: /workspaces/isaac_ros-dev/Development/ros2/install/rtabmap/include/rtabmap-0.23/rtabmap/core/VWDictionary.h\n'}
[80.875974] (rtabmap) StdoutLine: {'line': b'-- Installing: /workspaces/isaac_ros-dev/Development/ros2/install/rtabmap/include/rtabmap-0.23/rtabmap/core/StereoDense.h\n'}
[80.876060] (rtabmap) StdoutLine: {'line': b'-- Installing: /workspaces/isaac_ros-dev/Development/ros2/install/rtabmap/include/rtabmap-0.23/rtabmap/core/Memory.h\n'}
[80.876138] (rtabmap) StdoutLine: {'line': b'-- Installing: /workspaces/isaac_ros-dev/Development/ros2/install/rtabmap/include/rtabmap-0.23/rtabmap/core/CameraRGBD.h\n'}
[80.876231] (rtabmap) StdoutLine: {'line': b'-- Installing: /workspaces/isaac_ros-dev/Development/ros2/install/rtabmap/include/rtabmap-0.23/rtabmap/core/SensorCapture.h\n'}
[80.876326] (rtabmap) StdoutLine: {'line': b'-- Installing: /workspaces/isaac_ros-dev/Development/ros2/install/rtabmap/include/rtabmap-0.23/rtabmap/core/util3d_mapping.h\n'}
[80.876468] (rtabmap) StdoutLine: {'line': b'-- Installing: /workspaces/isaac_ros-dev/Development/ros2/install/rtabmap/include/rtabmap-0.23/rtabmap/core/GeodeticCoords.h\n'}
[80.876579] (rtabmap) StdoutLine: {'line': b'-- Installing: /workspaces/isaac_ros-dev/Development/ros2/install/rtabmap/include/rtabmap-0.23/rtabmap/core/Link.h\n'}
[80.876676] (rtabmap) StdoutLine: {'line': b'-- Installing: /workspaces/isaac_ros-dev/Development/ros2/install/rtabmap/include/rtabmap-0.23/rtabmap/core/util3d_transforms.h\n'}
[80.876769] (rtabmap) StdoutLine: {'line': b'-- Installing: /workspaces/isaac_ros-dev/Development/ros2/install/rtabmap/include/rtabmap-0.23/rtabmap/core/DBDriverSqlite3.h\n'}
[80.876866] (rtabmap) StdoutLine: {'line': b'-- Installing: /workspaces/isaac_ros-dev/Development/ros2/install/rtabmap/include/rtabmap-0.23/rtabmap/core/Image.h\n'}
[80.877002] (rtabmap) StdoutLine: {'line': b'-- Installing: /workspaces/isaac_ros-dev/Development/ros2/install/rtabmap/include/rtabmap-0.23/rtabmap/core/SensorData.h\n'}
[80.877136] (rtabmap) StdoutLine: {'line': b'-- Installing: /workspaces/isaac_ros-dev/Development/ros2/install/rtabmap/include/rtabmap-0.23/rtabmap/core/VisualWord.h\n'}
[80.877251] (rtabmap) StdoutLine: {'line': b'-- Installing: /workspaces/isaac_ros-dev/Development/ros2/install/rtabmap/include/rtabmap-0.23/rtabmap/core/StereoCameraModel.h\n'}
[80.877373] (rtabmap) StdoutLine: {'line': b'-- Installing: /workspaces/isaac_ros-dev/Development/ros2/install/rtabmap/include/rtabmap-0.23/rtabmap/core/RtabmapThread.h\n'}
[80.877481] (rtabmap) StdoutLine: {'line': b'-- Installing: /workspaces/isaac_ros-dev/Development/ros2/install/rtabmap/include/rtabmap-0.23/rtabmap/core/odometry\n'}
[80.877617] (rtabmap) StdoutLine: {'line': b'-- Installing: /workspaces/isaac_ros-dev/Development/ros2/install/rtabmap/include/rtabmap-0.23/rtabmap/core/odometry/OdometryOkvis.h\n'}
[80.877725] (rtabmap) StdoutLine: {'line': b'-- Installing: /workspaces/isaac_ros-dev/Development/ros2/install/rtabmap/include/rtabmap-0.23/rtabmap/core/odometry/OdometryMono.h\n'}
[80.877828] (rtabmap) StdoutLine: {'line': b'-- Installing: /workspaces/isaac_ros-dev/Development/ros2/install/rtabmap/include/rtabmap-0.23/rtabmap/core/odometry/OdometryF2M.h\n'}
[80.877926] (rtabmap) StdoutLine: {'line': b'-- Installing: /workspaces/isaac_ros-dev/Development/ros2/install/rtabmap/include/rtabmap-0.23/rtabmap/core/odometry/OdometryLIOSAM.h\n'}
[80.878024] (rtabmap) StdoutLine: {'line': b'-- Installing: /workspaces/isaac_ros-dev/Development/ros2/install/rtabmap/include/rtabmap-0.23/rtabmap/core/odometry/OdometryORBSLAM3.h\n'}
[80.878134] (rtabmap) StdoutLine: {'line': b'-- Installing: /workspaces/isaac_ros-dev/Development/ros2/install/rtabmap/include/rtabmap-0.23/rtabmap/core/odometry/OdometryF2F.h\n'}
[80.878237] (rtabmap) StdoutLine: {'line': b'-- Installing: /workspaces/isaac_ros-dev/Development/ros2/install/rtabmap/include/rtabmap-0.23/rtabmap/core/odometry/OdometryORBSLAM2.h\n'}
[80.878341] (rtabmap) StdoutLine: {'line': b'-- Installing: /workspaces/isaac_ros-dev/Development/ros2/install/rtabmap/include/rtabmap-0.23/rtabmap/core/odometry/OdometryVINSFusion.h\n'}
[80.878444] (rtabmap) StdoutLine: {'line': b'-- Installing: /workspaces/isaac_ros-dev/Development/ros2/install/rtabmap/include/rtabmap-0.23/rtabmap/core/odometry/OdometryOpen3D.h\n'}
[80.878546] (rtabmap) StdoutLine: {'line': b'-- Installing: /workspaces/isaac_ros-dev/Development/ros2/install/rtabmap/include/rtabmap-0.23/rtabmap/core/odometry/OdometryFLOAM.h\n'}
[80.878648] (rtabmap) StdoutLine: {'line': b'-- Installing: /workspaces/isaac_ros-dev/Development/ros2/install/rtabmap/include/rtabmap-0.23/rtabmap/core/odometry/OdometryViso2.h\n'}
[80.878754] (rtabmap) StdoutLine: {'line': b'-- Installing: /workspaces/isaac_ros-dev/Development/ros2/install/rtabmap/include/rtabmap-0.23/rtabmap/core/odometry/OdometryLOAM.h\n'}
[80.878854] (rtabmap) StdoutLine: {'line': b'-- Installing: /workspaces/isaac_ros-dev/Development/ros2/install/rtabmap/include/rtabmap-0.23/rtabmap/core/odometry/OdometryMSCKF.h\n'}
[80.878953] (rtabmap) StdoutLine: {'line': b'-- Installing: /workspaces/isaac_ros-dev/Development/ros2/install/rtabmap/include/rtabmap-0.23/rtabmap/core/odometry/OdometryFovis.h\n'}
[80.879055] (rtabmap) StdoutLine: {'line': b'-- Installing: /workspaces/isaac_ros-dev/Development/ros2/install/rtabmap/include/rtabmap-0.23/rtabmap/core/odometry/OdometryVINS.h\n'}
[80.879274] (rtabmap) StdoutLine: {'line': b'-- Installing: /workspaces/isaac_ros-dev/Development/ros2/install/rtabmap/include/rtabmap-0.23/rtabmap/core/odometry/OdometryCuVSLAM.h\n'}
[80.879384] (rtabmap) StdoutLine: {'line': b'-- Installing: /workspaces/isaac_ros-dev/Development/ros2/install/rtabmap/include/rtabmap-0.23/rtabmap/core/odometry/OdometryDVO.h\n'}
[80.879485] (rtabmap) StdoutLine: {'line': b'-- Installing: /workspaces/isaac_ros-dev/Development/ros2/install/rtabmap/include/rtabmap-0.23/rtabmap/core/odometry/OdometryOpenVINS.h\n'}
[80.879585] (rtabmap) StdoutLine: {'line': b'-- Installing: /workspaces/isaac_ros-dev/Development/ros2/install/rtabmap/include/rtabmap-0.23/rtabmap/core/CameraRGB.h\n'}
[80.879692] (rtabmap) StdoutLine: {'line': b'-- Installing: /workspaces/isaac_ros-dev/Development/ros2/install/rtabmap/include/rtabmap-0.23/rtabmap/core/IMU.h\n'}
[80.879808] (rtabmap) StdoutLine: {'line': b'-- Installing: /workspaces/isaac_ros-dev/Development/ros2/install/rtabmap/include/rtabmap-0.23/rtabmap/core/PythonInterface.h\n'}
[80.880066] (rtabmap) StdoutLine: {'line': b'-- Installing: /workspaces/isaac_ros-dev/Development/ros2/install/rtabmap/include/rtabmap-0.23/rtabmap/core/clams\n'}
[80.880201] (rtabmap) StdoutLine: {'line': b'-- Installing: /workspaces/isaac_ros-dev/Development/ros2/install/rtabmap/include/rtabmap-0.23/rtabmap/core/clams/slam_calibrator.h\n'}
[80.880360] (rtabmap) StdoutLine: {'line': b'-- Installing: /workspaces/isaac_ros-dev/Development/ros2/install/rtabmap/include/rtabmap-0.23/rtabmap/core/clams/frame_projector.h\n'}
[80.880510] (rtabmap) StdoutLine: {'line': b'-- Installing: /workspaces/isaac_ros-dev/Development/ros2/install/rtabmap/include/rtabmap-0.23/rtabmap/core/clams/discrete_depth_distortion_model.h\n'}
[80.880645] (rtabmap) StdoutLine: {'line': b'-- Installing: /workspaces/isaac_ros-dev/Development/ros2/install/rtabmap/include/rtabmap-0.23/rtabmap/core/Lidar.h\n'}
[80.880757] (rtabmap) StdoutLine: {'line': b'-- Installing: /workspaces/isaac_ros-dev/Development/ros2/install/rtabmap/include/rtabmap-0.23/rtabmap/core/FlannIndex.h\n'}
[80.880874] (rtabmap) StdoutLine: {'line': b'-- Installing: /workspaces/isaac_ros-dev/Development/ros2/install/rtabmap/include/rtabmap-0.23/rtabmap/core/SensorCaptureThread.h\n'}
[80.880995] (rtabmap) StdoutLine: {'line': b'-- Up-to-date: /workspaces/isaac_ros-dev/Development/ros2/install/rtabmap/include/rtabmap-0.23/rtabmap\n'}
[80.881108] (rtabmap) StdoutLine: {'line': b'-- Up-to-date: /workspaces/isaac_ros-dev/Development/ros2/install/rtabmap/include/rtabmap-0.23/rtabmap/core\n'}
[80.881175] (rtabmap) StdoutLine: {'line': b'-- Installing: /workspaces/isaac_ros-dev/Development/ros2/install/rtabmap/include/rtabmap-0.23/rtabmap/core/rtabmap_core_export.h\n'}
[80.881265] (rtabmap) StdoutLine: {'line': b'-- Installing: /workspaces/isaac_ros-dev/Development/ros2/install/rtabmap/include/rtabmap-0.23/rtabmap/core/Version.h\n'}
[80.881436] (rtabmap) StdoutLine: {'line': b'-- Installing: /workspaces/isaac_ros-dev/Development/ros2/install/rtabmap/lib/rtabmap-0.23/RTABMap_coreTargets.cmake\n'}
[80.881623] (rtabmap) StdoutLine: {'line': b'-- Installing: /workspaces/isaac_ros-dev/Development/ros2/install/rtabmap/lib/rtabmap-0.23/RTABMap_coreTargets-release.cmake\n'}
[80.881840] (rtabmap) StdoutLine: {'line': b'-- Installing: /workspaces/isaac_ros-dev/Development/ros2/install/rtabmap/lib/rtabmap-0.23/RTABMapTargets.cmake\n'}
[80.881999] (rtabmap) StdoutLine: {'line': b'-- Installing: /workspaces/isaac_ros-dev/Development/ros2/install/rtabmap/lib/rtabmap-0.23/RTABMapConfig.cmake\n'}
[80.882317] (rtabmap) StdoutLine: {'line': b'-- Installing: /workspaces/isaac_ros-dev/Development/ros2/install/rtabmap/lib/rtabmap-0.23/RTABMapConfigVersion.cmake\n'}
[80.882474] (rtabmap) StdoutLine: {'line': b'-- Installing: /workspaces/isaac_ros-dev/Development/ros2/install/rtabmap/share/rtabmap/package.xml\n'}
[80.884444] (rtabmap) CommandEnded: {'returncode': 0}
[80.930080] (-) TimerEvent: {}
[81.030679] (-) TimerEvent: {}
[81.074145] (rtabmap) JobEnded: {'identifier': 'rtabmap', 'rc': 0}
[81.074856] (rtabmap_conversions) JobStarted: {'identifier': 'rtabmap_conversions'}
[81.130775] (-) TimerEvent: {}
[81.154963] (rtabmap_conversions) JobProgress: {'identifier': 'rtabmap_conversions', 'progress': 'cmake'}
[81.158313] (rtabmap_conversions) Command: {'cmd': ['/usr/bin/cmake', '/workspaces/isaac_ros-dev/Development/ros2/src/rtabmap_ros/rtabmap_conversions', '-DCMAKE_BUILD_TYPE=Release', '-DBUILD_APP=OFF', '-DBUILD_TOOLS=OFF', '-DBUILD_EXAMPLES=OFF', '-DWITH_QT=OFF', '-DWITH_G2O=OFF', '-DWITH_GTSAM=OFF', '-DWITH_POINTMATCHER=OFF', '-DAMENT_CMAKE_SYMLINK_INSTALL=1', '-DCMAKE_INSTALL_PREFIX=/workspaces/isaac_ros-dev/Development/ros2/install/rtabmap_conversions'], 'cwd': '/workspaces/isaac_ros-dev/Development/ros2/build/rtabmap_conversions', 'env': OrderedDict([('DALI_BUILD', '5838886'), ('LIBRARY_PATH', '/usr/local/cuda/lib64/stubs:'), ('NVIDIA_CTK_LIBCUDA_DIR', '/usr/lib/x86_64-linux-gnu'), ('PYTHONWARNINGS', 'ignore:::setuptools.command.install,ignore:::setuptools.command.easy_install,ignore:::pkg_resources'), ('USER', 'bp02-ubuntu'), ('TF_ADJUST_SATURATION_FUSED', '1'), ('CUSOLVER_VERSION', '11.4.1.48'), ('HOSTNAME', 'bp02-ubuntu-ROG-Strix-G16-G615LR-G615LR'), ('CUTENSOR_VERSION', '1.6.1.5'), ('SHLVL', '2'), ('LD_LIBRARY_PATH', '/workspaces/isaac_ros-dev/Development/ros2/install/rtabmap_msgs/lib:/workspaces/isaac_ros-dev/Development/ros2/install/rtabmap/lib:/workspace/cartographer_ws/install/pcl_ros/lib:/workspace/cartographer_ws/install/cartographer_rviz/lib:/workspace/cartographer_ws/install/cartographer_ros/lib:/workspace/cartographer_ws/install/pcl_msgs/lib:/workspace/cartographer_ws/install/isaac_ros_tensor_list_interfaces/lib:/workspace/cartographer_ws/install/isaac_ros_pointcloud_interfaces/lib:/workspace/cartographer_ws/install/isaac_ros_nova_interfaces/lib:/workspace/cartographer_ws/install/isaac_ros_nitros_bridge_interfaces/lib:/workspace/cartographer_ws/install/isaac_ros_common/lib:/workspace/cartographer_ws/install/isaac_ros_bi3d_interfaces/lib:/workspace/cartographer_ws/install/isaac_ros_apriltag_interfaces/lib:/workspace/cartographer_ws/install/control_msgs/lib:/workspace/cartographer_ws/install/cartographer_ros_msgs/lib:/opt/ros/humble/opt/rviz_ogre_vendor/lib:/opt/ros/humble/lib/x86_64-linux-gnu:/opt/ros/humble/lib:/opt/tritonserver/backends/onnxruntime:/usr/local/cuda/compat/lib:/usr/local/nvidia/lib:/usr/local/nvidia/lib64:/opt/tritonserver/lib'), ('HOME', '/home/admin'), ('NVIDIA_TRITON_SERVER_VERSION', '22.09'), ('OLDPWD', '/workspaces/isaac_ros-dev/Development/ros2'), ('CUDA_CACHE_DISABLE', '1'), ('ROS_PYTHON_VERSION', '3'), ('USER_UID', '1000'), ('ENV', '/etc/shinit_v2'), ('RDMACORE_VERSION', '36.0'), ('NVJPEG_VERSION', '11.9.0.86'), ('NVIDIA_BUILD_ID', '44909143'), ('CUDA_VERSION', '11.8.0.062'), ('CUBLAS_VERSION', '11.11.3.6'), ('NSIGHT_SYSTEMS_VERSION', '2022.3.1.43'), ('COLCON_PREFIX_PATH', '/workspace/cartographer_ws/install'), ('ROS_DISTRO', 'humble'), ('OPAL_PREFIX', '/opt/hpcx/ompi'), ('NVIDIA_REQUIRE_CUDA', 'cuda>=9.0'), ('TRT_VERSION', '8.5.0.12'), ('GDRCOPY_VERSION', '2.3'), ('_', '/usr/bin/colcon'), ('ROS_VERSION', '2'), ('PKG_CONFIG_PATH', '/workspaces/isaac_ros-dev/Development/ros2/install/rtabmap/lib/x86_64-linux-gnu/pkgconfig:/workspaces/isaac_ros-dev/Development/ros2/install/rtabmap/lib/pkgconfig:/workspace/cartographer_ws/install/cartographer/lib/x86_64-linux-gnu/pkgconfig:/workspace/cartographer_ws/install/cartographer/lib/pkgconfig'), ('NVIDIA_DRIVER_CAPABILITIES', 'all'), ('POLYGRAPHY_VERSION', '0.38.0'), ('CURAND_VERSION', '10.3.0.86'), ('MOFED_VERSION', '5.4-rdmacore36.0'), ('USERNAME', 'admin'), ('TERM', 'xterm'), ('ROS_LOCALHOST_ONLY', '0'), ('PATH', '/workspaces/isaac_ros-dev/Development/ros2/install/rtabmap/bin:/workspace/cartographer_ws/install/cartographer/bin:/opt/ros/humble/bin:/opt/tritonserver/bin:/usr/local/mpi/bin:/usr/local/nvidia/bin:/usr/local/cuda/bin:/usr/local/sbin:/usr/local/bin:/usr/sbin:/usr/bin:/sbin:/bin:/usr/local/ucx/bin:/opt/nvidia/tao'), ('FASTRTPS_DEFAULT_PROFILES_FILE', '/usr/local/share/middleware_profiles/rtps_udp_profile.xml'), ('CUDA_DRIVER_VERSION', '520.61.03'), ('_CUDA_COMPAT_STATUS', 'System has unsupported display driver / cuda driver combination (CUDA_ERROR_SYSTEM_DRIVER_MISMATCH) cuInit()=803'), ('DISPLAY', ':1'), ('NVIDIA_PRODUCT_NAME', 'Triton Server'), ('LANG', 'en_US.UTF-8'), ('RMW_IMPLEMENTATION', 'rmw_fastrtps_cpp'), ('NPP_VERSION', '11.8.0.86'), ('ROS_ROOT', '/opt/ros/humble'), ('CUFFT_VERSION', '10.9.0.58'), ('TF_ENABLE_WINOGRAD_NONFUSED', '1'), ('AMENT_PREFIX_PATH', '/workspaces/isaac_ros-dev/Development/ros2/install/rtabmap_msgs:/workspace/cartographer_ws/install/perception_pcl:/workspace/cartographer_ws/install/pcl_ros:/workspace/cartographer_ws/install/cartographer_rviz:/workspace/cartographer_ws/install/cartographer_ros:/workspace/cartographer_ws/install/pcl_conversions:/workspace/cartographer_ws/install/pcl_msgs:/workspace/cartographer_ws/install/isaac_ros_test:/workspace/cartographer_ws/install/isaac_ros_tensor_list_interfaces:/workspace/cartographer_ws/install/isaac_ros_pointcloud_interfaces:/workspace/cartographer_ws/install/isaac_ros_nova_interfaces:/workspace/cartographer_ws/install/isaac_ros_nitros_bridge_interfaces:/workspace/cartographer_ws/install/isaac_ros_common:/workspace/cartographer_ws/install/isaac_ros_bi3d_interfaces:/workspace/cartographer_ws/install/isaac_ros_apriltag_interfaces:/workspace/cartographer_ws/install/control_msgs:/workspace/cartographer_ws/install/cartographer_ros_msgs:/opt/ros/humble'), ('CUDNN_VERSION', '8.6.0.163'), ('NSIGHT_COMPUTE_VERSION', '2022.3.0.22'), ('DALI_VERSION', '1.17.0'), ('DEBIAN_FRONTEND', 'noninteractive'), ('SHELL', '/bin/bash'), ('DCGM_VERSION', '2.2.9'), ('OPENMPI_VERSION', '4.1.4'), ('TRTOSS_VERSION', ''), ('OMPI_MCA_coll_hcoll_enable', '0'), ('CUSPARSE_VERSION', '11.7.5.86'), ('TRITON_SERVER_GPU_ENABLED', '1'), ('TRITON_SERVER_VERSION', '2.26.0'), ('BASH_ENV', '/etc/bash.bashrc'), ('PWD', '/workspaces/isaac_ros-dev/Development/ros2/build/rtabmap_conversions'), ('PYTHONPATH', '/workspaces/isaac_ros-dev/Development/ros2/install/rtabmap_msgs/lib/python3.8/site-packages:/workspace/cartographer_ws/install/pcl_msgs/lib/python3.8/site-packages:/workspace/cartographer_ws/build/isaac_ros_test:/workspace/cartographer_ws/install/isaac_ros_test/lib/python3.8/site-packages:/workspace/cartographer_ws/install/isaac_ros_tensor_list_interfaces/lib/python3.8/site-packages:/workspace/cartographer_ws/install/isaac_ros_pointcloud_interfaces/lib/python3.8/site-packages:/workspace/cartographer_ws/install/isaac_ros_nova_interfaces/lib/python3.8/site-packages:/workspace/cartographer_ws/install/isaac_ros_nitros_bridge_interfaces/lib/python3.8/site-packages:/workspace/cartographer_ws/install/isaac_ros_bi3d_interfaces/lib/python3.8/site-packages:/workspace/cartographer_ws/install/isaac_ros_apriltag_interfaces/lib/python3.8/site-packages:/workspace/cartographer_ws/install/control_msgs/lib/python3.8/site-packages:/workspace/cartographer_ws/install/cartographer_ros_msgs/lib/python3.8/site-packages:/opt/ros/humble/lib/python3.8/site-packages:/home/Quanser/0_libraries/python'), ('_CUDA_COMPAT_PATH', '/usr/local/cuda/compat'), ('TRITON_SERVER_USER', 'triton-server'), ('TF_ADJUST_HUE_FUSED', '1'), ('NVIDIA_VISIBLE_DEVICES', 'void'), ('NCCL_VERSION', '2.15.1'), ('USER_GID', '1000'), ('COLCON', '1'), ('OPENUCX_VERSION', '1.14.0'), ('HPCX_VERSION', '2.12.1a0'), ('SHARP_COLL_ENABLE_CUDA', '0'), ('CMAKE_PREFIX_PATH', '/workspaces/isaac_ros-dev/Development/ros2/install/rtabmap_msgs:/workspaces/isaac_ros-dev/Development/ros2/install/rtabmap:/workspace/cartographer_ws/install/perception_pcl:/workspace/cartographer_ws/install/pcl_ros:/workspace/cartographer_ws/install/cartographer_rviz:/workspace/cartographer_ws/install/cartographer_ros:/workspace/cartographer_ws/install/pcl_conversions:/workspace/cartographer_ws/install/pcl_msgs:/workspace/cartographer_ws/install/isaac_ros_tensor_list_interfaces:/workspace/cartographer_ws/install/isaac_ros_pointcloud_interfaces:/workspace/cartographer_ws/install/isaac_ros_nova_interfaces:/workspace/cartographer_ws/install/isaac_ros_nitros_bridge_interfaces:/workspace/cartographer_ws/install/isaac_ros_common:/workspace/cartographer_ws/install/isaac_ros_bi3d_interfaces:/workspace/cartographer_ws/install/isaac_ros_apriltag_interfaces:/workspace/cartographer_ws/install/control_msgs:/workspace/cartographer_ws/install/cartographer_ros_msgs:/workspace/cartographer_ws/install/cartographer:/workspace/cartographer_ws/install/absl:/workspace/cartographer_ws/install/isaac_ros_test:/opt/ros/humble'), ('TF_AUTOTUNE_THRESHOLD', '2')]), 'shell': False}
[81.230980] (-) TimerEvent: {}
[81.266043] (rtabmap_conversions) StdoutLine: {'line': b'-- The C compiler identification is GNU 9.4.0\n'}
[81.331258] (-) TimerEvent: {}
[81.381317] (rtabmap_conversions) StdoutLine: {'line': b'-- The CXX compiler identification is GNU 9.4.0\n'}
[81.394423] (rtabmap_conversions) StdoutLine: {'line': b'-- Detecting C compiler ABI info\n'}
[81.431522] (-) TimerEvent: {}
[81.507508] (rtabmap_conversions) StdoutLine: {'line': b'-- Detecting C compiler ABI info - done\n'}
[81.521050] (rtabmap_conversions) StdoutLine: {'line': b'-- Check for working C compiler: /usr/bin/cc - skipped\n'}
[81.521572] (rtabmap_conversions) StdoutLine: {'line': b'-- Detecting C compile features\n'}
[81.522298] (rtabmap_conversions) StdoutLine: {'line': b'-- Detecting C compile features - done\n'}
[81.528024] (rtabmap_conversions) StdoutLine: {'line': b'-- Detecting CXX compiler ABI info\n'}
[81.531640] (-) TimerEvent: {}
[81.632222] (-) TimerEvent: {}
[81.660062] (rtabmap_conversions) StdoutLine: {'line': b'-- Detecting CXX compiler ABI info - done\n'}
[81.674751] (rtabmap_conversions) StdoutLine: {'line': b'-- Check for working CXX compiler: /usr/bin/c++ - skipped\n'}
[81.675489] (rtabmap_conversions) StdoutLine: {'line': b'-- Detecting CXX compile features\n'}
[81.676154] (rtabmap_conversions) StdoutLine: {'line': b'-- Detecting CXX compile features - done\n'}
[81.686827] (rtabmap_conversions) StdoutLine: {'line': b'-- Found ament_cmake: 1.3.5 (/opt/ros/humble/share/ament_cmake/cmake)\n'}
[81.732576] (-) TimerEvent: {}
[81.833133] (-) TimerEvent: {}
[81.933750] (-) TimerEvent: {}
[82.034293] (-) TimerEvent: {}
[82.134880] (-) TimerEvent: {}
[82.235344] (-) TimerEvent: {}
[82.335847] (-) TimerEvent: {}
[82.436355] (-) TimerEvent: {}
[82.536952] (-) TimerEvent: {}
[82.637562] (-) TimerEvent: {}
[82.716564] (rtabmap_conversions) StdoutLine: {'line': b'-- Found Python3: /usr/bin/python3.8 (found version "3.8.10") found components: Interpreter \n'}
[82.737706] (-) TimerEvent: {}
[82.828219] (rtabmap_conversions) StdoutLine: {'line': b'-- Override CMake install command with custom implementation using symlinks instead of copying resources\n'}
[82.837843] (-) TimerEvent: {}
[82.909759] (rtabmap_conversions) StdoutLine: {'line': b'-- Found cv_bridge: 3.2.1 (/opt/ros/humble/share/cv_bridge/cmake)\n'}
[82.938202] (-) TimerEvent: {}
[83.031183] (rtabmap_conversions) StdoutLine: {'line': b'-- Found rosidl_generator_c: 3.1.5 (/opt/ros/humble/share/rosidl_generator_c/cmake)\n'}
[83.038325] (-) TimerEvent: {}
[83.045076] (rtabmap_conversions) StdoutLine: {'line': b'-- Found rosidl_adapter: 3.1.5 (/opt/ros/humble/share/rosidl_adapter/cmake)\n'}
[83.062374] (rtabmap_conversions) StdoutLine: {'line': b'-- Found rosidl_generator_cpp: 3.1.5 (/opt/ros/humble/share/rosidl_generator_cpp/cmake)\n'}
[83.089882] (rtabmap_conversions) StdoutLine: {'line': b'-- Using all available rosidl_typesupport_c: rosidl_typesupport_fastrtps_c;rosidl_typesupport_introspection_c\n'}
[83.126546] (rtabmap_conversions) StdoutLine: {'line': b'-- Using all available rosidl_typesupport_cpp: rosidl_typesupport_fastrtps_cpp;rosidl_typesupport_introspection_cpp\n'}
[83.138540] (-) TimerEvent: {}
[83.239164] (-) TimerEvent: {}
[83.339687] (-) TimerEvent: {}
[83.399832] (rtabmap_conversions) StdoutLine: {'line': b'-- Found image_geometry: 3.2.1 (/opt/ros/humble/share/image_geometry/cmake)\n'}
[83.409420] (rtabmap_conversions) StdoutLine: {'line': b'-- Found laser_geometry: 2.4.0 (/opt/ros/humble/share/laser_geometry/cmake)\n'}
[83.439938] (-) TimerEvent: {}
[83.503689] (rtabmap_conversions) StdoutLine: {'line': b'-- Found rmw_implementation_cmake: 6.1.1 (/opt/ros/humble/share/rmw_implementation_cmake/cmake)\n'}
[83.508594] (rtabmap_conversions) StdoutLine: {'line': b'-- Found rmw_fastrtps_cpp: 6.2.4 (/opt/ros/humble/share/rmw_fastrtps_cpp/cmake)\n'}
[83.540253] (-) TimerEvent: {}
[83.640731] (-) TimerEvent: {}
[83.730873] (rtabmap_conversions) StdoutLine: {'line': b'-- Found OpenSSL: /usr/lib/x86_64-linux-gnu/libcrypto.so (found version "1.1.1f")  \n'}
[83.740846] (-) TimerEvent: {}
[83.811863] (rtabmap_conversions) StdoutLine: {'line': b'-- Found FastRTPS: /opt/ros/humble/include  \n'}
[83.841010] (-) TimerEvent: {}
[83.936628] (rtabmap_conversions) StdoutLine: {'line': b"-- Using RMW implementation 'rmw_fastrtps_cpp' as default\n"}
[83.941078] (-) TimerEvent: {}
[83.980455] (rtabmap_conversions) StdoutLine: {'line': b'-- Looking for pthread.h\n'}
[84.041229] (-) TimerEvent: {}
[84.088037] (rtabmap_conversions) StdoutLine: {'line': b'-- Looking for pthread.h - found\n'}
[84.088605] (rtabmap_conversions) StdoutLine: {'line': b'-- Performing Test CMAKE_HAVE_LIBC_PTHREAD\n'}
[84.141380] (-) TimerEvent: {}
[84.198553] (rtabmap_conversions) StdoutLine: {'line': b'-- Performing Test CMAKE_HAVE_LIBC_PTHREAD - Failed\n'}
[84.198971] (rtabmap_conversions) StdoutLine: {'line': b'-- Looking for pthread_create in pthreads\n'}
[84.241546] (-) TimerEvent: {}
[84.284160] (rtabmap_conversions) StdoutLine: {'line': b'-- Looking for pthread_create in pthreads - not found\n'}
[84.284494] (rtabmap_conversions) StdoutLine: {'line': b'-- Looking for pthread_create in pthread\n'}
[84.341719] (-) TimerEvent: {}
[84.383973] (rtabmap_conversions) StdoutLine: {'line': b'-- Looking for pthread_create in pthread - found\n'}
[84.385636] (rtabmap_conversions) StdoutLine: {'line': b'-- Found Threads: TRUE  \n'}
[84.441947] (-) TimerEvent: {}
[84.542615] (-) TimerEvent: {}
[84.555825] (rtabmap_conversions) StdoutLine: {'line': b'-- Found pcl_conversions: 2.4.5 (/workspace/cartographer_ws/install/pcl_conversions/share/pcl_conversions/cmake)\n'}
[84.642883] (-) TimerEvent: {}
[84.690130] (rtabmap_conversions) StdoutLine: {'line': b"-- Checking for module 'eigen3'\n"}
[84.725958] (rtabmap_conversions) StdoutLine: {'line': b'--   Found eigen3, version 3.3.7\n'}
[84.743168] (-) TimerEvent: {}
[84.820151] (rtabmap_conversions) StdoutLine: {'line': b'-- Found Eigen: /usr/include/eigen3 (Required is at least version "3.1") \n'}
[84.820505] (rtabmap_conversions) StdoutLine: {'line': b'-- Eigen found (include: /usr/include/eigen3, version: 3.3.7)\n'}
[84.843491] (-) TimerEvent: {}
[84.944119] (-) TimerEvent: {}
[84.953939] (rtabmap_conversions) StdoutLine: {'line': b"-- Checking for module 'flann'\n"}
[84.990058] (rtabmap_conversions) StdoutLine: {'line': b'--   Found flann, version 1.9.1\n'}
[85.044243] (-) TimerEvent: {}
[85.093472] (rtabmap_conversions) StdoutLine: {'line': b'-- Found FLANN: /usr/lib/x86_64-linux-gnu/libflann_cpp.so  \n'}
[85.144455] (-) TimerEvent: {}
[85.145879] (rtabmap_conversions) StdoutLine: {'line': b'-- The imported target "vtkParseOGLExt" references the file\n'}
[85.146153] (rtabmap_conversions) StdoutLine: {'line': b'   "/usr/bin/vtkParseOGLExt-7.1"\n'}
[85.146250] (rtabmap_conversions) StdoutLine: {'line': b'but this file does not exist.  Possible reasons include:\n'}
[85.146338] (rtabmap_conversions) StdoutLine: {'line': b'* The file was deleted, renamed, or moved to another location.\n'}
[85.146625] (rtabmap_conversions) StdoutLine: {'line': b'* An install or uninstall procedure did not complete successfully.\n'}
[85.146732] (rtabmap_conversions) StdoutLine: {'line': b'* The installation package was faulty and contained\n'}
[85.146830] (rtabmap_conversions) StdoutLine: {'line': b'   "/usr/lib/cmake/vtk-7.1/VTKTargets.cmake"\n'}
[85.146920] (rtabmap_conversions) StdoutLine: {'line': b'but not all the files it references.\n'}
[85.147008] (rtabmap_conversions) StdoutLine: {'line': b'\n'}
[85.147100] (rtabmap_conversions) StdoutLine: {'line': b'-- The imported target "vtkRenderingPythonTkWidgets" references the file\n'}
[85.147407] (rtabmap_conversions) StdoutLine: {'line': b'   "/usr/lib/x86_64-linux-gnu/libvtkRenderingPythonTkWidgets.so"\n'}
[85.147529] (rtabmap_conversions) StdoutLine: {'line': b'but this file does not exist.  Possible reasons include:\n'}
[85.147618] (rtabmap_conversions) StdoutLine: {'line': b'* The file was deleted, renamed, or moved to another location.\n'}
[85.147703] (rtabmap_conversions) StdoutLine: {'line': b'* An install or uninstall procedure did not complete successfully.\n'}
[85.147785] (rtabmap_conversions) StdoutLine: {'line': b'* The installation package was faulty and contained\n'}
[85.147864] (rtabmap_conversions) StdoutLine: {'line': b'   "/usr/lib/cmake/vtk-7.1/VTKTargets.cmake"\n'}
[85.147949] (rtabmap_conversions) StdoutLine: {'line': b'but not all the files it references.\n'}
[85.148039] (rtabmap_conversions) StdoutLine: {'line': b'\n'}
[85.148145] (rtabmap_conversions) StdoutLine: {'line': b'-- The imported target "vtk" references the file\n'}
[85.148238] (rtabmap_conversions) StdoutLine: {'line': b'   "/usr/bin/vtk"\n'}
[85.148325] (rtabmap_conversions) StdoutLine: {'line': b'but this file does not exist.  Possible reasons include:\n'}
[85.148407] (rtabmap_conversions) StdoutLine: {'line': b'* The file was deleted, renamed, or moved to another location.\n'}
[85.148488] (rtabmap_conversions) StdoutLine: {'line': b'* An install or uninstall procedure did not complete successfully.\n'}
[85.148588] (rtabmap_conversions) StdoutLine: {'line': b'* The installation package was faulty and contained\n'}
[85.148680] (rtabmap_conversions) StdoutLine: {'line': b'   "/usr/lib/cmake/vtk-7.1/VTKTargets.cmake"\n'}
[85.148802] (rtabmap_conversions) StdoutLine: {'line': b'but not all the files it references.\n'}
[85.148899] (rtabmap_conversions) StdoutLine: {'line': b'\n'}
[85.148991] (rtabmap_conversions) StdoutLine: {'line': b'-- The imported target "pvtk" references the file\n'}
[85.149090] (rtabmap_conversions) StdoutLine: {'line': b'   "/usr/bin/pvtk"\n'}
[85.149187] (rtabmap_conversions) StdoutLine: {'line': b'but this file does not exist.  Possible reasons include:\n'}
[85.149270] (rtabmap_conversions) StdoutLine: {'line': b'* The file was deleted, renamed, or moved to another location.\n'}
[85.149362] (rtabmap_conversions) StdoutLine: {'line': b'* An install or uninstall procedure did not complete successfully.\n'}
[85.149463] (rtabmap_conversions) StdoutLine: {'line': b'* The installation package was faulty and contained\n'}
[85.149549] (rtabmap_conversions) StdoutLine: {'line': b'   "/usr/lib/cmake/vtk-7.1/VTKTargets.cmake"\n'}
[85.149639] (rtabmap_conversions) StdoutLine: {'line': b'but not all the files it references.\n'}
[85.149730] (rtabmap_conversions) StdoutLine: {'line': b'\n'}
[85.171076] (rtabmap_conversions) StdoutLine: {'line': b"-- Checking for module 'libusb-1.0'\n"}
[85.209702] (rtabmap_conversions) StdoutLine: {'line': b'--   Found libusb-1.0, version 1.0.23\n'}
[85.244735] (-) TimerEvent: {}
[85.311625] (rtabmap_conversions) StderrLine: {'line': b'\x1b[33mCMake Warning (dev) at /usr/share/cmake-3.22/Modules/FindPackageHandleStandardArgs.cmake:438 (message):\n'}
[85.312128] (rtabmap_conversions) StderrLine: {'line': b'  The package name passed to `find_package_handle_standard_args` (USB_10)\n'}
[85.312232] (rtabmap_conversions) StderrLine: {'line': b'  does not match the name of the calling package (OpenNI).  This can lead to\n'}
[85.312315] (rtabmap_conversions) StderrLine: {'line': b'  problems in calling code that expects `find_package` result variables\n'}
[85.312398] (rtabmap_conversions) StderrLine: {'line': b'  (e.g., `_FOUND`) to follow a certain pattern.\n'}
[85.312479] (rtabmap_conversions) StderrLine: {'line': b'Call Stack (most recent call first):\n'}
[85.312557] (rtabmap_conversions) StderrLine: {'line': b'  /usr/lib/x86_64-linux-gnu/cmake/pcl/Modules/FindOpenNI.cmake:28 (find_package_handle_standard_args)\n'}
[85.312638] (rtabmap_conversions) StderrLine: {'line': b'  /usr/lib/x86_64-linux-gnu/cmake/pcl/PCLConfig.cmake:179 (find_package)\n'}
[85.312712] (rtabmap_conversions) StderrLine: {'line': b'  /usr/lib/x86_64-linux-gnu/cmake/pcl/PCLConfig.cmake:322 (find_openni)\n'}
[85.312793] (rtabmap_conversions) StderrLine: {'line': b'  /usr/lib/x86_64-linux-gnu/cmake/pcl/PCLConfig.cmake:548 (find_external_library)\n'}
[85.312877] (rtabmap_conversions) StderrLine: {'line': b'  /workspace/cartographer_ws/install/pcl_conversions/share/pcl_conversions/cmake/ament_cmake_export_dependencies-extras.cmake:21 (find_package)\n'}
[85.312959] (rtabmap_conversions) StderrLine: {'line': b'  /workspace/cartographer_ws/install/pcl_conversions/share/pcl_conversions/cmake/pcl_conversionsConfig.cmake:41 (include)\n'}
[85.313038] (rtabmap_conversions) StderrLine: {'line': b'  CMakeLists.txt:23 (find_package)\n'}
[85.313124] (rtabmap_conversions) StderrLine: {'line': b'This warning is for project developers.  Use -Wno-dev to suppress it.\n'}
[85.313201] (rtabmap_conversions) StderrLine: {'line': b'\x1b[0m\n'}
[85.313281] (rtabmap_conversions) StdoutLine: {'line': b'-- Found USB_10: /usr/lib/x86_64-linux-gnu/libusb-1.0.so  \n'}
[85.345002] (-) TimerEvent: {}
[85.445560] (-) TimerEvent: {}
[85.448251] (rtabmap_conversions) StdoutLine: {'line': b'-- OpenNI found (include: /usr/include/ni, lib: /usr/lib/libOpenNI.so)\n'}
[85.465508] (rtabmap_conversions) StderrLine: {'line': b'\x1b[33mCMake Warning (dev) at /usr/share/cmake-3.22/Modules/FindPackageHandleStandardArgs.cmake:438 (message):\n'}
[85.465874] (rtabmap_conversions) StderrLine: {'line': b'  The package name passed to `find_package_handle_standard_args` (USB_10)\n'}
[85.465969] (rtabmap_conversions) StderrLine: {'line': b'  does not match the name of the calling package (OpenNI2).  This can lead to\n'}
[85.466072] (rtabmap_conversions) StderrLine: {'line': b'  problems in calling code that expects `find_package` result variables\n'}
[85.466167] (rtabmap_conversions) StderrLine: {'line': b'  (e.g., `_FOUND`) to follow a certain pattern.\n'}
[85.466250] (rtabmap_conversions) StderrLine: {'line': b'Call Stack (most recent call first):\n'}
[85.466330] (rtabmap_conversions) StderrLine: {'line': b'  /usr/lib/x86_64-linux-gnu/cmake/pcl/Modules/FindOpenNI2.cmake:28 (find_package_handle_standard_args)\n'}
[85.466407] (rtabmap_conversions) StderrLine: {'line': b'  /usr/lib/x86_64-linux-gnu/cmake/pcl/PCLConfig.cmake:193 (find_package)\n'}
[85.466488] (rtabmap_conversions) StderrLine: {'line': b'  /usr/lib/x86_64-linux-gnu/cmake/pcl/PCLConfig.cmake:324 (find_openni2)\n'}
[85.466561] (rtabmap_conversions) StderrLine: {'line': b'  /usr/lib/x86_64-linux-gnu/cmake/pcl/PCLConfig.cmake:548 (find_external_library)\n'}
[85.466641] (rtabmap_conversions) StderrLine: {'line': b'  /workspace/cartographer_ws/install/pcl_conversions/share/pcl_conversions/cmake/ament_cmake_export_dependencies-extras.cmake:21 (find_package)\n'}
[85.466718] (rtabmap_conversions) StderrLine: {'line': b'  /workspace/cartographer_ws/install/pcl_conversions/share/pcl_conversions/cmake/pcl_conversionsConfig.cmake:41 (include)\n'}
[85.466798] (rtabmap_conversions) StderrLine: {'line': b'  CMakeLists.txt:23 (find_package)\n'}
[85.466871] (rtabmap_conversions) StderrLine: {'line': b'This warning is for project developers.  Use -Wno-dev to suppress it.\n'}
[85.466950] (rtabmap_conversions) StderrLine: {'line': b'\x1b[0m\n'}
[85.545819] (-) TimerEvent: {}
[85.606700] (rtabmap_conversions) StdoutLine: {'line': b'-- OpenNI2 found (include: /usr/include/openni2, lib: /usr/lib/libOpenNI2.so)\n'}
[85.618891] (rtabmap_conversions) StderrLine: {'line': b'\x1b[33mCMake Warning (dev) at /usr/share/cmake-3.22/Modules/FindPackageHandleStandardArgs.cmake:438 (message):\n'}
[85.619070] (rtabmap_conversions) StderrLine: {'line': b'  The package name passed to `find_package_handle_standard_args` (libusb-1.0)\n'}
[85.619323] (rtabmap_conversions) StderrLine: {'line': b'  does not match the name of the calling package (PCL).  This can lead to\n'}
[85.619422] (rtabmap_conversions) StderrLine: {'line': b'  problems in calling code that expects `find_package` result variables\n'}
[85.619505] (rtabmap_conversions) StderrLine: {'line': b'  (e.g., `_FOUND`) to follow a certain pattern.\n'}
[85.619591] (rtabmap_conversions) StderrLine: {'line': b'Call Stack (most recent call first):\n'}
[85.619671] (rtabmap_conversions) StderrLine: {'line': b'  /usr/lib/x86_64-linux-gnu/cmake/pcl/PCLConfig.cmake:291 (find_package_handle_standard_args)\n'}
[85.619754] (rtabmap_conversions) StderrLine: {'line': b'  /usr/lib/x86_64-linux-gnu/cmake/pcl/PCLConfig.cmake:338 (find_libusb)\n'}
[85.619832] (rtabmap_conversions) StderrLine: {'line': b'  /usr/lib/x86_64-linux-gnu/cmake/pcl/PCLConfig.cmake:548 (find_external_library)\n'}
[85.619917] (rtabmap_conversions) StderrLine: {'line': b'  /workspace/cartographer_ws/install/pcl_conversions/share/pcl_conversions/cmake/ament_cmake_export_dependencies-extras.cmake:21 (find_package)\n'}
[85.619997] (rtabmap_conversions) StderrLine: {'line': b'  /workspace/cartographer_ws/install/pcl_conversions/share/pcl_conversions/cmake/pcl_conversionsConfig.cmake:41 (include)\n'}
[85.620078] (rtabmap_conversions) StderrLine: {'line': b'  CMakeLists.txt:23 (find_package)\n'}
[85.620171] (rtabmap_conversions) StderrLine: {'line': b'This warning is for project developers.  Use -Wno-dev to suppress it.\n'}
[85.620256] (rtabmap_conversions) StderrLine: {'line': b'\x1b[0m\n'}
[85.620334] (rtabmap_conversions) StdoutLine: {'line': b'-- Found libusb-1.0: /usr/include  \n'}
[85.628334] (rtabmap_conversions) StderrLine: {'line': b'\x1b[33mCMake Warning (dev) at /usr/share/cmake-3.22/Modules/FindPackageHandleStandardArgs.cmake:438 (message):\n'}
[85.628515] (rtabmap_conversions) StderrLine: {'line': b'  The package name passed to `find_package_handle_standard_args` (USB_10)\n'}
[85.628632] (rtabmap_conversions) StderrLine: {'line': b'  does not match the name of the calling package (OpenNI).  This can lead to\n'}
[85.628714] (rtabmap_conversions) StderrLine: {'line': b'  problems in calling code that expects `find_package` result variables\n'}
[85.628799] (rtabmap_conversions) StderrLine: {'line': b'  (e.g., `_FOUND`) to follow a certain pattern.\n'}
[85.628876] (rtabmap_conversions) StderrLine: {'line': b'Call Stack (most recent call first):\n'}
[85.628956] (rtabmap_conversions) StderrLine: {'line': b'  /usr/lib/x86_64-linux-gnu/cmake/pcl/Modules/FindOpenNI.cmake:28 (find_package_handle_standard_args)\n'}
[85.629035] (rtabmap_conversions) StderrLine: {'line': b'  /usr/lib/x86_64-linux-gnu/cmake/pcl/PCLConfig.cmake:179 (find_package)\n'}
[85.629127] (rtabmap_conversions) StderrLine: {'line': b'  /usr/lib/x86_64-linux-gnu/cmake/pcl/PCLConfig.cmake:322 (find_openni)\n'}
[85.629209] (rtabmap_conversions) StderrLine: {'line': b'  /usr/lib/x86_64-linux-gnu/cmake/pcl/PCLConfig.cmake:548 (find_external_library)\n'}
[85.629284] (rtabmap_conversions) StderrLine: {'line': b'  /workspace/cartographer_ws/install/pcl_conversions/share/pcl_conversions/cmake/ament_cmake_export_dependencies-extras.cmake:21 (find_package)\n'}
[85.629379] (rtabmap_conversions) StderrLine: {'line': b'  /workspace/cartographer_ws/install/pcl_conversions/share/pcl_conversions/cmake/pcl_conversionsConfig.cmake:41 (include)\n'}
[85.629459] (rtabmap_conversions) StderrLine: {'line': b'  CMakeLists.txt:23 (find_package)\n'}
[85.629535] (rtabmap_conversions) StderrLine: {'line': b'This warning is for project developers.  Use -Wno-dev to suppress it.\n'}
[85.629611] (rtabmap_conversions) StderrLine: {'line': b'\x1b[0m\n'}
[85.630180] (rtabmap_conversions) StdoutLine: {'line': b'-- OpenNI found (include: /usr/include/ni, lib: /usr/lib/libOpenNI.so)\n'}
[85.640582] (rtabmap_conversions) StderrLine: {'line': b'\x1b[33mCMake Warning (dev) at /usr/share/cmake-3.22/Modules/FindPackageHandleStandardArgs.cmake:438 (message):\n'}
[85.640896] (rtabmap_conversions) StderrLine: {'line': b'  The package name passed to `find_package_handle_standard_args` (USB_10)\n'}
[85.640989] (rtabmap_conversions) StderrLine: {'line': b'  does not match the name of the calling package (OpenNI2).  This can lead to\n'}
[85.641069] (rtabmap_conversions) StderrLine: {'line': b'  problems in calling code that expects `find_package` result variables\n'}
[85.641164] (rtabmap_conversions) StderrLine: {'line': b'  (e.g., `_FOUND`) to follow a certain pattern.\n'}
[85.641246] (rtabmap_conversions) StderrLine: {'line': b'Call Stack (most recent call first):\n'}
[85.641323] (rtabmap_conversions) StderrLine: {'line': b'  /usr/lib/x86_64-linux-gnu/cmake/pcl/Modules/FindOpenNI2.cmake:28 (find_package_handle_standard_args)\n'}
[85.641403] (rtabmap_conversions) StderrLine: {'line': b'  /usr/lib/x86_64-linux-gnu/cmake/pcl/PCLConfig.cmake:193 (find_package)\n'}
[85.641481] (rtabmap_conversions) StderrLine: {'line': b'  /usr/lib/x86_64-linux-gnu/cmake/pcl/PCLConfig.cmake:324 (find_openni2)\n'}
[85.641558] (rtabmap_conversions) StderrLine: {'line': b'  /usr/lib/x86_64-linux-gnu/cmake/pcl/PCLConfig.cmake:548 (find_external_library)\n'}
[85.641635] (rtabmap_conversions) StderrLine: {'line': b'  /workspace/cartographer_ws/install/pcl_conversions/share/pcl_conversions/cmake/ament_cmake_export_dependencies-extras.cmake:21 (find_package)\n'}
[85.641714] (rtabmap_conversions) StderrLine: {'line': b'  /workspace/cartographer_ws/install/pcl_conversions/share/pcl_conversions/cmake/pcl_conversionsConfig.cmake:41 (include)\n'}
[85.641791] (rtabmap_conversions) StderrLine: {'line': b'  CMakeLists.txt:23 (find_package)\n'}
[85.641869] (rtabmap_conversions) StderrLine: {'line': b'This warning is for project developers.  Use -Wno-dev to suppress it.\n'}
[85.641949] (rtabmap_conversions) StderrLine: {'line': b'\x1b[0m\n'}
[85.642250] (rtabmap_conversions) StdoutLine: {'line': b'-- OpenNI2 found (include: /usr/include/openni2, lib: /usr/lib/libOpenNI2.so)\n'}
[85.645937] (-) TimerEvent: {}
[85.682160] (rtabmap_conversions) StdoutLine: {'line': b'-- Found Qhull: optimized;/usr/lib/x86_64-linux-gnu/libqhull.so;debug;/usr/lib/x86_64-linux-gnu/libqhull.so  \n'}
[85.682484] (rtabmap_conversions) StdoutLine: {'line': b'-- QHULL found (include: /usr/include, lib: optimized;/usr/lib/x86_64-linux-gnu/libqhull.so;debug;/usr/lib/x86_64-linux-gnu/libqhull.so)\n'}
[85.692479] (rtabmap_conversions) StderrLine: {'line': b'\x1b[33mCMake Warning (dev) at /usr/share/cmake-3.22/Modules/FindPackageHandleStandardArgs.cmake:438 (message):\n'}
[85.692741] (rtabmap_conversions) StderrLine: {'line': b'  The package name passed to `find_package_handle_standard_args` (USB_10)\n'}
[85.692838] (rtabmap_conversions) StderrLine: {'line': b'  does not match the name of the calling package (OpenNI).  This can lead to\n'}
[85.692919] (rtabmap_conversions) StderrLine: {'line': b'  problems in calling code that expects `find_package` result variables\n'}
[85.692997] (rtabmap_conversions) StderrLine: {'line': b'  (e.g., `_FOUND`) to follow a certain pattern.\n'}
[85.693076] (rtabmap_conversions) StderrLine: {'line': b'Call Stack (most recent call first):\n'}
[85.693177] (rtabmap_conversions) StderrLine: {'line': b'  /usr/lib/x86_64-linux-gnu/cmake/pcl/Modules/FindOpenNI.cmake:28 (find_package_handle_standard_args)\n'}
[85.693264] (rtabmap_conversions) StderrLine: {'line': b'  /usr/lib/x86_64-linux-gnu/cmake/pcl/PCLConfig.cmake:179 (find_package)\n'}
[85.693343] (rtabmap_conversions) StderrLine: {'line': b'  /usr/lib/x86_64-linux-gnu/cmake/pcl/PCLConfig.cmake:322 (find_openni)\n'}
[85.693427] (rtabmap_conversions) StderrLine: {'line': b'  /usr/lib/x86_64-linux-gnu/cmake/pcl/PCLConfig.cmake:548 (find_external_library)\n'}
[85.693507] (rtabmap_conversions) StderrLine: {'line': b'  /workspace/cartographer_ws/install/pcl_conversions/share/pcl_conversions/cmake/ament_cmake_export_dependencies-extras.cmake:21 (find_package)\n'}
[85.693593] (rtabmap_conversions) StderrLine: {'line': b'  /workspace/cartographer_ws/install/pcl_conversions/share/pcl_conversions/cmake/pcl_conversionsConfig.cmake:41 (include)\n'}
[85.693671] (rtabmap_conversions) StderrLine: {'line': b'  CMakeLists.txt:23 (find_package)\n'}
[85.693752] (rtabmap_conversions) StderrLine: {'line': b'This warning is for project developers.  Use -Wno-dev to suppress it.\n'}
[85.693826] (rtabmap_conversions) StderrLine: {'line': b'\x1b[0m\n'}
[85.694440] (rtabmap_conversions) StdoutLine: {'line': b'-- OpenNI found (include: /usr/include/ni, lib: /usr/lib/libOpenNI.so)\n'}
[85.709996] (rtabmap_conversions) StderrLine: {'line': b'\x1b[33mCMake Warning (dev) at /usr/share/cmake-3.22/Modules/FindPackageHandleStandardArgs.cmake:438 (message):\n'}
[85.710279] (rtabmap_conversions) StderrLine: {'line': b'  The package name passed to `find_package_handle_standard_args` (PCL_COMMON)\n'}
[85.710387] (rtabmap_conversions) StderrLine: {'line': b'  does not match the name of the calling package (PCL).  This can lead to\n'}
[85.710478] (rtabmap_conversions) StderrLine: {'line': b'  problems in calling code that expects `find_package` result variables\n'}
[85.710566] (rtabmap_conversions) StderrLine: {'line': b'  (e.g., `_FOUND`) to follow a certain pattern.\n'}
[85.710646] (rtabmap_conversions) StderrLine: {'line': b'Call Stack (most recent call first):\n'}
[85.710724] (rtabmap_conversions) StderrLine: {'line': b'  /usr/lib/x86_64-linux-gnu/cmake/pcl/PCLConfig.cmake:616 (find_package_handle_standard_args)\n'}
[85.710810] (rtabmap_conversions) StderrLine: {'line': b'  /workspace/cartographer_ws/install/pcl_conversions/share/pcl_conversions/cmake/ament_cmake_export_dependencies-extras.cmake:21 (find_package)\n'}
[85.710913] (rtabmap_conversions) StderrLine: {'line': b'  /workspace/cartographer_ws/install/pcl_conversions/share/pcl_conversions/cmake/pcl_conversionsConfig.cmake:41 (include)\n'}
[85.711005] (rtabmap_conversions) StderrLine: {'line': b'  CMakeLists.txt:23 (find_package)\n'}
[85.711089] (rtabmap_conversions) StderrLine: {'line': b'This warning is for project developers.  Use -Wno-dev to suppress it.\n'}
[85.711178] (rtabmap_conversions) StderrLine: {'line': b'\x1b[0m\n'}
[85.711256] (rtabmap_conversions) StdoutLine: {'line': b'-- Found PCL_COMMON: /usr/lib/x86_64-linux-gnu/libpcl_common.so  \n'}
[85.711676] (rtabmap_conversions) StderrLine: {'line': b'\x1b[33mCMake Warning (dev) at /usr/share/cmake-3.22/Modules/FindPackageHandleStandardArgs.cmake:438 (message):\n'}
[85.711841] (rtabmap_conversions) StderrLine: {'line': b'  The package name passed to `find_package_handle_standard_args` (PCL_KDTREE)\n'}
[85.711939] (rtabmap_conversions) StderrLine: {'line': b'  does not match the name of the calling package (PCL).  This can lead to\n'}
[85.712027] (rtabmap_conversions) StderrLine: {'line': b'  problems in calling code that expects `find_package` result variables\n'}
[85.712121] (rtabmap_conversions) StderrLine: {'line': b'  (e.g., `_FOUND`) to follow a certain pattern.\n'}
[85.712204] (rtabmap_conversions) StderrLine: {'line': b'Call Stack (most recent call first):\n'}
[85.712290] (rtabmap_conversions) StderrLine: {'line': b'  /usr/lib/x86_64-linux-gnu/cmake/pcl/PCLConfig.cmake:616 (find_package_handle_standard_args)\n'}
[85.712374] (rtabmap_conversions) StderrLine: {'line': b'  /workspace/cartographer_ws/install/pcl_conversions/share/pcl_conversions/cmake/ament_cmake_export_dependencies-extras.cmake:21 (find_package)\n'}
[85.712472] (rtabmap_conversions) StderrLine: {'line': b'  /workspace/cartographer_ws/install/pcl_conversions/share/pcl_conversions/cmake/pcl_conversionsConfig.cmake:41 (include)\n'}
[85.712552] (rtabmap_conversions) StderrLine: {'line': b'  CMakeLists.txt:23 (find_package)\n'}
[85.712630] (rtabmap_conversions) StderrLine: {'line': b'This warning is for project developers.  Use -Wno-dev to suppress it.\n'}
[85.712708] (rtabmap_conversions) StderrLine: {'line': b'\x1b[0m\n'}
[85.712785] (rtabmap_conversions) StdoutLine: {'line': b'-- Found PCL_KDTREE: /usr/lib/x86_64-linux-gnu/libpcl_kdtree.so  \n'}
[85.713003] (rtabmap_conversions) StderrLine: {'line': b'\x1b[33mCMake Warning (dev) at /usr/share/cmake-3.22/Modules/FindPackageHandleStandardArgs.cmake:438 (message):\n'}
[85.713103] (rtabmap_conversions) StderrLine: {'line': b'  The package name passed to `find_package_handle_standard_args` (PCL_OCTREE)\n'}
[85.713192] (rtabmap_conversions) StderrLine: {'line': b'  does not match the name of the calling package (PCL).  This can lead to\n'}
[85.713565] (rtabmap_conversions) StderrLine: {'line': b'  problems in calling code that expects `find_package` result variables\n'}
[85.713670] (rtabmap_conversions) StderrLine: {'line': b'  (e.g., `_FOUND`) to follow a certain pattern.\n'}
[85.713762] (rtabmap_conversions) StderrLine: {'line': b'Call Stack (most recent call first):\n'}
[85.713846] (rtabmap_conversions) StderrLine: {'line': b'  /usr/lib/x86_64-linux-gnu/cmake/pcl/PCLConfig.cmake:616 (find_package_handle_standard_args)\n'}
[85.713933] (rtabmap_conversions) StderrLine: {'line': b'  /workspace/cartographer_ws/install/pcl_conversions/share/pcl_conversions/cmake/ament_cmake_export_dependencies-extras.cmake:21 (find_package)\n'}
[85.714014] (rtabmap_conversions) StderrLine: {'line': b'  /workspace/cartographer_ws/install/pcl_conversions/share/pcl_conversions/cmake/pcl_conversionsConfig.cmake:41 (include)\n'}
[85.714108] (rtabmap_conversions) StderrLine: {'line': b'  CMakeLists.txt:23 (find_package)\n'}
[85.714185] (rtabmap_conversions) StderrLine: {'line': b'This warning is for project developers.  Use -Wno-dev to suppress it.\n'}
[85.714271] (rtabmap_conversions) StderrLine: {'line': b'\x1b[0m\n'}
[85.714346] (rtabmap_conversions) StdoutLine: {'line': b'-- Found PCL_OCTREE: /usr/lib/x86_64-linux-gnu/libpcl_octree.so  \n'}
[85.714708] (rtabmap_conversions) StdoutLine: {'line': b'-- Found PCL_SEARCH: /usr/lib/x86_64-linux-gnu/libpcl_search.so  \n'}
[85.714870] (rtabmap_conversions) StderrLine: {'line': b'\x1b[33mCMake Warning (dev) at /usr/share/cmake-3.22/Modules/FindPackageHandleStandardArgs.cmake:438 (message):\n'}
[85.714969] (rtabmap_conversions) StderrLine: {'line': b'  The package name passed to `find_package_handle_standard_args` (PCL_SEARCH)\n'}
[85.715074] (rtabmap_conversions) StderrLine: {'line': b'  does not match the name of the calling package (PCL).  This can lead to\n'}
[85.715169] (rtabmap_conversions) StderrLine: {'line': b'  problems in calling code that expects `find_package` result variables\n'}
[85.715249] (rtabmap_conversions) StderrLine: {'line': b'  (e.g., `_FOUND`) to follow a certain pattern.\n'}
[85.715327] (rtabmap_conversions) StderrLine: {'line': b'Call Stack (most recent call first):\n'}
[85.715405] (rtabmap_conversions) StderrLine: {'line': b'  /usr/lib/x86_64-linux-gnu/cmake/pcl/PCLConfig.cmake:616 (find_package_handle_standard_args)\n'}
[85.715484] (rtabmap_conversions) StderrLine: {'line': b'  /workspace/cartographer_ws/install/pcl_conversions/share/pcl_conversions/cmake/ament_cmake_export_dependencies-extras.cmake:21 (find_package)\n'}
[85.715561] (rtabmap_conversions) StderrLine: {'line': b'  /workspace/cartographer_ws/install/pcl_conversions/share/pcl_conversions/cmake/pcl_conversionsConfig.cmake:41 (include)\n'}
[85.715636] (rtabmap_conversions) StderrLine: {'line': b'  CMakeLists.txt:23 (find_package)\n'}
[85.715721] (rtabmap_conversions) StderrLine: {'line': b'This warning is for project developers.  Use -Wno-dev to suppress it.\n'}
[85.715803] (rtabmap_conversions) StderrLine: {'line': b'\x1b[0m\n'}
[85.715937] (rtabmap_conversions) StdoutLine: {'line': b'-- Found PCL_SAMPLE_CONSENSUS: /usr/lib/x86_64-linux-gnu/libpcl_sample_consensus.so  \n'}
[85.716136] (rtabmap_conversions) StderrLine: {'line': b'\x1b[33mCMake Warning (dev) at /usr/share/cmake-3.22/Modules/FindPackageHandleStandardArgs.cmake:438 (message):\n'}
[85.716218] (rtabmap_conversions) StderrLine: {'line': b'  The package name passed to `find_package_handle_standard_args`\n'}
[85.716297] (rtabmap_conversions) StderrLine: {'line': b'  (PCL_SAMPLE_CONSENSUS) does not match the name of the calling package\n'}
[85.716378] (rtabmap_conversions) StderrLine: {'line': b'  (PCL).  This can lead to problems in calling code that expects\n'}
[85.716452] (rtabmap_conversions) StderrLine: {'line': b'  `find_package` result variables (e.g., `_FOUND`) to follow a certain\n'}
[85.716533] (rtabmap_conversions) StderrLine: {'line': b'  pattern.\n'}
[85.716608] (rtabmap_conversions) StderrLine: {'line': b'Call Stack (most recent call first):\n'}
[85.716699] (rtabmap_conversions) StderrLine: {'line': b'  /usr/lib/x86_64-linux-gnu/cmake/pcl/PCLConfig.cmake:616 (find_package_handle_standard_args)\n'}
[85.716778] (rtabmap_conversions) StderrLine: {'line': b'  /workspace/cartographer_ws/install/pcl_conversions/share/pcl_conversions/cmake/ament_cmake_export_dependencies-extras.cmake:21 (find_package)\n'}
[85.716861] (rtabmap_conversions) StderrLine: {'line': b'  /workspace/cartographer_ws/install/pcl_conversions/share/pcl_conversions/cmake/pcl_conversionsConfig.cmake:41 (include)\n'}
[85.716946] (rtabmap_conversions) StderrLine: {'line': b'  CMakeLists.txt:23 (find_package)\n'}
[85.717029] (rtabmap_conversions) StderrLine: {'line': b'This warning is for project developers.  Use -Wno-dev to suppress it.\n'}
[85.717115] (rtabmap_conversions) StderrLine: {'line': b'\x1b[0m\n'}
[85.717386] (rtabmap_conversions) StderrLine: {'line': b'\x1b[33mCMake Warning (dev) at /usr/share/cmake-3.22/Modules/FindPackageHandleStandardArgs.cmake:438 (message):\n'}
[85.717576] (rtabmap_conversions) StderrLine: {'line': b'  The package name passed to `find_package_handle_standard_args`\n'}
[85.717673] (rtabmap_conversions) StderrLine: {'line': b'  (PCL_FILTERS) does not match the name of the calling package (PCL).  This\n'}
[85.717755] (rtabmap_conversions) StderrLine: {'line': b'  can lead to problems in calling code that expects `find_package` result\n'}
[85.717837] (rtabmap_conversions) StderrLine: {'line': b'  variables (e.g., `_FOUND`) to follow a certain pattern.\n'}
[85.717911] (rtabmap_conversions) StderrLine: {'line': b'Call Stack (most recent call first):\n'}
[85.717994] (rtabmap_conversions) StderrLine: {'line': b'  /usr/lib/x86_64-linux-gnu/cmake/pcl/PCLConfig.cmake:616 (find_package_handle_standard_args)\n'}
[85.718101] (rtabmap_conversions) StderrLine: {'line': b'  /workspace/cartographer_ws/install/pcl_conversions/share/pcl_conversions/cmake/ament_cmake_export_dependencies-extras.cmake:21 (find_package)\n'}
[85.718468] (rtabmap_conversions) StderrLine: {'line': b'  /workspace/cartographer_ws/install/pcl_conversions/share/pcl_conversions/cmake/pcl_conversionsConfig.cmake:41 (include)\n'}
[85.719164] (rtabmap_conversions) StderrLine: {'line': b'  CMakeLists.txt:23 (find_package)\n'}
[85.719287] (rtabmap_conversions) StderrLine: {'line': b'This warning is for project developers.  Use -Wno-dev to suppress it.\n'}
[85.719376] (rtabmap_conversions) StderrLine: {'line': b'\x1b[0m\n'}
[85.719457] (rtabmap_conversions) StdoutLine: {'line': b'-- Found PCL_FILTERS: /usr/lib/x86_64-linux-gnu/libpcl_filters.so  \n'}
[85.719545] (rtabmap_conversions) StderrLine: {'line': b'\x1b[33mCMake Warning (dev) at /usr/share/cmake-3.22/Modules/FindPackageHandleStandardArgs.cmake:438 (message):\n'}
[85.719627] (rtabmap_conversions) StderrLine: {'line': b'  The package name passed to `find_package_handle_standard_args` (PCL_2D)\n'}
[85.719706] (rtabmap_conversions) StderrLine: {'line': b'  does not match the name of the calling package (PCL).  This can lead to\n'}
[85.719786] (rtabmap_conversions) StderrLine: {'line': b'  problems in calling code that expects `find_package` result variables\n'}
[85.719878] (rtabmap_conversions) StderrLine: {'line': b'  (e.g., `_FOUND`) to follow a certain pattern.\n'}
[85.720333] (rtabmap_conversions) StderrLine: {'line': b'Call Stack (most recent call first):\n'}
[85.720499] (rtabmap_conversions) StderrLine: {'line': b'  /usr/lib/x86_64-linux-gnu/cmake/pcl/PCLConfig.cmake:619 (find_package_handle_standard_args)\n'}
[85.720594] (rtabmap_conversions) StderrLine: {'line': b'  /workspace/cartographer_ws/install/pcl_conversions/share/pcl_conversions/cmake/ament_cmake_export_dependencies-extras.cmake:21 (find_package)\n'}
[85.720676] (rtabmap_conversions) StderrLine: {'line': b'  /workspace/cartographer_ws/install/pcl_conversions/share/pcl_conversions/cmake/pcl_conversionsConfig.cmake:41 (include)\n'}
[85.720758] (rtabmap_conversions) StderrLine: {'line': b'  CMakeLists.txt:23 (find_package)\n'}
[85.720837] (rtabmap_conversions) StderrLine: {'line': b'This warning is for project developers.  Use -Wno-dev to suppress it.\n'}
[85.720920] (rtabmap_conversions) StderrLine: {'line': b'\x1b[0m\n'}
[85.720998] (rtabmap_conversions) StderrLine: {'line': b'\x1b[33mCMake Warning (dev) at /usr/share/cmake-3.22/Modules/FindPackageHandleStandardArgs.cmake:438 (message):\n'}
[85.721162] (rtabmap_conversions) StderrLine: {'line': b'  The package name passed to `find_package_handle_standard_args`\n'}
[85.721243] (rtabmap_conversions) StderrLine: {'line': b'  (PCL_GEOMETRY) does not match the name of the calling package (PCL).  This\n'}
[85.721318] (rtabmap_conversions) StderrLine: {'line': b'  can lead to problems in calling code that expects `find_package` result\n'}
[85.721396] (rtabmap_conversions) StderrLine: {'line': b'  variables (e.g., `_FOUND`) to follow a certain pattern.\n'}
[85.721473] (rtabmap_conversions) StderrLine: {'line': b'Call Stack (most recent call first):\n'}
[85.721552] (rtabmap_conversions) StderrLine: {'line': b'  /usr/lib/x86_64-linux-gnu/cmake/pcl/PCLConfig.cmake:619 (find_package_handle_standard_args)\n'}
[85.721630] (rtabmap_conversions) StderrLine: {'line': b'  /workspace/cartographer_ws/install/pcl_conversions/share/pcl_conversions/cmake/ament_cmake_export_dependencies-extras.cmake:21 (find_package)\n'}
[85.721991] (rtabmap_conversions) StderrLine: {'line': b'  /workspace/cartographer_ws/install/pcl_conversions/share/pcl_conversions/cmake/pcl_conversionsConfig.cmake:41 (include)\n'}
[85.722112] (rtabmap_conversions) StderrLine: {'line': b'  CMakeLists.txt:23 (find_package)\n'}
[85.722204] (rtabmap_conversions) StderrLine: {'line': b'This warning is for project developers.  Use -Wno-dev to suppress it.\n'}
[85.722303] (rtabmap_conversions) StderrLine: {'line': b'\x1b[0m\n'}
[85.722381] (rtabmap_conversions) StdoutLine: {'line': b'-- Found PCL_2D: /usr/include/pcl-1.10  \n'}
[85.722471] (rtabmap_conversions) StdoutLine: {'line': b'-- Found PCL_GEOMETRY: /usr/include/pcl-1.10  \n'}
[85.722554] (rtabmap_conversions) StderrLine: {'line': b'\x1b[33mCMake Warning (dev) at /usr/share/cmake-3.22/Modules/FindPackageHandleStandardArgs.cmake:438 (message):\n'}
[85.722639] (rtabmap_conversions) StderrLine: {'line': b'  The package name passed to `find_package_handle_standard_args` (PCL_IO)\n'}
[85.722718] (rtabmap_conversions) StderrLine: {'line': b'  does not match the name of the calling package (PCL).  This can lead to\n'}
[85.722962] (rtabmap_conversions) StderrLine: {'line': b'  problems in calling code that expects `find_package` result variables\n'}
[85.723041] (rtabmap_conversions) StderrLine: {'line': b'  (e.g., `_FOUND`) to follow a certain pattern.\n'}
[85.723132] (rtabmap_conversions) StderrLine: {'line': b'Call Stack (most recent call first):\n'}
[85.723233] (rtabmap_conversions) StderrLine: {'line': b'  /usr/lib/x86_64-linux-gnu/cmake/pcl/PCLConfig.cmake:616 (find_package_handle_standard_args)\n'}
[85.723313] (rtabmap_conversions) StderrLine: {'line': b'  /workspace/cartographer_ws/install/pcl_conversions/share/pcl_conversions/cmake/ament_cmake_export_dependencies-extras.cmake:21 (find_package)\n'}
[85.723396] (rtabmap_conversions) StderrLine: {'line': b'  /workspace/cartographer_ws/install/pcl_conversions/share/pcl_conversions/cmake/pcl_conversionsConfig.cmake:41 (include)\n'}
[85.723474] (rtabmap_conversions) StderrLine: {'line': b'  CMakeLists.txt:23 (find_package)\n'}
[85.723813] (rtabmap_conversions) StderrLine: {'line': b'This warning is for project developers.  Use -Wno-dev to suppress it.\n'}
[85.723968] (rtabmap_conversions) StderrLine: {'line': b'\x1b[0m\n'}
[85.724130] (rtabmap_conversions) StdoutLine: {'line': b'-- Found PCL_IO: /usr/lib/x86_64-linux-gnu/libpcl_io.so  \n'}
[85.724221] (rtabmap_conversions) StderrLine: {'line': b'\x1b[33mCMake Warning (dev) at /usr/share/cmake-3.22/Modules/FindPackageHandleStandardArgs.cmake:438 (message):\n'}
[85.724306] (rtabmap_conversions) StderrLine: {'line': b'  The package name passed to `find_package_handle_standard_args`\n'}
[85.724386] (rtabmap_conversions) StderrLine: {'line': b'  (PCL_FEATURES) does not match the name of the calling package (PCL).  This\n'}
[85.724481] (rtabmap_conversions) StderrLine: {'line': b'  can lead to problems in calling code that expects `find_package` result\n'}
[85.724565] (rtabmap_conversions) StderrLine: {'line': b'  variables (e.g., `_FOUND`) to follow a certain pattern.\n'}
[85.724643] (rtabmap_conversions) StderrLine: {'line': b'Call Stack (most recent call first):\n'}
[85.724721] (rtabmap_conversions) StderrLine: {'line': b'  /usr/lib/x86_64-linux-gnu/cmake/pcl/PCLConfig.cmake:616 (find_package_handle_standard_args)\n'}
[85.724907] (rtabmap_conversions) StderrLine: {'line': b'  /workspace/cartographer_ws/install/pcl_conversions/share/pcl_conversions/cmake/ament_cmake_export_dependencies-extras.cmake:21 (find_package)\n'}
[85.724988] (rtabmap_conversions) StderrLine: {'line': b'  /workspace/cartographer_ws/install/pcl_conversions/share/pcl_conversions/cmake/pcl_conversionsConfig.cmake:41 (include)\n'}
[85.725131] (rtabmap_conversions) StderrLine: {'line': b'  CMakeLists.txt:23 (find_package)\n'}
[85.725210] (rtabmap_conversions) StderrLine: {'line': b'This warning is for project developers.  Use -Wno-dev to suppress it.\n'}
[85.725289] (rtabmap_conversions) StderrLine: {'line': b'\x1b[0m\n'}
[85.725367] (rtabmap_conversions) StdoutLine: {'line': b'-- Found PCL_FEATURES: /usr/lib/x86_64-linux-gnu/libpcl_features.so  \n'}
[85.725445] (rtabmap_conversions) StderrLine: {'line': b'\x1b[33mCMake Warning (dev) at /usr/share/cmake-3.22/Modules/FindPackageHandleStandardArgs.cmake:438 (message):\n'}
[85.725525] (rtabmap_conversions) StderrLine: {'line': b'  The package name passed to `find_package_handle_standard_args` (PCL_ML)\n'}
[85.725611] (rtabmap_conversions) StderrLine: {'line': b'  does not match the name of the calling package (PCL).  This can lead to\n'}
[85.725688] (rtabmap_conversions) StderrLine: {'line': b'  problems in calling code that expects `find_package` result variables\n'}
[85.725764] (rtabmap_conversions) StderrLine: {'line': b'  (e.g., `_FOUND`) to follow a certain pattern.\n'}
[85.725841] (rtabmap_conversions) StderrLine: {'line': b'Call Stack (most recent call first):\n'}
[85.725916] (rtabmap_conversions) StderrLine: {'line': b'  /usr/lib/x86_64-linux-gnu/cmake/pcl/PCLConfig.cmake:616 (find_package_handle_standard_args)\n'}
[85.725993] (rtabmap_conversions) StderrLine: {'line': b'  /workspace/cartographer_ws/install/pcl_conversions/share/pcl_conversions/cmake/ament_cmake_export_dependencies-extras.cmake:21 (find_package)\n'}
[85.726070] (rtabmap_conversions) StderrLine: {'line': b'  /workspace/cartographer_ws/install/pcl_conversions/share/pcl_conversions/cmake/pcl_conversionsConfig.cmake:41 (include)\n'}
[85.726150] (rtabmap_conversions) StderrLine: {'line': b'  CMakeLists.txt:23 (find_package)\n'}
[85.726225] (rtabmap_conversions) StderrLine: {'line': b'This warning is for project developers.  Use -Wno-dev to suppress it.\n'}
[85.726307] (rtabmap_conversions) StderrLine: {'line': b'\x1b[0m\n'}
[85.726385] (rtabmap_conversions) StdoutLine: {'line': b'-- Found PCL_ML: /usr/lib/x86_64-linux-gnu/libpcl_ml.so  \n'}
[85.726754] (rtabmap_conversions) StderrLine: {'line': b'\x1b[33mCMake Warning (dev) at /usr/share/cmake-3.22/Modules/FindPackageHandleStandardArgs.cmake:438 (message):\n'}
[85.726907] (rtabmap_conversions) StderrLine: {'line': b'  The package name passed to `find_package_handle_standard_args`\n'}
[85.727001] (rtabmap_conversions) StderrLine: {'line': b'  (PCL_SEGMENTATION) does not match the name of the calling package (PCL).\n'}
[85.727101] (rtabmap_conversions) StderrLine: {'line': b'  This can lead to problems in calling code that expects `find_package`\n'}
[85.727185] (rtabmap_conversions) StderrLine: {'line': b'  result variables (e.g., `_FOUND`) to follow a certain pattern.\n'}
[85.727265] (rtabmap_conversions) StderrLine: {'line': b'Call Stack (most recent call first):\n'}
[85.727347] (rtabmap_conversions) StderrLine: {'line': b'  /usr/lib/x86_64-linux-gnu/cmake/pcl/PCLConfig.cmake:616 (find_package_handle_standard_args)\n'}
[85.727426] (rtabmap_conversions) StderrLine: {'line': b'  /workspace/cartographer_ws/install/pcl_conversions/share/pcl_conversions/cmake/ament_cmake_export_dependencies-extras.cmake:21 (find_package)\n'}
[85.727508] (rtabmap_conversions) StderrLine: {'line': b'  /workspace/cartographer_ws/install/pcl_conversions/share/pcl_conversions/cmake/pcl_conversionsConfig.cmake:41 (include)\n'}
[85.727584] (rtabmap_conversions) StderrLine: {'line': b'  CMakeLists.txt:23 (find_package)\n'}
[85.727663] (rtabmap_conversions) StderrLine: {'line': b'This warning is for project developers.  Use -Wno-dev to suppress it.\n'}
[85.727739] (rtabmap_conversions) StderrLine: {'line': b'\x1b[0m\n'}
[85.727820] (rtabmap_conversions) StdoutLine: {'line': b'-- Found PCL_SEGMENTATION: /usr/lib/x86_64-linux-gnu/libpcl_segmentation.so  \n'}
[85.727902] (rtabmap_conversions) StderrLine: {'line': b'\x1b[33mCMake Warning (dev) at /usr/share/cmake-3.22/Modules/FindPackageHandleStandardArgs.cmake:438 (message):\n'}
[85.727985] (rtabmap_conversions) StderrLine: {'line': b'  The package name passed to `find_package_handle_standard_args`\n'}
[85.728118] (rtabmap_conversions) StderrLine: {'line': b'  (PCL_VISUALIZATION) does not match the name of the calling package (PCL).\n'}
[85.728442] (rtabmap_conversions) StderrLine: {'line': b'  This can lead to problems in calling code that expects `find_package`\n'}
[85.728595] (rtabmap_conversions) StderrLine: {'line': b'  result variables (e.g., `_FOUND`) to follow a certain pattern.\n'}
[85.728689] (rtabmap_conversions) StderrLine: {'line': b'Call Stack (most recent call first):\n'}
[85.728773] (rtabmap_conversions) StderrLine: {'line': b'  /usr/lib/x86_64-linux-gnu/cmake/pcl/PCLConfig.cmake:616 (find_package_handle_standard_args)\n'}
[85.728870] (rtabmap_conversions) StderrLine: {'line': b'  /workspace/cartographer_ws/install/pcl_conversions/share/pcl_conversions/cmake/ament_cmake_export_dependencies-extras.cmake:21 (find_package)\n'}
[85.728950] (rtabmap_conversions) StderrLine: {'line': b'  /workspace/cartographer_ws/install/pcl_conversions/share/pcl_conversions/cmake/pcl_conversionsConfig.cmake:41 (include)\n'}
[85.729028] (rtabmap_conversions) StderrLine: {'line': b'  CMakeLists.txt:23 (find_package)\n'}
[85.729119] (rtabmap_conversions) StderrLine: {'line': b'This warning is for project developers.  Use -Wno-dev to suppress it.\n'}
[85.729200] (rtabmap_conversions) StderrLine: {'line': b'\x1b[0m\n'}
[85.729281] (rtabmap_conversions) StdoutLine: {'line': b'-- Found PCL_VISUALIZATION: /usr/lib/x86_64-linux-gnu/libpcl_visualization.so  \n'}
[85.729368] (rtabmap_conversions) StdoutLine: {'line': b'-- Found PCL_SURFACE: /usr/lib/x86_64-linux-gnu/libpcl_surface.so  \n'}
[85.729449] (rtabmap_conversions) StderrLine: {'line': b'\x1b[33mCMake Warning (dev) at /usr/share/cmake-3.22/Modules/FindPackageHandleStandardArgs.cmake:438 (message):\n'}
[85.729638] (rtabmap_conversions) StderrLine: {'line': b'  The package name passed to `find_package_handle_standard_args`\n'}
[85.729723] (rtabmap_conversions) StderrLine: {'line': b'  (PCL_SURFACE) does not match the name of the calling package (PCL).  This\n'}
[85.729839] (rtabmap_conversions) StderrLine: {'line': b'  can lead to problems in calling code that expects `find_package` result\n'}
[85.729920] (rtabmap_conversions) StderrLine: {'line': b'  variables (e.g., `_FOUND`) to follow a certain pattern.\n'}
[85.730010] (rtabmap_conversions) StderrLine: {'line': b'Call Stack (most recent call first):\n'}
[85.730095] (rtabmap_conversions) StderrLine: {'line': b'  /usr/lib/x86_64-linux-gnu/cmake/pcl/PCLConfig.cmake:616 (find_package_handle_standard_args)\n'}
[85.730175] (rtabmap_conversions) StderrLine: {'line': b'  /workspace/cartographer_ws/install/pcl_conversions/share/pcl_conversions/cmake/ament_cmake_export_dependencies-extras.cmake:21 (find_package)\n'}
[85.730249] (rtabmap_conversions) StderrLine: {'line': b'  /workspace/cartographer_ws/install/pcl_conversions/share/pcl_conversions/cmake/pcl_conversionsConfig.cmake:41 (include)\n'}
[85.730330] (rtabmap_conversions) StderrLine: {'line': b'  CMakeLists.txt:23 (find_package)\n'}
[85.730403] (rtabmap_conversions) StderrLine: {'line': b'This warning is for project developers.  Use -Wno-dev to suppress it.\n'}
[85.730484] (rtabmap_conversions) StderrLine: {'line': b'\x1b[0m\n'}
[85.730559] (rtabmap_conversions) StderrLine: {'line': b'\x1b[33mCMake Warning (dev) at /usr/share/cmake-3.22/Modules/FindPackageHandleStandardArgs.cmake:438 (message):\n'}
[85.730637] (rtabmap_conversions) StderrLine: {'line': b'  The package name passed to `find_package_handle_standard_args`\n'}
[85.730711] (rtabmap_conversions) StderrLine: {'line': b'  (PCL_REGISTRATION) does not match the name of the calling package (PCL).\n'}
[85.730791] (rtabmap_conversions) StderrLine: {'line': b'  This can lead to problems in calling code that expects `find_package`\n'}
[85.730865] (rtabmap_conversions) StderrLine: {'line': b'  result variables (e.g., `_FOUND`) to follow a certain pattern.\n'}
[85.730945] (rtabmap_conversions) StderrLine: {'line': b'Call Stack (most recent call first):\n'}
[85.731024] (rtabmap_conversions) StderrLine: {'line': b'  /usr/lib/x86_64-linux-gnu/cmake/pcl/PCLConfig.cmake:616 (find_package_handle_standard_args)\n'}
[85.731199] (rtabmap_conversions) StderrLine: {'line': b'  /workspace/cartographer_ws/install/pcl_conversions/share/pcl_conversions/cmake/ament_cmake_export_dependencies-extras.cmake:21 (find_package)\n'}
[85.731302] (rtabmap_conversions) StderrLine: {'line': b'  /workspace/cartographer_ws/install/pcl_conversions/share/pcl_conversions/cmake/pcl_conversionsConfig.cmake:41 (include)\n'}
[85.731382] (rtabmap_conversions) StderrLine: {'line': b'  CMakeLists.txt:23 (find_package)\n'}
[85.731467] (rtabmap_conversions) StderrLine: {'line': b'This warning is for project developers.  Use -Wno-dev to suppress it.\n'}
[85.731551] (rtabmap_conversions) StderrLine: {'line': b'\x1b[0m\n'}
[85.731629] (rtabmap_conversions) StdoutLine: {'line': b'-- Found PCL_REGISTRATION: /usr/lib/x86_64-linux-gnu/libpcl_registration.so  \n'}
[85.731715] (rtabmap_conversions) StderrLine: {'line': b'\x1b[33mCMake Warning (dev) at /usr/share/cmake-3.22/Modules/FindPackageHandleStandardArgs.cmake:438 (message):\n'}
[85.731797] (rtabmap_conversions) StderrLine: {'line': b'  The package name passed to `find_package_handle_standard_args`\n'}
[85.731873] (rtabmap_conversions) StderrLine: {'line': b'  (PCL_KEYPOINTS) does not match the name of the calling package (PCL).  This\n'}
[85.731949] (rtabmap_conversions) StderrLine: {'line': b'  can lead to problems in calling code that expects `find_package` result\n'}
[85.732024] (rtabmap_conversions) StderrLine: {'line': b'  variables (e.g., `_FOUND`) to follow a certain pattern.\n'}
[85.732106] (rtabmap_conversions) StderrLine: {'line': b'Call Stack (most recent call first):\n'}
[85.732183] (rtabmap_conversions) StderrLine: {'line': b'  /usr/lib/x86_64-linux-gnu/cmake/pcl/PCLConfig.cmake:616 (find_package_handle_standard_args)\n'}
[85.732294] (rtabmap_conversions) StderrLine: {'line': b'  /workspace/cartographer_ws/install/pcl_conversions/share/pcl_conversions/cmake/ament_cmake_export_dependencies-extras.cmake:21 (find_package)\n'}
[85.732374] (rtabmap_conversions) StderrLine: {'line': b'  /workspace/cartographer_ws/install/pcl_conversions/share/pcl_conversions/cmake/pcl_conversionsConfig.cmake:41 (include)\n'}
[85.732453] (rtabmap_conversions) StderrLine: {'line': b'  CMakeLists.txt:23 (find_package)\n'}
[85.732528] (rtabmap_conversions) StderrLine: {'line': b'This warning is for project developers.  Use -Wno-dev to suppress it.\n'}
[85.732608] (rtabmap_conversions) StderrLine: {'line': b'\x1b[0m\n'}
[85.732946] (rtabmap_conversions) StdoutLine: {'line': b'-- Found PCL_KEYPOINTS: /usr/lib/x86_64-linux-gnu/libpcl_keypoints.so  \n'}
[85.733150] (rtabmap_conversions) StderrLine: {'line': b'\x1b[33mCMake Warning (dev) at /usr/share/cmake-3.22/Modules/FindPackageHandleStandardArgs.cmake:438 (message):\n'}
[85.733248] (rtabmap_conversions) StderrLine: {'line': b'  The package name passed to `find_package_handle_standard_args`\n'}
[85.733330] (rtabmap_conversions) StderrLine: {'line': b'  (PCL_TRACKING) does not match the name of the calling package (PCL).  This\n'}
[85.733412] (rtabmap_conversions) StderrLine: {'line': b'  can lead to problems in calling code that expects `find_package` result\n'}
[85.733493] (rtabmap_conversions) StderrLine: {'line': b'  variables (e.g., `_FOUND`) to follow a certain pattern.\n'}
[85.733573] (rtabmap_conversions) StderrLine: {'line': b'Call Stack (most recent call first):\n'}
[85.733649] (rtabmap_conversions) StderrLine: {'line': b'  /usr/lib/x86_64-linux-gnu/cmake/pcl/PCLConfig.cmake:616 (find_package_handle_standard_args)\n'}
[85.733730] (rtabmap_conversions) StderrLine: {'line': b'  /workspace/cartographer_ws/install/pcl_conversions/share/pcl_conversions/cmake/ament_cmake_export_dependencies-extras.cmake:21 (find_package)\n'}
[85.733809] (rtabmap_conversions) StderrLine: {'line': b'  /workspace/cartographer_ws/install/pcl_conversions/share/pcl_conversions/cmake/pcl_conversionsConfig.cmake:41 (include)\n'}
[85.733889] (rtabmap_conversions) StderrLine: {'line': b'  CMakeLists.txt:23 (find_package)\n'}
[85.733963] (rtabmap_conversions) StderrLine: {'line': b'This warning is for project developers.  Use -Wno-dev to suppress it.\n'}
[85.734044] (rtabmap_conversions) StderrLine: {'line': b'\x1b[0m\n'}
[85.734123] (rtabmap_conversions) StdoutLine: {'line': b'-- Found PCL_TRACKING: /usr/lib/x86_64-linux-gnu/libpcl_tracking.so  \n'}
[85.734294] (rtabmap_conversions) StderrLine: {'line': b'\x1b[33mCMake Warning (dev) at /usr/share/cmake-3.22/Modules/FindPackageHandleStandardArgs.cmake:438 (message):\n'}
[85.734377] (rtabmap_conversions) StderrLine: {'line': b'  The package name passed to `find_package_handle_standard_args`\n'}
[85.734464] (rtabmap_conversions) StderrLine: {'line': b'  (PCL_RECOGNITION) does not match the name of the calling package (PCL).\n'}
[85.734779] (rtabmap_conversions) StderrLine: {'line': b'  This can lead to problems in calling code that expects `find_package`\n'}
[85.734934] (rtabmap_conversions) StderrLine: {'line': b'  result variables (e.g., `_FOUND`) to follow a certain pattern.\n'}
[85.735026] (rtabmap_conversions) StderrLine: {'line': b'Call Stack (most recent call first):\n'}
[85.735117] (rtabmap_conversions) StderrLine: {'line': b'  /usr/lib/x86_64-linux-gnu/cmake/pcl/PCLConfig.cmake:616 (find_package_handle_standard_args)\n'}
[85.735199] (rtabmap_conversions) StderrLine: {'line': b'  /workspace/cartographer_ws/install/pcl_conversions/share/pcl_conversions/cmake/ament_cmake_export_dependencies-extras.cmake:21 (find_package)\n'}
[85.735282] (rtabmap_conversions) StderrLine: {'line': b'  /workspace/cartographer_ws/install/pcl_conversions/share/pcl_conversions/cmake/pcl_conversionsConfig.cmake:41 (include)\n'}
[85.735378] (rtabmap_conversions) StderrLine: {'line': b'  CMakeLists.txt:23 (find_package)\n'}
[85.735457] (rtabmap_conversions) StderrLine: {'line': b'This warning is for project developers.  Use -Wno-dev to suppress it.\n'}
[85.735537] (rtabmap_conversions) StderrLine: {'line': b'\x1b[0m\n'}
[85.735620] (rtabmap_conversions) StdoutLine: {'line': b'-- Found PCL_RECOGNITION: /usr/lib/x86_64-linux-gnu/libpcl_recognition.so  \n'}
[85.736002] (rtabmap_conversions) StderrLine: {'line': b'\x1b[33mCMake Warning (dev) at /usr/share/cmake-3.22/Modules/FindPackageHandleStandardArgs.cmake:438 (message):\n'}
[85.736349] (rtabmap_conversions) StderrLine: {'line': b'  The package name passed to `find_package_handle_standard_args` (PCL_STEREO)\n'}
[85.736468] (rtabmap_conversions) StderrLine: {'line': b'  does not match the name of the calling package (PCL).  This can lead to\n'}
[85.736557] (rtabmap_conversions) StderrLine: {'line': b'  problems in calling code that expects `find_package` result variables\n'}
[85.736638] (rtabmap_conversions) StderrLine: {'line': b'  (e.g., `_FOUND`) to follow a certain pattern.\n'}
[85.736717] (rtabmap_conversions) StderrLine: {'line': b'Call Stack (most recent call first):\n'}
[85.736792] (rtabmap_conversions) StderrLine: {'line': b'  /usr/lib/x86_64-linux-gnu/cmake/pcl/PCLConfig.cmake:616 (find_package_handle_standard_args)\n'}
[85.736867] (rtabmap_conversions) StderrLine: {'line': b'  /workspace/cartographer_ws/install/pcl_conversions/share/pcl_conversions/cmake/ament_cmake_export_dependencies-extras.cmake:21 (find_package)\n'}
[85.736947] (rtabmap_conversions) StderrLine: {'line': b'  /workspace/cartographer_ws/install/pcl_conversions/share/pcl_conversions/cmake/pcl_conversionsConfig.cmake:41 (include)\n'}
[85.737023] (rtabmap_conversions) StderrLine: {'line': b'  CMakeLists.txt:23 (find_package)\n'}
[85.737106] (rtabmap_conversions) StderrLine: {'line': b'This warning is for project developers.  Use -Wno-dev to suppress it.\n'}
[85.737182] (rtabmap_conversions) StderrLine: {'line': b'\x1b[0m\n'}
[85.737260] (rtabmap_conversions) StdoutLine: {'line': b'-- Found PCL_STEREO: /usr/lib/x86_64-linux-gnu/libpcl_stereo.so  \n'}
[85.737665] (rtabmap_conversions) StderrLine: {'line': b'\x1b[33mCMake Warning (dev) at /usr/share/cmake-3.22/Modules/FindPackageHandleStandardArgs.cmake:438 (message):\n'}
[85.737781] (rtabmap_conversions) StderrLine: {'line': b'  The package name passed to `find_package_handle_standard_args` (PCL_APPS)\n'}
[85.737870] (rtabmap_conversions) StderrLine: {'line': b'  does not match the name of the calling package (PCL).  This can lead to\n'}
[85.737950] (rtabmap_conversions) StderrLine: {'line': b'  problems in calling code that expects `find_package` result variables\n'}
[85.738032] (rtabmap_conversions) StderrLine: {'line': b'  (e.g., `_FOUND`) to follow a certain pattern.\n'}
[85.738116] (rtabmap_conversions) StderrLine: {'line': b'Call Stack (most recent call first):\n'}
[85.738198] (rtabmap_conversions) StderrLine: {'line': b'  /usr/lib/x86_64-linux-gnu/cmake/pcl/PCLConfig.cmake:616 (find_package_handle_standard_args)\n'}
[85.738296] (rtabmap_conversions) StderrLine: {'line': b'  /workspace/cartographer_ws/install/pcl_conversions/share/pcl_conversions/cmake/ament_cmake_export_dependencies-extras.cmake:21 (find_package)\n'}
[85.738378] (rtabmap_conversions) StderrLine: {'line': b'  /workspace/cartographer_ws/install/pcl_conversions/share/pcl_conversions/cmake/pcl_conversionsConfig.cmake:41 (include)\n'}
[85.738463] (rtabmap_conversions) StderrLine: {'line': b'  CMakeLists.txt:23 (find_package)\n'}
[85.738541] (rtabmap_conversions) StderrLine: {'line': b'This warning is for project developers.  Use -Wno-dev to suppress it.\n'}
[85.738942] (rtabmap_conversions) StderrLine: {'line': b'\x1b[0m\n'}
[85.739121] (rtabmap_conversions) StdoutLine: {'line': b'-- Found PCL_APPS: /usr/lib/x86_64-linux-gnu/libpcl_apps.so  \n'}
[85.739216] (rtabmap_conversions) StderrLine: {'line': b'\x1b[33mCMake Warning (dev) at /usr/share/cmake-3.22/Modules/FindPackageHandleStandardArgs.cmake:438 (message):\n'}
[85.739301] (rtabmap_conversions) StderrLine: {'line': b'  The package name passed to `find_package_handle_standard_args`\n'}
[85.739397] (rtabmap_conversions) StderrLine: {'line': b'  (PCL_IN_HAND_SCANNER) does not match the name of the calling package (PCL).\n'}
[85.739476] (rtabmap_conversions) StderrLine: {'line': b'  This can lead to problems in calling code that expects `find_package`\n'}
[85.739556] (rtabmap_conversions) StderrLine: {'line': b'  result variables (e.g., `_FOUND`) to follow a certain pattern.\n'}
[85.739631] (rtabmap_conversions) StderrLine: {'line': b'Call Stack (most recent call first):\n'}
[85.740006] (rtabmap_conversions) StderrLine: {'line': b'  /usr/lib/x86_64-linux-gnu/cmake/pcl/PCLConfig.cmake:619 (find_package_handle_standard_args)\n'}
[85.740190] (rtabmap_conversions) StderrLine: {'line': b'  /workspace/cartographer_ws/install/pcl_conversions/share/pcl_conversions/cmake/ament_cmake_export_dependencies-extras.cmake:21 (find_package)\n'}
[85.740281] (rtabmap_conversions) StderrLine: {'line': b'  /workspace/cartographer_ws/install/pcl_conversions/share/pcl_conversions/cmake/pcl_conversionsConfig.cmake:41 (include)\n'}
[85.740365] (rtabmap_conversions) StderrLine: {'line': b'  CMakeLists.txt:23 (find_package)\n'}
[85.740441] (rtabmap_conversions) StderrLine: {'line': b'This warning is for project developers.  Use -Wno-dev to suppress it.\n'}
[85.740523] (rtabmap_conversions) StderrLine: {'line': b'\x1b[0m\n'}
[85.740598] (rtabmap_conversions) StdoutLine: {'line': b'-- Found PCL_IN_HAND_SCANNER: /usr/include/pcl-1.10  \n'}
[85.740684] (rtabmap_conversions) StderrLine: {'line': b'\x1b[33mCMake Warning (dev) at /usr/share/cmake-3.22/Modules/FindPackageHandleStandardArgs.cmake:438 (message):\n'}
[85.740769] (rtabmap_conversions) StderrLine: {'line': b'  The package name passed to `find_package_handle_standard_args`\n'}
[85.740846] (rtabmap_conversions) StderrLine: {'line': b'  (PCL_POINT_CLOUD_EDITOR) does not match the name of the calling package\n'}
[85.740923] (rtabmap_conversions) StderrLine: {'line': b'  (PCL).  This can lead to problems in calling code that expects\n'}
[85.740999] (rtabmap_conversions) StderrLine: {'line': b'  `find_package` result variables (e.g., `_FOUND`) to follow a certain\n'}
[85.741076] (rtabmap_conversions) StderrLine: {'line': b'  pattern.\n'}
[85.741235] (rtabmap_conversions) StderrLine: {'line': b'Call Stack (most recent call first):\n'}
[85.741316] (rtabmap_conversions) StderrLine: {'line': b'  /usr/lib/x86_64-linux-gnu/cmake/pcl/PCLConfig.cmake:619 (find_package_handle_standard_args)\n'}
[85.741394] (rtabmap_conversions) StderrLine: {'line': b'  /workspace/cartographer_ws/install/pcl_conversions/share/pcl_conversions/cmake/ament_cmake_export_dependencies-extras.cmake:21 (find_package)\n'}
[85.741470] (rtabmap_conversions) StderrLine: {'line': b'  /workspace/cartographer_ws/install/pcl_conversions/share/pcl_conversions/cmake/pcl_conversionsConfig.cmake:41 (include)\n'}
[85.741554] (rtabmap_conversions) StderrLine: {'line': b'  CMakeLists.txt:23 (find_package)\n'}
[85.741716] (rtabmap_conversions) StderrLine: {'line': b'This warning is for project developers.  Use -Wno-dev to suppress it.\n'}
[85.741794] (rtabmap_conversions) StderrLine: {'line': b'\x1b[0m\n'}
[85.741874] (rtabmap_conversions) StdoutLine: {'line': b'-- Found PCL_POINT_CLOUD_EDITOR: /usr/include/pcl-1.10  \n'}
[85.741952] (rtabmap_conversions) StderrLine: {'line': b'\x1b[33mCMake Warning (dev) at /usr/share/cmake-3.22/Modules/FindPackageHandleStandardArgs.cmake:438 (message):\n'}
[85.742042] (rtabmap_conversions) StderrLine: {'line': b'  The package name passed to `find_package_handle_standard_args`\n'}
[85.742131] (rtabmap_conversions) StderrLine: {'line': b'  (PCL_OUTOFCORE) does not match the name of the calling package (PCL).  This\n'}
[85.742209] (rtabmap_conversions) StderrLine: {'line': b'  can lead to problems in calling code that expects `find_package` result\n'}
[85.742286] (rtabmap_conversions) StderrLine: {'line': b'  variables (e.g., `_FOUND`) to follow a certain pattern.\n'}
[85.742363] (rtabmap_conversions) StderrLine: {'line': b'Call Stack (most recent call first):\n'}
[85.742439] (rtabmap_conversions) StderrLine: {'line': b'  /usr/lib/x86_64-linux-gnu/cmake/pcl/PCLConfig.cmake:616 (find_package_handle_standard_args)\n'}
[85.742516] (rtabmap_conversions) StderrLine: {'line': b'  /workspace/cartographer_ws/install/pcl_conversions/share/pcl_conversions/cmake/ament_cmake_export_dependencies-extras.cmake:21 (find_package)\n'}
[85.742592] (rtabmap_conversions) StderrLine: {'line': b'  /workspace/cartographer_ws/install/pcl_conversions/share/pcl_conversions/cmake/pcl_conversionsConfig.cmake:41 (include)\n'}
[85.742668] (rtabmap_conversions) StderrLine: {'line': b'  CMakeLists.txt:23 (find_package)\n'}
[85.742817] (rtabmap_conversions) StderrLine: {'line': b'This warning is for project developers.  Use -Wno-dev to suppress it.\n'}
[85.742893] (rtabmap_conversions) StderrLine: {'line': b'\x1b[0m\n'}
[85.742971] (rtabmap_conversions) StdoutLine: {'line': b'-- Found PCL_OUTOFCORE: /usr/lib/x86_64-linux-gnu/libpcl_outofcore.so  \n'}
[85.743126] (rtabmap_conversions) StderrLine: {'line': b'\x1b[33mCMake Warning (dev) at /usr/share/cmake-3.22/Modules/FindPackageHandleStandardArgs.cmake:438 (message):\n'}
[85.743208] (rtabmap_conversions) StderrLine: {'line': b'  The package name passed to `find_package_handle_standard_args` (PCL_PEOPLE)\n'}
[85.743287] (rtabmap_conversions) StderrLine: {'line': b'  does not match the name of the calling package (PCL).  This can lead to\n'}
[85.743362] (rtabmap_conversions) StderrLine: {'line': b'  problems in calling code that expects `find_package` result variables\n'}
[85.743441] (rtabmap_conversions) StderrLine: {'line': b'  (e.g., `_FOUND`) to follow a certain pattern.\n'}
[85.743518] (rtabmap_conversions) StderrLine: {'line': b'Call Stack (most recent call first):\n'}
[85.743599] (rtabmap_conversions) StderrLine: {'line': b'  /usr/lib/x86_64-linux-gnu/cmake/pcl/PCLConfig.cmake:616 (find_package_handle_standard_args)\n'}
[85.743673] (rtabmap_conversions) StderrLine: {'line': b'  /workspace/cartographer_ws/install/pcl_conversions/share/pcl_conversions/cmake/ament_cmake_export_dependencies-extras.cmake:21 (find_package)\n'}
[85.743761] (rtabmap_conversions) StderrLine: {'line': b'  /workspace/cartographer_ws/install/pcl_conversions/share/pcl_conversions/cmake/pcl_conversionsConfig.cmake:41 (include)\n'}
[85.743836] (rtabmap_conversions) StderrLine: {'line': b'  CMakeLists.txt:23 (find_package)\n'}
[85.743914] (rtabmap_conversions) StderrLine: {'line': b'This warning is for project developers.  Use -Wno-dev to suppress it.\n'}
[85.743987] (rtabmap_conversions) StderrLine: {'line': b'\x1b[0m\n'}
[85.744064] (rtabmap_conversions) StdoutLine: {'line': b'-- Found PCL_PEOPLE: /usr/lib/x86_64-linux-gnu/libpcl_people.so  \n'}
[85.746012] (-) TimerEvent: {}
[85.766320] (rtabmap_conversions) StdoutLine: {'line': b'-- Found rtabmap_msgs: 0.22.1 (/workspaces/isaac_ros-dev/Development/ros2/install/rtabmap_msgs/share/rtabmap_msgs/cmake)\n'}
[85.846296] (-) TimerEvent: {}
[85.878348] (rtabmap_conversions) StdoutLine: {'line': b'-- Found tf2_eigen: 0.25.4 (/opt/ros/humble/share/tf2_eigen/cmake)\n'}
[85.946551] (-) TimerEvent: {}
[86.047187] (-) TimerEvent: {}
[86.147821] (-) TimerEvent: {}
[86.248386] (-) TimerEvent: {}
[86.348941] (-) TimerEvent: {}
[86.399115] (rtabmap_conversions) StdoutLine: {'line': b'-- Found tf2_geometry_msgs: 0.25.4 (/opt/ros/humble/share/tf2_geometry_msgs/cmake)\n'}
[86.413319] (rtabmap_conversions) StdoutLine: {'line': b'-- Found Eigen3: TRUE (found version "3.3.7") \n'}
[86.413476] (rtabmap_conversions) StdoutLine: {'line': b'-- Ensuring Eigen3 include directory is part of orocos-kdl CMake target\n'}
[86.423974] (rtabmap_conversions) StdoutLine: {'line': b'-- Found OpenCV: /usr (found version "4.2.0") found components: core calib3d imgproc highgui stitching photo video aruco objdetect missing components: xfeatures2d nonfree gpu cudafeatures2d\n'}
[86.424502] (rtabmap_conversions) StderrLine: {'line': b'\x1b[33mCMake Warning (dev) at /usr/share/cmake-3.22/Modules/CMakeFindDependencyMacro.cmake:47 (find_package):\n'}
[86.424701] (rtabmap_conversions) StderrLine: {'line': b'  Policy CMP0074 is not set: find_package uses <PackageName>_ROOT variables.\n'}
[86.424792] (rtabmap_conversions) StderrLine: {'line': b'  Run "cmake --help-policy CMP0074" for policy details.  Use the cmake_policy\n'}
[86.424869] (rtabmap_conversions) StderrLine: {'line': b'  command to set the policy and suppress this warning.\n'}
[86.424946] (rtabmap_conversions) StderrLine: {'line': b'\n'}
[86.425024] (rtabmap_conversions) StderrLine: {'line': b'  CMake variable PCL_ROOT is set to:\n'}
[86.425107] (rtabmap_conversions) StderrLine: {'line': b'\n'}
[86.425185] (rtabmap_conversions) StderrLine: {'line': b'    /usr\n'}
[86.425258] (rtabmap_conversions) StderrLine: {'line': b'\n'}
[86.425330] (rtabmap_conversions) StderrLine: {'line': b'  For compatibility, CMake is ignoring the variable.\n'}
[86.425403] (rtabmap_conversions) StderrLine: {'line': b'Call Stack (most recent call first):\n'}
[86.425474] (rtabmap_conversions) StderrLine: {'line': b'  /workspaces/isaac_ros-dev/Development/ros2/install/rtabmap/lib/rtabmap-0.23/RTABMapConfig.cmake:18 (find_dependency)\n'}
[86.425550] (rtabmap_conversions) StderrLine: {'line': b'  CMakeLists.txt:32 (find_package)\n'}
[86.425623] (rtabmap_conversions) StderrLine: {'line': b'This warning is for project developers.  Use -Wno-dev to suppress it.\n'}
[86.425712] (rtabmap_conversions) StderrLine: {'line': b'\x1b[0m\n'}
[86.449134] (-) TimerEvent: {}
[86.549669] (-) TimerEvent: {}
[86.650192] (-) TimerEvent: {}
[86.711106] (rtabmap_conversions) StdoutLine: {'line': b'-- Configuring done\n'}
[86.750349] (-) TimerEvent: {}
[86.783373] (rtabmap_conversions) StdoutLine: {'line': b'-- Generating done\n'}
[86.785144] (rtabmap_conversions) StderrLine: {'line': b'\x1b[33mCMake Warning:\n'}
[86.785325] (rtabmap_conversions) StderrLine: {'line': b'  Manually-specified variables were not used by the project:\n'}
[86.785405] (rtabmap_conversions) StderrLine: {'line': b'\n'}
[86.785466] (rtabmap_conversions) StderrLine: {'line': b'    BUILD_APP\n'}
[86.785519] (rtabmap_conversions) StderrLine: {'line': b'    BUILD_EXAMPLES\n'}
[86.785568] (rtabmap_conversions) StderrLine: {'line': b'    BUILD_TOOLS\n'}
[86.785618] (rtabmap_conversions) StderrLine: {'line': b'    WITH_G2O\n'}
[86.785669] (rtabmap_conversions) StderrLine: {'line': b'    WITH_GTSAM\n'}
[86.785718] (rtabmap_conversions) StderrLine: {'line': b'    WITH_POINTMATCHER\n'}
[86.785766] (rtabmap_conversions) StderrLine: {'line': b'    WITH_QT\n'}
[86.785812] (rtabmap_conversions) StderrLine: {'line': b'\n'}
[86.785857] (rtabmap_conversions) StderrLine: {'line': b'\x1b[0m\n'}
[86.786280] (rtabmap_conversions) StdoutLine: {'line': b'-- Build files have been written to: /workspaces/isaac_ros-dev/Development/ros2/build/rtabmap_conversions\n'}
[86.808550] (rtabmap_conversions) CommandEnded: {'returncode': 0}
[86.810526] (rtabmap_conversions) JobProgress: {'identifier': 'rtabmap_conversions', 'progress': 'build'}
[86.810575] (rtabmap_conversions) Command: {'cmd': ['/usr/bin/cmake', '--build', '/workspaces/isaac_ros-dev/Development/ros2/build/rtabmap_conversions', '--', '-j24', '-l24'], 'cwd': '/workspaces/isaac_ros-dev/Development/ros2/build/rtabmap_conversions', 'env': OrderedDict([('DALI_BUILD', '5838886'), ('LIBRARY_PATH', '/usr/local/cuda/lib64/stubs:'), ('NVIDIA_CTK_LIBCUDA_DIR', '/usr/lib/x86_64-linux-gnu'), ('PYTHONWARNINGS', 'ignore:::setuptools.command.install,ignore:::setuptools.command.easy_install,ignore:::pkg_resources'), ('USER', 'bp02-ubuntu'), ('TF_ADJUST_SATURATION_FUSED', '1'), ('CUSOLVER_VERSION', '11.4.1.48'), ('HOSTNAME', 'bp02-ubuntu-ROG-Strix-G16-G615LR-G615LR'), ('CUTENSOR_VERSION', '1.6.1.5'), ('SHLVL', '2'), ('LD_LIBRARY_PATH', '/workspaces/isaac_ros-dev/Development/ros2/install/rtabmap_msgs/lib:/workspaces/isaac_ros-dev/Development/ros2/install/rtabmap/lib:/workspace/cartographer_ws/install/pcl_ros/lib:/workspace/cartographer_ws/install/cartographer_rviz/lib:/workspace/cartographer_ws/install/cartographer_ros/lib:/workspace/cartographer_ws/install/pcl_msgs/lib:/workspace/cartographer_ws/install/isaac_ros_tensor_list_interfaces/lib:/workspace/cartographer_ws/install/isaac_ros_pointcloud_interfaces/lib:/workspace/cartographer_ws/install/isaac_ros_nova_interfaces/lib:/workspace/cartographer_ws/install/isaac_ros_nitros_bridge_interfaces/lib:/workspace/cartographer_ws/install/isaac_ros_common/lib:/workspace/cartographer_ws/install/isaac_ros_bi3d_interfaces/lib:/workspace/cartographer_ws/install/isaac_ros_apriltag_interfaces/lib:/workspace/cartographer_ws/install/control_msgs/lib:/workspace/cartographer_ws/install/cartographer_ros_msgs/lib:/opt/ros/humble/opt/rviz_ogre_vendor/lib:/opt/ros/humble/lib/x86_64-linux-gnu:/opt/ros/humble/lib:/opt/tritonserver/backends/onnxruntime:/usr/local/cuda/compat/lib:/usr/local/nvidia/lib:/usr/local/nvidia/lib64:/opt/tritonserver/lib'), ('HOME', '/home/admin'), ('NVIDIA_TRITON_SERVER_VERSION', '22.09'), ('OLDPWD', '/workspaces/isaac_ros-dev/Development/ros2'), ('CUDA_CACHE_DISABLE', '1'), ('ROS_PYTHON_VERSION', '3'), ('USER_UID', '1000'), ('ENV', '/etc/shinit_v2'), ('RDMACORE_VERSION', '36.0'), ('NVJPEG_VERSION', '11.9.0.86'), ('NVIDIA_BUILD_ID', '44909143'), ('CUDA_VERSION', '11.8.0.062'), ('CUBLAS_VERSION', '11.11.3.6'), ('NSIGHT_SYSTEMS_VERSION', '2022.3.1.43'), ('COLCON_PREFIX_PATH', '/workspace/cartographer_ws/install'), ('ROS_DISTRO', 'humble'), ('OPAL_PREFIX', '/opt/hpcx/ompi'), ('NVIDIA_REQUIRE_CUDA', 'cuda>=9.0'), ('TRT_VERSION', '8.5.0.12'), ('GDRCOPY_VERSION', '2.3'), ('_', '/usr/bin/colcon'), ('ROS_VERSION', '2'), ('PKG_CONFIG_PATH', '/workspaces/isaac_ros-dev/Development/ros2/install/rtabmap/lib/x86_64-linux-gnu/pkgconfig:/workspaces/isaac_ros-dev/Development/ros2/install/rtabmap/lib/pkgconfig:/workspace/cartographer_ws/install/cartographer/lib/x86_64-linux-gnu/pkgconfig:/workspace/cartographer_ws/install/cartographer/lib/pkgconfig'), ('NVIDIA_DRIVER_CAPABILITIES', 'all'), ('POLYGRAPHY_VERSION', '0.38.0'), ('CURAND_VERSION', '10.3.0.86'), ('MOFED_VERSION', '5.4-rdmacore36.0'), ('USERNAME', 'admin'), ('TERM', 'xterm'), ('ROS_LOCALHOST_ONLY', '0'), ('PATH', '/workspaces/isaac_ros-dev/Development/ros2/install/rtabmap/bin:/workspace/cartographer_ws/install/cartographer/bin:/opt/ros/humble/bin:/opt/tritonserver/bin:/usr/local/mpi/bin:/usr/local/nvidia/bin:/usr/local/cuda/bin:/usr/local/sbin:/usr/local/bin:/usr/sbin:/usr/bin:/sbin:/bin:/usr/local/ucx/bin:/opt/nvidia/tao'), ('FASTRTPS_DEFAULT_PROFILES_FILE', '/usr/local/share/middleware_profiles/rtps_udp_profile.xml'), ('CUDA_DRIVER_VERSION', '520.61.03'), ('_CUDA_COMPAT_STATUS', 'System has unsupported display driver / cuda driver combination (CUDA_ERROR_SYSTEM_DRIVER_MISMATCH) cuInit()=803'), ('DISPLAY', ':1'), ('NVIDIA_PRODUCT_NAME', 'Triton Server'), ('LANG', 'en_US.UTF-8'), ('RMW_IMPLEMENTATION', 'rmw_fastrtps_cpp'), ('NPP_VERSION', '11.8.0.86'), ('ROS_ROOT', '/opt/ros/humble'), ('CUFFT_VERSION', '10.9.0.58'), ('TF_ENABLE_WINOGRAD_NONFUSED', '1'), ('AMENT_PREFIX_PATH', '/workspaces/isaac_ros-dev/Development/ros2/install/rtabmap_msgs:/workspace/cartographer_ws/install/perception_pcl:/workspace/cartographer_ws/install/pcl_ros:/workspace/cartographer_ws/install/cartographer_rviz:/workspace/cartographer_ws/install/cartographer_ros:/workspace/cartographer_ws/install/pcl_conversions:/workspace/cartographer_ws/install/pcl_msgs:/workspace/cartographer_ws/install/isaac_ros_test:/workspace/cartographer_ws/install/isaac_ros_tensor_list_interfaces:/workspace/cartographer_ws/install/isaac_ros_pointcloud_interfaces:/workspace/cartographer_ws/install/isaac_ros_nova_interfaces:/workspace/cartographer_ws/install/isaac_ros_nitros_bridge_interfaces:/workspace/cartographer_ws/install/isaac_ros_common:/workspace/cartographer_ws/install/isaac_ros_bi3d_interfaces:/workspace/cartographer_ws/install/isaac_ros_apriltag_interfaces:/workspace/cartographer_ws/install/control_msgs:/workspace/cartographer_ws/install/cartographer_ros_msgs:/opt/ros/humble'), ('CUDNN_VERSION', '8.6.0.163'), ('NSIGHT_COMPUTE_VERSION', '2022.3.0.22'), ('DALI_VERSION', '1.17.0'), ('DEBIAN_FRONTEND', 'noninteractive'), ('SHELL', '/bin/bash'), ('DCGM_VERSION', '2.2.9'), ('OPENMPI_VERSION', '4.1.4'), ('TRTOSS_VERSION', ''), ('OMPI_MCA_coll_hcoll_enable', '0'), ('CUSPARSE_VERSION', '11.7.5.86'), ('TRITON_SERVER_GPU_ENABLED', '1'), ('TRITON_SERVER_VERSION', '2.26.0'), ('BASH_ENV', '/etc/bash.bashrc'), ('PWD', '/workspaces/isaac_ros-dev/Development/ros2/build/rtabmap_conversions'), ('PYTHONPATH', '/workspaces/isaac_ros-dev/Development/ros2/install/rtabmap_msgs/lib/python3.8/site-packages:/workspace/cartographer_ws/install/pcl_msgs/lib/python3.8/site-packages:/workspace/cartographer_ws/build/isaac_ros_test:/workspace/cartographer_ws/install/isaac_ros_test/lib/python3.8/site-packages:/workspace/cartographer_ws/install/isaac_ros_tensor_list_interfaces/lib/python3.8/site-packages:/workspace/cartographer_ws/install/isaac_ros_pointcloud_interfaces/lib/python3.8/site-packages:/workspace/cartographer_ws/install/isaac_ros_nova_interfaces/lib/python3.8/site-packages:/workspace/cartographer_ws/install/isaac_ros_nitros_bridge_interfaces/lib/python3.8/site-packages:/workspace/cartographer_ws/install/isaac_ros_bi3d_interfaces/lib/python3.8/site-packages:/workspace/cartographer_ws/install/isaac_ros_apriltag_interfaces/lib/python3.8/site-packages:/workspace/cartographer_ws/install/control_msgs/lib/python3.8/site-packages:/workspace/cartographer_ws/install/cartographer_ros_msgs/lib/python3.8/site-packages:/opt/ros/humble/lib/python3.8/site-packages:/home/Quanser/0_libraries/python'), ('_CUDA_COMPAT_PATH', '/usr/local/cuda/compat'), ('TRITON_SERVER_USER', 'triton-server'), ('TF_ADJUST_HUE_FUSED', '1'), ('NVIDIA_VISIBLE_DEVICES', 'void'), ('NCCL_VERSION', '2.15.1'), ('USER_GID', '1000'), ('COLCON', '1'), ('OPENUCX_VERSION', '1.14.0'), ('HPCX_VERSION', '2.12.1a0'), ('SHARP_COLL_ENABLE_CUDA', '0'), ('CMAKE_PREFIX_PATH', '/workspaces/isaac_ros-dev/Development/ros2/install/rtabmap_msgs:/workspaces/isaac_ros-dev/Development/ros2/install/rtabmap:/workspace/cartographer_ws/install/perception_pcl:/workspace/cartographer_ws/install/pcl_ros:/workspace/cartographer_ws/install/cartographer_rviz:/workspace/cartographer_ws/install/cartographer_ros:/workspace/cartographer_ws/install/pcl_conversions:/workspace/cartographer_ws/install/pcl_msgs:/workspace/cartographer_ws/install/isaac_ros_tensor_list_interfaces:/workspace/cartographer_ws/install/isaac_ros_pointcloud_interfaces:/workspace/cartographer_ws/install/isaac_ros_nova_interfaces:/workspace/cartographer_ws/install/isaac_ros_nitros_bridge_interfaces:/workspace/cartographer_ws/install/isaac_ros_common:/workspace/cartographer_ws/install/isaac_ros_bi3d_interfaces:/workspace/cartographer_ws/install/isaac_ros_apriltag_interfaces:/workspace/cartographer_ws/install/control_msgs:/workspace/cartographer_ws/install/cartographer_ros_msgs:/workspace/cartographer_ws/install/cartographer:/workspace/cartographer_ws/install/absl:/workspace/cartographer_ws/install/isaac_ros_test:/opt/ros/humble'), ('TF_AUTOTUNE_THRESHOLD', '2')]), 'shell': False}
[86.850555] (-) TimerEvent: {}
[86.876977] (rtabmap_conversions) StdoutLine: {'line': b'[ 50%] \x1b[32mBuilding CXX object CMakeFiles/rtabmap_conversions.dir/src/MsgConversion.cpp.o\x1b[0m\n'}
[86.950782] (-) TimerEvent: {}
[87.051329] (-) TimerEvent: {}
[87.151846] (-) TimerEvent: {}
[87.252256] (-) TimerEvent: {}
[87.352647] (-) TimerEvent: {}
[87.453185] (-) TimerEvent: {}
[87.553588] (-) TimerEvent: {}
[87.654035] (-) TimerEvent: {}
[87.754483] (-) TimerEvent: {}
[87.854968] (-) TimerEvent: {}
[87.955401] (-) TimerEvent: {}
[88.055930] (-) TimerEvent: {}
[88.156582] (-) TimerEvent: {}
[88.257114] (-) TimerEvent: {}
[88.357585] (-) TimerEvent: {}
[88.458132] (-) TimerEvent: {}
[88.558618] (-) TimerEvent: {}
[88.659660] (-) TimerEvent: {}
[88.760211] (-) TimerEvent: {}
[88.860656] (-) TimerEvent: {}
[88.961202] (-) TimerEvent: {}
[89.061677] (-) TimerEvent: {}
[89.162280] (-) TimerEvent: {}
[89.262843] (-) TimerEvent: {}
[89.363300] (-) TimerEvent: {}
[89.463772] (-) TimerEvent: {}
[89.564677] (-) TimerEvent: {}
[89.665147] (-) TimerEvent: {}
[89.765584] (-) TimerEvent: {}
[89.866173] (-) TimerEvent: {}
[89.967128] (-) TimerEvent: {}
[90.067606] (-) TimerEvent: {}
[90.168893] (-) TimerEvent: {}
[90.269380] (-) TimerEvent: {}
[90.369841] (-) TimerEvent: {}
[90.470544] (-) TimerEvent: {}
[90.571586] (-) TimerEvent: {}
[90.672172] (-) TimerEvent: {}
[90.772676] (-) TimerEvent: {}
[90.873153] (-) TimerEvent: {}
[90.973617] (-) TimerEvent: {}
[91.074102] (-) TimerEvent: {}
[91.174664] (-) TimerEvent: {}
[91.275713] (-) TimerEvent: {}
[91.376224] (-) TimerEvent: {}
[91.476781] (-) TimerEvent: {}
[91.577337] (-) TimerEvent: {}
[91.677835] (-) TimerEvent: {}
[91.778955] (-) TimerEvent: {}
[91.879525] (-) TimerEvent: {}
[91.980114] (-) TimerEvent: {}
[92.081062] (-) TimerEvent: {}
[92.181568] (-) TimerEvent: {}
[92.282030] (-) TimerEvent: {}
[92.384061] (-) TimerEvent: {}
[92.484489] (-) TimerEvent: {}
[92.585111] (-) TimerEvent: {}
[92.685522] (-) TimerEvent: {}
[92.786031] (-) TimerEvent: {}
[92.886471] (-) TimerEvent: {}
[92.986853] (-) TimerEvent: {}
[93.087275] (-) TimerEvent: {}
[93.187710] (-) TimerEvent: {}
[93.288706] (-) TimerEvent: {}
[93.389169] (-) TimerEvent: {}
[93.489612] (-) TimerEvent: {}
[93.590198] (-) TimerEvent: {}
[93.691132] (-) TimerEvent: {}
[93.791581] (-) TimerEvent: {}
[93.892117] (-) TimerEvent: {}
[93.993033] (-) TimerEvent: {}
[94.093544] (-) TimerEvent: {}
[94.194195] (-) TimerEvent: {}
[94.295124] (-) TimerEvent: {}
[94.395599] (-) TimerEvent: {}
[94.496189] (-) TimerEvent: {}
[94.596732] (-) TimerEvent: {}
[94.697248] (-) TimerEvent: {}
[94.797892] (-) TimerEvent: {}
[94.898397] (-) TimerEvent: {}
[94.999509] (-) TimerEvent: {}
[95.099979] (-) TimerEvent: {}
[95.200453] (-) TimerEvent: {}
[95.301027] (-) TimerEvent: {}
[95.401551] (-) TimerEvent: {}
[95.502174] (-) TimerEvent: {}
[95.602724] (-) TimerEvent: {}
[95.703901] (-) TimerEvent: {}
[95.804428] (-) TimerEvent: {}
[95.905076] (-) TimerEvent: {}
[96.005592] (-) TimerEvent: {}
[96.106164] (-) TimerEvent: {}
[96.206648] (-) TimerEvent: {}
[96.307139] (-) TimerEvent: {}
[96.407587] (-) TimerEvent: {}
[96.508035] (-) TimerEvent: {}
[96.608508] (-) TimerEvent: {}
[96.708960] (-) TimerEvent: {}
[96.809444] (-) TimerEvent: {}
[96.909899] (-) TimerEvent: {}
[97.010357] (-) TimerEvent: {}
[97.110857] (-) TimerEvent: {}
[97.211317] (-) TimerEvent: {}
[97.311809] (-) TimerEvent: {}
[97.412304] (-) TimerEvent: {}
[97.512774] (-) TimerEvent: {}
[97.613199] (-) TimerEvent: {}
[97.713665] (-) TimerEvent: {}
[97.814228] (-) TimerEvent: {}
[97.914698] (-) TimerEvent: {}
[98.015170] (-) TimerEvent: {}
[98.115624] (-) TimerEvent: {}
[98.216198] (-) TimerEvent: {}
[98.316670] (-) TimerEvent: {}
[98.417157] (-) TimerEvent: {}
[98.517656] (-) TimerEvent: {}
[98.618072] (-) TimerEvent: {}
[98.718396] (-) TimerEvent: {}
[98.818928] (-) TimerEvent: {}
[98.919401] (-) TimerEvent: {}
[99.019784] (-) TimerEvent: {}
[99.120268] (-) TimerEvent: {}
[99.220743] (-) TimerEvent: {}
[99.321194] (-) TimerEvent: {}
[99.421658] (-) TimerEvent: {}
[99.522275] (-) TimerEvent: {}
[99.623253] (-) TimerEvent: {}
[99.723682] (-) TimerEvent: {}
[99.824218] (-) TimerEvent: {}
[99.924678] (-) TimerEvent: {}
[100.025137] (-) TimerEvent: {}
[100.125587] (-) TimerEvent: {}
[100.226129] (-) TimerEvent: {}
[100.326619] (-) TimerEvent: {}
[100.427697] (-) TimerEvent: {}
[100.528304] (-) TimerEvent: {}
[100.628814] (-) TimerEvent: {}
[100.729331] (-) TimerEvent: {}
[100.829800] (-) TimerEvent: {}
[100.930277] (-) TimerEvent: {}
[101.030714] (-) TimerEvent: {}
[101.131174] (-) TimerEvent: {}
[101.231624] (-) TimerEvent: {}
[101.332102] (-) TimerEvent: {}
[101.432588] (-) TimerEvent: {}
[101.533177] (-) TimerEvent: {}
[101.633649] (-) TimerEvent: {}
[101.734252] (-) TimerEvent: {}
[101.834733] (-) TimerEvent: {}
[101.935822] (-) TimerEvent: {}
[102.036292] (-) TimerEvent: {}
[102.136738] (-) TimerEvent: {}
[102.237332] (-) TimerEvent: {}
[102.337795] (-) TimerEvent: {}
[102.438318] (-) TimerEvent: {}
[102.539443] (-) TimerEvent: {}
[102.639909] (-) TimerEvent: {}
[102.740423] (-) TimerEvent: {}
[102.841015] (-) TimerEvent: {}
[102.941508] (-) TimerEvent: {}
[103.042031] (-) TimerEvent: {}
[103.142547] (-) TimerEvent: {}
[103.243557] (-) TimerEvent: {}
[103.344034] (-) TimerEvent: {}
[103.444514] (-) TimerEvent: {}
[103.545071] (-) TimerEvent: {}
[103.645531] (-) TimerEvent: {}
[103.746008] (-) TimerEvent: {}
[103.846622] (-) TimerEvent: {}
[103.947861] (-) TimerEvent: {}
[104.048361] (-) TimerEvent: {}
[104.148923] (-) TimerEvent: {}
[104.249396] (-) TimerEvent: {}
[104.349930] (-) TimerEvent: {}
[104.450422] (-) TimerEvent: {}
[104.550936] (-) TimerEvent: {}
[104.651410] (-) TimerEvent: {}
[104.751984] (-) TimerEvent: {}
[104.852454] (-) TimerEvent: {}
[104.952866] (-) TimerEvent: {}
[105.053283] (-) TimerEvent: {}
[105.153748] (-) TimerEvent: {}
[105.254266] (-) TimerEvent: {}
[105.355366] (-) TimerEvent: {}
[105.455761] (-) TimerEvent: {}
[105.556166] (-) TimerEvent: {}
[105.656567] (-) TimerEvent: {}
[105.757020] (-) TimerEvent: {}
[105.857431] (-) TimerEvent: {}
[105.957923] (-) TimerEvent: {}
[106.058346] (-) TimerEvent: {}
[106.158903] (-) TimerEvent: {}
[106.259389] (-) TimerEvent: {}
[106.359921] (-) TimerEvent: {}
[106.460385] (-) TimerEvent: {}
[106.560909] (-) TimerEvent: {}
[106.661365] (-) TimerEvent: {}
[106.761932] (-) TimerEvent: {}
[106.862583] (-) TimerEvent: {}
[106.963599] (-) TimerEvent: {}
[107.064113] (-) TimerEvent: {}
[107.164644] (-) TimerEvent: {}
[107.265062] (-) TimerEvent: {}
[107.365553] (-) TimerEvent: {}
[107.466042] (-) TimerEvent: {}
[107.491567] (rtabmap_conversions) StdoutLine: {'line': b'[100%] \x1b[32m\x1b[1mLinking CXX shared library librtabmap_conversions.so\x1b[0m\n'}
[107.566279] (-) TimerEvent: {}
[107.666945] (-) TimerEvent: {}
[107.767534] (-) TimerEvent: {}
[107.868079] (-) TimerEvent: {}
[107.968653] (-) TimerEvent: {}
[108.069225] (-) TimerEvent: {}
[108.169789] (-) TimerEvent: {}
[108.270299] (-) TimerEvent: {}
[108.370772] (-) TimerEvent: {}
[108.471260] (-) TimerEvent: {}
[108.477507] (rtabmap_conversions) StdoutLine: {'line': b'[100%] Built target rtabmap_conversions\n'}
[108.487323] (rtabmap_conversions) CommandEnded: {'returncode': 0}
[108.541780] (rtabmap_conversions) JobProgress: {'identifier': 'rtabmap_conversions', 'progress': 'install'}
[108.542807] (rtabmap_conversions) Command: {'cmd': ['/usr/bin/cmake', '--install', '/workspaces/isaac_ros-dev/Development/ros2/build/rtabmap_conversions'], 'cwd': '/workspaces/isaac_ros-dev/Development/ros2/build/rtabmap_conversions', 'env': OrderedDict([('DALI_BUILD', '5838886'), ('LIBRARY_PATH', '/usr/local/cuda/lib64/stubs:'), ('NVIDIA_CTK_LIBCUDA_DIR', '/usr/lib/x86_64-linux-gnu'), ('PYTHONWARNINGS', 'ignore:::setuptools.command.install,ignore:::setuptools.command.easy_install,ignore:::pkg_resources'), ('USER', 'bp02-ubuntu'), ('TF_ADJUST_SATURATION_FUSED', '1'), ('CUSOLVER_VERSION', '11.4.1.48'), ('HOSTNAME', 'bp02-ubuntu-ROG-Strix-G16-G615LR-G615LR'), ('CUTENSOR_VERSION', '1.6.1.5'), ('SHLVL', '2'), ('LD_LIBRARY_PATH', '/workspaces/isaac_ros-dev/Development/ros2/install/rtabmap_msgs/lib:/workspaces/isaac_ros-dev/Development/ros2/install/rtabmap/lib:/workspace/cartographer_ws/install/pcl_ros/lib:/workspace/cartographer_ws/install/cartographer_rviz/lib:/workspace/cartographer_ws/install/cartographer_ros/lib:/workspace/cartographer_ws/install/pcl_msgs/lib:/workspace/cartographer_ws/install/isaac_ros_tensor_list_interfaces/lib:/workspace/cartographer_ws/install/isaac_ros_pointcloud_interfaces/lib:/workspace/cartographer_ws/install/isaac_ros_nova_interfaces/lib:/workspace/cartographer_ws/install/isaac_ros_nitros_bridge_interfaces/lib:/workspace/cartographer_ws/install/isaac_ros_common/lib:/workspace/cartographer_ws/install/isaac_ros_bi3d_interfaces/lib:/workspace/cartographer_ws/install/isaac_ros_apriltag_interfaces/lib:/workspace/cartographer_ws/install/control_msgs/lib:/workspace/cartographer_ws/install/cartographer_ros_msgs/lib:/opt/ros/humble/opt/rviz_ogre_vendor/lib:/opt/ros/humble/lib/x86_64-linux-gnu:/opt/ros/humble/lib:/opt/tritonserver/backends/onnxruntime:/usr/local/cuda/compat/lib:/usr/local/nvidia/lib:/usr/local/nvidia/lib64:/opt/tritonserver/lib'), ('HOME', '/home/admin'), ('NVIDIA_TRITON_SERVER_VERSION', '22.09'), ('OLDPWD', '/workspaces/isaac_ros-dev/Development/ros2'), ('CUDA_CACHE_DISABLE', '1'), ('ROS_PYTHON_VERSION', '3'), ('USER_UID', '1000'), ('ENV', '/etc/shinit_v2'), ('RDMACORE_VERSION', '36.0'), ('NVJPEG_VERSION', '11.9.0.86'), ('NVIDIA_BUILD_ID', '44909143'), ('CUDA_VERSION', '11.8.0.062'), ('CUBLAS_VERSION', '11.11.3.6'), ('NSIGHT_SYSTEMS_VERSION', '2022.3.1.43'), ('COLCON_PREFIX_PATH', '/workspace/cartographer_ws/install'), ('ROS_DISTRO', 'humble'), ('OPAL_PREFIX', '/opt/hpcx/ompi'), ('NVIDIA_REQUIRE_CUDA', 'cuda>=9.0'), ('TRT_VERSION', '8.5.0.12'), ('GDRCOPY_VERSION', '2.3'), ('_', '/usr/bin/colcon'), ('ROS_VERSION', '2'), ('PKG_CONFIG_PATH', '/workspaces/isaac_ros-dev/Development/ros2/install/rtabmap/lib/x86_64-linux-gnu/pkgconfig:/workspaces/isaac_ros-dev/Development/ros2/install/rtabmap/lib/pkgconfig:/workspace/cartographer_ws/install/cartographer/lib/x86_64-linux-gnu/pkgconfig:/workspace/cartographer_ws/install/cartographer/lib/pkgconfig'), ('NVIDIA_DRIVER_CAPABILITIES', 'all'), ('POLYGRAPHY_VERSION', '0.38.0'), ('CURAND_VERSION', '10.3.0.86'), ('MOFED_VERSION', '5.4-rdmacore36.0'), ('USERNAME', 'admin'), ('TERM', 'xterm'), ('ROS_LOCALHOST_ONLY', '0'), ('PATH', '/workspaces/isaac_ros-dev/Development/ros2/install/rtabmap/bin:/workspace/cartographer_ws/install/cartographer/bin:/opt/ros/humble/bin:/opt/tritonserver/bin:/usr/local/mpi/bin:/usr/local/nvidia/bin:/usr/local/cuda/bin:/usr/local/sbin:/usr/local/bin:/usr/sbin:/usr/bin:/sbin:/bin:/usr/local/ucx/bin:/opt/nvidia/tao'), ('FASTRTPS_DEFAULT_PROFILES_FILE', '/usr/local/share/middleware_profiles/rtps_udp_profile.xml'), ('CUDA_DRIVER_VERSION', '520.61.03'), ('_CUDA_COMPAT_STATUS', 'System has unsupported display driver / cuda driver combination (CUDA_ERROR_SYSTEM_DRIVER_MISMATCH) cuInit()=803'), ('DISPLAY', ':1'), ('NVIDIA_PRODUCT_NAME', 'Triton Server'), ('LANG', 'en_US.UTF-8'), ('RMW_IMPLEMENTATION', 'rmw_fastrtps_cpp'), ('NPP_VERSION', '11.8.0.86'), ('ROS_ROOT', '/opt/ros/humble'), ('CUFFT_VERSION', '10.9.0.58'), ('TF_ENABLE_WINOGRAD_NONFUSED', '1'), ('AMENT_PREFIX_PATH', '/workspaces/isaac_ros-dev/Development/ros2/install/rtabmap_msgs:/workspace/cartographer_ws/install/perception_pcl:/workspace/cartographer_ws/install/pcl_ros:/workspace/cartographer_ws/install/cartographer_rviz:/workspace/cartographer_ws/install/cartographer_ros:/workspace/cartographer_ws/install/pcl_conversions:/workspace/cartographer_ws/install/pcl_msgs:/workspace/cartographer_ws/install/isaac_ros_test:/workspace/cartographer_ws/install/isaac_ros_tensor_list_interfaces:/workspace/cartographer_ws/install/isaac_ros_pointcloud_interfaces:/workspace/cartographer_ws/install/isaac_ros_nova_interfaces:/workspace/cartographer_ws/install/isaac_ros_nitros_bridge_interfaces:/workspace/cartographer_ws/install/isaac_ros_common:/workspace/cartographer_ws/install/isaac_ros_bi3d_interfaces:/workspace/cartographer_ws/install/isaac_ros_apriltag_interfaces:/workspace/cartographer_ws/install/control_msgs:/workspace/cartographer_ws/install/cartographer_ros_msgs:/opt/ros/humble'), ('CUDNN_VERSION', '8.6.0.163'), ('NSIGHT_COMPUTE_VERSION', '2022.3.0.22'), ('DALI_VERSION', '1.17.0'), ('DEBIAN_FRONTEND', 'noninteractive'), ('SHELL', '/bin/bash'), ('DCGM_VERSION', '2.2.9'), ('OPENMPI_VERSION', '4.1.4'), ('TRTOSS_VERSION', ''), ('OMPI_MCA_coll_hcoll_enable', '0'), ('CUSPARSE_VERSION', '11.7.5.86'), ('TRITON_SERVER_GPU_ENABLED', '1'), ('TRITON_SERVER_VERSION', '2.26.0'), ('BASH_ENV', '/etc/bash.bashrc'), ('PWD', '/workspaces/isaac_ros-dev/Development/ros2/build/rtabmap_conversions'), ('PYTHONPATH', '/workspaces/isaac_ros-dev/Development/ros2/install/rtabmap_msgs/lib/python3.8/site-packages:/workspace/cartographer_ws/install/pcl_msgs/lib/python3.8/site-packages:/workspace/cartographer_ws/build/isaac_ros_test:/workspace/cartographer_ws/install/isaac_ros_test/lib/python3.8/site-packages:/workspace/cartographer_ws/install/isaac_ros_tensor_list_interfaces/lib/python3.8/site-packages:/workspace/cartographer_ws/install/isaac_ros_pointcloud_interfaces/lib/python3.8/site-packages:/workspace/cartographer_ws/install/isaac_ros_nova_interfaces/lib/python3.8/site-packages:/workspace/cartographer_ws/install/isaac_ros_nitros_bridge_interfaces/lib/python3.8/site-packages:/workspace/cartographer_ws/install/isaac_ros_bi3d_interfaces/lib/python3.8/site-packages:/workspace/cartographer_ws/install/isaac_ros_apriltag_interfaces/lib/python3.8/site-packages:/workspace/cartographer_ws/install/control_msgs/lib/python3.8/site-packages:/workspace/cartographer_ws/install/cartographer_ros_msgs/lib/python3.8/site-packages:/opt/ros/humble/lib/python3.8/site-packages:/home/Quanser/0_libraries/python'), ('_CUDA_COMPAT_PATH', '/usr/local/cuda/compat'), ('TRITON_SERVER_USER', 'triton-server'), ('TF_ADJUST_HUE_FUSED', '1'), ('NVIDIA_VISIBLE_DEVICES', 'void'), ('NCCL_VERSION', '2.15.1'), ('USER_GID', '1000'), ('COLCON', '1'), ('OPENUCX_VERSION', '1.14.0'), ('HPCX_VERSION', '2.12.1a0'), ('SHARP_COLL_ENABLE_CUDA', '0'), ('CMAKE_PREFIX_PATH', '/workspaces/isaac_ros-dev/Development/ros2/install/rtabmap_msgs:/workspaces/isaac_ros-dev/Development/ros2/install/rtabmap:/workspace/cartographer_ws/install/perception_pcl:/workspace/cartographer_ws/install/pcl_ros:/workspace/cartographer_ws/install/cartographer_rviz:/workspace/cartographer_ws/install/cartographer_ros:/workspace/cartographer_ws/install/pcl_conversions:/workspace/cartographer_ws/install/pcl_msgs:/workspace/cartographer_ws/install/isaac_ros_tensor_list_interfaces:/workspace/cartographer_ws/install/isaac_ros_pointcloud_interfaces:/workspace/cartographer_ws/install/isaac_ros_nova_interfaces:/workspace/cartographer_ws/install/isaac_ros_nitros_bridge_interfaces:/workspace/cartographer_ws/install/isaac_ros_common:/workspace/cartographer_ws/install/isaac_ros_bi3d_interfaces:/workspace/cartographer_ws/install/isaac_ros_apriltag_interfaces:/workspace/cartographer_ws/install/control_msgs:/workspace/cartographer_ws/install/cartographer_ros_msgs:/workspace/cartographer_ws/install/cartographer:/workspace/cartographer_ws/install/absl:/workspace/cartographer_ws/install/isaac_ros_test:/opt/ros/humble'), ('TF_AUTOTUNE_THRESHOLD', '2')]), 'shell': False}
[108.552160] (rtabmap_conversions) StdoutLine: {'line': b'-- Install configuration: "Release"\n'}
[108.552938] (rtabmap_conversions) StdoutLine: {'line': b'-- Execute custom install script\n'}
[108.553422] (rtabmap_conversions) StdoutLine: {'line': b'-- Symlinking: /workspaces/isaac_ros-dev/Development/ros2/install/rtabmap_conversions/share/rtabmap_conversions/environment/library_path.sh\n'}
[108.558913] (rtabmap_conversions) StdoutLine: {'line': b'-- Symlinking: /workspaces/isaac_ros-dev/Development/ros2/install/rtabmap_conversions/share/rtabmap_conversions/environment/library_path.dsv\n'}
[108.564168] (rtabmap_conversions) StdoutLine: {'line': b'-- Symlinking: /workspaces/isaac_ros-dev/Development/ros2/install/rtabmap_conversions/share/ament_index/resource_index/package_run_dependencies/rtabmap_conversions\n'}
[108.569630] (rtabmap_conversions) StdoutLine: {'line': b'-- Symlinking: /workspaces/isaac_ros-dev/Development/ros2/install/rtabmap_conversions/share/ament_index/resource_index/parent_prefix_path/rtabmap_conversions\n'}
[108.571309] (-) TimerEvent: {}
[108.574933] (rtabmap_conversions) StdoutLine: {'line': b'-- Symlinking: /workspaces/isaac_ros-dev/Development/ros2/install/rtabmap_conversions/share/rtabmap_conversions/environment/ament_prefix_path.sh\n'}
[108.580655] (rtabmap_conversions) StdoutLine: {'line': b'-- Symlinking: /workspaces/isaac_ros-dev/Development/ros2/install/rtabmap_conversions/share/rtabmap_conversions/environment/ament_prefix_path.dsv\n'}
[108.585836] (rtabmap_conversions) StdoutLine: {'line': b'-- Symlinking: /workspaces/isaac_ros-dev/Development/ros2/install/rtabmap_conversions/share/rtabmap_conversions/environment/path.sh\n'}
[108.590823] (rtabmap_conversions) StdoutLine: {'line': b'-- Symlinking: /workspaces/isaac_ros-dev/Development/ros2/install/rtabmap_conversions/share/rtabmap_conversions/environment/path.dsv\n'}
[108.596061] (rtabmap_conversions) StdoutLine: {'line': b'-- Symlinking: /workspaces/isaac_ros-dev/Development/ros2/install/rtabmap_conversions/share/rtabmap_conversions/local_setup.bash\n'}
[108.602367] (rtabmap_conversions) StdoutLine: {'line': b'-- Symlinking: /workspaces/isaac_ros-dev/Development/ros2/install/rtabmap_conversions/share/rtabmap_conversions/local_setup.sh\n'}
[108.608553] (rtabmap_conversions) StdoutLine: {'line': b'-- Symlinking: /workspaces/isaac_ros-dev/Development/ros2/install/rtabmap_conversions/share/rtabmap_conversions/local_setup.zsh\n'}
[108.615199] (rtabmap_conversions) StdoutLine: {'line': b'-- Symlinking: /workspaces/isaac_ros-dev/Development/ros2/install/rtabmap_conversions/share/rtabmap_conversions/local_setup.dsv\n'}
[108.621720] (rtabmap_conversions) StdoutLine: {'line': b'-- Symlinking: /workspaces/isaac_ros-dev/Development/ros2/install/rtabmap_conversions/share/rtabmap_conversions/package.dsv\n'}
[108.628011] (rtabmap_conversions) StdoutLine: {'line': b'-- Symlinking: /workspaces/isaac_ros-dev/Development/ros2/install/rtabmap_conversions/share/ament_index/resource_index/packages/rtabmap_conversions\n'}
[108.635110] (rtabmap_conversions) StdoutLine: {'line': b'-- Symlinking: /workspaces/isaac_ros-dev/Development/ros2/install/rtabmap_conversions/share/rtabmap_conversions/cmake/ament_cmake_export_dependencies-extras.cmake\n'}
[108.641725] (rtabmap_conversions) StdoutLine: {'line': b'-- Symlinking: /workspaces/isaac_ros-dev/Development/ros2/install/rtabmap_conversions/share/rtabmap_conversions/cmake/ament_cmake_export_include_directories-extras.cmake\n'}
[108.648703] (rtabmap_conversions) StdoutLine: {'line': b'-- Symlinking: /workspaces/isaac_ros-dev/Development/ros2/install/rtabmap_conversions/share/rtabmap_conversions/cmake/ament_cmake_export_targets-extras.cmake\n'}
[108.654867] (rtabmap_conversions) StdoutLine: {'line': b'-- Symlinking: /workspaces/isaac_ros-dev/Development/ros2/install/rtabmap_conversions/share/rtabmap_conversions/cmake/ament_cmake_export_libraries-extras.cmake\n'}
[108.661666] (rtabmap_conversions) StdoutLine: {'line': b'-- Symlinking: /workspaces/isaac_ros-dev/Development/ros2/install/rtabmap_conversions/share/rtabmap_conversions/cmake/rtabmap_conversionsConfig.cmake\n'}
[108.668529] (rtabmap_conversions) StdoutLine: {'line': b'-- Symlinking: /workspaces/isaac_ros-dev/Development/ros2/install/rtabmap_conversions/share/rtabmap_conversions/cmake/rtabmap_conversionsConfig-version.cmake\n'}
[108.671419] (-) TimerEvent: {}
[108.675072] (rtabmap_conversions) StdoutLine: {'line': b'-- Symlinking: /workspaces/isaac_ros-dev/Development/ros2/install/rtabmap_conversions/share/rtabmap_conversions/package.xml\n'}
[108.681789] (rtabmap_conversions) StdoutLine: {'line': b'-- Installing: /workspaces/isaac_ros-dev/Development/ros2/install/rtabmap_conversions/lib/librtabmap_conversions.so\n'}
[108.683073] (rtabmap_conversions) StdoutLine: {'line': b'-- Set runtime path of "/workspaces/isaac_ros-dev/Development/ros2/install/rtabmap_conversions/lib/librtabmap_conversions.so" to ""\n'}
[108.683308] (rtabmap_conversions) StdoutLine: {'line': b'-- Installing: /workspaces/isaac_ros-dev/Development/ros2/install/rtabmap_conversions/include\n'}
[108.690521] (rtabmap_conversions) StdoutLine: {'line': b'-- Installing: /workspaces/isaac_ros-dev/Development/ros2/install/rtabmap_conversions/include/rtabmap_conversions\n'}
[108.690743] (rtabmap_conversions) StdoutLine: {'line': b'-- Installing: /workspaces/isaac_ros-dev/Development/ros2/install/rtabmap_conversions/include/rtabmap_conversions/MsgConversion.h\n'}
[108.690860] (rtabmap_conversions) StdoutLine: {'line': b'-- Installing: /workspaces/isaac_ros-dev/Development/ros2/install/rtabmap_conversions/share/rtabmap_conversions/cmake/rtabmap_conversionsExport.cmake\n'}
[108.690957] (rtabmap_conversions) StdoutLine: {'line': b'-- Installing: /workspaces/isaac_ros-dev/Development/ros2/install/rtabmap_conversions/share/rtabmap_conversions/cmake/rtabmap_conversionsExport-release.cmake\n'}
[108.693561] (rtabmap_conversions) CommandEnded: {'returncode': 0}
[108.771626] (-) TimerEvent: {}
[108.873832] (-) TimerEvent: {}
[108.910947] (rtabmap_conversions) JobEnded: {'identifier': 'rtabmap_conversions', 'rc': 0}
[108.913249] (rtabmap_sync) JobStarted: {'identifier': 'rtabmap_sync'}
[108.975740] (-) TimerEvent: {}
[108.978183] (rtabmap_util) JobStarted: {'identifier': 'rtabmap_util'}
[109.053332] (rtabmap_sync) JobProgress: {'identifier': 'rtabmap_sync', 'progress': 'cmake'}
[109.056942] (rtabmap_sync) Command: {'cmd': ['/usr/bin/cmake', '/workspaces/isaac_ros-dev/Development/ros2/src/rtabmap_ros/rtabmap_sync', '-DCMAKE_BUILD_TYPE=Release', '-DBUILD_APP=OFF', '-DBUILD_TOOLS=OFF', '-DBUILD_EXAMPLES=OFF', '-DWITH_QT=OFF', '-DWITH_G2O=OFF', '-DWITH_GTSAM=OFF', '-DWITH_POINTMATCHER=OFF', '-DAMENT_CMAKE_SYMLINK_INSTALL=1', '-DCMAKE_INSTALL_PREFIX=/workspaces/isaac_ros-dev/Development/ros2/install/rtabmap_sync'], 'cwd': '/workspaces/isaac_ros-dev/Development/ros2/build/rtabmap_sync', 'env': OrderedDict([('DALI_BUILD', '5838886'), ('LIBRARY_PATH', '/usr/local/cuda/lib64/stubs:'), ('NVIDIA_CTK_LIBCUDA_DIR', '/usr/lib/x86_64-linux-gnu'), ('PYTHONWARNINGS', 'ignore:::setuptools.command.install,ignore:::setuptools.command.easy_install,ignore:::pkg_resources'), ('USER', 'bp02-ubuntu'), ('TF_ADJUST_SATURATION_FUSED', '1'), ('CUSOLVER_VERSION', '11.4.1.48'), ('HOSTNAME', 'bp02-ubuntu-ROG-Strix-G16-G615LR-G615LR'), ('CUTENSOR_VERSION', '1.6.1.5'), ('SHLVL', '2'), ('LD_LIBRARY_PATH', '/workspaces/isaac_ros-dev/Development/ros2/install/rtabmap_conversions/lib:/workspaces/isaac_ros-dev/Development/ros2/install/rtabmap_msgs/lib:/workspaces/isaac_ros-dev/Development/ros2/install/rtabmap/lib:/workspace/cartographer_ws/install/pcl_ros/lib:/workspace/cartographer_ws/install/cartographer_rviz/lib:/workspace/cartographer_ws/install/cartographer_ros/lib:/workspace/cartographer_ws/install/pcl_msgs/lib:/workspace/cartographer_ws/install/isaac_ros_tensor_list_interfaces/lib:/workspace/cartographer_ws/install/isaac_ros_pointcloud_interfaces/lib:/workspace/cartographer_ws/install/isaac_ros_nova_interfaces/lib:/workspace/cartographer_ws/install/isaac_ros_nitros_bridge_interfaces/lib:/workspace/cartographer_ws/install/isaac_ros_common/lib:/workspace/cartographer_ws/install/isaac_ros_bi3d_interfaces/lib:/workspace/cartographer_ws/install/isaac_ros_apriltag_interfaces/lib:/workspace/cartographer_ws/install/control_msgs/lib:/workspace/cartographer_ws/install/cartographer_ros_msgs/lib:/opt/ros/humble/opt/rviz_ogre_vendor/lib:/opt/ros/humble/lib/x86_64-linux-gnu:/opt/ros/humble/lib:/opt/tritonserver/backends/onnxruntime:/usr/local/cuda/compat/lib:/usr/local/nvidia/lib:/usr/local/nvidia/lib64:/opt/tritonserver/lib'), ('HOME', '/home/admin'), ('NVIDIA_TRITON_SERVER_VERSION', '22.09'), ('OLDPWD', '/workspaces/isaac_ros-dev/Development/ros2'), ('CUDA_CACHE_DISABLE', '1'), ('ROS_PYTHON_VERSION', '3'), ('USER_UID', '1000'), ('ENV', '/etc/shinit_v2'), ('RDMACORE_VERSION', '36.0'), ('NVJPEG_VERSION', '11.9.0.86'), ('NVIDIA_BUILD_ID', '44909143'), ('CUDA_VERSION', '11.8.0.062'), ('CUBLAS_VERSION', '11.11.3.6'), ('NSIGHT_SYSTEMS_VERSION', '2022.3.1.43'), ('COLCON_PREFIX_PATH', '/workspace/cartographer_ws/install'), ('ROS_DISTRO', 'humble'), ('OPAL_PREFIX', '/opt/hpcx/ompi'), ('NVIDIA_REQUIRE_CUDA', 'cuda>=9.0'), ('TRT_VERSION', '8.5.0.12'), ('GDRCOPY_VERSION', '2.3'), ('_', '/usr/bin/colcon'), ('ROS_VERSION', '2'), ('PKG_CONFIG_PATH', '/workspaces/isaac_ros-dev/Development/ros2/install/rtabmap/lib/x86_64-linux-gnu/pkgconfig:/workspaces/isaac_ros-dev/Development/ros2/install/rtabmap/lib/pkgconfig:/workspace/cartographer_ws/install/cartographer/lib/x86_64-linux-gnu/pkgconfig:/workspace/cartographer_ws/install/cartographer/lib/pkgconfig'), ('NVIDIA_DRIVER_CAPABILITIES', 'all'), ('POLYGRAPHY_VERSION', '0.38.0'), ('CURAND_VERSION', '10.3.0.86'), ('MOFED_VERSION', '5.4-rdmacore36.0'), ('USERNAME', 'admin'), ('TERM', 'xterm'), ('ROS_LOCALHOST_ONLY', '0'), ('PATH', '/workspaces/isaac_ros-dev/Development/ros2/install/rtabmap/bin:/workspace/cartographer_ws/install/cartographer/bin:/opt/ros/humble/bin:/opt/tritonserver/bin:/usr/local/mpi/bin:/usr/local/nvidia/bin:/usr/local/cuda/bin:/usr/local/sbin:/usr/local/bin:/usr/sbin:/usr/bin:/sbin:/bin:/usr/local/ucx/bin:/opt/nvidia/tao'), ('FASTRTPS_DEFAULT_PROFILES_FILE', '/usr/local/share/middleware_profiles/rtps_udp_profile.xml'), ('CUDA_DRIVER_VERSION', '520.61.03'), ('_CUDA_COMPAT_STATUS', 'System has unsupported display driver / cuda driver combination (CUDA_ERROR_SYSTEM_DRIVER_MISMATCH) cuInit()=803'), ('DISPLAY', ':1'), ('NVIDIA_PRODUCT_NAME', 'Triton Server'), ('LANG', 'en_US.UTF-8'), ('RMW_IMPLEMENTATION', 'rmw_fastrtps_cpp'), ('NPP_VERSION', '11.8.0.86'), ('ROS_ROOT', '/opt/ros/humble'), ('CUFFT_VERSION', '10.9.0.58'), ('TF_ENABLE_WINOGRAD_NONFUSED', '1'), ('AMENT_PREFIX_PATH', '/workspaces/isaac_ros-dev/Development/ros2/install/rtabmap_conversions:/workspaces/isaac_ros-dev/Development/ros2/install/rtabmap_msgs:/workspace/cartographer_ws/install/perception_pcl:/workspace/cartographer_ws/install/pcl_ros:/workspace/cartographer_ws/install/cartographer_rviz:/workspace/cartographer_ws/install/cartographer_ros:/workspace/cartographer_ws/install/pcl_conversions:/workspace/cartographer_ws/install/pcl_msgs:/workspace/cartographer_ws/install/isaac_ros_test:/workspace/cartographer_ws/install/isaac_ros_tensor_list_interfaces:/workspace/cartographer_ws/install/isaac_ros_pointcloud_interfaces:/workspace/cartographer_ws/install/isaac_ros_nova_interfaces:/workspace/cartographer_ws/install/isaac_ros_nitros_bridge_interfaces:/workspace/cartographer_ws/install/isaac_ros_common:/workspace/cartographer_ws/install/isaac_ros_bi3d_interfaces:/workspace/cartographer_ws/install/isaac_ros_apriltag_interfaces:/workspace/cartographer_ws/install/control_msgs:/workspace/cartographer_ws/install/cartographer_ros_msgs:/opt/ros/humble'), ('CUDNN_VERSION', '8.6.0.163'), ('NSIGHT_COMPUTE_VERSION', '2022.3.0.22'), ('DALI_VERSION', '1.17.0'), ('DEBIAN_FRONTEND', 'noninteractive'), ('SHELL', '/bin/bash'), ('DCGM_VERSION', '2.2.9'), ('OPENMPI_VERSION', '4.1.4'), ('TRTOSS_VERSION', ''), ('OMPI_MCA_coll_hcoll_enable', '0'), ('CUSPARSE_VERSION', '11.7.5.86'), ('TRITON_SERVER_GPU_ENABLED', '1'), ('TRITON_SERVER_VERSION', '2.26.0'), ('BASH_ENV', '/etc/bash.bashrc'), ('PWD', '/workspaces/isaac_ros-dev/Development/ros2/build/rtabmap_sync'), ('PYTHONPATH', '/workspaces/isaac_ros-dev/Development/ros2/install/rtabmap_msgs/lib/python3.8/site-packages:/workspace/cartographer_ws/install/pcl_msgs/lib/python3.8/site-packages:/workspace/cartographer_ws/build/isaac_ros_test:/workspace/cartographer_ws/install/isaac_ros_test/lib/python3.8/site-packages:/workspace/cartographer_ws/install/isaac_ros_tensor_list_interfaces/lib/python3.8/site-packages:/workspace/cartographer_ws/install/isaac_ros_pointcloud_interfaces/lib/python3.8/site-packages:/workspace/cartographer_ws/install/isaac_ros_nova_interfaces/lib/python3.8/site-packages:/workspace/cartographer_ws/install/isaac_ros_nitros_bridge_interfaces/lib/python3.8/site-packages:/workspace/cartographer_ws/install/isaac_ros_bi3d_interfaces/lib/python3.8/site-packages:/workspace/cartographer_ws/install/isaac_ros_apriltag_interfaces/lib/python3.8/site-packages:/workspace/cartographer_ws/install/control_msgs/lib/python3.8/site-packages:/workspace/cartographer_ws/install/cartographer_ros_msgs/lib/python3.8/site-packages:/opt/ros/humble/lib/python3.8/site-packages:/home/Quanser/0_libraries/python'), ('_CUDA_COMPAT_PATH', '/usr/local/cuda/compat'), ('TRITON_SERVER_USER', 'triton-server'), ('TF_ADJUST_HUE_FUSED', '1'), ('NVIDIA_VISIBLE_DEVICES', 'void'), ('NCCL_VERSION', '2.15.1'), ('USER_GID', '1000'), ('COLCON', '1'), ('OPENUCX_VERSION', '1.14.0'), ('HPCX_VERSION', '2.12.1a0'), ('SHARP_COLL_ENABLE_CUDA', '0'), ('CMAKE_PREFIX_PATH', '/workspaces/isaac_ros-dev/Development/ros2/install/rtabmap_conversions:/workspaces/isaac_ros-dev/Development/ros2/install/rtabmap_msgs:/workspaces/isaac_ros-dev/Development/ros2/install/rtabmap:/workspace/cartographer_ws/install/perception_pcl:/workspace/cartographer_ws/install/pcl_ros:/workspace/cartographer_ws/install/cartographer_rviz:/workspace/cartographer_ws/install/cartographer_ros:/workspace/cartographer_ws/install/pcl_conversions:/workspace/cartographer_ws/install/pcl_msgs:/workspace/cartographer_ws/install/isaac_ros_tensor_list_interfaces:/workspace/cartographer_ws/install/isaac_ros_pointcloud_interfaces:/workspace/cartographer_ws/install/isaac_ros_nova_interfaces:/workspace/cartographer_ws/install/isaac_ros_nitros_bridge_interfaces:/workspace/cartographer_ws/install/isaac_ros_common:/workspace/cartographer_ws/install/isaac_ros_bi3d_interfaces:/workspace/cartographer_ws/install/isaac_ros_apriltag_interfaces:/workspace/cartographer_ws/install/control_msgs:/workspace/cartographer_ws/install/cartographer_ros_msgs:/workspace/cartographer_ws/install/cartographer:/workspace/cartographer_ws/install/absl:/workspace/cartographer_ws/install/isaac_ros_test:/opt/ros/humble'), ('TF_AUTOTUNE_THRESHOLD', '2')]), 'shell': False}
[109.068520] (rtabmap_util) JobProgress: {'identifier': 'rtabmap_util', 'progress': 'cmake'}
[109.072110] (rtabmap_util) Command: {'cmd': ['/usr/bin/cmake', '/workspaces/isaac_ros-dev/Development/ros2/src/rtabmap_ros/rtabmap_util', '-DCMAKE_BUILD_TYPE=Release', '-DBUILD_APP=OFF', '-DBUILD_TOOLS=OFF', '-DBUILD_EXAMPLES=OFF', '-DWITH_QT=OFF', '-DWITH_G2O=OFF', '-DWITH_GTSAM=OFF', '-DWITH_POINTMATCHER=OFF', '-DAMENT_CMAKE_SYMLINK_INSTALL=1', '-DCMAKE_INSTALL_PREFIX=/workspaces/isaac_ros-dev/Development/ros2/install/rtabmap_util'], 'cwd': '/workspaces/isaac_ros-dev/Development/ros2/build/rtabmap_util', 'env': OrderedDict([('DALI_BUILD', '5838886'), ('LIBRARY_PATH', '/usr/local/cuda/lib64/stubs:'), ('NVIDIA_CTK_LIBCUDA_DIR', '/usr/lib/x86_64-linux-gnu'), ('PYTHONWARNINGS', 'ignore:::setuptools.command.install,ignore:::setuptools.command.easy_install,ignore:::pkg_resources'), ('USER', 'bp02-ubuntu'), ('TF_ADJUST_SATURATION_FUSED', '1'), ('CUSOLVER_VERSION', '11.4.1.48'), ('HOSTNAME', 'bp02-ubuntu-ROG-Strix-G16-G615LR-G615LR'), ('CUTENSOR_VERSION', '1.6.1.5'), ('SHLVL', '2'), ('LD_LIBRARY_PATH', '/workspaces/isaac_ros-dev/Development/ros2/install/rtabmap_conversions/lib:/workspaces/isaac_ros-dev/Development/ros2/install/rtabmap_msgs/lib:/workspaces/isaac_ros-dev/Development/ros2/install/rtabmap/lib:/workspace/cartographer_ws/install/pcl_ros/lib:/workspace/cartographer_ws/install/cartographer_rviz/lib:/workspace/cartographer_ws/install/cartographer_ros/lib:/workspace/cartographer_ws/install/pcl_msgs/lib:/workspace/cartographer_ws/install/isaac_ros_tensor_list_interfaces/lib:/workspace/cartographer_ws/install/isaac_ros_pointcloud_interfaces/lib:/workspace/cartographer_ws/install/isaac_ros_nova_interfaces/lib:/workspace/cartographer_ws/install/isaac_ros_nitros_bridge_interfaces/lib:/workspace/cartographer_ws/install/isaac_ros_common/lib:/workspace/cartographer_ws/install/isaac_ros_bi3d_interfaces/lib:/workspace/cartographer_ws/install/isaac_ros_apriltag_interfaces/lib:/workspace/cartographer_ws/install/control_msgs/lib:/workspace/cartographer_ws/install/cartographer_ros_msgs/lib:/opt/ros/humble/opt/rviz_ogre_vendor/lib:/opt/ros/humble/lib/x86_64-linux-gnu:/opt/ros/humble/lib:/opt/tritonserver/backends/onnxruntime:/usr/local/cuda/compat/lib:/usr/local/nvidia/lib:/usr/local/nvidia/lib64:/opt/tritonserver/lib'), ('HOME', '/home/admin'), ('NVIDIA_TRITON_SERVER_VERSION', '22.09'), ('OLDPWD', '/workspaces/isaac_ros-dev/Development/ros2'), ('CUDA_CACHE_DISABLE', '1'), ('ROS_PYTHON_VERSION', '3'), ('USER_UID', '1000'), ('ENV', '/etc/shinit_v2'), ('RDMACORE_VERSION', '36.0'), ('NVJPEG_VERSION', '11.9.0.86'), ('NVIDIA_BUILD_ID', '44909143'), ('CUDA_VERSION', '11.8.0.062'), ('CUBLAS_VERSION', '11.11.3.6'), ('NSIGHT_SYSTEMS_VERSION', '2022.3.1.43'), ('COLCON_PREFIX_PATH', '/workspace/cartographer_ws/install'), ('ROS_DISTRO', 'humble'), ('OPAL_PREFIX', '/opt/hpcx/ompi'), ('NVIDIA_REQUIRE_CUDA', 'cuda>=9.0'), ('TRT_VERSION', '8.5.0.12'), ('GDRCOPY_VERSION', '2.3'), ('_', '/usr/bin/colcon'), ('ROS_VERSION', '2'), ('PKG_CONFIG_PATH', '/workspaces/isaac_ros-dev/Development/ros2/install/rtabmap/lib/x86_64-linux-gnu/pkgconfig:/workspaces/isaac_ros-dev/Development/ros2/install/rtabmap/lib/pkgconfig:/workspace/cartographer_ws/install/cartographer/lib/x86_64-linux-gnu/pkgconfig:/workspace/cartographer_ws/install/cartographer/lib/pkgconfig'), ('NVIDIA_DRIVER_CAPABILITIES', 'all'), ('POLYGRAPHY_VERSION', '0.38.0'), ('CURAND_VERSION', '10.3.0.86'), ('MOFED_VERSION', '5.4-rdmacore36.0'), ('USERNAME', 'admin'), ('TERM', 'xterm'), ('ROS_LOCALHOST_ONLY', '0'), ('PATH', '/workspaces/isaac_ros-dev/Development/ros2/install/rtabmap/bin:/workspace/cartographer_ws/install/cartographer/bin:/opt/ros/humble/bin:/opt/tritonserver/bin:/usr/local/mpi/bin:/usr/local/nvidia/bin:/usr/local/cuda/bin:/usr/local/sbin:/usr/local/bin:/usr/sbin:/usr/bin:/sbin:/bin:/usr/local/ucx/bin:/opt/nvidia/tao'), ('FASTRTPS_DEFAULT_PROFILES_FILE', '/usr/local/share/middleware_profiles/rtps_udp_profile.xml'), ('CUDA_DRIVER_VERSION', '520.61.03'), ('_CUDA_COMPAT_STATUS', 'System has unsupported display driver / cuda driver combination (CUDA_ERROR_SYSTEM_DRIVER_MISMATCH) cuInit()=803'), ('DISPLAY', ':1'), ('NVIDIA_PRODUCT_NAME', 'Triton Server'), ('LANG', 'en_US.UTF-8'), ('RMW_IMPLEMENTATION', 'rmw_fastrtps_cpp'), ('NPP_VERSION', '11.8.0.86'), ('ROS_ROOT', '/opt/ros/humble'), ('CUFFT_VERSION', '10.9.0.58'), ('TF_ENABLE_WINOGRAD_NONFUSED', '1'), ('AMENT_PREFIX_PATH', '/workspaces/isaac_ros-dev/Development/ros2/install/rtabmap_conversions:/workspaces/isaac_ros-dev/Development/ros2/install/rtabmap_msgs:/workspace/cartographer_ws/install/perception_pcl:/workspace/cartographer_ws/install/pcl_ros:/workspace/cartographer_ws/install/cartographer_rviz:/workspace/cartographer_ws/install/cartographer_ros:/workspace/cartographer_ws/install/pcl_conversions:/workspace/cartographer_ws/install/pcl_msgs:/workspace/cartographer_ws/install/isaac_ros_test:/workspace/cartographer_ws/install/isaac_ros_tensor_list_interfaces:/workspace/cartographer_ws/install/isaac_ros_pointcloud_interfaces:/workspace/cartographer_ws/install/isaac_ros_nova_interfaces:/workspace/cartographer_ws/install/isaac_ros_nitros_bridge_interfaces:/workspace/cartographer_ws/install/isaac_ros_common:/workspace/cartographer_ws/install/isaac_ros_bi3d_interfaces:/workspace/cartographer_ws/install/isaac_ros_apriltag_interfaces:/workspace/cartographer_ws/install/control_msgs:/workspace/cartographer_ws/install/cartographer_ros_msgs:/opt/ros/humble'), ('CUDNN_VERSION', '8.6.0.163'), ('NSIGHT_COMPUTE_VERSION', '2022.3.0.22'), ('DALI_VERSION', '1.17.0'), ('DEBIAN_FRONTEND', 'noninteractive'), ('SHELL', '/bin/bash'), ('DCGM_VERSION', '2.2.9'), ('OPENMPI_VERSION', '4.1.4'), ('TRTOSS_VERSION', ''), ('OMPI_MCA_coll_hcoll_enable', '0'), ('CUSPARSE_VERSION', '11.7.5.86'), ('TRITON_SERVER_GPU_ENABLED', '1'), ('TRITON_SERVER_VERSION', '2.26.0'), ('BASH_ENV', '/etc/bash.bashrc'), ('PWD', '/workspaces/isaac_ros-dev/Development/ros2/build/rtabmap_util'), ('PYTHONPATH', '/workspaces/isaac_ros-dev/Development/ros2/install/rtabmap_msgs/lib/python3.8/site-packages:/workspace/cartographer_ws/install/pcl_msgs/lib/python3.8/site-packages:/workspace/cartographer_ws/build/isaac_ros_test:/workspace/cartographer_ws/install/isaac_ros_test/lib/python3.8/site-packages:/workspace/cartographer_ws/install/isaac_ros_tensor_list_interfaces/lib/python3.8/site-packages:/workspace/cartographer_ws/install/isaac_ros_pointcloud_interfaces/lib/python3.8/site-packages:/workspace/cartographer_ws/install/isaac_ros_nova_interfaces/lib/python3.8/site-packages:/workspace/cartographer_ws/install/isaac_ros_nitros_bridge_interfaces/lib/python3.8/site-packages:/workspace/cartographer_ws/install/isaac_ros_bi3d_interfaces/lib/python3.8/site-packages:/workspace/cartographer_ws/install/isaac_ros_apriltag_interfaces/lib/python3.8/site-packages:/workspace/cartographer_ws/install/control_msgs/lib/python3.8/site-packages:/workspace/cartographer_ws/install/cartographer_ros_msgs/lib/python3.8/site-packages:/opt/ros/humble/lib/python3.8/site-packages:/home/Quanser/0_libraries/python'), ('_CUDA_COMPAT_PATH', '/usr/local/cuda/compat'), ('TRITON_SERVER_USER', 'triton-server'), ('TF_ADJUST_HUE_FUSED', '1'), ('NVIDIA_VISIBLE_DEVICES', 'void'), ('NCCL_VERSION', '2.15.1'), ('USER_GID', '1000'), ('COLCON', '1'), ('OPENUCX_VERSION', '1.14.0'), ('HPCX_VERSION', '2.12.1a0'), ('SHARP_COLL_ENABLE_CUDA', '0'), ('CMAKE_PREFIX_PATH', '/workspaces/isaac_ros-dev/Development/ros2/install/rtabmap_conversions:/workspaces/isaac_ros-dev/Development/ros2/install/rtabmap_msgs:/workspaces/isaac_ros-dev/Development/ros2/install/rtabmap:/workspace/cartographer_ws/install/perception_pcl:/workspace/cartographer_ws/install/pcl_ros:/workspace/cartographer_ws/install/cartographer_rviz:/workspace/cartographer_ws/install/cartographer_ros:/workspace/cartographer_ws/install/pcl_conversions:/workspace/cartographer_ws/install/pcl_msgs:/workspace/cartographer_ws/install/isaac_ros_tensor_list_interfaces:/workspace/cartographer_ws/install/isaac_ros_pointcloud_interfaces:/workspace/cartographer_ws/install/isaac_ros_nova_interfaces:/workspace/cartographer_ws/install/isaac_ros_nitros_bridge_interfaces:/workspace/cartographer_ws/install/isaac_ros_common:/workspace/cartographer_ws/install/isaac_ros_bi3d_interfaces:/workspace/cartographer_ws/install/isaac_ros_apriltag_interfaces:/workspace/cartographer_ws/install/control_msgs:/workspace/cartographer_ws/install/cartographer_ros_msgs:/workspace/cartographer_ws/install/cartographer:/workspace/cartographer_ws/install/absl:/workspace/cartographer_ws/install/isaac_ros_test:/opt/ros/humble'), ('TF_AUTOTUNE_THRESHOLD', '2')]), 'shell': False}
[109.075931] (-) TimerEvent: {}
[109.147288] (rtabmap_sync) StdoutLine: {'line': b'-- The C compiler identification is GNU 9.4.0\n'}
[109.164136] (rtabmap_util) StdoutLine: {'line': b'-- The C compiler identification is GNU 9.4.0\n'}
[109.176238] (-) TimerEvent: {}
[109.249465] (rtabmap_sync) StdoutLine: {'line': b'-- The CXX compiler identification is GNU 9.4.0\n'}
[109.261998] (rtabmap_sync) StdoutLine: {'line': b'-- Detecting C compiler ABI info\n'}
[109.265868] (rtabmap_util) StdoutLine: {'line': b'-- The CXX compiler identification is GNU 9.4.0\n'}
[109.276357] (-) TimerEvent: {}
[109.278508] (rtabmap_util) StdoutLine: {'line': b'-- Detecting C compiler ABI info\n'}
[109.368034] (rtabmap_sync) StdoutLine: {'line': b'-- Detecting C compiler ABI info - done\n'}
[109.376494] (-) TimerEvent: {}
[109.379822] (rtabmap_sync) StdoutLine: {'line': b'-- Check for working C compiler: /usr/bin/cc - skipped\n'}
[109.380230] (rtabmap_sync) StdoutLine: {'line': b'-- Detecting C compile features\n'}
[109.380874] (rtabmap_sync) StdoutLine: {'line': b'-- Detecting C compile features - done\n'}
[109.382848] (rtabmap_util) StdoutLine: {'line': b'-- Detecting C compiler ABI info - done\n'}
[109.385089] (rtabmap_sync) StdoutLine: {'line': b'-- Detecting CXX compiler ABI info\n'}
[109.392994] (rtabmap_util) StdoutLine: {'line': b'-- Check for working C compiler: /usr/bin/cc - skipped\n'}
[109.393302] (rtabmap_util) StdoutLine: {'line': b'-- Detecting C compile features\n'}
[109.393838] (rtabmap_util) StdoutLine: {'line': b'-- Detecting C compile features - done\n'}
[109.398102] (rtabmap_util) StdoutLine: {'line': b'-- Detecting CXX compiler ABI info\n'}
[109.476735] (-) TimerEvent: {}
[109.491309] (rtabmap_sync) StdoutLine: {'line': b'-- Detecting CXX compiler ABI info - done\n'}
[109.501776] (rtabmap_util) StdoutLine: {'line': b'-- Detecting CXX compiler ABI info - done\n'}
[109.503127] (rtabmap_sync) StdoutLine: {'line': b'-- Check for working CXX compiler: /usr/bin/c++ - skipped\n'}
[109.503654] (rtabmap_sync) StdoutLine: {'line': b'-- Detecting CXX compile features\n'}
[109.504420] (rtabmap_sync) StdoutLine: {'line': b'-- Detecting CXX compile features - done\n'}
[109.511786] (rtabmap_sync) StdoutLine: {'line': b'-- Found cv_bridge: 3.2.1 (/opt/ros/humble/share/cv_bridge/cmake)\n'}
[109.513691] (rtabmap_util) StdoutLine: {'line': b'-- Check for working CXX compiler: /usr/bin/c++ - skipped\n'}
[109.513889] (rtabmap_util) StdoutLine: {'line': b'-- Detecting CXX compile features\n'}
[109.514939] (rtabmap_util) StdoutLine: {'line': b'-- Detecting CXX compile features - done\n'}
[109.531971] (rtabmap_util) StdoutLine: {'line': b'-- Found OpenCV: /usr (found version "4.2.0") found components: core calib3d imgproc highgui stitching photo video aruco objdetect missing components: xfeatures2d nonfree gpu cudafeatures2d\n'}
[109.558704] (rtabmap_util) StdoutLine: {'line': b"-- Checking for module 'eigen3'\n"}
[109.576992] (-) TimerEvent: {}
[109.599455] (rtabmap_util) StdoutLine: {'line': b'--   Found eigen3, version 3.3.7\n'}
[109.677143] (-) TimerEvent: {}
[109.694882] (rtabmap_util) StdoutLine: {'line': b'-- Found Eigen: /usr/include/eigen3 (Required is at least version "3.1") \n'}
[109.695247] (rtabmap_util) StdoutLine: {'line': b'-- Eigen found (include: /usr/include/eigen3, version: 3.3.7)\n'}
[109.777267] (-) TimerEvent: {}
[109.802987] (rtabmap_util) StdoutLine: {'line': b'-- Found Boost: /usr/include (found suitable version "1.71.0", minimum required is "1.55.0") found components: system filesystem date_time iostreams regex \n'}
[109.811869] (rtabmap_util) StdoutLine: {'line': b"-- Checking for module 'libusb-1.0'\n"}
[109.847653] (rtabmap_util) StdoutLine: {'line': b'--   Found libusb-1.0, version 1.0.23\n'}
[109.877392] (-) TimerEvent: {}
[109.935649] (rtabmap_util) StderrLine: {'line': b'\x1b[33mCMake Warning (dev) at /usr/share/cmake-3.22/Modules/FindPackageHandleStandardArgs.cmake:438 (message):\n'}
[109.936038] (rtabmap_util) StderrLine: {'line': b'  The package name passed to `find_package_handle_standard_args` (USB_10)\n'}
[109.936148] (rtabmap_util) StderrLine: {'line': b'  does not match the name of the calling package (OpenNI).  This can lead to\n'}
[109.936221] (rtabmap_util) StderrLine: {'line': b'  problems in calling code that expects `find_package` result variables\n'}
[109.936300] (rtabmap_util) StderrLine: {'line': b'  (e.g., `_FOUND`) to follow a certain pattern.\n'}
[109.936374] (rtabmap_util) StderrLine: {'line': b'Call Stack (most recent call first):\n'}
[109.936442] (rtabmap_util) StderrLine: {'line': b'  /usr/lib/x86_64-linux-gnu/cmake/pcl/Modules/FindOpenNI.cmake:28 (find_package_handle_standard_args)\n'}
[109.936510] (rtabmap_util) StderrLine: {'line': b'  /usr/lib/x86_64-linux-gnu/cmake/pcl/PCLConfig.cmake:179 (find_package)\n'}
[109.936576] (rtabmap_util) StderrLine: {'line': b'  /usr/lib/x86_64-linux-gnu/cmake/pcl/PCLConfig.cmake:322 (find_openni)\n'}
[109.936643] (rtabmap_util) StderrLine: {'line': b'  /usr/lib/x86_64-linux-gnu/cmake/pcl/PCLConfig.cmake:548 (find_external_library)\n'}
[109.936710] (rtabmap_util) StderrLine: {'line': b'  /usr/share/cmake-3.22/Modules/CMakeFindDependencyMacro.cmake:47 (find_package)\n'}
[109.936776] (rtabmap_util) StderrLine: {'line': b'  /workspaces/isaac_ros-dev/Development/ros2/install/rtabmap/lib/rtabmap-0.23/RTABMapConfig.cmake:18 (find_dependency)\n'}
[109.936843] (rtabmap_util) StderrLine: {'line': b'  CMakeLists.txt:8 (find_package)\n'}
[109.936910] (rtabmap_util) StderrLine: {'line': b'This warning is for project developers.  Use -Wno-dev to suppress it.\n'}
[109.936975] (rtabmap_util) StderrLine: {'line': b'\x1b[0m\n'}
[109.937041] (rtabmap_util) StdoutLine: {'line': b'-- Found USB_10: /usr/lib/x86_64-linux-gnu/libusb-1.0.so  \n'}
[109.977527] (-) TimerEvent: {}
[110.056059] (rtabmap_util) StdoutLine: {'line': b'-- Found OpenNI: /usr/lib/libOpenNI.so  \n'}
[110.056397] (rtabmap_util) StdoutLine: {'line': b'-- OpenNI found (include: /usr/include/ni, lib: /usr/lib/libOpenNI.so)\n'}
[110.063797] (rtabmap_util) StderrLine: {'line': b'\x1b[33mCMake Warning (dev) at /usr/share/cmake-3.22/Modules/FindPackageHandleStandardArgs.cmake:438 (message):\n'}
[110.064008] (rtabmap_util) StderrLine: {'line': b'  The package name passed to `find_package_handle_standard_args` (USB_10)\n'}
[110.064097] (rtabmap_util) StderrLine: {'line': b'  does not match the name of the calling package (OpenNI2).  This can lead to\n'}
[110.064168] (rtabmap_util) StderrLine: {'line': b'  problems in calling code that expects `find_package` result variables\n'}
[110.064239] (rtabmap_util) StderrLine: {'line': b'  (e.g., `_FOUND`) to follow a certain pattern.\n'}
[110.064307] (rtabmap_util) StderrLine: {'line': b'Call Stack (most recent call first):\n'}
[110.064374] (rtabmap_util) StderrLine: {'line': b'  /usr/lib/x86_64-linux-gnu/cmake/pcl/Modules/FindOpenNI2.cmake:28 (find_package_handle_standard_args)\n'}
[110.064440] (rtabmap_util) StderrLine: {'line': b'  /usr/lib/x86_64-linux-gnu/cmake/pcl/PCLConfig.cmake:193 (find_package)\n'}
[110.064508] (rtabmap_util) StderrLine: {'line': b'  /usr/lib/x86_64-linux-gnu/cmake/pcl/PCLConfig.cmake:324 (find_openni2)\n'}
[110.064571] (rtabmap_util) StderrLine: {'line': b'  /usr/lib/x86_64-linux-gnu/cmake/pcl/PCLConfig.cmake:548 (find_external_library)\n'}
[110.064636] (rtabmap_util) StderrLine: {'line': b'  /usr/share/cmake-3.22/Modules/CMakeFindDependencyMacro.cmake:47 (find_package)\n'}
[110.064703] (rtabmap_util) StderrLine: {'line': b'  /workspaces/isaac_ros-dev/Development/ros2/install/rtabmap/lib/rtabmap-0.23/RTABMapConfig.cmake:18 (find_dependency)\n'}
[110.064768] (rtabmap_util) StderrLine: {'line': b'  CMakeLists.txt:8 (find_package)\n'}
[110.064832] (rtabmap_util) StderrLine: {'line': b'This warning is for project developers.  Use -Wno-dev to suppress it.\n'}
[110.064899] (rtabmap_util) StderrLine: {'line': b'\x1b[0m\n'}
[110.077758] (-) TimerEvent: {}
[110.178309] (-) TimerEvent: {}
[110.216635] (rtabmap_util) StdoutLine: {'line': b'-- Found OpenNI2: /usr/lib/libOpenNI2.so  \n'}
[110.217011] (rtabmap_util) StdoutLine: {'line': b'-- OpenNI2 found (include: /usr/include/openni2, lib: /usr/lib/libOpenNI2.so)\n'}
[110.217114] (rtabmap_util) StderrLine: {'line': b'\x1b[0m** WARNING ** io features related to pcap will be disabled\x1b[0m\n'}
[110.217201] (rtabmap_util) StderrLine: {'line': b'\x1b[0m** WARNING ** io features related to png will be disabled\x1b[0m\n'}
[110.260753] (rtabmap_util) StdoutLine: {'line': b'-- The imported target "vtkParseOGLExt" references the file\n'}
[110.261067] (rtabmap_util) StdoutLine: {'line': b'   "/usr/bin/vtkParseOGLExt-7.1"\n'}
[110.261161] (rtabmap_util) StdoutLine: {'line': b'but this file does not exist.  Possible reasons include:\n'}
[110.261233] (rtabmap_util) StdoutLine: {'line': b'* The file was deleted, renamed, or moved to another location.\n'}
[110.261306] (rtabmap_util) StdoutLine: {'line': b'* An install or uninstall procedure did not complete successfully.\n'}
[110.261374] (rtabmap_util) StdoutLine: {'line': b'* The installation package was faulty and contained\n'}
[110.261437] (rtabmap_util) StdoutLine: {'line': b'   "/usr/lib/cmake/vtk-7.1/VTKTargets.cmake"\n'}
[110.261505] (rtabmap_util) StdoutLine: {'line': b'but not all the files it references.\n'}
[110.261577] (rtabmap_util) StdoutLine: {'line': b'\n'}
[110.261897] (rtabmap_util) StdoutLine: {'line': b'-- The imported target "vtkRenderingPythonTkWidgets" references the file\n'}
[110.262059] (rtabmap_util) StdoutLine: {'line': b'   "/usr/lib/x86_64-linux-gnu/libvtkRenderingPythonTkWidgets.so"\n'}
[110.262150] (rtabmap_util) StdoutLine: {'line': b'but this file does not exist.  Possible reasons include:\n'}
[110.262223] (rtabmap_util) StdoutLine: {'line': b'* The file was deleted, renamed, or moved to another location.\n'}
[110.262296] (rtabmap_util) StdoutLine: {'line': b'* An install or uninstall procedure did not complete successfully.\n'}
[110.262369] (rtabmap_util) StdoutLine: {'line': b'* The installation package was faulty and contained\n'}
[110.262437] (rtabmap_util) StdoutLine: {'line': b'   "/usr/lib/cmake/vtk-7.1/VTKTargets.cmake"\n'}
[110.262506] (rtabmap_util) StdoutLine: {'line': b'but not all the files it references.\n'}
[110.262572] (rtabmap_util) StdoutLine: {'line': b'\n'}
[110.262640] (rtabmap_util) StdoutLine: {'line': b'-- The imported target "vtk" references the file\n'}
[110.262709] (rtabmap_util) StdoutLine: {'line': b'   "/usr/bin/vtk"\n'}
[110.262774] (rtabmap_util) StdoutLine: {'line': b'but this file does not exist.  Possible reasons include:\n'}
[110.262841] (rtabmap_util) StdoutLine: {'line': b'* The file was deleted, renamed, or moved to another location.\n'}
[110.262908] (rtabmap_util) StdoutLine: {'line': b'* An install or uninstall procedure did not complete successfully.\n'}
[110.262974] (rtabmap_util) StdoutLine: {'line': b'* The installation package was faulty and contained\n'}
[110.263037] (rtabmap_util) StdoutLine: {'line': b'   "/usr/lib/cmake/vtk-7.1/VTKTargets.cmake"\n'}
[110.263110] (rtabmap_util) StdoutLine: {'line': b'but not all the files it references.\n'}
[110.263178] (rtabmap_util) StdoutLine: {'line': b'\n'}
[110.263241] (rtabmap_util) StdoutLine: {'line': b'-- The imported target "pvtk" references the file\n'}
[110.263314] (rtabmap_util) StdoutLine: {'line': b'   "/usr/bin/pvtk"\n'}
[110.263381] (rtabmap_util) StdoutLine: {'line': b'but this file does not exist.  Possible reasons include:\n'}
[110.263449] (rtabmap_util) StdoutLine: {'line': b'* The file was deleted, renamed, or moved to another location.\n'}
[110.263515] (rtabmap_util) StdoutLine: {'line': b'* An install or uninstall procedure did not complete successfully.\n'}
[110.263583] (rtabmap_util) StdoutLine: {'line': b'* The installation package was faulty and contained\n'}
[110.263648] (rtabmap_util) StdoutLine: {'line': b'   "/usr/lib/cmake/vtk-7.1/VTKTargets.cmake"\n'}
[110.263714] (rtabmap_util) StdoutLine: {'line': b'but not all the files it references.\n'}
[110.263780] (rtabmap_util) StdoutLine: {'line': b'\n'}
[110.278433] (-) TimerEvent: {}
[110.279139] (rtabmap_util) StdoutLine: {'line': b'-- Found libusb-1.0: /usr/include  \n'}
[110.279425] (rtabmap_util) StderrLine: {'line': b'\x1b[33mCMake Warning (dev) at /usr/share/cmake-3.22/Modules/FindPackageHandleStandardArgs.cmake:438 (message):\n'}
[110.279527] (rtabmap_util) StderrLine: {'line': b'  The package name passed to `find_package_handle_standard_args` (libusb-1.0)\n'}
[110.279605] (rtabmap_util) StderrLine: {'line': b'  does not match the name of the calling package (PCL).  This can lead to\n'}
[110.279680] (rtabmap_util) StderrLine: {'line': b'  problems in calling code that expects `find_package` result variables\n'}
[110.279755] (rtabmap_util) StderrLine: {'line': b'  (e.g., `_FOUND`) to follow a certain pattern.\n'}
[110.279826] (rtabmap_util) StderrLine: {'line': b'Call Stack (most recent call first):\n'}
[110.279894] (rtabmap_util) StderrLine: {'line': b'  /usr/lib/x86_64-linux-gnu/cmake/pcl/PCLConfig.cmake:291 (find_package_handle_standard_args)\n'}
[110.279966] (rtabmap_util) StderrLine: {'line': b'  /usr/lib/x86_64-linux-gnu/cmake/pcl/PCLConfig.cmake:338 (find_libusb)\n'}
[110.280034] (rtabmap_util) StderrLine: {'line': b'  /usr/lib/x86_64-linux-gnu/cmake/pcl/PCLConfig.cmake:548 (find_external_library)\n'}
[110.280109] (rtabmap_util) StderrLine: {'line': b'  /usr/share/cmake-3.22/Modules/CMakeFindDependencyMacro.cmake:47 (find_package)\n'}
[110.280181] (rtabmap_util) StderrLine: {'line': b'  /workspaces/isaac_ros-dev/Development/ros2/install/rtabmap/lib/rtabmap-0.23/RTABMapConfig.cmake:18 (find_dependency)\n'}
[110.280250] (rtabmap_util) StderrLine: {'line': b'  CMakeLists.txt:8 (find_package)\n'}
[110.280319] (rtabmap_util) StderrLine: {'line': b'This warning is for project developers.  Use -Wno-dev to suppress it.\n'}
[110.280387] (rtabmap_util) StderrLine: {'line': b'\x1b[0m\n'}
[110.280481] (rtabmap_util) StderrLine: {'line': b'\x1b[0m** WARNING ** io features related to libusb-1.0 will be disabled\x1b[0m\n'}
[110.322856] (rtabmap_util) StdoutLine: {'line': b"-- Checking for module 'flann'\n"}
[110.361810] (rtabmap_util) StdoutLine: {'line': b'--   Found flann, version 1.9.1\n'}
[110.378566] (-) TimerEvent: {}
[110.473815] (rtabmap_util) StdoutLine: {'line': b'-- Found FLANN: /usr/lib/x86_64-linux-gnu/libflann_cpp.so  \n'}
[110.478638] (-) TimerEvent: {}
[110.483882] (rtabmap_sync) StdoutLine: {'line': b'-- Found Python3: /usr/bin/python3.8 (found version "3.8.10") found components: Interpreter \n'}
[110.502934] (rtabmap_util) StdoutLine: {'line': b'-- Found Qhull: optimized;/usr/lib/x86_64-linux-gnu/libqhull.so;debug;/usr/lib/x86_64-linux-gnu/libqhull.so  \n'}
[110.503285] (rtabmap_util) StdoutLine: {'line': b'-- QHULL found (include: /usr/include, lib: optimized;/usr/lib/x86_64-linux-gnu/libqhull.so;debug;/usr/lib/x86_64-linux-gnu/libqhull.so)\n'}
[110.530492] (rtabmap_util) StdoutLine: {'line': b'-- looking for PCL_COMMON\n'}
[110.532201] (rtabmap_util) StderrLine: {'line': b'\x1b[33mCMake Warning (dev) at /usr/share/cmake-3.22/Modules/FindPackageHandleStandardArgs.cmake:438 (message):\n'}
[110.532362] (rtabmap_util) StderrLine: {'line': b'  The package name passed to `find_package_handle_standard_args` (PCL_COMMON)\n'}
[110.532442] (rtabmap_util) StderrLine: {'line': b'  does not match the name of the calling package (PCL).  This can lead to\n'}
[110.532513] (rtabmap_util) StderrLine: {'line': b'  problems in calling code that expects `find_package` result variables\n'}
[110.532582] (rtabmap_util) StderrLine: {'line': b'  (e.g., `_FOUND`) to follow a certain pattern.\n'}
[110.532646] (rtabmap_util) StderrLine: {'line': b'Call Stack (most recent call first):\n'}
[110.532987] (rtabmap_util) StderrLine: {'line': b'  /usr/lib/x86_64-linux-gnu/cmake/pcl/PCLConfig.cmake:616 (find_package_handle_standard_args)\n'}
[110.533098] (rtabmap_util) StderrLine: {'line': b'  /usr/share/cmake-3.22/Modules/CMakeFindDependencyMacro.cmake:47 (find_package)\n'}
[110.533173] (rtabmap_util) StderrLine: {'line': b'  /workspaces/isaac_ros-dev/Development/ros2/install/rtabmap/lib/rtabmap-0.23/RTABMapConfig.cmake:18 (find_dependency)\n'}
[110.533245] (rtabmap_util) StderrLine: {'line': b'  CMakeLists.txt:8 (find_package)\n'}
[110.533524] (rtabmap_util) StderrLine: {'line': b'This warning is for project developers.  Use -Wno-dev to suppress it.\n'}
[110.533636] (rtabmap_util) StderrLine: {'line': b'\x1b[0m\n'}
[110.533839] (rtabmap_util) StdoutLine: {'line': b'-- Found PCL_COMMON: /usr/lib/x86_64-linux-gnu/libpcl_common.so  \n'}
[110.533928] (rtabmap_util) StdoutLine: {'line': b'-- looking for PCL_OCTREE\n'}
[110.534003] (rtabmap_util) StderrLine: {'line': b'\x1b[33mCMake Warning (dev) at /usr/share/cmake-3.22/Modules/FindPackageHandleStandardArgs.cmake:438 (message):\n'}
[110.534073] (rtabmap_util) StderrLine: {'line': b'  The package name passed to `find_package_handle_standard_args` (PCL_OCTREE)\n'}
[110.534155] (rtabmap_util) StderrLine: {'line': b'  does not match the name of the calling package (PCL).  This can lead to\n'}
[110.534222] (rtabmap_util) StderrLine: {'line': b'  problems in calling code that expects `find_package` result variables\n'}
[110.534289] (rtabmap_util) StderrLine: {'line': b'  (e.g., `_FOUND`) to follow a certain pattern.\n'}
[110.534357] (rtabmap_util) StderrLine: {'line': b'Call Stack (most recent call first):\n'}
[110.534423] (rtabmap_util) StderrLine: {'line': b'  /usr/lib/x86_64-linux-gnu/cmake/pcl/PCLConfig.cmake:616 (find_package_handle_standard_args)\n'}
[110.534665] (rtabmap_util) StderrLine: {'line': b'  /usr/share/cmake-3.22/Modules/CMakeFindDependencyMacro.cmake:47 (find_package)\n'}
[110.534765] (rtabmap_util) StderrLine: {'line': b'  /workspaces/isaac_ros-dev/Development/ros2/install/rtabmap/lib/rtabmap-0.23/RTABMapConfig.cmake:18 (find_dependency)\n'}
[110.534840] (rtabmap_util) StderrLine: {'line': b'  CMakeLists.txt:8 (find_package)\n'}
[110.534959] (rtabmap_util) StderrLine: {'line': b'This warning is for project developers.  Use -Wno-dev to suppress it.\n'}
[110.535037] (rtabmap_util) StderrLine: {'line': b'\x1b[0m\n'}
[110.535117] (rtabmap_util) StdoutLine: {'line': b'-- Found PCL_OCTREE: /usr/lib/x86_64-linux-gnu/libpcl_octree.so  \n'}
[110.535196] (rtabmap_util) StdoutLine: {'line': b'-- looking for PCL_IO\n'}
[110.535269] (rtabmap_util) StderrLine: {'line': b'\x1b[33mCMake Warning (dev) at /usr/share/cmake-3.22/Modules/FindPackageHandleStandardArgs.cmake:438 (message):\n'}
[110.535338] (rtabmap_util) StderrLine: {'line': b'  The package name passed to `find_package_handle_standard_args` (PCL_IO)\n'}
[110.535407] (rtabmap_util) StderrLine: {'line': b'  does not match the name of the calling package (PCL).  This can lead to\n'}
[110.535477] (rtabmap_util) StderrLine: {'line': b'  problems in calling code that expects `find_package` result variables\n'}
[110.535545] (rtabmap_util) StderrLine: {'line': b'  (e.g., `_FOUND`) to follow a certain pattern.\n'}
[110.535615] (rtabmap_util) StderrLine: {'line': b'Call Stack (most recent call first):\n'}
[110.535904] (rtabmap_util) StderrLine: {'line': b'  /usr/lib/x86_64-linux-gnu/cmake/pcl/PCLConfig.cmake:616 (find_package_handle_standard_args)\n'}
[110.536008] (rtabmap_util) StderrLine: {'line': b'  /usr/share/cmake-3.22/Modules/CMakeFindDependencyMacro.cmake:47 (find_package)\n'}
[110.536094] (rtabmap_util) StderrLine: {'line': b'  /workspaces/isaac_ros-dev/Development/ros2/install/rtabmap/lib/rtabmap-0.23/RTABMapConfig.cmake:18 (find_dependency)\n'}
[110.536164] (rtabmap_util) StderrLine: {'line': b'  CMakeLists.txt:8 (find_package)\n'}
[110.536234] (rtabmap_util) StderrLine: {'line': b'This warning is for project developers.  Use -Wno-dev to suppress it.\n'}
[110.536300] (rtabmap_util) StderrLine: {'line': b'\x1b[0m\n'}
[110.536369] (rtabmap_util) StdoutLine: {'line': b'-- Found PCL_IO: /usr/lib/x86_64-linux-gnu/libpcl_io.so  \n'}
[110.536443] (rtabmap_util) StdoutLine: {'line': b'-- looking for PCL_KDTREE\n'}
[110.536513] (rtabmap_util) StderrLine: {'line': b'\x1b[33mCMake Warning (dev) at /usr/share/cmake-3.22/Modules/FindPackageHandleStandardArgs.cmake:438 (message):\n'}
[110.536588] (rtabmap_util) StderrLine: {'line': b'  The package name passed to `find_package_handle_standard_args` (PCL_KDTREE)\n'}
[110.536656] (rtabmap_util) StderrLine: {'line': b'  does not match the name of the calling package (PCL).  This can lead to\n'}
[110.536722] (rtabmap_util) StderrLine: {'line': b'  problems in calling code that expects `find_package` result variables\n'}
[110.536847] (rtabmap_util) StderrLine: {'line': b'  (e.g., `_FOUND`) to follow a certain pattern.\n'}
[110.536915] (rtabmap_util) StderrLine: {'line': b'Call Stack (most recent call first):\n'}
[110.537017] (rtabmap_util) StderrLine: {'line': b'  /usr/lib/x86_64-linux-gnu/cmake/pcl/PCLConfig.cmake:616 (find_package_handle_standard_args)\n'}
[110.537089] (rtabmap_util) StderrLine: {'line': b'  /usr/share/cmake-3.22/Modules/CMakeFindDependencyMacro.cmake:47 (find_package)\n'}
[110.537159] (rtabmap_util) StderrLine: {'line': b'  /workspaces/isaac_ros-dev/Development/ros2/install/rtabmap/lib/rtabmap-0.23/RTABMapConfig.cmake:18 (find_dependency)\n'}
[110.537256] (rtabmap_util) StderrLine: {'line': b'  CMakeLists.txt:8 (find_package)\n'}
[110.537318] (rtabmap_util) StderrLine: {'line': b'This warning is for project developers.  Use -Wno-dev to suppress it.\n'}
[110.537380] (rtabmap_util) StderrLine: {'line': b'\x1b[0m\n'}
[110.537440] (rtabmap_util) StdoutLine: {'line': b'-- Found PCL_KDTREE: /usr/lib/x86_64-linux-gnu/libpcl_kdtree.so  \n'}
[110.537508] (rtabmap_util) StdoutLine: {'line': b'-- looking for PCL_SEARCH\n'}
[110.537580] (rtabmap_util) StderrLine: {'line': b'\x1b[33mCMake Warning (dev) at /usr/share/cmake-3.22/Modules/FindPackageHandleStandardArgs.cmake:438 (message):\n'}
[110.537662] (rtabmap_util) StderrLine: {'line': b'  The package name passed to `find_package_handle_standard_args` (PCL_SEARCH)\n'}
[110.537726] (rtabmap_util) StderrLine: {'line': b'  does not match the name of the calling package (PCL).  This can lead to\n'}
[110.537803] (rtabmap_util) StderrLine: {'line': b'  problems in calling code that expects `find_package` result variables\n'}
[110.537869] (rtabmap_util) StderrLine: {'line': b'  (e.g., `_FOUND`) to follow a certain pattern.\n'}
[110.538013] (rtabmap_util) StderrLine: {'line': b'Call Stack (most recent call first):\n'}
[110.538106] (rtabmap_util) StderrLine: {'line': b'  /usr/lib/x86_64-linux-gnu/cmake/pcl/PCLConfig.cmake:616 (find_package_handle_standard_args)\n'}
[110.538175] (rtabmap_util) StderrLine: {'line': b'  /usr/share/cmake-3.22/Modules/CMakeFindDependencyMacro.cmake:47 (find_package)\n'}
[110.538239] (rtabmap_util) StderrLine: {'line': b'  /workspaces/isaac_ros-dev/Development/ros2/install/rtabmap/lib/rtabmap-0.23/RTABMapConfig.cmake:18 (find_dependency)\n'}
[110.538360] (rtabmap_util) StderrLine: {'line': b'  CMakeLists.txt:8 (find_package)\n'}
[110.538424] (rtabmap_util) StderrLine: {'line': b'This warning is for project developers.  Use -Wno-dev to suppress it.\n'}
[110.538487] (rtabmap_util) StderrLine: {'line': b'\x1b[0m\n'}
[110.538552] (rtabmap_util) StdoutLine: {'line': b'-- Found PCL_SEARCH: /usr/lib/x86_64-linux-gnu/libpcl_search.so  \n'}
[110.538624] (rtabmap_util) StdoutLine: {'line': b'-- looking for PCL_SURFACE\n'}
[110.538691] (rtabmap_util) StderrLine: {'line': b'\x1b[33mCMake Warning (dev) at /usr/share/cmake-3.22/Modules/FindPackageHandleStandardArgs.cmake:438 (message):\n'}
[110.538759] (rtabmap_util) StderrLine: {'line': b'  The package name passed to `find_package_handle_standard_args`\n'}
[110.538825] (rtabmap_util) StderrLine: {'line': b'  (PCL_SURFACE) does not match the name of the calling package (PCL).  This\n'}
[110.538893] (rtabmap_util) StderrLine: {'line': b'  can lead to problems in calling code that expects `find_package` result\n'}
[110.538957] (rtabmap_util) StderrLine: {'line': b'  variables (e.g., `_FOUND`) to follow a certain pattern.\n'}
[110.539021] (rtabmap_util) StderrLine: {'line': b'Call Stack (most recent call first):\n'}
[110.539192] (rtabmap_util) StderrLine: {'line': b'  /usr/lib/x86_64-linux-gnu/cmake/pcl/PCLConfig.cmake:616 (find_package_handle_standard_args)\n'}
[110.539274] (rtabmap_util) StderrLine: {'line': b'  /usr/share/cmake-3.22/Modules/CMakeFindDependencyMacro.cmake:47 (find_package)\n'}
[110.539384] (rtabmap_util) StderrLine: {'line': b'  /workspaces/isaac_ros-dev/Development/ros2/install/rtabmap/lib/rtabmap-0.23/RTABMapConfig.cmake:18 (find_dependency)\n'}
[110.539462] (rtabmap_util) StderrLine: {'line': b'  CMakeLists.txt:8 (find_package)\n'}
[110.539540] (rtabmap_util) StderrLine: {'line': b'This warning is for project developers.  Use -Wno-dev to suppress it.\n'}
[110.539662] (rtabmap_util) StderrLine: {'line': b'\x1b[0m\n'}
[110.539727] (rtabmap_util) StdoutLine: {'line': b'-- Found PCL_SURFACE: /usr/lib/x86_64-linux-gnu/libpcl_surface.so  \n'}
[110.539795] (rtabmap_util) StdoutLine: {'line': b'-- looking for PCL_FILTERS\n'}
[110.539940] (rtabmap_util) StderrLine: {'line': b'\x1b[33mCMake Warning (dev) at /usr/share/cmake-3.22/Modules/FindPackageHandleStandardArgs.cmake:438 (message):\n'}
[110.540020] (rtabmap_util) StderrLine: {'line': b'  The package name passed to `find_package_handle_standard_args`\n'}
[110.540090] (rtabmap_util) StderrLine: {'line': b'  (PCL_FILTERS) does not match the name of the calling package (PCL).  This\n'}
[110.540156] (rtabmap_util) StderrLine: {'line': b'  can lead to problems in calling code that expects `find_package` result\n'}
[110.540221] (rtabmap_util) StderrLine: {'line': b'  variables (e.g., `_FOUND`) to follow a certain pattern.\n'}
[110.540290] (rtabmap_util) StderrLine: {'line': b'Call Stack (most recent call first):\n'}
[110.540357] (rtabmap_util) StderrLine: {'line': b'  /usr/lib/x86_64-linux-gnu/cmake/pcl/PCLConfig.cmake:616 (find_package_handle_standard_args)\n'}
[110.540419] (rtabmap_util) StderrLine: {'line': b'  /usr/share/cmake-3.22/Modules/CMakeFindDependencyMacro.cmake:47 (find_package)\n'}
[110.540490] (rtabmap_util) StderrLine: {'line': b'  /workspaces/isaac_ros-dev/Development/ros2/install/rtabmap/lib/rtabmap-0.23/RTABMapConfig.cmake:18 (find_dependency)\n'}
[110.540563] (rtabmap_util) StderrLine: {'line': b'  CMakeLists.txt:8 (find_package)\n'}
[110.540624] (rtabmap_util) StderrLine: {'line': b'This warning is for project developers.  Use -Wno-dev to suppress it.\n'}
[110.540689] (rtabmap_util) StderrLine: {'line': b'\x1b[0m\n'}
[110.540753] (rtabmap_util) StdoutLine: {'line': b'-- Found PCL_FILTERS: /usr/lib/x86_64-linux-gnu/libpcl_filters.so  \n'}
[110.540828] (rtabmap_util) StdoutLine: {'line': b'-- looking for PCL_2D\n'}
[110.540898] (rtabmap_util) StderrLine: {'line': b'\x1b[33mCMake Warning (dev) at /usr/share/cmake-3.22/Modules/FindPackageHandleStandardArgs.cmake:438 (message):\n'}
[110.540964] (rtabmap_util) StderrLine: {'line': b'  The package name passed to `find_package_handle_standard_args` (PCL_2D)\n'}
[110.541102] (rtabmap_util) StderrLine: {'line': b'  does not match the name of the calling package (PCL).  This can lead to\n'}
[110.541185] (rtabmap_util) StderrLine: {'line': b'  problems in calling code that expects `find_package` result variables\n'}
[110.541252] (rtabmap_util) StderrLine: {'line': b'  (e.g., `_FOUND`) to follow a certain pattern.\n'}
[110.541317] (rtabmap_util) StderrLine: {'line': b'Call Stack (most recent call first):\n'}
[110.541379] (rtabmap_util) StderrLine: {'line': b'  /usr/lib/x86_64-linux-gnu/cmake/pcl/PCLConfig.cmake:619 (find_package_handle_standard_args)\n'}
[110.541444] (rtabmap_util) StderrLine: {'line': b'  /usr/share/cmake-3.22/Modules/CMakeFindDependencyMacro.cmake:47 (find_package)\n'}
[110.541522] (rtabmap_util) StderrLine: {'line': b'  /workspaces/isaac_ros-dev/Development/ros2/install/rtabmap/lib/rtabmap-0.23/RTABMapConfig.cmake:18 (find_dependency)\n'}
[110.541584] (rtabmap_util) StderrLine: {'line': b'  CMakeLists.txt:8 (find_package)\n'}
[110.541649] (rtabmap_util) StderrLine: {'line': b'This warning is for project developers.  Use -Wno-dev to suppress it.\n'}
[110.541711] (rtabmap_util) StderrLine: {'line': b'\x1b[0m\n'}
[110.541776] (rtabmap_util) StdoutLine: {'line': b'-- Found PCL_2D: /usr/include/pcl-1.10  \n'}
[110.541846] (rtabmap_util) StdoutLine: {'line': b'-- looking for PCL_FEATURES\n'}
[110.541912] (rtabmap_util) StderrLine: {'line': b'\x1b[33mCMake Warning (dev) at /usr/share/cmake-3.22/Modules/FindPackageHandleStandardArgs.cmake:438 (message):\n'}
[110.541978] (rtabmap_util) StderrLine: {'line': b'  The package name passed to `find_package_handle_standard_args`\n'}
[110.542042] (rtabmap_util) StderrLine: {'line': b'  (PCL_FEATURES) does not match the name of the calling package (PCL).  This\n'}
[110.542112] (rtabmap_util) StderrLine: {'line': b'  can lead to problems in calling code that expects `find_package` result\n'}
[110.542177] (rtabmap_util) StderrLine: {'line': b'  variables (e.g., `_FOUND`) to follow a certain pattern.\n'}
[110.542241] (rtabmap_util) StderrLine: {'line': b'Call Stack (most recent call first):\n'}
[110.542307] (rtabmap_util) StderrLine: {'line': b'  /usr/lib/x86_64-linux-gnu/cmake/pcl/PCLConfig.cmake:616 (find_package_handle_standard_args)\n'}
[110.542376] (rtabmap_util) StderrLine: {'line': b'  /usr/share/cmake-3.22/Modules/CMakeFindDependencyMacro.cmake:47 (find_package)\n'}
[110.542507] (rtabmap_util) StderrLine: {'line': b'  /workspaces/isaac_ros-dev/Development/ros2/install/rtabmap/lib/rtabmap-0.23/RTABMapConfig.cmake:18 (find_dependency)\n'}
[110.542606] (rtabmap_util) StderrLine: {'line': b'  CMakeLists.txt:8 (find_package)\n'}
[110.542671] (rtabmap_util) StderrLine: {'line': b'This warning is for project developers.  Use -Wno-dev to suppress it.\n'}
[110.542739] (rtabmap_util) StderrLine: {'line': b'\x1b[0m\n'}
[110.542802] (rtabmap_util) StdoutLine: {'line': b'-- Found PCL_FEATURES: /usr/lib/x86_64-linux-gnu/libpcl_features.so  \n'}
[110.542890] (rtabmap_util) StdoutLine: {'line': b'-- looking for PCL_REGISTRATION\n'}
[110.542958] (rtabmap_util) StderrLine: {'line': b'\x1b[33mCMake Warning (dev) at /usr/share/cmake-3.22/Modules/FindPackageHandleStandardArgs.cmake:438 (message):\n'}
[110.543028] (rtabmap_util) StderrLine: {'line': b'  The package name passed to `find_package_handle_standard_args`\n'}
[110.543097] (rtabmap_util) StderrLine: {'line': b'  (PCL_REGISTRATION) does not match the name of the calling package (PCL).\n'}
[110.543160] (rtabmap_util) StderrLine: {'line': b'  This can lead to problems in calling code that expects `find_package`\n'}
[110.543223] (rtabmap_util) StderrLine: {'line': b'  result variables (e.g., `_FOUND`) to follow a certain pattern.\n'}
[110.543288] (rtabmap_util) StderrLine: {'line': b'Call Stack (most recent call first):\n'}
[110.543349] (rtabmap_util) StderrLine: {'line': b'  /usr/lib/x86_64-linux-gnu/cmake/pcl/PCLConfig.cmake:616 (find_package_handle_standard_args)\n'}
[110.543412] (rtabmap_util) StderrLine: {'line': b'  /usr/share/cmake-3.22/Modules/CMakeFindDependencyMacro.cmake:47 (find_package)\n'}
[110.543473] (rtabmap_util) StderrLine: {'line': b'  /workspaces/isaac_ros-dev/Development/ros2/install/rtabmap/lib/rtabmap-0.23/RTABMapConfig.cmake:18 (find_dependency)\n'}
[110.543533] (rtabmap_util) StderrLine: {'line': b'  CMakeLists.txt:8 (find_package)\n'}
[110.543593] (rtabmap_util) StderrLine: {'line': b'This warning is for project developers.  Use -Wno-dev to suppress it.\n'}
[110.543658] (rtabmap_util) StderrLine: {'line': b'\x1b[0m\n'}
[110.543723] (rtabmap_util) StdoutLine: {'line': b'-- Found PCL_REGISTRATION: /usr/lib/x86_64-linux-gnu/libpcl_registration.so  \n'}
[110.543801] (rtabmap_util) StdoutLine: {'line': b'-- looking for PCL_SAMPLE_CONSENSUS\n'}
[110.543997] (rtabmap_util) StderrLine: {'line': b'\x1b[33mCMake Warning (dev) at /usr/share/cmake-3.22/Modules/FindPackageHandleStandardArgs.cmake:438 (message):\n'}
[110.544086] (rtabmap_util) StderrLine: {'line': b'  The package name passed to `find_package_handle_standard_args`\n'}
[110.544167] (rtabmap_util) StderrLine: {'line': b'  (PCL_SAMPLE_CONSENSUS) does not match the name of the calling package\n'}
[110.544231] (rtabmap_util) StderrLine: {'line': b'  (PCL).  This can lead to problems in calling code that expects\n'}
[110.544303] (rtabmap_util) StderrLine: {'line': b'  `find_package` result variables (e.g., `_FOUND`) to follow a certain\n'}
[110.544463] (rtabmap_util) StderrLine: {'line': b'  pattern.\n'}
[110.544557] (rtabmap_util) StderrLine: {'line': b'Call Stack (most recent call first):\n'}
[110.544623] (rtabmap_util) StderrLine: {'line': b'  /usr/lib/x86_64-linux-gnu/cmake/pcl/PCLConfig.cmake:616 (find_package_handle_standard_args)\n'}
[110.544718] (rtabmap_util) StderrLine: {'line': b'  /usr/share/cmake-3.22/Modules/CMakeFindDependencyMacro.cmake:47 (find_package)\n'}
[110.544794] (rtabmap_util) StderrLine: {'line': b'  /workspaces/isaac_ros-dev/Development/ros2/install/rtabmap/lib/rtabmap-0.23/RTABMapConfig.cmake:18 (find_dependency)\n'}
[110.544871] (rtabmap_util) StderrLine: {'line': b'  CMakeLists.txt:8 (find_package)\n'}
[110.544940] (rtabmap_util) StderrLine: {'line': b'This warning is for project developers.  Use -Wno-dev to suppress it.\n'}
[110.545008] (rtabmap_util) StderrLine: {'line': b'\x1b[0m\n'}
[110.545073] (rtabmap_util) StdoutLine: {'line': b'-- Found PCL_SAMPLE_CONSENSUS: /usr/lib/x86_64-linux-gnu/libpcl_sample_consensus.so  \n'}
[110.545141] (rtabmap_util) StdoutLine: {'line': b'-- looking for PCL_GEOMETRY\n'}
[110.545207] (rtabmap_util) StderrLine: {'line': b'\x1b[33mCMake Warning (dev) at /usr/share/cmake-3.22/Modules/FindPackageHandleStandardArgs.cmake:438 (message):\n'}
[110.545275] (rtabmap_util) StderrLine: {'line': b'  The package name passed to `find_package_handle_standard_args`\n'}
[110.545338] (rtabmap_util) StderrLine: {'line': b'  (PCL_GEOMETRY) does not match the name of the calling package (PCL).  This\n'}
[110.545403] (rtabmap_util) StderrLine: {'line': b'  can lead to problems in calling code that expects `find_package` result\n'}
[110.545470] (rtabmap_util) StderrLine: {'line': b'  variables (e.g., `_FOUND`) to follow a certain pattern.\n'}
[110.545619] (rtabmap_util) StderrLine: {'line': b'Call Stack (most recent call first):\n'}
[110.545699] (rtabmap_util) StderrLine: {'line': b'  /usr/lib/x86_64-linux-gnu/cmake/pcl/PCLConfig.cmake:619 (find_package_handle_standard_args)\n'}
[110.545762] (rtabmap_util) StderrLine: {'line': b'  /usr/share/cmake-3.22/Modules/CMakeFindDependencyMacro.cmake:47 (find_package)\n'}
[110.545841] (rtabmap_util) StderrLine: {'line': b'  /workspaces/isaac_ros-dev/Development/ros2/install/rtabmap/lib/rtabmap-0.23/RTABMapConfig.cmake:18 (find_dependency)\n'}
[110.545906] (rtabmap_util) StderrLine: {'line': b'  CMakeLists.txt:8 (find_package)\n'}
[110.545969] (rtabmap_util) StderrLine: {'line': b'This warning is for project developers.  Use -Wno-dev to suppress it.\n'}
[110.546035] (rtabmap_util) StderrLine: {'line': b'\x1b[0m\n'}
[110.546101] (rtabmap_util) StdoutLine: {'line': b'-- Found PCL_GEOMETRY: /usr/include/pcl-1.10  \n'}
[110.546167] (rtabmap_util) StdoutLine: {'line': b'-- looking for PCL_ML\n'}
[110.546236] (rtabmap_util) StderrLine: {'line': b'\x1b[33mCMake Warning (dev) at /usr/share/cmake-3.22/Modules/FindPackageHandleStandardArgs.cmake:438 (message):\n'}
[110.546301] (rtabmap_util) StderrLine: {'line': b'  The package name passed to `find_package_handle_standard_args` (PCL_ML)\n'}
[110.546365] (rtabmap_util) StderrLine: {'line': b'  does not match the name of the calling package (PCL).  This can lead to\n'}
[110.546429] (rtabmap_util) StderrLine: {'line': b'  problems in calling code that expects `find_package` result variables\n'}
[110.546491] (rtabmap_util) StderrLine: {'line': b'  (e.g., `_FOUND`) to follow a certain pattern.\n'}
[110.546565] (rtabmap_util) StderrLine: {'line': b'Call Stack (most recent call first):\n'}
[110.546628] (rtabmap_util) StderrLine: {'line': b'  /usr/lib/x86_64-linux-gnu/cmake/pcl/PCLConfig.cmake:616 (find_package_handle_standard_args)\n'}
[110.546691] (rtabmap_util) StderrLine: {'line': b'  /usr/share/cmake-3.22/Modules/CMakeFindDependencyMacro.cmake:47 (find_package)\n'}
[110.546826] (rtabmap_util) StderrLine: {'line': b'  /workspaces/isaac_ros-dev/Development/ros2/install/rtabmap/lib/rtabmap-0.23/RTABMapConfig.cmake:18 (find_dependency)\n'}
[110.546905] (rtabmap_util) StderrLine: {'line': b'  CMakeLists.txt:8 (find_package)\n'}
[110.546973] (rtabmap_util) StderrLine: {'line': b'This warning is for project developers.  Use -Wno-dev to suppress it.\n'}
[110.547035] (rtabmap_util) StderrLine: {'line': b'\x1b[0m\n'}
[110.547104] (rtabmap_util) StdoutLine: {'line': b'-- Found PCL_ML: /usr/lib/x86_64-linux-gnu/libpcl_ml.so  \n'}
[110.547171] (rtabmap_util) StdoutLine: {'line': b'-- looking for PCL_SEGMENTATION\n'}
[110.547234] (rtabmap_util) StderrLine: {'line': b'\x1b[33mCMake Warning (dev) at /usr/share/cmake-3.22/Modules/FindPackageHandleStandardArgs.cmake:438 (message):\n'}
[110.547300] (rtabmap_util) StderrLine: {'line': b'  The package name passed to `find_package_handle_standard_args`\n'}
[110.547363] (rtabmap_util) StderrLine: {'line': b'  (PCL_SEGMENTATION) does not match the name of the calling package (PCL).\n'}
[110.547425] (rtabmap_util) StderrLine: {'line': b'  This can lead to problems in calling code that expects `find_package`\n'}
[110.547491] (rtabmap_util) StderrLine: {'line': b'  result variables (e.g., `_FOUND`) to follow a certain pattern.\n'}
[110.547554] (rtabmap_util) StderrLine: {'line': b'Call Stack (most recent call first):\n'}
[110.547616] (rtabmap_util) StderrLine: {'line': b'  /usr/lib/x86_64-linux-gnu/cmake/pcl/PCLConfig.cmake:616 (find_package_handle_standard_args)\n'}
[110.547684] (rtabmap_util) StderrLine: {'line': b'  /usr/share/cmake-3.22/Modules/CMakeFindDependencyMacro.cmake:47 (find_package)\n'}
[110.547795] (rtabmap_util) StderrLine: {'line': b'  /workspaces/isaac_ros-dev/Development/ros2/install/rtabmap/lib/rtabmap-0.23/RTABMapConfig.cmake:18 (find_dependency)\n'}
[110.547865] (rtabmap_util) StderrLine: {'line': b'  CMakeLists.txt:8 (find_package)\n'}
[110.547929] (rtabmap_util) StderrLine: {'line': b'This warning is for project developers.  Use -Wno-dev to suppress it.\n'}
[110.547992] (rtabmap_util) StderrLine: {'line': b'\x1b[0m\n'}
[110.548061] (rtabmap_util) StdoutLine: {'line': b'-- Found PCL_SEGMENTATION: /usr/lib/x86_64-linux-gnu/libpcl_segmentation.so  \n'}
[110.548133] (rtabmap_util) StdoutLine: {'line': b'-- Found PCL: pcl_common;pcl_octree;pcl_io;pcl_kdtree;pcl_search;pcl_surface;pcl_filters;pcl_features;pcl_registration;pcl_sample_consensus;pcl_ml;pcl_segmentation;/usr/lib/x86_64-linux-gnu/libboost_system.so;/usr/lib/x86_64-linux-gnu/libboost_filesystem.so;/usr/lib/x86_64-linux-gnu/libboost_date_time.so;/usr/lib/x86_64-linux-gnu/libboost_iostreams.so;/usr/lib/x86_64-linux-gnu/libboost_regex.so;optimized;/usr/lib/x86_64-linux-gnu/libqhull.so;debug;/usr/lib/x86_64-linux-gnu/libqhull.so;/usr/lib/libOpenNI.so;/usr/lib/libOpenNI2.so;vtkChartsCore;vtkCommonColor;vtkCommonCore;vtksys;vtkCommonDataModel;vtkCommonMath;vtkCommonMisc;vtkCommonSystem;vtkCommonTransforms;vtkCommonExecutionModel;vtkFiltersGeneral;vtkCommonComputationalGeometry;vtkFiltersCore;vtkInfovisCore;vtkFiltersExtraction;vtkFiltersStatistics;vtkImagingFourier;vtkImagingCore;vtkalglib;vtkRenderingContext2D;vtkRenderingCore;vtkFiltersGeometry;vtkFiltersSources;vtkRenderingFreeType;/usr/lib/x86_64-linux-gnu/libfreetype.so;/usr/lib/x86_64-linux-gnu/libz.so;vtkFiltersModeling;vtkImagingSources;vtkInteractionStyle;vtkInteractionWidgets;vtkFiltersHybrid;vtkImagingColor;vtkImagingGeneral;vtkImagingHybrid;vtkIOImage;vtkDICOMParser;vtkmetaio;/usr/lib/x86_64-linux-gnu/libjpeg.so;/usr/lib/x86_64-linux-gnu/libpng.so;/usr/lib/x86_64-linux-gnu/libtiff.so;vtkRenderingAnnotation;vtkRenderingVolume;vtkIOXML;vtkIOCore;vtkIOXMLParser;/usr/lib/x86_64-linux-gnu/libexpat.so;vtkIOGeometry;vtkIOLegacy;vtkIOPLY;vtkRenderingLOD;vtkViewsContext2D;vtkViewsCore;vtkRenderingContextOpenGL2;vtkRenderingOpenGL2;FLANN::FLANN (Required is at least version "1.7") \n'}
[110.571379] (rtabmap_util) StdoutLine: {'line': b'-- RTABMap=rtabmap::utilite;rtabmap::core\n'}
[110.577397] (rtabmap_util) StdoutLine: {'line': b'-- Found ament_cmake: 1.3.5 (/opt/ros/humble/share/ament_cmake/cmake)\n'}
[110.578801] (-) TimerEvent: {}
[110.586301] (rtabmap_sync) StdoutLine: {'line': b'-- Override CMake install command with custom implementation using symlinks instead of copying resources\n'}
[110.679149] (-) TimerEvent: {}
[110.743151] (rtabmap_sync) StdoutLine: {'line': b'-- Found rosidl_generator_c: 3.1.5 (/opt/ros/humble/share/rosidl_generator_c/cmake)\n'}
[110.757438] (rtabmap_sync) StdoutLine: {'line': b'-- Found rosidl_adapter: 3.1.5 (/opt/ros/humble/share/rosidl_adapter/cmake)\n'}
[110.774816] (rtabmap_sync) StdoutLine: {'line': b'-- Found rosidl_generator_cpp: 3.1.5 (/opt/ros/humble/share/rosidl_generator_cpp/cmake)\n'}
[110.779243] (-) TimerEvent: {}
[110.800046] (rtabmap_sync) StdoutLine: {'line': b'-- Using all available rosidl_typesupport_c: rosidl_typesupport_fastrtps_c;rosidl_typesupport_introspection_c\n'}
[110.836734] (rtabmap_sync) StdoutLine: {'line': b'-- Using all available rosidl_typesupport_cpp: rosidl_typesupport_fastrtps_cpp;rosidl_typesupport_introspection_cpp\n'}
[110.879344] (-) TimerEvent: {}
[110.979982] (-) TimerEvent: {}
[111.057674] (rtabmap_sync) StdoutLine: {'line': b'-- Found image_transport: 3.1.7 (/opt/ros/humble/share/image_transport/cmake)\n'}
[111.080215] (-) TimerEvent: {}
[111.134738] (rtabmap_sync) StdoutLine: {'line': b'-- Found rmw_implementation_cmake: 6.1.1 (/opt/ros/humble/share/rmw_implementation_cmake/cmake)\n'}
[111.138972] (rtabmap_sync) StdoutLine: {'line': b'-- Found rmw_fastrtps_cpp: 6.2.4 (/opt/ros/humble/share/rmw_fastrtps_cpp/cmake)\n'}
[111.180452] (-) TimerEvent: {}
[111.281074] (-) TimerEvent: {}
[111.325721] (rtabmap_sync) StdoutLine: {'line': b'-- Found OpenSSL: /usr/lib/x86_64-linux-gnu/libcrypto.so (found version "1.1.1f")  \n'}
[111.381167] (rtabmap_sync) StdoutLine: {'line': b'-- Found FastRTPS: /opt/ros/humble/include  \n'}
[111.381503] (-) TimerEvent: {}
[111.481875] (-) TimerEvent: {}
[111.492673] (rtabmap_util) StdoutLine: {'line': b'-- Found Python3: /usr/bin/python3.8 (found version "3.8.10") found components: Interpreter \n'}
[111.511136] (rtabmap_sync) StdoutLine: {'line': b"-- Using RMW implementation 'rmw_fastrtps_cpp' as default\n"}
[111.541407] (rtabmap_sync) StdoutLine: {'line': b'-- Looking for pthread.h\n'}
[111.582005] (-) TimerEvent: {}
[111.595820] (rtabmap_util) StdoutLine: {'line': b'-- Override CMake install command with custom implementation using symlinks instead of copying resources\n'}
[111.644415] (rtabmap_sync) StdoutLine: {'line': b'-- Looking for pthread.h - found\n'}
[111.645101] (rtabmap_sync) StdoutLine: {'line': b'-- Performing Test CMAKE_HAVE_LIBC_PTHREAD\n'}
[111.671696] (rtabmap_util) StdoutLine: {'line': b'-- Found cv_bridge: 3.2.1 (/opt/ros/humble/share/cv_bridge/cmake)\n'}
[111.682274] (-) TimerEvent: {}
[111.748208] (rtabmap_sync) StdoutLine: {'line': b'-- Performing Test CMAKE_HAVE_LIBC_PTHREAD - Failed\n'}
[111.748656] (rtabmap_sync) StdoutLine: {'line': b'-- Looking for pthread_create in pthreads\n'}
[111.750917] (rtabmap_util) StdoutLine: {'line': b'-- Found rosidl_generator_c: 3.1.5 (/opt/ros/humble/share/rosidl_generator_c/cmake)\n'}
[111.763904] (rtabmap_util) StdoutLine: {'line': b'-- Found rosidl_adapter: 3.1.5 (/opt/ros/humble/share/rosidl_adapter/cmake)\n'}
[111.781922] (rtabmap_util) StdoutLine: {'line': b'-- Found rosidl_generator_cpp: 3.1.5 (/opt/ros/humble/share/rosidl_generator_cpp/cmake)\n'}
[111.782332] (-) TimerEvent: {}
[111.810895] (rtabmap_util) StdoutLine: {'line': b'-- Using all available rosidl_typesupport_c: rosidl_typesupport_fastrtps_c;rosidl_typesupport_introspection_c\n'}
[111.822927] (rtabmap_sync) StdoutLine: {'line': b'-- Looking for pthread_create in pthreads - not found\n'}
[111.823226] (rtabmap_sync) StdoutLine: {'line': b'-- Looking for pthread_create in pthread\n'}
[111.850225] (rtabmap_util) StdoutLine: {'line': b'-- Using all available rosidl_typesupport_cpp: rosidl_typesupport_fastrtps_cpp;rosidl_typesupport_introspection_cpp\n'}
[111.882502] (-) TimerEvent: {}
[111.922323] (rtabmap_sync) StdoutLine: {'line': b'-- Looking for pthread_create in pthread - found\n'}
[111.924147] (rtabmap_sync) StdoutLine: {'line': b'-- Found Threads: TRUE  \n'}
[111.982614] (-) TimerEvent: {}
[112.046496] (rtabmap_util) StdoutLine: {'line': b'-- Found image_transport: 3.1.7 (/opt/ros/humble/share/image_transport/cmake)\n'}
[112.082853] (-) TimerEvent: {}
[112.123006] (rtabmap_util) StdoutLine: {'line': b'-- Found rmw_implementation_cmake: 6.1.1 (/opt/ros/humble/share/rmw_implementation_cmake/cmake)\n'}
[112.127052] (rtabmap_util) StdoutLine: {'line': b'-- Found rmw_fastrtps_cpp: 6.2.4 (/opt/ros/humble/share/rmw_fastrtps_cpp/cmake)\n'}
[112.182998] (-) TimerEvent: {}
[112.192123] (rtabmap_sync) StdoutLine: {'line': b'-- Found nav_msgs: 4.2.3 (/opt/ros/humble/share/nav_msgs/cmake)\n'}
[112.268609] (rtabmap_sync) StdoutLine: {'line': b'-- Found rclcpp_components: 16.0.6 (/opt/ros/humble/share/rclcpp_components/cmake)\n'}
[112.283103] (-) TimerEvent: {}
[112.319068] (rtabmap_sync) StdoutLine: {'line': b'-- Found rtabmap_conversions: 0.22.1 (/workspaces/isaac_ros-dev/Development/ros2/install/rtabmap_conversions/share/rtabmap_conversions/cmake)\n'}
[112.331771] (rtabmap_util) StdoutLine: {'line': b'-- Found OpenSSL: /usr/lib/x86_64-linux-gnu/libcrypto.so (found version "1.1.1f")  \n'}
[112.383250] (-) TimerEvent: {}
[112.399039] (rtabmap_util) StdoutLine: {'line': b'-- Found FastRTPS: /opt/ros/humble/include  \n'}
[112.483411] (-) TimerEvent: {}
[112.496357] (rtabmap_sync) StdoutLine: {'line': b"-- Checking for module 'eigen3'\n"}
[112.530873] (rtabmap_util) StdoutLine: {'line': b"-- Using RMW implementation 'rmw_fastrtps_cpp' as default\n"}
[112.534929] (rtabmap_sync) StdoutLine: {'line': b'--   Found eigen3, version 3.3.7\n'}
[112.559940] (rtabmap_util) StdoutLine: {'line': b'-- Looking for pthread.h\n'}
[112.583567] (-) TimerEvent: {}
[112.631402] (rtabmap_sync) StdoutLine: {'line': b'-- Found Eigen: /usr/include/eigen3 (Required is at least version "3.1") \n'}
[112.631788] (rtabmap_sync) StdoutLine: {'line': b'-- Eigen found (include: /usr/include/eigen3, version: 3.3.7)\n'}
[112.664821] (rtabmap_util) StdoutLine: {'line': b'-- Looking for pthread.h - found\n'}
[112.665416] (rtabmap_util) StdoutLine: {'line': b'-- Performing Test CMAKE_HAVE_LIBC_PTHREAD\n'}
[112.683674] (-) TimerEvent: {}
[112.764992] (rtabmap_util) StdoutLine: {'line': b'-- Performing Test CMAKE_HAVE_LIBC_PTHREAD - Failed\n'}
[112.765381] (rtabmap_util) StdoutLine: {'line': b'-- Looking for pthread_create in pthreads\n'}
[112.766599] (rtabmap_sync) StdoutLine: {'line': b"-- Checking for module 'flann'\n"}
[112.783827] (-) TimerEvent: {}
[112.805540] (rtabmap_sync) StdoutLine: {'line': b'--   Found flann, version 1.9.1\n'}
[112.843838] (rtabmap_util) StdoutLine: {'line': b'-- Looking for pthread_create in pthreads - not found\n'}
[112.844222] (rtabmap_util) StdoutLine: {'line': b'-- Looking for pthread_create in pthread\n'}
[112.883990] (-) TimerEvent: {}
[112.915609] (rtabmap_sync) StdoutLine: {'line': b'-- Found FLANN: /usr/lib/x86_64-linux-gnu/libflann_cpp.so  \n'}
[112.947713] (rtabmap_util) StdoutLine: {'line': b'-- Looking for pthread_create in pthread - found\n'}
[112.949668] (rtabmap_util) StdoutLine: {'line': b'-- Found Threads: TRUE  \n'}
[112.965818] (rtabmap_sync) StdoutLine: {'line': b'-- The imported target "vtkParseOGLExt" references the file\n'}
[112.965940] (rtabmap_sync) StdoutLine: {'line': b'   "/usr/bin/vtkParseOGLExt-7.1"\n'}
[112.966011] (rtabmap_sync) StdoutLine: {'line': b'but this file does not exist.  Possible reasons include:\n'}
[112.966078] (rtabmap_sync) StdoutLine: {'line': b'* The file was deleted, renamed, or moved to another location.\n'}
[112.966151] (rtabmap_sync) StdoutLine: {'line': b'* An install or uninstall procedure did not complete successfully.\n'}
[112.966272] (rtabmap_sync) StdoutLine: {'line': b'* The installation package was faulty and contained\n'}
[112.966342] (rtabmap_sync) StdoutLine: {'line': b'   "/usr/lib/cmake/vtk-7.1/VTKTargets.cmake"\n'}
[112.966406] (rtabmap_sync) StdoutLine: {'line': b'but not all the files it references.\n'}
[112.966477] (rtabmap_sync) StdoutLine: {'line': b'\n'}
[112.966622] (rtabmap_sync) StdoutLine: {'line': b'-- The imported target "vtkRenderingPythonTkWidgets" references the file\n'}
[112.966690] (rtabmap_sync) StdoutLine: {'line': b'   "/usr/lib/x86_64-linux-gnu/libvtkRenderingPythonTkWidgets.so"\n'}
[112.966761] (rtabmap_sync) StdoutLine: {'line': b'but this file does not exist.  Possible reasons include:\n'}
[112.966827] (rtabmap_sync) StdoutLine: {'line': b'* The file was deleted, renamed, or moved to another location.\n'}
[112.966893] (rtabmap_sync) StdoutLine: {'line': b'* An install or uninstall procedure did not complete successfully.\n'}
[112.966961] (rtabmap_sync) StdoutLine: {'line': b'* The installation package was faulty and contained\n'}
[112.967027] (rtabmap_sync) StdoutLine: {'line': b'   "/usr/lib/cmake/vtk-7.1/VTKTargets.cmake"\n'}
[112.967096] (rtabmap_sync) StdoutLine: {'line': b'but not all the files it references.\n'}
[112.967165] (rtabmap_sync) StdoutLine: {'line': b'\n'}
[112.967231] (rtabmap_sync) StdoutLine: {'line': b'-- The imported target "vtk" references the file\n'}
[112.967296] (rtabmap_sync) StdoutLine: {'line': b'   "/usr/bin/vtk"\n'}
[112.967361] (rtabmap_sync) StdoutLine: {'line': b'but this file does not exist.  Possible reasons include:\n'}
[112.967429] (rtabmap_sync) StdoutLine: {'line': b'* The file was deleted, renamed, or moved to another location.\n'}
[112.967496] (rtabmap_sync) StdoutLine: {'line': b'* An install or uninstall procedure did not complete successfully.\n'}
[112.967562] (rtabmap_sync) StdoutLine: {'line': b'* The installation package was faulty and contained\n'}
[112.967629] (rtabmap_sync) StdoutLine: {'line': b'   "/usr/lib/cmake/vtk-7.1/VTKTargets.cmake"\n'}
[112.967692] (rtabmap_sync) StdoutLine: {'line': b'but not all the files it references.\n'}
[112.967758] (rtabmap_sync) StdoutLine: {'line': b'\n'}
[112.967822] (rtabmap_sync) StdoutLine: {'line': b'-- The imported target "pvtk" references the file\n'}
[112.967887] (rtabmap_sync) StdoutLine: {'line': b'   "/usr/bin/pvtk"\n'}
[112.967951] (rtabmap_sync) StdoutLine: {'line': b'but this file does not exist.  Possible reasons include:\n'}
[112.968038] (rtabmap_sync) StdoutLine: {'line': b'* The file was deleted, renamed, or moved to another location.\n'}
[112.968124] (rtabmap_sync) StdoutLine: {'line': b'* An install or uninstall procedure did not complete successfully.\n'}
[112.968187] (rtabmap_sync) StdoutLine: {'line': b'* The installation package was faulty and contained\n'}
[112.968251] (rtabmap_sync) StdoutLine: {'line': b'   "/usr/lib/cmake/vtk-7.1/VTKTargets.cmake"\n'}
[112.968317] (rtabmap_sync) StdoutLine: {'line': b'but not all the files it references.\n'}
[112.968380] (rtabmap_sync) StdoutLine: {'line': b'\n'}
[112.984073] (-) TimerEvent: {}
[112.988873] (rtabmap_sync) StdoutLine: {'line': b"-- Checking for module 'libusb-1.0'\n"}
[113.024271] (rtabmap_sync) StdoutLine: {'line': b'--   Found libusb-1.0, version 1.0.23\n'}
[113.084315] (-) TimerEvent: {}
[113.117001] (rtabmap_sync) StderrLine: {'line': b'\x1b[33mCMake Warning (dev) at /usr/share/cmake-3.22/Modules/FindPackageHandleStandardArgs.cmake:438 (message):\n'}
[113.117421] (rtabmap_sync) StderrLine: {'line': b'  The package name passed to `find_package_handle_standard_args` (USB_10)\n'}
[113.117507] (rtabmap_sync) StderrLine: {'line': b'  does not match the name of the calling package (OpenNI).  This can lead to\n'}
[113.117575] (rtabmap_sync) StderrLine: {'line': b'  problems in calling code that expects `find_package` result variables\n'}
[113.117641] (rtabmap_sync) StderrLine: {'line': b'  (e.g., `_FOUND`) to follow a certain pattern.\n'}
[113.117705] (rtabmap_sync) StderrLine: {'line': b'Call Stack (most recent call first):\n'}
[113.117820] (rtabmap_sync) StderrLine: {'line': b'  /usr/lib/x86_64-linux-gnu/cmake/pcl/Modules/FindOpenNI.cmake:28 (find_package_handle_standard_args)\n'}
[113.117889] (rtabmap_sync) StderrLine: {'line': b'  /usr/lib/x86_64-linux-gnu/cmake/pcl/PCLConfig.cmake:179 (find_package)\n'}
[113.117961] (rtabmap_sync) StderrLine: {'line': b'  /usr/lib/x86_64-linux-gnu/cmake/pcl/PCLConfig.cmake:322 (find_openni)\n'}
[113.118027] (rtabmap_sync) StderrLine: {'line': b'  /usr/lib/x86_64-linux-gnu/cmake/pcl/PCLConfig.cmake:548 (find_external_library)\n'}
[113.118101] (rtabmap_sync) StderrLine: {'line': b'  /workspace/cartographer_ws/install/pcl_conversions/share/pcl_conversions/cmake/ament_cmake_export_dependencies-extras.cmake:21 (find_package)\n'}
[113.118167] (rtabmap_sync) StderrLine: {'line': b'  /workspace/cartographer_ws/install/pcl_conversions/share/pcl_conversions/cmake/pcl_conversionsConfig.cmake:41 (include)\n'}
[113.118232] (rtabmap_sync) StderrLine: {'line': b'  /workspaces/isaac_ros-dev/Development/ros2/install/rtabmap_conversions/share/rtabmap_conversions/cmake/ament_cmake_export_dependencies-extras.cmake:21 (find_package)\n'}
[113.118300] (rtabmap_sync) StderrLine: {'line': b'  /workspaces/isaac_ros-dev/Development/ros2/install/rtabmap_conversions/share/rtabmap_conversions/cmake/rtabmap_conversionsConfig.cmake:41 (include)\n'}
[113.118364] (rtabmap_sync) StderrLine: {'line': b'  CMakeLists.txt:24 (find_package)\n'}
[113.118427] (rtabmap_sync) StderrLine: {'line': b'This warning is for project developers.  Use -Wno-dev to suppress it.\n'}
[113.118492] (rtabmap_sync) StderrLine: {'line': b'\x1b[0m\n'}
[113.118558] (rtabmap_sync) StdoutLine: {'line': b'-- Found USB_10: /usr/lib/x86_64-linux-gnu/libusb-1.0.so  \n'}
[113.184570] (-) TimerEvent: {}
[113.210868] (rtabmap_util) StdoutLine: {'line': b'-- Found rclcpp_components: 16.0.6 (/opt/ros/humble/share/rclcpp_components/cmake)\n'}
[113.254019] (rtabmap_sync) StdoutLine: {'line': b'-- OpenNI found (include: /usr/include/ni, lib: /usr/lib/libOpenNI.so)\n'}
[113.261004] (rtabmap_sync) StderrLine: {'line': b'\x1b[33mCMake Warning (dev) at /usr/share/cmake-3.22/Modules/FindPackageHandleStandardArgs.cmake:438 (message):\n'}
[113.261287] (rtabmap_sync) StderrLine: {'line': b'  The package name passed to `find_package_handle_standard_args` (USB_10)\n'}
[113.261384] (rtabmap_sync) StderrLine: {'line': b'  does not match the name of the calling package (OpenNI2).  This can lead to\n'}
[113.261489] (rtabmap_sync) StderrLine: {'line': b'  problems in calling code that expects `find_package` result variables\n'}
[113.261575] (rtabmap_sync) StderrLine: {'line': b'  (e.g., `_FOUND`) to follow a certain pattern.\n'}
[113.261654] (rtabmap_sync) StderrLine: {'line': b'Call Stack (most recent call first):\n'}
[113.261731] (rtabmap_sync) StderrLine: {'line': b'  /usr/lib/x86_64-linux-gnu/cmake/pcl/Modules/FindOpenNI2.cmake:28 (find_package_handle_standard_args)\n'}
[113.261812] (rtabmap_sync) StderrLine: {'line': b'  /usr/lib/x86_64-linux-gnu/cmake/pcl/PCLConfig.cmake:193 (find_package)\n'}
[113.261890] (rtabmap_sync) StderrLine: {'line': b'  /usr/lib/x86_64-linux-gnu/cmake/pcl/PCLConfig.cmake:324 (find_openni2)\n'}
[113.261967] (rtabmap_sync) StderrLine: {'line': b'  /usr/lib/x86_64-linux-gnu/cmake/pcl/PCLConfig.cmake:548 (find_external_library)\n'}
[113.262045] (rtabmap_sync) StderrLine: {'line': b'  /workspace/cartographer_ws/install/pcl_conversions/share/pcl_conversions/cmake/ament_cmake_export_dependencies-extras.cmake:21 (find_package)\n'}
[113.262133] (rtabmap_sync) StderrLine: {'line': b'  /workspace/cartographer_ws/install/pcl_conversions/share/pcl_conversions/cmake/pcl_conversionsConfig.cmake:41 (include)\n'}
[113.262210] (rtabmap_sync) StderrLine: {'line': b'  /workspaces/isaac_ros-dev/Development/ros2/install/rtabmap_conversions/share/rtabmap_conversions/cmake/ament_cmake_export_dependencies-extras.cmake:21 (find_package)\n'}
[113.262288] (rtabmap_sync) StderrLine: {'line': b'  /workspaces/isaac_ros-dev/Development/ros2/install/rtabmap_conversions/share/rtabmap_conversions/cmake/rtabmap_conversionsConfig.cmake:41 (include)\n'}
[113.262367] (rtabmap_sync) StderrLine: {'line': b'  CMakeLists.txt:24 (find_package)\n'}
[113.262444] (rtabmap_sync) StderrLine: {'line': b'This warning is for project developers.  Use -Wno-dev to suppress it.\n'}
[113.262520] (rtabmap_sync) StderrLine: {'line': b'\x1b[0m\n'}
[113.272025] (rtabmap_util) StdoutLine: {'line': b'-- Found stereo_msgs: 4.2.3 (/opt/ros/humble/share/stereo_msgs/cmake)\n'}
[113.284789] (-) TimerEvent: {}
[113.349725] (rtabmap_util) StdoutLine: {'line': b'-- Found nav_msgs: 4.2.3 (/opt/ros/humble/share/nav_msgs/cmake)\n'}
[113.384933] (-) TimerEvent: {}
[113.400385] (rtabmap_sync) StdoutLine: {'line': b'-- OpenNI2 found (include: /usr/include/openni2, lib: /usr/lib/libOpenNI2.so)\n'}
[113.417226] (rtabmap_sync) StderrLine: {'line': b'\x1b[33mCMake Warning (dev) at /usr/share/cmake-3.22/Modules/FindPackageHandleStandardArgs.cmake:438 (message):\n'}
[113.417502] (rtabmap_sync) StderrLine: {'line': b'  The package name passed to `find_package_handle_standard_args` (libusb-1.0)\n'}
[113.417600] (rtabmap_sync) StderrLine: {'line': b'  does not match the name of the calling package (PCL).  This can lead to\n'}
[113.417684] (rtabmap_sync) StderrLine: {'line': b'  problems in calling code that expects `find_package` result variables\n'}
[113.417763] (rtabmap_sync) StderrLine: {'line': b'  (e.g., `_FOUND`) to follow a certain pattern.\n'}
[113.417842] (rtabmap_sync) StderrLine: {'line': b'Call Stack (most recent call first):\n'}
[113.417921] (rtabmap_sync) StderrLine: {'line': b'  /usr/lib/x86_64-linux-gnu/cmake/pcl/PCLConfig.cmake:291 (find_package_handle_standard_args)\n'}
[113.417998] (rtabmap_sync) StderrLine: {'line': b'  /usr/lib/x86_64-linux-gnu/cmake/pcl/PCLConfig.cmake:338 (find_libusb)\n'}
[113.418074] (rtabmap_sync) StderrLine: {'line': b'  /usr/lib/x86_64-linux-gnu/cmake/pcl/PCLConfig.cmake:548 (find_external_library)\n'}
[113.418169] (rtabmap_sync) StderrLine: {'line': b'  /workspace/cartographer_ws/install/pcl_conversions/share/pcl_conversions/cmake/ament_cmake_export_dependencies-extras.cmake:21 (find_package)\n'}
[113.418268] (rtabmap_sync) StderrLine: {'line': b'  /workspace/cartographer_ws/install/pcl_conversions/share/pcl_conversions/cmake/pcl_conversionsConfig.cmake:41 (include)\n'}
[113.418347] (rtabmap_sync) StderrLine: {'line': b'  /workspaces/isaac_ros-dev/Development/ros2/install/rtabmap_conversions/share/rtabmap_conversions/cmake/ament_cmake_export_dependencies-extras.cmake:21 (find_package)\n'}
[113.418436] (rtabmap_sync) StderrLine: {'line': b'  /workspaces/isaac_ros-dev/Development/ros2/install/rtabmap_conversions/share/rtabmap_conversions/cmake/rtabmap_conversionsConfig.cmake:41 (include)\n'}
[113.418528] (rtabmap_sync) StderrLine: {'line': b'  CMakeLists.txt:24 (find_package)\n'}
[113.418604] (rtabmap_sync) StderrLine: {'line': b'This warning is for project developers.  Use -Wno-dev to suppress it.\n'}
[113.418682] (rtabmap_sync) StderrLine: {'line': b'\x1b[0m\n'}
[113.418759] (rtabmap_sync) StdoutLine: {'line': b'-- Found libusb-1.0: /usr/include  \n'}
[113.423048] (rtabmap_util) StdoutLine: {'line': b'-- Found tf2: 0.25.4 (/opt/ros/humble/share/tf2/cmake)\n'}
[113.427218] (rtabmap_sync) StderrLine: {'line': b'\x1b[33mCMake Warning (dev) at /usr/share/cmake-3.22/Modules/FindPackageHandleStandardArgs.cmake:438 (message):\n'}
[113.427383] (rtabmap_sync) StderrLine: {'line': b'  The package name passed to `find_package_handle_standard_args` (USB_10)\n'}
[113.427473] (rtabmap_sync) StderrLine: {'line': b'  does not match the name of the calling package (OpenNI).  This can lead to\n'}
[113.427552] (rtabmap_sync) StderrLine: {'line': b'  problems in calling code that expects `find_package` result variables\n'}
[113.427635] (rtabmap_sync) StderrLine: {'line': b'  (e.g., `_FOUND`) to follow a certain pattern.\n'}
[113.427715] (rtabmap_sync) StderrLine: {'line': b'Call Stack (most recent call first):\n'}
[113.427791] (rtabmap_sync) StderrLine: {'line': b'  /usr/lib/x86_64-linux-gnu/cmake/pcl/Modules/FindOpenNI.cmake:28 (find_package_handle_standard_args)\n'}
[113.427868] (rtabmap_sync) StderrLine: {'line': b'  /usr/lib/x86_64-linux-gnu/cmake/pcl/PCLConfig.cmake:179 (find_package)\n'}
[113.427944] (rtabmap_sync) StderrLine: {'line': b'  /usr/lib/x86_64-linux-gnu/cmake/pcl/PCLConfig.cmake:322 (find_openni)\n'}
[113.428021] (rtabmap_sync) StderrLine: {'line': b'  /usr/lib/x86_64-linux-gnu/cmake/pcl/PCLConfig.cmake:548 (find_external_library)\n'}
[113.428110] (rtabmap_sync) StderrLine: {'line': b'  /workspace/cartographer_ws/install/pcl_conversions/share/pcl_conversions/cmake/ament_cmake_export_dependencies-extras.cmake:21 (find_package)\n'}
[113.428192] (rtabmap_sync) StderrLine: {'line': b'  /workspace/cartographer_ws/install/pcl_conversions/share/pcl_conversions/cmake/pcl_conversionsConfig.cmake:41 (include)\n'}
[113.428267] (rtabmap_sync) StderrLine: {'line': b'  /workspaces/isaac_ros-dev/Development/ros2/install/rtabmap_conversions/share/rtabmap_conversions/cmake/ament_cmake_export_dependencies-extras.cmake:21 (find_package)\n'}
[113.428345] (rtabmap_sync) StderrLine: {'line': b'  /workspaces/isaac_ros-dev/Development/ros2/install/rtabmap_conversions/share/rtabmap_conversions/cmake/rtabmap_conversionsConfig.cmake:41 (include)\n'}
[113.428421] (rtabmap_sync) StderrLine: {'line': b'  CMakeLists.txt:24 (find_package)\n'}
[113.428496] (rtabmap_sync) StderrLine: {'line': b'This warning is for project developers.  Use -Wno-dev to suppress it.\n'}
[113.428571] (rtabmap_sync) StderrLine: {'line': b'\x1b[0m\n'}
[113.428996] (rtabmap_sync) StdoutLine: {'line': b'-- OpenNI found (include: /usr/include/ni, lib: /usr/lib/libOpenNI.so)\n'}
[113.432296] (rtabmap_util) StdoutLine: {'line': b'-- Found tf2_geometry_msgs: 0.25.4 (/opt/ros/humble/share/tf2_geometry_msgs/cmake)\n'}
[113.439242] (rtabmap_sync) StderrLine: {'line': b'\x1b[33mCMake Warning (dev) at /usr/share/cmake-3.22/Modules/FindPackageHandleStandardArgs.cmake:438 (message):\n'}
[113.439455] (rtabmap_sync) StderrLine: {'line': b'  The package name passed to `find_package_handle_standard_args` (USB_10)\n'}
[113.439554] (rtabmap_sync) StderrLine: {'line': b'  does not match the name of the calling package (OpenNI2).  This can lead to\n'}
[113.439635] (rtabmap_sync) StderrLine: {'line': b'  problems in calling code that expects `find_package` result variables\n'}
[113.439713] (rtabmap_sync) StderrLine: {'line': b'  (e.g., `_FOUND`) to follow a certain pattern.\n'}
[113.439789] (rtabmap_sync) StderrLine: {'line': b'Call Stack (most recent call first):\n'}
[113.439894] (rtabmap_sync) StderrLine: {'line': b'  /usr/lib/x86_64-linux-gnu/cmake/pcl/Modules/FindOpenNI2.cmake:28 (find_package_handle_standard_args)\n'}
[113.439971] (rtabmap_sync) StderrLine: {'line': b'  /usr/lib/x86_64-linux-gnu/cmake/pcl/PCLConfig.cmake:193 (find_package)\n'}
[113.440048] (rtabmap_sync) StderrLine: {'line': b'  /usr/lib/x86_64-linux-gnu/cmake/pcl/PCLConfig.cmake:324 (find_openni2)\n'}
[113.440140] (rtabmap_sync) StderrLine: {'line': b'  /usr/lib/x86_64-linux-gnu/cmake/pcl/PCLConfig.cmake:548 (find_external_library)\n'}
[113.440218] (rtabmap_sync) StderrLine: {'line': b'  /workspace/cartographer_ws/install/pcl_conversions/share/pcl_conversions/cmake/ament_cmake_export_dependencies-extras.cmake:21 (find_package)\n'}
[113.440298] (rtabmap_sync) StderrLine: {'line': b'  /workspace/cartographer_ws/install/pcl_conversions/share/pcl_conversions/cmake/pcl_conversionsConfig.cmake:41 (include)\n'}
[113.440377] (rtabmap_sync) StderrLine: {'line': b'  /workspaces/isaac_ros-dev/Development/ros2/install/rtabmap_conversions/share/rtabmap_conversions/cmake/ament_cmake_export_dependencies-extras.cmake:21 (find_package)\n'}
[113.440456] (rtabmap_sync) StderrLine: {'line': b'  /workspaces/isaac_ros-dev/Development/ros2/install/rtabmap_conversions/share/rtabmap_conversions/cmake/rtabmap_conversionsConfig.cmake:41 (include)\n'}
[113.440532] (rtabmap_sync) StderrLine: {'line': b'  CMakeLists.txt:24 (find_package)\n'}
[113.440610] (rtabmap_sync) StderrLine: {'line': b'This warning is for project developers.  Use -Wno-dev to suppress it.\n'}
[113.440689] (rtabmap_sync) StderrLine: {'line': b'\x1b[0m\n'}
[113.441119] (rtabmap_sync) StdoutLine: {'line': b'-- OpenNI2 found (include: /usr/include/openni2, lib: /usr/lib/libOpenNI2.so)\n'}
[113.448648] (rtabmap_util) StdoutLine: {'line': b'-- Found eigen3_cmake_module: 0.1.1 (/opt/ros/humble/share/eigen3_cmake_module/cmake)\n'}
[113.449937] (rtabmap_util) StdoutLine: {'line': b'-- Found Eigen3: TRUE (found version "3.3.7") \n'}
[113.450112] (rtabmap_util) StdoutLine: {'line': b'-- Ensuring Eigen3 include directory is part of orocos-kdl CMake target\n'}
[113.482344] (rtabmap_sync) StdoutLine: {'line': b'-- Found Qhull: optimized;/usr/lib/x86_64-linux-gnu/libqhull.so;debug;/usr/lib/x86_64-linux-gnu/libqhull.so  \n'}
[113.482702] (rtabmap_sync) StdoutLine: {'line': b'-- QHULL found (include: /usr/include, lib: optimized;/usr/lib/x86_64-linux-gnu/libqhull.so;debug;/usr/lib/x86_64-linux-gnu/libqhull.so)\n'}
[113.485116] (-) TimerEvent: {}
[113.492760] (rtabmap_sync) StderrLine: {'line': b'\x1b[33mCMake Warning (dev) at /usr/share/cmake-3.22/Modules/FindPackageHandleStandardArgs.cmake:438 (message):\n'}
[113.493075] (rtabmap_sync) StderrLine: {'line': b'  The package name passed to `find_package_handle_standard_args` (USB_10)\n'}
[113.493216] (rtabmap_sync) StderrLine: {'line': b'  does not match the name of the calling package (OpenNI).  This can lead to\n'}
[113.493298] (rtabmap_sync) StderrLine: {'line': b'  problems in calling code that expects `find_package` result variables\n'}
[113.493376] (rtabmap_sync) StderrLine: {'line': b'  (e.g., `_FOUND`) to follow a certain pattern.\n'}
[113.493453] (rtabmap_sync) StderrLine: {'line': b'Call Stack (most recent call first):\n'}
[113.493527] (rtabmap_sync) StderrLine: {'line': b'  /usr/lib/x86_64-linux-gnu/cmake/pcl/Modules/FindOpenNI.cmake:28 (find_package_handle_standard_args)\n'}
[113.493602] (rtabmap_sync) StderrLine: {'line': b'  /usr/lib/x86_64-linux-gnu/cmake/pcl/PCLConfig.cmake:179 (find_package)\n'}
[113.493676] (rtabmap_sync) StderrLine: {'line': b'  /usr/lib/x86_64-linux-gnu/cmake/pcl/PCLConfig.cmake:322 (find_openni)\n'}
[113.493751] (rtabmap_sync) StderrLine: {'line': b'  /usr/lib/x86_64-linux-gnu/cmake/pcl/PCLConfig.cmake:548 (find_external_library)\n'}
[113.493825] (rtabmap_sync) StderrLine: {'line': b'  /workspace/cartographer_ws/install/pcl_conversions/share/pcl_conversions/cmake/ament_cmake_export_dependencies-extras.cmake:21 (find_package)\n'}
[113.493908] (rtabmap_sync) StderrLine: {'line': b'  /workspace/cartographer_ws/install/pcl_conversions/share/pcl_conversions/cmake/pcl_conversionsConfig.cmake:41 (include)\n'}
[113.493983] (rtabmap_sync) StderrLine: {'line': b'  /workspaces/isaac_ros-dev/Development/ros2/install/rtabmap_conversions/share/rtabmap_conversions/cmake/ament_cmake_export_dependencies-extras.cmake:21 (find_package)\n'}
[113.494064] (rtabmap_sync) StderrLine: {'line': b'  /workspaces/isaac_ros-dev/Development/ros2/install/rtabmap_conversions/share/rtabmap_conversions/cmake/rtabmap_conversionsConfig.cmake:41 (include)\n'}
[113.494151] (rtabmap_sync) StderrLine: {'line': b'  CMakeLists.txt:24 (find_package)\n'}
[113.494226] (rtabmap_sync) StderrLine: {'line': b'This warning is for project developers.  Use -Wno-dev to suppress it.\n'}
[113.494300] (rtabmap_sync) StderrLine: {'line': b'\x1b[0m\n'}
[113.494699] (rtabmap_sync) StdoutLine: {'line': b'-- OpenNI found (include: /usr/include/ni, lib: /usr/lib/libOpenNI.so)\n'}
[113.510519] (rtabmap_sync) StderrLine: {'line': b'\x1b[33mCMake Warning (dev) at /usr/share/cmake-3.22/Modules/FindPackageHandleStandardArgs.cmake:438 (message):\n'}
[113.510850] (rtabmap_sync) StderrLine: {'line': b'  The package name passed to `find_package_handle_standard_args` (PCL_COMMON)\n'}
[113.510941] (rtabmap_sync) StderrLine: {'line': b'  does not match the name of the calling package (PCL).  This can lead to\n'}
[113.511020] (rtabmap_sync) StderrLine: {'line': b'  problems in calling code that expects `find_package` result variables\n'}
[113.511106] (rtabmap_sync) StderrLine: {'line': b'  (e.g., `_FOUND`) to follow a certain pattern.\n'}
[113.511187] (rtabmap_sync) StderrLine: {'line': b'Call Stack (most recent call first):\n'}
[113.511264] (rtabmap_sync) StderrLine: {'line': b'  /usr/lib/x86_64-linux-gnu/cmake/pcl/PCLConfig.cmake:616 (find_package_handle_standard_args)\n'}
[113.511341] (rtabmap_sync) StderrLine: {'line': b'  /workspace/cartographer_ws/install/pcl_conversions/share/pcl_conversions/cmake/ament_cmake_export_dependencies-extras.cmake:21 (find_package)\n'}
[113.511417] (rtabmap_sync) StderrLine: {'line': b'  /workspace/cartographer_ws/install/pcl_conversions/share/pcl_conversions/cmake/pcl_conversionsConfig.cmake:41 (include)\n'}
[113.511490] (rtabmap_sync) StderrLine: {'line': b'  /workspaces/isaac_ros-dev/Development/ros2/install/rtabmap_conversions/share/rtabmap_conversions/cmake/ament_cmake_export_dependencies-extras.cmake:21 (find_package)\n'}
[113.511567] (rtabmap_sync) StderrLine: {'line': b'  /workspaces/isaac_ros-dev/Development/ros2/install/rtabmap_conversions/share/rtabmap_conversions/cmake/rtabmap_conversionsConfig.cmake:41 (include)\n'}
[113.511640] (rtabmap_sync) StderrLine: {'line': b'  CMakeLists.txt:24 (find_package)\n'}
[113.511714] (rtabmap_sync) StderrLine: {'line': b'This warning is for project developers.  Use -Wno-dev to suppress it.\n'}
[113.511787] (rtabmap_sync) StderrLine: {'line': b'\x1b[0m\n'}
[113.511860] (rtabmap_sync) StdoutLine: {'line': b'-- Found PCL_COMMON: /usr/lib/x86_64-linux-gnu/libpcl_common.so  \n'}
[113.512217] (rtabmap_sync) StderrLine: {'line': b'\x1b[33mCMake Warning (dev) at /usr/share/cmake-3.22/Modules/FindPackageHandleStandardArgs.cmake:438 (message):\n'}
[113.512330] (rtabmap_sync) StderrLine: {'line': b'  The package name passed to `find_package_handle_standard_args` (PCL_KDTREE)\n'}
[113.512414] (rtabmap_sync) StderrLine: {'line': b'  does not match the name of the calling package (PCL).  This can lead to\n'}
[113.512490] (rtabmap_sync) StderrLine: {'line': b'  problems in calling code that expects `find_package` result variables\n'}
[113.512567] (rtabmap_sync) StderrLine: {'line': b'  (e.g., `_FOUND`) to follow a certain pattern.\n'}
[113.512642] (rtabmap_sync) StderrLine: {'line': b'Call Stack (most recent call first):\n'}
[113.512716] (rtabmap_sync) StderrLine: {'line': b'  /usr/lib/x86_64-linux-gnu/cmake/pcl/PCLConfig.cmake:616 (find_package_handle_standard_args)\n'}
[113.512792] (rtabmap_sync) StderrLine: {'line': b'  /workspace/cartographer_ws/install/pcl_conversions/share/pcl_conversions/cmake/ament_cmake_export_dependencies-extras.cmake:21 (find_package)\n'}
[113.512894] (rtabmap_sync) StderrLine: {'line': b'  /workspace/cartographer_ws/install/pcl_conversions/share/pcl_conversions/cmake/pcl_conversionsConfig.cmake:41 (include)\n'}
[113.512969] (rtabmap_sync) StderrLine: {'line': b'  /workspaces/isaac_ros-dev/Development/ros2/install/rtabmap_conversions/share/rtabmap_conversions/cmake/ament_cmake_export_dependencies-extras.cmake:21 (find_package)\n'}
[113.513046] (rtabmap_sync) StderrLine: {'line': b'  /workspaces/isaac_ros-dev/Development/ros2/install/rtabmap_conversions/share/rtabmap_conversions/cmake/rtabmap_conversionsConfig.cmake:41 (include)\n'}
[113.513424] (rtabmap_sync) StderrLine: {'line': b'  CMakeLists.txt:24 (find_package)\n'}
[113.513550] (rtabmap_sync) StderrLine: {'line': b'This warning is for project developers.  Use -Wno-dev to suppress it.\n'}
[113.513851] (rtabmap_sync) StderrLine: {'line': b'\x1b[0m\n'}
[113.513991] (rtabmap_sync) StdoutLine: {'line': b'-- Found PCL_KDTREE: /usr/lib/x86_64-linux-gnu/libpcl_kdtree.so  \n'}
[113.514102] (rtabmap_sync) StderrLine: {'line': b'\x1b[33mCMake Warning (dev) at /usr/share/cmake-3.22/Modules/FindPackageHandleStandardArgs.cmake:438 (message):\n'}
[113.514191] (rtabmap_sync) StderrLine: {'line': b'  The package name passed to `find_package_handle_standard_args` (PCL_OCTREE)\n'}
[113.514284] (rtabmap_sync) StderrLine: {'line': b'  does not match the name of the calling package (PCL).  This can lead to\n'}
[113.514361] (rtabmap_sync) StderrLine: {'line': b'  problems in calling code that expects `find_package` result variables\n'}
[113.514436] (rtabmap_sync) StderrLine: {'line': b'  (e.g., `_FOUND`) to follow a certain pattern.\n'}
[113.514762] (rtabmap_sync) StderrLine: {'line': b'Call Stack (most recent call first):\n'}
[113.514885] (rtabmap_sync) StderrLine: {'line': b'  /usr/lib/x86_64-linux-gnu/cmake/pcl/PCLConfig.cmake:616 (find_package_handle_standard_args)\n'}
[113.515028] (rtabmap_sync) StderrLine: {'line': b'  /workspace/cartographer_ws/install/pcl_conversions/share/pcl_conversions/cmake/ament_cmake_export_dependencies-extras.cmake:21 (find_package)\n'}
[113.515123] (rtabmap_sync) StderrLine: {'line': b'  /workspace/cartographer_ws/install/pcl_conversions/share/pcl_conversions/cmake/pcl_conversionsConfig.cmake:41 (include)\n'}
[113.515206] (rtabmap_sync) StderrLine: {'line': b'  /workspaces/isaac_ros-dev/Development/ros2/install/rtabmap_conversions/share/rtabmap_conversions/cmake/ament_cmake_export_dependencies-extras.cmake:21 (find_package)\n'}
[113.515282] (rtabmap_sync) StderrLine: {'line': b'  /workspaces/isaac_ros-dev/Development/ros2/install/rtabmap_conversions/share/rtabmap_conversions/cmake/rtabmap_conversionsConfig.cmake:41 (include)\n'}
[113.515358] (rtabmap_sync) StderrLine: {'line': b'  CMakeLists.txt:24 (find_package)\n'}
[113.515437] (rtabmap_sync) StderrLine: {'line': b'This warning is for project developers.  Use -Wno-dev to suppress it.\n'}
[113.515513] (rtabmap_sync) StderrLine: {'line': b'\x1b[0m\n'}
[113.515589] (rtabmap_sync) StdoutLine: {'line': b'-- Found PCL_OCTREE: /usr/lib/x86_64-linux-gnu/libpcl_octree.so  \n'}
[113.515678] (rtabmap_sync) StderrLine: {'line': b'\x1b[33mCMake Warning (dev) at /usr/share/cmake-3.22/Modules/FindPackageHandleStandardArgs.cmake:438 (message):\n'}
[113.515771] (rtabmap_sync) StderrLine: {'line': b'  The package name passed to `find_package_handle_standard_args` (PCL_SEARCH)\n'}
[113.515845] (rtabmap_sync) StderrLine: {'line': b'  does not match the name of the calling package (PCL).  This can lead to\n'}
[113.515922] (rtabmap_sync) StderrLine: {'line': b'  problems in calling code that expects `find_package` result variables\n'}
[113.516008] (rtabmap_sync) StderrLine: {'line': b'  (e.g., `_FOUND`) to follow a certain pattern.\n'}
[113.516094] (rtabmap_sync) StderrLine: {'line': b'Call Stack (most recent call first):\n'}
[113.516575] (rtabmap_sync) StderrLine: {'line': b'  /usr/lib/x86_64-linux-gnu/cmake/pcl/PCLConfig.cmake:616 (find_package_handle_standard_args)\n'}
[113.516691] (rtabmap_sync) StderrLine: {'line': b'  /workspace/cartographer_ws/install/pcl_conversions/share/pcl_conversions/cmake/ament_cmake_export_dependencies-extras.cmake:21 (find_package)\n'}
[113.516775] (rtabmap_sync) StderrLine: {'line': b'  /workspace/cartographer_ws/install/pcl_conversions/share/pcl_conversions/cmake/pcl_conversionsConfig.cmake:41 (include)\n'}
[113.516854] (rtabmap_sync) StderrLine: {'line': b'  /workspaces/isaac_ros-dev/Development/ros2/install/rtabmap_conversions/share/rtabmap_conversions/cmake/ament_cmake_export_dependencies-extras.cmake:21 (find_package)\n'}
[113.516931] (rtabmap_sync) StderrLine: {'line': b'  /workspaces/isaac_ros-dev/Development/ros2/install/rtabmap_conversions/share/rtabmap_conversions/cmake/rtabmap_conversionsConfig.cmake:41 (include)\n'}
[113.517006] (rtabmap_sync) StderrLine: {'line': b'  CMakeLists.txt:24 (find_package)\n'}
[113.517079] (rtabmap_sync) StderrLine: {'line': b'This warning is for project developers.  Use -Wno-dev to suppress it.\n'}
[113.517165] (rtabmap_sync) StderrLine: {'line': b'\x1b[0m\n'}
[113.517243] (rtabmap_sync) StdoutLine: {'line': b'-- Found PCL_SEARCH: /usr/lib/x86_64-linux-gnu/libpcl_search.so  \n'}
[113.517326] (rtabmap_sync) StderrLine: {'line': b'\x1b[33mCMake Warning (dev) at /usr/share/cmake-3.22/Modules/FindPackageHandleStandardArgs.cmake:438 (message):\n'}
[113.517417] (rtabmap_sync) StderrLine: {'line': b'  The package name passed to `find_package_handle_standard_args`\n'}
[113.517724] (rtabmap_sync) StderrLine: {'line': b'  (PCL_SAMPLE_CONSENSUS) does not match the name of the calling package\n'}
[113.517840] (rtabmap_sync) StderrLine: {'line': b'  (PCL).  This can lead to problems in calling code that expects\n'}
[113.517929] (rtabmap_sync) StderrLine: {'line': b'  `find_package` result variables (e.g., `_FOUND`) to follow a certain\n'}
[113.518110] (rtabmap_sync) StderrLine: {'line': b'  pattern.\n'}
[113.518314] (rtabmap_sync) StderrLine: {'line': b'Call Stack (most recent call first):\n'}
[113.518423] (rtabmap_sync) StderrLine: {'line': b'  /usr/lib/x86_64-linux-gnu/cmake/pcl/PCLConfig.cmake:616 (find_package_handle_standard_args)\n'}
[113.518508] (rtabmap_sync) StderrLine: {'line': b'  /workspace/cartographer_ws/install/pcl_conversions/share/pcl_conversions/cmake/ament_cmake_export_dependencies-extras.cmake:21 (find_package)\n'}
[113.518959] (rtabmap_sync) StderrLine: {'line': b'  /workspace/cartographer_ws/install/pcl_conversions/share/pcl_conversions/cmake/pcl_conversionsConfig.cmake:41 (include)\n'}
[113.519079] (rtabmap_sync) StderrLine: {'line': b'  /workspaces/isaac_ros-dev/Development/ros2/install/rtabmap_conversions/share/rtabmap_conversions/cmake/ament_cmake_export_dependencies-extras.cmake:21 (find_package)\n'}
[113.519186] (rtabmap_sync) StderrLine: {'line': b'  /workspaces/isaac_ros-dev/Development/ros2/install/rtabmap_conversions/share/rtabmap_conversions/cmake/rtabmap_conversionsConfig.cmake:41 (include)\n'}
[113.519289] (rtabmap_sync) StderrLine: {'line': b'  CMakeLists.txt:24 (find_package)\n'}
[113.519373] (rtabmap_sync) StderrLine: {'line': b'This warning is for project developers.  Use -Wno-dev to suppress it.\n'}
[113.519451] (rtabmap_sync) StderrLine: {'line': b'\x1b[0m\n'}
[113.519533] (rtabmap_sync) StdoutLine: {'line': b'-- Found PCL_SAMPLE_CONSENSUS: /usr/lib/x86_64-linux-gnu/libpcl_sample_consensus.so  \n'}
[113.519626] (rtabmap_sync) StderrLine: {'line': b'\x1b[33mCMake Warning (dev) at /usr/share/cmake-3.22/Modules/FindPackageHandleStandardArgs.cmake:438 (message):\n'}
[113.519709] (rtabmap_sync) StderrLine: {'line': b'  The package name passed to `find_package_handle_standard_args`\n'}
[113.519790] (rtabmap_sync) StderrLine: {'line': b'  (PCL_FILTERS) does not match the name of the calling package (PCL).  This\n'}
[113.519873] (rtabmap_sync) StderrLine: {'line': b'  can lead to problems in calling code that expects `find_package` result\n'}
[113.519953] (rtabmap_sync) StderrLine: {'line': b'  variables (e.g., `_FOUND`) to follow a certain pattern.\n'}
[113.520111] (rtabmap_sync) StderrLine: {'line': b'Call Stack (most recent call first):\n'}
[113.520206] (rtabmap_sync) StderrLine: {'line': b'  /usr/lib/x86_64-linux-gnu/cmake/pcl/PCLConfig.cmake:616 (find_package_handle_standard_args)\n'}
[113.520294] (rtabmap_sync) StderrLine: {'line': b'  /workspace/cartographer_ws/install/pcl_conversions/share/pcl_conversions/cmake/ament_cmake_export_dependencies-extras.cmake:21 (find_package)\n'}
[113.520377] (rtabmap_sync) StderrLine: {'line': b'  /workspace/cartographer_ws/install/pcl_conversions/share/pcl_conversions/cmake/pcl_conversionsConfig.cmake:41 (include)\n'}
[113.520462] (rtabmap_sync) StderrLine: {'line': b'  /workspaces/isaac_ros-dev/Development/ros2/install/rtabmap_conversions/share/rtabmap_conversions/cmake/ament_cmake_export_dependencies-extras.cmake:21 (find_package)\n'}
[113.520546] (rtabmap_sync) StderrLine: {'line': b'  /workspaces/isaac_ros-dev/Development/ros2/install/rtabmap_conversions/share/rtabmap_conversions/cmake/rtabmap_conversionsConfig.cmake:41 (include)\n'}
[113.520627] (rtabmap_sync) StderrLine: {'line': b'  CMakeLists.txt:24 (find_package)\n'}
[113.520708] (rtabmap_sync) StderrLine: {'line': b'This warning is for project developers.  Use -Wno-dev to suppress it.\n'}
[113.520791] (rtabmap_sync) StderrLine: {'line': b'\x1b[0m\n'}
[113.520872] (rtabmap_sync) StdoutLine: {'line': b'-- Found PCL_FILTERS: /usr/lib/x86_64-linux-gnu/libpcl_filters.so  \n'}
[113.521021] (rtabmap_sync) StderrLine: {'line': b'\x1b[33mCMake Warning (dev) at /usr/share/cmake-3.22/Modules/FindPackageHandleStandardArgs.cmake:438 (message):\n'}
[113.521109] (rtabmap_sync) StderrLine: {'line': b'  The package name passed to `find_package_handle_standard_args` (PCL_2D)\n'}
[113.521191] (rtabmap_sync) StderrLine: {'line': b'  does not match the name of the calling package (PCL).  This can lead to\n'}
[113.521268] (rtabmap_sync) StderrLine: {'line': b'  problems in calling code that expects `find_package` result variables\n'}
[113.521346] (rtabmap_sync) StderrLine: {'line': b'  (e.g., `_FOUND`) to follow a certain pattern.\n'}
[113.521426] (rtabmap_sync) StderrLine: {'line': b'Call Stack (most recent call first):\n'}
[113.521508] (rtabmap_sync) StderrLine: {'line': b'  /usr/lib/x86_64-linux-gnu/cmake/pcl/PCLConfig.cmake:619 (find_package_handle_standard_args)\n'}
[113.521659] (rtabmap_sync) StderrLine: {'line': b'  /workspace/cartographer_ws/install/pcl_conversions/share/pcl_conversions/cmake/ament_cmake_export_dependencies-extras.cmake:21 (find_package)\n'}
[113.521746] (rtabmap_sync) StderrLine: {'line': b'  /workspace/cartographer_ws/install/pcl_conversions/share/pcl_conversions/cmake/pcl_conversionsConfig.cmake:41 (include)\n'}
[113.521824] (rtabmap_sync) StderrLine: {'line': b'  /workspaces/isaac_ros-dev/Development/ros2/install/rtabmap_conversions/share/rtabmap_conversions/cmake/ament_cmake_export_dependencies-extras.cmake:21 (find_package)\n'}
[113.521898] (rtabmap_sync) StderrLine: {'line': b'  /workspaces/isaac_ros-dev/Development/ros2/install/rtabmap_conversions/share/rtabmap_conversions/cmake/rtabmap_conversionsConfig.cmake:41 (include)\n'}
[113.521976] (rtabmap_sync) StderrLine: {'line': b'  CMakeLists.txt:24 (find_package)\n'}
[113.522053] (rtabmap_sync) StderrLine: {'line': b'This warning is for project developers.  Use -Wno-dev to suppress it.\n'}
[113.522134] (rtabmap_sync) StderrLine: {'line': b'\x1b[0m\n'}
[113.522211] (rtabmap_sync) StdoutLine: {'line': b'-- Found PCL_2D: /usr/include/pcl-1.10  \n'}
[113.522294] (rtabmap_sync) StderrLine: {'line': b'\x1b[33mCMake Warning (dev) at /usr/share/cmake-3.22/Modules/FindPackageHandleStandardArgs.cmake:438 (message):\n'}
[113.522370] (rtabmap_sync) StderrLine: {'line': b'  The package name passed to `find_package_handle_standard_args`\n'}
[113.522448] (rtabmap_sync) StderrLine: {'line': b'  (PCL_GEOMETRY) does not match the name of the calling package (PCL).  This\n'}
[113.522527] (rtabmap_sync) StderrLine: {'line': b'  can lead to problems in calling code that expects `find_package` result\n'}
[113.522604] (rtabmap_sync) StderrLine: {'line': b'  variables (e.g., `_FOUND`) to follow a certain pattern.\n'}
[113.522687] (rtabmap_sync) StderrLine: {'line': b'Call Stack (most recent call first):\n'}
[113.522766] (rtabmap_sync) StderrLine: {'line': b'  /usr/lib/x86_64-linux-gnu/cmake/pcl/PCLConfig.cmake:619 (find_package_handle_standard_args)\n'}
[113.522844] (rtabmap_sync) StderrLine: {'line': b'  /workspace/cartographer_ws/install/pcl_conversions/share/pcl_conversions/cmake/ament_cmake_export_dependencies-extras.cmake:21 (find_package)\n'}
[113.522920] (rtabmap_sync) StderrLine: {'line': b'  /workspace/cartographer_ws/install/pcl_conversions/share/pcl_conversions/cmake/pcl_conversionsConfig.cmake:41 (include)\n'}
[113.522998] (rtabmap_sync) StderrLine: {'line': b'  /workspaces/isaac_ros-dev/Development/ros2/install/rtabmap_conversions/share/rtabmap_conversions/cmake/ament_cmake_export_dependencies-extras.cmake:21 (find_package)\n'}
[113.523088] (rtabmap_sync) StderrLine: {'line': b'  /workspaces/isaac_ros-dev/Development/ros2/install/rtabmap_conversions/share/rtabmap_conversions/cmake/rtabmap_conversionsConfig.cmake:41 (include)\n'}
[113.523287] (rtabmap_sync) StderrLine: {'line': b'  CMakeLists.txt:24 (find_package)\n'}
[113.523419] (rtabmap_sync) StderrLine: {'line': b'This warning is for project developers.  Use -Wno-dev to suppress it.\n'}
[113.523498] (rtabmap_sync) StderrLine: {'line': b'\x1b[0m\n'}
[113.523573] (rtabmap_sync) StdoutLine: {'line': b'-- Found PCL_GEOMETRY: /usr/include/pcl-1.10  \n'}
[113.523657] (rtabmap_sync) StderrLine: {'line': b'\x1b[33mCMake Warning (dev) at /usr/share/cmake-3.22/Modules/FindPackageHandleStandardArgs.cmake:438 (message):\n'}
[113.523745] (rtabmap_sync) StderrLine: {'line': b'  The package name passed to `find_package_handle_standard_args` (PCL_IO)\n'}
[113.523824] (rtabmap_sync) StderrLine: {'line': b'  does not match the name of the calling package (PCL).  This can lead to\n'}
[113.523909] (rtabmap_sync) StderrLine: {'line': b'  problems in calling code that expects `find_package` result variables\n'}
[113.523989] (rtabmap_sync) StderrLine: {'line': b'  (e.g., `_FOUND`) to follow a certain pattern.\n'}
[113.524065] (rtabmap_sync) StderrLine: {'line': b'Call Stack (most recent call first):\n'}
[113.524150] (rtabmap_sync) StderrLine: {'line': b'  /usr/lib/x86_64-linux-gnu/cmake/pcl/PCLConfig.cmake:616 (find_package_handle_standard_args)\n'}
[113.524231] (rtabmap_sync) StderrLine: {'line': b'  /workspace/cartographer_ws/install/pcl_conversions/share/pcl_conversions/cmake/ament_cmake_export_dependencies-extras.cmake:21 (find_package)\n'}
[113.524311] (rtabmap_sync) StderrLine: {'line': b'  /workspace/cartographer_ws/install/pcl_conversions/share/pcl_conversions/cmake/pcl_conversionsConfig.cmake:41 (include)\n'}
[113.524396] (rtabmap_sync) StderrLine: {'line': b'  /workspaces/isaac_ros-dev/Development/ros2/install/rtabmap_conversions/share/rtabmap_conversions/cmake/ament_cmake_export_dependencies-extras.cmake:21 (find_package)\n'}
[113.524472] (rtabmap_sync) StderrLine: {'line': b'  /workspaces/isaac_ros-dev/Development/ros2/install/rtabmap_conversions/share/rtabmap_conversions/cmake/rtabmap_conversionsConfig.cmake:41 (include)\n'}
[113.524552] (rtabmap_sync) StderrLine: {'line': b'  CMakeLists.txt:24 (find_package)\n'}
[113.524746] (rtabmap_sync) StderrLine: {'line': b'This warning is for project developers.  Use -Wno-dev to suppress it.\n'}
[113.524885] (rtabmap_sync) StderrLine: {'line': b'\x1b[0m\n'}
[113.524964] (rtabmap_sync) StdoutLine: {'line': b'-- Found PCL_IO: /usr/lib/x86_64-linux-gnu/libpcl_io.so  \n'}
[113.525049] (rtabmap_sync) StdoutLine: {'line': b'-- Found PCL_FEATURES: /usr/lib/x86_64-linux-gnu/libpcl_features.so  \n'}
[113.525148] (rtabmap_sync) StderrLine: {'line': b'\x1b[33mCMake Warning (dev) at /usr/share/cmake-3.22/Modules/FindPackageHandleStandardArgs.cmake:438 (message):\n'}
[113.525233] (rtabmap_sync) StderrLine: {'line': b'  The package name passed to `find_package_handle_standard_args`\n'}
[113.525314] (rtabmap_sync) StderrLine: {'line': b'  (PCL_FEATURES) does not match the name of the calling package (PCL).  This\n'}
[113.525397] (rtabmap_sync) StderrLine: {'line': b'  can lead to problems in calling code that expects `find_package` result\n'}
[113.525474] (rtabmap_sync) StderrLine: {'line': b'  variables (e.g., `_FOUND`) to follow a certain pattern.\n'}
[113.525549] (rtabmap_sync) StderrLine: {'line': b'Call Stack (most recent call first):\n'}
[113.525625] (rtabmap_sync) StderrLine: {'line': b'  /usr/lib/x86_64-linux-gnu/cmake/pcl/PCLConfig.cmake:616 (find_package_handle_standard_args)\n'}
[113.525699] (rtabmap_sync) StderrLine: {'line': b'  /workspace/cartographer_ws/install/pcl_conversions/share/pcl_conversions/cmake/ament_cmake_export_dependencies-extras.cmake:21 (find_package)\n'}
[113.525776] (rtabmap_sync) StderrLine: {'line': b'  /workspace/cartographer_ws/install/pcl_conversions/share/pcl_conversions/cmake/pcl_conversionsConfig.cmake:41 (include)\n'}
[113.525853] (rtabmap_sync) StderrLine: {'line': b'  /workspaces/isaac_ros-dev/Development/ros2/install/rtabmap_conversions/share/rtabmap_conversions/cmake/ament_cmake_export_dependencies-extras.cmake:21 (find_package)\n'}
[113.525928] (rtabmap_sync) StderrLine: {'line': b'  /workspaces/isaac_ros-dev/Development/ros2/install/rtabmap_conversions/share/rtabmap_conversions/cmake/rtabmap_conversionsConfig.cmake:41 (include)\n'}
[113.526008] (rtabmap_sync) StderrLine: {'line': b'  CMakeLists.txt:24 (find_package)\n'}
[113.526645] (rtabmap_sync) StderrLine: {'line': b'This warning is for project developers.  Use -Wno-dev to suppress it.\n'}
[113.526769] (rtabmap_sync) StderrLine: {'line': b'\x1b[0m\n'}
[113.526859] (rtabmap_sync) StderrLine: {'line': b'\x1b[33mCMake Warning (dev) at /usr/share/cmake-3.22/Modules/FindPackageHandleStandardArgs.cmake:438 (message):\n'}
[113.526940] (rtabmap_sync) StderrLine: {'line': b'  The package name passed to `find_package_handle_standard_args` (PCL_ML)\n'}
[113.527022] (rtabmap_sync) StderrLine: {'line': b'  does not match the name of the calling package (PCL).  This can lead to\n'}
[113.527115] (rtabmap_sync) StderrLine: {'line': b'  problems in calling code that expects `find_package` result variables\n'}
[113.527197] (rtabmap_sync) StderrLine: {'line': b'  (e.g., `_FOUND`) to follow a certain pattern.\n'}
[113.527276] (rtabmap_sync) StderrLine: {'line': b'Call Stack (most recent call first):\n'}
[113.527357] (rtabmap_sync) StderrLine: {'line': b'  /usr/lib/x86_64-linux-gnu/cmake/pcl/PCLConfig.cmake:616 (find_package_handle_standard_args)\n'}
[113.527436] (rtabmap_sync) StderrLine: {'line': b'  /workspace/cartographer_ws/install/pcl_conversions/share/pcl_conversions/cmake/ament_cmake_export_dependencies-extras.cmake:21 (find_package)\n'}
[113.527517] (rtabmap_sync) StderrLine: {'line': b'  /workspace/cartographer_ws/install/pcl_conversions/share/pcl_conversions/cmake/pcl_conversionsConfig.cmake:41 (include)\n'}
[113.527612] (rtabmap_sync) StderrLine: {'line': b'  /workspaces/isaac_ros-dev/Development/ros2/install/rtabmap_conversions/share/rtabmap_conversions/cmake/ament_cmake_export_dependencies-extras.cmake:21 (find_package)\n'}
[113.527694] (rtabmap_sync) StderrLine: {'line': b'  /workspaces/isaac_ros-dev/Development/ros2/install/rtabmap_conversions/share/rtabmap_conversions/cmake/rtabmap_conversionsConfig.cmake:41 (include)\n'}
[113.527853] (rtabmap_sync) StderrLine: {'line': b'  CMakeLists.txt:24 (find_package)\n'}
[113.527950] (rtabmap_sync) StderrLine: {'line': b'This warning is for project developers.  Use -Wno-dev to suppress it.\n'}
[113.528033] (rtabmap_sync) StderrLine: {'line': b'\x1b[0m\n'}
[113.528169] (rtabmap_sync) StdoutLine: {'line': b'-- Found PCL_ML: /usr/lib/x86_64-linux-gnu/libpcl_ml.so  \n'}
[113.528261] (rtabmap_sync) StderrLine: {'line': b'\x1b[33mCMake Warning (dev) at /usr/share/cmake-3.22/Modules/FindPackageHandleStandardArgs.cmake:438 (message):\n'}
[113.528343] (rtabmap_sync) StderrLine: {'line': b'  The package name passed to `find_package_handle_standard_args`\n'}
[113.528419] (rtabmap_sync) StderrLine: {'line': b'  (PCL_SEGMENTATION) does not match the name of the calling package (PCL).\n'}
[113.528504] (rtabmap_sync) StderrLine: {'line': b'  This can lead to problems in calling code that expects `find_package`\n'}
[113.528584] (rtabmap_sync) StderrLine: {'line': b'  result variables (e.g., `_FOUND`) to follow a certain pattern.\n'}
[113.528662] (rtabmap_sync) StderrLine: {'line': b'Call Stack (most recent call first):\n'}
[113.528736] (rtabmap_sync) StderrLine: {'line': b'  /usr/lib/x86_64-linux-gnu/cmake/pcl/PCLConfig.cmake:616 (find_package_handle_standard_args)\n'}
[113.528810] (rtabmap_sync) StderrLine: {'line': b'  /workspace/cartographer_ws/install/pcl_conversions/share/pcl_conversions/cmake/ament_cmake_export_dependencies-extras.cmake:21 (find_package)\n'}
[113.528886] (rtabmap_sync) StderrLine: {'line': b'  /workspace/cartographer_ws/install/pcl_conversions/share/pcl_conversions/cmake/pcl_conversionsConfig.cmake:41 (include)\n'}
[113.528959] (rtabmap_sync) StderrLine: {'line': b'  /workspaces/isaac_ros-dev/Development/ros2/install/rtabmap_conversions/share/rtabmap_conversions/cmake/ament_cmake_export_dependencies-extras.cmake:21 (find_package)\n'}
[113.529033] (rtabmap_sync) StderrLine: {'line': b'  /workspaces/isaac_ros-dev/Development/ros2/install/rtabmap_conversions/share/rtabmap_conversions/cmake/rtabmap_conversionsConfig.cmake:41 (include)\n'}
[113.529123] (rtabmap_sync) StderrLine: {'line': b'  CMakeLists.txt:24 (find_package)\n'}
[113.529197] (rtabmap_sync) StderrLine: {'line': b'This warning is for project developers.  Use -Wno-dev to suppress it.\n'}
[113.529591] (rtabmap_sync) StderrLine: {'line': b'\x1b[0m\n'}
[113.529705] (rtabmap_sync) StdoutLine: {'line': b'-- Found PCL_SEGMENTATION: /usr/lib/x86_64-linux-gnu/libpcl_segmentation.so  \n'}
[113.529803] (rtabmap_sync) StderrLine: {'line': b'\x1b[33mCMake Warning (dev) at /usr/share/cmake-3.22/Modules/FindPackageHandleStandardArgs.cmake:438 (message):\n'}
[113.529888] (rtabmap_sync) StderrLine: {'line': b'  The package name passed to `find_package_handle_standard_args`\n'}
[113.529967] (rtabmap_sync) StderrLine: {'line': b'  (PCL_VISUALIZATION) does not match the name of the calling package (PCL).\n'}
[113.530051] (rtabmap_sync) StderrLine: {'line': b'  This can lead to problems in calling code that expects `find_package`\n'}
[113.530140] (rtabmap_sync) StderrLine: {'line': b'  result variables (e.g., `_FOUND`) to follow a certain pattern.\n'}
[113.530221] (rtabmap_sync) StderrLine: {'line': b'Call Stack (most recent call first):\n'}
[113.530303] (rtabmap_sync) StderrLine: {'line': b'  /usr/lib/x86_64-linux-gnu/cmake/pcl/PCLConfig.cmake:616 (find_package_handle_standard_args)\n'}
[113.530383] (rtabmap_sync) StderrLine: {'line': b'  /workspace/cartographer_ws/install/pcl_conversions/share/pcl_conversions/cmake/ament_cmake_export_dependencies-extras.cmake:21 (find_package)\n'}
[113.530460] (rtabmap_sync) StderrLine: {'line': b'  /workspace/cartographer_ws/install/pcl_conversions/share/pcl_conversions/cmake/pcl_conversionsConfig.cmake:41 (include)\n'}
[113.530540] (rtabmap_sync) StderrLine: {'line': b'  /workspaces/isaac_ros-dev/Development/ros2/install/rtabmap_conversions/share/rtabmap_conversions/cmake/ament_cmake_export_dependencies-extras.cmake:21 (find_package)\n'}
[113.530618] (rtabmap_sync) StderrLine: {'line': b'  /workspaces/isaac_ros-dev/Development/ros2/install/rtabmap_conversions/share/rtabmap_conversions/cmake/rtabmap_conversionsConfig.cmake:41 (include)\n'}
[113.530698] (rtabmap_sync) StderrLine: {'line': b'  CMakeLists.txt:24 (find_package)\n'}
[113.530779] (rtabmap_sync) StderrLine: {'line': b'This warning is for project developers.  Use -Wno-dev to suppress it.\n'}
[113.530948] (rtabmap_sync) StderrLine: {'line': b'\x1b[0m\n'}
[113.531058] (rtabmap_sync) StdoutLine: {'line': b'-- Found PCL_VISUALIZATION: /usr/lib/x86_64-linux-gnu/libpcl_visualization.so  \n'}
[113.531149] (rtabmap_sync) StderrLine: {'line': b'\x1b[33mCMake Warning (dev) at /usr/share/cmake-3.22/Modules/FindPackageHandleStandardArgs.cmake:438 (message):\n'}
[113.531230] (rtabmap_sync) StderrLine: {'line': b'  The package name passed to `find_package_handle_standard_args`\n'}
[113.531324] (rtabmap_sync) StderrLine: {'line': b'  (PCL_SURFACE) does not match the name of the calling package (PCL).  This\n'}
[113.531412] (rtabmap_sync) StderrLine: {'line': b'  can lead to problems in calling code that expects `find_package` result\n'}
[113.531500] (rtabmap_sync) StderrLine: {'line': b'  variables (e.g., `_FOUND`) to follow a certain pattern.\n'}
[113.531577] (rtabmap_sync) StderrLine: {'line': b'Call Stack (most recent call first):\n'}
[113.531656] (rtabmap_sync) StderrLine: {'line': b'  /usr/lib/x86_64-linux-gnu/cmake/pcl/PCLConfig.cmake:616 (find_package_handle_standard_args)\n'}
[113.531734] (rtabmap_sync) StderrLine: {'line': b'  /workspace/cartographer_ws/install/pcl_conversions/share/pcl_conversions/cmake/ament_cmake_export_dependencies-extras.cmake:21 (find_package)\n'}
[113.531817] (rtabmap_sync) StderrLine: {'line': b'  /workspace/cartographer_ws/install/pcl_conversions/share/pcl_conversions/cmake/pcl_conversionsConfig.cmake:41 (include)\n'}
[113.531899] (rtabmap_sync) StderrLine: {'line': b'  /workspaces/isaac_ros-dev/Development/ros2/install/rtabmap_conversions/share/rtabmap_conversions/cmake/ament_cmake_export_dependencies-extras.cmake:21 (find_package)\n'}
[113.531977] (rtabmap_sync) StderrLine: {'line': b'  /workspaces/isaac_ros-dev/Development/ros2/install/rtabmap_conversions/share/rtabmap_conversions/cmake/rtabmap_conversionsConfig.cmake:41 (include)\n'}
[113.532054] (rtabmap_sync) StderrLine: {'line': b'  CMakeLists.txt:24 (find_package)\n'}
[113.532140] (rtabmap_sync) StderrLine: {'line': b'This warning is for project developers.  Use -Wno-dev to suppress it.\n'}
[113.532217] (rtabmap_sync) StderrLine: {'line': b'\x1b[0m\n'}
[113.532302] (rtabmap_sync) StdoutLine: {'line': b'-- Found PCL_SURFACE: /usr/lib/x86_64-linux-gnu/libpcl_surface.so  \n'}
[113.532385] (rtabmap_sync) StderrLine: {'line': b'\x1b[33mCMake Warning (dev) at /usr/share/cmake-3.22/Modules/FindPackageHandleStandardArgs.cmake:438 (message):\n'}
[113.532464] (rtabmap_sync) StderrLine: {'line': b'  The package name passed to `find_package_handle_standard_args`\n'}
[113.532545] (rtabmap_sync) StderrLine: {'line': b'  (PCL_REGISTRATION) does not match the name of the calling package (PCL).\n'}
[113.532888] (rtabmap_sync) StderrLine: {'line': b'  This can lead to problems in calling code that expects `find_package`\n'}
[113.533063] (rtabmap_sync) StderrLine: {'line': b'  result variables (e.g., `_FOUND`) to follow a certain pattern.\n'}
[113.533168] (rtabmap_sync) StderrLine: {'line': b'Call Stack (most recent call first):\n'}
[113.533250] (rtabmap_sync) StderrLine: {'line': b'  /usr/lib/x86_64-linux-gnu/cmake/pcl/PCLConfig.cmake:616 (find_package_handle_standard_args)\n'}
[113.533331] (rtabmap_sync) StderrLine: {'line': b'  /workspace/cartographer_ws/install/pcl_conversions/share/pcl_conversions/cmake/ament_cmake_export_dependencies-extras.cmake:21 (find_package)\n'}
[113.533414] (rtabmap_sync) StderrLine: {'line': b'  /workspace/cartographer_ws/install/pcl_conversions/share/pcl_conversions/cmake/pcl_conversionsConfig.cmake:41 (include)\n'}
[113.533494] (rtabmap_sync) StderrLine: {'line': b'  /workspaces/isaac_ros-dev/Development/ros2/install/rtabmap_conversions/share/rtabmap_conversions/cmake/ament_cmake_export_dependencies-extras.cmake:21 (find_package)\n'}
[113.533573] (rtabmap_sync) StderrLine: {'line': b'  /workspaces/isaac_ros-dev/Development/ros2/install/rtabmap_conversions/share/rtabmap_conversions/cmake/rtabmap_conversionsConfig.cmake:41 (include)\n'}
[113.533654] (rtabmap_sync) StderrLine: {'line': b'  CMakeLists.txt:24 (find_package)\n'}
[113.533735] (rtabmap_sync) StderrLine: {'line': b'This warning is for project developers.  Use -Wno-dev to suppress it.\n'}
[113.533815] (rtabmap_sync) StderrLine: {'line': b'\x1b[0m\n'}
[113.533894] (rtabmap_sync) StdoutLine: {'line': b'-- Found PCL_REGISTRATION: /usr/lib/x86_64-linux-gnu/libpcl_registration.so  \n'}
[113.534007] (rtabmap_sync) StderrLine: {'line': b'\x1b[33mCMake Warning (dev) at /usr/share/cmake-3.22/Modules/FindPackageHandleStandardArgs.cmake:438 (message):\n'}
[113.534165] (rtabmap_sync) StderrLine: {'line': b'  The package name passed to `find_package_handle_standard_args`\n'}
[113.534254] (rtabmap_sync) StderrLine: {'line': b'  (PCL_KEYPOINTS) does not match the name of the calling package (PCL).  This\n'}
[113.534332] (rtabmap_sync) StderrLine: {'line': b'  can lead to problems in calling code that expects `find_package` result\n'}
[113.534412] (rtabmap_sync) StderrLine: {'line': b'  variables (e.g., `_FOUND`) to follow a certain pattern.\n'}
[113.534497] (rtabmap_sync) StderrLine: {'line': b'Call Stack (most recent call first):\n'}
[113.534630] (rtabmap_sync) StderrLine: {'line': b'  /usr/lib/x86_64-linux-gnu/cmake/pcl/PCLConfig.cmake:616 (find_package_handle_standard_args)\n'}
[113.534710] (rtabmap_sync) StderrLine: {'line': b'  /workspace/cartographer_ws/install/pcl_conversions/share/pcl_conversions/cmake/ament_cmake_export_dependencies-extras.cmake:21 (find_package)\n'}
[113.534789] (rtabmap_sync) StderrLine: {'line': b'  /workspace/cartographer_ws/install/pcl_conversions/share/pcl_conversions/cmake/pcl_conversionsConfig.cmake:41 (include)\n'}
[113.534870] (rtabmap_sync) StderrLine: {'line': b'  /workspaces/isaac_ros-dev/Development/ros2/install/rtabmap_conversions/share/rtabmap_conversions/cmake/ament_cmake_export_dependencies-extras.cmake:21 (find_package)\n'}
[113.534951] (rtabmap_sync) StderrLine: {'line': b'  /workspaces/isaac_ros-dev/Development/ros2/install/rtabmap_conversions/share/rtabmap_conversions/cmake/rtabmap_conversionsConfig.cmake:41 (include)\n'}
[113.535028] (rtabmap_sync) StderrLine: {'line': b'  CMakeLists.txt:24 (find_package)\n'}
[113.535110] (rtabmap_sync) StderrLine: {'line': b'This warning is for project developers.  Use -Wno-dev to suppress it.\n'}
[113.535190] (rtabmap_sync) StderrLine: {'line': b'\x1b[0m\n'}
[113.535272] (rtabmap_sync) StdoutLine: {'line': b'-- Found PCL_KEYPOINTS: /usr/lib/x86_64-linux-gnu/libpcl_keypoints.so  \n'}
[113.535356] (rtabmap_sync) StderrLine: {'line': b'\x1b[33mCMake Warning (dev) at /usr/share/cmake-3.22/Modules/FindPackageHandleStandardArgs.cmake:438 (message):\n'}
[113.535436] (rtabmap_sync) StderrLine: {'line': b'  The package name passed to `find_package_handle_standard_args`\n'}
[113.535521] (rtabmap_sync) StderrLine: {'line': b'  (PCL_TRACKING) does not match the name of the calling package (PCL).  This\n'}
[113.535603] (rtabmap_sync) StderrLine: {'line': b'  can lead to problems in calling code that expects `find_package` result\n'}
[113.535685] (rtabmap_sync) StderrLine: {'line': b'  variables (e.g., `_FOUND`) to follow a certain pattern.\n'}
[113.535768] (rtabmap_sync) StderrLine: {'line': b'Call Stack (most recent call first):\n'}
[113.535851] (rtabmap_sync) StderrLine: {'line': b'  /usr/lib/x86_64-linux-gnu/cmake/pcl/PCLConfig.cmake:616 (find_package_handle_standard_args)\n'}
[113.535938] (rtabmap_sync) StderrLine: {'line': b'  /workspace/cartographer_ws/install/pcl_conversions/share/pcl_conversions/cmake/ament_cmake_export_dependencies-extras.cmake:21 (find_package)\n'}
[113.536025] (rtabmap_sync) StderrLine: {'line': b'  /workspace/cartographer_ws/install/pcl_conversions/share/pcl_conversions/cmake/pcl_conversionsConfig.cmake:41 (include)\n'}
[113.536121] (rtabmap_sync) StderrLine: {'line': b'  /workspaces/isaac_ros-dev/Development/ros2/install/rtabmap_conversions/share/rtabmap_conversions/cmake/ament_cmake_export_dependencies-extras.cmake:21 (find_package)\n'}
[113.536686] (rtabmap_sync) StderrLine: {'line': b'  /workspaces/isaac_ros-dev/Development/ros2/install/rtabmap_conversions/share/rtabmap_conversions/cmake/rtabmap_conversionsConfig.cmake:41 (include)\n'}
[113.536765] (rtabmap_sync) StderrLine: {'line': b'  CMakeLists.txt:24 (find_package)\n'}
[113.536842] (rtabmap_sync) StderrLine: {'line': b'This warning is for project developers.  Use -Wno-dev to suppress it.\n'}
[113.536918] (rtabmap_sync) StderrLine: {'line': b'\x1b[0m\n'}
[113.536993] (rtabmap_sync) StdoutLine: {'line': b'-- Found PCL_TRACKING: /usr/lib/x86_64-linux-gnu/libpcl_tracking.so  \n'}
[113.537087] (rtabmap_sync) StderrLine: {'line': b'\x1b[33mCMake Warning (dev) at /usr/share/cmake-3.22/Modules/FindPackageHandleStandardArgs.cmake:438 (message):\n'}
[113.537167] (rtabmap_sync) StderrLine: {'line': b'  The package name passed to `find_package_handle_standard_args`\n'}
[113.537242] (rtabmap_sync) StderrLine: {'line': b'  (PCL_RECOGNITION) does not match the name of the calling package (PCL).\n'}
[113.537321] (rtabmap_sync) StderrLine: {'line': b'  This can lead to problems in calling code that expects `find_package`\n'}
[113.537398] (rtabmap_sync) StderrLine: {'line': b'  result variables (e.g., `_FOUND`) to follow a certain pattern.\n'}
[113.537473] (rtabmap_sync) StderrLine: {'line': b'Call Stack (most recent call first):\n'}
[113.537552] (rtabmap_sync) StderrLine: {'line': b'  /usr/lib/x86_64-linux-gnu/cmake/pcl/PCLConfig.cmake:616 (find_package_handle_standard_args)\n'}
[113.537721] (rtabmap_sync) StderrLine: {'line': b'  /workspace/cartographer_ws/install/pcl_conversions/share/pcl_conversions/cmake/ament_cmake_export_dependencies-extras.cmake:21 (find_package)\n'}
[113.537805] (rtabmap_sync) StderrLine: {'line': b'  /workspace/cartographer_ws/install/pcl_conversions/share/pcl_conversions/cmake/pcl_conversionsConfig.cmake:41 (include)\n'}
[113.537886] (rtabmap_sync) StderrLine: {'line': b'  /workspaces/isaac_ros-dev/Development/ros2/install/rtabmap_conversions/share/rtabmap_conversions/cmake/ament_cmake_export_dependencies-extras.cmake:21 (find_package)\n'}
[113.537966] (rtabmap_sync) StderrLine: {'line': b'  /workspaces/isaac_ros-dev/Development/ros2/install/rtabmap_conversions/share/rtabmap_conversions/cmake/rtabmap_conversionsConfig.cmake:41 (include)\n'}
[113.538045] (rtabmap_sync) StderrLine: {'line': b'  CMakeLists.txt:24 (find_package)\n'}
[113.538129] (rtabmap_sync) StderrLine: {'line': b'This warning is for project developers.  Use -Wno-dev to suppress it.\n'}
[113.538261] (rtabmap_sync) StderrLine: {'line': b'\x1b[0m\n'}
[113.538339] (rtabmap_sync) StdoutLine: {'line': b'-- Found PCL_RECOGNITION: /usr/lib/x86_64-linux-gnu/libpcl_recognition.so  \n'}
[113.538421] (rtabmap_sync) StderrLine: {'line': b'\x1b[33mCMake Warning (dev) at /usr/share/cmake-3.22/Modules/FindPackageHandleStandardArgs.cmake:438 (message):\n'}
[113.538500] (rtabmap_sync) StderrLine: {'line': b'  The package name passed to `find_package_handle_standard_args` (PCL_STEREO)\n'}
[113.538579] (rtabmap_sync) StderrLine: {'line': b'  does not match the name of the calling package (PCL).  This can lead to\n'}
[113.538663] (rtabmap_sync) StderrLine: {'line': b'  problems in calling code that expects `find_package` result variables\n'}
[113.538740] (rtabmap_sync) StderrLine: {'line': b'  (e.g., `_FOUND`) to follow a certain pattern.\n'}
[113.538874] (rtabmap_sync) StderrLine: {'line': b'Call Stack (most recent call first):\n'}
[113.538985] (rtabmap_sync) StderrLine: {'line': b'  /usr/lib/x86_64-linux-gnu/cmake/pcl/PCLConfig.cmake:616 (find_package_handle_standard_args)\n'}
[113.539063] (rtabmap_sync) StderrLine: {'line': b'  /workspace/cartographer_ws/install/pcl_conversions/share/pcl_conversions/cmake/ament_cmake_export_dependencies-extras.cmake:21 (find_package)\n'}
[113.539152] (rtabmap_sync) StderrLine: {'line': b'  /workspace/cartographer_ws/install/pcl_conversions/share/pcl_conversions/cmake/pcl_conversionsConfig.cmake:41 (include)\n'}
[113.539233] (rtabmap_sync) StderrLine: {'line': b'  /workspaces/isaac_ros-dev/Development/ros2/install/rtabmap_conversions/share/rtabmap_conversions/cmake/ament_cmake_export_dependencies-extras.cmake:21 (find_package)\n'}
[113.539310] (rtabmap_sync) StderrLine: {'line': b'  /workspaces/isaac_ros-dev/Development/ros2/install/rtabmap_conversions/share/rtabmap_conversions/cmake/rtabmap_conversionsConfig.cmake:41 (include)\n'}
[113.539387] (rtabmap_sync) StderrLine: {'line': b'  CMakeLists.txt:24 (find_package)\n'}
[113.539464] (rtabmap_sync) StderrLine: {'line': b'This warning is for project developers.  Use -Wno-dev to suppress it.\n'}
[113.539630] (rtabmap_sync) StderrLine: {'line': b'\x1b[0m\n'}
[113.539703] (rtabmap_sync) StdoutLine: {'line': b'-- Found PCL_STEREO: /usr/lib/x86_64-linux-gnu/libpcl_stereo.so  \n'}
[113.539772] (rtabmap_sync) StderrLine: {'line': b'\x1b[33mCMake Warning (dev) at /usr/share/cmake-3.22/Modules/FindPackageHandleStandardArgs.cmake:438 (message):\n'}
[113.539837] (rtabmap_sync) StderrLine: {'line': b'  The package name passed to `find_package_handle_standard_args` (PCL_APPS)\n'}
[113.539903] (rtabmap_sync) StderrLine: {'line': b'  does not match the name of the calling package (PCL).  This can lead to\n'}
[113.539967] (rtabmap_sync) StderrLine: {'line': b'  problems in calling code that expects `find_package` result variables\n'}
[113.540030] (rtabmap_sync) StderrLine: {'line': b'  (e.g., `_FOUND`) to follow a certain pattern.\n'}
[113.540107] (rtabmap_sync) StderrLine: {'line': b'Call Stack (most recent call first):\n'}
[113.540172] (rtabmap_sync) StderrLine: {'line': b'  /usr/lib/x86_64-linux-gnu/cmake/pcl/PCLConfig.cmake:616 (find_package_handle_standard_args)\n'}
[113.540235] (rtabmap_sync) StderrLine: {'line': b'  /workspace/cartographer_ws/install/pcl_conversions/share/pcl_conversions/cmake/ament_cmake_export_dependencies-extras.cmake:21 (find_package)\n'}
[113.540300] (rtabmap_sync) StderrLine: {'line': b'  /workspace/cartographer_ws/install/pcl_conversions/share/pcl_conversions/cmake/pcl_conversionsConfig.cmake:41 (include)\n'}
[113.540367] (rtabmap_sync) StderrLine: {'line': b'  /workspaces/isaac_ros-dev/Development/ros2/install/rtabmap_conversions/share/rtabmap_conversions/cmake/ament_cmake_export_dependencies-extras.cmake:21 (find_package)\n'}
[113.540431] (rtabmap_sync) StderrLine: {'line': b'  /workspaces/isaac_ros-dev/Development/ros2/install/rtabmap_conversions/share/rtabmap_conversions/cmake/rtabmap_conversionsConfig.cmake:41 (include)\n'}
[113.540496] (rtabmap_sync) StderrLine: {'line': b'  CMakeLists.txt:24 (find_package)\n'}
[113.540560] (rtabmap_sync) StderrLine: {'line': b'This warning is for project developers.  Use -Wno-dev to suppress it.\n'}
[113.540622] (rtabmap_sync) StderrLine: {'line': b'\x1b[0m\n'}
[113.540688] (rtabmap_sync) StdoutLine: {'line': b'-- Found PCL_APPS: /usr/lib/x86_64-linux-gnu/libpcl_apps.so  \n'}
[113.540819] (rtabmap_sync) StderrLine: {'line': b'\x1b[33mCMake Warning (dev) at /usr/share/cmake-3.22/Modules/FindPackageHandleStandardArgs.cmake:438 (message):\n'}
[113.540949] (rtabmap_sync) StderrLine: {'line': b'  The package name passed to `find_package_handle_standard_args`\n'}
[113.541017] (rtabmap_sync) StderrLine: {'line': b'  (PCL_IN_HAND_SCANNER) does not match the name of the calling package (PCL).\n'}
[113.541079] (rtabmap_sync) StderrLine: {'line': b'  This can lead to problems in calling code that expects `find_package`\n'}
[113.541149] (rtabmap_sync) StderrLine: {'line': b'  result variables (e.g., `_FOUND`) to follow a certain pattern.\n'}
[113.541215] (rtabmap_sync) StderrLine: {'line': b'Call Stack (most recent call first):\n'}
[113.541278] (rtabmap_sync) StderrLine: {'line': b'  /usr/lib/x86_64-linux-gnu/cmake/pcl/PCLConfig.cmake:619 (find_package_handle_standard_args)\n'}
[113.541341] (rtabmap_sync) StderrLine: {'line': b'  /workspace/cartographer_ws/install/pcl_conversions/share/pcl_conversions/cmake/ament_cmake_export_dependencies-extras.cmake:21 (find_package)\n'}
[113.541409] (rtabmap_sync) StderrLine: {'line': b'  /workspace/cartographer_ws/install/pcl_conversions/share/pcl_conversions/cmake/pcl_conversionsConfig.cmake:41 (include)\n'}
[113.541472] (rtabmap_sync) StderrLine: {'line': b'  /workspaces/isaac_ros-dev/Development/ros2/install/rtabmap_conversions/share/rtabmap_conversions/cmake/ament_cmake_export_dependencies-extras.cmake:21 (find_package)\n'}
[113.541537] (rtabmap_sync) StderrLine: {'line': b'  /workspaces/isaac_ros-dev/Development/ros2/install/rtabmap_conversions/share/rtabmap_conversions/cmake/rtabmap_conversionsConfig.cmake:41 (include)\n'}
[113.541602] (rtabmap_sync) StderrLine: {'line': b'  CMakeLists.txt:24 (find_package)\n'}
[113.541671] (rtabmap_sync) StderrLine: {'line': b'This warning is for project developers.  Use -Wno-dev to suppress it.\n'}
[113.541740] (rtabmap_sync) StderrLine: {'line': b'\x1b[0m\n'}
[113.541804] (rtabmap_sync) StdoutLine: {'line': b'-- Found PCL_IN_HAND_SCANNER: /usr/include/pcl-1.10  \n'}
[113.541876] (rtabmap_sync) StderrLine: {'line': b'\x1b[33mCMake Warning (dev) at /usr/share/cmake-3.22/Modules/FindPackageHandleStandardArgs.cmake:438 (message):\n'}
[113.541940] (rtabmap_sync) StderrLine: {'line': b'  The package name passed to `find_package_handle_standard_args`\n'}
[113.542004] (rtabmap_sync) StderrLine: {'line': b'  (PCL_POINT_CLOUD_EDITOR) does not match the name of the calling package\n'}
[113.542069] (rtabmap_sync) StderrLine: {'line': b'  (PCL).  This can lead to problems in calling code that expects\n'}
[113.542138] (rtabmap_sync) StderrLine: {'line': b'  `find_package` result variables (e.g., `_FOUND`) to follow a certain\n'}
[113.542267] (rtabmap_sync) StderrLine: {'line': b'  pattern.\n'}
[113.542335] (rtabmap_sync) StderrLine: {'line': b'Call Stack (most recent call first):\n'}
[113.542432] (rtabmap_sync) StderrLine: {'line': b'  /usr/lib/x86_64-linux-gnu/cmake/pcl/PCLConfig.cmake:619 (find_package_handle_standard_args)\n'}
[113.542499] (rtabmap_sync) StderrLine: {'line': b'  /workspace/cartographer_ws/install/pcl_conversions/share/pcl_conversions/cmake/ament_cmake_export_dependencies-extras.cmake:21 (find_package)\n'}
[113.542569] (rtabmap_sync) StderrLine: {'line': b'  /workspace/cartographer_ws/install/pcl_conversions/share/pcl_conversions/cmake/pcl_conversionsConfig.cmake:41 (include)\n'}
[113.542635] (rtabmap_sync) StderrLine: {'line': b'  /workspaces/isaac_ros-dev/Development/ros2/install/rtabmap_conversions/share/rtabmap_conversions/cmake/ament_cmake_export_dependencies-extras.cmake:21 (find_package)\n'}
[113.542701] (rtabmap_sync) StderrLine: {'line': b'  /workspaces/isaac_ros-dev/Development/ros2/install/rtabmap_conversions/share/rtabmap_conversions/cmake/rtabmap_conversionsConfig.cmake:41 (include)\n'}
[113.542768] (rtabmap_sync) StderrLine: {'line': b'  CMakeLists.txt:24 (find_package)\n'}
[113.542833] (rtabmap_sync) StderrLine: {'line': b'This warning is for project developers.  Use -Wno-dev to suppress it.\n'}
[113.542898] (rtabmap_sync) StderrLine: {'line': b'\x1b[0m\n'}
[113.542965] (rtabmap_sync) StdoutLine: {'line': b'-- Found PCL_POINT_CLOUD_EDITOR: /usr/include/pcl-1.10  \n'}
[113.543032] (rtabmap_sync) StderrLine: {'line': b'\x1b[33mCMake Warning (dev) at /usr/share/cmake-3.22/Modules/FindPackageHandleStandardArgs.cmake:438 (message):\n'}
[113.543105] (rtabmap_sync) StderrLine: {'line': b'  The package name passed to `find_package_handle_standard_args`\n'}
[113.543176] (rtabmap_sync) StderrLine: {'line': b'  (PCL_OUTOFCORE) does not match the name of the calling package (PCL).  This\n'}
[113.543246] (rtabmap_sync) StderrLine: {'line': b'  can lead to problems in calling code that expects `find_package` result\n'}
[113.543310] (rtabmap_sync) StderrLine: {'line': b'  variables (e.g., `_FOUND`) to follow a certain pattern.\n'}
[113.543375] (rtabmap_sync) StderrLine: {'line': b'Call Stack (most recent call first):\n'}
[113.543440] (rtabmap_sync) StderrLine: {'line': b'  /usr/lib/x86_64-linux-gnu/cmake/pcl/PCLConfig.cmake:616 (find_package_handle_standard_args)\n'}
[113.543503] (rtabmap_sync) StderrLine: {'line': b'  /workspace/cartographer_ws/install/pcl_conversions/share/pcl_conversions/cmake/ament_cmake_export_dependencies-extras.cmake:21 (find_package)\n'}
[113.543571] (rtabmap_sync) StderrLine: {'line': b'  /workspace/cartographer_ws/install/pcl_conversions/share/pcl_conversions/cmake/pcl_conversionsConfig.cmake:41 (include)\n'}
[113.543640] (rtabmap_sync) StderrLine: {'line': b'  /workspaces/isaac_ros-dev/Development/ros2/install/rtabmap_conversions/share/rtabmap_conversions/cmake/ament_cmake_export_dependencies-extras.cmake:21 (find_package)\n'}
[113.543704] (rtabmap_sync) StderrLine: {'line': b'  /workspaces/isaac_ros-dev/Development/ros2/install/rtabmap_conversions/share/rtabmap_conversions/cmake/rtabmap_conversionsConfig.cmake:41 (include)\n'}
[113.543777] (rtabmap_sync) StderrLine: {'line': b'  CMakeLists.txt:24 (find_package)\n'}
[113.543841] (rtabmap_sync) StderrLine: {'line': b'This warning is for project developers.  Use -Wno-dev to suppress it.\n'}
[113.543904] (rtabmap_sync) StderrLine: {'line': b'\x1b[0m\n'}
[113.543968] (rtabmap_sync) StdoutLine: {'line': b'-- Found PCL_OUTOFCORE: /usr/lib/x86_64-linux-gnu/libpcl_outofcore.so  \n'}
[113.544036] (rtabmap_sync) StderrLine: {'line': b'\x1b[33mCMake Warning (dev) at /usr/share/cmake-3.22/Modules/FindPackageHandleStandardArgs.cmake:438 (message):\n'}
[113.544105] (rtabmap_sync) StderrLine: {'line': b'  The package name passed to `find_package_handle_standard_args` (PCL_PEOPLE)\n'}
[113.544169] (rtabmap_sync) StderrLine: {'line': b'  does not match the name of the calling package (PCL).  This can lead to\n'}
[113.544235] (rtabmap_sync) StderrLine: {'line': b'  problems in calling code that expects `find_package` result variables\n'}
[113.544298] (rtabmap_sync) StderrLine: {'line': b'  (e.g., `_FOUND`) to follow a certain pattern.\n'}
[113.544360] (rtabmap_sync) StderrLine: {'line': b'Call Stack (most recent call first):\n'}
[113.544424] (rtabmap_sync) StderrLine: {'line': b'  /usr/lib/x86_64-linux-gnu/cmake/pcl/PCLConfig.cmake:616 (find_package_handle_standard_args)\n'}
[113.544494] (rtabmap_sync) StderrLine: {'line': b'  /workspace/cartographer_ws/install/pcl_conversions/share/pcl_conversions/cmake/ament_cmake_export_dependencies-extras.cmake:21 (find_package)\n'}
[113.544557] (rtabmap_sync) StderrLine: {'line': b'  /workspace/cartographer_ws/install/pcl_conversions/share/pcl_conversions/cmake/pcl_conversionsConfig.cmake:41 (include)\n'}
[113.544621] (rtabmap_sync) StderrLine: {'line': b'  /workspaces/isaac_ros-dev/Development/ros2/install/rtabmap_conversions/share/rtabmap_conversions/cmake/ament_cmake_export_dependencies-extras.cmake:21 (find_package)\n'}
[113.544686] (rtabmap_sync) StderrLine: {'line': b'  /workspaces/isaac_ros-dev/Development/ros2/install/rtabmap_conversions/share/rtabmap_conversions/cmake/rtabmap_conversionsConfig.cmake:41 (include)\n'}
[113.544749] (rtabmap_sync) StderrLine: {'line': b'  CMakeLists.txt:24 (find_package)\n'}
[113.544813] (rtabmap_sync) StderrLine: {'line': b'This warning is for project developers.  Use -Wno-dev to suppress it.\n'}
[113.544878] (rtabmap_sync) StderrLine: {'line': b'\x1b[0m\n'}
[113.544942] (rtabmap_sync) StdoutLine: {'line': b'-- Found PCL_PEOPLE: /usr/lib/x86_64-linux-gnu/libpcl_people.so  \n'}
[113.585363] (-) TimerEvent: {}
[113.685906] (-) TimerEvent: {}
[113.696514] (rtabmap_util) StdoutLine: {'line': b'-- Found laser_geometry: 2.4.0 (/opt/ros/humble/share/laser_geometry/cmake)\n'}
[113.708718] (rtabmap_util) StdoutLine: {'line': b'-- Found pcl_conversions: 2.4.5 (/workspace/cartographer_ws/install/pcl_conversions/share/pcl_conversions/cmake)\n'}
[113.786181] (-) TimerEvent: {}
[113.830955] (rtabmap_util) StdoutLine: {'line': b'-- Found pcl_ros: 2.4.5 (/workspace/cartographer_ws/install/pcl_ros/share/pcl_ros/cmake)\n'}
[113.886371] (-) TimerEvent: {}
[113.986955] (-) TimerEvent: {}
[114.025946] (rtabmap_util) StdoutLine: {'line': b'-- Found rtabmap_msgs: 0.22.1 (/workspaces/isaac_ros-dev/Development/ros2/install/rtabmap_msgs/share/rtabmap_msgs/cmake)\n'}
[114.087222] (-) TimerEvent: {}
[114.092070] (rtabmap_util) StdoutLine: {'line': b'-- Found rtabmap_conversions: 0.22.1 (/workspaces/isaac_ros-dev/Development/ros2/install/rtabmap_conversions/share/rtabmap_conversions/cmake)\n'}
[114.095310] (rtabmap_sync) StdoutLine: {'line': b'-- Found Eigen3: TRUE (found version "3.3.7") \n'}
[114.095422] (rtabmap_sync) StdoutLine: {'line': b'-- Ensuring Eigen3 include directory is part of orocos-kdl CMake target\n'}
[114.107459] (rtabmap_sync) StderrLine: {'line': b'\x1b[33mCMake Warning (dev) at /usr/share/cmake-3.22/Modules/CMakeFindDependencyMacro.cmake:47 (find_package):\n'}
[114.107763] (rtabmap_sync) StderrLine: {'line': b'  Policy CMP0074 is not set: find_package uses <PackageName>_ROOT variables.\n'}
[114.107848] (rtabmap_sync) StderrLine: {'line': b'  Run "cmake --help-policy CMP0074" for policy details.  Use the cmake_policy\n'}
[114.107952] (rtabmap_sync) StderrLine: {'line': b'  command to set the policy and suppress this warning.\n'}
[114.108025] (rtabmap_sync) StderrLine: {'line': b'\n'}
[114.108108] (rtabmap_sync) StderrLine: {'line': b'  CMake variable PCL_ROOT is set to:\n'}
[114.108185] (rtabmap_sync) StderrLine: {'line': b'\n'}
[114.108260] (rtabmap_sync) StderrLine: {'line': b'    /usr\n'}
[114.108335] (rtabmap_sync) StderrLine: {'line': b'\n'}
[114.108406] (rtabmap_sync) StderrLine: {'line': b'  For compatibility, CMake is ignoring the variable.\n'}
[114.108479] (rtabmap_sync) StderrLine: {'line': b'Call Stack (most recent call first):\n'}
[114.108552] (rtabmap_sync) StderrLine: {'line': b'  /workspaces/isaac_ros-dev/Development/ros2/install/rtabmap/lib/rtabmap-0.23/RTABMapConfig.cmake:18 (find_dependency)\n'}
[114.108626] (rtabmap_sync) StderrLine: {'line': b'  /workspaces/isaac_ros-dev/Development/ros2/install/rtabmap_conversions/share/rtabmap_conversions/cmake/ament_cmake_export_dependencies-extras.cmake:21 (find_package)\n'}
[114.108708] (rtabmap_sync) StderrLine: {'line': b'  /workspaces/isaac_ros-dev/Development/ros2/install/rtabmap_conversions/share/rtabmap_conversions/cmake/rtabmap_conversionsConfig.cmake:41 (include)\n'}
[114.108784] (rtabmap_sync) StderrLine: {'line': b'  CMakeLists.txt:24 (find_package)\n'}
[114.108854] (rtabmap_sync) StderrLine: {'line': b'This warning is for project developers.  Use -Wno-dev to suppress it.\n'}
[114.108927] (rtabmap_sync) StderrLine: {'line': b'\x1b[0m\n'}
[114.144495] (rtabmap_sync) StdoutLine: {'line': b'-- Found diagnostic_updater: 3.1.2 (/opt/ros/humble/share/diagnostic_updater/cmake)\n'}
[114.187538] (-) TimerEvent: {}
[114.212794] (rtabmap_sync) StdoutLine: {'line': b'-- RTABMAP_SYNC_MULTI_RGBD = OFF\n'}
[114.213162] (rtabmap_sync) StdoutLine: {'line': b'-- RTABMAP_SYNC_USER_DATA  = OFF\n'}
[114.287765] (-) TimerEvent: {}
[114.317304] (rtabmap_util) StderrLine: {'line': b'\x1b[33mCMake Warning at CMakeLists.txt:31 (find_package):\n'}
[114.317615] (rtabmap_util) StderrLine: {'line': b'  By not providing "Findoctomap_msgs.cmake" in CMAKE_MODULE_PATH this project\n'}
[114.317698] (rtabmap_util) StderrLine: {'line': b'  has asked CMake to find a package configuration file provided by\n'}
[114.317770] (rtabmap_util) StderrLine: {'line': b'  "octomap_msgs", but CMake did not find one.\n'}
[114.317840] (rtabmap_util) StderrLine: {'line': b'\n'}
[114.317911] (rtabmap_util) StderrLine: {'line': b'  Could not find a package configuration file provided by "octomap_msgs" with\n'}
[114.317981] (rtabmap_util) StderrLine: {'line': b'  any of the following names:\n'}
[114.318049] (rtabmap_util) StderrLine: {'line': b'\n'}
[114.318129] (rtabmap_util) StderrLine: {'line': b'    octomap_msgsConfig.cmake\n'}
[114.318202] (rtabmap_util) StderrLine: {'line': b'    octomap_msgs-config.cmake\n'}
[114.318270] (rtabmap_util) StderrLine: {'line': b'\n'}
[114.318339] (rtabmap_util) StderrLine: {'line': b'  Add the installation prefix of "octomap_msgs" to CMAKE_PREFIX_PATH or set\n'}
[114.318409] (rtabmap_util) StderrLine: {'line': b'  "octomap_msgs_DIR" to a directory containing one of the above files.  If\n'}
[114.318478] (rtabmap_util) StderrLine: {'line': b'  "octomap_msgs" provides a separate development package or SDK, be sure it\n'}
[114.318567] (rtabmap_util) StderrLine: {'line': b'  has been installed.\n'}
[114.318641] (rtabmap_util) StderrLine: {'line': b'\n'}
[114.318712] (rtabmap_util) StderrLine: {'line': b'\x1b[0m\n'}
[114.337474] (rtabmap_util) StderrLine: {'line': b'\x1b[33mCMake Warning at CMakeLists.txt:32 (find_package):\n'}
[114.337788] (rtabmap_util) StderrLine: {'line': b'  By not providing "Findgrid_map_ros.cmake" in CMAKE_MODULE_PATH this project\n'}
[114.337867] (rtabmap_util) StderrLine: {'line': b'  has asked CMake to find a package configuration file provided by\n'}
[114.337936] (rtabmap_util) StderrLine: {'line': b'  "grid_map_ros", but CMake did not find one.\n'}
[114.338001] (rtabmap_util) StderrLine: {'line': b'\n'}
[114.338094] (rtabmap_util) StderrLine: {'line': b'  Could not find a package configuration file provided by "grid_map_ros" with\n'}
[114.338159] (rtabmap_util) StderrLine: {'line': b'  any of the following names:\n'}
[114.338221] (rtabmap_util) StderrLine: {'line': b'\n'}
[114.338289] (rtabmap_util) StderrLine: {'line': b'    grid_map_rosConfig.cmake\n'}
[114.338354] (rtabmap_util) StderrLine: {'line': b'    grid_map_ros-config.cmake\n'}
[114.338419] (rtabmap_util) StderrLine: {'line': b'\n'}
[114.338485] (rtabmap_util) StderrLine: {'line': b'  Add the installation prefix of "grid_map_ros" to CMAKE_PREFIX_PATH or set\n'}
[114.338552] (rtabmap_util) StderrLine: {'line': b'  "grid_map_ros_DIR" to a directory containing one of the above files.  If\n'}
[114.338616] (rtabmap_util) StderrLine: {'line': b'  "grid_map_ros" provides a separate development package or SDK, be sure it\n'}
[114.338680] (rtabmap_util) StderrLine: {'line': b'  has been installed.\n'}
[114.338746] (rtabmap_util) StderrLine: {'line': b'\n'}
[114.338810] (rtabmap_util) StderrLine: {'line': b'\x1b[0m\n'}
[114.363696] (rtabmap_sync) StdoutLine: {'line': b'-- Configuring done\n'}
[114.387905] (-) TimerEvent: {}
[114.488311] (-) TimerEvent: {}
[114.518954] (rtabmap_sync) StdoutLine: {'line': b'-- Generating done\n'}
[114.520741] (rtabmap_sync) StderrLine: {'line': b'\x1b[33mCMake Warning:\n'}
[114.520924] (rtabmap_sync) StderrLine: {'line': b'  Manually-specified variables were not used by the project:\n'}
[114.521008] (rtabmap_sync) StderrLine: {'line': b'\n'}
[114.521077] (rtabmap_sync) StderrLine: {'line': b'    BUILD_APP\n'}
[114.521154] (rtabmap_sync) StderrLine: {'line': b'    BUILD_EXAMPLES\n'}
[114.521222] (rtabmap_sync) StderrLine: {'line': b'    BUILD_TOOLS\n'}
[114.521286] (rtabmap_sync) StderrLine: {'line': b'    WITH_G2O\n'}
[114.521349] (rtabmap_sync) StderrLine: {'line': b'    WITH_GTSAM\n'}
[114.521411] (rtabmap_sync) StderrLine: {'line': b'    WITH_POINTMATCHER\n'}
[114.521480] (rtabmap_sync) StderrLine: {'line': b'    WITH_QT\n'}
[114.521548] (rtabmap_sync) StderrLine: {'line': b'\n'}
[114.521615] (rtabmap_sync) StderrLine: {'line': b'\x1b[0m\n'}
[114.521729] (rtabmap_sync) StdoutLine: {'line': b'-- Build files have been written to: /workspaces/isaac_ros-dev/Development/ros2/build/rtabmap_sync\n'}
[114.547154] (rtabmap_sync) CommandEnded: {'returncode': 0}
[114.549150] (rtabmap_sync) JobProgress: {'identifier': 'rtabmap_sync', 'progress': 'build'}
[114.549207] (rtabmap_sync) Command: {'cmd': ['/usr/bin/cmake', '--build', '/workspaces/isaac_ros-dev/Development/ros2/build/rtabmap_sync', '--', '-j24', '-l24'], 'cwd': '/workspaces/isaac_ros-dev/Development/ros2/build/rtabmap_sync', 'env': OrderedDict([('DALI_BUILD', '5838886'), ('LIBRARY_PATH', '/usr/local/cuda/lib64/stubs:'), ('NVIDIA_CTK_LIBCUDA_DIR', '/usr/lib/x86_64-linux-gnu'), ('PYTHONWARNINGS', 'ignore:::setuptools.command.install,ignore:::setuptools.command.easy_install,ignore:::pkg_resources'), ('USER', 'bp02-ubuntu'), ('TF_ADJUST_SATURATION_FUSED', '1'), ('CUSOLVER_VERSION', '11.4.1.48'), ('HOSTNAME', 'bp02-ubuntu-ROG-Strix-G16-G615LR-G615LR'), ('CUTENSOR_VERSION', '1.6.1.5'), ('SHLVL', '2'), ('LD_LIBRARY_PATH', '/workspaces/isaac_ros-dev/Development/ros2/install/rtabmap_conversions/lib:/workspaces/isaac_ros-dev/Development/ros2/install/rtabmap_msgs/lib:/workspaces/isaac_ros-dev/Development/ros2/install/rtabmap/lib:/workspace/cartographer_ws/install/pcl_ros/lib:/workspace/cartographer_ws/install/cartographer_rviz/lib:/workspace/cartographer_ws/install/cartographer_ros/lib:/workspace/cartographer_ws/install/pcl_msgs/lib:/workspace/cartographer_ws/install/isaac_ros_tensor_list_interfaces/lib:/workspace/cartographer_ws/install/isaac_ros_pointcloud_interfaces/lib:/workspace/cartographer_ws/install/isaac_ros_nova_interfaces/lib:/workspace/cartographer_ws/install/isaac_ros_nitros_bridge_interfaces/lib:/workspace/cartographer_ws/install/isaac_ros_common/lib:/workspace/cartographer_ws/install/isaac_ros_bi3d_interfaces/lib:/workspace/cartographer_ws/install/isaac_ros_apriltag_interfaces/lib:/workspace/cartographer_ws/install/control_msgs/lib:/workspace/cartographer_ws/install/cartographer_ros_msgs/lib:/opt/ros/humble/opt/rviz_ogre_vendor/lib:/opt/ros/humble/lib/x86_64-linux-gnu:/opt/ros/humble/lib:/opt/tritonserver/backends/onnxruntime:/usr/local/cuda/compat/lib:/usr/local/nvidia/lib:/usr/local/nvidia/lib64:/opt/tritonserver/lib'), ('HOME', '/home/admin'), ('NVIDIA_TRITON_SERVER_VERSION', '22.09'), ('OLDPWD', '/workspaces/isaac_ros-dev/Development/ros2'), ('CUDA_CACHE_DISABLE', '1'), ('ROS_PYTHON_VERSION', '3'), ('USER_UID', '1000'), ('ENV', '/etc/shinit_v2'), ('RDMACORE_VERSION', '36.0'), ('NVJPEG_VERSION', '11.9.0.86'), ('NVIDIA_BUILD_ID', '44909143'), ('CUDA_VERSION', '11.8.0.062'), ('CUBLAS_VERSION', '11.11.3.6'), ('NSIGHT_SYSTEMS_VERSION', '2022.3.1.43'), ('COLCON_PREFIX_PATH', '/workspace/cartographer_ws/install'), ('ROS_DISTRO', 'humble'), ('OPAL_PREFIX', '/opt/hpcx/ompi'), ('NVIDIA_REQUIRE_CUDA', 'cuda>=9.0'), ('TRT_VERSION', '8.5.0.12'), ('GDRCOPY_VERSION', '2.3'), ('_', '/usr/bin/colcon'), ('ROS_VERSION', '2'), ('PKG_CONFIG_PATH', '/workspaces/isaac_ros-dev/Development/ros2/install/rtabmap/lib/x86_64-linux-gnu/pkgconfig:/workspaces/isaac_ros-dev/Development/ros2/install/rtabmap/lib/pkgconfig:/workspace/cartographer_ws/install/cartographer/lib/x86_64-linux-gnu/pkgconfig:/workspace/cartographer_ws/install/cartographer/lib/pkgconfig'), ('NVIDIA_DRIVER_CAPABILITIES', 'all'), ('POLYGRAPHY_VERSION', '0.38.0'), ('CURAND_VERSION', '10.3.0.86'), ('MOFED_VERSION', '5.4-rdmacore36.0'), ('USERNAME', 'admin'), ('TERM', 'xterm'), ('ROS_LOCALHOST_ONLY', '0'), ('PATH', '/workspaces/isaac_ros-dev/Development/ros2/install/rtabmap/bin:/workspace/cartographer_ws/install/cartographer/bin:/opt/ros/humble/bin:/opt/tritonserver/bin:/usr/local/mpi/bin:/usr/local/nvidia/bin:/usr/local/cuda/bin:/usr/local/sbin:/usr/local/bin:/usr/sbin:/usr/bin:/sbin:/bin:/usr/local/ucx/bin:/opt/nvidia/tao'), ('FASTRTPS_DEFAULT_PROFILES_FILE', '/usr/local/share/middleware_profiles/rtps_udp_profile.xml'), ('CUDA_DRIVER_VERSION', '520.61.03'), ('_CUDA_COMPAT_STATUS', 'System has unsupported display driver / cuda driver combination (CUDA_ERROR_SYSTEM_DRIVER_MISMATCH) cuInit()=803'), ('DISPLAY', ':1'), ('NVIDIA_PRODUCT_NAME', 'Triton Server'), ('LANG', 'en_US.UTF-8'), ('RMW_IMPLEMENTATION', 'rmw_fastrtps_cpp'), ('NPP_VERSION', '11.8.0.86'), ('ROS_ROOT', '/opt/ros/humble'), ('CUFFT_VERSION', '10.9.0.58'), ('TF_ENABLE_WINOGRAD_NONFUSED', '1'), ('AMENT_PREFIX_PATH', '/workspaces/isaac_ros-dev/Development/ros2/install/rtabmap_conversions:/workspaces/isaac_ros-dev/Development/ros2/install/rtabmap_msgs:/workspace/cartographer_ws/install/perception_pcl:/workspace/cartographer_ws/install/pcl_ros:/workspace/cartographer_ws/install/cartographer_rviz:/workspace/cartographer_ws/install/cartographer_ros:/workspace/cartographer_ws/install/pcl_conversions:/workspace/cartographer_ws/install/pcl_msgs:/workspace/cartographer_ws/install/isaac_ros_test:/workspace/cartographer_ws/install/isaac_ros_tensor_list_interfaces:/workspace/cartographer_ws/install/isaac_ros_pointcloud_interfaces:/workspace/cartographer_ws/install/isaac_ros_nova_interfaces:/workspace/cartographer_ws/install/isaac_ros_nitros_bridge_interfaces:/workspace/cartographer_ws/install/isaac_ros_common:/workspace/cartographer_ws/install/isaac_ros_bi3d_interfaces:/workspace/cartographer_ws/install/isaac_ros_apriltag_interfaces:/workspace/cartographer_ws/install/control_msgs:/workspace/cartographer_ws/install/cartographer_ros_msgs:/opt/ros/humble'), ('CUDNN_VERSION', '8.6.0.163'), ('NSIGHT_COMPUTE_VERSION', '2022.3.0.22'), ('DALI_VERSION', '1.17.0'), ('DEBIAN_FRONTEND', 'noninteractive'), ('SHELL', '/bin/bash'), ('DCGM_VERSION', '2.2.9'), ('OPENMPI_VERSION', '4.1.4'), ('TRTOSS_VERSION', ''), ('OMPI_MCA_coll_hcoll_enable', '0'), ('CUSPARSE_VERSION', '11.7.5.86'), ('TRITON_SERVER_GPU_ENABLED', '1'), ('TRITON_SERVER_VERSION', '2.26.0'), ('BASH_ENV', '/etc/bash.bashrc'), ('PWD', '/workspaces/isaac_ros-dev/Development/ros2/build/rtabmap_sync'), ('PYTHONPATH', '/workspaces/isaac_ros-dev/Development/ros2/install/rtabmap_msgs/lib/python3.8/site-packages:/workspace/cartographer_ws/install/pcl_msgs/lib/python3.8/site-packages:/workspace/cartographer_ws/build/isaac_ros_test:/workspace/cartographer_ws/install/isaac_ros_test/lib/python3.8/site-packages:/workspace/cartographer_ws/install/isaac_ros_tensor_list_interfaces/lib/python3.8/site-packages:/workspace/cartographer_ws/install/isaac_ros_pointcloud_interfaces/lib/python3.8/site-packages:/workspace/cartographer_ws/install/isaac_ros_nova_interfaces/lib/python3.8/site-packages:/workspace/cartographer_ws/install/isaac_ros_nitros_bridge_interfaces/lib/python3.8/site-packages:/workspace/cartographer_ws/install/isaac_ros_bi3d_interfaces/lib/python3.8/site-packages:/workspace/cartographer_ws/install/isaac_ros_apriltag_interfaces/lib/python3.8/site-packages:/workspace/cartographer_ws/install/control_msgs/lib/python3.8/site-packages:/workspace/cartographer_ws/install/cartographer_ros_msgs/lib/python3.8/site-packages:/opt/ros/humble/lib/python3.8/site-packages:/home/Quanser/0_libraries/python'), ('_CUDA_COMPAT_PATH', '/usr/local/cuda/compat'), ('TRITON_SERVER_USER', 'triton-server'), ('TF_ADJUST_HUE_FUSED', '1'), ('NVIDIA_VISIBLE_DEVICES', 'void'), ('NCCL_VERSION', '2.15.1'), ('USER_GID', '1000'), ('COLCON', '1'), ('OPENUCX_VERSION', '1.14.0'), ('HPCX_VERSION', '2.12.1a0'), ('SHARP_COLL_ENABLE_CUDA', '0'), ('CMAKE_PREFIX_PATH', '/workspaces/isaac_ros-dev/Development/ros2/install/rtabmap_conversions:/workspaces/isaac_ros-dev/Development/ros2/install/rtabmap_msgs:/workspaces/isaac_ros-dev/Development/ros2/install/rtabmap:/workspace/cartographer_ws/install/perception_pcl:/workspace/cartographer_ws/install/pcl_ros:/workspace/cartographer_ws/install/cartographer_rviz:/workspace/cartographer_ws/install/cartographer_ros:/workspace/cartographer_ws/install/pcl_conversions:/workspace/cartographer_ws/install/pcl_msgs:/workspace/cartographer_ws/install/isaac_ros_tensor_list_interfaces:/workspace/cartographer_ws/install/isaac_ros_pointcloud_interfaces:/workspace/cartographer_ws/install/isaac_ros_nova_interfaces:/workspace/cartographer_ws/install/isaac_ros_nitros_bridge_interfaces:/workspace/cartographer_ws/install/isaac_ros_common:/workspace/cartographer_ws/install/isaac_ros_bi3d_interfaces:/workspace/cartographer_ws/install/isaac_ros_apriltag_interfaces:/workspace/cartographer_ws/install/control_msgs:/workspace/cartographer_ws/install/cartographer_ros_msgs:/workspace/cartographer_ws/install/cartographer:/workspace/cartographer_ws/install/absl:/workspace/cartographer_ws/install/isaac_ros_test:/opt/ros/humble'), ('TF_AUTOTUNE_THRESHOLD', '2')]), 'shell': False}
[114.588457] (-) TimerEvent: {}
[114.608125] (rtabmap_sync) StdoutLine: {'line': b'[  8%] \x1b[32mBuilding CXX object CMakeFiles/rtabmap_sync.dir/src/CommonDataSubscriber.cpp.o\x1b[0m\n'}
[114.608756] (rtabmap_sync) StdoutLine: {'line': b'[  8%] \x1b[32mBuilding CXX object CMakeFiles/rtabmap_sync.dir/src/impl/CommonDataSubscriberDepth.cpp.o\x1b[0m\n'}
[114.608976] (rtabmap_sync) StdoutLine: {'line': b'[ 13%] \x1b[32mBuilding CXX object CMakeFiles/rtabmap_sync_plugins.dir/src/nodelets/rgbdx_sync.cpp.o\x1b[0m\n'}
[114.609067] (rtabmap_sync) StdoutLine: {'line': b'[ 21%] \x1b[32mBuilding CXX object CMakeFiles/rtabmap_sync.dir/src/impl/CommonDataSubscriberStereo.cpp.o\x1b[0m\n'}
[114.609429] (rtabmap_sync) StdoutLine: {'line': b'[ 21%] \x1b[32mBuilding CXX object CMakeFiles/rtabmap_sync_plugins.dir/src/nodelets/rgbd_sync.cpp.o\x1b[0m\n'}
[114.609565] (rtabmap_sync) StdoutLine: {'line': b'[ 26%] \x1b[32mBuilding CXX object CMakeFiles/rtabmap_sync.dir/src/impl/CommonDataSubscriberSensorData.cpp.o\x1b[0m\n'}
[114.609622] (rtabmap_sync) StdoutLine: {'line': b'[ 34%] \x1b[32mBuilding CXX object CMakeFiles/rtabmap_sync_plugins.dir/src/nodelets/stereo_sync.cpp.o\x1b[0m\n'}
[114.609773] (rtabmap_sync) StdoutLine: {'line': b'[ 34%] \x1b[32mBuilding CXX object CMakeFiles/rtabmap_sync.dir/src/impl/CommonDataSubscriberRGB.cpp.o\x1b[0m\n'}
[114.609875] (rtabmap_sync) StdoutLine: {'line': b'[ 39%] \x1b[32mBuilding CXX object CMakeFiles/rtabmap_sync.dir/src/impl/CommonDataSubscriberOdom.cpp.o\x1b[0m\n'}
[114.609939] (rtabmap_sync) StdoutLine: {'line': b'[ 43%] \x1b[32mBuilding CXX object CMakeFiles/rtabmap_sync_plugins.dir/src/nodelets/rgb_sync.cpp.o\x1b[0m\n'}
[114.609986] (rtabmap_sync) StdoutLine: {'line': b'[ 47%] \x1b[32mBuilding CXX object CMakeFiles/rtabmap_sync.dir/src/impl/CommonDataSubscriberRGBD.cpp.o\x1b[0m\n'}
[114.610053] (rtabmap_sync) StdoutLine: {'line': b'[ 56%] \x1b[32mBuilding CXX object CMakeFiles/rtabmap_sync.dir/src/impl/CommonDataSubscriberRGBDX.cpp.o\x1b[0m\n'}
[114.610101] (rtabmap_sync) StdoutLine: {'line': b'[ 56%] \x1b[32mBuilding CXX object CMakeFiles/rtabmap_sync.dir/src/impl/CommonDataSubscriberScan.cpp.o\x1b[0m\n'}
[114.627399] (rtabmap_sync) StderrLine: {'line': b'In file included from \x1b[01m\x1b[K/workspaces/isaac_ros-dev/Development/ros2/src/rtabmap_ros/rtabmap_sync/src/impl/CommonDataSubscriberRGB.cpp:28\x1b[m\x1b[K:\n'}
[114.627707] (rtabmap_sync) StderrLine: {'line': b'\x1b[01m\x1b[K/workspaces/isaac_ros-dev/Development/ros2/src/rtabmap_ros/rtabmap_sync/include/rtabmap_sync/CommonDataSubscriber.h:32:10:\x1b[m\x1b[K \x1b[01;31m\x1b[Kfatal error: \x1b[m\x1b[Kmessage_filters/subscriber.hpp: No such file or directory\n'}
[114.627895] (rtabmap_sync) StderrLine: {'line': b'   32 | #include \x1b[01;31m\x1b[K<message_filters/subscriber.hpp>\x1b[m\x1b[K\n'}
[114.627944] (rtabmap_sync) StderrLine: {'line': b'      |          \x1b[01;31m\x1b[K^~~~~~~~~~~~~~~~~~~~~~~~~~~~~~~~\x1b[m\x1b[K\n'}
[114.627984] (rtabmap_sync) StderrLine: {'line': b'In file included from \x1b[01m\x1b[K/workspaces/isaac_ros-dev/Development/ros2/src/rtabmap_ros/rtabmap_sync/src/impl/CommonDataSubscriberSensorData.cpp:28\x1b[m\x1b[K:\n'}
[114.628024] (rtabmap_sync) StderrLine: {'line': b'\x1b[01m\x1b[K/workspaces/isaac_ros-dev/Development/ros2/src/rtabmap_ros/rtabmap_sync/include/rtabmap_sync/CommonDataSubscriber.h:32:10:\x1b[m\x1b[K \x1b[01;31m\x1b[Kfatal error: \x1b[m\x1b[Kmessage_filters/subscriber.hpp: No such file or directory\n'}
[114.628061] (rtabmap_sync) StderrLine: {'line': b'   32 | #include \x1b[01;31m\x1b[K<message_filters/subscriber.hpp>\x1b[m\x1b[K\n'}
[114.628100] (rtabmap_sync) StderrLine: {'line': b'      |          \x1b[01;31m\x1b[K^~~~~~~~~~~~~~~~~~~~~~~~~~~~~~~~\x1b[m\x1b[K\n'}
[114.628136] (rtabmap_sync) StderrLine: {'line': b'In file included from \x1b[01m\x1b[K/workspaces/isaac_ros-dev/Development/ros2/src/rtabmap_ros/rtabmap_sync/src/impl/CommonDataSubscriberStereo.cpp:28\x1b[m\x1b[K:\n'}
[114.628171] (rtabmap_sync) StderrLine: {'line': b'\x1b[01m\x1b[K/workspaces/isaac_ros-dev/Development/ros2/src/rtabmap_ros/rtabmap_sync/include/rtabmap_sync/CommonDataSubscriber.h:32:10:\x1b[m\x1b[K \x1b[01;31m\x1b[Kfatal error: \x1b[m\x1b[Kmessage_filters/subscriber.hpp: No such file or directory\n'}
[114.628690] (rtabmap_sync) StderrLine: {'line': b'   32 | #include \x1b[01;31m\x1b[K<message_filters/subscriber.hpp>\x1b[m\x1b[K\n'}
[114.628777] (rtabmap_sync) StderrLine: {'line': b'      |          \x1b[01;31m\x1b[K^~~~~~~~~~~~~~~~~~~~~~~~~~~~~~~~\x1b[m\x1b[K\n'}
[114.628825] (rtabmap_sync) StderrLine: {'line': b'In file included from \x1b[01m\x1b[K/workspaces/isaac_ros-dev/Development/ros2/src/rtabmap_ros/rtabmap_sync/src/impl/CommonDataSubscriberDepth.cpp:28\x1b[m\x1b[K:\n'}
[114.628861] (rtabmap_sync) StderrLine: {'line': b'\x1b[01m\x1b[K/workspaces/isaac_ros-dev/Development/ros2/src/rtabmap_ros/rtabmap_sync/include/rtabmap_sync/CommonDataSubscriber.h:32:10:\x1b[m\x1b[K \x1b[01;31m\x1b[Kfatal error: \x1b[m\x1b[Kmessage_filters/subscriber.hpp: No such file or directory\n'}
[114.628899] (rtabmap_sync) StderrLine: {'line': b'   32 | #include \x1b[01;31m\x1b[K<message_filters/subscriber.hpp>\x1b[m\x1b[K\n'}
[114.628938] (rtabmap_sync) StderrLine: {'line': b'      |          \x1b[01;31m\x1b[K^~~~~~~~~~~~~~~~~~~~~~~~~~~~~~~~\x1b[m\x1b[K\n'}
[114.628973] (rtabmap_sync) StderrLine: {'line': b'In file included from \x1b[01m\x1b[K/workspaces/isaac_ros-dev/Development/ros2/src/rtabmap_ros/rtabmap_sync/src/CommonDataSubscriber.cpp:28\x1b[m\x1b[K:\n'}
[114.629010] (rtabmap_sync) StderrLine: {'line': b'\x1b[01m\x1b[K/workspaces/isaac_ros-dev/Development/ros2/src/rtabmap_ros/rtabmap_sync/include/rtabmap_sync/CommonDataSubscriber.h:32:10:\x1b[m\x1b[K \x1b[01;31m\x1b[Kfatal error: \x1b[m\x1b[Kmessage_filters/subscriber.hpp: No such file or directory\n'}
[114.629054] (rtabmap_sync) StderrLine: {'line': b'   32 | #include \x1b[01;31m\x1b[K<message_filters/subscriber.hpp>\x1b[m\x1b[K\n'}
[114.629093] (rtabmap_sync) StderrLine: {'line': b'      |          \x1b[01;31m\x1b[K^~~~~~~~~~~~~~~~~~~~~~~~~~~~~~~~\x1b[m\x1b[K\n'}
[114.629128] (rtabmap_sync) StderrLine: {'line': b'compilation terminated.\n'}
[114.629162] (rtabmap_sync) StderrLine: {'line': b'compilation terminated.\n'}
[114.629196] (rtabmap_sync) StderrLine: {'line': b'compilation terminated.\n'}
[114.629232] (rtabmap_sync) StderrLine: {'line': b'compilation terminated.\n'}
[114.629266] (rtabmap_sync) StderrLine: {'line': b'compilation terminated.\n'}
[114.629300] (rtabmap_sync) StderrLine: {'line': b'In file included from \x1b[01m\x1b[K/workspaces/isaac_ros-dev/Development/ros2/src/rtabmap_ros/rtabmap_sync/src/impl/CommonDataSubscriberScan.cpp:28\x1b[m\x1b[K:\n'}
[114.629335] (rtabmap_sync) StderrLine: {'line': b'\x1b[01m\x1b[K/workspaces/isaac_ros-dev/Development/ros2/src/rtabmap_ros/rtabmap_sync/include/rtabmap_sync/CommonDataSubscriber.h:32:10:\x1b[m\x1b[K \x1b[01;31m\x1b[Kfatal error: \x1b[m\x1b[Kmessage_filters/subscriber.hpp: No such file or directory\n'}
[114.629371] (rtabmap_sync) StderrLine: {'line': b'   32 | #include \x1b[01;31m\x1b[K<message_filters/subscriber.hpp>\x1b[m\x1b[K\n'}
[114.629486] (rtabmap_sync) StderrLine: {'line': b'      |          \x1b[01;31m\x1b[K^~~~~~~~~~~~~~~~~~~~~~~~~~~~~~~~\x1b[m\x1b[K\n'}
[114.629526] (rtabmap_sync) StderrLine: {'line': b'compilation terminated.\n'}
[114.629561] (rtabmap_sync) StderrLine: {'line': b'In file included from \x1b[01m\x1b[K/workspaces/isaac_ros-dev/Development/ros2/src/rtabmap_ros/rtabmap_sync/src/impl/CommonDataSubscriberOdom.cpp:28\x1b[m\x1b[K:\n'}
[114.629595] (rtabmap_sync) StderrLine: {'line': b'\x1b[01m\x1b[K/workspaces/isaac_ros-dev/Development/ros2/src/rtabmap_ros/rtabmap_sync/include/rtabmap_sync/CommonDataSubscriber.h:32:10:\x1b[m\x1b[K \x1b[01;31m\x1b[Kfatal error: \x1b[m\x1b[Kmessage_filters/subscriber.hpp: No such file or directory\n'}
[114.629629] (rtabmap_sync) StderrLine: {'line': b'   32 | #include \x1b[01;31m\x1b[K<message_filters/subscriber.hpp>\x1b[m\x1b[K\n'}
[114.629680] (rtabmap_sync) StderrLine: {'line': b'      |          \x1b[01;31m\x1b[K^~~~~~~~~~~~~~~~~~~~~~~~~~~~~~~~\x1b[m\x1b[K\n'}
[114.629718] (rtabmap_sync) StderrLine: {'line': b'compilation terminated.\n'}
[114.629755] (rtabmap_sync) StderrLine: {'line': b'In file included from \x1b[01m\x1b[K/workspaces/isaac_ros-dev/Development/ros2/src/rtabmap_ros/rtabmap_sync/src/impl/CommonDataSubscriberRGBD.cpp:28\x1b[m\x1b[K:\n'}
[114.629794] (rtabmap_sync) StderrLine: {'line': b'\x1b[01m\x1b[K/workspaces/isaac_ros-dev/Development/ros2/src/rtabmap_ros/rtabmap_sync/include/rtabmap_sync/CommonDataSubscriber.h:32:10:\x1b[m\x1b[K \x1b[01;31m\x1b[Kfatal error: \x1b[m\x1b[Kmessage_filters/subscriber.hpp: No such file or directory\n'}
[114.629831] (rtabmap_sync) StderrLine: {'line': b'   32 | #include \x1b[01;31m\x1b[K<message_filters/subscriber.hpp>\x1b[m\x1b[K\n'}
[114.629864] (rtabmap_sync) StderrLine: {'line': b'      |          \x1b[01;31m\x1b[K^~~~~~~~~~~~~~~~~~~~~~~~~~~~~~~~\x1b[m\x1b[K\n'}
[114.629898] (rtabmap_sync) StderrLine: {'line': b'compilation terminated.\n'}
[114.629936] (rtabmap_sync) StderrLine: {'line': b'In file included from \x1b[01m\x1b[K/workspaces/isaac_ros-dev/Development/ros2/src/rtabmap_ros/rtabmap_sync/src/impl/CommonDataSubscriberRGBDX.cpp:28\x1b[m\x1b[K:\n'}
[114.629973] (rtabmap_sync) StderrLine: {'line': b'\x1b[01m\x1b[K/workspaces/isaac_ros-dev/Development/ros2/src/rtabmap_ros/rtabmap_sync/include/rtabmap_sync/CommonDataSubscriber.h:32:10:\x1b[m\x1b[K \x1b[01;31m\x1b[Kfatal error: \x1b[m\x1b[Kmessage_filters/subscriber.hpp: No such file or directory\n'}
[114.630011] (rtabmap_sync) StderrLine: {'line': b'   32 | #include \x1b[01;31m\x1b[K<message_filters/subscriber.hpp>\x1b[m\x1b[K\n'}
[114.630070] (rtabmap_sync) StderrLine: {'line': b'      |          \x1b[01;31m\x1b[K^~~~~~~~~~~~~~~~~~~~~~~~~~~~~~~~\x1b[m\x1b[K\n'}
[114.630110] (rtabmap_sync) StderrLine: {'line': b'compilation terminated.\n'}
[114.630145] (rtabmap_sync) StderrLine: {'line': b'make[2]: *** [CMakeFiles/rtabmap_sync.dir/build.make:118: CMakeFiles/rtabmap_sync.dir/src/impl/CommonDataSubscriberRGB.cpp.o] Error 1\n'}
[114.630183] (rtabmap_sync) StderrLine: {'line': b'make[2]: *** Waiting for unfinished jobs....\n'}
[114.630726] (rtabmap_sync) StderrLine: {'line': b'make[2]: *** [CMakeFiles/rtabmap_sync.dir/build.make:76: CMakeFiles/rtabmap_sync.dir/src/CommonDataSubscriber.cpp.o] Error 1\n'}
[114.630778] (rtabmap_sync) StderrLine: {'line': b'make[2]: *** [CMakeFiles/rtabmap_sync.dir/build.make:90: CMakeFiles/rtabmap_sync.dir/src/impl/CommonDataSubscriberDepth.cpp.o] Error 1\n'}
[114.630816] (rtabmap_sync) StderrLine: {'line': b'make[2]: *** [CMakeFiles/rtabmap_sync.dir/build.make:174: CMakeFiles/rtabmap_sync.dir/src/impl/CommonDataSubscriberOdom.cpp.o] Error 1\n'}
[114.630856] (rtabmap_sync) StderrLine: {'line': b'make[2]: *** [CMakeFiles/rtabmap_sync.dir/build.make:132: CMakeFiles/rtabmap_sync.dir/src/impl/CommonDataSubscriberRGBD.cpp.o] Error 1\n'}
[114.630889] (rtabmap_sync) StderrLine: {'line': b'make[2]: *** [CMakeFiles/rtabmap_sync.dir/build.make:188: CMakeFiles/rtabmap_sync.dir/src/impl/CommonDataSubscriberSensorData.cpp.o] Error 1\n'}
[114.630925] (rtabmap_sync) StderrLine: {'line': b'make[2]: *** [CMakeFiles/rtabmap_sync.dir/build.make:146: CMakeFiles/rtabmap_sync.dir/src/impl/CommonDataSubscriberRGBDX.cpp.o] Error 1\n'}
[114.630962] (rtabmap_sync) StderrLine: {'line': b'make[2]: *** [CMakeFiles/rtabmap_sync.dir/build.make:160: CMakeFiles/rtabmap_sync.dir/src/impl/CommonDataSubscriberScan.cpp.o] Error 1\n'}
[114.630997] (rtabmap_sync) StderrLine: {'line': b'make[2]: *** [CMakeFiles/rtabmap_sync.dir/build.make:104: CMakeFiles/rtabmap_sync.dir/src/impl/CommonDataSubscriberStereo.cpp.o] Error 1\n'}
[114.631034] (rtabmap_sync) StderrLine: {'line': b'make[1]: *** [CMakeFiles/Makefile2:147: CMakeFiles/rtabmap_sync.dir/all] Error 2\n'}
[114.631067] (rtabmap_sync) StderrLine: {'line': b'make[1]: *** Waiting for unfinished jobs....\n'}
[114.688597] (-) TimerEvent: {}
[114.789046] (-) TimerEvent: {}
[114.889548] (-) TimerEvent: {}
[114.894289] (rtabmap_sync) StderrLine: {'line': b'In file included from \x1b[01m\x1b[K/workspaces/isaac_ros-dev/Development/ros2/src/rtabmap_ros/rtabmap_sync/src/nodelets/stereo_sync.cpp:28\x1b[m\x1b[K:\n'}
[114.894524] (rtabmap_sync) StderrLine: {'line': b'\x1b[01m\x1b[K/workspaces/isaac_ros-dev/Development/ros2/src/rtabmap_ros/rtabmap_sync/include/rtabmap_sync/stereo_sync.hpp:37:10:\x1b[m\x1b[K \x1b[01;31m\x1b[Kfatal error: \x1b[m\x1b[Kmessage_filters/sync_policies/approximate_time.hpp: No such file or directory\n'}
[114.894581] (rtabmap_sync) StderrLine: {'line': b'   37 | #include \x1b[01;31m\x1b[K<message_filters/sync_policies/approximate_time.hpp>\x1b[m\x1b[K\n'}
[114.894624] (rtabmap_sync) StderrLine: {'line': b'      |          \x1b[01;31m\x1b[K^~~~~~~~~~~~~~~~~~~~~~~~~~~~~~~~~~~~~~~~~~~~~~~~~~~~\x1b[m\x1b[K\n'}
[114.894663] (rtabmap_sync) StderrLine: {'line': b'compilation terminated.\n'}
[114.900757] (rtabmap_sync) StderrLine: {'line': b'make[2]: *** [CMakeFiles/rtabmap_sync_plugins.dir/build.make:104: CMakeFiles/rtabmap_sync_plugins.dir/src/nodelets/stereo_sync.cpp.o] Error 1\n'}
[114.900864] (rtabmap_sync) StderrLine: {'line': b'make[2]: *** Waiting for unfinished jobs....\n'}
[114.941165] (rtabmap_sync) StderrLine: {'line': b'In file included from \x1b[01m\x1b[K/workspaces/isaac_ros-dev/Development/ros2/src/rtabmap_ros/rtabmap_sync/src/nodelets/rgbdx_sync.cpp:28\x1b[m\x1b[K:\n'}
[114.941479] (rtabmap_sync) StderrLine: {'line': b'\x1b[01m\x1b[K/workspaces/isaac_ros-dev/Development/ros2/src/rtabmap_ros/rtabmap_sync/include/rtabmap_sync/rgbdx_sync.hpp:37:10:\x1b[m\x1b[K \x1b[01;31m\x1b[Kfatal error: \x1b[m\x1b[Kmessage_filters/sync_policies/approximate_time.hpp: No such file or directory\n'}
[114.941555] (rtabmap_sync) StderrLine: {'line': b'   37 | #include \x1b[01;31m\x1b[K<message_filters/sync_policies/approximate_time.hpp>\x1b[m\x1b[K\n'}
[114.941600] (rtabmap_sync) StderrLine: {'line': b'      |          \x1b[01;31m\x1b[K^~~~~~~~~~~~~~~~~~~~~~~~~~~~~~~~~~~~~~~~~~~~~~~~~~~~\x1b[m\x1b[K\n'}
[114.941638] (rtabmap_sync) StderrLine: {'line': b'compilation terminated.\n'}
[114.945917] (rtabmap_sync) StderrLine: {'line': b'make[2]: *** [CMakeFiles/rtabmap_sync_plugins.dir/build.make:76: CMakeFiles/rtabmap_sync_plugins.dir/src/nodelets/rgbdx_sync.cpp.o] Error 1\n'}
[114.956911] (rtabmap_sync) StderrLine: {'line': b'In file included from \x1b[01m\x1b[K/workspaces/isaac_ros-dev/Development/ros2/src/rtabmap_ros/rtabmap_sync/src/nodelets/rgb_sync.cpp:28\x1b[m\x1b[K:\n'}
[114.957081] (rtabmap_sync) StderrLine: {'line': b'\x1b[01m\x1b[K/workspaces/isaac_ros-dev/Development/ros2/src/rtabmap_ros/rtabmap_sync/include/rtabmap_sync/rgb_sync.hpp:37:10:\x1b[m\x1b[K \x1b[01;31m\x1b[Kfatal error: \x1b[m\x1b[Kmessage_filters/sync_policies/approximate_time.hpp: No such file or directory\n'}
[114.957156] (rtabmap_sync) StderrLine: {'line': b'   37 | #include \x1b[01;31m\x1b[K<message_filters/sync_policies/approximate_time.hpp>\x1b[m\x1b[K\n'}
[114.957203] (rtabmap_sync) StderrLine: {'line': b'      |          \x1b[01;31m\x1b[K^~~~~~~~~~~~~~~~~~~~~~~~~~~~~~~~~~~~~~~~~~~~~~~~~~~~\x1b[m\x1b[K\n'}
[114.957248] (rtabmap_sync) StderrLine: {'line': b'compilation terminated.\n'}
[114.961904] (rtabmap_sync) StderrLine: {'line': b'make[2]: *** [CMakeFiles/rtabmap_sync_plugins.dir/build.make:118: CMakeFiles/rtabmap_sync_plugins.dir/src/nodelets/rgb_sync.cpp.o] Error 1\n'}
[114.978561] (rtabmap_sync) StderrLine: {'line': b'In file included from \x1b[01m\x1b[K/workspaces/isaac_ros-dev/Development/ros2/src/rtabmap_ros/rtabmap_sync/src/nodelets/rgbd_sync.cpp:28\x1b[m\x1b[K:\n'}
[114.978720] (rtabmap_sync) StderrLine: {'line': b'\x1b[01m\x1b[K/workspaces/isaac_ros-dev/Development/ros2/src/rtabmap_ros/rtabmap_sync/include/rtabmap_sync/rgbd_sync.hpp:37:10:\x1b[m\x1b[K \x1b[01;31m\x1b[Kfatal error: \x1b[m\x1b[Kmessage_filters/sync_policies/approximate_time.hpp: No such file or directory\n'}
[114.978771] (rtabmap_sync) StderrLine: {'line': b'   37 | #include \x1b[01;31m\x1b[K<message_filters/sync_policies/approximate_time.hpp>\x1b[m\x1b[K\n'}
[114.978811] (rtabmap_sync) StderrLine: {'line': b'      |          \x1b[01;31m\x1b[K^~~~~~~~~~~~~~~~~~~~~~~~~~~~~~~~~~~~~~~~~~~~~~~~~~~~\x1b[m\x1b[K\n'}
[114.978851] (rtabmap_sync) StderrLine: {'line': b'compilation terminated.\n'}
[114.982967] (rtabmap_sync) StderrLine: {'line': b'make[2]: *** [CMakeFiles/rtabmap_sync_plugins.dir/build.make:90: CMakeFiles/rtabmap_sync_plugins.dir/src/nodelets/rgbd_sync.cpp.o] Error 1\n'}
[114.983108] (rtabmap_sync) StderrLine: {'line': b'make[1]: *** [CMakeFiles/Makefile2:173: CMakeFiles/rtabmap_sync_plugins.dir/all] Error 2\n'}
[114.983721] (rtabmap_sync) StderrLine: {'line': b'make: *** [Makefile:146: all] Error 2\n'}
[114.986450] (rtabmap_sync) CommandEnded: {'returncode': 2}
[114.990151] (-) TimerEvent: {}
[115.090894] (-) TimerEvent: {}
[115.192125] (-) TimerEvent: {}
[115.228731] (rtabmap_sync) JobEnded: {'identifier': 'rtabmap_sync', 'rc': 2}
[115.292438] (-) TimerEvent: {}
[115.392955] (-) TimerEvent: {}
[115.493427] (-) TimerEvent: {}
[115.593857] (-) TimerEvent: {}
[115.617671] (rtabmap_util) StdoutLine: {'line': b'-- Configuring done\n'}
[115.694116] (-) TimerEvent: {}
[115.794657] (-) TimerEvent: {}
[115.895130] (-) TimerEvent: {}
[115.995688] (-) TimerEvent: {}
[116.053327] (rtabmap_util) StdoutLine: {'line': b'-- Generating done\n'}
[116.055574] (rtabmap_util) StderrLine: {'line': b'\x1b[33mCMake Warning:\n'}
[116.055766] (rtabmap_util) StderrLine: {'line': b'  Manually-specified variables were not used by the project:\n'}
[116.055826] (rtabmap_util) StderrLine: {'line': b'\n'}
[116.055871] (rtabmap_util) StderrLine: {'line': b'    BUILD_APP\n'}
[116.055910] (rtabmap_util) StderrLine: {'line': b'    BUILD_EXAMPLES\n'}
[116.055958] (rtabmap_util) StderrLine: {'line': b'    BUILD_TOOLS\n'}
[116.056303] (rtabmap_util) StderrLine: {'line': b'    WITH_G2O\n'}
[116.056375] (rtabmap_util) StderrLine: {'line': b'    WITH_GTSAM\n'}
[116.056419] (rtabmap_util) StderrLine: {'line': b'    WITH_POINTMATCHER\n'}
[116.056456] (rtabmap_util) StderrLine: {'line': b'    WITH_QT\n'}
[116.056492] (rtabmap_util) StderrLine: {'line': b'\n'}
[116.056526] (rtabmap_util) StderrLine: {'line': b'\x1b[0m\n'}
[116.056559] (rtabmap_util) StdoutLine: {'line': b'-- Build files have been written to: /workspaces/isaac_ros-dev/Development/ros2/build/rtabmap_util\n'}
[116.079772] (rtabmap_util) JobEnded: {'identifier': 'rtabmap_util', 'rc': 'SIGINT'}
[116.090806] (rtabmap_rviz_plugins) JobSkipped: {'identifier': 'rtabmap_rviz_plugins'}
[116.090910] (rtabmap_odom) JobSkipped: {'identifier': 'rtabmap_odom'}
[116.090928] (rtabmap_slam) JobSkipped: {'identifier': 'rtabmap_slam'}
[116.090940] (rtabmap_viz) JobSkipped: {'identifier': 'rtabmap_viz'}
[116.090952] (rtabmap_launch) JobSkipped: {'identifier': 'rtabmap_launch'}
[116.090975] (-) EventReactorShutdown: {}
