[1.763s] DEBUG:colcon:Command line arguments: ['/usr/bin/colcon', 'build']
[1.763s] DEBUG:colcon:Parsed command line arguments: Namespace(allow_overriding=[], ament_cmake_args=None, base_paths=['.'], build_base='build', catkin_cmake_args=None, catkin_skip_building_tests=False, cmake_args=None, cmake_clean_cache=False, cmake_clean_first=False, cmake_force_configure=False, cmake_target=None, cmake_target_skip_unavailable=False, continue_on_error=False, event_handlers=None, executor='parallel', ignore_user_meta=False, install_base='install', log_base=None, log_level=None, main=<bound method BuildVerb.main of <colcon_core.verb.build.BuildVerb object at 0x77ea3b76b3d0>>, merge_install=False, metas=['./colcon.meta'], packages_above=None, packages_above_and_dependencies=None, packages_above_depth=None, packages_end=None, packages_ignore=None, packages_ignore_regex=None, packages_select=None, packages_select_build_failed=False, packages_select_by_dep=None, packages_select_regex=None, packages_select_test_failures=False, packages_skip=None, packages_skip_build_finished=False, packages_skip_by_dep=None, packages_skip_regex=None, packages_skip_test_passed=False, packages_skip_up_to=None, packages_start=None, packages_up_to=None, packages_up_to_regex=None, parallel_workers=28, paths=None, symlink_install=False, test_result_base=None, verb_extension=<colcon_core.verb.build.BuildVerb object at 0x77ea3b76b3d0>, verb_name='build', verb_parser=<colcon_defaults.argument_parser.defaults.DefaultArgumentsDecorator object at 0x77ea3b0f2b80>)
[1.844s] Level 1:colcon.colcon_core.package_discovery:discover_packages(colcon_meta) check parameters
[1.844s] Level 1:colcon.colcon_core.package_discovery:discover_packages(recursive) check parameters
[1.844s] Level 1:colcon.colcon_core.package_discovery:discover_packages(ignore) check parameters
[1.844s] Level 1:colcon.colcon_core.package_discovery:discover_packages(path) check parameters
[1.844s] Level 1:colcon.colcon_core.package_discovery:discover_packages(colcon_meta) discover
[1.844s] Level 1:colcon.colcon_core.package_discovery:discover_packages(recursive) discover
[1.844s] INFO:colcon.colcon_core.package_discovery:Crawling recursively for packages in '/workspaces/isaac_ros-dev'
[1.844s] Level 1:colcon.colcon_core.package_identification:_identify(.) by extensions ['ignore', 'ignore_ament_install']
[1.844s] Level 1:colcon.colcon_core.package_identification:_identify(.) by extension 'ignore'
[1.844s] Level 1:colcon.colcon_core.package_identification:_identify(.) by extension 'ignore_ament_install'
[1.844s] Level 1:colcon.colcon_core.package_identification:_identify(.) by extensions ['colcon_pkg']
[1.844s] Level 1:colcon.colcon_core.package_identification:_identify(.) by extension 'colcon_pkg'
[1.844s] Level 1:colcon.colcon_core.package_identification:_identify(.) by extensions ['colcon_meta']
[1.844s] Level 1:colcon.colcon_core.package_identification:_identify(.) by extension 'colcon_meta'
[1.844s] Level 1:colcon.colcon_core.package_identification:_identify(.) by extensions ['ros']
[1.844s] Level 1:colcon.colcon_core.package_identification:_identify(.) by extension 'ros'
[1.854s] Level 1:colcon.colcon_core.package_identification:_identify(.) by extensions ['cmake', 'python']
[1.854s] Level 1:colcon.colcon_core.package_identification:_identify(.) by extension 'cmake'
[1.854s] Level 1:colcon.colcon_core.package_identification:_identify(.) by extension 'python'
[1.854s] Level 1:colcon.colcon_core.package_identification:_identify(.) by extensions ['python_setup_py']
[1.854s] Level 1:colcon.colcon_core.package_identification:_identify(.) by extension 'python_setup_py'
[1.854s] Level 1:colcon.colcon_core.package_identification:_identify(MDC_libraries) by extensions ['ignore', 'ignore_ament_install']
[1.854s] Level 1:colcon.colcon_core.package_identification:_identify(MDC_libraries) by extension 'ignore'
[1.854s] Level 1:colcon.colcon_core.package_identification:_identify(MDC_libraries) by extension 'ignore_ament_install'
[1.854s] Level 1:colcon.colcon_core.package_identification:_identify(MDC_libraries) by extensions ['colcon_pkg']
[1.854s] Level 1:colcon.colcon_core.package_identification:_identify(MDC_libraries) by extension 'colcon_pkg'
[1.854s] Level 1:colcon.colcon_core.package_identification:_identify(MDC_libraries) by extensions ['colcon_meta']
[1.854s] Level 1:colcon.colcon_core.package_identification:_identify(MDC_libraries) by extension 'colcon_meta'
[1.854s] Level 1:colcon.colcon_core.package_identification:_identify(MDC_libraries) by extensions ['ros']
[1.854s] Level 1:colcon.colcon_core.package_identification:_identify(MDC_libraries) by extension 'ros'
[1.854s] Level 1:colcon.colcon_core.package_identification:_identify(MDC_libraries) by extensions ['cmake', 'python']
[1.854s] Level 1:colcon.colcon_core.package_identification:_identify(MDC_libraries) by extension 'cmake'
[1.854s] Level 1:colcon.colcon_core.package_identification:_identify(MDC_libraries) by extension 'python'
[1.854s] Level 1:colcon.colcon_core.package_identification:_identify(MDC_libraries) by extensions ['python_setup_py']
[1.854s] Level 1:colcon.colcon_core.package_identification:_identify(MDC_libraries) by extension 'python_setup_py'
[1.854s] Level 1:colcon.colcon_core.package_identification:_identify(MDC_libraries/python) by extensions ['ignore', 'ignore_ament_install']
[1.854s] Level 1:colcon.colcon_core.package_identification:_identify(MDC_libraries/python) by extension 'ignore'
[1.854s] Level 1:colcon.colcon_core.package_identification:_identify(MDC_libraries/python) by extension 'ignore_ament_install'
[1.854s] Level 1:colcon.colcon_core.package_identification:_identify(MDC_libraries/python) by extensions ['colcon_pkg']
[1.854s] Level 1:colcon.colcon_core.package_identification:_identify(MDC_libraries/python) by extension 'colcon_pkg'
[1.854s] Level 1:colcon.colcon_core.package_identification:_identify(MDC_libraries/python) by extensions ['colcon_meta']
[1.854s] Level 1:colcon.colcon_core.package_identification:_identify(MDC_libraries/python) by extension 'colcon_meta'
[1.854s] Level 1:colcon.colcon_core.package_identification:_identify(MDC_libraries/python) by extensions ['ros']
[1.854s] Level 1:colcon.colcon_core.package_identification:_identify(MDC_libraries/python) by extension 'ros'
[1.854s] Level 1:colcon.colcon_core.package_identification:_identify(MDC_libraries/python) by extensions ['cmake', 'python']
[1.854s] Level 1:colcon.colcon_core.package_identification:_identify(MDC_libraries/python) by extension 'cmake'
[1.854s] Level 1:colcon.colcon_core.package_identification:_identify(MDC_libraries/python) by extension 'python'
[1.855s] Level 1:colcon.colcon_core.package_identification:_identify(MDC_libraries/python) by extensions ['python_setup_py']
[1.855s] Level 1:colcon.colcon_core.package_identification:_identify(MDC_libraries/python) by extension 'python_setup_py'
[1.855s] Level 1:colcon.colcon_core.package_identification:_identify(MDC_libraries/python/hal) by extensions ['ignore', 'ignore_ament_install']
[1.855s] Level 1:colcon.colcon_core.package_identification:_identify(MDC_libraries/python/hal) by extension 'ignore'
[1.855s] Level 1:colcon.colcon_core.package_identification:_identify(MDC_libraries/python/hal) by extension 'ignore_ament_install'
[1.855s] Level 1:colcon.colcon_core.package_identification:_identify(MDC_libraries/python/hal) by extensions ['colcon_pkg']
[1.855s] Level 1:colcon.colcon_core.package_identification:_identify(MDC_libraries/python/hal) by extension 'colcon_pkg'
[1.855s] Level 1:colcon.colcon_core.package_identification:_identify(MDC_libraries/python/hal) by extensions ['colcon_meta']
[1.855s] Level 1:colcon.colcon_core.package_identification:_identify(MDC_libraries/python/hal) by extension 'colcon_meta'
[1.855s] Level 1:colcon.colcon_core.package_identification:_identify(MDC_libraries/python/hal) by extensions ['ros']
[1.855s] Level 1:colcon.colcon_core.package_identification:_identify(MDC_libraries/python/hal) by extension 'ros'
[1.855s] Level 1:colcon.colcon_core.package_identification:_identify(MDC_libraries/python/hal) by extensions ['cmake', 'python']
[1.855s] Level 1:colcon.colcon_core.package_identification:_identify(MDC_libraries/python/hal) by extension 'cmake'
[1.855s] Level 1:colcon.colcon_core.package_identification:_identify(MDC_libraries/python/hal) by extension 'python'
[1.855s] Level 1:colcon.colcon_core.package_identification:_identify(MDC_libraries/python/hal) by extensions ['python_setup_py']
[1.855s] Level 1:colcon.colcon_core.package_identification:_identify(MDC_libraries/python/hal) by extension 'python_setup_py'
[1.855s] Level 1:colcon.colcon_core.package_identification:_identify(MDC_libraries/python/hal/content) by extensions ['ignore', 'ignore_ament_install']
[1.855s] Level 1:colcon.colcon_core.package_identification:_identify(MDC_libraries/python/hal/content) by extension 'ignore'
[1.855s] Level 1:colcon.colcon_core.package_identification:_identify(MDC_libraries/python/hal/content) by extension 'ignore_ament_install'
[1.855s] Level 1:colcon.colcon_core.package_identification:_identify(MDC_libraries/python/hal/content) by extensions ['colcon_pkg']
[1.855s] Level 1:colcon.colcon_core.package_identification:_identify(MDC_libraries/python/hal/content) by extension 'colcon_pkg'
[1.855s] Level 1:colcon.colcon_core.package_identification:_identify(MDC_libraries/python/hal/content) by extensions ['colcon_meta']
[1.855s] Level 1:colcon.colcon_core.package_identification:_identify(MDC_libraries/python/hal/content) by extension 'colcon_meta'
[1.855s] Level 1:colcon.colcon_core.package_identification:_identify(MDC_libraries/python/hal/content) by extensions ['ros']
[1.855s] Level 1:colcon.colcon_core.package_identification:_identify(MDC_libraries/python/hal/content) by extension 'ros'
[1.855s] Level 1:colcon.colcon_core.package_identification:_identify(MDC_libraries/python/hal/content) by extensions ['cmake', 'python']
[1.855s] Level 1:colcon.colcon_core.package_identification:_identify(MDC_libraries/python/hal/content) by extension 'cmake'
[1.855s] Level 1:colcon.colcon_core.package_identification:_identify(MDC_libraries/python/hal/content) by extension 'python'
[1.855s] Level 1:colcon.colcon_core.package_identification:_identify(MDC_libraries/python/hal/content) by extensions ['python_setup_py']
[1.855s] Level 1:colcon.colcon_core.package_identification:_identify(MDC_libraries/python/hal/content) by extension 'python_setup_py'
[1.855s] Level 1:colcon.colcon_core.package_identification:_identify(MDC_libraries/python/hal/products) by extensions ['ignore', 'ignore_ament_install']
[1.855s] Level 1:colcon.colcon_core.package_identification:_identify(MDC_libraries/python/hal/products) by extension 'ignore'
[1.855s] Level 1:colcon.colcon_core.package_identification:_identify(MDC_libraries/python/hal/products) by extension 'ignore_ament_install'
[1.855s] Level 1:colcon.colcon_core.package_identification:_identify(MDC_libraries/python/hal/products) by extensions ['colcon_pkg']
[1.855s] Level 1:colcon.colcon_core.package_identification:_identify(MDC_libraries/python/hal/products) by extension 'colcon_pkg'
[1.855s] Level 1:colcon.colcon_core.package_identification:_identify(MDC_libraries/python/hal/products) by extensions ['colcon_meta']
[1.855s] Level 1:colcon.colcon_core.package_identification:_identify(MDC_libraries/python/hal/products) by extension 'colcon_meta'
[1.856s] Level 1:colcon.colcon_core.package_identification:_identify(MDC_libraries/python/hal/products) by extensions ['ros']
[1.856s] Level 1:colcon.colcon_core.package_identification:_identify(MDC_libraries/python/hal/products) by extension 'ros'
[1.856s] Level 1:colcon.colcon_core.package_identification:_identify(MDC_libraries/python/hal/products) by extensions ['cmake', 'python']
[1.856s] Level 1:colcon.colcon_core.package_identification:_identify(MDC_libraries/python/hal/products) by extension 'cmake'
[1.856s] Level 1:colcon.colcon_core.package_identification:_identify(MDC_libraries/python/hal/products) by extension 'python'
[1.856s] Level 1:colcon.colcon_core.package_identification:_identify(MDC_libraries/python/hal/products) by extensions ['python_setup_py']
[1.856s] Level 1:colcon.colcon_core.package_identification:_identify(MDC_libraries/python/hal/products) by extension 'python_setup_py'
[1.856s] Level 1:colcon.colcon_core.package_identification:_identify(MDC_libraries/python/hal/utilities) by extensions ['ignore', 'ignore_ament_install']
[1.856s] Level 1:colcon.colcon_core.package_identification:_identify(MDC_libraries/python/hal/utilities) by extension 'ignore'
[1.856s] Level 1:colcon.colcon_core.package_identification:_identify(MDC_libraries/python/hal/utilities) by extension 'ignore_ament_install'
[1.856s] Level 1:colcon.colcon_core.package_identification:_identify(MDC_libraries/python/hal/utilities) by extensions ['colcon_pkg']
[1.856s] Level 1:colcon.colcon_core.package_identification:_identify(MDC_libraries/python/hal/utilities) by extension 'colcon_pkg'
[1.856s] Level 1:colcon.colcon_core.package_identification:_identify(MDC_libraries/python/hal/utilities) by extensions ['colcon_meta']
[1.856s] Level 1:colcon.colcon_core.package_identification:_identify(MDC_libraries/python/hal/utilities) by extension 'colcon_meta'
[1.856s] Level 1:colcon.colcon_core.package_identification:_identify(MDC_libraries/python/hal/utilities) by extensions ['ros']
[1.856s] Level 1:colcon.colcon_core.package_identification:_identify(MDC_libraries/python/hal/utilities) by extension 'ros'
[1.856s] Level 1:colcon.colcon_core.package_identification:_identify(MDC_libraries/python/hal/utilities) by extensions ['cmake', 'python']
[1.856s] Level 1:colcon.colcon_core.package_identification:_identify(MDC_libraries/python/hal/utilities) by extension 'cmake'
[1.856s] Level 1:colcon.colcon_core.package_identification:_identify(MDC_libraries/python/hal/utilities) by extension 'python'
[1.856s] Level 1:colcon.colcon_core.package_identification:_identify(MDC_libraries/python/hal/utilities) by extensions ['python_setup_py']
[1.856s] Level 1:colcon.colcon_core.package_identification:_identify(MDC_libraries/python/hal/utilities) by extension 'python_setup_py'
[1.856s] Level 1:colcon.colcon_core.package_identification:_identify(MDC_libraries/python/pit) by extensions ['ignore', 'ignore_ament_install']
[1.856s] Level 1:colcon.colcon_core.package_identification:_identify(MDC_libraries/python/pit) by extension 'ignore'
[1.856s] Level 1:colcon.colcon_core.package_identification:_identify(MDC_libraries/python/pit) by extension 'ignore_ament_install'
[1.856s] Level 1:colcon.colcon_core.package_identification:_identify(MDC_libraries/python/pit) by extensions ['colcon_pkg']
[1.856s] Level 1:colcon.colcon_core.package_identification:_identify(MDC_libraries/python/pit) by extension 'colcon_pkg'
[1.856s] Level 1:colcon.colcon_core.package_identification:_identify(MDC_libraries/python/pit) by extensions ['colcon_meta']
[1.856s] Level 1:colcon.colcon_core.package_identification:_identify(MDC_libraries/python/pit) by extension 'colcon_meta'
[1.856s] Level 1:colcon.colcon_core.package_identification:_identify(MDC_libraries/python/pit) by extensions ['ros']
[1.856s] Level 1:colcon.colcon_core.package_identification:_identify(MDC_libraries/python/pit) by extension 'ros'
[1.856s] Level 1:colcon.colcon_core.package_identification:_identify(MDC_libraries/python/pit) by extensions ['cmake', 'python']
[1.856s] Level 1:colcon.colcon_core.package_identification:_identify(MDC_libraries/python/pit) by extension 'cmake'
[1.856s] Level 1:colcon.colcon_core.package_identification:_identify(MDC_libraries/python/pit) by extension 'python'
[1.856s] Level 1:colcon.colcon_core.package_identification:_identify(MDC_libraries/python/pit) by extensions ['python_setup_py']
[1.856s] Level 1:colcon.colcon_core.package_identification:_identify(MDC_libraries/python/pit) by extension 'python_setup_py'
[1.856s] Level 1:colcon.colcon_core.package_identification:_identify(MDC_libraries/python/pit/LaneNet) by extensions ['ignore', 'ignore_ament_install']
[1.856s] Level 1:colcon.colcon_core.package_identification:_identify(MDC_libraries/python/pit/LaneNet) by extension 'ignore'
[1.856s] Level 1:colcon.colcon_core.package_identification:_identify(MDC_libraries/python/pit/LaneNet) by extension 'ignore_ament_install'
[1.857s] Level 1:colcon.colcon_core.package_identification:_identify(MDC_libraries/python/pit/LaneNet) by extensions ['colcon_pkg']
[1.857s] Level 1:colcon.colcon_core.package_identification:_identify(MDC_libraries/python/pit/LaneNet) by extension 'colcon_pkg'
[1.857s] Level 1:colcon.colcon_core.package_identification:_identify(MDC_libraries/python/pit/LaneNet) by extensions ['colcon_meta']
[1.857s] Level 1:colcon.colcon_core.package_identification:_identify(MDC_libraries/python/pit/LaneNet) by extension 'colcon_meta'
[1.857s] Level 1:colcon.colcon_core.package_identification:_identify(MDC_libraries/python/pit/LaneNet) by extensions ['ros']
[1.857s] Level 1:colcon.colcon_core.package_identification:_identify(MDC_libraries/python/pit/LaneNet) by extension 'ros'
[1.857s] Level 1:colcon.colcon_core.package_identification:_identify(MDC_libraries/python/pit/LaneNet) by extensions ['cmake', 'python']
[1.857s] Level 1:colcon.colcon_core.package_identification:_identify(MDC_libraries/python/pit/LaneNet) by extension 'cmake'
[1.857s] Level 1:colcon.colcon_core.package_identification:_identify(MDC_libraries/python/pit/LaneNet) by extension 'python'
[1.857s] Level 1:colcon.colcon_core.package_identification:_identify(MDC_libraries/python/pit/LaneNet) by extensions ['python_setup_py']
[1.857s] Level 1:colcon.colcon_core.package_identification:_identify(MDC_libraries/python/pit/LaneNet) by extension 'python_setup_py'
[1.857s] Level 1:colcon.colcon_core.package_identification:_identify(MDC_libraries/python/pit/LaneNet/architecture) by extensions ['ignore', 'ignore_ament_install']
[1.857s] Level 1:colcon.colcon_core.package_identification:_identify(MDC_libraries/python/pit/LaneNet/architecture) by extension 'ignore'
[1.857s] Level 1:colcon.colcon_core.package_identification:_identify(MDC_libraries/python/pit/LaneNet/architecture) by extension 'ignore_ament_install'
[1.857s] Level 1:colcon.colcon_core.package_identification:_identify(MDC_libraries/python/pit/LaneNet/architecture) by extensions ['colcon_pkg']
[1.857s] Level 1:colcon.colcon_core.package_identification:_identify(MDC_libraries/python/pit/LaneNet/architecture) by extension 'colcon_pkg'
[1.857s] Level 1:colcon.colcon_core.package_identification:_identify(MDC_libraries/python/pit/LaneNet/architecture) by extensions ['colcon_meta']
[1.857s] Level 1:colcon.colcon_core.package_identification:_identify(MDC_libraries/python/pit/LaneNet/architecture) by extension 'colcon_meta'
[1.857s] Level 1:colcon.colcon_core.package_identification:_identify(MDC_libraries/python/pit/LaneNet/architecture) by extensions ['ros']
[1.857s] Level 1:colcon.colcon_core.package_identification:_identify(MDC_libraries/python/pit/LaneNet/architecture) by extension 'ros'
[1.857s] Level 1:colcon.colcon_core.package_identification:_identify(MDC_libraries/python/pit/LaneNet/architecture) by extensions ['cmake', 'python']
[1.857s] Level 1:colcon.colcon_core.package_identification:_identify(MDC_libraries/python/pit/LaneNet/architecture) by extension 'cmake'
[1.857s] Level 1:colcon.colcon_core.package_identification:_identify(MDC_libraries/python/pit/LaneNet/architecture) by extension 'python'
[1.857s] Level 1:colcon.colcon_core.package_identification:_identify(MDC_libraries/python/pit/LaneNet/architecture) by extensions ['python_setup_py']
[1.857s] Level 1:colcon.colcon_core.package_identification:_identify(MDC_libraries/python/pit/LaneNet/architecture) by extension 'python_setup_py'
[1.857s] Level 1:colcon.colcon_core.package_identification:_identify(MDC_libraries/python/pit/LaneNet/architecture/backbone) by extensions ['ignore', 'ignore_ament_install']
[1.857s] Level 1:colcon.colcon_core.package_identification:_identify(MDC_libraries/python/pit/LaneNet/architecture/backbone) by extension 'ignore'
[1.857s] Level 1:colcon.colcon_core.package_identification:_identify(MDC_libraries/python/pit/LaneNet/architecture/backbone) by extension 'ignore_ament_install'
[1.857s] Level 1:colcon.colcon_core.package_identification:_identify(MDC_libraries/python/pit/LaneNet/architecture/backbone) by extensions ['colcon_pkg']
[1.857s] Level 1:colcon.colcon_core.package_identification:_identify(MDC_libraries/python/pit/LaneNet/architecture/backbone) by extension 'colcon_pkg'
[1.857s] Level 1:colcon.colcon_core.package_identification:_identify(MDC_libraries/python/pit/LaneNet/architecture/backbone) by extensions ['colcon_meta']
[1.857s] Level 1:colcon.colcon_core.package_identification:_identify(MDC_libraries/python/pit/LaneNet/architecture/backbone) by extension 'colcon_meta'
[1.857s] Level 1:colcon.colcon_core.package_identification:_identify(MDC_libraries/python/pit/LaneNet/architecture/backbone) by extensions ['ros']
[1.857s] Level 1:colcon.colcon_core.package_identification:_identify(MDC_libraries/python/pit/LaneNet/architecture/backbone) by extension 'ros'
[1.857s] Level 1:colcon.colcon_core.package_identification:_identify(MDC_libraries/python/pit/LaneNet/architecture/backbone) by extensions ['cmake', 'python']
[1.857s] Level 1:colcon.colcon_core.package_identification:_identify(MDC_libraries/python/pit/LaneNet/architecture/backbone) by extension 'cmake'
[1.857s] Level 1:colcon.colcon_core.package_identification:_identify(MDC_libraries/python/pit/LaneNet/architecture/backbone) by extension 'python'
[1.857s] Level 1:colcon.colcon_core.package_identification:_identify(MDC_libraries/python/pit/LaneNet/architecture/backbone) by extensions ['python_setup_py']
[1.857s] Level 1:colcon.colcon_core.package_identification:_identify(MDC_libraries/python/pit/LaneNet/architecture/backbone) by extension 'python_setup_py'
[1.858s] Level 1:colcon.colcon_core.package_identification:_identify(MDC_libraries/python/pit/LaneNet/architecture/backbone/deeplabv3_plus) by extensions ['ignore', 'ignore_ament_install']
[1.858s] Level 1:colcon.colcon_core.package_identification:_identify(MDC_libraries/python/pit/LaneNet/architecture/backbone/deeplabv3_plus) by extension 'ignore'
[1.858s] Level 1:colcon.colcon_core.package_identification:_identify(MDC_libraries/python/pit/LaneNet/architecture/backbone/deeplabv3_plus) by extension 'ignore_ament_install'
[1.858s] Level 1:colcon.colcon_core.package_identification:_identify(MDC_libraries/python/pit/LaneNet/architecture/backbone/deeplabv3_plus) by extensions ['colcon_pkg']
[1.858s] Level 1:colcon.colcon_core.package_identification:_identify(MDC_libraries/python/pit/LaneNet/architecture/backbone/deeplabv3_plus) by extension 'colcon_pkg'
[1.858s] Level 1:colcon.colcon_core.package_identification:_identify(MDC_libraries/python/pit/LaneNet/architecture/backbone/deeplabv3_plus) by extensions ['colcon_meta']
[1.858s] Level 1:colcon.colcon_core.package_identification:_identify(MDC_libraries/python/pit/LaneNet/architecture/backbone/deeplabv3_plus) by extension 'colcon_meta'
[1.858s] Level 1:colcon.colcon_core.package_identification:_identify(MDC_libraries/python/pit/LaneNet/architecture/backbone/deeplabv3_plus) by extensions ['ros']
[1.858s] Level 1:colcon.colcon_core.package_identification:_identify(MDC_libraries/python/pit/LaneNet/architecture/backbone/deeplabv3_plus) by extension 'ros'
[1.858s] Level 1:colcon.colcon_core.package_identification:_identify(MDC_libraries/python/pit/LaneNet/architecture/backbone/deeplabv3_plus) by extensions ['cmake', 'python']
[1.858s] Level 1:colcon.colcon_core.package_identification:_identify(MDC_libraries/python/pit/LaneNet/architecture/backbone/deeplabv3_plus) by extension 'cmake'
[1.858s] Level 1:colcon.colcon_core.package_identification:_identify(MDC_libraries/python/pit/LaneNet/architecture/backbone/deeplabv3_plus) by extension 'python'
[1.858s] Level 1:colcon.colcon_core.package_identification:_identify(MDC_libraries/python/pit/LaneNet/architecture/backbone/deeplabv3_plus) by extensions ['python_setup_py']
[1.858s] Level 1:colcon.colcon_core.package_identification:_identify(MDC_libraries/python/pit/LaneNet/architecture/backbone/deeplabv3_plus) by extension 'python_setup_py'
[1.858s] Level 1:colcon.colcon_core.package_identification:_identify(MDC_libraries/python/pit/LaneNet/architecture/backbone/deeplabv3_plus/sync_batchnorm) by extensions ['ignore', 'ignore_ament_install']
[1.858s] Level 1:colcon.colcon_core.package_identification:_identify(MDC_libraries/python/pit/LaneNet/architecture/backbone/deeplabv3_plus/sync_batchnorm) by extension 'ignore'
[1.858s] Level 1:colcon.colcon_core.package_identification:_identify(MDC_libraries/python/pit/LaneNet/architecture/backbone/deeplabv3_plus/sync_batchnorm) by extension 'ignore_ament_install'
[1.858s] Level 1:colcon.colcon_core.package_identification:_identify(MDC_libraries/python/pit/LaneNet/architecture/backbone/deeplabv3_plus/sync_batchnorm) by extensions ['colcon_pkg']
[1.858s] Level 1:colcon.colcon_core.package_identification:_identify(MDC_libraries/python/pit/LaneNet/architecture/backbone/deeplabv3_plus/sync_batchnorm) by extension 'colcon_pkg'
[1.858s] Level 1:colcon.colcon_core.package_identification:_identify(MDC_libraries/python/pit/LaneNet/architecture/backbone/deeplabv3_plus/sync_batchnorm) by extensions ['colcon_meta']
[1.858s] Level 1:colcon.colcon_core.package_identification:_identify(MDC_libraries/python/pit/LaneNet/architecture/backbone/deeplabv3_plus/sync_batchnorm) by extension 'colcon_meta'
[1.858s] Level 1:colcon.colcon_core.package_identification:_identify(MDC_libraries/python/pit/LaneNet/architecture/backbone/deeplabv3_plus/sync_batchnorm) by extensions ['ros']
[1.858s] Level 1:colcon.colcon_core.package_identification:_identify(MDC_libraries/python/pit/LaneNet/architecture/backbone/deeplabv3_plus/sync_batchnorm) by extension 'ros'
[1.858s] Level 1:colcon.colcon_core.package_identification:_identify(MDC_libraries/python/pit/LaneNet/architecture/backbone/deeplabv3_plus/sync_batchnorm) by extensions ['cmake', 'python']
[1.858s] Level 1:colcon.colcon_core.package_identification:_identify(MDC_libraries/python/pit/LaneNet/architecture/backbone/deeplabv3_plus/sync_batchnorm) by extension 'cmake'
[1.858s] Level 1:colcon.colcon_core.package_identification:_identify(MDC_libraries/python/pit/LaneNet/architecture/backbone/deeplabv3_plus/sync_batchnorm) by extension 'python'
[1.858s] Level 1:colcon.colcon_core.package_identification:_identify(MDC_libraries/python/pit/LaneNet/architecture/backbone/deeplabv3_plus/sync_batchnorm) by extensions ['python_setup_py']
[1.858s] Level 1:colcon.colcon_core.package_identification:_identify(MDC_libraries/python/pit/LaneNet/architecture/backbone/deeplabv3_plus/sync_batchnorm) by extension 'python_setup_py'
[1.858s] Level 1:colcon.colcon_core.package_identification:_identify(MDC_libraries/python/pit/YOLO) by extensions ['ignore', 'ignore_ament_install']
[1.858s] Level 1:colcon.colcon_core.package_identification:_identify(MDC_libraries/python/pit/YOLO) by extension 'ignore'
[1.858s] Level 1:colcon.colcon_core.package_identification:_identify(MDC_libraries/python/pit/YOLO) by extension 'ignore_ament_install'
[1.858s] Level 1:colcon.colcon_core.package_identification:_identify(MDC_libraries/python/pit/YOLO) by extensions ['colcon_pkg']
[1.858s] Level 1:colcon.colcon_core.package_identification:_identify(MDC_libraries/python/pit/YOLO) by extension 'colcon_pkg'
[1.858s] Level 1:colcon.colcon_core.package_identification:_identify(MDC_libraries/python/pit/YOLO) by extensions ['colcon_meta']
[1.858s] Level 1:colcon.colcon_core.package_identification:_identify(MDC_libraries/python/pit/YOLO) by extension 'colcon_meta'
[1.858s] Level 1:colcon.colcon_core.package_identification:_identify(MDC_libraries/python/pit/YOLO) by extensions ['ros']
[1.859s] Level 1:colcon.colcon_core.package_identification:_identify(MDC_libraries/python/pit/YOLO) by extension 'ros'
[1.859s] Level 1:colcon.colcon_core.package_identification:_identify(MDC_libraries/python/pit/YOLO) by extensions ['cmake', 'python']
[1.859s] Level 1:colcon.colcon_core.package_identification:_identify(MDC_libraries/python/pit/YOLO) by extension 'cmake'
[1.859s] Level 1:colcon.colcon_core.package_identification:_identify(MDC_libraries/python/pit/YOLO) by extension 'python'
[1.859s] Level 1:colcon.colcon_core.package_identification:_identify(MDC_libraries/python/pit/YOLO) by extensions ['python_setup_py']
[1.859s] Level 1:colcon.colcon_core.package_identification:_identify(MDC_libraries/python/pit/YOLO) by extension 'python_setup_py'
[1.859s] Level 1:colcon.colcon_core.package_identification:_identify(MDC_libraries/python/pit/YOLO/__pycache__) by extensions ['ignore', 'ignore_ament_install']
[1.859s] Level 1:colcon.colcon_core.package_identification:_identify(MDC_libraries/python/pit/YOLO/__pycache__) by extension 'ignore'
[1.859s] Level 1:colcon.colcon_core.package_identification:_identify(MDC_libraries/python/pit/YOLO/__pycache__) by extension 'ignore_ament_install'
[1.859s] Level 1:colcon.colcon_core.package_identification:_identify(MDC_libraries/python/pit/YOLO/__pycache__) by extensions ['colcon_pkg']
[1.859s] Level 1:colcon.colcon_core.package_identification:_identify(MDC_libraries/python/pit/YOLO/__pycache__) by extension 'colcon_pkg'
[1.859s] Level 1:colcon.colcon_core.package_identification:_identify(MDC_libraries/python/pit/YOLO/__pycache__) by extensions ['colcon_meta']
[1.859s] Level 1:colcon.colcon_core.package_identification:_identify(MDC_libraries/python/pit/YOLO/__pycache__) by extension 'colcon_meta'
[1.859s] Level 1:colcon.colcon_core.package_identification:_identify(MDC_libraries/python/pit/YOLO/__pycache__) by extensions ['ros']
[1.859s] Level 1:colcon.colcon_core.package_identification:_identify(MDC_libraries/python/pit/YOLO/__pycache__) by extension 'ros'
[1.859s] Level 1:colcon.colcon_core.package_identification:_identify(MDC_libraries/python/pit/YOLO/__pycache__) by extensions ['cmake', 'python']
[1.859s] Level 1:colcon.colcon_core.package_identification:_identify(MDC_libraries/python/pit/YOLO/__pycache__) by extension 'cmake'
[1.859s] Level 1:colcon.colcon_core.package_identification:_identify(MDC_libraries/python/pit/YOLO/__pycache__) by extension 'python'
[1.859s] Level 1:colcon.colcon_core.package_identification:_identify(MDC_libraries/python/pit/YOLO/__pycache__) by extensions ['python_setup_py']
[1.859s] Level 1:colcon.colcon_core.package_identification:_identify(MDC_libraries/python/pit/YOLO/__pycache__) by extension 'python_setup_py'
[1.859s] Level 1:colcon.colcon_core.package_identification:_identify(MDC_libraries/python/pit/haar) by extensions ['ignore', 'ignore_ament_install']
[1.859s] Level 1:colcon.colcon_core.package_identification:_identify(MDC_libraries/python/pit/haar) by extension 'ignore'
[1.859s] Level 1:colcon.colcon_core.package_identification:_identify(MDC_libraries/python/pit/haar) by extension 'ignore_ament_install'
[1.859s] Level 1:colcon.colcon_core.package_identification:_identify(MDC_libraries/python/pit/haar) by extensions ['colcon_pkg']
[1.859s] Level 1:colcon.colcon_core.package_identification:_identify(MDC_libraries/python/pit/haar) by extension 'colcon_pkg'
[1.859s] Level 1:colcon.colcon_core.package_identification:_identify(MDC_libraries/python/pit/haar) by extensions ['colcon_meta']
[1.859s] Level 1:colcon.colcon_core.package_identification:_identify(MDC_libraries/python/pit/haar) by extension 'colcon_meta'
[1.859s] Level 1:colcon.colcon_core.package_identification:_identify(MDC_libraries/python/pit/haar) by extensions ['ros']
[1.859s] Level 1:colcon.colcon_core.package_identification:_identify(MDC_libraries/python/pit/haar) by extension 'ros'
[1.859s] Level 1:colcon.colcon_core.package_identification:_identify(MDC_libraries/python/pit/haar) by extensions ['cmake', 'python']
[1.859s] Level 1:colcon.colcon_core.package_identification:_identify(MDC_libraries/python/pit/haar) by extension 'cmake'
[1.859s] Level 1:colcon.colcon_core.package_identification:_identify(MDC_libraries/python/pit/haar) by extension 'python'
[1.859s] Level 1:colcon.colcon_core.package_identification:_identify(MDC_libraries/python/pit/haar) by extensions ['python_setup_py']
[1.859s] Level 1:colcon.colcon_core.package_identification:_identify(MDC_libraries/python/pit/haar) by extension 'python_setup_py'
[1.859s] Level 1:colcon.colcon_core.package_identification:_identify(MDC_libraries/python/pit/jetson) by extensions ['ignore', 'ignore_ament_install']
[1.859s] Level 1:colcon.colcon_core.package_identification:_identify(MDC_libraries/python/pit/jetson) by extension 'ignore'
[1.860s] Level 1:colcon.colcon_core.package_identification:_identify(MDC_libraries/python/pit/jetson) by extension 'ignore_ament_install'
[1.860s] Level 1:colcon.colcon_core.package_identification:_identify(MDC_libraries/python/pit/jetson) by extensions ['colcon_pkg']
[1.860s] Level 1:colcon.colcon_core.package_identification:_identify(MDC_libraries/python/pit/jetson) by extension 'colcon_pkg'
[1.860s] Level 1:colcon.colcon_core.package_identification:_identify(MDC_libraries/python/pit/jetson) by extensions ['colcon_meta']
[1.860s] Level 1:colcon.colcon_core.package_identification:_identify(MDC_libraries/python/pit/jetson) by extension 'colcon_meta'
[1.860s] Level 1:colcon.colcon_core.package_identification:_identify(MDC_libraries/python/pit/jetson) by extensions ['ros']
[1.860s] Level 1:colcon.colcon_core.package_identification:_identify(MDC_libraries/python/pit/jetson) by extension 'ros'
[1.860s] Level 1:colcon.colcon_core.package_identification:_identify(MDC_libraries/python/pit/jetson) by extensions ['cmake', 'python']
[1.860s] Level 1:colcon.colcon_core.package_identification:_identify(MDC_libraries/python/pit/jetson) by extension 'cmake'
[1.860s] Level 1:colcon.colcon_core.package_identification:_identify(MDC_libraries/python/pit/jetson) by extension 'python'
[1.860s] Level 1:colcon.colcon_core.package_identification:_identify(MDC_libraries/python/pit/jetson) by extensions ['python_setup_py']
[1.860s] Level 1:colcon.colcon_core.package_identification:_identify(MDC_libraries/python/pit/jetson) by extension 'python_setup_py'
[1.860s] Level 1:colcon.colcon_core.package_identification:_identify(build) by extensions ['ignore', 'ignore_ament_install']
[1.860s] Level 1:colcon.colcon_core.package_identification:_identify(build) by extension 'ignore'
[1.860s] Level 1:colcon.colcon_core.package_identification:_identify(build) ignored
[1.860s] Level 1:colcon.colcon_core.package_identification:_identify(install) by extensions ['ignore', 'ignore_ament_install']
[1.860s] Level 1:colcon.colcon_core.package_identification:_identify(install) by extension 'ignore'
[1.860s] Level 1:colcon.colcon_core.package_identification:_identify(install) ignored
[1.860s] Level 1:colcon.colcon_core.package_identification:_identify(log) by extensions ['ignore', 'ignore_ament_install']
[1.860s] Level 1:colcon.colcon_core.package_identification:_identify(log) by extension 'ignore'
[1.860s] Level 1:colcon.colcon_core.package_identification:_identify(log) ignored
[1.860s] Level 1:colcon.colcon_core.package_identification:_identify(python_resources) by extensions ['ignore', 'ignore_ament_install']
[1.860s] Level 1:colcon.colcon_core.package_identification:_identify(python_resources) by extension 'ignore'
[1.860s] Level 1:colcon.colcon_core.package_identification:_identify(python_resources) by extension 'ignore_ament_install'
[1.860s] Level 1:colcon.colcon_core.package_identification:_identify(python_resources) by extensions ['colcon_pkg']
[1.860s] Level 1:colcon.colcon_core.package_identification:_identify(python_resources) by extension 'colcon_pkg'
[1.860s] Level 1:colcon.colcon_core.package_identification:_identify(python_resources) by extensions ['colcon_meta']
[1.860s] Level 1:colcon.colcon_core.package_identification:_identify(python_resources) by extension 'colcon_meta'
[1.860s] Level 1:colcon.colcon_core.package_identification:_identify(python_resources) by extensions ['ros']
[1.860s] Level 1:colcon.colcon_core.package_identification:_identify(python_resources) by extension 'ros'
[1.860s] Level 1:colcon.colcon_core.package_identification:_identify(python_resources) by extensions ['cmake', 'python']
[1.860s] Level 1:colcon.colcon_core.package_identification:_identify(python_resources) by extension 'cmake'
[1.861s] Level 1:colcon.colcon_core.package_identification:_identify(python_resources) by extension 'python'
[1.861s] Level 1:colcon.colcon_core.package_identification:_identify(python_resources) by extensions ['python_setup_py']
[1.861s] Level 1:colcon.colcon_core.package_identification:_identify(python_resources) by extension 'python_setup_py'
[1.861s] Level 1:colcon.colcon_core.package_identification:_identify(python_resources/qcar) by extensions ['ignore', 'ignore_ament_install']
[1.861s] Level 1:colcon.colcon_core.package_identification:_identify(python_resources/qcar) by extension 'ignore'
[1.861s] Level 1:colcon.colcon_core.package_identification:_identify(python_resources/qcar) by extension 'ignore_ament_install'
[1.861s] Level 1:colcon.colcon_core.package_identification:_identify(python_resources/qcar) by extensions ['colcon_pkg']
[1.861s] Level 1:colcon.colcon_core.package_identification:_identify(python_resources/qcar) by extension 'colcon_pkg'
[1.861s] Level 1:colcon.colcon_core.package_identification:_identify(python_resources/qcar) by extensions ['colcon_meta']
[1.861s] Level 1:colcon.colcon_core.package_identification:_identify(python_resources/qcar) by extension 'colcon_meta'
[1.861s] Level 1:colcon.colcon_core.package_identification:_identify(python_resources/qcar) by extensions ['ros']
[1.861s] Level 1:colcon.colcon_core.package_identification:_identify(python_resources/qcar) by extension 'ros'
[1.861s] Level 1:colcon.colcon_core.package_identification:_identify(python_resources/qcar) by extensions ['cmake', 'python']
[1.861s] Level 1:colcon.colcon_core.package_identification:_identify(python_resources/qcar) by extension 'cmake'
[1.861s] Level 1:colcon.colcon_core.package_identification:_identify(python_resources/qcar) by extension 'python'
[1.861s] Level 1:colcon.colcon_core.package_identification:_identify(python_resources/qcar) by extensions ['python_setup_py']
[1.861s] Level 1:colcon.colcon_core.package_identification:_identify(python_resources/qcar) by extension 'python_setup_py'
[1.861s] Level 1:colcon.colcon_core.package_identification:_identify(python_resources/qcar/hardware) by extensions ['ignore', 'ignore_ament_install']
[1.861s] Level 1:colcon.colcon_core.package_identification:_identify(python_resources/qcar/hardware) by extension 'ignore'
[1.861s] Level 1:colcon.colcon_core.package_identification:_identify(python_resources/qcar/hardware) by extension 'ignore_ament_install'
[1.861s] Level 1:colcon.colcon_core.package_identification:_identify(python_resources/qcar/hardware) by extensions ['colcon_pkg']
[1.861s] Level 1:colcon.colcon_core.package_identification:_identify(python_resources/qcar/hardware) by extension 'colcon_pkg'
[1.861s] Level 1:colcon.colcon_core.package_identification:_identify(python_resources/qcar/hardware) by extensions ['colcon_meta']
[1.861s] Level 1:colcon.colcon_core.package_identification:_identify(python_resources/qcar/hardware) by extension 'colcon_meta'
[1.861s] Level 1:colcon.colcon_core.package_identification:_identify(python_resources/qcar/hardware) by extensions ['ros']
[1.861s] Level 1:colcon.colcon_core.package_identification:_identify(python_resources/qcar/hardware) by extension 'ros'
[1.861s] Level 1:colcon.colcon_core.package_identification:_identify(python_resources/qcar/hardware) by extensions ['cmake', 'python']
[1.861s] Level 1:colcon.colcon_core.package_identification:_identify(python_resources/qcar/hardware) by extension 'cmake'
[1.861s] Level 1:colcon.colcon_core.package_identification:_identify(python_resources/qcar/hardware) by extension 'python'
[1.861s] Level 1:colcon.colcon_core.package_identification:_identify(python_resources/qcar/hardware) by extensions ['python_setup_py']
[1.861s] Level 1:colcon.colcon_core.package_identification:_identify(python_resources/qcar/hardware) by extension 'python_setup_py'
[1.861s] Level 1:colcon.colcon_core.package_identification:_identify(python_resources/qcar/hardware/applications) by extensions ['ignore', 'ignore_ament_install']
[1.861s] Level 1:colcon.colcon_core.package_identification:_identify(python_resources/qcar/hardware/applications) by extension 'ignore'
[1.861s] Level 1:colcon.colcon_core.package_identification:_identify(python_resources/qcar/hardware/applications) by extension 'ignore_ament_install'
[1.861s] Level 1:colcon.colcon_core.package_identification:_identify(python_resources/qcar/hardware/applications) by extensions ['colcon_pkg']
[1.861s] Level 1:colcon.colcon_core.package_identification:_identify(python_resources/qcar/hardware/applications) by extension 'colcon_pkg'
[1.861s] Level 1:colcon.colcon_core.package_identification:_identify(python_resources/qcar/hardware/applications) by extensions ['colcon_meta']
[1.861s] Level 1:colcon.colcon_core.package_identification:_identify(python_resources/qcar/hardware/applications) by extension 'colcon_meta'
[1.861s] Level 1:colcon.colcon_core.package_identification:_identify(python_resources/qcar/hardware/applications) by extensions ['ros']
[1.862s] Level 1:colcon.colcon_core.package_identification:_identify(python_resources/qcar/hardware/applications) by extension 'ros'
[1.862s] Level 1:colcon.colcon_core.package_identification:_identify(python_resources/qcar/hardware/applications) by extensions ['cmake', 'python']
[1.862s] Level 1:colcon.colcon_core.package_identification:_identify(python_resources/qcar/hardware/applications) by extension 'cmake'
[1.862s] Level 1:colcon.colcon_core.package_identification:_identify(python_resources/qcar/hardware/applications) by extension 'python'
[1.862s] Level 1:colcon.colcon_core.package_identification:_identify(python_resources/qcar/hardware/applications) by extensions ['python_setup_py']
[1.862s] Level 1:colcon.colcon_core.package_identification:_identify(python_resources/qcar/hardware/applications) by extension 'python_setup_py'
[1.862s] Level 1:colcon.colcon_core.package_identification:_identify(python_resources/qcar/hardware/applications/360_vision) by extensions ['ignore', 'ignore_ament_install']
[1.862s] Level 1:colcon.colcon_core.package_identification:_identify(python_resources/qcar/hardware/applications/360_vision) by extension 'ignore'
[1.862s] Level 1:colcon.colcon_core.package_identification:_identify(python_resources/qcar/hardware/applications/360_vision) by extension 'ignore_ament_install'
[1.862s] Level 1:colcon.colcon_core.package_identification:_identify(python_resources/qcar/hardware/applications/360_vision) by extensions ['colcon_pkg']
[1.862s] Level 1:colcon.colcon_core.package_identification:_identify(python_resources/qcar/hardware/applications/360_vision) by extension 'colcon_pkg'
[1.862s] Level 1:colcon.colcon_core.package_identification:_identify(python_resources/qcar/hardware/applications/360_vision) by extensions ['colcon_meta']
[1.862s] Level 1:colcon.colcon_core.package_identification:_identify(python_resources/qcar/hardware/applications/360_vision) by extension 'colcon_meta'
[1.862s] Level 1:colcon.colcon_core.package_identification:_identify(python_resources/qcar/hardware/applications/360_vision) by extensions ['ros']
[1.862s] Level 1:colcon.colcon_core.package_identification:_identify(python_resources/qcar/hardware/applications/360_vision) by extension 'ros'
[1.862s] Level 1:colcon.colcon_core.package_identification:_identify(python_resources/qcar/hardware/applications/360_vision) by extensions ['cmake', 'python']
[1.862s] Level 1:colcon.colcon_core.package_identification:_identify(python_resources/qcar/hardware/applications/360_vision) by extension 'cmake'
[1.862s] Level 1:colcon.colcon_core.package_identification:_identify(python_resources/qcar/hardware/applications/360_vision) by extension 'python'
[1.862s] Level 1:colcon.colcon_core.package_identification:_identify(python_resources/qcar/hardware/applications/360_vision) by extensions ['python_setup_py']
[1.862s] Level 1:colcon.colcon_core.package_identification:_identify(python_resources/qcar/hardware/applications/360_vision) by extension 'python_setup_py'
[1.862s] Level 1:colcon.colcon_core.package_identification:_identify(python_resources/qcar/hardware/applications/lane_following) by extensions ['ignore', 'ignore_ament_install']
[1.862s] Level 1:colcon.colcon_core.package_identification:_identify(python_resources/qcar/hardware/applications/lane_following) by extension 'ignore'
[1.862s] Level 1:colcon.colcon_core.package_identification:_identify(python_resources/qcar/hardware/applications/lane_following) by extension 'ignore_ament_install'
[1.862s] Level 1:colcon.colcon_core.package_identification:_identify(python_resources/qcar/hardware/applications/lane_following) by extensions ['colcon_pkg']
[1.862s] Level 1:colcon.colcon_core.package_identification:_identify(python_resources/qcar/hardware/applications/lane_following) by extension 'colcon_pkg'
[1.862s] Level 1:colcon.colcon_core.package_identification:_identify(python_resources/qcar/hardware/applications/lane_following) by extensions ['colcon_meta']
[1.862s] Level 1:colcon.colcon_core.package_identification:_identify(python_resources/qcar/hardware/applications/lane_following) by extension 'colcon_meta'
[1.862s] Level 1:colcon.colcon_core.package_identification:_identify(python_resources/qcar/hardware/applications/lane_following) by extensions ['ros']
[1.862s] Level 1:colcon.colcon_core.package_identification:_identify(python_resources/qcar/hardware/applications/lane_following) by extension 'ros'
[1.862s] Level 1:colcon.colcon_core.package_identification:_identify(python_resources/qcar/hardware/applications/lane_following) by extensions ['cmake', 'python']
[1.862s] Level 1:colcon.colcon_core.package_identification:_identify(python_resources/qcar/hardware/applications/lane_following) by extension 'cmake'
[1.862s] Level 1:colcon.colcon_core.package_identification:_identify(python_resources/qcar/hardware/applications/lane_following) by extension 'python'
[1.862s] Level 1:colcon.colcon_core.package_identification:_identify(python_resources/qcar/hardware/applications/lane_following) by extensions ['python_setup_py']
[1.862s] Level 1:colcon.colcon_core.package_identification:_identify(python_resources/qcar/hardware/applications/lane_following) by extension 'python_setup_py'
[1.862s] Level 1:colcon.colcon_core.package_identification:_identify(python_resources/qcar/hardware/applications/manual_drive) by extensions ['ignore', 'ignore_ament_install']
[1.862s] Level 1:colcon.colcon_core.package_identification:_identify(python_resources/qcar/hardware/applications/manual_drive) by extension 'ignore'
[1.863s] Level 1:colcon.colcon_core.package_identification:_identify(python_resources/qcar/hardware/applications/manual_drive) by extension 'ignore_ament_install'
[1.863s] Level 1:colcon.colcon_core.package_identification:_identify(python_resources/qcar/hardware/applications/manual_drive) by extensions ['colcon_pkg']
[1.863s] Level 1:colcon.colcon_core.package_identification:_identify(python_resources/qcar/hardware/applications/manual_drive) by extension 'colcon_pkg'
[1.863s] Level 1:colcon.colcon_core.package_identification:_identify(python_resources/qcar/hardware/applications/manual_drive) by extensions ['colcon_meta']
[1.863s] Level 1:colcon.colcon_core.package_identification:_identify(python_resources/qcar/hardware/applications/manual_drive) by extension 'colcon_meta'
[1.863s] Level 1:colcon.colcon_core.package_identification:_identify(python_resources/qcar/hardware/applications/manual_drive) by extensions ['ros']
[1.863s] Level 1:colcon.colcon_core.package_identification:_identify(python_resources/qcar/hardware/applications/manual_drive) by extension 'ros'
[1.863s] Level 1:colcon.colcon_core.package_identification:_identify(python_resources/qcar/hardware/applications/manual_drive) by extensions ['cmake', 'python']
[1.863s] Level 1:colcon.colcon_core.package_identification:_identify(python_resources/qcar/hardware/applications/manual_drive) by extension 'cmake'
[1.863s] Level 1:colcon.colcon_core.package_identification:_identify(python_resources/qcar/hardware/applications/manual_drive) by extension 'python'
[1.863s] Level 1:colcon.colcon_core.package_identification:_identify(python_resources/qcar/hardware/applications/manual_drive) by extensions ['python_setup_py']
[1.863s] Level 1:colcon.colcon_core.package_identification:_identify(python_resources/qcar/hardware/applications/manual_drive) by extension 'python_setup_py'
[1.863s] Level 1:colcon.colcon_core.package_identification:_identify(python_resources/qcar/hardware/applications/point_cloud_generation) by extensions ['ignore', 'ignore_ament_install']
[1.863s] Level 1:colcon.colcon_core.package_identification:_identify(python_resources/qcar/hardware/applications/point_cloud_generation) by extension 'ignore'
[1.863s] Level 1:colcon.colcon_core.package_identification:_identify(python_resources/qcar/hardware/applications/point_cloud_generation) by extension 'ignore_ament_install'
[1.863s] Level 1:colcon.colcon_core.package_identification:_identify(python_resources/qcar/hardware/applications/point_cloud_generation) by extensions ['colcon_pkg']
[1.863s] Level 1:colcon.colcon_core.package_identification:_identify(python_resources/qcar/hardware/applications/point_cloud_generation) by extension 'colcon_pkg'
[1.863s] Level 1:colcon.colcon_core.package_identification:_identify(python_resources/qcar/hardware/applications/point_cloud_generation) by extensions ['colcon_meta']
[1.863s] Level 1:colcon.colcon_core.package_identification:_identify(python_resources/qcar/hardware/applications/point_cloud_generation) by extension 'colcon_meta'
[1.863s] Level 1:colcon.colcon_core.package_identification:_identify(python_resources/qcar/hardware/applications/point_cloud_generation) by extensions ['ros']
[1.863s] Level 1:colcon.colcon_core.package_identification:_identify(python_resources/qcar/hardware/applications/point_cloud_generation) by extension 'ros'
[1.863s] Level 1:colcon.colcon_core.package_identification:_identify(python_resources/qcar/hardware/applications/point_cloud_generation) by extensions ['cmake', 'python']
[1.863s] Level 1:colcon.colcon_core.package_identification:_identify(python_resources/qcar/hardware/applications/point_cloud_generation) by extension 'cmake'
[1.863s] Level 1:colcon.colcon_core.package_identification:_identify(python_resources/qcar/hardware/applications/point_cloud_generation) by extension 'python'
[1.863s] Level 1:colcon.colcon_core.package_identification:_identify(python_resources/qcar/hardware/applications/point_cloud_generation) by extensions ['python_setup_py']
[1.863s] Level 1:colcon.colcon_core.package_identification:_identify(python_resources/qcar/hardware/applications/point_cloud_generation) by extension 'python_setup_py'
[1.863s] Level 1:colcon.colcon_core.package_identification:_identify(python_resources/qcar/hardware/applications/rgbd_imaging) by extensions ['ignore', 'ignore_ament_install']
[1.863s] Level 1:colcon.colcon_core.package_identification:_identify(python_resources/qcar/hardware/applications/rgbd_imaging) by extension 'ignore'
[1.863s] Level 1:colcon.colcon_core.package_identification:_identify(python_resources/qcar/hardware/applications/rgbd_imaging) by extension 'ignore_ament_install'
[1.863s] Level 1:colcon.colcon_core.package_identification:_identify(python_resources/qcar/hardware/applications/rgbd_imaging) by extensions ['colcon_pkg']
[1.863s] Level 1:colcon.colcon_core.package_identification:_identify(python_resources/qcar/hardware/applications/rgbd_imaging) by extension 'colcon_pkg'
[1.863s] Level 1:colcon.colcon_core.package_identification:_identify(python_resources/qcar/hardware/applications/rgbd_imaging) by extensions ['colcon_meta']
[1.864s] Level 1:colcon.colcon_core.package_identification:_identify(python_resources/qcar/hardware/applications/rgbd_imaging) by extension 'colcon_meta'
[1.864s] Level 1:colcon.colcon_core.package_identification:_identify(python_resources/qcar/hardware/applications/rgbd_imaging) by extensions ['ros']
[1.864s] Level 1:colcon.colcon_core.package_identification:_identify(python_resources/qcar/hardware/applications/rgbd_imaging) by extension 'ros'
[1.864s] Level 1:colcon.colcon_core.package_identification:_identify(python_resources/qcar/hardware/applications/rgbd_imaging) by extensions ['cmake', 'python']
[1.864s] Level 1:colcon.colcon_core.package_identification:_identify(python_resources/qcar/hardware/applications/rgbd_imaging) by extension 'cmake'
[1.864s] Level 1:colcon.colcon_core.package_identification:_identify(python_resources/qcar/hardware/applications/rgbd_imaging) by extension 'python'
[1.864s] Level 1:colcon.colcon_core.package_identification:_identify(python_resources/qcar/hardware/applications/rgbd_imaging) by extensions ['python_setup_py']
[1.864s] Level 1:colcon.colcon_core.package_identification:_identify(python_resources/qcar/hardware/applications/rgbd_imaging) by extension 'python_setup_py'
[1.864s] Level 1:colcon.colcon_core.package_identification:_identify(python_resources/qcar/hardware/hardware_tests) by extensions ['ignore', 'ignore_ament_install']
[1.864s] Level 1:colcon.colcon_core.package_identification:_identify(python_resources/qcar/hardware/hardware_tests) by extension 'ignore'
[1.864s] Level 1:colcon.colcon_core.package_identification:_identify(python_resources/qcar/hardware/hardware_tests) by extension 'ignore_ament_install'
[1.864s] Level 1:colcon.colcon_core.package_identification:_identify(python_resources/qcar/hardware/hardware_tests) by extensions ['colcon_pkg']
[1.864s] Level 1:colcon.colcon_core.package_identification:_identify(python_resources/qcar/hardware/hardware_tests) by extension 'colcon_pkg'
[1.864s] Level 1:colcon.colcon_core.package_identification:_identify(python_resources/qcar/hardware/hardware_tests) by extensions ['colcon_meta']
[1.864s] Level 1:colcon.colcon_core.package_identification:_identify(python_resources/qcar/hardware/hardware_tests) by extension 'colcon_meta'
[1.864s] Level 1:colcon.colcon_core.package_identification:_identify(python_resources/qcar/hardware/hardware_tests) by extensions ['ros']
[1.864s] Level 1:colcon.colcon_core.package_identification:_identify(python_resources/qcar/hardware/hardware_tests) by extension 'ros'
[1.864s] Level 1:colcon.colcon_core.package_identification:_identify(python_resources/qcar/hardware/hardware_tests) by extensions ['cmake', 'python']
[1.864s] Level 1:colcon.colcon_core.package_identification:_identify(python_resources/qcar/hardware/hardware_tests) by extension 'cmake'
[1.864s] Level 1:colcon.colcon_core.package_identification:_identify(python_resources/qcar/hardware/hardware_tests) by extension 'python'
[1.864s] Level 1:colcon.colcon_core.package_identification:_identify(python_resources/qcar/hardware/hardware_tests) by extensions ['python_setup_py']
[1.864s] Level 1:colcon.colcon_core.package_identification:_identify(python_resources/qcar/hardware/hardware_tests) by extension 'python_setup_py'
[1.864s] Level 1:colcon.colcon_core.package_identification:_identify(python_resources/qcar/virtual) by extensions ['ignore', 'ignore_ament_install']
[1.864s] Level 1:colcon.colcon_core.package_identification:_identify(python_resources/qcar/virtual) by extension 'ignore'
[1.864s] Level 1:colcon.colcon_core.package_identification:_identify(python_resources/qcar/virtual) by extension 'ignore_ament_install'
[1.864s] Level 1:colcon.colcon_core.package_identification:_identify(python_resources/qcar/virtual) by extensions ['colcon_pkg']
[1.864s] Level 1:colcon.colcon_core.package_identification:_identify(python_resources/qcar/virtual) by extension 'colcon_pkg'
[1.864s] Level 1:colcon.colcon_core.package_identification:_identify(python_resources/qcar/virtual) by extensions ['colcon_meta']
[1.864s] Level 1:colcon.colcon_core.package_identification:_identify(python_resources/qcar/virtual) by extension 'colcon_meta'
[1.864s] Level 1:colcon.colcon_core.package_identification:_identify(python_resources/qcar/virtual) by extensions ['ros']
[1.864s] Level 1:colcon.colcon_core.package_identification:_identify(python_resources/qcar/virtual) by extension 'ros'
[1.864s] Level 1:colcon.colcon_core.package_identification:_identify(python_resources/qcar/virtual) by extensions ['cmake', 'python']
[1.864s] Level 1:colcon.colcon_core.package_identification:_identify(python_resources/qcar/virtual) by extension 'cmake'
[1.864s] Level 1:colcon.colcon_core.package_identification:_identify(python_resources/qcar/virtual) by extension 'python'
[1.864s] Level 1:colcon.colcon_core.package_identification:_identify(python_resources/qcar/virtual) by extensions ['python_setup_py']
[1.864s] Level 1:colcon.colcon_core.package_identification:_identify(python_resources/qcar/virtual) by extension 'python_setup_py'
[1.864s] Level 1:colcon.colcon_core.package_identification:_identify(python_resources/qcar/virtual/applications) by extensions ['ignore', 'ignore_ament_install']
[1.865s] Level 1:colcon.colcon_core.package_identification:_identify(python_resources/qcar/virtual/applications) by extension 'ignore'
[1.865s] Level 1:colcon.colcon_core.package_identification:_identify(python_resources/qcar/virtual/applications) by extension 'ignore_ament_install'
[1.865s] Level 1:colcon.colcon_core.package_identification:_identify(python_resources/qcar/virtual/applications) by extensions ['colcon_pkg']
[1.865s] Level 1:colcon.colcon_core.package_identification:_identify(python_resources/qcar/virtual/applications) by extension 'colcon_pkg'
[1.865s] Level 1:colcon.colcon_core.package_identification:_identify(python_resources/qcar/virtual/applications) by extensions ['colcon_meta']
[1.865s] Level 1:colcon.colcon_core.package_identification:_identify(python_resources/qcar/virtual/applications) by extension 'colcon_meta'
[1.865s] Level 1:colcon.colcon_core.package_identification:_identify(python_resources/qcar/virtual/applications) by extensions ['ros']
[1.865s] Level 1:colcon.colcon_core.package_identification:_identify(python_resources/qcar/virtual/applications) by extension 'ros'
[1.865s] Level 1:colcon.colcon_core.package_identification:_identify(python_resources/qcar/virtual/applications) by extensions ['cmake', 'python']
[1.865s] Level 1:colcon.colcon_core.package_identification:_identify(python_resources/qcar/virtual/applications) by extension 'cmake'
[1.865s] Level 1:colcon.colcon_core.package_identification:_identify(python_resources/qcar/virtual/applications) by extension 'python'
[1.865s] Level 1:colcon.colcon_core.package_identification:_identify(python_resources/qcar/virtual/applications) by extensions ['python_setup_py']
[1.865s] Level 1:colcon.colcon_core.package_identification:_identify(python_resources/qcar/virtual/applications) by extension 'python_setup_py'
[1.865s] Level 1:colcon.colcon_core.package_identification:_identify(python_resources/qcar/virtual/applications/360_vision) by extensions ['ignore', 'ignore_ament_install']
[1.865s] Level 1:colcon.colcon_core.package_identification:_identify(python_resources/qcar/virtual/applications/360_vision) by extension 'ignore'
[1.865s] Level 1:colcon.colcon_core.package_identification:_identify(python_resources/qcar/virtual/applications/360_vision) by extension 'ignore_ament_install'
[1.865s] Level 1:colcon.colcon_core.package_identification:_identify(python_resources/qcar/virtual/applications/360_vision) by extensions ['colcon_pkg']
[1.865s] Level 1:colcon.colcon_core.package_identification:_identify(python_resources/qcar/virtual/applications/360_vision) by extension 'colcon_pkg'
[1.865s] Level 1:colcon.colcon_core.package_identification:_identify(python_resources/qcar/virtual/applications/360_vision) by extensions ['colcon_meta']
[1.865s] Level 1:colcon.colcon_core.package_identification:_identify(python_resources/qcar/virtual/applications/360_vision) by extension 'colcon_meta'
[1.865s] Level 1:colcon.colcon_core.package_identification:_identify(python_resources/qcar/virtual/applications/360_vision) by extensions ['ros']
[1.865s] Level 1:colcon.colcon_core.package_identification:_identify(python_resources/qcar/virtual/applications/360_vision) by extension 'ros'
[1.865s] Level 1:colcon.colcon_core.package_identification:_identify(python_resources/qcar/virtual/applications/360_vision) by extensions ['cmake', 'python']
[1.865s] Level 1:colcon.colcon_core.package_identification:_identify(python_resources/qcar/virtual/applications/360_vision) by extension 'cmake'
[1.865s] Level 1:colcon.colcon_core.package_identification:_identify(python_resources/qcar/virtual/applications/360_vision) by extension 'python'
[1.865s] Level 1:colcon.colcon_core.package_identification:_identify(python_resources/qcar/virtual/applications/360_vision) by extensions ['python_setup_py']
[1.865s] Level 1:colcon.colcon_core.package_identification:_identify(python_resources/qcar/virtual/applications/360_vision) by extension 'python_setup_py'
[1.865s] Level 1:colcon.colcon_core.package_identification:_identify(python_resources/qcar/virtual/applications/lane_following) by extensions ['ignore', 'ignore_ament_install']
[1.865s] Level 1:colcon.colcon_core.package_identification:_identify(python_resources/qcar/virtual/applications/lane_following) by extension 'ignore'
[1.865s] Level 1:colcon.colcon_core.package_identification:_identify(python_resources/qcar/virtual/applications/lane_following) by extension 'ignore_ament_install'
[1.865s] Level 1:colcon.colcon_core.package_identification:_identify(python_resources/qcar/virtual/applications/lane_following) by extensions ['colcon_pkg']
[1.865s] Level 1:colcon.colcon_core.package_identification:_identify(python_resources/qcar/virtual/applications/lane_following) by extension 'colcon_pkg'
[1.865s] Level 1:colcon.colcon_core.package_identification:_identify(python_resources/qcar/virtual/applications/lane_following) by extensions ['colcon_meta']
[1.865s] Level 1:colcon.colcon_core.package_identification:_identify(python_resources/qcar/virtual/applications/lane_following) by extension 'colcon_meta'
[1.865s] Level 1:colcon.colcon_core.package_identification:_identify(python_resources/qcar/virtual/applications/lane_following) by extensions ['ros']
[1.865s] Level 1:colcon.colcon_core.package_identification:_identify(python_resources/qcar/virtual/applications/lane_following) by extension 'ros'
[1.865s] Level 1:colcon.colcon_core.package_identification:_identify(python_resources/qcar/virtual/applications/lane_following) by extensions ['cmake', 'python']
[1.866s] Level 1:colcon.colcon_core.package_identification:_identify(python_resources/qcar/virtual/applications/lane_following) by extension 'cmake'
[1.866s] Level 1:colcon.colcon_core.package_identification:_identify(python_resources/qcar/virtual/applications/lane_following) by extension 'python'
[1.866s] Level 1:colcon.colcon_core.package_identification:_identify(python_resources/qcar/virtual/applications/lane_following) by extensions ['python_setup_py']
[1.866s] Level 1:colcon.colcon_core.package_identification:_identify(python_resources/qcar/virtual/applications/lane_following) by extension 'python_setup_py'
[1.866s] Level 1:colcon.colcon_core.package_identification:_identify(python_resources/qcar/virtual/applications/manual_drive) by extensions ['ignore', 'ignore_ament_install']
[1.866s] Level 1:colcon.colcon_core.package_identification:_identify(python_resources/qcar/virtual/applications/manual_drive) by extension 'ignore'
[1.866s] Level 1:colcon.colcon_core.package_identification:_identify(python_resources/qcar/virtual/applications/manual_drive) by extension 'ignore_ament_install'
[1.866s] Level 1:colcon.colcon_core.package_identification:_identify(python_resources/qcar/virtual/applications/manual_drive) by extensions ['colcon_pkg']
[1.866s] Level 1:colcon.colcon_core.package_identification:_identify(python_resources/qcar/virtual/applications/manual_drive) by extension 'colcon_pkg'
[1.866s] Level 1:colcon.colcon_core.package_identification:_identify(python_resources/qcar/virtual/applications/manual_drive) by extensions ['colcon_meta']
[1.866s] Level 1:colcon.colcon_core.package_identification:_identify(python_resources/qcar/virtual/applications/manual_drive) by extension 'colcon_meta'
[1.866s] Level 1:colcon.colcon_core.package_identification:_identify(python_resources/qcar/virtual/applications/manual_drive) by extensions ['ros']
[1.866s] Level 1:colcon.colcon_core.package_identification:_identify(python_resources/qcar/virtual/applications/manual_drive) by extension 'ros'
[1.866s] Level 1:colcon.colcon_core.package_identification:_identify(python_resources/qcar/virtual/applications/manual_drive) by extensions ['cmake', 'python']
[1.866s] Level 1:colcon.colcon_core.package_identification:_identify(python_resources/qcar/virtual/applications/manual_drive) by extension 'cmake'
[1.866s] Level 1:colcon.colcon_core.package_identification:_identify(python_resources/qcar/virtual/applications/manual_drive) by extension 'python'
[1.866s] Level 1:colcon.colcon_core.package_identification:_identify(python_resources/qcar/virtual/applications/manual_drive) by extensions ['python_setup_py']
[1.866s] Level 1:colcon.colcon_core.package_identification:_identify(python_resources/qcar/virtual/applications/manual_drive) by extension 'python_setup_py'
[1.866s] Level 1:colcon.colcon_core.package_identification:_identify(python_resources/qcar/virtual/applications/point_cloud_generation) by extensions ['ignore', 'ignore_ament_install']
[1.866s] Level 1:colcon.colcon_core.package_identification:_identify(python_resources/qcar/virtual/applications/point_cloud_generation) by extension 'ignore'
[1.866s] Level 1:colcon.colcon_core.package_identification:_identify(python_resources/qcar/virtual/applications/point_cloud_generation) by extension 'ignore_ament_install'
[1.866s] Level 1:colcon.colcon_core.package_identification:_identify(python_resources/qcar/virtual/applications/point_cloud_generation) by extensions ['colcon_pkg']
[1.866s] Level 1:colcon.colcon_core.package_identification:_identify(python_resources/qcar/virtual/applications/point_cloud_generation) by extension 'colcon_pkg'
[1.866s] Level 1:colcon.colcon_core.package_identification:_identify(python_resources/qcar/virtual/applications/point_cloud_generation) by extensions ['colcon_meta']
[1.866s] Level 1:colcon.colcon_core.package_identification:_identify(python_resources/qcar/virtual/applications/point_cloud_generation) by extension 'colcon_meta'
[1.866s] Level 1:colcon.colcon_core.package_identification:_identify(python_resources/qcar/virtual/applications/point_cloud_generation) by extensions ['ros']
[1.866s] Level 1:colcon.colcon_core.package_identification:_identify(python_resources/qcar/virtual/applications/point_cloud_generation) by extension 'ros'
[1.866s] Level 1:colcon.colcon_core.package_identification:_identify(python_resources/qcar/virtual/applications/point_cloud_generation) by extensions ['cmake', 'python']
[1.866s] Level 1:colcon.colcon_core.package_identification:_identify(python_resources/qcar/virtual/applications/point_cloud_generation) by extension 'cmake'
[1.866s] Level 1:colcon.colcon_core.package_identification:_identify(python_resources/qcar/virtual/applications/point_cloud_generation) by extension 'python'
[1.866s] Level 1:colcon.colcon_core.package_identification:_identify(python_resources/qcar/virtual/applications/point_cloud_generation) by extensions ['python_setup_py']
[1.866s] Level 1:colcon.colcon_core.package_identification:_identify(python_resources/qcar/virtual/applications/point_cloud_generation) by extension 'python_setup_py'
[1.866s] Level 1:colcon.colcon_core.package_identification:_identify(python_resources/qcar/virtual/applications/rgbd_imaging) by extensions ['ignore', 'ignore_ament_install']
[1.866s] Level 1:colcon.colcon_core.package_identification:_identify(python_resources/qcar/virtual/applications/rgbd_imaging) by extension 'ignore'
[1.866s] Level 1:colcon.colcon_core.package_identification:_identify(python_resources/qcar/virtual/applications/rgbd_imaging) by extension 'ignore_ament_install'
[1.866s] Level 1:colcon.colcon_core.package_identification:_identify(python_resources/qcar/virtual/applications/rgbd_imaging) by extensions ['colcon_pkg']
[1.866s] Level 1:colcon.colcon_core.package_identification:_identify(python_resources/qcar/virtual/applications/rgbd_imaging) by extension 'colcon_pkg'
[1.867s] Level 1:colcon.colcon_core.package_identification:_identify(python_resources/qcar/virtual/applications/rgbd_imaging) by extensions ['colcon_meta']
[1.867s] Level 1:colcon.colcon_core.package_identification:_identify(python_resources/qcar/virtual/applications/rgbd_imaging) by extension 'colcon_meta'
[1.867s] Level 1:colcon.colcon_core.package_identification:_identify(python_resources/qcar/virtual/applications/rgbd_imaging) by extensions ['ros']
[1.867s] Level 1:colcon.colcon_core.package_identification:_identify(python_resources/qcar/virtual/applications/rgbd_imaging) by extension 'ros'
[1.867s] Level 1:colcon.colcon_core.package_identification:_identify(python_resources/qcar/virtual/applications/rgbd_imaging) by extensions ['cmake', 'python']
[1.867s] Level 1:colcon.colcon_core.package_identification:_identify(python_resources/qcar/virtual/applications/rgbd_imaging) by extension 'cmake'
[1.867s] Level 1:colcon.colcon_core.package_identification:_identify(python_resources/qcar/virtual/applications/rgbd_imaging) by extension 'python'
[1.867s] Level 1:colcon.colcon_core.package_identification:_identify(python_resources/qcar/virtual/applications/rgbd_imaging) by extensions ['python_setup_py']
[1.867s] Level 1:colcon.colcon_core.package_identification:_identify(python_resources/qcar/virtual/applications/rgbd_imaging) by extension 'python_setup_py'
[1.867s] Level 1:colcon.colcon_core.package_identification:_identify(python_resources/qcar/virtual/hardware_tests) by extensions ['ignore', 'ignore_ament_install']
[1.867s] Level 1:colcon.colcon_core.package_identification:_identify(python_resources/qcar/virtual/hardware_tests) by extension 'ignore'
[1.867s] Level 1:colcon.colcon_core.package_identification:_identify(python_resources/qcar/virtual/hardware_tests) by extension 'ignore_ament_install'
[1.867s] Level 1:colcon.colcon_core.package_identification:_identify(python_resources/qcar/virtual/hardware_tests) by extensions ['colcon_pkg']
[1.867s] Level 1:colcon.colcon_core.package_identification:_identify(python_resources/qcar/virtual/hardware_tests) by extension 'colcon_pkg'
[1.867s] Level 1:colcon.colcon_core.package_identification:_identify(python_resources/qcar/virtual/hardware_tests) by extensions ['colcon_meta']
[1.867s] Level 1:colcon.colcon_core.package_identification:_identify(python_resources/qcar/virtual/hardware_tests) by extension 'colcon_meta'
[1.867s] Level 1:colcon.colcon_core.package_identification:_identify(python_resources/qcar/virtual/hardware_tests) by extensions ['ros']
[1.867s] Level 1:colcon.colcon_core.package_identification:_identify(python_resources/qcar/virtual/hardware_tests) by extension 'ros'
[1.867s] Level 1:colcon.colcon_core.package_identification:_identify(python_resources/qcar/virtual/hardware_tests) by extensions ['cmake', 'python']
[1.867s] Level 1:colcon.colcon_core.package_identification:_identify(python_resources/qcar/virtual/hardware_tests) by extension 'cmake'
[1.867s] Level 1:colcon.colcon_core.package_identification:_identify(python_resources/qcar/virtual/hardware_tests) by extension 'python'
[1.867s] Level 1:colcon.colcon_core.package_identification:_identify(python_resources/qcar/virtual/hardware_tests) by extensions ['python_setup_py']
[1.867s] Level 1:colcon.colcon_core.package_identification:_identify(python_resources/qcar/virtual/hardware_tests) by extension 'python_setup_py'
[1.867s] Level 1:colcon.colcon_core.package_identification:_identify(python_resources/qcar2) by extensions ['ignore', 'ignore_ament_install']
[1.867s] Level 1:colcon.colcon_core.package_identification:_identify(python_resources/qcar2) by extension 'ignore'
[1.867s] Level 1:colcon.colcon_core.package_identification:_identify(python_resources/qcar2) by extension 'ignore_ament_install'
[1.867s] Level 1:colcon.colcon_core.package_identification:_identify(python_resources/qcar2) by extensions ['colcon_pkg']
[1.867s] Level 1:colcon.colcon_core.package_identification:_identify(python_resources/qcar2) by extension 'colcon_pkg'
[1.867s] Level 1:colcon.colcon_core.package_identification:_identify(python_resources/qcar2) by extensions ['colcon_meta']
[1.867s] Level 1:colcon.colcon_core.package_identification:_identify(python_resources/qcar2) by extension 'colcon_meta'
[1.867s] Level 1:colcon.colcon_core.package_identification:_identify(python_resources/qcar2) by extensions ['ros']
[1.867s] Level 1:colcon.colcon_core.package_identification:_identify(python_resources/qcar2) by extension 'ros'
[1.867s] Level 1:colcon.colcon_core.package_identification:_identify(python_resources/qcar2) by extensions ['cmake', 'python']
[1.867s] Level 1:colcon.colcon_core.package_identification:_identify(python_resources/qcar2) by extension 'cmake'
[1.867s] Level 1:colcon.colcon_core.package_identification:_identify(python_resources/qcar2) by extension 'python'
[1.867s] Level 1:colcon.colcon_core.package_identification:_identify(python_resources/qcar2) by extensions ['python_setup_py']
[1.867s] Level 1:colcon.colcon_core.package_identification:_identify(python_resources/qcar2) by extension 'python_setup_py'
[1.868s] Level 1:colcon.colcon_core.package_identification:_identify(python_resources/qcar2/hardware) by extensions ['ignore', 'ignore_ament_install']
[1.868s] Level 1:colcon.colcon_core.package_identification:_identify(python_resources/qcar2/hardware) by extension 'ignore'
[1.868s] Level 1:colcon.colcon_core.package_identification:_identify(python_resources/qcar2/hardware) by extension 'ignore_ament_install'
[1.868s] Level 1:colcon.colcon_core.package_identification:_identify(python_resources/qcar2/hardware) by extensions ['colcon_pkg']
[1.868s] Level 1:colcon.colcon_core.package_identification:_identify(python_resources/qcar2/hardware) by extension 'colcon_pkg'
[1.868s] Level 1:colcon.colcon_core.package_identification:_identify(python_resources/qcar2/hardware) by extensions ['colcon_meta']
[1.868s] Level 1:colcon.colcon_core.package_identification:_identify(python_resources/qcar2/hardware) by extension 'colcon_meta'
[1.868s] Level 1:colcon.colcon_core.package_identification:_identify(python_resources/qcar2/hardware) by extensions ['ros']
[1.868s] Level 1:colcon.colcon_core.package_identification:_identify(python_resources/qcar2/hardware) by extension 'ros'
[1.868s] Level 1:colcon.colcon_core.package_identification:_identify(python_resources/qcar2/hardware) by extensions ['cmake', 'python']
[1.868s] Level 1:colcon.colcon_core.package_identification:_identify(python_resources/qcar2/hardware) by extension 'cmake'
[1.868s] Level 1:colcon.colcon_core.package_identification:_identify(python_resources/qcar2/hardware) by extension 'python'
[1.868s] Level 1:colcon.colcon_core.package_identification:_identify(python_resources/qcar2/hardware) by extensions ['python_setup_py']
[1.868s] Level 1:colcon.colcon_core.package_identification:_identify(python_resources/qcar2/hardware) by extension 'python_setup_py'
[1.868s] Level 1:colcon.colcon_core.package_identification:_identify(python_resources/qcar2/hardware/applications) by extensions ['ignore', 'ignore_ament_install']
[1.868s] Level 1:colcon.colcon_core.package_identification:_identify(python_resources/qcar2/hardware/applications) by extension 'ignore'
[1.868s] Level 1:colcon.colcon_core.package_identification:_identify(python_resources/qcar2/hardware/applications) by extension 'ignore_ament_install'
[1.868s] Level 1:colcon.colcon_core.package_identification:_identify(python_resources/qcar2/hardware/applications) by extensions ['colcon_pkg']
[1.868s] Level 1:colcon.colcon_core.package_identification:_identify(python_resources/qcar2/hardware/applications) by extension 'colcon_pkg'
[1.868s] Level 1:colcon.colcon_core.package_identification:_identify(python_resources/qcar2/hardware/applications) by extensions ['colcon_meta']
[1.868s] Level 1:colcon.colcon_core.package_identification:_identify(python_resources/qcar2/hardware/applications) by extension 'colcon_meta'
[1.868s] Level 1:colcon.colcon_core.package_identification:_identify(python_resources/qcar2/hardware/applications) by extensions ['ros']
[1.868s] Level 1:colcon.colcon_core.package_identification:_identify(python_resources/qcar2/hardware/applications) by extension 'ros'
[1.868s] Level 1:colcon.colcon_core.package_identification:_identify(python_resources/qcar2/hardware/applications) by extensions ['cmake', 'python']
[1.868s] Level 1:colcon.colcon_core.package_identification:_identify(python_resources/qcar2/hardware/applications) by extension 'cmake'
[1.868s] Level 1:colcon.colcon_core.package_identification:_identify(python_resources/qcar2/hardware/applications) by extension 'python'
[1.868s] Level 1:colcon.colcon_core.package_identification:_identify(python_resources/qcar2/hardware/applications) by extensions ['python_setup_py']
[1.868s] Level 1:colcon.colcon_core.package_identification:_identify(python_resources/qcar2/hardware/applications) by extension 'python_setup_py'
[1.868s] Level 1:colcon.colcon_core.package_identification:_identify(python_resources/qcar2/hardware/applications/360_vision) by extensions ['ignore', 'ignore_ament_install']
[1.868s] Level 1:colcon.colcon_core.package_identification:_identify(python_resources/qcar2/hardware/applications/360_vision) by extension 'ignore'
[1.868s] Level 1:colcon.colcon_core.package_identification:_identify(python_resources/qcar2/hardware/applications/360_vision) by extension 'ignore_ament_install'
[1.868s] Level 1:colcon.colcon_core.package_identification:_identify(python_resources/qcar2/hardware/applications/360_vision) by extensions ['colcon_pkg']
[1.868s] Level 1:colcon.colcon_core.package_identification:_identify(python_resources/qcar2/hardware/applications/360_vision) by extension 'colcon_pkg'
[1.868s] Level 1:colcon.colcon_core.package_identification:_identify(python_resources/qcar2/hardware/applications/360_vision) by extensions ['colcon_meta']
[1.868s] Level 1:colcon.colcon_core.package_identification:_identify(python_resources/qcar2/hardware/applications/360_vision) by extension 'colcon_meta'
[1.868s] Level 1:colcon.colcon_core.package_identification:_identify(python_resources/qcar2/hardware/applications/360_vision) by extensions ['ros']
[1.868s] Level 1:colcon.colcon_core.package_identification:_identify(python_resources/qcar2/hardware/applications/360_vision) by extension 'ros'
[1.869s] Level 1:colcon.colcon_core.package_identification:_identify(python_resources/qcar2/hardware/applications/360_vision) by extensions ['cmake', 'python']
[1.869s] Level 1:colcon.colcon_core.package_identification:_identify(python_resources/qcar2/hardware/applications/360_vision) by extension 'cmake'
[1.869s] Level 1:colcon.colcon_core.package_identification:_identify(python_resources/qcar2/hardware/applications/360_vision) by extension 'python'
[1.869s] Level 1:colcon.colcon_core.package_identification:_identify(python_resources/qcar2/hardware/applications/360_vision) by extensions ['python_setup_py']
[1.869s] Level 1:colcon.colcon_core.package_identification:_identify(python_resources/qcar2/hardware/applications/360_vision) by extension 'python_setup_py'
[1.869s] Level 1:colcon.colcon_core.package_identification:_identify(python_resources/qcar2/hardware/applications/lane_following) by extensions ['ignore', 'ignore_ament_install']
[1.869s] Level 1:colcon.colcon_core.package_identification:_identify(python_resources/qcar2/hardware/applications/lane_following) by extension 'ignore'
[1.869s] Level 1:colcon.colcon_core.package_identification:_identify(python_resources/qcar2/hardware/applications/lane_following) by extension 'ignore_ament_install'
[1.869s] Level 1:colcon.colcon_core.package_identification:_identify(python_resources/qcar2/hardware/applications/lane_following) by extensions ['colcon_pkg']
[1.869s] Level 1:colcon.colcon_core.package_identification:_identify(python_resources/qcar2/hardware/applications/lane_following) by extension 'colcon_pkg'
[1.869s] Level 1:colcon.colcon_core.package_identification:_identify(python_resources/qcar2/hardware/applications/lane_following) by extensions ['colcon_meta']
[1.869s] Level 1:colcon.colcon_core.package_identification:_identify(python_resources/qcar2/hardware/applications/lane_following) by extension 'colcon_meta'
[1.869s] Level 1:colcon.colcon_core.package_identification:_identify(python_resources/qcar2/hardware/applications/lane_following) by extensions ['ros']
[1.869s] Level 1:colcon.colcon_core.package_identification:_identify(python_resources/qcar2/hardware/applications/lane_following) by extension 'ros'
[1.869s] Level 1:colcon.colcon_core.package_identification:_identify(python_resources/qcar2/hardware/applications/lane_following) by extensions ['cmake', 'python']
[1.869s] Level 1:colcon.colcon_core.package_identification:_identify(python_resources/qcar2/hardware/applications/lane_following) by extension 'cmake'
[1.869s] Level 1:colcon.colcon_core.package_identification:_identify(python_resources/qcar2/hardware/applications/lane_following) by extension 'python'
[1.869s] Level 1:colcon.colcon_core.package_identification:_identify(python_resources/qcar2/hardware/applications/lane_following) by extensions ['python_setup_py']
[1.869s] Level 1:colcon.colcon_core.package_identification:_identify(python_resources/qcar2/hardware/applications/lane_following) by extension 'python_setup_py'
[1.869s] Level 1:colcon.colcon_core.package_identification:_identify(python_resources/qcar2/hardware/applications/lanenet) by extensions ['ignore', 'ignore_ament_install']
[1.869s] Level 1:colcon.colcon_core.package_identification:_identify(python_resources/qcar2/hardware/applications/lanenet) by extension 'ignore'
[1.869s] Level 1:colcon.colcon_core.package_identification:_identify(python_resources/qcar2/hardware/applications/lanenet) by extension 'ignore_ament_install'
[1.869s] Level 1:colcon.colcon_core.package_identification:_identify(python_resources/qcar2/hardware/applications/lanenet) by extensions ['colcon_pkg']
[1.869s] Level 1:colcon.colcon_core.package_identification:_identify(python_resources/qcar2/hardware/applications/lanenet) by extension 'colcon_pkg'
[1.869s] Level 1:colcon.colcon_core.package_identification:_identify(python_resources/qcar2/hardware/applications/lanenet) by extensions ['colcon_meta']
[1.869s] Level 1:colcon.colcon_core.package_identification:_identify(python_resources/qcar2/hardware/applications/lanenet) by extension 'colcon_meta'
[1.869s] Level 1:colcon.colcon_core.package_identification:_identify(python_resources/qcar2/hardware/applications/lanenet) by extensions ['ros']
[1.869s] Level 1:colcon.colcon_core.package_identification:_identify(python_resources/qcar2/hardware/applications/lanenet) by extension 'ros'
[1.869s] Level 1:colcon.colcon_core.package_identification:_identify(python_resources/qcar2/hardware/applications/lanenet) by extensions ['cmake', 'python']
[1.869s] Level 1:colcon.colcon_core.package_identification:_identify(python_resources/qcar2/hardware/applications/lanenet) by extension 'cmake'
[1.869s] Level 1:colcon.colcon_core.package_identification:_identify(python_resources/qcar2/hardware/applications/lanenet) by extension 'python'
[1.869s] Level 1:colcon.colcon_core.package_identification:_identify(python_resources/qcar2/hardware/applications/lanenet) by extensions ['python_setup_py']
[1.869s] Level 1:colcon.colcon_core.package_identification:_identify(python_resources/qcar2/hardware/applications/lanenet) by extension 'python_setup_py'
[1.869s] Level 1:colcon.colcon_core.package_identification:_identify(python_resources/qcar2/hardware/applications/manual_drive) by extensions ['ignore', 'ignore_ament_install']
[1.869s] Level 1:colcon.colcon_core.package_identification:_identify(python_resources/qcar2/hardware/applications/manual_drive) by extension 'ignore'
[1.869s] Level 1:colcon.colcon_core.package_identification:_identify(python_resources/qcar2/hardware/applications/manual_drive) by extension 'ignore_ament_install'
[1.870s] Level 1:colcon.colcon_core.package_identification:_identify(python_resources/qcar2/hardware/applications/manual_drive) by extensions ['colcon_pkg']
[1.870s] Level 1:colcon.colcon_core.package_identification:_identify(python_resources/qcar2/hardware/applications/manual_drive) by extension 'colcon_pkg'
[1.870s] Level 1:colcon.colcon_core.package_identification:_identify(python_resources/qcar2/hardware/applications/manual_drive) by extensions ['colcon_meta']
[1.870s] Level 1:colcon.colcon_core.package_identification:_identify(python_resources/qcar2/hardware/applications/manual_drive) by extension 'colcon_meta'
[1.870s] Level 1:colcon.colcon_core.package_identification:_identify(python_resources/qcar2/hardware/applications/manual_drive) by extensions ['ros']
[1.870s] Level 1:colcon.colcon_core.package_identification:_identify(python_resources/qcar2/hardware/applications/manual_drive) by extension 'ros'
[1.870s] Level 1:colcon.colcon_core.package_identification:_identify(python_resources/qcar2/hardware/applications/manual_drive) by extensions ['cmake', 'python']
[1.870s] Level 1:colcon.colcon_core.package_identification:_identify(python_resources/qcar2/hardware/applications/manual_drive) by extension 'cmake'
[1.870s] Level 1:colcon.colcon_core.package_identification:_identify(python_resources/qcar2/hardware/applications/manual_drive) by extension 'python'
[1.870s] Level 1:colcon.colcon_core.package_identification:_identify(python_resources/qcar2/hardware/applications/manual_drive) by extensions ['python_setup_py']
[1.870s] Level 1:colcon.colcon_core.package_identification:_identify(python_resources/qcar2/hardware/applications/manual_drive) by extension 'python_setup_py'
[1.870s] Level 1:colcon.colcon_core.package_identification:_identify(python_resources/qcar2/hardware/applications/multi_vehicle_self_driving) by extensions ['ignore', 'ignore_ament_install']
[1.870s] Level 1:colcon.colcon_core.package_identification:_identify(python_resources/qcar2/hardware/applications/multi_vehicle_self_driving) by extension 'ignore'
[1.870s] Level 1:colcon.colcon_core.package_identification:_identify(python_resources/qcar2/hardware/applications/multi_vehicle_self_driving) by extension 'ignore_ament_install'
[1.870s] Level 1:colcon.colcon_core.package_identification:_identify(python_resources/qcar2/hardware/applications/multi_vehicle_self_driving) by extensions ['colcon_pkg']
[1.870s] Level 1:colcon.colcon_core.package_identification:_identify(python_resources/qcar2/hardware/applications/multi_vehicle_self_driving) by extension 'colcon_pkg'
[1.870s] Level 1:colcon.colcon_core.package_identification:_identify(python_resources/qcar2/hardware/applications/multi_vehicle_self_driving) by extensions ['colcon_meta']
[1.870s] Level 1:colcon.colcon_core.package_identification:_identify(python_resources/qcar2/hardware/applications/multi_vehicle_self_driving) by extension 'colcon_meta'
[1.870s] Level 1:colcon.colcon_core.package_identification:_identify(python_resources/qcar2/hardware/applications/multi_vehicle_self_driving) by extensions ['ros']
[1.870s] Level 1:colcon.colcon_core.package_identification:_identify(python_resources/qcar2/hardware/applications/multi_vehicle_self_driving) by extension 'ros'
[1.870s] Level 1:colcon.colcon_core.package_identification:_identify(python_resources/qcar2/hardware/applications/multi_vehicle_self_driving) by extensions ['cmake', 'python']
[1.870s] Level 1:colcon.colcon_core.package_identification:_identify(python_resources/qcar2/hardware/applications/multi_vehicle_self_driving) by extension 'cmake'
[1.870s] Level 1:colcon.colcon_core.package_identification:_identify(python_resources/qcar2/hardware/applications/multi_vehicle_self_driving) by extension 'python'
[1.870s] Level 1:colcon.colcon_core.package_identification:_identify(python_resources/qcar2/hardware/applications/multi_vehicle_self_driving) by extensions ['python_setup_py']
[1.870s] Level 1:colcon.colcon_core.package_identification:_identify(python_resources/qcar2/hardware/applications/multi_vehicle_self_driving) by extension 'python_setup_py'
[1.870s] Level 1:colcon.colcon_core.package_identification:_identify(python_resources/qcar2/hardware/applications/multi_vehicle_self_driving/python) by extensions ['ignore', 'ignore_ament_install']
[1.870s] Level 1:colcon.colcon_core.package_identification:_identify(python_resources/qcar2/hardware/applications/multi_vehicle_self_driving/python) by extension 'ignore'
[1.870s] Level 1:colcon.colcon_core.package_identification:_identify(python_resources/qcar2/hardware/applications/multi_vehicle_self_driving/python) by extension 'ignore_ament_install'
[1.870s] Level 1:colcon.colcon_core.package_identification:_identify(python_resources/qcar2/hardware/applications/multi_vehicle_self_driving/python) by extensions ['colcon_pkg']
[1.870s] Level 1:colcon.colcon_core.package_identification:_identify(python_resources/qcar2/hardware/applications/multi_vehicle_self_driving/python) by extension 'colcon_pkg'
[1.870s] Level 1:colcon.colcon_core.package_identification:_identify(python_resources/qcar2/hardware/applications/multi_vehicle_self_driving/python) by extensions ['colcon_meta']
[1.870s] Level 1:colcon.colcon_core.package_identification:_identify(python_resources/qcar2/hardware/applications/multi_vehicle_self_driving/python) by extension 'colcon_meta'
[1.870s] Level 1:colcon.colcon_core.package_identification:_identify(python_resources/qcar2/hardware/applications/multi_vehicle_self_driving/python) by extensions ['ros']
[1.870s] Level 1:colcon.colcon_core.package_identification:_identify(python_resources/qcar2/hardware/applications/multi_vehicle_self_driving/python) by extension 'ros'
[1.870s] Level 1:colcon.colcon_core.package_identification:_identify(python_resources/qcar2/hardware/applications/multi_vehicle_self_driving/python) by extensions ['cmake', 'python']
[1.870s] Level 1:colcon.colcon_core.package_identification:_identify(python_resources/qcar2/hardware/applications/multi_vehicle_self_driving/python) by extension 'cmake'
[1.870s] Level 1:colcon.colcon_core.package_identification:_identify(python_resources/qcar2/hardware/applications/multi_vehicle_self_driving/python) by extension 'python'
[1.870s] Level 1:colcon.colcon_core.package_identification:_identify(python_resources/qcar2/hardware/applications/multi_vehicle_self_driving/python) by extensions ['python_setup_py']
[1.871s] Level 1:colcon.colcon_core.package_identification:_identify(python_resources/qcar2/hardware/applications/multi_vehicle_self_driving/python) by extension 'python_setup_py'
[1.871s] Level 1:colcon.colcon_core.package_identification:_identify(python_resources/qcar2/hardware/applications/multi_vehicle_self_driving/qcar) by extensions ['ignore', 'ignore_ament_install']
[1.871s] Level 1:colcon.colcon_core.package_identification:_identify(python_resources/qcar2/hardware/applications/multi_vehicle_self_driving/qcar) by extension 'ignore'
[1.871s] Level 1:colcon.colcon_core.package_identification:_identify(python_resources/qcar2/hardware/applications/multi_vehicle_self_driving/qcar) by extension 'ignore_ament_install'
[1.871s] Level 1:colcon.colcon_core.package_identification:_identify(python_resources/qcar2/hardware/applications/multi_vehicle_self_driving/qcar) by extensions ['colcon_pkg']
[1.871s] Level 1:colcon.colcon_core.package_identification:_identify(python_resources/qcar2/hardware/applications/multi_vehicle_self_driving/qcar) by extension 'colcon_pkg'
[1.871s] Level 1:colcon.colcon_core.package_identification:_identify(python_resources/qcar2/hardware/applications/multi_vehicle_self_driving/qcar) by extensions ['colcon_meta']
[1.871s] Level 1:colcon.colcon_core.package_identification:_identify(python_resources/qcar2/hardware/applications/multi_vehicle_self_driving/qcar) by extension 'colcon_meta'
[1.871s] Level 1:colcon.colcon_core.package_identification:_identify(python_resources/qcar2/hardware/applications/multi_vehicle_self_driving/qcar) by extensions ['ros']
[1.871s] Level 1:colcon.colcon_core.package_identification:_identify(python_resources/qcar2/hardware/applications/multi_vehicle_self_driving/qcar) by extension 'ros'
[1.871s] Level 1:colcon.colcon_core.package_identification:_identify(python_resources/qcar2/hardware/applications/multi_vehicle_self_driving/qcar) by extensions ['cmake', 'python']
[1.871s] Level 1:colcon.colcon_core.package_identification:_identify(python_resources/qcar2/hardware/applications/multi_vehicle_self_driving/qcar) by extension 'cmake'
[1.871s] Level 1:colcon.colcon_core.package_identification:_identify(python_resources/qcar2/hardware/applications/multi_vehicle_self_driving/qcar) by extension 'python'
[1.871s] Level 1:colcon.colcon_core.package_identification:_identify(python_resources/qcar2/hardware/applications/multi_vehicle_self_driving/qcar) by extensions ['python_setup_py']
[1.871s] Level 1:colcon.colcon_core.package_identification:_identify(python_resources/qcar2/hardware/applications/multi_vehicle_self_driving/qcar) by extension 'python_setup_py'
[1.871s] Level 1:colcon.colcon_core.package_identification:_identify(python_resources/qcar2/hardware/applications/multi_vehicle_self_driving/reference_scan) by extensions ['ignore', 'ignore_ament_install']
[1.871s] Level 1:colcon.colcon_core.package_identification:_identify(python_resources/qcar2/hardware/applications/multi_vehicle_self_driving/reference_scan) by extension 'ignore'
[1.871s] Level 1:colcon.colcon_core.package_identification:_identify(python_resources/qcar2/hardware/applications/multi_vehicle_self_driving/reference_scan) by extension 'ignore_ament_install'
[1.871s] Level 1:colcon.colcon_core.package_identification:_identify(python_resources/qcar2/hardware/applications/multi_vehicle_self_driving/reference_scan) by extensions ['colcon_pkg']
[1.871s] Level 1:colcon.colcon_core.package_identification:_identify(python_resources/qcar2/hardware/applications/multi_vehicle_self_driving/reference_scan) by extension 'colcon_pkg'
[1.871s] Level 1:colcon.colcon_core.package_identification:_identify(python_resources/qcar2/hardware/applications/multi_vehicle_self_driving/reference_scan) by extensions ['colcon_meta']
[1.871s] Level 1:colcon.colcon_core.package_identification:_identify(python_resources/qcar2/hardware/applications/multi_vehicle_self_driving/reference_scan) by extension 'colcon_meta'
[1.871s] Level 1:colcon.colcon_core.package_identification:_identify(python_resources/qcar2/hardware/applications/multi_vehicle_self_driving/reference_scan) by extensions ['ros']
[1.871s] Level 1:colcon.colcon_core.package_identification:_identify(python_resources/qcar2/hardware/applications/multi_vehicle_self_driving/reference_scan) by extension 'ros'
[1.871s] Level 1:colcon.colcon_core.package_identification:_identify(python_resources/qcar2/hardware/applications/multi_vehicle_self_driving/reference_scan) by extensions ['cmake', 'python']
[1.871s] Level 1:colcon.colcon_core.package_identification:_identify(python_resources/qcar2/hardware/applications/multi_vehicle_self_driving/reference_scan) by extension 'cmake'
[1.871s] Level 1:colcon.colcon_core.package_identification:_identify(python_resources/qcar2/hardware/applications/multi_vehicle_self_driving/reference_scan) by extension 'python'
[1.871s] Level 1:colcon.colcon_core.package_identification:_identify(python_resources/qcar2/hardware/applications/multi_vehicle_self_driving/reference_scan) by extensions ['python_setup_py']
[1.871s] Level 1:colcon.colcon_core.package_identification:_identify(python_resources/qcar2/hardware/applications/multi_vehicle_self_driving/reference_scan) by extension 'python_setup_py'
[1.871s] Level 1:colcon.colcon_core.package_identification:_identify(python_resources/qcar2/hardware/applications/point_cloud_generation) by extensions ['ignore', 'ignore_ament_install']
[1.871s] Level 1:colcon.colcon_core.package_identification:_identify(python_resources/qcar2/hardware/applications/point_cloud_generation) by extension 'ignore'
[1.871s] Level 1:colcon.colcon_core.package_identification:_identify(python_resources/qcar2/hardware/applications/point_cloud_generation) by extension 'ignore_ament_install'
[1.871s] Level 1:colcon.colcon_core.package_identification:_identify(python_resources/qcar2/hardware/applications/point_cloud_generation) by extensions ['colcon_pkg']
[1.871s] Level 1:colcon.colcon_core.package_identification:_identify(python_resources/qcar2/hardware/applications/point_cloud_generation) by extension 'colcon_pkg'
[1.872s] Level 1:colcon.colcon_core.package_identification:_identify(python_resources/qcar2/hardware/applications/point_cloud_generation) by extensions ['colcon_meta']
[1.872s] Level 1:colcon.colcon_core.package_identification:_identify(python_resources/qcar2/hardware/applications/point_cloud_generation) by extension 'colcon_meta'
[1.872s] Level 1:colcon.colcon_core.package_identification:_identify(python_resources/qcar2/hardware/applications/point_cloud_generation) by extensions ['ros']
[1.872s] Level 1:colcon.colcon_core.package_identification:_identify(python_resources/qcar2/hardware/applications/point_cloud_generation) by extension 'ros'
[1.872s] Level 1:colcon.colcon_core.package_identification:_identify(python_resources/qcar2/hardware/applications/point_cloud_generation) by extensions ['cmake', 'python']
[1.872s] Level 1:colcon.colcon_core.package_identification:_identify(python_resources/qcar2/hardware/applications/point_cloud_generation) by extension 'cmake'
[1.872s] Level 1:colcon.colcon_core.package_identification:_identify(python_resources/qcar2/hardware/applications/point_cloud_generation) by extension 'python'
[1.872s] Level 1:colcon.colcon_core.package_identification:_identify(python_resources/qcar2/hardware/applications/point_cloud_generation) by extensions ['python_setup_py']
[1.872s] Level 1:colcon.colcon_core.package_identification:_identify(python_resources/qcar2/hardware/applications/point_cloud_generation) by extension 'python_setup_py'
[1.872s] Level 1:colcon.colcon_core.package_identification:_identify(python_resources/qcar2/hardware/applications/rgbd_imaging) by extensions ['ignore', 'ignore_ament_install']
[1.872s] Level 1:colcon.colcon_core.package_identification:_identify(python_resources/qcar2/hardware/applications/rgbd_imaging) by extension 'ignore'
[1.872s] Level 1:colcon.colcon_core.package_identification:_identify(python_resources/qcar2/hardware/applications/rgbd_imaging) by extension 'ignore_ament_install'
[1.872s] Level 1:colcon.colcon_core.package_identification:_identify(python_resources/qcar2/hardware/applications/rgbd_imaging) by extensions ['colcon_pkg']
[1.872s] Level 1:colcon.colcon_core.package_identification:_identify(python_resources/qcar2/hardware/applications/rgbd_imaging) by extension 'colcon_pkg'
[1.872s] Level 1:colcon.colcon_core.package_identification:_identify(python_resources/qcar2/hardware/applications/rgbd_imaging) by extensions ['colcon_meta']
[1.872s] Level 1:colcon.colcon_core.package_identification:_identify(python_resources/qcar2/hardware/applications/rgbd_imaging) by extension 'colcon_meta'
[1.872s] Level 1:colcon.colcon_core.package_identification:_identify(python_resources/qcar2/hardware/applications/rgbd_imaging) by extensions ['ros']
[1.872s] Level 1:colcon.colcon_core.package_identification:_identify(python_resources/qcar2/hardware/applications/rgbd_imaging) by extension 'ros'
[1.872s] Level 1:colcon.colcon_core.package_identification:_identify(python_resources/qcar2/hardware/applications/rgbd_imaging) by extensions ['cmake', 'python']
[1.872s] Level 1:colcon.colcon_core.package_identification:_identify(python_resources/qcar2/hardware/applications/rgbd_imaging) by extension 'cmake'
[1.872s] Level 1:colcon.colcon_core.package_identification:_identify(python_resources/qcar2/hardware/applications/rgbd_imaging) by extension 'python'
[1.872s] Level 1:colcon.colcon_core.package_identification:_identify(python_resources/qcar2/hardware/applications/rgbd_imaging) by extensions ['python_setup_py']
[1.872s] Level 1:colcon.colcon_core.package_identification:_identify(python_resources/qcar2/hardware/applications/rgbd_imaging) by extension 'python_setup_py'
[1.872s] Level 1:colcon.colcon_core.package_identification:_identify(python_resources/qcar2/hardware/applications/yolo) by extensions ['ignore', 'ignore_ament_install']
[1.872s] Level 1:colcon.colcon_core.package_identification:_identify(python_resources/qcar2/hardware/applications/yolo) by extension 'ignore'
[1.872s] Level 1:colcon.colcon_core.package_identification:_identify(python_resources/qcar2/hardware/applications/yolo) by extension 'ignore_ament_install'
[1.872s] Level 1:colcon.colcon_core.package_identification:_identify(python_resources/qcar2/hardware/applications/yolo) by extensions ['colcon_pkg']
[1.872s] Level 1:colcon.colcon_core.package_identification:_identify(python_resources/qcar2/hardware/applications/yolo) by extension 'colcon_pkg'
[1.872s] Level 1:colcon.colcon_core.package_identification:_identify(python_resources/qcar2/hardware/applications/yolo) by extensions ['colcon_meta']
[1.872s] Level 1:colcon.colcon_core.package_identification:_identify(python_resources/qcar2/hardware/applications/yolo) by extension 'colcon_meta'
[1.872s] Level 1:colcon.colcon_core.package_identification:_identify(python_resources/qcar2/hardware/applications/yolo) by extensions ['ros']
[1.872s] Level 1:colcon.colcon_core.package_identification:_identify(python_resources/qcar2/hardware/applications/yolo) by extension 'ros'
[1.872s] Level 1:colcon.colcon_core.package_identification:_identify(python_resources/qcar2/hardware/applications/yolo) by extensions ['cmake', 'python']
[1.872s] Level 1:colcon.colcon_core.package_identification:_identify(python_resources/qcar2/hardware/applications/yolo) by extension 'cmake'
[1.872s] Level 1:colcon.colcon_core.package_identification:_identify(python_resources/qcar2/hardware/applications/yolo) by extension 'python'
[1.872s] Level 1:colcon.colcon_core.package_identification:_identify(python_resources/qcar2/hardware/applications/yolo) by extensions ['python_setup_py']
[1.872s] Level 1:colcon.colcon_core.package_identification:_identify(python_resources/qcar2/hardware/applications/yolo) by extension 'python_setup_py'
[1.873s] Level 1:colcon.colcon_core.package_identification:_identify(python_resources/qcar2/hardware/hardware_tests) by extensions ['ignore', 'ignore_ament_install']
[1.873s] Level 1:colcon.colcon_core.package_identification:_identify(python_resources/qcar2/hardware/hardware_tests) by extension 'ignore'
[1.873s] Level 1:colcon.colcon_core.package_identification:_identify(python_resources/qcar2/hardware/hardware_tests) by extension 'ignore_ament_install'
[1.873s] Level 1:colcon.colcon_core.package_identification:_identify(python_resources/qcar2/hardware/hardware_tests) by extensions ['colcon_pkg']
[1.873s] Level 1:colcon.colcon_core.package_identification:_identify(python_resources/qcar2/hardware/hardware_tests) by extension 'colcon_pkg'
[1.873s] Level 1:colcon.colcon_core.package_identification:_identify(python_resources/qcar2/hardware/hardware_tests) by extensions ['colcon_meta']
[1.873s] Level 1:colcon.colcon_core.package_identification:_identify(python_resources/qcar2/hardware/hardware_tests) by extension 'colcon_meta'
[1.873s] Level 1:colcon.colcon_core.package_identification:_identify(python_resources/qcar2/hardware/hardware_tests) by extensions ['ros']
[1.873s] Level 1:colcon.colcon_core.package_identification:_identify(python_resources/qcar2/hardware/hardware_tests) by extension 'ros'
[1.873s] Level 1:colcon.colcon_core.package_identification:_identify(python_resources/qcar2/hardware/hardware_tests) by extensions ['cmake', 'python']
[1.873s] Level 1:colcon.colcon_core.package_identification:_identify(python_resources/qcar2/hardware/hardware_tests) by extension 'cmake'
[1.873s] Level 1:colcon.colcon_core.package_identification:_identify(python_resources/qcar2/hardware/hardware_tests) by extension 'python'
[1.873s] Level 1:colcon.colcon_core.package_identification:_identify(python_resources/qcar2/hardware/hardware_tests) by extensions ['python_setup_py']
[1.873s] Level 1:colcon.colcon_core.package_identification:_identify(python_resources/qcar2/hardware/hardware_tests) by extension 'python_setup_py'
[1.873s] Level 1:colcon.colcon_core.package_identification:_identify(python_resources/qcar2/virtual) by extensions ['ignore', 'ignore_ament_install']
[1.873s] Level 1:colcon.colcon_core.package_identification:_identify(python_resources/qcar2/virtual) by extension 'ignore'
[1.873s] Level 1:colcon.colcon_core.package_identification:_identify(python_resources/qcar2/virtual) by extension 'ignore_ament_install'
[1.873s] Level 1:colcon.colcon_core.package_identification:_identify(python_resources/qcar2/virtual) by extensions ['colcon_pkg']
[1.873s] Level 1:colcon.colcon_core.package_identification:_identify(python_resources/qcar2/virtual) by extension 'colcon_pkg'
[1.873s] Level 1:colcon.colcon_core.package_identification:_identify(python_resources/qcar2/virtual) by extensions ['colcon_meta']
[1.873s] Level 1:colcon.colcon_core.package_identification:_identify(python_resources/qcar2/virtual) by extension 'colcon_meta'
[1.873s] Level 1:colcon.colcon_core.package_identification:_identify(python_resources/qcar2/virtual) by extensions ['ros']
[1.873s] Level 1:colcon.colcon_core.package_identification:_identify(python_resources/qcar2/virtual) by extension 'ros'
[1.873s] Level 1:colcon.colcon_core.package_identification:_identify(python_resources/qcar2/virtual) by extensions ['cmake', 'python']
[1.873s] Level 1:colcon.colcon_core.package_identification:_identify(python_resources/qcar2/virtual) by extension 'cmake'
[1.873s] Level 1:colcon.colcon_core.package_identification:_identify(python_resources/qcar2/virtual) by extension 'python'
[1.873s] Level 1:colcon.colcon_core.package_identification:_identify(python_resources/qcar2/virtual) by extensions ['python_setup_py']
[1.873s] Level 1:colcon.colcon_core.package_identification:_identify(python_resources/qcar2/virtual) by extension 'python_setup_py'
[1.873s] Level 1:colcon.colcon_core.package_identification:_identify(python_resources/qcar2/virtual/applications) by extensions ['ignore', 'ignore_ament_install']
[1.873s] Level 1:colcon.colcon_core.package_identification:_identify(python_resources/qcar2/virtual/applications) by extension 'ignore'
[1.873s] Level 1:colcon.colcon_core.package_identification:_identify(python_resources/qcar2/virtual/applications) by extension 'ignore_ament_install'
[1.873s] Level 1:colcon.colcon_core.package_identification:_identify(python_resources/qcar2/virtual/applications) by extensions ['colcon_pkg']
[1.873s] Level 1:colcon.colcon_core.package_identification:_identify(python_resources/qcar2/virtual/applications) by extension 'colcon_pkg'
[1.873s] Level 1:colcon.colcon_core.package_identification:_identify(python_resources/qcar2/virtual/applications) by extensions ['colcon_meta']
[1.873s] Level 1:colcon.colcon_core.package_identification:_identify(python_resources/qcar2/virtual/applications) by extension 'colcon_meta'
[1.873s] Level 1:colcon.colcon_core.package_identification:_identify(python_resources/qcar2/virtual/applications) by extensions ['ros']
[1.874s] Level 1:colcon.colcon_core.package_identification:_identify(python_resources/qcar2/virtual/applications) by extension 'ros'
[1.874s] Level 1:colcon.colcon_core.package_identification:_identify(python_resources/qcar2/virtual/applications) by extensions ['cmake', 'python']
[1.874s] Level 1:colcon.colcon_core.package_identification:_identify(python_resources/qcar2/virtual/applications) by extension 'cmake'
[1.874s] Level 1:colcon.colcon_core.package_identification:_identify(python_resources/qcar2/virtual/applications) by extension 'python'
[1.874s] Level 1:colcon.colcon_core.package_identification:_identify(python_resources/qcar2/virtual/applications) by extensions ['python_setup_py']
[1.874s] Level 1:colcon.colcon_core.package_identification:_identify(python_resources/qcar2/virtual/applications) by extension 'python_setup_py'
[1.874s] Level 1:colcon.colcon_core.package_identification:_identify(python_resources/qcar2/virtual/applications/360_vision) by extensions ['ignore', 'ignore_ament_install']
[1.874s] Level 1:colcon.colcon_core.package_identification:_identify(python_resources/qcar2/virtual/applications/360_vision) by extension 'ignore'
[1.874s] Level 1:colcon.colcon_core.package_identification:_identify(python_resources/qcar2/virtual/applications/360_vision) by extension 'ignore_ament_install'
[1.874s] Level 1:colcon.colcon_core.package_identification:_identify(python_resources/qcar2/virtual/applications/360_vision) by extensions ['colcon_pkg']
[1.874s] Level 1:colcon.colcon_core.package_identification:_identify(python_resources/qcar2/virtual/applications/360_vision) by extension 'colcon_pkg'
[1.874s] Level 1:colcon.colcon_core.package_identification:_identify(python_resources/qcar2/virtual/applications/360_vision) by extensions ['colcon_meta']
[1.874s] Level 1:colcon.colcon_core.package_identification:_identify(python_resources/qcar2/virtual/applications/360_vision) by extension 'colcon_meta'
[1.874s] Level 1:colcon.colcon_core.package_identification:_identify(python_resources/qcar2/virtual/applications/360_vision) by extensions ['ros']
[1.874s] Level 1:colcon.colcon_core.package_identification:_identify(python_resources/qcar2/virtual/applications/360_vision) by extension 'ros'
[1.874s] Level 1:colcon.colcon_core.package_identification:_identify(python_resources/qcar2/virtual/applications/360_vision) by extensions ['cmake', 'python']
[1.874s] Level 1:colcon.colcon_core.package_identification:_identify(python_resources/qcar2/virtual/applications/360_vision) by extension 'cmake'
[1.874s] Level 1:colcon.colcon_core.package_identification:_identify(python_resources/qcar2/virtual/applications/360_vision) by extension 'python'
[1.874s] Level 1:colcon.colcon_core.package_identification:_identify(python_resources/qcar2/virtual/applications/360_vision) by extensions ['python_setup_py']
[1.874s] Level 1:colcon.colcon_core.package_identification:_identify(python_resources/qcar2/virtual/applications/360_vision) by extension 'python_setup_py'
[1.874s] Level 1:colcon.colcon_core.package_identification:_identify(python_resources/qcar2/virtual/applications/lane_following) by extensions ['ignore', 'ignore_ament_install']
[1.874s] Level 1:colcon.colcon_core.package_identification:_identify(python_resources/qcar2/virtual/applications/lane_following) by extension 'ignore'
[1.874s] Level 1:colcon.colcon_core.package_identification:_identify(python_resources/qcar2/virtual/applications/lane_following) by extension 'ignore_ament_install'
[1.874s] Level 1:colcon.colcon_core.package_identification:_identify(python_resources/qcar2/virtual/applications/lane_following) by extensions ['colcon_pkg']
[1.874s] Level 1:colcon.colcon_core.package_identification:_identify(python_resources/qcar2/virtual/applications/lane_following) by extension 'colcon_pkg'
[1.874s] Level 1:colcon.colcon_core.package_identification:_identify(python_resources/qcar2/virtual/applications/lane_following) by extensions ['colcon_meta']
[1.874s] Level 1:colcon.colcon_core.package_identification:_identify(python_resources/qcar2/virtual/applications/lane_following) by extension 'colcon_meta'
[1.874s] Level 1:colcon.colcon_core.package_identification:_identify(python_resources/qcar2/virtual/applications/lane_following) by extensions ['ros']
[1.874s] Level 1:colcon.colcon_core.package_identification:_identify(python_resources/qcar2/virtual/applications/lane_following) by extension 'ros'
[1.874s] Level 1:colcon.colcon_core.package_identification:_identify(python_resources/qcar2/virtual/applications/lane_following) by extensions ['cmake', 'python']
[1.874s] Level 1:colcon.colcon_core.package_identification:_identify(python_resources/qcar2/virtual/applications/lane_following) by extension 'cmake'
[1.874s] Level 1:colcon.colcon_core.package_identification:_identify(python_resources/qcar2/virtual/applications/lane_following) by extension 'python'
[1.874s] Level 1:colcon.colcon_core.package_identification:_identify(python_resources/qcar2/virtual/applications/lane_following) by extensions ['python_setup_py']
[1.874s] Level 1:colcon.colcon_core.package_identification:_identify(python_resources/qcar2/virtual/applications/lane_following) by extension 'python_setup_py'
[1.874s] Level 1:colcon.colcon_core.package_identification:_identify(python_resources/qcar2/virtual/applications/manual_drive) by extensions ['ignore', 'ignore_ament_install']
[1.874s] Level 1:colcon.colcon_core.package_identification:_identify(python_resources/qcar2/virtual/applications/manual_drive) by extension 'ignore'
[1.875s] Level 1:colcon.colcon_core.package_identification:_identify(python_resources/qcar2/virtual/applications/manual_drive) by extension 'ignore_ament_install'
[1.875s] Level 1:colcon.colcon_core.package_identification:_identify(python_resources/qcar2/virtual/applications/manual_drive) by extensions ['colcon_pkg']
[1.875s] Level 1:colcon.colcon_core.package_identification:_identify(python_resources/qcar2/virtual/applications/manual_drive) by extension 'colcon_pkg'
[1.875s] Level 1:colcon.colcon_core.package_identification:_identify(python_resources/qcar2/virtual/applications/manual_drive) by extensions ['colcon_meta']
[1.875s] Level 1:colcon.colcon_core.package_identification:_identify(python_resources/qcar2/virtual/applications/manual_drive) by extension 'colcon_meta'
[1.875s] Level 1:colcon.colcon_core.package_identification:_identify(python_resources/qcar2/virtual/applications/manual_drive) by extensions ['ros']
[1.875s] Level 1:colcon.colcon_core.package_identification:_identify(python_resources/qcar2/virtual/applications/manual_drive) by extension 'ros'
[1.875s] Level 1:colcon.colcon_core.package_identification:_identify(python_resources/qcar2/virtual/applications/manual_drive) by extensions ['cmake', 'python']
[1.875s] Level 1:colcon.colcon_core.package_identification:_identify(python_resources/qcar2/virtual/applications/manual_drive) by extension 'cmake'
[1.875s] Level 1:colcon.colcon_core.package_identification:_identify(python_resources/qcar2/virtual/applications/manual_drive) by extension 'python'
[1.875s] Level 1:colcon.colcon_core.package_identification:_identify(python_resources/qcar2/virtual/applications/manual_drive) by extensions ['python_setup_py']
[1.875s] Level 1:colcon.colcon_core.package_identification:_identify(python_resources/qcar2/virtual/applications/manual_drive) by extension 'python_setup_py'
[1.875s] Level 1:colcon.colcon_core.package_identification:_identify(python_resources/qcar2/virtual/applications/point_cloud_generation) by extensions ['ignore', 'ignore_ament_install']
[1.875s] Level 1:colcon.colcon_core.package_identification:_identify(python_resources/qcar2/virtual/applications/point_cloud_generation) by extension 'ignore'
[1.875s] Level 1:colcon.colcon_core.package_identification:_identify(python_resources/qcar2/virtual/applications/point_cloud_generation) by extension 'ignore_ament_install'
[1.875s] Level 1:colcon.colcon_core.package_identification:_identify(python_resources/qcar2/virtual/applications/point_cloud_generation) by extensions ['colcon_pkg']
[1.875s] Level 1:colcon.colcon_core.package_identification:_identify(python_resources/qcar2/virtual/applications/point_cloud_generation) by extension 'colcon_pkg'
[1.875s] Level 1:colcon.colcon_core.package_identification:_identify(python_resources/qcar2/virtual/applications/point_cloud_generation) by extensions ['colcon_meta']
[1.875s] Level 1:colcon.colcon_core.package_identification:_identify(python_resources/qcar2/virtual/applications/point_cloud_generation) by extension 'colcon_meta'
[1.875s] Level 1:colcon.colcon_core.package_identification:_identify(python_resources/qcar2/virtual/applications/point_cloud_generation) by extensions ['ros']
[1.875s] Level 1:colcon.colcon_core.package_identification:_identify(python_resources/qcar2/virtual/applications/point_cloud_generation) by extension 'ros'
[1.875s] Level 1:colcon.colcon_core.package_identification:_identify(python_resources/qcar2/virtual/applications/point_cloud_generation) by extensions ['cmake', 'python']
[1.875s] Level 1:colcon.colcon_core.package_identification:_identify(python_resources/qcar2/virtual/applications/point_cloud_generation) by extension 'cmake'
[1.875s] Level 1:colcon.colcon_core.package_identification:_identify(python_resources/qcar2/virtual/applications/point_cloud_generation) by extension 'python'
[1.875s] Level 1:colcon.colcon_core.package_identification:_identify(python_resources/qcar2/virtual/applications/point_cloud_generation) by extensions ['python_setup_py']
[1.875s] Level 1:colcon.colcon_core.package_identification:_identify(python_resources/qcar2/virtual/applications/point_cloud_generation) by extension 'python_setup_py'
[1.875s] Level 1:colcon.colcon_core.package_identification:_identify(python_resources/qcar2/virtual/applications/rgbd_imaging) by extensions ['ignore', 'ignore_ament_install']
[1.875s] Level 1:colcon.colcon_core.package_identification:_identify(python_resources/qcar2/virtual/applications/rgbd_imaging) by extension 'ignore'
[1.875s] Level 1:colcon.colcon_core.package_identification:_identify(python_resources/qcar2/virtual/applications/rgbd_imaging) by extension 'ignore_ament_install'
[1.875s] Level 1:colcon.colcon_core.package_identification:_identify(python_resources/qcar2/virtual/applications/rgbd_imaging) by extensions ['colcon_pkg']
[1.875s] Level 1:colcon.colcon_core.package_identification:_identify(python_resources/qcar2/virtual/applications/rgbd_imaging) by extension 'colcon_pkg'
[1.875s] Level 1:colcon.colcon_core.package_identification:_identify(python_resources/qcar2/virtual/applications/rgbd_imaging) by extensions ['colcon_meta']
[1.875s] Level 1:colcon.colcon_core.package_identification:_identify(python_resources/qcar2/virtual/applications/rgbd_imaging) by extension 'colcon_meta'
[1.875s] Level 1:colcon.colcon_core.package_identification:_identify(python_resources/qcar2/virtual/applications/rgbd_imaging) by extensions ['ros']
[1.875s] Level 1:colcon.colcon_core.package_identification:_identify(python_resources/qcar2/virtual/applications/rgbd_imaging) by extension 'ros'
[1.875s] Level 1:colcon.colcon_core.package_identification:_identify(python_resources/qcar2/virtual/applications/rgbd_imaging) by extensions ['cmake', 'python']
[1.875s] Level 1:colcon.colcon_core.package_identification:_identify(python_resources/qcar2/virtual/applications/rgbd_imaging) by extension 'cmake'
[1.875s] Level 1:colcon.colcon_core.package_identification:_identify(python_resources/qcar2/virtual/applications/rgbd_imaging) by extension 'python'
[1.876s] Level 1:colcon.colcon_core.package_identification:_identify(python_resources/qcar2/virtual/applications/rgbd_imaging) by extensions ['python_setup_py']
[1.876s] Level 1:colcon.colcon_core.package_identification:_identify(python_resources/qcar2/virtual/applications/rgbd_imaging) by extension 'python_setup_py'
[1.876s] Level 1:colcon.colcon_core.package_identification:_identify(python_resources/qcar2/virtual/hardware_tests) by extensions ['ignore', 'ignore_ament_install']
[1.876s] Level 1:colcon.colcon_core.package_identification:_identify(python_resources/qcar2/virtual/hardware_tests) by extension 'ignore'
[1.876s] Level 1:colcon.colcon_core.package_identification:_identify(python_resources/qcar2/virtual/hardware_tests) by extension 'ignore_ament_install'
[1.876s] Level 1:colcon.colcon_core.package_identification:_identify(python_resources/qcar2/virtual/hardware_tests) by extensions ['colcon_pkg']
[1.876s] Level 1:colcon.colcon_core.package_identification:_identify(python_resources/qcar2/virtual/hardware_tests) by extension 'colcon_pkg'
[1.876s] Level 1:colcon.colcon_core.package_identification:_identify(python_resources/qcar2/virtual/hardware_tests) by extensions ['colcon_meta']
[1.876s] Level 1:colcon.colcon_core.package_identification:_identify(python_resources/qcar2/virtual/hardware_tests) by extension 'colcon_meta'
[1.876s] Level 1:colcon.colcon_core.package_identification:_identify(python_resources/qcar2/virtual/hardware_tests) by extensions ['ros']
[1.876s] Level 1:colcon.colcon_core.package_identification:_identify(python_resources/qcar2/virtual/hardware_tests) by extension 'ros'
[1.876s] Level 1:colcon.colcon_core.package_identification:_identify(python_resources/qcar2/virtual/hardware_tests) by extensions ['cmake', 'python']
[1.876s] Level 1:colcon.colcon_core.package_identification:_identify(python_resources/qcar2/virtual/hardware_tests) by extension 'cmake'
[1.876s] Level 1:colcon.colcon_core.package_identification:_identify(python_resources/qcar2/virtual/hardware_tests) by extension 'python'
[1.876s] Level 1:colcon.colcon_core.package_identification:_identify(python_resources/qcar2/virtual/hardware_tests) by extensions ['python_setup_py']
[1.876s] Level 1:colcon.colcon_core.package_identification:_identify(python_resources/qcar2/virtual/hardware_tests) by extension 'python_setup_py'
[1.876s] Level 1:colcon.colcon_core.package_identification:_identify(python_resources/roadmap) by extensions ['ignore', 'ignore_ament_install']
[1.876s] Level 1:colcon.colcon_core.package_identification:_identify(python_resources/roadmap) by extension 'ignore'
[1.876s] Level 1:colcon.colcon_core.package_identification:_identify(python_resources/roadmap) by extension 'ignore_ament_install'
[1.876s] Level 1:colcon.colcon_core.package_identification:_identify(python_resources/roadmap) by extensions ['colcon_pkg']
[1.876s] Level 1:colcon.colcon_core.package_identification:_identify(python_resources/roadmap) by extension 'colcon_pkg'
[1.876s] Level 1:colcon.colcon_core.package_identification:_identify(python_resources/roadmap) by extensions ['colcon_meta']
[1.876s] Level 1:colcon.colcon_core.package_identification:_identify(python_resources/roadmap) by extension 'colcon_meta'
[1.876s] Level 1:colcon.colcon_core.package_identification:_identify(python_resources/roadmap) by extensions ['ros']
[1.876s] Level 1:colcon.colcon_core.package_identification:_identify(python_resources/roadmap) by extension 'ros'
[1.876s] Level 1:colcon.colcon_core.package_identification:_identify(python_resources/roadmap) by extensions ['cmake', 'python']
[1.876s] Level 1:colcon.colcon_core.package_identification:_identify(python_resources/roadmap) by extension 'cmake'
[1.876s] Level 1:colcon.colcon_core.package_identification:_identify(python_resources/roadmap) by extension 'python'
[1.876s] Level 1:colcon.colcon_core.package_identification:_identify(python_resources/roadmap) by extensions ['python_setup_py']
[1.876s] Level 1:colcon.colcon_core.package_identification:_identify(python_resources/roadmap) by extension 'python_setup_py'
[1.876s] Level 1:colcon.colcon_core.package_identification:_identify(python_resources/traffic_light) by extensions ['ignore', 'ignore_ament_install']
[1.876s] Level 1:colcon.colcon_core.package_identification:_identify(python_resources/traffic_light) by extension 'ignore'
[1.876s] Level 1:colcon.colcon_core.package_identification:_identify(python_resources/traffic_light) by extension 'ignore_ament_install'
[1.876s] Level 1:colcon.colcon_core.package_identification:_identify(python_resources/traffic_light) by extensions ['colcon_pkg']
[1.876s] Level 1:colcon.colcon_core.package_identification:_identify(python_resources/traffic_light) by extension 'colcon_pkg'
[1.876s] Level 1:colcon.colcon_core.package_identification:_identify(python_resources/traffic_light) by extensions ['colcon_meta']
[1.876s] Level 1:colcon.colcon_core.package_identification:_identify(python_resources/traffic_light) by extension 'colcon_meta'
[1.876s] Level 1:colcon.colcon_core.package_identification:_identify(python_resources/traffic_light) by extensions ['ros']
[1.877s] Level 1:colcon.colcon_core.package_identification:_identify(python_resources/traffic_light) by extension 'ros'
[1.877s] Level 1:colcon.colcon_core.package_identification:_identify(python_resources/traffic_light) by extensions ['cmake', 'python']
[1.877s] Level 1:colcon.colcon_core.package_identification:_identify(python_resources/traffic_light) by extension 'cmake'
[1.877s] Level 1:colcon.colcon_core.package_identification:_identify(python_resources/traffic_light) by extension 'python'
[1.877s] Level 1:colcon.colcon_core.package_identification:_identify(python_resources/traffic_light) by extensions ['python_setup_py']
[1.877s] Level 1:colcon.colcon_core.package_identification:_identify(python_resources/traffic_light) by extension 'python_setup_py'
[1.877s] Level 1:colcon.colcon_core.package_identification:_identify(ros2) by extensions ['ignore', 'ignore_ament_install']
[1.877s] Level 1:colcon.colcon_core.package_identification:_identify(ros2) by extension 'ignore'
[1.877s] Level 1:colcon.colcon_core.package_identification:_identify(ros2) by extension 'ignore_ament_install'
[1.877s] Level 1:colcon.colcon_core.package_identification:_identify(ros2) by extensions ['colcon_pkg']
[1.877s] Level 1:colcon.colcon_core.package_identification:_identify(ros2) by extension 'colcon_pkg'
[1.877s] Level 1:colcon.colcon_core.package_identification:_identify(ros2) by extensions ['colcon_meta']
[1.877s] Level 1:colcon.colcon_core.package_identification:_identify(ros2) by extension 'colcon_meta'
[1.877s] Level 1:colcon.colcon_core.package_identification:_identify(ros2) by extensions ['ros']
[1.877s] Level 1:colcon.colcon_core.package_identification:_identify(ros2) by extension 'ros'
[1.877s] Level 1:colcon.colcon_core.package_identification:_identify(ros2) by extensions ['cmake', 'python']
[1.877s] Level 1:colcon.colcon_core.package_identification:_identify(ros2) by extension 'cmake'
[1.877s] Level 1:colcon.colcon_core.package_identification:_identify(ros2) by extension 'python'
[1.877s] Level 1:colcon.colcon_core.package_identification:_identify(ros2) by extensions ['python_setup_py']
[1.877s] Level 1:colcon.colcon_core.package_identification:_identify(ros2) by extension 'python_setup_py'
[1.877s] Level 1:colcon.colcon_core.package_identification:_identify(ros2/src) by extensions ['ignore', 'ignore_ament_install']
[1.877s] Level 1:colcon.colcon_core.package_identification:_identify(ros2/src) by extension 'ignore'
[1.877s] Level 1:colcon.colcon_core.package_identification:_identify(ros2/src) by extension 'ignore_ament_install'
[1.877s] Level 1:colcon.colcon_core.package_identification:_identify(ros2/src) by extensions ['colcon_pkg']
[1.877s] Level 1:colcon.colcon_core.package_identification:_identify(ros2/src) by extension 'colcon_pkg'
[1.877s] Level 1:colcon.colcon_core.package_identification:_identify(ros2/src) by extensions ['colcon_meta']
[1.877s] Level 1:colcon.colcon_core.package_identification:_identify(ros2/src) by extension 'colcon_meta'
[1.877s] Level 1:colcon.colcon_core.package_identification:_identify(ros2/src) by extensions ['ros']
[1.877s] Level 1:colcon.colcon_core.package_identification:_identify(ros2/src) by extension 'ros'
[1.877s] Level 1:colcon.colcon_core.package_identification:_identify(ros2/src) by extensions ['cmake', 'python']
[1.877s] Level 1:colcon.colcon_core.package_identification:_identify(ros2/src) by extension 'cmake'
[1.877s] Level 1:colcon.colcon_core.package_identification:_identify(ros2/src) by extension 'python'
[1.877s] Level 1:colcon.colcon_core.package_identification:_identify(ros2/src) by extensions ['python_setup_py']
[1.877s] Level 1:colcon.colcon_core.package_identification:_identify(ros2/src) by extension 'python_setup_py'
[1.877s] Level 1:colcon.colcon_core.package_identification:_identify(ros2/src/qcar2_autonomy) by extensions ['ignore', 'ignore_ament_install']
[1.878s] Level 1:colcon.colcon_core.package_identification:_identify(ros2/src/qcar2_autonomy) by extension 'ignore'
[1.878s] Level 1:colcon.colcon_core.package_identification:_identify(ros2/src/qcar2_autonomy) by extension 'ignore_ament_install'
[1.878s] Level 1:colcon.colcon_core.package_identification:_identify(ros2/src/qcar2_autonomy) by extensions ['colcon_pkg']
[1.878s] Level 1:colcon.colcon_core.package_identification:_identify(ros2/src/qcar2_autonomy) by extension 'colcon_pkg'
[1.878s] Level 1:colcon.colcon_core.package_identification:_identify(ros2/src/qcar2_autonomy) by extensions ['colcon_meta']
[1.878s] Level 1:colcon.colcon_core.package_identification:_identify(ros2/src/qcar2_autonomy) by extension 'colcon_meta'
[1.878s] Level 1:colcon.colcon_core.package_identification:_identify(ros2/src/qcar2_autonomy) by extensions ['ros']
[1.878s] Level 1:colcon.colcon_core.package_identification:_identify(ros2/src/qcar2_autonomy) by extension 'ros'
[1.879s] DEBUG:colcon.colcon_core.package_identification:Package 'ros2/src/qcar2_autonomy' with type 'ros.ament_python' and name 'qcar2_autonomy'
[1.879s] Level 1:colcon.colcon_core.package_identification:_identify(ros2/src/qcar2_interfaces) by extensions ['ignore', 'ignore_ament_install']
[1.880s] Level 1:colcon.colcon_core.package_identification:_identify(ros2/src/qcar2_interfaces) by extension 'ignore'
[1.880s] Level 1:colcon.colcon_core.package_identification:_identify(ros2/src/qcar2_interfaces) by extension 'ignore_ament_install'
[1.880s] Level 1:colcon.colcon_core.package_identification:_identify(ros2/src/qcar2_interfaces) by extensions ['colcon_pkg']
[1.880s] Level 1:colcon.colcon_core.package_identification:_identify(ros2/src/qcar2_interfaces) by extension 'colcon_pkg'
[1.880s] Level 1:colcon.colcon_core.package_identification:_identify(ros2/src/qcar2_interfaces) by extensions ['colcon_meta']
[1.880s] Level 1:colcon.colcon_core.package_identification:_identify(ros2/src/qcar2_interfaces) by extension 'colcon_meta'
[1.880s] Level 1:colcon.colcon_core.package_identification:_identify(ros2/src/qcar2_interfaces) by extensions ['ros']
[1.880s] Level 1:colcon.colcon_core.package_identification:_identify(ros2/src/qcar2_interfaces) by extension 'ros'
[1.880s] DEBUG:colcon.colcon_core.package_identification:Package 'ros2/src/qcar2_interfaces' with type 'ros.ament_cmake' and name 'qcar2_interfaces'
[1.880s] Level 1:colcon.colcon_core.package_identification:_identify(ros2/src/qcar2_nodes) by extensions ['ignore', 'ignore_ament_install']
[1.880s] Level 1:colcon.colcon_core.package_identification:_identify(ros2/src/qcar2_nodes) by extension 'ignore'
[1.880s] Level 1:colcon.colcon_core.package_identification:_identify(ros2/src/qcar2_nodes) by extension 'ignore_ament_install'
[1.880s] Level 1:colcon.colcon_core.package_identification:_identify(ros2/src/qcar2_nodes) by extensions ['colcon_pkg']
[1.880s] Level 1:colcon.colcon_core.package_identification:_identify(ros2/src/qcar2_nodes) by extension 'colcon_pkg'
[1.880s] Level 1:colcon.colcon_core.package_identification:_identify(ros2/src/qcar2_nodes) by extensions ['colcon_meta']
[1.880s] Level 1:colcon.colcon_core.package_identification:_identify(ros2/src/qcar2_nodes) by extension 'colcon_meta'
[1.880s] Level 1:colcon.colcon_core.package_identification:_identify(ros2/src/qcar2_nodes) by extensions ['ros']
[1.880s] Level 1:colcon.colcon_core.package_identification:_identify(ros2/src/qcar2_nodes) by extension 'ros'
[1.881s] DEBUG:colcon.colcon_core.package_identification:Package 'ros2/src/qcar2_nodes' with type 'ros.ament_cmake' and name 'qcar2_nodes'
[1.881s] Level 1:colcon.colcon_core.package_discovery:discover_packages(recursive) using defaults
[1.881s] Level 1:colcon.colcon_core.package_discovery:discover_packages(ignore) discover
[1.881s] Level 1:colcon.colcon_core.package_discovery:discover_packages(ignore) using defaults
[1.881s] Level 1:colcon.colcon_core.package_discovery:discover_packages(path) discover
[1.881s] Level 1:colcon.colcon_core.package_discovery:discover_packages(path) using defaults
[1.929s] Level 1:colcon.colcon_core.package_discovery:discover_packages(prefix_path) check parameters
[1.929s] Level 1:colcon.colcon_core.package_discovery:discover_packages(prefix_path) discover
