[1.342s] DEBUG:colcon:Command line arguments: ['/usr/bin/colcon', 'build', '--packages-select', 'qcar2_autonomy', '--symlink-install']
[1.342s] DEBUG:colcon:Parsed command line arguments: Namespace(allow_overriding=[], ament_cmake_args=None, base_paths=['.'], build_base='build', catkin_cmake_args=None, catkin_skip_building_tests=False, cmake_args=None, cmake_clean_cache=False, cmake_clean_first=False, cmake_force_configure=False, cmake_target=None, cmake_target_skip_unavailable=False, continue_on_error=False, event_handlers=None, executor='parallel', ignore_user_meta=False, install_base='install', log_base=None, log_level=None, main=<bound method BuildVerb.main of <colcon_core.verb.build.BuildVerb object at 0x705dfc433be0>>, merge_install=False, metas=['./colcon.meta'], packages_above=None, packages_above_and_dependencies=None, packages_above_depth=None, packages_end=None, packages_ignore=None, packages_ignore_regex=None, packages_select=['qcar2_autonomy'], packages_select_build_failed=False, packages_select_by_dep=None, packages_select_regex=None, packages_select_test_failures=False, packages_skip=None, packages_skip_build_finished=False, packages_skip_by_dep=None, packages_skip_regex=None, packages_skip_test_passed=False, packages_skip_up_to=None, packages_start=None, packages_up_to=None, packages_up_to_regex=None, parallel_workers=24, paths=None, symlink_install=True, test_result_base=None, verb_extension=<colcon_core.verb.build.BuildVerb object at 0x705dfc433be0>, verb_name='build', verb_parser=<colcon_defaults.argument_parser.defaults.DefaultArgumentsDecorator object at 0x705dfbe300d0>)
[1.409s] Level 1:colcon.colcon_core.package_discovery:discover_packages(colcon_meta) check parameters
[1.409s] Level 1:colcon.colcon_core.package_discovery:discover_packages(recursive) check parameters
[1.409s] Level 1:colcon.colcon_core.package_discovery:discover_packages(ignore) check parameters
[1.409s] Level 1:colcon.colcon_core.package_discovery:discover_packages(path) check parameters
[1.409s] Level 1:colcon.colcon_core.package_discovery:discover_packages(colcon_meta) discover
[1.409s] Level 1:colcon.colcon_core.package_discovery:discover_packages(recursive) discover
[1.409s] INFO:colcon.colcon_core.package_discovery:Crawling recursively for packages in '/workspaces/isaac_ros-dev'
[1.410s] Level 1:colcon.colcon_core.package_identification:_identify(.) by extensions ['ignore', 'ignore_ament_install']
[1.410s] Level 1:colcon.colcon_core.package_identification:_identify(.) by extension 'ignore'
[1.410s] Level 1:colcon.colcon_core.package_identification:_identify(.) by extension 'ignore_ament_install'
[1.410s] Level 1:colcon.colcon_core.package_identification:_identify(.) by extensions ['colcon_pkg']
[1.410s] Level 1:colcon.colcon_core.package_identification:_identify(.) by extension 'colcon_pkg'
[1.410s] Level 1:colcon.colcon_core.package_identification:_identify(.) by extensions ['colcon_meta']
[1.410s] Level 1:colcon.colcon_core.package_identification:_identify(.) by extension 'colcon_meta'
[1.410s] Level 1:colcon.colcon_core.package_identification:_identify(.) by extensions ['ros']
[1.410s] Level 1:colcon.colcon_core.package_identification:_identify(.) by extension 'ros'
[1.418s] Level 1:colcon.colcon_core.package_identification:_identify(.) by extensions ['cmake', 'python']
[1.418s] Level 1:colcon.colcon_core.package_identification:_identify(.) by extension 'cmake'
[1.418s] Level 1:colcon.colcon_core.package_identification:_identify(.) by extension 'python'
[1.418s] Level 1:colcon.colcon_core.package_identification:_identify(.) by extensions ['python_setup_py']
[1.418s] Level 1:colcon.colcon_core.package_identification:_identify(.) by extension 'python_setup_py'
[1.418s] Level 1:colcon.colcon_core.package_identification:_identify(Development) by extensions ['ignore', 'ignore_ament_install']
[1.418s] Level 1:colcon.colcon_core.package_identification:_identify(Development) by extension 'ignore'
[1.418s] Level 1:colcon.colcon_core.package_identification:_identify(Development) by extension 'ignore_ament_install'
[1.418s] Level 1:colcon.colcon_core.package_identification:_identify(Development) by extensions ['colcon_pkg']
[1.418s] Level 1:colcon.colcon_core.package_identification:_identify(Development) by extension 'colcon_pkg'
[1.418s] Level 1:colcon.colcon_core.package_identification:_identify(Development) by extensions ['colcon_meta']
[1.418s] Level 1:colcon.colcon_core.package_identification:_identify(Development) by extension 'colcon_meta'
[1.418s] Level 1:colcon.colcon_core.package_identification:_identify(Development) by extensions ['ros']
[1.418s] Level 1:colcon.colcon_core.package_identification:_identify(Development) by extension 'ros'
[1.418s] Level 1:colcon.colcon_core.package_identification:_identify(Development) by extensions ['cmake', 'python']
[1.418s] Level 1:colcon.colcon_core.package_identification:_identify(Development) by extension 'cmake'
[1.418s] Level 1:colcon.colcon_core.package_identification:_identify(Development) by extension 'python'
[1.418s] Level 1:colcon.colcon_core.package_identification:_identify(Development) by extensions ['python_setup_py']
[1.418s] Level 1:colcon.colcon_core.package_identification:_identify(Development) by extension 'python_setup_py'
[1.418s] Level 1:colcon.colcon_core.package_identification:_identify(Development/MDC_libraries) by extensions ['ignore', 'ignore_ament_install']
[1.418s] Level 1:colcon.colcon_core.package_identification:_identify(Development/MDC_libraries) by extension 'ignore'
[1.418s] Level 1:colcon.colcon_core.package_identification:_identify(Development/MDC_libraries) by extension 'ignore_ament_install'
[1.418s] Level 1:colcon.colcon_core.package_identification:_identify(Development/MDC_libraries) by extensions ['colcon_pkg']
[1.418s] Level 1:colcon.colcon_core.package_identification:_identify(Development/MDC_libraries) by extension 'colcon_pkg'
[1.418s] Level 1:colcon.colcon_core.package_identification:_identify(Development/MDC_libraries) by extensions ['colcon_meta']
[1.418s] Level 1:colcon.colcon_core.package_identification:_identify(Development/MDC_libraries) by extension 'colcon_meta'
[1.419s] Level 1:colcon.colcon_core.package_identification:_identify(Development/MDC_libraries) by extensions ['ros']
[1.419s] Level 1:colcon.colcon_core.package_identification:_identify(Development/MDC_libraries) by extension 'ros'
[1.419s] Level 1:colcon.colcon_core.package_identification:_identify(Development/MDC_libraries) by extensions ['cmake', 'python']
[1.419s] Level 1:colcon.colcon_core.package_identification:_identify(Development/MDC_libraries) by extension 'cmake'
[1.419s] Level 1:colcon.colcon_core.package_identification:_identify(Development/MDC_libraries) by extension 'python'
[1.419s] Level 1:colcon.colcon_core.package_identification:_identify(Development/MDC_libraries) by extensions ['python_setup_py']
[1.419s] Level 1:colcon.colcon_core.package_identification:_identify(Development/MDC_libraries) by extension 'python_setup_py'
[1.419s] Level 1:colcon.colcon_core.package_identification:_identify(Development/MDC_libraries/python) by extensions ['ignore', 'ignore_ament_install']
[1.419s] Level 1:colcon.colcon_core.package_identification:_identify(Development/MDC_libraries/python) by extension 'ignore'
[1.419s] Level 1:colcon.colcon_core.package_identification:_identify(Development/MDC_libraries/python) by extension 'ignore_ament_install'
[1.419s] Level 1:colcon.colcon_core.package_identification:_identify(Development/MDC_libraries/python) by extensions ['colcon_pkg']
[1.419s] Level 1:colcon.colcon_core.package_identification:_identify(Development/MDC_libraries/python) by extension 'colcon_pkg'
[1.419s] Level 1:colcon.colcon_core.package_identification:_identify(Development/MDC_libraries/python) by extensions ['colcon_meta']
[1.419s] Level 1:colcon.colcon_core.package_identification:_identify(Development/MDC_libraries/python) by extension 'colcon_meta'
[1.419s] Level 1:colcon.colcon_core.package_identification:_identify(Development/MDC_libraries/python) by extensions ['ros']
[1.419s] Level 1:colcon.colcon_core.package_identification:_identify(Development/MDC_libraries/python) by extension 'ros'
[1.419s] Level 1:colcon.colcon_core.package_identification:_identify(Development/MDC_libraries/python) by extensions ['cmake', 'python']
[1.419s] Level 1:colcon.colcon_core.package_identification:_identify(Development/MDC_libraries/python) by extension 'cmake'
[1.419s] Level 1:colcon.colcon_core.package_identification:_identify(Development/MDC_libraries/python) by extension 'python'
[1.419s] Level 1:colcon.colcon_core.package_identification:_identify(Development/MDC_libraries/python) by extensions ['python_setup_py']
[1.419s] Level 1:colcon.colcon_core.package_identification:_identify(Development/MDC_libraries/python) by extension 'python_setup_py'
[1.419s] Level 1:colcon.colcon_core.package_identification:_identify(Development/MDC_libraries/python/hal) by extensions ['ignore', 'ignore_ament_install']
[1.419s] Level 1:colcon.colcon_core.package_identification:_identify(Development/MDC_libraries/python/hal) by extension 'ignore'
[1.419s] Level 1:colcon.colcon_core.package_identification:_identify(Development/MDC_libraries/python/hal) by extension 'ignore_ament_install'
[1.419s] Level 1:colcon.colcon_core.package_identification:_identify(Development/MDC_libraries/python/hal) by extensions ['colcon_pkg']
[1.419s] Level 1:colcon.colcon_core.package_identification:_identify(Development/MDC_libraries/python/hal) by extension 'colcon_pkg'
[1.419s] Level 1:colcon.colcon_core.package_identification:_identify(Development/MDC_libraries/python/hal) by extensions ['colcon_meta']
[1.419s] Level 1:colcon.colcon_core.package_identification:_identify(Development/MDC_libraries/python/hal) by extension 'colcon_meta'
[1.419s] Level 1:colcon.colcon_core.package_identification:_identify(Development/MDC_libraries/python/hal) by extensions ['ros']
[1.419s] Level 1:colcon.colcon_core.package_identification:_identify(Development/MDC_libraries/python/hal) by extension 'ros'
[1.419s] Level 1:colcon.colcon_core.package_identification:_identify(Development/MDC_libraries/python/hal) by extensions ['cmake', 'python']
[1.419s] Level 1:colcon.colcon_core.package_identification:_identify(Development/MDC_libraries/python/hal) by extension 'cmake'
[1.419s] Level 1:colcon.colcon_core.package_identification:_identify(Development/MDC_libraries/python/hal) by extension 'python'
[1.419s] Level 1:colcon.colcon_core.package_identification:_identify(Development/MDC_libraries/python/hal) by extensions ['python_setup_py']
[1.419s] Level 1:colcon.colcon_core.package_identification:_identify(Development/MDC_libraries/python/hal) by extension 'python_setup_py'
[1.419s] Level 1:colcon.colcon_core.package_identification:_identify(Development/MDC_libraries/python/hal/content) by extensions ['ignore', 'ignore_ament_install']
[1.419s] Level 1:colcon.colcon_core.package_identification:_identify(Development/MDC_libraries/python/hal/content) by extension 'ignore'
[1.419s] Level 1:colcon.colcon_core.package_identification:_identify(Development/MDC_libraries/python/hal/content) by extension 'ignore_ament_install'
[1.419s] Level 1:colcon.colcon_core.package_identification:_identify(Development/MDC_libraries/python/hal/content) by extensions ['colcon_pkg']
[1.419s] Level 1:colcon.colcon_core.package_identification:_identify(Development/MDC_libraries/python/hal/content) by extension 'colcon_pkg'
[1.419s] Level 1:colcon.colcon_core.package_identification:_identify(Development/MDC_libraries/python/hal/content) by extensions ['colcon_meta']
[1.419s] Level 1:colcon.colcon_core.package_identification:_identify(Development/MDC_libraries/python/hal/content) by extension 'colcon_meta'
[1.419s] Level 1:colcon.colcon_core.package_identification:_identify(Development/MDC_libraries/python/hal/content) by extensions ['ros']
[1.419s] Level 1:colcon.colcon_core.package_identification:_identify(Development/MDC_libraries/python/hal/content) by extension 'ros'
[1.420s] Level 1:colcon.colcon_core.package_identification:_identify(Development/MDC_libraries/python/hal/content) by extensions ['cmake', 'python']
[1.420s] Level 1:colcon.colcon_core.package_identification:_identify(Development/MDC_libraries/python/hal/content) by extension 'cmake'
[1.420s] Level 1:colcon.colcon_core.package_identification:_identify(Development/MDC_libraries/python/hal/content) by extension 'python'
[1.420s] Level 1:colcon.colcon_core.package_identification:_identify(Development/MDC_libraries/python/hal/content) by extensions ['python_setup_py']
[1.420s] Level 1:colcon.colcon_core.package_identification:_identify(Development/MDC_libraries/python/hal/content) by extension 'python_setup_py'
[1.420s] Level 1:colcon.colcon_core.package_identification:_identify(Development/MDC_libraries/python/hal/products) by extensions ['ignore', 'ignore_ament_install']
[1.420s] Level 1:colcon.colcon_core.package_identification:_identify(Development/MDC_libraries/python/hal/products) by extension 'ignore'
[1.420s] Level 1:colcon.colcon_core.package_identification:_identify(Development/MDC_libraries/python/hal/products) by extension 'ignore_ament_install'
[1.420s] Level 1:colcon.colcon_core.package_identification:_identify(Development/MDC_libraries/python/hal/products) by extensions ['colcon_pkg']
[1.420s] Level 1:colcon.colcon_core.package_identification:_identify(Development/MDC_libraries/python/hal/products) by extension 'colcon_pkg'
[1.420s] Level 1:colcon.colcon_core.package_identification:_identify(Development/MDC_libraries/python/hal/products) by extensions ['colcon_meta']
[1.420s] Level 1:colcon.colcon_core.package_identification:_identify(Development/MDC_libraries/python/hal/products) by extension 'colcon_meta'
[1.420s] Level 1:colcon.colcon_core.package_identification:_identify(Development/MDC_libraries/python/hal/products) by extensions ['ros']
[1.420s] Level 1:colcon.colcon_core.package_identification:_identify(Development/MDC_libraries/python/hal/products) by extension 'ros'
[1.420s] Level 1:colcon.colcon_core.package_identification:_identify(Development/MDC_libraries/python/hal/products) by extensions ['cmake', 'python']
[1.420s] Level 1:colcon.colcon_core.package_identification:_identify(Development/MDC_libraries/python/hal/products) by extension 'cmake'
[1.420s] Level 1:colcon.colcon_core.package_identification:_identify(Development/MDC_libraries/python/hal/products) by extension 'python'
[1.420s] Level 1:colcon.colcon_core.package_identification:_identify(Development/MDC_libraries/python/hal/products) by extensions ['python_setup_py']
[1.420s] Level 1:colcon.colcon_core.package_identification:_identify(Development/MDC_libraries/python/hal/products) by extension 'python_setup_py'
[1.420s] Level 1:colcon.colcon_core.package_identification:_identify(Development/MDC_libraries/python/hal/utilities) by extensions ['ignore', 'ignore_ament_install']
[1.420s] Level 1:colcon.colcon_core.package_identification:_identify(Development/MDC_libraries/python/hal/utilities) by extension 'ignore'
[1.420s] Level 1:colcon.colcon_core.package_identification:_identify(Development/MDC_libraries/python/hal/utilities) by extension 'ignore_ament_install'
[1.420s] Level 1:colcon.colcon_core.package_identification:_identify(Development/MDC_libraries/python/hal/utilities) by extensions ['colcon_pkg']
[1.420s] Level 1:colcon.colcon_core.package_identification:_identify(Development/MDC_libraries/python/hal/utilities) by extension 'colcon_pkg'
[1.420s] Level 1:colcon.colcon_core.package_identification:_identify(Development/MDC_libraries/python/hal/utilities) by extensions ['colcon_meta']
[1.420s] Level 1:colcon.colcon_core.package_identification:_identify(Development/MDC_libraries/python/hal/utilities) by extension 'colcon_meta'
[1.420s] Level 1:colcon.colcon_core.package_identification:_identify(Development/MDC_libraries/python/hal/utilities) by extensions ['ros']
[1.420s] Level 1:colcon.colcon_core.package_identification:_identify(Development/MDC_libraries/python/hal/utilities) by extension 'ros'
[1.420s] Level 1:colcon.colcon_core.package_identification:_identify(Development/MDC_libraries/python/hal/utilities) by extensions ['cmake', 'python']
[1.420s] Level 1:colcon.colcon_core.package_identification:_identify(Development/MDC_libraries/python/hal/utilities) by extension 'cmake'
[1.420s] Level 1:colcon.colcon_core.package_identification:_identify(Development/MDC_libraries/python/hal/utilities) by extension 'python'
[1.420s] Level 1:colcon.colcon_core.package_identification:_identify(Development/MDC_libraries/python/hal/utilities) by extensions ['python_setup_py']
[1.420s] Level 1:colcon.colcon_core.package_identification:_identify(Development/MDC_libraries/python/hal/utilities) by extension 'python_setup_py'
[1.420s] Level 1:colcon.colcon_core.package_identification:_identify(Development/MDC_libraries/python/pit) by extensions ['ignore', 'ignore_ament_install']
[1.420s] Level 1:colcon.colcon_core.package_identification:_identify(Development/MDC_libraries/python/pit) by extension 'ignore'
[1.420s] Level 1:colcon.colcon_core.package_identification:_identify(Development/MDC_libraries/python/pit) by extension 'ignore_ament_install'
[1.420s] Level 1:colcon.colcon_core.package_identification:_identify(Development/MDC_libraries/python/pit) by extensions ['colcon_pkg']
[1.420s] Level 1:colcon.colcon_core.package_identification:_identify(Development/MDC_libraries/python/pit) by extension 'colcon_pkg'
[1.420s] Level 1:colcon.colcon_core.package_identification:_identify(Development/MDC_libraries/python/pit) by extensions ['colcon_meta']
[1.420s] Level 1:colcon.colcon_core.package_identification:_identify(Development/MDC_libraries/python/pit) by extension 'colcon_meta'
[1.420s] Level 1:colcon.colcon_core.package_identification:_identify(Development/MDC_libraries/python/pit) by extensions ['ros']
[1.420s] Level 1:colcon.colcon_core.package_identification:_identify(Development/MDC_libraries/python/pit) by extension 'ros'
[1.420s] Level 1:colcon.colcon_core.package_identification:_identify(Development/MDC_libraries/python/pit) by extensions ['cmake', 'python']
[1.420s] Level 1:colcon.colcon_core.package_identification:_identify(Development/MDC_libraries/python/pit) by extension 'cmake'
[1.420s] Level 1:colcon.colcon_core.package_identification:_identify(Development/MDC_libraries/python/pit) by extension 'python'
[1.420s] Level 1:colcon.colcon_core.package_identification:_identify(Development/MDC_libraries/python/pit) by extensions ['python_setup_py']
[1.420s] Level 1:colcon.colcon_core.package_identification:_identify(Development/MDC_libraries/python/pit) by extension 'python_setup_py'
[1.421s] Level 1:colcon.colcon_core.package_identification:_identify(Development/MDC_libraries/python/pit/LaneNet) by extensions ['ignore', 'ignore_ament_install']
[1.421s] Level 1:colcon.colcon_core.package_identification:_identify(Development/MDC_libraries/python/pit/LaneNet) by extension 'ignore'
[1.421s] Level 1:colcon.colcon_core.package_identification:_identify(Development/MDC_libraries/python/pit/LaneNet) by extension 'ignore_ament_install'
[1.421s] Level 1:colcon.colcon_core.package_identification:_identify(Development/MDC_libraries/python/pit/LaneNet) by extensions ['colcon_pkg']
[1.421s] Level 1:colcon.colcon_core.package_identification:_identify(Development/MDC_libraries/python/pit/LaneNet) by extension 'colcon_pkg'
[1.421s] Level 1:colcon.colcon_core.package_identification:_identify(Development/MDC_libraries/python/pit/LaneNet) by extensions ['colcon_meta']
[1.421s] Level 1:colcon.colcon_core.package_identification:_identify(Development/MDC_libraries/python/pit/LaneNet) by extension 'colcon_meta'
[1.421s] Level 1:colcon.colcon_core.package_identification:_identify(Development/MDC_libraries/python/pit/LaneNet) by extensions ['ros']
[1.421s] Level 1:colcon.colcon_core.package_identification:_identify(Development/MDC_libraries/python/pit/LaneNet) by extension 'ros'
[1.421s] Level 1:colcon.colcon_core.package_identification:_identify(Development/MDC_libraries/python/pit/LaneNet) by extensions ['cmake', 'python']
[1.421s] Level 1:colcon.colcon_core.package_identification:_identify(Development/MDC_libraries/python/pit/LaneNet) by extension 'cmake'
[1.421s] Level 1:colcon.colcon_core.package_identification:_identify(Development/MDC_libraries/python/pit/LaneNet) by extension 'python'
[1.421s] Level 1:colcon.colcon_core.package_identification:_identify(Development/MDC_libraries/python/pit/LaneNet) by extensions ['python_setup_py']
[1.421s] Level 1:colcon.colcon_core.package_identification:_identify(Development/MDC_libraries/python/pit/LaneNet) by extension 'python_setup_py'
[1.421s] Level 1:colcon.colcon_core.package_identification:_identify(Development/MDC_libraries/python/pit/LaneNet/architecture) by extensions ['ignore', 'ignore_ament_install']
[1.421s] Level 1:colcon.colcon_core.package_identification:_identify(Development/MDC_libraries/python/pit/LaneNet/architecture) by extension 'ignore'
[1.421s] Level 1:colcon.colcon_core.package_identification:_identify(Development/MDC_libraries/python/pit/LaneNet/architecture) by extension 'ignore_ament_install'
[1.421s] Level 1:colcon.colcon_core.package_identification:_identify(Development/MDC_libraries/python/pit/LaneNet/architecture) by extensions ['colcon_pkg']
[1.421s] Level 1:colcon.colcon_core.package_identification:_identify(Development/MDC_libraries/python/pit/LaneNet/architecture) by extension 'colcon_pkg'
[1.421s] Level 1:colcon.colcon_core.package_identification:_identify(Development/MDC_libraries/python/pit/LaneNet/architecture) by extensions ['colcon_meta']
[1.421s] Level 1:colcon.colcon_core.package_identification:_identify(Development/MDC_libraries/python/pit/LaneNet/architecture) by extension 'colcon_meta'
[1.421s] Level 1:colcon.colcon_core.package_identification:_identify(Development/MDC_libraries/python/pit/LaneNet/architecture) by extensions ['ros']
[1.421s] Level 1:colcon.colcon_core.package_identification:_identify(Development/MDC_libraries/python/pit/LaneNet/architecture) by extension 'ros'
[1.421s] Level 1:colcon.colcon_core.package_identification:_identify(Development/MDC_libraries/python/pit/LaneNet/architecture) by extensions ['cmake', 'python']
[1.421s] Level 1:colcon.colcon_core.package_identification:_identify(Development/MDC_libraries/python/pit/LaneNet/architecture) by extension 'cmake'
[1.421s] Level 1:colcon.colcon_core.package_identification:_identify(Development/MDC_libraries/python/pit/LaneNet/architecture) by extension 'python'
[1.421s] Level 1:colcon.colcon_core.package_identification:_identify(Development/MDC_libraries/python/pit/LaneNet/architecture) by extensions ['python_setup_py']
[1.421s] Level 1:colcon.colcon_core.package_identification:_identify(Development/MDC_libraries/python/pit/LaneNet/architecture) by extension 'python_setup_py'
[1.421s] Level 1:colcon.colcon_core.package_identification:_identify(Development/MDC_libraries/python/pit/LaneNet/architecture/backbone) by extensions ['ignore', 'ignore_ament_install']
[1.421s] Level 1:colcon.colcon_core.package_identification:_identify(Development/MDC_libraries/python/pit/LaneNet/architecture/backbone) by extension 'ignore'
[1.421s] Level 1:colcon.colcon_core.package_identification:_identify(Development/MDC_libraries/python/pit/LaneNet/architecture/backbone) by extension 'ignore_ament_install'
[1.421s] Level 1:colcon.colcon_core.package_identification:_identify(Development/MDC_libraries/python/pit/LaneNet/architecture/backbone) by extensions ['colcon_pkg']
[1.421s] Level 1:colcon.colcon_core.package_identification:_identify(Development/MDC_libraries/python/pit/LaneNet/architecture/backbone) by extension 'colcon_pkg'
[1.421s] Level 1:colcon.colcon_core.package_identification:_identify(Development/MDC_libraries/python/pit/LaneNet/architecture/backbone) by extensions ['colcon_meta']
[1.421s] Level 1:colcon.colcon_core.package_identification:_identify(Development/MDC_libraries/python/pit/LaneNet/architecture/backbone) by extension 'colcon_meta'
[1.421s] Level 1:colcon.colcon_core.package_identification:_identify(Development/MDC_libraries/python/pit/LaneNet/architecture/backbone) by extensions ['ros']
[1.421s] Level 1:colcon.colcon_core.package_identification:_identify(Development/MDC_libraries/python/pit/LaneNet/architecture/backbone) by extension 'ros'
[1.421s] Level 1:colcon.colcon_core.package_identification:_identify(Development/MDC_libraries/python/pit/LaneNet/architecture/backbone) by extensions ['cmake', 'python']
[1.421s] Level 1:colcon.colcon_core.package_identification:_identify(Development/MDC_libraries/python/pit/LaneNet/architecture/backbone) by extension 'cmake'
[1.421s] Level 1:colcon.colcon_core.package_identification:_identify(Development/MDC_libraries/python/pit/LaneNet/architecture/backbone) by extension 'python'
[1.421s] Level 1:colcon.colcon_core.package_identification:_identify(Development/MDC_libraries/python/pit/LaneNet/architecture/backbone) by extensions ['python_setup_py']
[1.421s] Level 1:colcon.colcon_core.package_identification:_identify(Development/MDC_libraries/python/pit/LaneNet/architecture/backbone) by extension 'python_setup_py'
[1.422s] Level 1:colcon.colcon_core.package_identification:_identify(Development/MDC_libraries/python/pit/LaneNet/architecture/backbone/deeplabv3_plus) by extensions ['ignore', 'ignore_ament_install']
[1.422s] Level 1:colcon.colcon_core.package_identification:_identify(Development/MDC_libraries/python/pit/LaneNet/architecture/backbone/deeplabv3_plus) by extension 'ignore'
[1.422s] Level 1:colcon.colcon_core.package_identification:_identify(Development/MDC_libraries/python/pit/LaneNet/architecture/backbone/deeplabv3_plus) by extension 'ignore_ament_install'
[1.422s] Level 1:colcon.colcon_core.package_identification:_identify(Development/MDC_libraries/python/pit/LaneNet/architecture/backbone/deeplabv3_plus) by extensions ['colcon_pkg']
[1.422s] Level 1:colcon.colcon_core.package_identification:_identify(Development/MDC_libraries/python/pit/LaneNet/architecture/backbone/deeplabv3_plus) by extension 'colcon_pkg'
[1.422s] Level 1:colcon.colcon_core.package_identification:_identify(Development/MDC_libraries/python/pit/LaneNet/architecture/backbone/deeplabv3_plus) by extensions ['colcon_meta']
[1.422s] Level 1:colcon.colcon_core.package_identification:_identify(Development/MDC_libraries/python/pit/LaneNet/architecture/backbone/deeplabv3_plus) by extension 'colcon_meta'
[1.422s] Level 1:colcon.colcon_core.package_identification:_identify(Development/MDC_libraries/python/pit/LaneNet/architecture/backbone/deeplabv3_plus) by extensions ['ros']
[1.422s] Level 1:colcon.colcon_core.package_identification:_identify(Development/MDC_libraries/python/pit/LaneNet/architecture/backbone/deeplabv3_plus) by extension 'ros'
[1.422s] Level 1:colcon.colcon_core.package_identification:_identify(Development/MDC_libraries/python/pit/LaneNet/architecture/backbone/deeplabv3_plus) by extensions ['cmake', 'python']
[1.422s] Level 1:colcon.colcon_core.package_identification:_identify(Development/MDC_libraries/python/pit/LaneNet/architecture/backbone/deeplabv3_plus) by extension 'cmake'
[1.422s] Level 1:colcon.colcon_core.package_identification:_identify(Development/MDC_libraries/python/pit/LaneNet/architecture/backbone/deeplabv3_plus) by extension 'python'
[1.422s] Level 1:colcon.colcon_core.package_identification:_identify(Development/MDC_libraries/python/pit/LaneNet/architecture/backbone/deeplabv3_plus) by extensions ['python_setup_py']
[1.422s] Level 1:colcon.colcon_core.package_identification:_identify(Development/MDC_libraries/python/pit/LaneNet/architecture/backbone/deeplabv3_plus) by extension 'python_setup_py'
[1.422s] Level 1:colcon.colcon_core.package_identification:_identify(Development/MDC_libraries/python/pit/LaneNet/architecture/backbone/deeplabv3_plus/sync_batchnorm) by extensions ['ignore', 'ignore_ament_install']
[1.422s] Level 1:colcon.colcon_core.package_identification:_identify(Development/MDC_libraries/python/pit/LaneNet/architecture/backbone/deeplabv3_plus/sync_batchnorm) by extension 'ignore'
[1.422s] Level 1:colcon.colcon_core.package_identification:_identify(Development/MDC_libraries/python/pit/LaneNet/architecture/backbone/deeplabv3_plus/sync_batchnorm) by extension 'ignore_ament_install'
[1.422s] Level 1:colcon.colcon_core.package_identification:_identify(Development/MDC_libraries/python/pit/LaneNet/architecture/backbone/deeplabv3_plus/sync_batchnorm) by extensions ['colcon_pkg']
[1.422s] Level 1:colcon.colcon_core.package_identification:_identify(Development/MDC_libraries/python/pit/LaneNet/architecture/backbone/deeplabv3_plus/sync_batchnorm) by extension 'colcon_pkg'
[1.422s] Level 1:colcon.colcon_core.package_identification:_identify(Development/MDC_libraries/python/pit/LaneNet/architecture/backbone/deeplabv3_plus/sync_batchnorm) by extensions ['colcon_meta']
[1.422s] Level 1:colcon.colcon_core.package_identification:_identify(Development/MDC_libraries/python/pit/LaneNet/architecture/backbone/deeplabv3_plus/sync_batchnorm) by extension 'colcon_meta'
[1.422s] Level 1:colcon.colcon_core.package_identification:_identify(Development/MDC_libraries/python/pit/LaneNet/architecture/backbone/deeplabv3_plus/sync_batchnorm) by extensions ['ros']
[1.422s] Level 1:colcon.colcon_core.package_identification:_identify(Development/MDC_libraries/python/pit/LaneNet/architecture/backbone/deeplabv3_plus/sync_batchnorm) by extension 'ros'
[1.422s] Level 1:colcon.colcon_core.package_identification:_identify(Development/MDC_libraries/python/pit/LaneNet/architecture/backbone/deeplabv3_plus/sync_batchnorm) by extensions ['cmake', 'python']
[1.422s] Level 1:colcon.colcon_core.package_identification:_identify(Development/MDC_libraries/python/pit/LaneNet/architecture/backbone/deeplabv3_plus/sync_batchnorm) by extension 'cmake'
[1.422s] Level 1:colcon.colcon_core.package_identification:_identify(Development/MDC_libraries/python/pit/LaneNet/architecture/backbone/deeplabv3_plus/sync_batchnorm) by extension 'python'
[1.422s] Level 1:colcon.colcon_core.package_identification:_identify(Development/MDC_libraries/python/pit/LaneNet/architecture/backbone/deeplabv3_plus/sync_batchnorm) by extensions ['python_setup_py']
[1.422s] Level 1:colcon.colcon_core.package_identification:_identify(Development/MDC_libraries/python/pit/LaneNet/architecture/backbone/deeplabv3_plus/sync_batchnorm) by extension 'python_setup_py'
[1.422s] Level 1:colcon.colcon_core.package_identification:_identify(Development/MDC_libraries/python/pit/YOLO) by extensions ['ignore', 'ignore_ament_install']
[1.422s] Level 1:colcon.colcon_core.package_identification:_identify(Development/MDC_libraries/python/pit/YOLO) by extension 'ignore'
[1.422s] Level 1:colcon.colcon_core.package_identification:_identify(Development/MDC_libraries/python/pit/YOLO) by extension 'ignore_ament_install'
[1.422s] Level 1:colcon.colcon_core.package_identification:_identify(Development/MDC_libraries/python/pit/YOLO) by extensions ['colcon_pkg']
[1.422s] Level 1:colcon.colcon_core.package_identification:_identify(Development/MDC_libraries/python/pit/YOLO) by extension 'colcon_pkg'
[1.422s] Level 1:colcon.colcon_core.package_identification:_identify(Development/MDC_libraries/python/pit/YOLO) by extensions ['colcon_meta']
[1.422s] Level 1:colcon.colcon_core.package_identification:_identify(Development/MDC_libraries/python/pit/YOLO) by extension 'colcon_meta'
[1.422s] Level 1:colcon.colcon_core.package_identification:_identify(Development/MDC_libraries/python/pit/YOLO) by extensions ['ros']
[1.422s] Level 1:colcon.colcon_core.package_identification:_identify(Development/MDC_libraries/python/pit/YOLO) by extension 'ros'
[1.422s] Level 1:colcon.colcon_core.package_identification:_identify(Development/MDC_libraries/python/pit/YOLO) by extensions ['cmake', 'python']
[1.422s] Level 1:colcon.colcon_core.package_identification:_identify(Development/MDC_libraries/python/pit/YOLO) by extension 'cmake'
[1.422s] Level 1:colcon.colcon_core.package_identification:_identify(Development/MDC_libraries/python/pit/YOLO) by extension 'python'
[1.422s] Level 1:colcon.colcon_core.package_identification:_identify(Development/MDC_libraries/python/pit/YOLO) by extensions ['python_setup_py']
[1.422s] Level 1:colcon.colcon_core.package_identification:_identify(Development/MDC_libraries/python/pit/YOLO) by extension 'python_setup_py'
[1.423s] Level 1:colcon.colcon_core.package_identification:_identify(Development/MDC_libraries/python/pit/YOLO/__pycache__) by extensions ['ignore', 'ignore_ament_install']
[1.423s] Level 1:colcon.colcon_core.package_identification:_identify(Development/MDC_libraries/python/pit/YOLO/__pycache__) by extension 'ignore'
[1.423s] Level 1:colcon.colcon_core.package_identification:_identify(Development/MDC_libraries/python/pit/YOLO/__pycache__) by extension 'ignore_ament_install'
[1.423s] Level 1:colcon.colcon_core.package_identification:_identify(Development/MDC_libraries/python/pit/YOLO/__pycache__) by extensions ['colcon_pkg']
[1.423s] Level 1:colcon.colcon_core.package_identification:_identify(Development/MDC_libraries/python/pit/YOLO/__pycache__) by extension 'colcon_pkg'
[1.423s] Level 1:colcon.colcon_core.package_identification:_identify(Development/MDC_libraries/python/pit/YOLO/__pycache__) by extensions ['colcon_meta']
[1.423s] Level 1:colcon.colcon_core.package_identification:_identify(Development/MDC_libraries/python/pit/YOLO/__pycache__) by extension 'colcon_meta'
[1.423s] Level 1:colcon.colcon_core.package_identification:_identify(Development/MDC_libraries/python/pit/YOLO/__pycache__) by extensions ['ros']
[1.423s] Level 1:colcon.colcon_core.package_identification:_identify(Development/MDC_libraries/python/pit/YOLO/__pycache__) by extension 'ros'
[1.423s] Level 1:colcon.colcon_core.package_identification:_identify(Development/MDC_libraries/python/pit/YOLO/__pycache__) by extensions ['cmake', 'python']
[1.423s] Level 1:colcon.colcon_core.package_identification:_identify(Development/MDC_libraries/python/pit/YOLO/__pycache__) by extension 'cmake'
[1.423s] Level 1:colcon.colcon_core.package_identification:_identify(Development/MDC_libraries/python/pit/YOLO/__pycache__) by extension 'python'
[1.423s] Level 1:colcon.colcon_core.package_identification:_identify(Development/MDC_libraries/python/pit/YOLO/__pycache__) by extensions ['python_setup_py']
[1.423s] Level 1:colcon.colcon_core.package_identification:_identify(Development/MDC_libraries/python/pit/YOLO/__pycache__) by extension 'python_setup_py'
[1.423s] Level 1:colcon.colcon_core.package_identification:_identify(Development/MDC_libraries/python/pit/haar) by extensions ['ignore', 'ignore_ament_install']
[1.423s] Level 1:colcon.colcon_core.package_identification:_identify(Development/MDC_libraries/python/pit/haar) by extension 'ignore'
[1.423s] Level 1:colcon.colcon_core.package_identification:_identify(Development/MDC_libraries/python/pit/haar) by extension 'ignore_ament_install'
[1.423s] Level 1:colcon.colcon_core.package_identification:_identify(Development/MDC_libraries/python/pit/haar) by extensions ['colcon_pkg']
[1.423s] Level 1:colcon.colcon_core.package_identification:_identify(Development/MDC_libraries/python/pit/haar) by extension 'colcon_pkg'
[1.423s] Level 1:colcon.colcon_core.package_identification:_identify(Development/MDC_libraries/python/pit/haar) by extensions ['colcon_meta']
[1.423s] Level 1:colcon.colcon_core.package_identification:_identify(Development/MDC_libraries/python/pit/haar) by extension 'colcon_meta'
[1.423s] Level 1:colcon.colcon_core.package_identification:_identify(Development/MDC_libraries/python/pit/haar) by extensions ['ros']
[1.423s] Level 1:colcon.colcon_core.package_identification:_identify(Development/MDC_libraries/python/pit/haar) by extension 'ros'
[1.423s] Level 1:colcon.colcon_core.package_identification:_identify(Development/MDC_libraries/python/pit/haar) by extensions ['cmake', 'python']
[1.423s] Level 1:colcon.colcon_core.package_identification:_identify(Development/MDC_libraries/python/pit/haar) by extension 'cmake'
[1.423s] Level 1:colcon.colcon_core.package_identification:_identify(Development/MDC_libraries/python/pit/haar) by extension 'python'
[1.423s] Level 1:colcon.colcon_core.package_identification:_identify(Development/MDC_libraries/python/pit/haar) by extensions ['python_setup_py']
[1.423s] Level 1:colcon.colcon_core.package_identification:_identify(Development/MDC_libraries/python/pit/haar) by extension 'python_setup_py'
[1.423s] Level 1:colcon.colcon_core.package_identification:_identify(Development/MDC_libraries/python/pit/jetson) by extensions ['ignore', 'ignore_ament_install']
[1.423s] Level 1:colcon.colcon_core.package_identification:_identify(Development/MDC_libraries/python/pit/jetson) by extension 'ignore'
[1.423s] Level 1:colcon.colcon_core.package_identification:_identify(Development/MDC_libraries/python/pit/jetson) by extension 'ignore_ament_install'
[1.423s] Level 1:colcon.colcon_core.package_identification:_identify(Development/MDC_libraries/python/pit/jetson) by extensions ['colcon_pkg']
[1.423s] Level 1:colcon.colcon_core.package_identification:_identify(Development/MDC_libraries/python/pit/jetson) by extension 'colcon_pkg'
[1.423s] Level 1:colcon.colcon_core.package_identification:_identify(Development/MDC_libraries/python/pit/jetson) by extensions ['colcon_meta']
[1.423s] Level 1:colcon.colcon_core.package_identification:_identify(Development/MDC_libraries/python/pit/jetson) by extension 'colcon_meta'
[1.423s] Level 1:colcon.colcon_core.package_identification:_identify(Development/MDC_libraries/python/pit/jetson) by extensions ['ros']
[1.423s] Level 1:colcon.colcon_core.package_identification:_identify(Development/MDC_libraries/python/pit/jetson) by extension 'ros'
[1.423s] Level 1:colcon.colcon_core.package_identification:_identify(Development/MDC_libraries/python/pit/jetson) by extensions ['cmake', 'python']
[1.423s] Level 1:colcon.colcon_core.package_identification:_identify(Development/MDC_libraries/python/pit/jetson) by extension 'cmake'
[1.423s] Level 1:colcon.colcon_core.package_identification:_identify(Development/MDC_libraries/python/pit/jetson) by extension 'python'
[1.423s] Level 1:colcon.colcon_core.package_identification:_identify(Development/MDC_libraries/python/pit/jetson) by extensions ['python_setup_py']
[1.423s] Level 1:colcon.colcon_core.package_identification:_identify(Development/MDC_libraries/python/pit/jetson) by extension 'python_setup_py'
[1.424s] Level 1:colcon.colcon_core.package_identification:_identify(Development/log) by extensions ['ignore', 'ignore_ament_install']
[1.424s] Level 1:colcon.colcon_core.package_identification:_identify(Development/log) by extension 'ignore'
[1.424s] Level 1:colcon.colcon_core.package_identification:_identify(Development/log) ignored
[1.424s] Level 1:colcon.colcon_core.package_identification:_identify(Development/python_resources) by extensions ['ignore', 'ignore_ament_install']
[1.424s] Level 1:colcon.colcon_core.package_identification:_identify(Development/python_resources) by extension 'ignore'
[1.424s] Level 1:colcon.colcon_core.package_identification:_identify(Development/python_resources) by extension 'ignore_ament_install'
[1.424s] Level 1:colcon.colcon_core.package_identification:_identify(Development/python_resources) by extensions ['colcon_pkg']
[1.424s] Level 1:colcon.colcon_core.package_identification:_identify(Development/python_resources) by extension 'colcon_pkg'
[1.424s] Level 1:colcon.colcon_core.package_identification:_identify(Development/python_resources) by extensions ['colcon_meta']
[1.424s] Level 1:colcon.colcon_core.package_identification:_identify(Development/python_resources) by extension 'colcon_meta'
[1.424s] Level 1:colcon.colcon_core.package_identification:_identify(Development/python_resources) by extensions ['ros']
[1.424s] Level 1:colcon.colcon_core.package_identification:_identify(Development/python_resources) by extension 'ros'
[1.424s] Level 1:colcon.colcon_core.package_identification:_identify(Development/python_resources) by extensions ['cmake', 'python']
[1.424s] Level 1:colcon.colcon_core.package_identification:_identify(Development/python_resources) by extension 'cmake'
[1.424s] Level 1:colcon.colcon_core.package_identification:_identify(Development/python_resources) by extension 'python'
[1.424s] Level 1:colcon.colcon_core.package_identification:_identify(Development/python_resources) by extensions ['python_setup_py']
[1.424s] Level 1:colcon.colcon_core.package_identification:_identify(Development/python_resources) by extension 'python_setup_py'
[1.425s] Level 1:colcon.colcon_core.package_identification:_identify(Development/python_resources/qcar) by extensions ['ignore', 'ignore_ament_install']
[1.425s] Level 1:colcon.colcon_core.package_identification:_identify(Development/python_resources/qcar) by extension 'ignore'
[1.425s] Level 1:colcon.colcon_core.package_identification:_identify(Development/python_resources/qcar) by extension 'ignore_ament_install'
[1.425s] Level 1:colcon.colcon_core.package_identification:_identify(Development/python_resources/qcar) by extensions ['colcon_pkg']
[1.425s] Level 1:colcon.colcon_core.package_identification:_identify(Development/python_resources/qcar) by extension 'colcon_pkg'
[1.425s] Level 1:colcon.colcon_core.package_identification:_identify(Development/python_resources/qcar) by extensions ['colcon_meta']
[1.425s] Level 1:colcon.colcon_core.package_identification:_identify(Development/python_resources/qcar) by extension 'colcon_meta'
[1.425s] Level 1:colcon.colcon_core.package_identification:_identify(Development/python_resources/qcar) by extensions ['ros']
[1.425s] Level 1:colcon.colcon_core.package_identification:_identify(Development/python_resources/qcar) by extension 'ros'
[1.425s] Level 1:colcon.colcon_core.package_identification:_identify(Development/python_resources/qcar) by extensions ['cmake', 'python']
[1.425s] Level 1:colcon.colcon_core.package_identification:_identify(Development/python_resources/qcar) by extension 'cmake'
[1.425s] Level 1:colcon.colcon_core.package_identification:_identify(Development/python_resources/qcar) by extension 'python'
[1.425s] Level 1:colcon.colcon_core.package_identification:_identify(Development/python_resources/qcar) by extensions ['python_setup_py']
[1.425s] Level 1:colcon.colcon_core.package_identification:_identify(Development/python_resources/qcar) by extension 'python_setup_py'
[1.425s] Level 1:colcon.colcon_core.package_identification:_identify(Development/python_resources/qcar/hardware) by extensions ['ignore', 'ignore_ament_install']
[1.425s] Level 1:colcon.colcon_core.package_identification:_identify(Development/python_resources/qcar/hardware) by extension 'ignore'
[1.425s] Level 1:colcon.colcon_core.package_identification:_identify(Development/python_resources/qcar/hardware) by extension 'ignore_ament_install'
[1.425s] Level 1:colcon.colcon_core.package_identification:_identify(Development/python_resources/qcar/hardware) by extensions ['colcon_pkg']
[1.425s] Level 1:colcon.colcon_core.package_identification:_identify(Development/python_resources/qcar/hardware) by extension 'colcon_pkg'
[1.425s] Level 1:colcon.colcon_core.package_identification:_identify(Development/python_resources/qcar/hardware) by extensions ['colcon_meta']
[1.425s] Level 1:colcon.colcon_core.package_identification:_identify(Development/python_resources/qcar/hardware) by extension 'colcon_meta'
[1.425s] Level 1:colcon.colcon_core.package_identification:_identify(Development/python_resources/qcar/hardware) by extensions ['ros']
[1.425s] Level 1:colcon.colcon_core.package_identification:_identify(Development/python_resources/qcar/hardware) by extension 'ros'
[1.425s] Level 1:colcon.colcon_core.package_identification:_identify(Development/python_resources/qcar/hardware) by extensions ['cmake', 'python']
[1.425s] Level 1:colcon.colcon_core.package_identification:_identify(Development/python_resources/qcar/hardware) by extension 'cmake'
[1.425s] Level 1:colcon.colcon_core.package_identification:_identify(Development/python_resources/qcar/hardware) by extension 'python'
[1.425s] Level 1:colcon.colcon_core.package_identification:_identify(Development/python_resources/qcar/hardware) by extensions ['python_setup_py']
[1.425s] Level 1:colcon.colcon_core.package_identification:_identify(Development/python_resources/qcar/hardware) by extension 'python_setup_py'
[1.425s] Level 1:colcon.colcon_core.package_identification:_identify(Development/python_resources/qcar/hardware/applications) by extensions ['ignore', 'ignore_ament_install']
[1.425s] Level 1:colcon.colcon_core.package_identification:_identify(Development/python_resources/qcar/hardware/applications) by extension 'ignore'
[1.425s] Level 1:colcon.colcon_core.package_identification:_identify(Development/python_resources/qcar/hardware/applications) by extension 'ignore_ament_install'
[1.425s] Level 1:colcon.colcon_core.package_identification:_identify(Development/python_resources/qcar/hardware/applications) by extensions ['colcon_pkg']
[1.425s] Level 1:colcon.colcon_core.package_identification:_identify(Development/python_resources/qcar/hardware/applications) by extension 'colcon_pkg'
[1.425s] Level 1:colcon.colcon_core.package_identification:_identify(Development/python_resources/qcar/hardware/applications) by extensions ['colcon_meta']
[1.425s] Level 1:colcon.colcon_core.package_identification:_identify(Development/python_resources/qcar/hardware/applications) by extension 'colcon_meta'
[1.425s] Level 1:colcon.colcon_core.package_identification:_identify(Development/python_resources/qcar/hardware/applications) by extensions ['ros']
[1.425s] Level 1:colcon.colcon_core.package_identification:_identify(Development/python_resources/qcar/hardware/applications) by extension 'ros'
[1.425s] Level 1:colcon.colcon_core.package_identification:_identify(Development/python_resources/qcar/hardware/applications) by extensions ['cmake', 'python']
[1.425s] Level 1:colcon.colcon_core.package_identification:_identify(Development/python_resources/qcar/hardware/applications) by extension 'cmake'
[1.425s] Level 1:colcon.colcon_core.package_identification:_identify(Development/python_resources/qcar/hardware/applications) by extension 'python'
[1.425s] Level 1:colcon.colcon_core.package_identification:_identify(Development/python_resources/qcar/hardware/applications) by extensions ['python_setup_py']
[1.425s] Level 1:colcon.colcon_core.package_identification:_identify(Development/python_resources/qcar/hardware/applications) by extension 'python_setup_py'
[1.426s] Level 1:colcon.colcon_core.package_identification:_identify(Development/python_resources/qcar/hardware/applications/360_vision) by extensions ['ignore', 'ignore_ament_install']
[1.426s] Level 1:colcon.colcon_core.package_identification:_identify(Development/python_resources/qcar/hardware/applications/360_vision) by extension 'ignore'
[1.426s] Level 1:colcon.colcon_core.package_identification:_identify(Development/python_resources/qcar/hardware/applications/360_vision) by extension 'ignore_ament_install'
[1.426s] Level 1:colcon.colcon_core.package_identification:_identify(Development/python_resources/qcar/hardware/applications/360_vision) by extensions ['colcon_pkg']
[1.426s] Level 1:colcon.colcon_core.package_identification:_identify(Development/python_resources/qcar/hardware/applications/360_vision) by extension 'colcon_pkg'
[1.426s] Level 1:colcon.colcon_core.package_identification:_identify(Development/python_resources/qcar/hardware/applications/360_vision) by extensions ['colcon_meta']
[1.426s] Level 1:colcon.colcon_core.package_identification:_identify(Development/python_resources/qcar/hardware/applications/360_vision) by extension 'colcon_meta'
[1.426s] Level 1:colcon.colcon_core.package_identification:_identify(Development/python_resources/qcar/hardware/applications/360_vision) by extensions ['ros']
[1.426s] Level 1:colcon.colcon_core.package_identification:_identify(Development/python_resources/qcar/hardware/applications/360_vision) by extension 'ros'
[1.426s] Level 1:colcon.colcon_core.package_identification:_identify(Development/python_resources/qcar/hardware/applications/360_vision) by extensions ['cmake', 'python']
[1.426s] Level 1:colcon.colcon_core.package_identification:_identify(Development/python_resources/qcar/hardware/applications/360_vision) by extension 'cmake'
[1.426s] Level 1:colcon.colcon_core.package_identification:_identify(Development/python_resources/qcar/hardware/applications/360_vision) by extension 'python'
[1.426s] Level 1:colcon.colcon_core.package_identification:_identify(Development/python_resources/qcar/hardware/applications/360_vision) by extensions ['python_setup_py']
[1.426s] Level 1:colcon.colcon_core.package_identification:_identify(Development/python_resources/qcar/hardware/applications/360_vision) by extension 'python_setup_py'
[1.426s] Level 1:colcon.colcon_core.package_identification:_identify(Development/python_resources/qcar/hardware/applications/lane_following) by extensions ['ignore', 'ignore_ament_install']
[1.426s] Level 1:colcon.colcon_core.package_identification:_identify(Development/python_resources/qcar/hardware/applications/lane_following) by extension 'ignore'
[1.426s] Level 1:colcon.colcon_core.package_identification:_identify(Development/python_resources/qcar/hardware/applications/lane_following) by extension 'ignore_ament_install'
[1.426s] Level 1:colcon.colcon_core.package_identification:_identify(Development/python_resources/qcar/hardware/applications/lane_following) by extensions ['colcon_pkg']
[1.426s] Level 1:colcon.colcon_core.package_identification:_identify(Development/python_resources/qcar/hardware/applications/lane_following) by extension 'colcon_pkg'
[1.426s] Level 1:colcon.colcon_core.package_identification:_identify(Development/python_resources/qcar/hardware/applications/lane_following) by extensions ['colcon_meta']
[1.426s] Level 1:colcon.colcon_core.package_identification:_identify(Development/python_resources/qcar/hardware/applications/lane_following) by extension 'colcon_meta'
[1.426s] Level 1:colcon.colcon_core.package_identification:_identify(Development/python_resources/qcar/hardware/applications/lane_following) by extensions ['ros']
[1.426s] Level 1:colcon.colcon_core.package_identification:_identify(Development/python_resources/qcar/hardware/applications/lane_following) by extension 'ros'
[1.426s] Level 1:colcon.colcon_core.package_identification:_identify(Development/python_resources/qcar/hardware/applications/lane_following) by extensions ['cmake', 'python']
[1.426s] Level 1:colcon.colcon_core.package_identification:_identify(Development/python_resources/qcar/hardware/applications/lane_following) by extension 'cmake'
[1.426s] Level 1:colcon.colcon_core.package_identification:_identify(Development/python_resources/qcar/hardware/applications/lane_following) by extension 'python'
[1.426s] Level 1:colcon.colcon_core.package_identification:_identify(Development/python_resources/qcar/hardware/applications/lane_following) by extensions ['python_setup_py']
[1.426s] Level 1:colcon.colcon_core.package_identification:_identify(Development/python_resources/qcar/hardware/applications/lane_following) by extension 'python_setup_py'
[1.426s] Level 1:colcon.colcon_core.package_identification:_identify(Development/python_resources/qcar/hardware/applications/manual_drive) by extensions ['ignore', 'ignore_ament_install']
[1.426s] Level 1:colcon.colcon_core.package_identification:_identify(Development/python_resources/qcar/hardware/applications/manual_drive) by extension 'ignore'
[1.426s] Level 1:colcon.colcon_core.package_identification:_identify(Development/python_resources/qcar/hardware/applications/manual_drive) by extension 'ignore_ament_install'
[1.426s] Level 1:colcon.colcon_core.package_identification:_identify(Development/python_resources/qcar/hardware/applications/manual_drive) by extensions ['colcon_pkg']
[1.426s] Level 1:colcon.colcon_core.package_identification:_identify(Development/python_resources/qcar/hardware/applications/manual_drive) by extension 'colcon_pkg'
[1.426s] Level 1:colcon.colcon_core.package_identification:_identify(Development/python_resources/qcar/hardware/applications/manual_drive) by extensions ['colcon_meta']
[1.426s] Level 1:colcon.colcon_core.package_identification:_identify(Development/python_resources/qcar/hardware/applications/manual_drive) by extension 'colcon_meta'
[1.426s] Level 1:colcon.colcon_core.package_identification:_identify(Development/python_resources/qcar/hardware/applications/manual_drive) by extensions ['ros']
[1.426s] Level 1:colcon.colcon_core.package_identification:_identify(Development/python_resources/qcar/hardware/applications/manual_drive) by extension 'ros'
[1.426s] Level 1:colcon.colcon_core.package_identification:_identify(Development/python_resources/qcar/hardware/applications/manual_drive) by extensions ['cmake', 'python']
[1.426s] Level 1:colcon.colcon_core.package_identification:_identify(Development/python_resources/qcar/hardware/applications/manual_drive) by extension 'cmake'
[1.427s] Level 1:colcon.colcon_core.package_identification:_identify(Development/python_resources/qcar/hardware/applications/manual_drive) by extension 'python'
[1.427s] Level 1:colcon.colcon_core.package_identification:_identify(Development/python_resources/qcar/hardware/applications/manual_drive) by extensions ['python_setup_py']
[1.427s] Level 1:colcon.colcon_core.package_identification:_identify(Development/python_resources/qcar/hardware/applications/manual_drive) by extension 'python_setup_py'
[1.427s] Level 1:colcon.colcon_core.package_identification:_identify(Development/python_resources/qcar/hardware/applications/point_cloud_generation) by extensions ['ignore', 'ignore_ament_install']
[1.427s] Level 1:colcon.colcon_core.package_identification:_identify(Development/python_resources/qcar/hardware/applications/point_cloud_generation) by extension 'ignore'
[1.427s] Level 1:colcon.colcon_core.package_identification:_identify(Development/python_resources/qcar/hardware/applications/point_cloud_generation) by extension 'ignore_ament_install'
[1.427s] Level 1:colcon.colcon_core.package_identification:_identify(Development/python_resources/qcar/hardware/applications/point_cloud_generation) by extensions ['colcon_pkg']
[1.427s] Level 1:colcon.colcon_core.package_identification:_identify(Development/python_resources/qcar/hardware/applications/point_cloud_generation) by extension 'colcon_pkg'
[1.427s] Level 1:colcon.colcon_core.package_identification:_identify(Development/python_resources/qcar/hardware/applications/point_cloud_generation) by extensions ['colcon_meta']
[1.427s] Level 1:colcon.colcon_core.package_identification:_identify(Development/python_resources/qcar/hardware/applications/point_cloud_generation) by extension 'colcon_meta'
[1.427s] Level 1:colcon.colcon_core.package_identification:_identify(Development/python_resources/qcar/hardware/applications/point_cloud_generation) by extensions ['ros']
[1.427s] Level 1:colcon.colcon_core.package_identification:_identify(Development/python_resources/qcar/hardware/applications/point_cloud_generation) by extension 'ros'
[1.427s] Level 1:colcon.colcon_core.package_identification:_identify(Development/python_resources/qcar/hardware/applications/point_cloud_generation) by extensions ['cmake', 'python']
[1.427s] Level 1:colcon.colcon_core.package_identification:_identify(Development/python_resources/qcar/hardware/applications/point_cloud_generation) by extension 'cmake'
[1.427s] Level 1:colcon.colcon_core.package_identification:_identify(Development/python_resources/qcar/hardware/applications/point_cloud_generation) by extension 'python'
[1.427s] Level 1:colcon.colcon_core.package_identification:_identify(Development/python_resources/qcar/hardware/applications/point_cloud_generation) by extensions ['python_setup_py']
[1.427s] Level 1:colcon.colcon_core.package_identification:_identify(Development/python_resources/qcar/hardware/applications/point_cloud_generation) by extension 'python_setup_py'
[1.427s] Level 1:colcon.colcon_core.package_identification:_identify(Development/python_resources/qcar/hardware/applications/rgbd_imaging) by extensions ['ignore', 'ignore_ament_install']
[1.427s] Level 1:colcon.colcon_core.package_identification:_identify(Development/python_resources/qcar/hardware/applications/rgbd_imaging) by extension 'ignore'
[1.427s] Level 1:colcon.colcon_core.package_identification:_identify(Development/python_resources/qcar/hardware/applications/rgbd_imaging) by extension 'ignore_ament_install'
[1.427s] Level 1:colcon.colcon_core.package_identification:_identify(Development/python_resources/qcar/hardware/applications/rgbd_imaging) by extensions ['colcon_pkg']
[1.427s] Level 1:colcon.colcon_core.package_identification:_identify(Development/python_resources/qcar/hardware/applications/rgbd_imaging) by extension 'colcon_pkg'
[1.427s] Level 1:colcon.colcon_core.package_identification:_identify(Development/python_resources/qcar/hardware/applications/rgbd_imaging) by extensions ['colcon_meta']
[1.427s] Level 1:colcon.colcon_core.package_identification:_identify(Development/python_resources/qcar/hardware/applications/rgbd_imaging) by extension 'colcon_meta'
[1.427s] Level 1:colcon.colcon_core.package_identification:_identify(Development/python_resources/qcar/hardware/applications/rgbd_imaging) by extensions ['ros']
[1.427s] Level 1:colcon.colcon_core.package_identification:_identify(Development/python_resources/qcar/hardware/applications/rgbd_imaging) by extension 'ros'
[1.427s] Level 1:colcon.colcon_core.package_identification:_identify(Development/python_resources/qcar/hardware/applications/rgbd_imaging) by extensions ['cmake', 'python']
[1.427s] Level 1:colcon.colcon_core.package_identification:_identify(Development/python_resources/qcar/hardware/applications/rgbd_imaging) by extension 'cmake'
[1.427s] Level 1:colcon.colcon_core.package_identification:_identify(Development/python_resources/qcar/hardware/applications/rgbd_imaging) by extension 'python'
[1.427s] Level 1:colcon.colcon_core.package_identification:_identify(Development/python_resources/qcar/hardware/applications/rgbd_imaging) by extensions ['python_setup_py']
[1.427s] Level 1:colcon.colcon_core.package_identification:_identify(Development/python_resources/qcar/hardware/applications/rgbd_imaging) by extension 'python_setup_py'
[1.427s] Level 1:colcon.colcon_core.package_identification:_identify(Development/python_resources/qcar/hardware/hardware_tests) by extensions ['ignore', 'ignore_ament_install']
[1.427s] Level 1:colcon.colcon_core.package_identification:_identify(Development/python_resources/qcar/hardware/hardware_tests) by extension 'ignore'
[1.427s] Level 1:colcon.colcon_core.package_identification:_identify(Development/python_resources/qcar/hardware/hardware_tests) by extension 'ignore_ament_install'
[1.427s] Level 1:colcon.colcon_core.package_identification:_identify(Development/python_resources/qcar/hardware/hardware_tests) by extensions ['colcon_pkg']
[1.427s] Level 1:colcon.colcon_core.package_identification:_identify(Development/python_resources/qcar/hardware/hardware_tests) by extension 'colcon_pkg'
[1.427s] Level 1:colcon.colcon_core.package_identification:_identify(Development/python_resources/qcar/hardware/hardware_tests) by extensions ['colcon_meta']
[1.427s] Level 1:colcon.colcon_core.package_identification:_identify(Development/python_resources/qcar/hardware/hardware_tests) by extension 'colcon_meta'
[1.427s] Level 1:colcon.colcon_core.package_identification:_identify(Development/python_resources/qcar/hardware/hardware_tests) by extensions ['ros']
[1.427s] Level 1:colcon.colcon_core.package_identification:_identify(Development/python_resources/qcar/hardware/hardware_tests) by extension 'ros'
[1.427s] Level 1:colcon.colcon_core.package_identification:_identify(Development/python_resources/qcar/hardware/hardware_tests) by extensions ['cmake', 'python']
[1.427s] Level 1:colcon.colcon_core.package_identification:_identify(Development/python_resources/qcar/hardware/hardware_tests) by extension 'cmake'
[1.427s] Level 1:colcon.colcon_core.package_identification:_identify(Development/python_resources/qcar/hardware/hardware_tests) by extension 'python'
[1.427s] Level 1:colcon.colcon_core.package_identification:_identify(Development/python_resources/qcar/hardware/hardware_tests) by extensions ['python_setup_py']
[1.427s] Level 1:colcon.colcon_core.package_identification:_identify(Development/python_resources/qcar/hardware/hardware_tests) by extension 'python_setup_py'
[1.428s] Level 1:colcon.colcon_core.package_identification:_identify(Development/python_resources/qcar/virtual) by extensions ['ignore', 'ignore_ament_install']
[1.428s] Level 1:colcon.colcon_core.package_identification:_identify(Development/python_resources/qcar/virtual) by extension 'ignore'
[1.428s] Level 1:colcon.colcon_core.package_identification:_identify(Development/python_resources/qcar/virtual) by extension 'ignore_ament_install'
[1.428s] Level 1:colcon.colcon_core.package_identification:_identify(Development/python_resources/qcar/virtual) by extensions ['colcon_pkg']
[1.428s] Level 1:colcon.colcon_core.package_identification:_identify(Development/python_resources/qcar/virtual) by extension 'colcon_pkg'
[1.428s] Level 1:colcon.colcon_core.package_identification:_identify(Development/python_resources/qcar/virtual) by extensions ['colcon_meta']
[1.428s] Level 1:colcon.colcon_core.package_identification:_identify(Development/python_resources/qcar/virtual) by extension 'colcon_meta'
[1.428s] Level 1:colcon.colcon_core.package_identification:_identify(Development/python_resources/qcar/virtual) by extensions ['ros']
[1.428s] Level 1:colcon.colcon_core.package_identification:_identify(Development/python_resources/qcar/virtual) by extension 'ros'
[1.428s] Level 1:colcon.colcon_core.package_identification:_identify(Development/python_resources/qcar/virtual) by extensions ['cmake', 'python']
[1.428s] Level 1:colcon.colcon_core.package_identification:_identify(Development/python_resources/qcar/virtual) by extension 'cmake'
[1.428s] Level 1:colcon.colcon_core.package_identification:_identify(Development/python_resources/qcar/virtual) by extension 'python'
[1.428s] Level 1:colcon.colcon_core.package_identification:_identify(Development/python_resources/qcar/virtual) by extensions ['python_setup_py']
[1.428s] Level 1:colcon.colcon_core.package_identification:_identify(Development/python_resources/qcar/virtual) by extension 'python_setup_py'
[1.428s] Level 1:colcon.colcon_core.package_identification:_identify(Development/python_resources/qcar/virtual/applications) by extensions ['ignore', 'ignore_ament_install']
[1.428s] Level 1:colcon.colcon_core.package_identification:_identify(Development/python_resources/qcar/virtual/applications) by extension 'ignore'
[1.428s] Level 1:colcon.colcon_core.package_identification:_identify(Development/python_resources/qcar/virtual/applications) by extension 'ignore_ament_install'
[1.428s] Level 1:colcon.colcon_core.package_identification:_identify(Development/python_resources/qcar/virtual/applications) by extensions ['colcon_pkg']
[1.428s] Level 1:colcon.colcon_core.package_identification:_identify(Development/python_resources/qcar/virtual/applications) by extension 'colcon_pkg'
[1.428s] Level 1:colcon.colcon_core.package_identification:_identify(Development/python_resources/qcar/virtual/applications) by extensions ['colcon_meta']
[1.428s] Level 1:colcon.colcon_core.package_identification:_identify(Development/python_resources/qcar/virtual/applications) by extension 'colcon_meta'
[1.428s] Level 1:colcon.colcon_core.package_identification:_identify(Development/python_resources/qcar/virtual/applications) by extensions ['ros']
[1.428s] Level 1:colcon.colcon_core.package_identification:_identify(Development/python_resources/qcar/virtual/applications) by extension 'ros'
[1.428s] Level 1:colcon.colcon_core.package_identification:_identify(Development/python_resources/qcar/virtual/applications) by extensions ['cmake', 'python']
[1.428s] Level 1:colcon.colcon_core.package_identification:_identify(Development/python_resources/qcar/virtual/applications) by extension 'cmake'
[1.428s] Level 1:colcon.colcon_core.package_identification:_identify(Development/python_resources/qcar/virtual/applications) by extension 'python'
[1.428s] Level 1:colcon.colcon_core.package_identification:_identify(Development/python_resources/qcar/virtual/applications) by extensions ['python_setup_py']
[1.428s] Level 1:colcon.colcon_core.package_identification:_identify(Development/python_resources/qcar/virtual/applications) by extension 'python_setup_py'
[1.428s] Level 1:colcon.colcon_core.package_identification:_identify(Development/python_resources/qcar/virtual/applications/360_vision) by extensions ['ignore', 'ignore_ament_install']
[1.428s] Level 1:colcon.colcon_core.package_identification:_identify(Development/python_resources/qcar/virtual/applications/360_vision) by extension 'ignore'
[1.428s] Level 1:colcon.colcon_core.package_identification:_identify(Development/python_resources/qcar/virtual/applications/360_vision) by extension 'ignore_ament_install'
[1.428s] Level 1:colcon.colcon_core.package_identification:_identify(Development/python_resources/qcar/virtual/applications/360_vision) by extensions ['colcon_pkg']
[1.428s] Level 1:colcon.colcon_core.package_identification:_identify(Development/python_resources/qcar/virtual/applications/360_vision) by extension 'colcon_pkg'
[1.428s] Level 1:colcon.colcon_core.package_identification:_identify(Development/python_resources/qcar/virtual/applications/360_vision) by extensions ['colcon_meta']
[1.428s] Level 1:colcon.colcon_core.package_identification:_identify(Development/python_resources/qcar/virtual/applications/360_vision) by extension 'colcon_meta'
[1.428s] Level 1:colcon.colcon_core.package_identification:_identify(Development/python_resources/qcar/virtual/applications/360_vision) by extensions ['ros']
[1.428s] Level 1:colcon.colcon_core.package_identification:_identify(Development/python_resources/qcar/virtual/applications/360_vision) by extension 'ros'
[1.428s] Level 1:colcon.colcon_core.package_identification:_identify(Development/python_resources/qcar/virtual/applications/360_vision) by extensions ['cmake', 'python']
[1.428s] Level 1:colcon.colcon_core.package_identification:_identify(Development/python_resources/qcar/virtual/applications/360_vision) by extension 'cmake'
[1.428s] Level 1:colcon.colcon_core.package_identification:_identify(Development/python_resources/qcar/virtual/applications/360_vision) by extension 'python'
[1.428s] Level 1:colcon.colcon_core.package_identification:_identify(Development/python_resources/qcar/virtual/applications/360_vision) by extensions ['python_setup_py']
[1.428s] Level 1:colcon.colcon_core.package_identification:_identify(Development/python_resources/qcar/virtual/applications/360_vision) by extension 'python_setup_py'
[1.428s] Level 1:colcon.colcon_core.package_identification:_identify(Development/python_resources/qcar/virtual/applications/lane_following) by extensions ['ignore', 'ignore_ament_install']
[1.429s] Level 1:colcon.colcon_core.package_identification:_identify(Development/python_resources/qcar/virtual/applications/lane_following) by extension 'ignore'
[1.429s] Level 1:colcon.colcon_core.package_identification:_identify(Development/python_resources/qcar/virtual/applications/lane_following) by extension 'ignore_ament_install'
[1.429s] Level 1:colcon.colcon_core.package_identification:_identify(Development/python_resources/qcar/virtual/applications/lane_following) by extensions ['colcon_pkg']
[1.429s] Level 1:colcon.colcon_core.package_identification:_identify(Development/python_resources/qcar/virtual/applications/lane_following) by extension 'colcon_pkg'
[1.429s] Level 1:colcon.colcon_core.package_identification:_identify(Development/python_resources/qcar/virtual/applications/lane_following) by extensions ['colcon_meta']
[1.429s] Level 1:colcon.colcon_core.package_identification:_identify(Development/python_resources/qcar/virtual/applications/lane_following) by extension 'colcon_meta'
[1.429s] Level 1:colcon.colcon_core.package_identification:_identify(Development/python_resources/qcar/virtual/applications/lane_following) by extensions ['ros']
[1.429s] Level 1:colcon.colcon_core.package_identification:_identify(Development/python_resources/qcar/virtual/applications/lane_following) by extension 'ros'
[1.429s] Level 1:colcon.colcon_core.package_identification:_identify(Development/python_resources/qcar/virtual/applications/lane_following) by extensions ['cmake', 'python']
[1.429s] Level 1:colcon.colcon_core.package_identification:_identify(Development/python_resources/qcar/virtual/applications/lane_following) by extension 'cmake'
[1.429s] Level 1:colcon.colcon_core.package_identification:_identify(Development/python_resources/qcar/virtual/applications/lane_following) by extension 'python'
[1.429s] Level 1:colcon.colcon_core.package_identification:_identify(Development/python_resources/qcar/virtual/applications/lane_following) by extensions ['python_setup_py']
[1.429s] Level 1:colcon.colcon_core.package_identification:_identify(Development/python_resources/qcar/virtual/applications/lane_following) by extension 'python_setup_py'
[1.429s] Level 1:colcon.colcon_core.package_identification:_identify(Development/python_resources/qcar/virtual/applications/manual_drive) by extensions ['ignore', 'ignore_ament_install']
[1.429s] Level 1:colcon.colcon_core.package_identification:_identify(Development/python_resources/qcar/virtual/applications/manual_drive) by extension 'ignore'
[1.429s] Level 1:colcon.colcon_core.package_identification:_identify(Development/python_resources/qcar/virtual/applications/manual_drive) by extension 'ignore_ament_install'
[1.429s] Level 1:colcon.colcon_core.package_identification:_identify(Development/python_resources/qcar/virtual/applications/manual_drive) by extensions ['colcon_pkg']
[1.429s] Level 1:colcon.colcon_core.package_identification:_identify(Development/python_resources/qcar/virtual/applications/manual_drive) by extension 'colcon_pkg'
[1.429s] Level 1:colcon.colcon_core.package_identification:_identify(Development/python_resources/qcar/virtual/applications/manual_drive) by extensions ['colcon_meta']
[1.429s] Level 1:colcon.colcon_core.package_identification:_identify(Development/python_resources/qcar/virtual/applications/manual_drive) by extension 'colcon_meta'
[1.429s] Level 1:colcon.colcon_core.package_identification:_identify(Development/python_resources/qcar/virtual/applications/manual_drive) by extensions ['ros']
[1.429s] Level 1:colcon.colcon_core.package_identification:_identify(Development/python_resources/qcar/virtual/applications/manual_drive) by extension 'ros'
[1.429s] Level 1:colcon.colcon_core.package_identification:_identify(Development/python_resources/qcar/virtual/applications/manual_drive) by extensions ['cmake', 'python']
[1.429s] Level 1:colcon.colcon_core.package_identification:_identify(Development/python_resources/qcar/virtual/applications/manual_drive) by extension 'cmake'
[1.429s] Level 1:colcon.colcon_core.package_identification:_identify(Development/python_resources/qcar/virtual/applications/manual_drive) by extension 'python'
[1.429s] Level 1:colcon.colcon_core.package_identification:_identify(Development/python_resources/qcar/virtual/applications/manual_drive) by extensions ['python_setup_py']
[1.429s] Level 1:colcon.colcon_core.package_identification:_identify(Development/python_resources/qcar/virtual/applications/manual_drive) by extension 'python_setup_py'
[1.429s] Level 1:colcon.colcon_core.package_identification:_identify(Development/python_resources/qcar/virtual/applications/point_cloud_generation) by extensions ['ignore', 'ignore_ament_install']
[1.429s] Level 1:colcon.colcon_core.package_identification:_identify(Development/python_resources/qcar/virtual/applications/point_cloud_generation) by extension 'ignore'
[1.429s] Level 1:colcon.colcon_core.package_identification:_identify(Development/python_resources/qcar/virtual/applications/point_cloud_generation) by extension 'ignore_ament_install'
[1.429s] Level 1:colcon.colcon_core.package_identification:_identify(Development/python_resources/qcar/virtual/applications/point_cloud_generation) by extensions ['colcon_pkg']
[1.429s] Level 1:colcon.colcon_core.package_identification:_identify(Development/python_resources/qcar/virtual/applications/point_cloud_generation) by extension 'colcon_pkg'
[1.429s] Level 1:colcon.colcon_core.package_identification:_identify(Development/python_resources/qcar/virtual/applications/point_cloud_generation) by extensions ['colcon_meta']
[1.429s] Level 1:colcon.colcon_core.package_identification:_identify(Development/python_resources/qcar/virtual/applications/point_cloud_generation) by extension 'colcon_meta'
[1.429s] Level 1:colcon.colcon_core.package_identification:_identify(Development/python_resources/qcar/virtual/applications/point_cloud_generation) by extensions ['ros']
[1.429s] Level 1:colcon.colcon_core.package_identification:_identify(Development/python_resources/qcar/virtual/applications/point_cloud_generation) by extension 'ros'
[1.429s] Level 1:colcon.colcon_core.package_identification:_identify(Development/python_resources/qcar/virtual/applications/point_cloud_generation) by extensions ['cmake', 'python']
[1.429s] Level 1:colcon.colcon_core.package_identification:_identify(Development/python_resources/qcar/virtual/applications/point_cloud_generation) by extension 'cmake'
[1.429s] Level 1:colcon.colcon_core.package_identification:_identify(Development/python_resources/qcar/virtual/applications/point_cloud_generation) by extension 'python'
[1.429s] Level 1:colcon.colcon_core.package_identification:_identify(Development/python_resources/qcar/virtual/applications/point_cloud_generation) by extensions ['python_setup_py']
[1.429s] Level 1:colcon.colcon_core.package_identification:_identify(Development/python_resources/qcar/virtual/applications/point_cloud_generation) by extension 'python_setup_py'
[1.430s] Level 1:colcon.colcon_core.package_identification:_identify(Development/python_resources/qcar/virtual/applications/rgbd_imaging) by extensions ['ignore', 'ignore_ament_install']
[1.430s] Level 1:colcon.colcon_core.package_identification:_identify(Development/python_resources/qcar/virtual/applications/rgbd_imaging) by extension 'ignore'
[1.430s] Level 1:colcon.colcon_core.package_identification:_identify(Development/python_resources/qcar/virtual/applications/rgbd_imaging) by extension 'ignore_ament_install'
[1.430s] Level 1:colcon.colcon_core.package_identification:_identify(Development/python_resources/qcar/virtual/applications/rgbd_imaging) by extensions ['colcon_pkg']
[1.430s] Level 1:colcon.colcon_core.package_identification:_identify(Development/python_resources/qcar/virtual/applications/rgbd_imaging) by extension 'colcon_pkg'
[1.430s] Level 1:colcon.colcon_core.package_identification:_identify(Development/python_resources/qcar/virtual/applications/rgbd_imaging) by extensions ['colcon_meta']
[1.430s] Level 1:colcon.colcon_core.package_identification:_identify(Development/python_resources/qcar/virtual/applications/rgbd_imaging) by extension 'colcon_meta'
[1.430s] Level 1:colcon.colcon_core.package_identification:_identify(Development/python_resources/qcar/virtual/applications/rgbd_imaging) by extensions ['ros']
[1.430s] Level 1:colcon.colcon_core.package_identification:_identify(Development/python_resources/qcar/virtual/applications/rgbd_imaging) by extension 'ros'
[1.430s] Level 1:colcon.colcon_core.package_identification:_identify(Development/python_resources/qcar/virtual/applications/rgbd_imaging) by extensions ['cmake', 'python']
[1.430s] Level 1:colcon.colcon_core.package_identification:_identify(Development/python_resources/qcar/virtual/applications/rgbd_imaging) by extension 'cmake'
[1.430s] Level 1:colcon.colcon_core.package_identification:_identify(Development/python_resources/qcar/virtual/applications/rgbd_imaging) by extension 'python'
[1.430s] Level 1:colcon.colcon_core.package_identification:_identify(Development/python_resources/qcar/virtual/applications/rgbd_imaging) by extensions ['python_setup_py']
[1.430s] Level 1:colcon.colcon_core.package_identification:_identify(Development/python_resources/qcar/virtual/applications/rgbd_imaging) by extension 'python_setup_py'
[1.430s] Level 1:colcon.colcon_core.package_identification:_identify(Development/python_resources/qcar/virtual/hardware_tests) by extensions ['ignore', 'ignore_ament_install']
[1.430s] Level 1:colcon.colcon_core.package_identification:_identify(Development/python_resources/qcar/virtual/hardware_tests) by extension 'ignore'
[1.430s] Level 1:colcon.colcon_core.package_identification:_identify(Development/python_resources/qcar/virtual/hardware_tests) by extension 'ignore_ament_install'
[1.430s] Level 1:colcon.colcon_core.package_identification:_identify(Development/python_resources/qcar/virtual/hardware_tests) by extensions ['colcon_pkg']
[1.430s] Level 1:colcon.colcon_core.package_identification:_identify(Development/python_resources/qcar/virtual/hardware_tests) by extension 'colcon_pkg'
[1.430s] Level 1:colcon.colcon_core.package_identification:_identify(Development/python_resources/qcar/virtual/hardware_tests) by extensions ['colcon_meta']
[1.430s] Level 1:colcon.colcon_core.package_identification:_identify(Development/python_resources/qcar/virtual/hardware_tests) by extension 'colcon_meta'
[1.430s] Level 1:colcon.colcon_core.package_identification:_identify(Development/python_resources/qcar/virtual/hardware_tests) by extensions ['ros']
[1.430s] Level 1:colcon.colcon_core.package_identification:_identify(Development/python_resources/qcar/virtual/hardware_tests) by extension 'ros'
[1.430s] Level 1:colcon.colcon_core.package_identification:_identify(Development/python_resources/qcar/virtual/hardware_tests) by extensions ['cmake', 'python']
[1.430s] Level 1:colcon.colcon_core.package_identification:_identify(Development/python_resources/qcar/virtual/hardware_tests) by extension 'cmake'
[1.430s] Level 1:colcon.colcon_core.package_identification:_identify(Development/python_resources/qcar/virtual/hardware_tests) by extension 'python'
[1.430s] Level 1:colcon.colcon_core.package_identification:_identify(Development/python_resources/qcar/virtual/hardware_tests) by extensions ['python_setup_py']
[1.430s] Level 1:colcon.colcon_core.package_identification:_identify(Development/python_resources/qcar/virtual/hardware_tests) by extension 'python_setup_py'
[1.430s] Level 1:colcon.colcon_core.package_identification:_identify(Development/python_resources/qcar2) by extensions ['ignore', 'ignore_ament_install']
[1.430s] Level 1:colcon.colcon_core.package_identification:_identify(Development/python_resources/qcar2) by extension 'ignore'
[1.430s] Level 1:colcon.colcon_core.package_identification:_identify(Development/python_resources/qcar2) by extension 'ignore_ament_install'
[1.430s] Level 1:colcon.colcon_core.package_identification:_identify(Development/python_resources/qcar2) by extensions ['colcon_pkg']
[1.430s] Level 1:colcon.colcon_core.package_identification:_identify(Development/python_resources/qcar2) by extension 'colcon_pkg'
[1.430s] Level 1:colcon.colcon_core.package_identification:_identify(Development/python_resources/qcar2) by extensions ['colcon_meta']
[1.430s] Level 1:colcon.colcon_core.package_identification:_identify(Development/python_resources/qcar2) by extension 'colcon_meta'
[1.430s] Level 1:colcon.colcon_core.package_identification:_identify(Development/python_resources/qcar2) by extensions ['ros']
[1.430s] Level 1:colcon.colcon_core.package_identification:_identify(Development/python_resources/qcar2) by extension 'ros'
[1.430s] Level 1:colcon.colcon_core.package_identification:_identify(Development/python_resources/qcar2) by extensions ['cmake', 'python']
[1.430s] Level 1:colcon.colcon_core.package_identification:_identify(Development/python_resources/qcar2) by extension 'cmake'
[1.430s] Level 1:colcon.colcon_core.package_identification:_identify(Development/python_resources/qcar2) by extension 'python'
[1.430s] Level 1:colcon.colcon_core.package_identification:_identify(Development/python_resources/qcar2) by extensions ['python_setup_py']
[1.430s] Level 1:colcon.colcon_core.package_identification:_identify(Development/python_resources/qcar2) by extension 'python_setup_py'
[1.430s] Level 1:colcon.colcon_core.package_identification:_identify(Development/python_resources/qcar2/hardware) by extensions ['ignore', 'ignore_ament_install']
[1.431s] Level 1:colcon.colcon_core.package_identification:_identify(Development/python_resources/qcar2/hardware) by extension 'ignore'
[1.431s] Level 1:colcon.colcon_core.package_identification:_identify(Development/python_resources/qcar2/hardware) by extension 'ignore_ament_install'
[1.431s] Level 1:colcon.colcon_core.package_identification:_identify(Development/python_resources/qcar2/hardware) by extensions ['colcon_pkg']
[1.431s] Level 1:colcon.colcon_core.package_identification:_identify(Development/python_resources/qcar2/hardware) by extension 'colcon_pkg'
[1.431s] Level 1:colcon.colcon_core.package_identification:_identify(Development/python_resources/qcar2/hardware) by extensions ['colcon_meta']
[1.431s] Level 1:colcon.colcon_core.package_identification:_identify(Development/python_resources/qcar2/hardware) by extension 'colcon_meta'
[1.431s] Level 1:colcon.colcon_core.package_identification:_identify(Development/python_resources/qcar2/hardware) by extensions ['ros']
[1.431s] Level 1:colcon.colcon_core.package_identification:_identify(Development/python_resources/qcar2/hardware) by extension 'ros'
[1.431s] Level 1:colcon.colcon_core.package_identification:_identify(Development/python_resources/qcar2/hardware) by extensions ['cmake', 'python']
[1.431s] Level 1:colcon.colcon_core.package_identification:_identify(Development/python_resources/qcar2/hardware) by extension 'cmake'
[1.431s] Level 1:colcon.colcon_core.package_identification:_identify(Development/python_resources/qcar2/hardware) by extension 'python'
[1.431s] Level 1:colcon.colcon_core.package_identification:_identify(Development/python_resources/qcar2/hardware) by extensions ['python_setup_py']
[1.431s] Level 1:colcon.colcon_core.package_identification:_identify(Development/python_resources/qcar2/hardware) by extension 'python_setup_py'
[1.431s] Level 1:colcon.colcon_core.package_identification:_identify(Development/python_resources/qcar2/hardware/applications) by extensions ['ignore', 'ignore_ament_install']
[1.431s] Level 1:colcon.colcon_core.package_identification:_identify(Development/python_resources/qcar2/hardware/applications) by extension 'ignore'
[1.431s] Level 1:colcon.colcon_core.package_identification:_identify(Development/python_resources/qcar2/hardware/applications) by extension 'ignore_ament_install'
[1.431s] Level 1:colcon.colcon_core.package_identification:_identify(Development/python_resources/qcar2/hardware/applications) by extensions ['colcon_pkg']
[1.431s] Level 1:colcon.colcon_core.package_identification:_identify(Development/python_resources/qcar2/hardware/applications) by extension 'colcon_pkg'
[1.431s] Level 1:colcon.colcon_core.package_identification:_identify(Development/python_resources/qcar2/hardware/applications) by extensions ['colcon_meta']
[1.431s] Level 1:colcon.colcon_core.package_identification:_identify(Development/python_resources/qcar2/hardware/applications) by extension 'colcon_meta'
[1.431s] Level 1:colcon.colcon_core.package_identification:_identify(Development/python_resources/qcar2/hardware/applications) by extensions ['ros']
[1.431s] Level 1:colcon.colcon_core.package_identification:_identify(Development/python_resources/qcar2/hardware/applications) by extension 'ros'
[1.431s] Level 1:colcon.colcon_core.package_identification:_identify(Development/python_resources/qcar2/hardware/applications) by extensions ['cmake', 'python']
[1.431s] Level 1:colcon.colcon_core.package_identification:_identify(Development/python_resources/qcar2/hardware/applications) by extension 'cmake'
[1.431s] Level 1:colcon.colcon_core.package_identification:_identify(Development/python_resources/qcar2/hardware/applications) by extension 'python'
[1.431s] Level 1:colcon.colcon_core.package_identification:_identify(Development/python_resources/qcar2/hardware/applications) by extensions ['python_setup_py']
[1.431s] Level 1:colcon.colcon_core.package_identification:_identify(Development/python_resources/qcar2/hardware/applications) by extension 'python_setup_py'
[1.431s] Level 1:colcon.colcon_core.package_identification:_identify(Development/python_resources/qcar2/hardware/applications/360_vision) by extensions ['ignore', 'ignore_ament_install']
[1.431s] Level 1:colcon.colcon_core.package_identification:_identify(Development/python_resources/qcar2/hardware/applications/360_vision) by extension 'ignore'
[1.431s] Level 1:colcon.colcon_core.package_identification:_identify(Development/python_resources/qcar2/hardware/applications/360_vision) by extension 'ignore_ament_install'
[1.431s] Level 1:colcon.colcon_core.package_identification:_identify(Development/python_resources/qcar2/hardware/applications/360_vision) by extensions ['colcon_pkg']
[1.431s] Level 1:colcon.colcon_core.package_identification:_identify(Development/python_resources/qcar2/hardware/applications/360_vision) by extension 'colcon_pkg'
[1.431s] Level 1:colcon.colcon_core.package_identification:_identify(Development/python_resources/qcar2/hardware/applications/360_vision) by extensions ['colcon_meta']
[1.431s] Level 1:colcon.colcon_core.package_identification:_identify(Development/python_resources/qcar2/hardware/applications/360_vision) by extension 'colcon_meta'
[1.431s] Level 1:colcon.colcon_core.package_identification:_identify(Development/python_resources/qcar2/hardware/applications/360_vision) by extensions ['ros']
[1.431s] Level 1:colcon.colcon_core.package_identification:_identify(Development/python_resources/qcar2/hardware/applications/360_vision) by extension 'ros'
[1.431s] Level 1:colcon.colcon_core.package_identification:_identify(Development/python_resources/qcar2/hardware/applications/360_vision) by extensions ['cmake', 'python']
[1.431s] Level 1:colcon.colcon_core.package_identification:_identify(Development/python_resources/qcar2/hardware/applications/360_vision) by extension 'cmake'
[1.431s] Level 1:colcon.colcon_core.package_identification:_identify(Development/python_resources/qcar2/hardware/applications/360_vision) by extension 'python'
[1.431s] Level 1:colcon.colcon_core.package_identification:_identify(Development/python_resources/qcar2/hardware/applications/360_vision) by extensions ['python_setup_py']
[1.431s] Level 1:colcon.colcon_core.package_identification:_identify(Development/python_resources/qcar2/hardware/applications/360_vision) by extension 'python_setup_py'
[1.431s] Level 1:colcon.colcon_core.package_identification:_identify(Development/python_resources/qcar2/hardware/applications/lane_following) by extensions ['ignore', 'ignore_ament_install']
[1.431s] Level 1:colcon.colcon_core.package_identification:_identify(Development/python_resources/qcar2/hardware/applications/lane_following) by extension 'ignore'
[1.432s] Level 1:colcon.colcon_core.package_identification:_identify(Development/python_resources/qcar2/hardware/applications/lane_following) by extension 'ignore_ament_install'
[1.432s] Level 1:colcon.colcon_core.package_identification:_identify(Development/python_resources/qcar2/hardware/applications/lane_following) by extensions ['colcon_pkg']
[1.432s] Level 1:colcon.colcon_core.package_identification:_identify(Development/python_resources/qcar2/hardware/applications/lane_following) by extension 'colcon_pkg'
[1.432s] Level 1:colcon.colcon_core.package_identification:_identify(Development/python_resources/qcar2/hardware/applications/lane_following) by extensions ['colcon_meta']
[1.432s] Level 1:colcon.colcon_core.package_identification:_identify(Development/python_resources/qcar2/hardware/applications/lane_following) by extension 'colcon_meta'
[1.432s] Level 1:colcon.colcon_core.package_identification:_identify(Development/python_resources/qcar2/hardware/applications/lane_following) by extensions ['ros']
[1.432s] Level 1:colcon.colcon_core.package_identification:_identify(Development/python_resources/qcar2/hardware/applications/lane_following) by extension 'ros'
[1.432s] Level 1:colcon.colcon_core.package_identification:_identify(Development/python_resources/qcar2/hardware/applications/lane_following) by extensions ['cmake', 'python']
[1.432s] Level 1:colcon.colcon_core.package_identification:_identify(Development/python_resources/qcar2/hardware/applications/lane_following) by extension 'cmake'
[1.432s] Level 1:colcon.colcon_core.package_identification:_identify(Development/python_resources/qcar2/hardware/applications/lane_following) by extension 'python'
[1.432s] Level 1:colcon.colcon_core.package_identification:_identify(Development/python_resources/qcar2/hardware/applications/lane_following) by extensions ['python_setup_py']
[1.432s] Level 1:colcon.colcon_core.package_identification:_identify(Development/python_resources/qcar2/hardware/applications/lane_following) by extension 'python_setup_py'
[1.432s] Level 1:colcon.colcon_core.package_identification:_identify(Development/python_resources/qcar2/hardware/applications/lanenet) by extensions ['ignore', 'ignore_ament_install']
[1.432s] Level 1:colcon.colcon_core.package_identification:_identify(Development/python_resources/qcar2/hardware/applications/lanenet) by extension 'ignore'
[1.432s] Level 1:colcon.colcon_core.package_identification:_identify(Development/python_resources/qcar2/hardware/applications/lanenet) by extension 'ignore_ament_install'
[1.432s] Level 1:colcon.colcon_core.package_identification:_identify(Development/python_resources/qcar2/hardware/applications/lanenet) by extensions ['colcon_pkg']
[1.432s] Level 1:colcon.colcon_core.package_identification:_identify(Development/python_resources/qcar2/hardware/applications/lanenet) by extension 'colcon_pkg'
[1.432s] Level 1:colcon.colcon_core.package_identification:_identify(Development/python_resources/qcar2/hardware/applications/lanenet) by extensions ['colcon_meta']
[1.432s] Level 1:colcon.colcon_core.package_identification:_identify(Development/python_resources/qcar2/hardware/applications/lanenet) by extension 'colcon_meta'
[1.432s] Level 1:colcon.colcon_core.package_identification:_identify(Development/python_resources/qcar2/hardware/applications/lanenet) by extensions ['ros']
[1.432s] Level 1:colcon.colcon_core.package_identification:_identify(Development/python_resources/qcar2/hardware/applications/lanenet) by extension 'ros'
[1.432s] Level 1:colcon.colcon_core.package_identification:_identify(Development/python_resources/qcar2/hardware/applications/lanenet) by extensions ['cmake', 'python']
[1.432s] Level 1:colcon.colcon_core.package_identification:_identify(Development/python_resources/qcar2/hardware/applications/lanenet) by extension 'cmake'
[1.432s] Level 1:colcon.colcon_core.package_identification:_identify(Development/python_resources/qcar2/hardware/applications/lanenet) by extension 'python'
[1.432s] Level 1:colcon.colcon_core.package_identification:_identify(Development/python_resources/qcar2/hardware/applications/lanenet) by extensions ['python_setup_py']
[1.432s] Level 1:colcon.colcon_core.package_identification:_identify(Development/python_resources/qcar2/hardware/applications/lanenet) by extension 'python_setup_py'
[1.432s] Level 1:colcon.colcon_core.package_identification:_identify(Development/python_resources/qcar2/hardware/applications/manual_drive) by extensions ['ignore', 'ignore_ament_install']
[1.432s] Level 1:colcon.colcon_core.package_identification:_identify(Development/python_resources/qcar2/hardware/applications/manual_drive) by extension 'ignore'
[1.432s] Level 1:colcon.colcon_core.package_identification:_identify(Development/python_resources/qcar2/hardware/applications/manual_drive) by extension 'ignore_ament_install'
[1.432s] Level 1:colcon.colcon_core.package_identification:_identify(Development/python_resources/qcar2/hardware/applications/manual_drive) by extensions ['colcon_pkg']
[1.432s] Level 1:colcon.colcon_core.package_identification:_identify(Development/python_resources/qcar2/hardware/applications/manual_drive) by extension 'colcon_pkg'
[1.432s] Level 1:colcon.colcon_core.package_identification:_identify(Development/python_resources/qcar2/hardware/applications/manual_drive) by extensions ['colcon_meta']
[1.432s] Level 1:colcon.colcon_core.package_identification:_identify(Development/python_resources/qcar2/hardware/applications/manual_drive) by extension 'colcon_meta'
[1.432s] Level 1:colcon.colcon_core.package_identification:_identify(Development/python_resources/qcar2/hardware/applications/manual_drive) by extensions ['ros']
[1.432s] Level 1:colcon.colcon_core.package_identification:_identify(Development/python_resources/qcar2/hardware/applications/manual_drive) by extension 'ros'
[1.432s] Level 1:colcon.colcon_core.package_identification:_identify(Development/python_resources/qcar2/hardware/applications/manual_drive) by extensions ['cmake', 'python']
[1.432s] Level 1:colcon.colcon_core.package_identification:_identify(Development/python_resources/qcar2/hardware/applications/manual_drive) by extension 'cmake'
[1.432s] Level 1:colcon.colcon_core.package_identification:_identify(Development/python_resources/qcar2/hardware/applications/manual_drive) by extension 'python'
[1.432s] Level 1:colcon.colcon_core.package_identification:_identify(Development/python_resources/qcar2/hardware/applications/manual_drive) by extensions ['python_setup_py']
[1.432s] Level 1:colcon.colcon_core.package_identification:_identify(Development/python_resources/qcar2/hardware/applications/manual_drive) by extension 'python_setup_py'
[1.432s] Level 1:colcon.colcon_core.package_identification:_identify(Development/python_resources/qcar2/hardware/applications/multi_vehicle_self_driving) by extensions ['ignore', 'ignore_ament_install']
[1.433s] Level 1:colcon.colcon_core.package_identification:_identify(Development/python_resources/qcar2/hardware/applications/multi_vehicle_self_driving) by extension 'ignore'
[1.433s] Level 1:colcon.colcon_core.package_identification:_identify(Development/python_resources/qcar2/hardware/applications/multi_vehicle_self_driving) by extension 'ignore_ament_install'
[1.433s] Level 1:colcon.colcon_core.package_identification:_identify(Development/python_resources/qcar2/hardware/applications/multi_vehicle_self_driving) by extensions ['colcon_pkg']
[1.433s] Level 1:colcon.colcon_core.package_identification:_identify(Development/python_resources/qcar2/hardware/applications/multi_vehicle_self_driving) by extension 'colcon_pkg'
[1.433s] Level 1:colcon.colcon_core.package_identification:_identify(Development/python_resources/qcar2/hardware/applications/multi_vehicle_self_driving) by extensions ['colcon_meta']
[1.433s] Level 1:colcon.colcon_core.package_identification:_identify(Development/python_resources/qcar2/hardware/applications/multi_vehicle_self_driving) by extension 'colcon_meta'
[1.433s] Level 1:colcon.colcon_core.package_identification:_identify(Development/python_resources/qcar2/hardware/applications/multi_vehicle_self_driving) by extensions ['ros']
[1.433s] Level 1:colcon.colcon_core.package_identification:_identify(Development/python_resources/qcar2/hardware/applications/multi_vehicle_self_driving) by extension 'ros'
[1.433s] Level 1:colcon.colcon_core.package_identification:_identify(Development/python_resources/qcar2/hardware/applications/multi_vehicle_self_driving) by extensions ['cmake', 'python']
[1.433s] Level 1:colcon.colcon_core.package_identification:_identify(Development/python_resources/qcar2/hardware/applications/multi_vehicle_self_driving) by extension 'cmake'
[1.433s] Level 1:colcon.colcon_core.package_identification:_identify(Development/python_resources/qcar2/hardware/applications/multi_vehicle_self_driving) by extension 'python'
[1.433s] Level 1:colcon.colcon_core.package_identification:_identify(Development/python_resources/qcar2/hardware/applications/multi_vehicle_self_driving) by extensions ['python_setup_py']
[1.433s] Level 1:colcon.colcon_core.package_identification:_identify(Development/python_resources/qcar2/hardware/applications/multi_vehicle_self_driving) by extension 'python_setup_py'
[1.433s] Level 1:colcon.colcon_core.package_identification:_identify(Development/python_resources/qcar2/hardware/applications/multi_vehicle_self_driving/python) by extensions ['ignore', 'ignore_ament_install']
[1.433s] Level 1:colcon.colcon_core.package_identification:_identify(Development/python_resources/qcar2/hardware/applications/multi_vehicle_self_driving/python) by extension 'ignore'
[1.433s] Level 1:colcon.colcon_core.package_identification:_identify(Development/python_resources/qcar2/hardware/applications/multi_vehicle_self_driving/python) by extension 'ignore_ament_install'
[1.433s] Level 1:colcon.colcon_core.package_identification:_identify(Development/python_resources/qcar2/hardware/applications/multi_vehicle_self_driving/python) by extensions ['colcon_pkg']
[1.433s] Level 1:colcon.colcon_core.package_identification:_identify(Development/python_resources/qcar2/hardware/applications/multi_vehicle_self_driving/python) by extension 'colcon_pkg'
[1.433s] Level 1:colcon.colcon_core.package_identification:_identify(Development/python_resources/qcar2/hardware/applications/multi_vehicle_self_driving/python) by extensions ['colcon_meta']
[1.433s] Level 1:colcon.colcon_core.package_identification:_identify(Development/python_resources/qcar2/hardware/applications/multi_vehicle_self_driving/python) by extension 'colcon_meta'
[1.433s] Level 1:colcon.colcon_core.package_identification:_identify(Development/python_resources/qcar2/hardware/applications/multi_vehicle_self_driving/python) by extensions ['ros']
[1.433s] Level 1:colcon.colcon_core.package_identification:_identify(Development/python_resources/qcar2/hardware/applications/multi_vehicle_self_driving/python) by extension 'ros'
[1.433s] Level 1:colcon.colcon_core.package_identification:_identify(Development/python_resources/qcar2/hardware/applications/multi_vehicle_self_driving/python) by extensions ['cmake', 'python']
[1.433s] Level 1:colcon.colcon_core.package_identification:_identify(Development/python_resources/qcar2/hardware/applications/multi_vehicle_self_driving/python) by extension 'cmake'
[1.433s] Level 1:colcon.colcon_core.package_identification:_identify(Development/python_resources/qcar2/hardware/applications/multi_vehicle_self_driving/python) by extension 'python'
[1.433s] Level 1:colcon.colcon_core.package_identification:_identify(Development/python_resources/qcar2/hardware/applications/multi_vehicle_self_driving/python) by extensions ['python_setup_py']
[1.433s] Level 1:colcon.colcon_core.package_identification:_identify(Development/python_resources/qcar2/hardware/applications/multi_vehicle_self_driving/python) by extension 'python_setup_py'
[1.433s] Level 1:colcon.colcon_core.package_identification:_identify(Development/python_resources/qcar2/hardware/applications/multi_vehicle_self_driving/qcar) by extensions ['ignore', 'ignore_ament_install']
[1.433s] Level 1:colcon.colcon_core.package_identification:_identify(Development/python_resources/qcar2/hardware/applications/multi_vehicle_self_driving/qcar) by extension 'ignore'
[1.433s] Level 1:colcon.colcon_core.package_identification:_identify(Development/python_resources/qcar2/hardware/applications/multi_vehicle_self_driving/qcar) by extension 'ignore_ament_install'
[1.433s] Level 1:colcon.colcon_core.package_identification:_identify(Development/python_resources/qcar2/hardware/applications/multi_vehicle_self_driving/qcar) by extensions ['colcon_pkg']
[1.433s] Level 1:colcon.colcon_core.package_identification:_identify(Development/python_resources/qcar2/hardware/applications/multi_vehicle_self_driving/qcar) by extension 'colcon_pkg'
[1.433s] Level 1:colcon.colcon_core.package_identification:_identify(Development/python_resources/qcar2/hardware/applications/multi_vehicle_self_driving/qcar) by extensions ['colcon_meta']
[1.433s] Level 1:colcon.colcon_core.package_identification:_identify(Development/python_resources/qcar2/hardware/applications/multi_vehicle_self_driving/qcar) by extension 'colcon_meta'
[1.433s] Level 1:colcon.colcon_core.package_identification:_identify(Development/python_resources/qcar2/hardware/applications/multi_vehicle_self_driving/qcar) by extensions ['ros']
[1.433s] Level 1:colcon.colcon_core.package_identification:_identify(Development/python_resources/qcar2/hardware/applications/multi_vehicle_self_driving/qcar) by extension 'ros'
[1.433s] Level 1:colcon.colcon_core.package_identification:_identify(Development/python_resources/qcar2/hardware/applications/multi_vehicle_self_driving/qcar) by extensions ['cmake', 'python']
[1.433s] Level 1:colcon.colcon_core.package_identification:_identify(Development/python_resources/qcar2/hardware/applications/multi_vehicle_self_driving/qcar) by extension 'cmake'
[1.433s] Level 1:colcon.colcon_core.package_identification:_identify(Development/python_resources/qcar2/hardware/applications/multi_vehicle_self_driving/qcar) by extension 'python'
[1.433s] Level 1:colcon.colcon_core.package_identification:_identify(Development/python_resources/qcar2/hardware/applications/multi_vehicle_self_driving/qcar) by extensions ['python_setup_py']
[1.433s] Level 1:colcon.colcon_core.package_identification:_identify(Development/python_resources/qcar2/hardware/applications/multi_vehicle_self_driving/qcar) by extension 'python_setup_py'
[1.433s] Level 1:colcon.colcon_core.package_identification:_identify(Development/python_resources/qcar2/hardware/applications/multi_vehicle_self_driving/reference_scan) by extensions ['ignore', 'ignore_ament_install']
[1.434s] Level 1:colcon.colcon_core.package_identification:_identify(Development/python_resources/qcar2/hardware/applications/multi_vehicle_self_driving/reference_scan) by extension 'ignore'
[1.434s] Level 1:colcon.colcon_core.package_identification:_identify(Development/python_resources/qcar2/hardware/applications/multi_vehicle_self_driving/reference_scan) by extension 'ignore_ament_install'
[1.434s] Level 1:colcon.colcon_core.package_identification:_identify(Development/python_resources/qcar2/hardware/applications/multi_vehicle_self_driving/reference_scan) by extensions ['colcon_pkg']
[1.434s] Level 1:colcon.colcon_core.package_identification:_identify(Development/python_resources/qcar2/hardware/applications/multi_vehicle_self_driving/reference_scan) by extension 'colcon_pkg'
[1.434s] Level 1:colcon.colcon_core.package_identification:_identify(Development/python_resources/qcar2/hardware/applications/multi_vehicle_self_driving/reference_scan) by extensions ['colcon_meta']
[1.434s] Level 1:colcon.colcon_core.package_identification:_identify(Development/python_resources/qcar2/hardware/applications/multi_vehicle_self_driving/reference_scan) by extension 'colcon_meta'
[1.434s] Level 1:colcon.colcon_core.package_identification:_identify(Development/python_resources/qcar2/hardware/applications/multi_vehicle_self_driving/reference_scan) by extensions ['ros']
[1.434s] Level 1:colcon.colcon_core.package_identification:_identify(Development/python_resources/qcar2/hardware/applications/multi_vehicle_self_driving/reference_scan) by extension 'ros'
[1.434s] Level 1:colcon.colcon_core.package_identification:_identify(Development/python_resources/qcar2/hardware/applications/multi_vehicle_self_driving/reference_scan) by extensions ['cmake', 'python']
[1.434s] Level 1:colcon.colcon_core.package_identification:_identify(Development/python_resources/qcar2/hardware/applications/multi_vehicle_self_driving/reference_scan) by extension 'cmake'
[1.434s] Level 1:colcon.colcon_core.package_identification:_identify(Development/python_resources/qcar2/hardware/applications/multi_vehicle_self_driving/reference_scan) by extension 'python'
[1.434s] Level 1:colcon.colcon_core.package_identification:_identify(Development/python_resources/qcar2/hardware/applications/multi_vehicle_self_driving/reference_scan) by extensions ['python_setup_py']
[1.434s] Level 1:colcon.colcon_core.package_identification:_identify(Development/python_resources/qcar2/hardware/applications/multi_vehicle_self_driving/reference_scan) by extension 'python_setup_py'
[1.434s] Level 1:colcon.colcon_core.package_identification:_identify(Development/python_resources/qcar2/hardware/applications/point_cloud_generation) by extensions ['ignore', 'ignore_ament_install']
[1.434s] Level 1:colcon.colcon_core.package_identification:_identify(Development/python_resources/qcar2/hardware/applications/point_cloud_generation) by extension 'ignore'
[1.434s] Level 1:colcon.colcon_core.package_identification:_identify(Development/python_resources/qcar2/hardware/applications/point_cloud_generation) by extension 'ignore_ament_install'
[1.434s] Level 1:colcon.colcon_core.package_identification:_identify(Development/python_resources/qcar2/hardware/applications/point_cloud_generation) by extensions ['colcon_pkg']
[1.434s] Level 1:colcon.colcon_core.package_identification:_identify(Development/python_resources/qcar2/hardware/applications/point_cloud_generation) by extension 'colcon_pkg'
[1.434s] Level 1:colcon.colcon_core.package_identification:_identify(Development/python_resources/qcar2/hardware/applications/point_cloud_generation) by extensions ['colcon_meta']
[1.434s] Level 1:colcon.colcon_core.package_identification:_identify(Development/python_resources/qcar2/hardware/applications/point_cloud_generation) by extension 'colcon_meta'
[1.434s] Level 1:colcon.colcon_core.package_identification:_identify(Development/python_resources/qcar2/hardware/applications/point_cloud_generation) by extensions ['ros']
[1.434s] Level 1:colcon.colcon_core.package_identification:_identify(Development/python_resources/qcar2/hardware/applications/point_cloud_generation) by extension 'ros'
[1.434s] Level 1:colcon.colcon_core.package_identification:_identify(Development/python_resources/qcar2/hardware/applications/point_cloud_generation) by extensions ['cmake', 'python']
[1.434s] Level 1:colcon.colcon_core.package_identification:_identify(Development/python_resources/qcar2/hardware/applications/point_cloud_generation) by extension 'cmake'
[1.434s] Level 1:colcon.colcon_core.package_identification:_identify(Development/python_resources/qcar2/hardware/applications/point_cloud_generation) by extension 'python'
[1.434s] Level 1:colcon.colcon_core.package_identification:_identify(Development/python_resources/qcar2/hardware/applications/point_cloud_generation) by extensions ['python_setup_py']
[1.434s] Level 1:colcon.colcon_core.package_identification:_identify(Development/python_resources/qcar2/hardware/applications/point_cloud_generation) by extension 'python_setup_py'
[1.434s] Level 1:colcon.colcon_core.package_identification:_identify(Development/python_resources/qcar2/hardware/applications/rgbd_imaging) by extensions ['ignore', 'ignore_ament_install']
[1.434s] Level 1:colcon.colcon_core.package_identification:_identify(Development/python_resources/qcar2/hardware/applications/rgbd_imaging) by extension 'ignore'
[1.434s] Level 1:colcon.colcon_core.package_identification:_identify(Development/python_resources/qcar2/hardware/applications/rgbd_imaging) by extension 'ignore_ament_install'
[1.434s] Level 1:colcon.colcon_core.package_identification:_identify(Development/python_resources/qcar2/hardware/applications/rgbd_imaging) by extensions ['colcon_pkg']
[1.434s] Level 1:colcon.colcon_core.package_identification:_identify(Development/python_resources/qcar2/hardware/applications/rgbd_imaging) by extension 'colcon_pkg'
[1.434s] Level 1:colcon.colcon_core.package_identification:_identify(Development/python_resources/qcar2/hardware/applications/rgbd_imaging) by extensions ['colcon_meta']
[1.434s] Level 1:colcon.colcon_core.package_identification:_identify(Development/python_resources/qcar2/hardware/applications/rgbd_imaging) by extension 'colcon_meta'
[1.434s] Level 1:colcon.colcon_core.package_identification:_identify(Development/python_resources/qcar2/hardware/applications/rgbd_imaging) by extensions ['ros']
[1.434s] Level 1:colcon.colcon_core.package_identification:_identify(Development/python_resources/qcar2/hardware/applications/rgbd_imaging) by extension 'ros'
[1.434s] Level 1:colcon.colcon_core.package_identification:_identify(Development/python_resources/qcar2/hardware/applications/rgbd_imaging) by extensions ['cmake', 'python']
[1.434s] Level 1:colcon.colcon_core.package_identification:_identify(Development/python_resources/qcar2/hardware/applications/rgbd_imaging) by extension 'cmake'
[1.434s] Level 1:colcon.colcon_core.package_identification:_identify(Development/python_resources/qcar2/hardware/applications/rgbd_imaging) by extension 'python'
[1.434s] Level 1:colcon.colcon_core.package_identification:_identify(Development/python_resources/qcar2/hardware/applications/rgbd_imaging) by extensions ['python_setup_py']
[1.434s] Level 1:colcon.colcon_core.package_identification:_identify(Development/python_resources/qcar2/hardware/applications/rgbd_imaging) by extension 'python_setup_py'
[1.434s] Level 1:colcon.colcon_core.package_identification:_identify(Development/python_resources/qcar2/hardware/applications/yolo) by extensions ['ignore', 'ignore_ament_install']
[1.434s] Level 1:colcon.colcon_core.package_identification:_identify(Development/python_resources/qcar2/hardware/applications/yolo) by extension 'ignore'
[1.434s] Level 1:colcon.colcon_core.package_identification:_identify(Development/python_resources/qcar2/hardware/applications/yolo) by extension 'ignore_ament_install'
[1.435s] Level 1:colcon.colcon_core.package_identification:_identify(Development/python_resources/qcar2/hardware/applications/yolo) by extensions ['colcon_pkg']
[1.435s] Level 1:colcon.colcon_core.package_identification:_identify(Development/python_resources/qcar2/hardware/applications/yolo) by extension 'colcon_pkg'
[1.435s] Level 1:colcon.colcon_core.package_identification:_identify(Development/python_resources/qcar2/hardware/applications/yolo) by extensions ['colcon_meta']
[1.435s] Level 1:colcon.colcon_core.package_identification:_identify(Development/python_resources/qcar2/hardware/applications/yolo) by extension 'colcon_meta'
[1.435s] Level 1:colcon.colcon_core.package_identification:_identify(Development/python_resources/qcar2/hardware/applications/yolo) by extensions ['ros']
[1.435s] Level 1:colcon.colcon_core.package_identification:_identify(Development/python_resources/qcar2/hardware/applications/yolo) by extension 'ros'
[1.435s] Level 1:colcon.colcon_core.package_identification:_identify(Development/python_resources/qcar2/hardware/applications/yolo) by extensions ['cmake', 'python']
[1.435s] Level 1:colcon.colcon_core.package_identification:_identify(Development/python_resources/qcar2/hardware/applications/yolo) by extension 'cmake'
[1.435s] Level 1:colcon.colcon_core.package_identification:_identify(Development/python_resources/qcar2/hardware/applications/yolo) by extension 'python'
[1.435s] Level 1:colcon.colcon_core.package_identification:_identify(Development/python_resources/qcar2/hardware/applications/yolo) by extensions ['python_setup_py']
[1.435s] Level 1:colcon.colcon_core.package_identification:_identify(Development/python_resources/qcar2/hardware/applications/yolo) by extension 'python_setup_py'
[1.435s] Level 1:colcon.colcon_core.package_identification:_identify(Development/python_resources/qcar2/hardware/hardware_tests) by extensions ['ignore', 'ignore_ament_install']
[1.435s] Level 1:colcon.colcon_core.package_identification:_identify(Development/python_resources/qcar2/hardware/hardware_tests) by extension 'ignore'
[1.435s] Level 1:colcon.colcon_core.package_identification:_identify(Development/python_resources/qcar2/hardware/hardware_tests) by extension 'ignore_ament_install'
[1.435s] Level 1:colcon.colcon_core.package_identification:_identify(Development/python_resources/qcar2/hardware/hardware_tests) by extensions ['colcon_pkg']
[1.435s] Level 1:colcon.colcon_core.package_identification:_identify(Development/python_resources/qcar2/hardware/hardware_tests) by extension 'colcon_pkg'
[1.435s] Level 1:colcon.colcon_core.package_identification:_identify(Development/python_resources/qcar2/hardware/hardware_tests) by extensions ['colcon_meta']
[1.435s] Level 1:colcon.colcon_core.package_identification:_identify(Development/python_resources/qcar2/hardware/hardware_tests) by extension 'colcon_meta'
[1.435s] Level 1:colcon.colcon_core.package_identification:_identify(Development/python_resources/qcar2/hardware/hardware_tests) by extensions ['ros']
[1.435s] Level 1:colcon.colcon_core.package_identification:_identify(Development/python_resources/qcar2/hardware/hardware_tests) by extension 'ros'
[1.435s] Level 1:colcon.colcon_core.package_identification:_identify(Development/python_resources/qcar2/hardware/hardware_tests) by extensions ['cmake', 'python']
[1.435s] Level 1:colcon.colcon_core.package_identification:_identify(Development/python_resources/qcar2/hardware/hardware_tests) by extension 'cmake'
[1.435s] Level 1:colcon.colcon_core.package_identification:_identify(Development/python_resources/qcar2/hardware/hardware_tests) by extension 'python'
[1.435s] Level 1:colcon.colcon_core.package_identification:_identify(Development/python_resources/qcar2/hardware/hardware_tests) by extensions ['python_setup_py']
[1.435s] Level 1:colcon.colcon_core.package_identification:_identify(Development/python_resources/qcar2/hardware/hardware_tests) by extension 'python_setup_py'
[1.435s] Level 1:colcon.colcon_core.package_identification:_identify(Development/python_resources/qcar2/virtual) by extensions ['ignore', 'ignore_ament_install']
[1.435s] Level 1:colcon.colcon_core.package_identification:_identify(Development/python_resources/qcar2/virtual) by extension 'ignore'
[1.435s] Level 1:colcon.colcon_core.package_identification:_identify(Development/python_resources/qcar2/virtual) by extension 'ignore_ament_install'
[1.435s] Level 1:colcon.colcon_core.package_identification:_identify(Development/python_resources/qcar2/virtual) by extensions ['colcon_pkg']
[1.435s] Level 1:colcon.colcon_core.package_identification:_identify(Development/python_resources/qcar2/virtual) by extension 'colcon_pkg'
[1.435s] Level 1:colcon.colcon_core.package_identification:_identify(Development/python_resources/qcar2/virtual) by extensions ['colcon_meta']
[1.435s] Level 1:colcon.colcon_core.package_identification:_identify(Development/python_resources/qcar2/virtual) by extension 'colcon_meta'
[1.435s] Level 1:colcon.colcon_core.package_identification:_identify(Development/python_resources/qcar2/virtual) by extensions ['ros']
[1.435s] Level 1:colcon.colcon_core.package_identification:_identify(Development/python_resources/qcar2/virtual) by extension 'ros'
[1.435s] Level 1:colcon.colcon_core.package_identification:_identify(Development/python_resources/qcar2/virtual) by extensions ['cmake', 'python']
[1.435s] Level 1:colcon.colcon_core.package_identification:_identify(Development/python_resources/qcar2/virtual) by extension 'cmake'
[1.435s] Level 1:colcon.colcon_core.package_identification:_identify(Development/python_resources/qcar2/virtual) by extension 'python'
[1.435s] Level 1:colcon.colcon_core.package_identification:_identify(Development/python_resources/qcar2/virtual) by extensions ['python_setup_py']
[1.435s] Level 1:colcon.colcon_core.package_identification:_identify(Development/python_resources/qcar2/virtual) by extension 'python_setup_py'
[1.436s] Level 1:colcon.colcon_core.package_identification:_identify(Development/python_resources/qcar2/virtual/applications) by extensions ['ignore', 'ignore_ament_install']
[1.436s] Level 1:colcon.colcon_core.package_identification:_identify(Development/python_resources/qcar2/virtual/applications) by extension 'ignore'
[1.436s] Level 1:colcon.colcon_core.package_identification:_identify(Development/python_resources/qcar2/virtual/applications) by extension 'ignore_ament_install'
[1.436s] Level 1:colcon.colcon_core.package_identification:_identify(Development/python_resources/qcar2/virtual/applications) by extensions ['colcon_pkg']
[1.436s] Level 1:colcon.colcon_core.package_identification:_identify(Development/python_resources/qcar2/virtual/applications) by extension 'colcon_pkg'
[1.436s] Level 1:colcon.colcon_core.package_identification:_identify(Development/python_resources/qcar2/virtual/applications) by extensions ['colcon_meta']
[1.436s] Level 1:colcon.colcon_core.package_identification:_identify(Development/python_resources/qcar2/virtual/applications) by extension 'colcon_meta'
[1.436s] Level 1:colcon.colcon_core.package_identification:_identify(Development/python_resources/qcar2/virtual/applications) by extensions ['ros']
[1.436s] Level 1:colcon.colcon_core.package_identification:_identify(Development/python_resources/qcar2/virtual/applications) by extension 'ros'
[1.436s] Level 1:colcon.colcon_core.package_identification:_identify(Development/python_resources/qcar2/virtual/applications) by extensions ['cmake', 'python']
[1.436s] Level 1:colcon.colcon_core.package_identification:_identify(Development/python_resources/qcar2/virtual/applications) by extension 'cmake'
[1.436s] Level 1:colcon.colcon_core.package_identification:_identify(Development/python_resources/qcar2/virtual/applications) by extension 'python'
[1.436s] Level 1:colcon.colcon_core.package_identification:_identify(Development/python_resources/qcar2/virtual/applications) by extensions ['python_setup_py']
[1.436s] Level 1:colcon.colcon_core.package_identification:_identify(Development/python_resources/qcar2/virtual/applications) by extension 'python_setup_py'
[1.436s] Level 1:colcon.colcon_core.package_identification:_identify(Development/python_resources/qcar2/virtual/applications/360_vision) by extensions ['ignore', 'ignore_ament_install']
[1.436s] Level 1:colcon.colcon_core.package_identification:_identify(Development/python_resources/qcar2/virtual/applications/360_vision) by extension 'ignore'
[1.436s] Level 1:colcon.colcon_core.package_identification:_identify(Development/python_resources/qcar2/virtual/applications/360_vision) by extension 'ignore_ament_install'
[1.436s] Level 1:colcon.colcon_core.package_identification:_identify(Development/python_resources/qcar2/virtual/applications/360_vision) by extensions ['colcon_pkg']
[1.436s] Level 1:colcon.colcon_core.package_identification:_identify(Development/python_resources/qcar2/virtual/applications/360_vision) by extension 'colcon_pkg'
[1.436s] Level 1:colcon.colcon_core.package_identification:_identify(Development/python_resources/qcar2/virtual/applications/360_vision) by extensions ['colcon_meta']
[1.436s] Level 1:colcon.colcon_core.package_identification:_identify(Development/python_resources/qcar2/virtual/applications/360_vision) by extension 'colcon_meta'
[1.436s] Level 1:colcon.colcon_core.package_identification:_identify(Development/python_resources/qcar2/virtual/applications/360_vision) by extensions ['ros']
[1.436s] Level 1:colcon.colcon_core.package_identification:_identify(Development/python_resources/qcar2/virtual/applications/360_vision) by extension 'ros'
[1.436s] Level 1:colcon.colcon_core.package_identification:_identify(Development/python_resources/qcar2/virtual/applications/360_vision) by extensions ['cmake', 'python']
[1.436s] Level 1:colcon.colcon_core.package_identification:_identify(Development/python_resources/qcar2/virtual/applications/360_vision) by extension 'cmake'
[1.436s] Level 1:colcon.colcon_core.package_identification:_identify(Development/python_resources/qcar2/virtual/applications/360_vision) by extension 'python'
[1.436s] Level 1:colcon.colcon_core.package_identification:_identify(Development/python_resources/qcar2/virtual/applications/360_vision) by extensions ['python_setup_py']
[1.436s] Level 1:colcon.colcon_core.package_identification:_identify(Development/python_resources/qcar2/virtual/applications/360_vision) by extension 'python_setup_py'
[1.436s] Level 1:colcon.colcon_core.package_identification:_identify(Development/python_resources/qcar2/virtual/applications/lane_following) by extensions ['ignore', 'ignore_ament_install']
[1.436s] Level 1:colcon.colcon_core.package_identification:_identify(Development/python_resources/qcar2/virtual/applications/lane_following) by extension 'ignore'
[1.436s] Level 1:colcon.colcon_core.package_identification:_identify(Development/python_resources/qcar2/virtual/applications/lane_following) by extension 'ignore_ament_install'
[1.436s] Level 1:colcon.colcon_core.package_identification:_identify(Development/python_resources/qcar2/virtual/applications/lane_following) by extensions ['colcon_pkg']
[1.436s] Level 1:colcon.colcon_core.package_identification:_identify(Development/python_resources/qcar2/virtual/applications/lane_following) by extension 'colcon_pkg'
[1.436s] Level 1:colcon.colcon_core.package_identification:_identify(Development/python_resources/qcar2/virtual/applications/lane_following) by extensions ['colcon_meta']
[1.436s] Level 1:colcon.colcon_core.package_identification:_identify(Development/python_resources/qcar2/virtual/applications/lane_following) by extension 'colcon_meta'
[1.436s] Level 1:colcon.colcon_core.package_identification:_identify(Development/python_resources/qcar2/virtual/applications/lane_following) by extensions ['ros']
[1.437s] Level 1:colcon.colcon_core.package_identification:_identify(Development/python_resources/qcar2/virtual/applications/lane_following) by extension 'ros'
[1.437s] Level 1:colcon.colcon_core.package_identification:_identify(Development/python_resources/qcar2/virtual/applications/lane_following) by extensions ['cmake', 'python']
[1.437s] Level 1:colcon.colcon_core.package_identification:_identify(Development/python_resources/qcar2/virtual/applications/lane_following) by extension 'cmake'
[1.437s] Level 1:colcon.colcon_core.package_identification:_identify(Development/python_resources/qcar2/virtual/applications/lane_following) by extension 'python'
[1.437s] Level 1:colcon.colcon_core.package_identification:_identify(Development/python_resources/qcar2/virtual/applications/lane_following) by extensions ['python_setup_py']
[1.437s] Level 1:colcon.colcon_core.package_identification:_identify(Development/python_resources/qcar2/virtual/applications/lane_following) by extension 'python_setup_py'
[1.437s] Level 1:colcon.colcon_core.package_identification:_identify(Development/python_resources/qcar2/virtual/applications/manual_drive) by extensions ['ignore', 'ignore_ament_install']
[1.437s] Level 1:colcon.colcon_core.package_identification:_identify(Development/python_resources/qcar2/virtual/applications/manual_drive) by extension 'ignore'
[1.437s] Level 1:colcon.colcon_core.package_identification:_identify(Development/python_resources/qcar2/virtual/applications/manual_drive) by extension 'ignore_ament_install'
[1.437s] Level 1:colcon.colcon_core.package_identification:_identify(Development/python_resources/qcar2/virtual/applications/manual_drive) by extensions ['colcon_pkg']
[1.437s] Level 1:colcon.colcon_core.package_identification:_identify(Development/python_resources/qcar2/virtual/applications/manual_drive) by extension 'colcon_pkg'
[1.437s] Level 1:colcon.colcon_core.package_identification:_identify(Development/python_resources/qcar2/virtual/applications/manual_drive) by extensions ['colcon_meta']
[1.437s] Level 1:colcon.colcon_core.package_identification:_identify(Development/python_resources/qcar2/virtual/applications/manual_drive) by extension 'colcon_meta'
[1.437s] Level 1:colcon.colcon_core.package_identification:_identify(Development/python_resources/qcar2/virtual/applications/manual_drive) by extensions ['ros']
[1.437s] Level 1:colcon.colcon_core.package_identification:_identify(Development/python_resources/qcar2/virtual/applications/manual_drive) by extension 'ros'
[1.437s] Level 1:colcon.colcon_core.package_identification:_identify(Development/python_resources/qcar2/virtual/applications/manual_drive) by extensions ['cmake', 'python']
[1.437s] Level 1:colcon.colcon_core.package_identification:_identify(Development/python_resources/qcar2/virtual/applications/manual_drive) by extension 'cmake'
[1.437s] Level 1:colcon.colcon_core.package_identification:_identify(Development/python_resources/qcar2/virtual/applications/manual_drive) by extension 'python'
[1.437s] Level 1:colcon.colcon_core.package_identification:_identify(Development/python_resources/qcar2/virtual/applications/manual_drive) by extensions ['python_setup_py']
[1.437s] Level 1:colcon.colcon_core.package_identification:_identify(Development/python_resources/qcar2/virtual/applications/manual_drive) by extension 'python_setup_py'
[1.437s] Level 1:colcon.colcon_core.package_identification:_identify(Development/python_resources/qcar2/virtual/applications/point_cloud_generation) by extensions ['ignore', 'ignore_ament_install']
[1.437s] Level 1:colcon.colcon_core.package_identification:_identify(Development/python_resources/qcar2/virtual/applications/point_cloud_generation) by extension 'ignore'
[1.437s] Level 1:colcon.colcon_core.package_identification:_identify(Development/python_resources/qcar2/virtual/applications/point_cloud_generation) by extension 'ignore_ament_install'
[1.437s] Level 1:colcon.colcon_core.package_identification:_identify(Development/python_resources/qcar2/virtual/applications/point_cloud_generation) by extensions ['colcon_pkg']
[1.437s] Level 1:colcon.colcon_core.package_identification:_identify(Development/python_resources/qcar2/virtual/applications/point_cloud_generation) by extension 'colcon_pkg'
[1.437s] Level 1:colcon.colcon_core.package_identification:_identify(Development/python_resources/qcar2/virtual/applications/point_cloud_generation) by extensions ['colcon_meta']
[1.437s] Level 1:colcon.colcon_core.package_identification:_identify(Development/python_resources/qcar2/virtual/applications/point_cloud_generation) by extension 'colcon_meta'
[1.437s] Level 1:colcon.colcon_core.package_identification:_identify(Development/python_resources/qcar2/virtual/applications/point_cloud_generation) by extensions ['ros']
[1.437s] Level 1:colcon.colcon_core.package_identification:_identify(Development/python_resources/qcar2/virtual/applications/point_cloud_generation) by extension 'ros'
[1.437s] Level 1:colcon.colcon_core.package_identification:_identify(Development/python_resources/qcar2/virtual/applications/point_cloud_generation) by extensions ['cmake', 'python']
[1.437s] Level 1:colcon.colcon_core.package_identification:_identify(Development/python_resources/qcar2/virtual/applications/point_cloud_generation) by extension 'cmake'
[1.437s] Level 1:colcon.colcon_core.package_identification:_identify(Development/python_resources/qcar2/virtual/applications/point_cloud_generation) by extension 'python'
[1.438s] Level 1:colcon.colcon_core.package_identification:_identify(Development/python_resources/qcar2/virtual/applications/point_cloud_generation) by extensions ['python_setup_py']
[1.438s] Level 1:colcon.colcon_core.package_identification:_identify(Development/python_resources/qcar2/virtual/applications/point_cloud_generation) by extension 'python_setup_py'
[1.438s] Level 1:colcon.colcon_core.package_identification:_identify(Development/python_resources/qcar2/virtual/applications/rgbd_imaging) by extensions ['ignore', 'ignore_ament_install']
[1.438s] Level 1:colcon.colcon_core.package_identification:_identify(Development/python_resources/qcar2/virtual/applications/rgbd_imaging) by extension 'ignore'
[1.438s] Level 1:colcon.colcon_core.package_identification:_identify(Development/python_resources/qcar2/virtual/applications/rgbd_imaging) by extension 'ignore_ament_install'
[1.438s] Level 1:colcon.colcon_core.package_identification:_identify(Development/python_resources/qcar2/virtual/applications/rgbd_imaging) by extensions ['colcon_pkg']
[1.438s] Level 1:colcon.colcon_core.package_identification:_identify(Development/python_resources/qcar2/virtual/applications/rgbd_imaging) by extension 'colcon_pkg'
[1.438s] Level 1:colcon.colcon_core.package_identification:_identify(Development/python_resources/qcar2/virtual/applications/rgbd_imaging) by extensions ['colcon_meta']
[1.438s] Level 1:colcon.colcon_core.package_identification:_identify(Development/python_resources/qcar2/virtual/applications/rgbd_imaging) by extension 'colcon_meta'
[1.438s] Level 1:colcon.colcon_core.package_identification:_identify(Development/python_resources/qcar2/virtual/applications/rgbd_imaging) by extensions ['ros']
[1.438s] Level 1:colcon.colcon_core.package_identification:_identify(Development/python_resources/qcar2/virtual/applications/rgbd_imaging) by extension 'ros'
[1.438s] Level 1:colcon.colcon_core.package_identification:_identify(Development/python_resources/qcar2/virtual/applications/rgbd_imaging) by extensions ['cmake', 'python']
[1.438s] Level 1:colcon.colcon_core.package_identification:_identify(Development/python_resources/qcar2/virtual/applications/rgbd_imaging) by extension 'cmake'
[1.438s] Level 1:colcon.colcon_core.package_identification:_identify(Development/python_resources/qcar2/virtual/applications/rgbd_imaging) by extension 'python'
[1.438s] Level 1:colcon.colcon_core.package_identification:_identify(Development/python_resources/qcar2/virtual/applications/rgbd_imaging) by extensions ['python_setup_py']
[1.438s] Level 1:colcon.colcon_core.package_identification:_identify(Development/python_resources/qcar2/virtual/applications/rgbd_imaging) by extension 'python_setup_py'
[1.438s] Level 1:colcon.colcon_core.package_identification:_identify(Development/python_resources/qcar2/virtual/hardware_tests) by extensions ['ignore', 'ignore_ament_install']
[1.438s] Level 1:colcon.colcon_core.package_identification:_identify(Development/python_resources/qcar2/virtual/hardware_tests) by extension 'ignore'
[1.438s] Level 1:colcon.colcon_core.package_identification:_identify(Development/python_resources/qcar2/virtual/hardware_tests) by extension 'ignore_ament_install'
[1.438s] Level 1:colcon.colcon_core.package_identification:_identify(Development/python_resources/qcar2/virtual/hardware_tests) by extensions ['colcon_pkg']
[1.438s] Level 1:colcon.colcon_core.package_identification:_identify(Development/python_resources/qcar2/virtual/hardware_tests) by extension 'colcon_pkg'
[1.438s] Level 1:colcon.colcon_core.package_identification:_identify(Development/python_resources/qcar2/virtual/hardware_tests) by extensions ['colcon_meta']
[1.438s] Level 1:colcon.colcon_core.package_identification:_identify(Development/python_resources/qcar2/virtual/hardware_tests) by extension 'colcon_meta'
[1.438s] Level 1:colcon.colcon_core.package_identification:_identify(Development/python_resources/qcar2/virtual/hardware_tests) by extensions ['ros']
[1.438s] Level 1:colcon.colcon_core.package_identification:_identify(Development/python_resources/qcar2/virtual/hardware_tests) by extension 'ros'
[1.438s] Level 1:colcon.colcon_core.package_identification:_identify(Development/python_resources/qcar2/virtual/hardware_tests) by extensions ['cmake', 'python']
[1.438s] Level 1:colcon.colcon_core.package_identification:_identify(Development/python_resources/qcar2/virtual/hardware_tests) by extension 'cmake'
[1.438s] Level 1:colcon.colcon_core.package_identification:_identify(Development/python_resources/qcar2/virtual/hardware_tests) by extension 'python'
[1.438s] Level 1:colcon.colcon_core.package_identification:_identify(Development/python_resources/qcar2/virtual/hardware_tests) by extensions ['python_setup_py']
[1.438s] Level 1:colcon.colcon_core.package_identification:_identify(Development/python_resources/qcar2/virtual/hardware_tests) by extension 'python_setup_py'
[1.439s] Level 1:colcon.colcon_core.package_identification:_identify(Development/python_resources/roadmap) by extensions ['ignore', 'ignore_ament_install']
[1.439s] Level 1:colcon.colcon_core.package_identification:_identify(Development/python_resources/roadmap) by extension 'ignore'
[1.439s] Level 1:colcon.colcon_core.package_identification:_identify(Development/python_resources/roadmap) by extension 'ignore_ament_install'
[1.439s] Level 1:colcon.colcon_core.package_identification:_identify(Development/python_resources/roadmap) by extensions ['colcon_pkg']
[1.439s] Level 1:colcon.colcon_core.package_identification:_identify(Development/python_resources/roadmap) by extension 'colcon_pkg'
[1.439s] Level 1:colcon.colcon_core.package_identification:_identify(Development/python_resources/roadmap) by extensions ['colcon_meta']
[1.439s] Level 1:colcon.colcon_core.package_identification:_identify(Development/python_resources/roadmap) by extension 'colcon_meta'
[1.439s] Level 1:colcon.colcon_core.package_identification:_identify(Development/python_resources/roadmap) by extensions ['ros']
[1.439s] Level 1:colcon.colcon_core.package_identification:_identify(Development/python_resources/roadmap) by extension 'ros'
[1.439s] Level 1:colcon.colcon_core.package_identification:_identify(Development/python_resources/roadmap) by extensions ['cmake', 'python']
[1.439s] Level 1:colcon.colcon_core.package_identification:_identify(Development/python_resources/roadmap) by extension 'cmake'
[1.439s] Level 1:colcon.colcon_core.package_identification:_identify(Development/python_resources/roadmap) by extension 'python'
[1.439s] Level 1:colcon.colcon_core.package_identification:_identify(Development/python_resources/roadmap) by extensions ['python_setup_py']
[1.439s] Level 1:colcon.colcon_core.package_identification:_identify(Development/python_resources/roadmap) by extension 'python_setup_py'
[1.439s] Level 1:colcon.colcon_core.package_identification:_identify(Development/python_resources/traffic_light) by extensions ['ignore', 'ignore_ament_install']
[1.439s] Level 1:colcon.colcon_core.package_identification:_identify(Development/python_resources/traffic_light) by extension 'ignore'
[1.439s] Level 1:colcon.colcon_core.package_identification:_identify(Development/python_resources/traffic_light) by extension 'ignore_ament_install'
[1.439s] Level 1:colcon.colcon_core.package_identification:_identify(Development/python_resources/traffic_light) by extensions ['colcon_pkg']
[1.439s] Level 1:colcon.colcon_core.package_identification:_identify(Development/python_resources/traffic_light) by extension 'colcon_pkg'
[1.439s] Level 1:colcon.colcon_core.package_identification:_identify(Development/python_resources/traffic_light) by extensions ['colcon_meta']
[1.439s] Level 1:colcon.colcon_core.package_identification:_identify(Development/python_resources/traffic_light) by extension 'colcon_meta'
[1.439s] Level 1:colcon.colcon_core.package_identification:_identify(Development/python_resources/traffic_light) by extensions ['ros']
[1.439s] Level 1:colcon.colcon_core.package_identification:_identify(Development/python_resources/traffic_light) by extension 'ros'
[1.439s] Level 1:colcon.colcon_core.package_identification:_identify(Development/python_resources/traffic_light) by extensions ['cmake', 'python']
[1.439s] Level 1:colcon.colcon_core.package_identification:_identify(Development/python_resources/traffic_light) by extension 'cmake'
[1.439s] Level 1:colcon.colcon_core.package_identification:_identify(Development/python_resources/traffic_light) by extension 'python'
[1.439s] Level 1:colcon.colcon_core.package_identification:_identify(Development/python_resources/traffic_light) by extensions ['python_setup_py']
[1.439s] Level 1:colcon.colcon_core.package_identification:_identify(Development/python_resources/traffic_light) by extension 'python_setup_py'
[1.440s] Level 1:colcon.colcon_core.package_identification:_identify(Development/ros2) by extensions ['ignore', 'ignore_ament_install']
[1.440s] Level 1:colcon.colcon_core.package_identification:_identify(Development/ros2) by extension 'ignore'
[1.440s] Level 1:colcon.colcon_core.package_identification:_identify(Development/ros2) by extension 'ignore_ament_install'
[1.440s] Level 1:colcon.colcon_core.package_identification:_identify(Development/ros2) by extensions ['colcon_pkg']
[1.440s] Level 1:colcon.colcon_core.package_identification:_identify(Development/ros2) by extension 'colcon_pkg'
[1.440s] Level 1:colcon.colcon_core.package_identification:_identify(Development/ros2) by extensions ['colcon_meta']
[1.440s] Level 1:colcon.colcon_core.package_identification:_identify(Development/ros2) by extension 'colcon_meta'
[1.440s] Level 1:colcon.colcon_core.package_identification:_identify(Development/ros2) by extensions ['ros']
[1.440s] Level 1:colcon.colcon_core.package_identification:_identify(Development/ros2) by extension 'ros'
[1.440s] Level 1:colcon.colcon_core.package_identification:_identify(Development/ros2) by extensions ['cmake', 'python']
[1.440s] Level 1:colcon.colcon_core.package_identification:_identify(Development/ros2) by extension 'cmake'
[1.440s] Level 1:colcon.colcon_core.package_identification:_identify(Development/ros2) by extension 'python'
[1.440s] Level 1:colcon.colcon_core.package_identification:_identify(Development/ros2) by extensions ['python_setup_py']
[1.440s] Level 1:colcon.colcon_core.package_identification:_identify(Development/ros2) by extension 'python_setup_py'
[1.440s] Level 1:colcon.colcon_core.package_identification:_identify(Development/ros2/build) by extensions ['ignore', 'ignore_ament_install']
[1.440s] Level 1:colcon.colcon_core.package_identification:_identify(Development/ros2/build) by extension 'ignore'
[1.440s] Level 1:colcon.colcon_core.package_identification:_identify(Development/ros2/build) ignored
[1.440s] Level 1:colcon.colcon_core.package_identification:_identify(Development/ros2/install) by extensions ['ignore', 'ignore_ament_install']
[1.440s] Level 1:colcon.colcon_core.package_identification:_identify(Development/ros2/install) by extension 'ignore'
[1.440s] Level 1:colcon.colcon_core.package_identification:_identify(Development/ros2/install) ignored
[1.440s] Level 1:colcon.colcon_core.package_identification:_identify(Development/ros2/log) by extensions ['ignore', 'ignore_ament_install']
[1.440s] Level 1:colcon.colcon_core.package_identification:_identify(Development/ros2/log) by extension 'ignore'
[1.440s] Level 1:colcon.colcon_core.package_identification:_identify(Development/ros2/log) ignored
[1.441s] Level 1:colcon.colcon_core.package_identification:_identify(Development/ros2/src) by extensions ['ignore', 'ignore_ament_install']
[1.441s] Level 1:colcon.colcon_core.package_identification:_identify(Development/ros2/src) by extension 'ignore'
[1.441s] Level 1:colcon.colcon_core.package_identification:_identify(Development/ros2/src) by extension 'ignore_ament_install'
[1.441s] Level 1:colcon.colcon_core.package_identification:_identify(Development/ros2/src) by extensions ['colcon_pkg']
[1.441s] Level 1:colcon.colcon_core.package_identification:_identify(Development/ros2/src) by extension 'colcon_pkg'
[1.441s] Level 1:colcon.colcon_core.package_identification:_identify(Development/ros2/src) by extensions ['colcon_meta']
[1.441s] Level 1:colcon.colcon_core.package_identification:_identify(Development/ros2/src) by extension 'colcon_meta'
[1.441s] Level 1:colcon.colcon_core.package_identification:_identify(Development/ros2/src) by extensions ['ros']
[1.441s] Level 1:colcon.colcon_core.package_identification:_identify(Development/ros2/src) by extension 'ros'
[1.441s] Level 1:colcon.colcon_core.package_identification:_identify(Development/ros2/src) by extensions ['cmake', 'python']
[1.441s] Level 1:colcon.colcon_core.package_identification:_identify(Development/ros2/src) by extension 'cmake'
[1.441s] Level 1:colcon.colcon_core.package_identification:_identify(Development/ros2/src) by extension 'python'
[1.441s] Level 1:colcon.colcon_core.package_identification:_identify(Development/ros2/src) by extensions ['python_setup_py']
[1.441s] Level 1:colcon.colcon_core.package_identification:_identify(Development/ros2/src) by extension 'python_setup_py'
[1.441s] Level 1:colcon.colcon_core.package_identification:_identify(Development/ros2/src/log) by extensions ['ignore', 'ignore_ament_install']
[1.441s] Level 1:colcon.colcon_core.package_identification:_identify(Development/ros2/src/log) by extension 'ignore'
[1.441s] Level 1:colcon.colcon_core.package_identification:_identify(Development/ros2/src/log) ignored
[1.441s] Level 1:colcon.colcon_core.package_identification:_identify(Development/ros2/src/qcar2_autonomy) by extensions ['ignore', 'ignore_ament_install']
[1.441s] Level 1:colcon.colcon_core.package_identification:_identify(Development/ros2/src/qcar2_autonomy) by extension 'ignore'
[1.441s] Level 1:colcon.colcon_core.package_identification:_identify(Development/ros2/src/qcar2_autonomy) by extension 'ignore_ament_install'
[1.441s] Level 1:colcon.colcon_core.package_identification:_identify(Development/ros2/src/qcar2_autonomy) by extensions ['colcon_pkg']
[1.441s] Level 1:colcon.colcon_core.package_identification:_identify(Development/ros2/src/qcar2_autonomy) by extension 'colcon_pkg'
[1.441s] Level 1:colcon.colcon_core.package_identification:_identify(Development/ros2/src/qcar2_autonomy) by extensions ['colcon_meta']
[1.441s] Level 1:colcon.colcon_core.package_identification:_identify(Development/ros2/src/qcar2_autonomy) by extension 'colcon_meta'
[1.441s] Level 1:colcon.colcon_core.package_identification:_identify(Development/ros2/src/qcar2_autonomy) by extensions ['ros']
[1.441s] Level 1:colcon.colcon_core.package_identification:_identify(Development/ros2/src/qcar2_autonomy) by extension 'ros'
[1.444s] DEBUG:colcon.colcon_core.package_identification:Package 'Development/ros2/src/qcar2_autonomy' with type 'ros.ament_python' and name 'qcar2_autonomy'
[1.444s] Level 1:colcon.colcon_core.package_identification:_identify(Development/ros2/src/qcar2_interfaces) by extensions ['ignore', 'ignore_ament_install']
[1.444s] Level 1:colcon.colcon_core.package_identification:_identify(Development/ros2/src/qcar2_interfaces) by extension 'ignore'
[1.444s] Level 1:colcon.colcon_core.package_identification:_identify(Development/ros2/src/qcar2_interfaces) by extension 'ignore_ament_install'
[1.444s] Level 1:colcon.colcon_core.package_identification:_identify(Development/ros2/src/qcar2_interfaces) by extensions ['colcon_pkg']
[1.444s] Level 1:colcon.colcon_core.package_identification:_identify(Development/ros2/src/qcar2_interfaces) by extension 'colcon_pkg'
[1.444s] Level 1:colcon.colcon_core.package_identification:_identify(Development/ros2/src/qcar2_interfaces) by extensions ['colcon_meta']
[1.444s] Level 1:colcon.colcon_core.package_identification:_identify(Development/ros2/src/qcar2_interfaces) by extension 'colcon_meta'
[1.444s] Level 1:colcon.colcon_core.package_identification:_identify(Development/ros2/src/qcar2_interfaces) by extensions ['ros']
[1.444s] Level 1:colcon.colcon_core.package_identification:_identify(Development/ros2/src/qcar2_interfaces) by extension 'ros'
[1.445s] DEBUG:colcon.colcon_core.package_identification:Package 'Development/ros2/src/qcar2_interfaces' with type 'ros.ament_cmake' and name 'qcar2_interfaces'
[1.445s] Level 1:colcon.colcon_core.package_identification:_identify(Development/ros2/src/qcar2_nodes) by extensions ['ignore', 'ignore_ament_install']
[1.445s] Level 1:colcon.colcon_core.package_identification:_identify(Development/ros2/src/qcar2_nodes) by extension 'ignore'
[1.445s] Level 1:colcon.colcon_core.package_identification:_identify(Development/ros2/src/qcar2_nodes) by extension 'ignore_ament_install'
[1.445s] Level 1:colcon.colcon_core.package_identification:_identify(Development/ros2/src/qcar2_nodes) by extensions ['colcon_pkg']
[1.445s] Level 1:colcon.colcon_core.package_identification:_identify(Development/ros2/src/qcar2_nodes) by extension 'colcon_pkg'
[1.445s] Level 1:colcon.colcon_core.package_identification:_identify(Development/ros2/src/qcar2_nodes) by extensions ['colcon_meta']
[1.445s] Level 1:colcon.colcon_core.package_identification:_identify(Development/ros2/src/qcar2_nodes) by extension 'colcon_meta'
[1.445s] Level 1:colcon.colcon_core.package_identification:_identify(Development/ros2/src/qcar2_nodes) by extensions ['ros']
[1.445s] Level 1:colcon.colcon_core.package_identification:_identify(Development/ros2/src/qcar2_nodes) by extension 'ros'
[1.446s] DEBUG:colcon.colcon_core.package_identification:Package 'Development/ros2/src/qcar2_nodes' with type 'ros.ament_cmake' and name 'qcar2_nodes'
[1.446s] Level 1:colcon.colcon_core.package_identification:_identify(Development/ros2/src/qcar2_perception) by extensions ['ignore', 'ignore_ament_install']
[1.446s] Level 1:colcon.colcon_core.package_identification:_identify(Development/ros2/src/qcar2_perception) by extension 'ignore'
[1.446s] Level 1:colcon.colcon_core.package_identification:_identify(Development/ros2/src/qcar2_perception) by extension 'ignore_ament_install'
[1.446s] Level 1:colcon.colcon_core.package_identification:_identify(Development/ros2/src/qcar2_perception) by extensions ['colcon_pkg']
[1.447s] Level 1:colcon.colcon_core.package_identification:_identify(Development/ros2/src/qcar2_perception) by extension 'colcon_pkg'
[1.447s] Level 1:colcon.colcon_core.package_identification:_identify(Development/ros2/src/qcar2_perception) by extensions ['colcon_meta']
[1.447s] Level 1:colcon.colcon_core.package_identification:_identify(Development/ros2/src/qcar2_perception) by extension 'colcon_meta'
[1.447s] Level 1:colcon.colcon_core.package_identification:_identify(Development/ros2/src/qcar2_perception) by extensions ['ros']
[1.447s] Level 1:colcon.colcon_core.package_identification:_identify(Development/ros2/src/qcar2_perception) by extension 'ros'
[1.447s] DEBUG:colcon.colcon_core.package_identification:Package 'Development/ros2/src/qcar2_perception' with type 'ros.ament_python' and name 'qcar2_perception'
[1.447s] Level 1:colcon.colcon_core.package_identification:_identify(Development/ros2/src/rtabmap) by extensions ['ignore', 'ignore_ament_install']
[1.447s] Level 1:colcon.colcon_core.package_identification:_identify(Development/ros2/src/rtabmap) by extension 'ignore'
[1.447s] Level 1:colcon.colcon_core.package_identification:_identify(Development/ros2/src/rtabmap) by extension 'ignore_ament_install'
[1.447s] Level 1:colcon.colcon_core.package_identification:_identify(Development/ros2/src/rtabmap) by extensions ['colcon_pkg']
[1.447s] Level 1:colcon.colcon_core.package_identification:_identify(Development/ros2/src/rtabmap) by extension 'colcon_pkg'
[1.448s] Level 1:colcon.colcon_core.package_identification:_identify(Development/ros2/src/rtabmap) by extensions ['colcon_meta']
[1.448s] Level 1:colcon.colcon_core.package_identification:_identify(Development/ros2/src/rtabmap) by extension 'colcon_meta'
[1.448s] Level 1:colcon.colcon_core.package_identification:_identify(Development/ros2/src/rtabmap) by extensions ['ros']
[1.448s] Level 1:colcon.colcon_core.package_identification:_identify(Development/ros2/src/rtabmap) by extension 'ros'
[1.448s] DEBUG:colcon.colcon_core.package_identification:Package 'Development/ros2/src/rtabmap' with type 'ros.cmake' and name 'rtabmap'
[1.448s] Level 1:colcon.colcon_core.package_identification:_identify(Development/ros2/src/rtabmap_ros) by extensions ['ignore', 'ignore_ament_install']
[1.449s] Level 1:colcon.colcon_core.package_identification:_identify(Development/ros2/src/rtabmap_ros) by extension 'ignore'
[1.449s] Level 1:colcon.colcon_core.package_identification:_identify(Development/ros2/src/rtabmap_ros) by extension 'ignore_ament_install'
[1.449s] Level 1:colcon.colcon_core.package_identification:_identify(Development/ros2/src/rtabmap_ros) by extensions ['colcon_pkg']
[1.449s] Level 1:colcon.colcon_core.package_identification:_identify(Development/ros2/src/rtabmap_ros) by extension 'colcon_pkg'
[1.449s] Level 1:colcon.colcon_core.package_identification:_identify(Development/ros2/src/rtabmap_ros) by extensions ['colcon_meta']
[1.449s] Level 1:colcon.colcon_core.package_identification:_identify(Development/ros2/src/rtabmap_ros) by extension 'colcon_meta'
[1.449s] Level 1:colcon.colcon_core.package_identification:_identify(Development/ros2/src/rtabmap_ros) by extensions ['ros']
[1.449s] Level 1:colcon.colcon_core.package_identification:_identify(Development/ros2/src/rtabmap_ros) by extension 'ros'
[1.449s] Level 1:colcon.colcon_core.package_identification:_identify(Development/ros2/src/rtabmap_ros) by extensions ['cmake', 'python']
[1.449s] Level 1:colcon.colcon_core.package_identification:_identify(Development/ros2/src/rtabmap_ros) by extension 'cmake'
[1.449s] Level 1:colcon.colcon_core.package_identification:_identify(Development/ros2/src/rtabmap_ros) by extension 'python'
[1.449s] Level 1:colcon.colcon_core.package_identification:_identify(Development/ros2/src/rtabmap_ros) by extensions ['python_setup_py']
[1.449s] Level 1:colcon.colcon_core.package_identification:_identify(Development/ros2/src/rtabmap_ros) by extension 'python_setup_py'
[1.449s] Level 1:colcon.colcon_core.package_identification:_identify(Development/ros2/src/rtabmap_ros/docker) by extensions ['ignore', 'ignore_ament_install']
[1.449s] Level 1:colcon.colcon_core.package_identification:_identify(Development/ros2/src/rtabmap_ros/docker) by extension 'ignore'
[1.449s] Level 1:colcon.colcon_core.package_identification:_identify(Development/ros2/src/rtabmap_ros/docker) by extension 'ignore_ament_install'
[1.449s] Level 1:colcon.colcon_core.package_identification:_identify(Development/ros2/src/rtabmap_ros/docker) by extensions ['colcon_pkg']
[1.449s] Level 1:colcon.colcon_core.package_identification:_identify(Development/ros2/src/rtabmap_ros/docker) by extension 'colcon_pkg'
[1.449s] Level 1:colcon.colcon_core.package_identification:_identify(Development/ros2/src/rtabmap_ros/docker) by extensions ['colcon_meta']
[1.449s] Level 1:colcon.colcon_core.package_identification:_identify(Development/ros2/src/rtabmap_ros/docker) by extension 'colcon_meta'
[1.449s] Level 1:colcon.colcon_core.package_identification:_identify(Development/ros2/src/rtabmap_ros/docker) by extensions ['ros']
[1.449s] Level 1:colcon.colcon_core.package_identification:_identify(Development/ros2/src/rtabmap_ros/docker) by extension 'ros'
[1.449s] Level 1:colcon.colcon_core.package_identification:_identify(Development/ros2/src/rtabmap_ros/docker) by extensions ['cmake', 'python']
[1.449s] Level 1:colcon.colcon_core.package_identification:_identify(Development/ros2/src/rtabmap_ros/docker) by extension 'cmake'
[1.449s] Level 1:colcon.colcon_core.package_identification:_identify(Development/ros2/src/rtabmap_ros/docker) by extension 'python'
[1.449s] Level 1:colcon.colcon_core.package_identification:_identify(Development/ros2/src/rtabmap_ros/docker) by extensions ['python_setup_py']
[1.449s] Level 1:colcon.colcon_core.package_identification:_identify(Development/ros2/src/rtabmap_ros/docker) by extension 'python_setup_py'
[1.449s] Level 1:colcon.colcon_core.package_identification:_identify(Development/ros2/src/rtabmap_ros/docker/foxy) by extensions ['ignore', 'ignore_ament_install']
[1.449s] Level 1:colcon.colcon_core.package_identification:_identify(Development/ros2/src/rtabmap_ros/docker/foxy) by extension 'ignore'
[1.449s] Level 1:colcon.colcon_core.package_identification:_identify(Development/ros2/src/rtabmap_ros/docker/foxy) by extension 'ignore_ament_install'
[1.450s] Level 1:colcon.colcon_core.package_identification:_identify(Development/ros2/src/rtabmap_ros/docker/foxy) by extensions ['colcon_pkg']
[1.450s] Level 1:colcon.colcon_core.package_identification:_identify(Development/ros2/src/rtabmap_ros/docker/foxy) by extension 'colcon_pkg'
[1.450s] Level 1:colcon.colcon_core.package_identification:_identify(Development/ros2/src/rtabmap_ros/docker/foxy) by extensions ['colcon_meta']
[1.450s] Level 1:colcon.colcon_core.package_identification:_identify(Development/ros2/src/rtabmap_ros/docker/foxy) by extension 'colcon_meta'
[1.450s] Level 1:colcon.colcon_core.package_identification:_identify(Development/ros2/src/rtabmap_ros/docker/foxy) by extensions ['ros']
[1.450s] Level 1:colcon.colcon_core.package_identification:_identify(Development/ros2/src/rtabmap_ros/docker/foxy) by extension 'ros'
[1.450s] Level 1:colcon.colcon_core.package_identification:_identify(Development/ros2/src/rtabmap_ros/docker/foxy) by extensions ['cmake', 'python']
[1.450s] Level 1:colcon.colcon_core.package_identification:_identify(Development/ros2/src/rtabmap_ros/docker/foxy) by extension 'cmake'
[1.450s] Level 1:colcon.colcon_core.package_identification:_identify(Development/ros2/src/rtabmap_ros/docker/foxy) by extension 'python'
[1.450s] Level 1:colcon.colcon_core.package_identification:_identify(Development/ros2/src/rtabmap_ros/docker/foxy) by extensions ['python_setup_py']
[1.450s] Level 1:colcon.colcon_core.package_identification:_identify(Development/ros2/src/rtabmap_ros/docker/foxy) by extension 'python_setup_py'
[1.450s] Level 1:colcon.colcon_core.package_identification:_identify(Development/ros2/src/rtabmap_ros/docker/foxy/latest) by extensions ['ignore', 'ignore_ament_install']
[1.450s] Level 1:colcon.colcon_core.package_identification:_identify(Development/ros2/src/rtabmap_ros/docker/foxy/latest) by extension 'ignore'
[1.450s] Level 1:colcon.colcon_core.package_identification:_identify(Development/ros2/src/rtabmap_ros/docker/foxy/latest) by extension 'ignore_ament_install'
[1.450s] Level 1:colcon.colcon_core.package_identification:_identify(Development/ros2/src/rtabmap_ros/docker/foxy/latest) by extensions ['colcon_pkg']
[1.450s] Level 1:colcon.colcon_core.package_identification:_identify(Development/ros2/src/rtabmap_ros/docker/foxy/latest) by extension 'colcon_pkg'
[1.450s] Level 1:colcon.colcon_core.package_identification:_identify(Development/ros2/src/rtabmap_ros/docker/foxy/latest) by extensions ['colcon_meta']
[1.450s] Level 1:colcon.colcon_core.package_identification:_identify(Development/ros2/src/rtabmap_ros/docker/foxy/latest) by extension 'colcon_meta'
[1.450s] Level 1:colcon.colcon_core.package_identification:_identify(Development/ros2/src/rtabmap_ros/docker/foxy/latest) by extensions ['ros']
[1.450s] Level 1:colcon.colcon_core.package_identification:_identify(Development/ros2/src/rtabmap_ros/docker/foxy/latest) by extension 'ros'
[1.450s] Level 1:colcon.colcon_core.package_identification:_identify(Development/ros2/src/rtabmap_ros/docker/foxy/latest) by extensions ['cmake', 'python']
[1.450s] Level 1:colcon.colcon_core.package_identification:_identify(Development/ros2/src/rtabmap_ros/docker/foxy/latest) by extension 'cmake'
[1.450s] Level 1:colcon.colcon_core.package_identification:_identify(Development/ros2/src/rtabmap_ros/docker/foxy/latest) by extension 'python'
[1.450s] Level 1:colcon.colcon_core.package_identification:_identify(Development/ros2/src/rtabmap_ros/docker/foxy/latest) by extensions ['python_setup_py']
[1.450s] Level 1:colcon.colcon_core.package_identification:_identify(Development/ros2/src/rtabmap_ros/docker/foxy/latest) by extension 'python_setup_py'
[1.450s] Level 1:colcon.colcon_core.package_identification:_identify(Development/ros2/src/rtabmap_ros/docker/foxy/latest/hooks) by extensions ['ignore', 'ignore_ament_install']
[1.450s] Level 1:colcon.colcon_core.package_identification:_identify(Development/ros2/src/rtabmap_ros/docker/foxy/latest/hooks) by extension 'ignore'
[1.450s] Level 1:colcon.colcon_core.package_identification:_identify(Development/ros2/src/rtabmap_ros/docker/foxy/latest/hooks) by extension 'ignore_ament_install'
[1.450s] Level 1:colcon.colcon_core.package_identification:_identify(Development/ros2/src/rtabmap_ros/docker/foxy/latest/hooks) by extensions ['colcon_pkg']
[1.450s] Level 1:colcon.colcon_core.package_identification:_identify(Development/ros2/src/rtabmap_ros/docker/foxy/latest/hooks) by extension 'colcon_pkg'
[1.450s] Level 1:colcon.colcon_core.package_identification:_identify(Development/ros2/src/rtabmap_ros/docker/foxy/latest/hooks) by extensions ['colcon_meta']
[1.450s] Level 1:colcon.colcon_core.package_identification:_identify(Development/ros2/src/rtabmap_ros/docker/foxy/latest/hooks) by extension 'colcon_meta'
[1.451s] Level 1:colcon.colcon_core.package_identification:_identify(Development/ros2/src/rtabmap_ros/docker/foxy/latest/hooks) by extensions ['ros']
[1.451s] Level 1:colcon.colcon_core.package_identification:_identify(Development/ros2/src/rtabmap_ros/docker/foxy/latest/hooks) by extension 'ros'
[1.451s] Level 1:colcon.colcon_core.package_identification:_identify(Development/ros2/src/rtabmap_ros/docker/foxy/latest/hooks) by extensions ['cmake', 'python']
[1.451s] Level 1:colcon.colcon_core.package_identification:_identify(Development/ros2/src/rtabmap_ros/docker/foxy/latest/hooks) by extension 'cmake'
[1.451s] Level 1:colcon.colcon_core.package_identification:_identify(Development/ros2/src/rtabmap_ros/docker/foxy/latest/hooks) by extension 'python'
[1.451s] Level 1:colcon.colcon_core.package_identification:_identify(Development/ros2/src/rtabmap_ros/docker/foxy/latest/hooks) by extensions ['python_setup_py']
[1.451s] Level 1:colcon.colcon_core.package_identification:_identify(Development/ros2/src/rtabmap_ros/docker/foxy/latest/hooks) by extension 'python_setup_py'
[1.451s] Level 1:colcon.colcon_core.package_identification:_identify(Development/ros2/src/rtabmap_ros/docker/humble) by extensions ['ignore', 'ignore_ament_install']
[1.451s] Level 1:colcon.colcon_core.package_identification:_identify(Development/ros2/src/rtabmap_ros/docker/humble) by extension 'ignore'
[1.451s] Level 1:colcon.colcon_core.package_identification:_identify(Development/ros2/src/rtabmap_ros/docker/humble) by extension 'ignore_ament_install'
[1.451s] Level 1:colcon.colcon_core.package_identification:_identify(Development/ros2/src/rtabmap_ros/docker/humble) by extensions ['colcon_pkg']
[1.451s] Level 1:colcon.colcon_core.package_identification:_identify(Development/ros2/src/rtabmap_ros/docker/humble) by extension 'colcon_pkg'
[1.451s] Level 1:colcon.colcon_core.package_identification:_identify(Development/ros2/src/rtabmap_ros/docker/humble) by extensions ['colcon_meta']
[1.451s] Level 1:colcon.colcon_core.package_identification:_identify(Development/ros2/src/rtabmap_ros/docker/humble) by extension 'colcon_meta'
[1.451s] Level 1:colcon.colcon_core.package_identification:_identify(Development/ros2/src/rtabmap_ros/docker/humble) by extensions ['ros']
[1.451s] Level 1:colcon.colcon_core.package_identification:_identify(Development/ros2/src/rtabmap_ros/docker/humble) by extension 'ros'
[1.451s] Level 1:colcon.colcon_core.package_identification:_identify(Development/ros2/src/rtabmap_ros/docker/humble) by extensions ['cmake', 'python']
[1.451s] Level 1:colcon.colcon_core.package_identification:_identify(Development/ros2/src/rtabmap_ros/docker/humble) by extension 'cmake'
[1.451s] Level 1:colcon.colcon_core.package_identification:_identify(Development/ros2/src/rtabmap_ros/docker/humble) by extension 'python'
[1.451s] Level 1:colcon.colcon_core.package_identification:_identify(Development/ros2/src/rtabmap_ros/docker/humble) by extensions ['python_setup_py']
[1.451s] Level 1:colcon.colcon_core.package_identification:_identify(Development/ros2/src/rtabmap_ros/docker/humble) by extension 'python_setup_py'
[1.451s] Level 1:colcon.colcon_core.package_identification:_identify(Development/ros2/src/rtabmap_ros/docker/humble/latest) by extensions ['ignore', 'ignore_ament_install']
[1.451s] Level 1:colcon.colcon_core.package_identification:_identify(Development/ros2/src/rtabmap_ros/docker/humble/latest) by extension 'ignore'
[1.451s] Level 1:colcon.colcon_core.package_identification:_identify(Development/ros2/src/rtabmap_ros/docker/humble/latest) by extension 'ignore_ament_install'
[1.451s] Level 1:colcon.colcon_core.package_identification:_identify(Development/ros2/src/rtabmap_ros/docker/humble/latest) by extensions ['colcon_pkg']
[1.451s] Level 1:colcon.colcon_core.package_identification:_identify(Development/ros2/src/rtabmap_ros/docker/humble/latest) by extension 'colcon_pkg'
[1.451s] Level 1:colcon.colcon_core.package_identification:_identify(Development/ros2/src/rtabmap_ros/docker/humble/latest) by extensions ['colcon_meta']
[1.451s] Level 1:colcon.colcon_core.package_identification:_identify(Development/ros2/src/rtabmap_ros/docker/humble/latest) by extension 'colcon_meta'
[1.451s] Level 1:colcon.colcon_core.package_identification:_identify(Development/ros2/src/rtabmap_ros/docker/humble/latest) by extensions ['ros']
[1.451s] Level 1:colcon.colcon_core.package_identification:_identify(Development/ros2/src/rtabmap_ros/docker/humble/latest) by extension 'ros'
[1.451s] Level 1:colcon.colcon_core.package_identification:_identify(Development/ros2/src/rtabmap_ros/docker/humble/latest) by extensions ['cmake', 'python']
[1.451s] Level 1:colcon.colcon_core.package_identification:_identify(Development/ros2/src/rtabmap_ros/docker/humble/latest) by extension 'cmake'
[1.452s] Level 1:colcon.colcon_core.package_identification:_identify(Development/ros2/src/rtabmap_ros/docker/humble/latest) by extension 'python'
[1.452s] Level 1:colcon.colcon_core.package_identification:_identify(Development/ros2/src/rtabmap_ros/docker/humble/latest) by extensions ['python_setup_py']
[1.452s] Level 1:colcon.colcon_core.package_identification:_identify(Development/ros2/src/rtabmap_ros/docker/humble/latest) by extension 'python_setup_py'
[1.452s] Level 1:colcon.colcon_core.package_identification:_identify(Development/ros2/src/rtabmap_ros/docker/indigo) by extensions ['ignore', 'ignore_ament_install']
[1.452s] Level 1:colcon.colcon_core.package_identification:_identify(Development/ros2/src/rtabmap_ros/docker/indigo) by extension 'ignore'
[1.452s] Level 1:colcon.colcon_core.package_identification:_identify(Development/ros2/src/rtabmap_ros/docker/indigo) by extension 'ignore_ament_install'
[1.452s] Level 1:colcon.colcon_core.package_identification:_identify(Development/ros2/src/rtabmap_ros/docker/indigo) by extensions ['colcon_pkg']
[1.452s] Level 1:colcon.colcon_core.package_identification:_identify(Development/ros2/src/rtabmap_ros/docker/indigo) by extension 'colcon_pkg'
[1.452s] Level 1:colcon.colcon_core.package_identification:_identify(Development/ros2/src/rtabmap_ros/docker/indigo) by extensions ['colcon_meta']
[1.452s] Level 1:colcon.colcon_core.package_identification:_identify(Development/ros2/src/rtabmap_ros/docker/indigo) by extension 'colcon_meta'
[1.452s] Level 1:colcon.colcon_core.package_identification:_identify(Development/ros2/src/rtabmap_ros/docker/indigo) by extensions ['ros']
[1.452s] Level 1:colcon.colcon_core.package_identification:_identify(Development/ros2/src/rtabmap_ros/docker/indigo) by extension 'ros'
[1.452s] Level 1:colcon.colcon_core.package_identification:_identify(Development/ros2/src/rtabmap_ros/docker/indigo) by extensions ['cmake', 'python']
[1.452s] Level 1:colcon.colcon_core.package_identification:_identify(Development/ros2/src/rtabmap_ros/docker/indigo) by extension 'cmake'
[1.452s] Level 1:colcon.colcon_core.package_identification:_identify(Development/ros2/src/rtabmap_ros/docker/indigo) by extension 'python'
[1.452s] Level 1:colcon.colcon_core.package_identification:_identify(Development/ros2/src/rtabmap_ros/docker/indigo) by extensions ['python_setup_py']
[1.452s] Level 1:colcon.colcon_core.package_identification:_identify(Development/ros2/src/rtabmap_ros/docker/indigo) by extension 'python_setup_py'
[1.452s] Level 1:colcon.colcon_core.package_identification:_identify(Development/ros2/src/rtabmap_ros/docker/indigo/latest) by extensions ['ignore', 'ignore_ament_install']
[1.452s] Level 1:colcon.colcon_core.package_identification:_identify(Development/ros2/src/rtabmap_ros/docker/indigo/latest) by extension 'ignore'
[1.452s] Level 1:colcon.colcon_core.package_identification:_identify(Development/ros2/src/rtabmap_ros/docker/indigo/latest) by extension 'ignore_ament_install'
[1.452s] Level 1:colcon.colcon_core.package_identification:_identify(Development/ros2/src/rtabmap_ros/docker/indigo/latest) by extensions ['colcon_pkg']
[1.452s] Level 1:colcon.colcon_core.package_identification:_identify(Development/ros2/src/rtabmap_ros/docker/indigo/latest) by extension 'colcon_pkg'
[1.452s] Level 1:colcon.colcon_core.package_identification:_identify(Development/ros2/src/rtabmap_ros/docker/indigo/latest) by extensions ['colcon_meta']
[1.452s] Level 1:colcon.colcon_core.package_identification:_identify(Development/ros2/src/rtabmap_ros/docker/indigo/latest) by extension 'colcon_meta'
[1.452s] Level 1:colcon.colcon_core.package_identification:_identify(Development/ros2/src/rtabmap_ros/docker/indigo/latest) by extensions ['ros']
[1.452s] Level 1:colcon.colcon_core.package_identification:_identify(Development/ros2/src/rtabmap_ros/docker/indigo/latest) by extension 'ros'
[1.452s] Level 1:colcon.colcon_core.package_identification:_identify(Development/ros2/src/rtabmap_ros/docker/indigo/latest) by extensions ['cmake', 'python']
[1.452s] Level 1:colcon.colcon_core.package_identification:_identify(Development/ros2/src/rtabmap_ros/docker/indigo/latest) by extension 'cmake'
[1.452s] Level 1:colcon.colcon_core.package_identification:_identify(Development/ros2/src/rtabmap_ros/docker/indigo/latest) by extension 'python'
[1.452s] Level 1:colcon.colcon_core.package_identification:_identify(Development/ros2/src/rtabmap_ros/docker/indigo/latest) by extensions ['python_setup_py']
[1.452s] Level 1:colcon.colcon_core.package_identification:_identify(Development/ros2/src/rtabmap_ros/docker/indigo/latest) by extension 'python_setup_py'
[1.452s] Level 1:colcon.colcon_core.package_identification:_identify(Development/ros2/src/rtabmap_ros/docker/indigo/latest/hooks) by extensions ['ignore', 'ignore_ament_install']
[1.453s] Level 1:colcon.colcon_core.package_identification:_identify(Development/ros2/src/rtabmap_ros/docker/indigo/latest/hooks) by extension 'ignore'
[1.453s] Level 1:colcon.colcon_core.package_identification:_identify(Development/ros2/src/rtabmap_ros/docker/indigo/latest/hooks) by extension 'ignore_ament_install'
[1.453s] Level 1:colcon.colcon_core.package_identification:_identify(Development/ros2/src/rtabmap_ros/docker/indigo/latest/hooks) by extensions ['colcon_pkg']
[1.453s] Level 1:colcon.colcon_core.package_identification:_identify(Development/ros2/src/rtabmap_ros/docker/indigo/latest/hooks) by extension 'colcon_pkg'
[1.453s] Level 1:colcon.colcon_core.package_identification:_identify(Development/ros2/src/rtabmap_ros/docker/indigo/latest/hooks) by extensions ['colcon_meta']
[1.453s] Level 1:colcon.colcon_core.package_identification:_identify(Development/ros2/src/rtabmap_ros/docker/indigo/latest/hooks) by extension 'colcon_meta'
[1.453s] Level 1:colcon.colcon_core.package_identification:_identify(Development/ros2/src/rtabmap_ros/docker/indigo/latest/hooks) by extensions ['ros']
[1.453s] Level 1:colcon.colcon_core.package_identification:_identify(Development/ros2/src/rtabmap_ros/docker/indigo/latest/hooks) by extension 'ros'
[1.453s] Level 1:colcon.colcon_core.package_identification:_identify(Development/ros2/src/rtabmap_ros/docker/indigo/latest/hooks) by extensions ['cmake', 'python']
[1.453s] Level 1:colcon.colcon_core.package_identification:_identify(Development/ros2/src/rtabmap_ros/docker/indigo/latest/hooks) by extension 'cmake'
[1.453s] Level 1:colcon.colcon_core.package_identification:_identify(Development/ros2/src/rtabmap_ros/docker/indigo/latest/hooks) by extension 'python'
[1.453s] Level 1:colcon.colcon_core.package_identification:_identify(Development/ros2/src/rtabmap_ros/docker/indigo/latest/hooks) by extensions ['python_setup_py']
[1.453s] Level 1:colcon.colcon_core.package_identification:_identify(Development/ros2/src/rtabmap_ros/docker/indigo/latest/hooks) by extension 'python_setup_py'
[1.453s] Level 1:colcon.colcon_core.package_identification:_identify(Development/ros2/src/rtabmap_ros/docker/iron) by extensions ['ignore', 'ignore_ament_install']
[1.453s] Level 1:colcon.colcon_core.package_identification:_identify(Development/ros2/src/rtabmap_ros/docker/iron) by extension 'ignore'
[1.453s] Level 1:colcon.colcon_core.package_identification:_identify(Development/ros2/src/rtabmap_ros/docker/iron) by extension 'ignore_ament_install'
[1.453s] Level 1:colcon.colcon_core.package_identification:_identify(Development/ros2/src/rtabmap_ros/docker/iron) by extensions ['colcon_pkg']
[1.453s] Level 1:colcon.colcon_core.package_identification:_identify(Development/ros2/src/rtabmap_ros/docker/iron) by extension 'colcon_pkg'
[1.453s] Level 1:colcon.colcon_core.package_identification:_identify(Development/ros2/src/rtabmap_ros/docker/iron) by extensions ['colcon_meta']
[1.453s] Level 1:colcon.colcon_core.package_identification:_identify(Development/ros2/src/rtabmap_ros/docker/iron) by extension 'colcon_meta'
[1.453s] Level 1:colcon.colcon_core.package_identification:_identify(Development/ros2/src/rtabmap_ros/docker/iron) by extensions ['ros']
[1.453s] Level 1:colcon.colcon_core.package_identification:_identify(Development/ros2/src/rtabmap_ros/docker/iron) by extension 'ros'
[1.453s] Level 1:colcon.colcon_core.package_identification:_identify(Development/ros2/src/rtabmap_ros/docker/iron) by extensions ['cmake', 'python']
[1.453s] Level 1:colcon.colcon_core.package_identification:_identify(Development/ros2/src/rtabmap_ros/docker/iron) by extension 'cmake'
[1.453s] Level 1:colcon.colcon_core.package_identification:_identify(Development/ros2/src/rtabmap_ros/docker/iron) by extension 'python'
[1.453s] Level 1:colcon.colcon_core.package_identification:_identify(Development/ros2/src/rtabmap_ros/docker/iron) by extensions ['python_setup_py']
[1.453s] Level 1:colcon.colcon_core.package_identification:_identify(Development/ros2/src/rtabmap_ros/docker/iron) by extension 'python_setup_py'
[1.453s] Level 1:colcon.colcon_core.package_identification:_identify(Development/ros2/src/rtabmap_ros/docker/iron/latest) by extensions ['ignore', 'ignore_ament_install']
[1.453s] Level 1:colcon.colcon_core.package_identification:_identify(Development/ros2/src/rtabmap_ros/docker/iron/latest) by extension 'ignore'
[1.453s] Level 1:colcon.colcon_core.package_identification:_identify(Development/ros2/src/rtabmap_ros/docker/iron/latest) by extension 'ignore_ament_install'
[1.453s] Level 1:colcon.colcon_core.package_identification:_identify(Development/ros2/src/rtabmap_ros/docker/iron/latest) by extensions ['colcon_pkg']
[1.453s] Level 1:colcon.colcon_core.package_identification:_identify(Development/ros2/src/rtabmap_ros/docker/iron/latest) by extension 'colcon_pkg'
[1.453s] Level 1:colcon.colcon_core.package_identification:_identify(Development/ros2/src/rtabmap_ros/docker/iron/latest) by extensions ['colcon_meta']
[1.453s] Level 1:colcon.colcon_core.package_identification:_identify(Development/ros2/src/rtabmap_ros/docker/iron/latest) by extension 'colcon_meta'
[1.453s] Level 1:colcon.colcon_core.package_identification:_identify(Development/ros2/src/rtabmap_ros/docker/iron/latest) by extensions ['ros']
[1.454s] Level 1:colcon.colcon_core.package_identification:_identify(Development/ros2/src/rtabmap_ros/docker/iron/latest) by extension 'ros'
[1.454s] Level 1:colcon.colcon_core.package_identification:_identify(Development/ros2/src/rtabmap_ros/docker/iron/latest) by extensions ['cmake', 'python']
[1.454s] Level 1:colcon.colcon_core.package_identification:_identify(Development/ros2/src/rtabmap_ros/docker/iron/latest) by extension 'cmake'
[1.454s] Level 1:colcon.colcon_core.package_identification:_identify(Development/ros2/src/rtabmap_ros/docker/iron/latest) by extension 'python'
[1.454s] Level 1:colcon.colcon_core.package_identification:_identify(Development/ros2/src/rtabmap_ros/docker/iron/latest) by extensions ['python_setup_py']
[1.454s] Level 1:colcon.colcon_core.package_identification:_identify(Development/ros2/src/rtabmap_ros/docker/iron/latest) by extension 'python_setup_py'
[1.454s] Level 1:colcon.colcon_core.package_identification:_identify(Development/ros2/src/rtabmap_ros/docker/jazzy) by extensions ['ignore', 'ignore_ament_install']
[1.454s] Level 1:colcon.colcon_core.package_identification:_identify(Development/ros2/src/rtabmap_ros/docker/jazzy) by extension 'ignore'
[1.454s] Level 1:colcon.colcon_core.package_identification:_identify(Development/ros2/src/rtabmap_ros/docker/jazzy) by extension 'ignore_ament_install'
[1.454s] Level 1:colcon.colcon_core.package_identification:_identify(Development/ros2/src/rtabmap_ros/docker/jazzy) by extensions ['colcon_pkg']
[1.454s] Level 1:colcon.colcon_core.package_identification:_identify(Development/ros2/src/rtabmap_ros/docker/jazzy) by extension 'colcon_pkg'
[1.454s] Level 1:colcon.colcon_core.package_identification:_identify(Development/ros2/src/rtabmap_ros/docker/jazzy) by extensions ['colcon_meta']
[1.454s] Level 1:colcon.colcon_core.package_identification:_identify(Development/ros2/src/rtabmap_ros/docker/jazzy) by extension 'colcon_meta'
[1.454s] Level 1:colcon.colcon_core.package_identification:_identify(Development/ros2/src/rtabmap_ros/docker/jazzy) by extensions ['ros']
[1.454s] Level 1:colcon.colcon_core.package_identification:_identify(Development/ros2/src/rtabmap_ros/docker/jazzy) by extension 'ros'
[1.454s] Level 1:colcon.colcon_core.package_identification:_identify(Development/ros2/src/rtabmap_ros/docker/jazzy) by extensions ['cmake', 'python']
[1.454s] Level 1:colcon.colcon_core.package_identification:_identify(Development/ros2/src/rtabmap_ros/docker/jazzy) by extension 'cmake'
[1.454s] Level 1:colcon.colcon_core.package_identification:_identify(Development/ros2/src/rtabmap_ros/docker/jazzy) by extension 'python'
[1.454s] Level 1:colcon.colcon_core.package_identification:_identify(Development/ros2/src/rtabmap_ros/docker/jazzy) by extensions ['python_setup_py']
[1.454s] Level 1:colcon.colcon_core.package_identification:_identify(Development/ros2/src/rtabmap_ros/docker/jazzy) by extension 'python_setup_py'
[1.454s] Level 1:colcon.colcon_core.package_identification:_identify(Development/ros2/src/rtabmap_ros/docker/jazzy/latest) by extensions ['ignore', 'ignore_ament_install']
[1.454s] Level 1:colcon.colcon_core.package_identification:_identify(Development/ros2/src/rtabmap_ros/docker/jazzy/latest) by extension 'ignore'
[1.454s] Level 1:colcon.colcon_core.package_identification:_identify(Development/ros2/src/rtabmap_ros/docker/jazzy/latest) by extension 'ignore_ament_install'
[1.454s] Level 1:colcon.colcon_core.package_identification:_identify(Development/ros2/src/rtabmap_ros/docker/jazzy/latest) by extensions ['colcon_pkg']
[1.454s] Level 1:colcon.colcon_core.package_identification:_identify(Development/ros2/src/rtabmap_ros/docker/jazzy/latest) by extension 'colcon_pkg'
[1.454s] Level 1:colcon.colcon_core.package_identification:_identify(Development/ros2/src/rtabmap_ros/docker/jazzy/latest) by extensions ['colcon_meta']
[1.454s] Level 1:colcon.colcon_core.package_identification:_identify(Development/ros2/src/rtabmap_ros/docker/jazzy/latest) by extension 'colcon_meta'
[1.454s] Level 1:colcon.colcon_core.package_identification:_identify(Development/ros2/src/rtabmap_ros/docker/jazzy/latest) by extensions ['ros']
[1.454s] Level 1:colcon.colcon_core.package_identification:_identify(Development/ros2/src/rtabmap_ros/docker/jazzy/latest) by extension 'ros'
[1.454s] Level 1:colcon.colcon_core.package_identification:_identify(Development/ros2/src/rtabmap_ros/docker/jazzy/latest) by extensions ['cmake', 'python']
[1.454s] Level 1:colcon.colcon_core.package_identification:_identify(Development/ros2/src/rtabmap_ros/docker/jazzy/latest) by extension 'cmake'
[1.454s] Level 1:colcon.colcon_core.package_identification:_identify(Development/ros2/src/rtabmap_ros/docker/jazzy/latest) by extension 'python'
[1.454s] Level 1:colcon.colcon_core.package_identification:_identify(Development/ros2/src/rtabmap_ros/docker/jazzy/latest) by extensions ['python_setup_py']
[1.454s] Level 1:colcon.colcon_core.package_identification:_identify(Development/ros2/src/rtabmap_ros/docker/jazzy/latest) by extension 'python_setup_py'
[1.455s] Level 1:colcon.colcon_core.package_identification:_identify(Development/ros2/src/rtabmap_ros/docker/kilted) by extensions ['ignore', 'ignore_ament_install']
[1.455s] Level 1:colcon.colcon_core.package_identification:_identify(Development/ros2/src/rtabmap_ros/docker/kilted) by extension 'ignore'
[1.455s] Level 1:colcon.colcon_core.package_identification:_identify(Development/ros2/src/rtabmap_ros/docker/kilted) by extension 'ignore_ament_install'
[1.455s] Level 1:colcon.colcon_core.package_identification:_identify(Development/ros2/src/rtabmap_ros/docker/kilted) by extensions ['colcon_pkg']
[1.455s] Level 1:colcon.colcon_core.package_identification:_identify(Development/ros2/src/rtabmap_ros/docker/kilted) by extension 'colcon_pkg'
[1.455s] Level 1:colcon.colcon_core.package_identification:_identify(Development/ros2/src/rtabmap_ros/docker/kilted) by extensions ['colcon_meta']
[1.455s] Level 1:colcon.colcon_core.package_identification:_identify(Development/ros2/src/rtabmap_ros/docker/kilted) by extension 'colcon_meta'
[1.455s] Level 1:colcon.colcon_core.package_identification:_identify(Development/ros2/src/rtabmap_ros/docker/kilted) by extensions ['ros']
[1.455s] Level 1:colcon.colcon_core.package_identification:_identify(Development/ros2/src/rtabmap_ros/docker/kilted) by extension 'ros'
[1.455s] Level 1:colcon.colcon_core.package_identification:_identify(Development/ros2/src/rtabmap_ros/docker/kilted) by extensions ['cmake', 'python']
[1.455s] Level 1:colcon.colcon_core.package_identification:_identify(Development/ros2/src/rtabmap_ros/docker/kilted) by extension 'cmake'
[1.455s] Level 1:colcon.colcon_core.package_identification:_identify(Development/ros2/src/rtabmap_ros/docker/kilted) by extension 'python'
[1.455s] Level 1:colcon.colcon_core.package_identification:_identify(Development/ros2/src/rtabmap_ros/docker/kilted) by extensions ['python_setup_py']
[1.455s] Level 1:colcon.colcon_core.package_identification:_identify(Development/ros2/src/rtabmap_ros/docker/kilted) by extension 'python_setup_py'
[1.455s] Level 1:colcon.colcon_core.package_identification:_identify(Development/ros2/src/rtabmap_ros/docker/kilted/latest) by extensions ['ignore', 'ignore_ament_install']
[1.455s] Level 1:colcon.colcon_core.package_identification:_identify(Development/ros2/src/rtabmap_ros/docker/kilted/latest) by extension 'ignore'
[1.455s] Level 1:colcon.colcon_core.package_identification:_identify(Development/ros2/src/rtabmap_ros/docker/kilted/latest) by extension 'ignore_ament_install'
[1.455s] Level 1:colcon.colcon_core.package_identification:_identify(Development/ros2/src/rtabmap_ros/docker/kilted/latest) by extensions ['colcon_pkg']
[1.455s] Level 1:colcon.colcon_core.package_identification:_identify(Development/ros2/src/rtabmap_ros/docker/kilted/latest) by extension 'colcon_pkg'
[1.455s] Level 1:colcon.colcon_core.package_identification:_identify(Development/ros2/src/rtabmap_ros/docker/kilted/latest) by extensions ['colcon_meta']
[1.455s] Level 1:colcon.colcon_core.package_identification:_identify(Development/ros2/src/rtabmap_ros/docker/kilted/latest) by extension 'colcon_meta'
[1.455s] Level 1:colcon.colcon_core.package_identification:_identify(Development/ros2/src/rtabmap_ros/docker/kilted/latest) by extensions ['ros']
[1.455s] Level 1:colcon.colcon_core.package_identification:_identify(Development/ros2/src/rtabmap_ros/docker/kilted/latest) by extension 'ros'
[1.455s] Level 1:colcon.colcon_core.package_identification:_identify(Development/ros2/src/rtabmap_ros/docker/kilted/latest) by extensions ['cmake', 'python']
[1.455s] Level 1:colcon.colcon_core.package_identification:_identify(Development/ros2/src/rtabmap_ros/docker/kilted/latest) by extension 'cmake'
[1.455s] Level 1:colcon.colcon_core.package_identification:_identify(Development/ros2/src/rtabmap_ros/docker/kilted/latest) by extension 'python'
[1.455s] Level 1:colcon.colcon_core.package_identification:_identify(Development/ros2/src/rtabmap_ros/docker/kilted/latest) by extensions ['python_setup_py']
[1.455s] Level 1:colcon.colcon_core.package_identification:_identify(Development/ros2/src/rtabmap_ros/docker/kilted/latest) by extension 'python_setup_py'
[1.455s] Level 1:colcon.colcon_core.package_identification:_identify(Development/ros2/src/rtabmap_ros/docker/kinetic) by extensions ['ignore', 'ignore_ament_install']
[1.455s] Level 1:colcon.colcon_core.package_identification:_identify(Development/ros2/src/rtabmap_ros/docker/kinetic) by extension 'ignore'
[1.455s] Level 1:colcon.colcon_core.package_identification:_identify(Development/ros2/src/rtabmap_ros/docker/kinetic) by extension 'ignore_ament_install'
[1.455s] Level 1:colcon.colcon_core.package_identification:_identify(Development/ros2/src/rtabmap_ros/docker/kinetic) by extensions ['colcon_pkg']
[1.455s] Level 1:colcon.colcon_core.package_identification:_identify(Development/ros2/src/rtabmap_ros/docker/kinetic) by extension 'colcon_pkg'
[1.456s] Level 1:colcon.colcon_core.package_identification:_identify(Development/ros2/src/rtabmap_ros/docker/kinetic) by extensions ['colcon_meta']
[1.456s] Level 1:colcon.colcon_core.package_identification:_identify(Development/ros2/src/rtabmap_ros/docker/kinetic) by extension 'colcon_meta'
[1.456s] Level 1:colcon.colcon_core.package_identification:_identify(Development/ros2/src/rtabmap_ros/docker/kinetic) by extensions ['ros']
[1.456s] Level 1:colcon.colcon_core.package_identification:_identify(Development/ros2/src/rtabmap_ros/docker/kinetic) by extension 'ros'
[1.456s] Level 1:colcon.colcon_core.package_identification:_identify(Development/ros2/src/rtabmap_ros/docker/kinetic) by extensions ['cmake', 'python']
[1.456s] Level 1:colcon.colcon_core.package_identification:_identify(Development/ros2/src/rtabmap_ros/docker/kinetic) by extension 'cmake'
[1.456s] Level 1:colcon.colcon_core.package_identification:_identify(Development/ros2/src/rtabmap_ros/docker/kinetic) by extension 'python'
[1.456s] Level 1:colcon.colcon_core.package_identification:_identify(Development/ros2/src/rtabmap_ros/docker/kinetic) by extensions ['python_setup_py']
[1.456s] Level 1:colcon.colcon_core.package_identification:_identify(Development/ros2/src/rtabmap_ros/docker/kinetic) by extension 'python_setup_py'
[1.456s] Level 1:colcon.colcon_core.package_identification:_identify(Development/ros2/src/rtabmap_ros/docker/kinetic/latest) by extensions ['ignore', 'ignore_ament_install']
[1.456s] Level 1:colcon.colcon_core.package_identification:_identify(Development/ros2/src/rtabmap_ros/docker/kinetic/latest) by extension 'ignore'
[1.456s] Level 1:colcon.colcon_core.package_identification:_identify(Development/ros2/src/rtabmap_ros/docker/kinetic/latest) by extension 'ignore_ament_install'
[1.456s] Level 1:colcon.colcon_core.package_identification:_identify(Development/ros2/src/rtabmap_ros/docker/kinetic/latest) by extensions ['colcon_pkg']
[1.456s] Level 1:colcon.colcon_core.package_identification:_identify(Development/ros2/src/rtabmap_ros/docker/kinetic/latest) by extension 'colcon_pkg'
[1.456s] Level 1:colcon.colcon_core.package_identification:_identify(Development/ros2/src/rtabmap_ros/docker/kinetic/latest) by extensions ['colcon_meta']
[1.456s] Level 1:colcon.colcon_core.package_identification:_identify(Development/ros2/src/rtabmap_ros/docker/kinetic/latest) by extension 'colcon_meta'
[1.456s] Level 1:colcon.colcon_core.package_identification:_identify(Development/ros2/src/rtabmap_ros/docker/kinetic/latest) by extensions ['ros']
[1.456s] Level 1:colcon.colcon_core.package_identification:_identify(Development/ros2/src/rtabmap_ros/docker/kinetic/latest) by extension 'ros'
[1.456s] Level 1:colcon.colcon_core.package_identification:_identify(Development/ros2/src/rtabmap_ros/docker/kinetic/latest) by extensions ['cmake', 'python']
[1.456s] Level 1:colcon.colcon_core.package_identification:_identify(Development/ros2/src/rtabmap_ros/docker/kinetic/latest) by extension 'cmake'
[1.456s] Level 1:colcon.colcon_core.package_identification:_identify(Development/ros2/src/rtabmap_ros/docker/kinetic/latest) by extension 'python'
[1.456s] Level 1:colcon.colcon_core.package_identification:_identify(Development/ros2/src/rtabmap_ros/docker/kinetic/latest) by extensions ['python_setup_py']
[1.456s] Level 1:colcon.colcon_core.package_identification:_identify(Development/ros2/src/rtabmap_ros/docker/kinetic/latest) by extension 'python_setup_py'
[1.456s] Level 1:colcon.colcon_core.package_identification:_identify(Development/ros2/src/rtabmap_ros/docker/kinetic/latest/hooks) by extensions ['ignore', 'ignore_ament_install']
[1.456s] Level 1:colcon.colcon_core.package_identification:_identify(Development/ros2/src/rtabmap_ros/docker/kinetic/latest/hooks) by extension 'ignore'
[1.456s] Level 1:colcon.colcon_core.package_identification:_identify(Development/ros2/src/rtabmap_ros/docker/kinetic/latest/hooks) by extension 'ignore_ament_install'
[1.456s] Level 1:colcon.colcon_core.package_identification:_identify(Development/ros2/src/rtabmap_ros/docker/kinetic/latest/hooks) by extensions ['colcon_pkg']
[1.456s] Level 1:colcon.colcon_core.package_identification:_identify(Development/ros2/src/rtabmap_ros/docker/kinetic/latest/hooks) by extension 'colcon_pkg'
[1.456s] Level 1:colcon.colcon_core.package_identification:_identify(Development/ros2/src/rtabmap_ros/docker/kinetic/latest/hooks) by extensions ['colcon_meta']
[1.456s] Level 1:colcon.colcon_core.package_identification:_identify(Development/ros2/src/rtabmap_ros/docker/kinetic/latest/hooks) by extension 'colcon_meta'
[1.456s] Level 1:colcon.colcon_core.package_identification:_identify(Development/ros2/src/rtabmap_ros/docker/kinetic/latest/hooks) by extensions ['ros']
[1.456s] Level 1:colcon.colcon_core.package_identification:_identify(Development/ros2/src/rtabmap_ros/docker/kinetic/latest/hooks) by extension 'ros'
[1.456s] Level 1:colcon.colcon_core.package_identification:_identify(Development/ros2/src/rtabmap_ros/docker/kinetic/latest/hooks) by extensions ['cmake', 'python']
[1.456s] Level 1:colcon.colcon_core.package_identification:_identify(Development/ros2/src/rtabmap_ros/docker/kinetic/latest/hooks) by extension 'cmake'
[1.456s] Level 1:colcon.colcon_core.package_identification:_identify(Development/ros2/src/rtabmap_ros/docker/kinetic/latest/hooks) by extension 'python'
[1.457s] Level 1:colcon.colcon_core.package_identification:_identify(Development/ros2/src/rtabmap_ros/docker/kinetic/latest/hooks) by extensions ['python_setup_py']
[1.457s] Level 1:colcon.colcon_core.package_identification:_identify(Development/ros2/src/rtabmap_ros/docker/kinetic/latest/hooks) by extension 'python_setup_py'
[1.457s] Level 1:colcon.colcon_core.package_identification:_identify(Development/ros2/src/rtabmap_ros/docker/melodic) by extensions ['ignore', 'ignore_ament_install']
[1.457s] Level 1:colcon.colcon_core.package_identification:_identify(Development/ros2/src/rtabmap_ros/docker/melodic) by extension 'ignore'
[1.457s] Level 1:colcon.colcon_core.package_identification:_identify(Development/ros2/src/rtabmap_ros/docker/melodic) by extension 'ignore_ament_install'
[1.457s] Level 1:colcon.colcon_core.package_identification:_identify(Development/ros2/src/rtabmap_ros/docker/melodic) by extensions ['colcon_pkg']
[1.457s] Level 1:colcon.colcon_core.package_identification:_identify(Development/ros2/src/rtabmap_ros/docker/melodic) by extension 'colcon_pkg'
[1.457s] Level 1:colcon.colcon_core.package_identification:_identify(Development/ros2/src/rtabmap_ros/docker/melodic) by extensions ['colcon_meta']
[1.457s] Level 1:colcon.colcon_core.package_identification:_identify(Development/ros2/src/rtabmap_ros/docker/melodic) by extension 'colcon_meta'
[1.457s] Level 1:colcon.colcon_core.package_identification:_identify(Development/ros2/src/rtabmap_ros/docker/melodic) by extensions ['ros']
[1.457s] Level 1:colcon.colcon_core.package_identification:_identify(Development/ros2/src/rtabmap_ros/docker/melodic) by extension 'ros'
[1.457s] Level 1:colcon.colcon_core.package_identification:_identify(Development/ros2/src/rtabmap_ros/docker/melodic) by extensions ['cmake', 'python']
[1.457s] Level 1:colcon.colcon_core.package_identification:_identify(Development/ros2/src/rtabmap_ros/docker/melodic) by extension 'cmake'
[1.457s] Level 1:colcon.colcon_core.package_identification:_identify(Development/ros2/src/rtabmap_ros/docker/melodic) by extension 'python'
[1.457s] Level 1:colcon.colcon_core.package_identification:_identify(Development/ros2/src/rtabmap_ros/docker/melodic) by extensions ['python_setup_py']
[1.457s] Level 1:colcon.colcon_core.package_identification:_identify(Development/ros2/src/rtabmap_ros/docker/melodic) by extension 'python_setup_py'
[1.457s] Level 1:colcon.colcon_core.package_identification:_identify(Development/ros2/src/rtabmap_ros/docker/melodic/latest) by extensions ['ignore', 'ignore_ament_install']
[1.457s] Level 1:colcon.colcon_core.package_identification:_identify(Development/ros2/src/rtabmap_ros/docker/melodic/latest) by extension 'ignore'
[1.457s] Level 1:colcon.colcon_core.package_identification:_identify(Development/ros2/src/rtabmap_ros/docker/melodic/latest) by extension 'ignore_ament_install'
[1.457s] Level 1:colcon.colcon_core.package_identification:_identify(Development/ros2/src/rtabmap_ros/docker/melodic/latest) by extensions ['colcon_pkg']
[1.457s] Level 1:colcon.colcon_core.package_identification:_identify(Development/ros2/src/rtabmap_ros/docker/melodic/latest) by extension 'colcon_pkg'
[1.457s] Level 1:colcon.colcon_core.package_identification:_identify(Development/ros2/src/rtabmap_ros/docker/melodic/latest) by extensions ['colcon_meta']
[1.457s] Level 1:colcon.colcon_core.package_identification:_identify(Development/ros2/src/rtabmap_ros/docker/melodic/latest) by extension 'colcon_meta'
[1.457s] Level 1:colcon.colcon_core.package_identification:_identify(Development/ros2/src/rtabmap_ros/docker/melodic/latest) by extensions ['ros']
[1.457s] Level 1:colcon.colcon_core.package_identification:_identify(Development/ros2/src/rtabmap_ros/docker/melodic/latest) by extension 'ros'
[1.457s] Level 1:colcon.colcon_core.package_identification:_identify(Development/ros2/src/rtabmap_ros/docker/melodic/latest) by extensions ['cmake', 'python']
[1.457s] Level 1:colcon.colcon_core.package_identification:_identify(Development/ros2/src/rtabmap_ros/docker/melodic/latest) by extension 'cmake'
[1.457s] Level 1:colcon.colcon_core.package_identification:_identify(Development/ros2/src/rtabmap_ros/docker/melodic/latest) by extension 'python'
[1.457s] Level 1:colcon.colcon_core.package_identification:_identify(Development/ros2/src/rtabmap_ros/docker/melodic/latest) by extensions ['python_setup_py']
[1.457s] Level 1:colcon.colcon_core.package_identification:_identify(Development/ros2/src/rtabmap_ros/docker/melodic/latest) by extension 'python_setup_py'
[1.457s] Level 1:colcon.colcon_core.package_identification:_identify(Development/ros2/src/rtabmap_ros/docker/melodic/latest/hooks) by extensions ['ignore', 'ignore_ament_install']
[1.457s] Level 1:colcon.colcon_core.package_identification:_identify(Development/ros2/src/rtabmap_ros/docker/melodic/latest/hooks) by extension 'ignore'
[1.457s] Level 1:colcon.colcon_core.package_identification:_identify(Development/ros2/src/rtabmap_ros/docker/melodic/latest/hooks) by extension 'ignore_ament_install'
[1.458s] Level 1:colcon.colcon_core.package_identification:_identify(Development/ros2/src/rtabmap_ros/docker/melodic/latest/hooks) by extensions ['colcon_pkg']
[1.458s] Level 1:colcon.colcon_core.package_identification:_identify(Development/ros2/src/rtabmap_ros/docker/melodic/latest/hooks) by extension 'colcon_pkg'
[1.458s] Level 1:colcon.colcon_core.package_identification:_identify(Development/ros2/src/rtabmap_ros/docker/melodic/latest/hooks) by extensions ['colcon_meta']
[1.458s] Level 1:colcon.colcon_core.package_identification:_identify(Development/ros2/src/rtabmap_ros/docker/melodic/latest/hooks) by extension 'colcon_meta'
[1.458s] Level 1:colcon.colcon_core.package_identification:_identify(Development/ros2/src/rtabmap_ros/docker/melodic/latest/hooks) by extensions ['ros']
[1.458s] Level 1:colcon.colcon_core.package_identification:_identify(Development/ros2/src/rtabmap_ros/docker/melodic/latest/hooks) by extension 'ros'
[1.458s] Level 1:colcon.colcon_core.package_identification:_identify(Development/ros2/src/rtabmap_ros/docker/melodic/latest/hooks) by extensions ['cmake', 'python']
[1.458s] Level 1:colcon.colcon_core.package_identification:_identify(Development/ros2/src/rtabmap_ros/docker/melodic/latest/hooks) by extension 'cmake'
[1.458s] Level 1:colcon.colcon_core.package_identification:_identify(Development/ros2/src/rtabmap_ros/docker/melodic/latest/hooks) by extension 'python'
[1.458s] Level 1:colcon.colcon_core.package_identification:_identify(Development/ros2/src/rtabmap_ros/docker/melodic/latest/hooks) by extensions ['python_setup_py']
[1.458s] Level 1:colcon.colcon_core.package_identification:_identify(Development/ros2/src/rtabmap_ros/docker/melodic/latest/hooks) by extension 'python_setup_py'
[1.458s] Level 1:colcon.colcon_core.package_identification:_identify(Development/ros2/src/rtabmap_ros/docker/noetic) by extensions ['ignore', 'ignore_ament_install']
[1.458s] Level 1:colcon.colcon_core.package_identification:_identify(Development/ros2/src/rtabmap_ros/docker/noetic) by extension 'ignore'
[1.458s] Level 1:colcon.colcon_core.package_identification:_identify(Development/ros2/src/rtabmap_ros/docker/noetic) by extension 'ignore_ament_install'
[1.458s] Level 1:colcon.colcon_core.package_identification:_identify(Development/ros2/src/rtabmap_ros/docker/noetic) by extensions ['colcon_pkg']
[1.458s] Level 1:colcon.colcon_core.package_identification:_identify(Development/ros2/src/rtabmap_ros/docker/noetic) by extension 'colcon_pkg'
[1.458s] Level 1:colcon.colcon_core.package_identification:_identify(Development/ros2/src/rtabmap_ros/docker/noetic) by extensions ['colcon_meta']
[1.458s] Level 1:colcon.colcon_core.package_identification:_identify(Development/ros2/src/rtabmap_ros/docker/noetic) by extension 'colcon_meta'
[1.458s] Level 1:colcon.colcon_core.package_identification:_identify(Development/ros2/src/rtabmap_ros/docker/noetic) by extensions ['ros']
[1.458s] Level 1:colcon.colcon_core.package_identification:_identify(Development/ros2/src/rtabmap_ros/docker/noetic) by extension 'ros'
[1.458s] Level 1:colcon.colcon_core.package_identification:_identify(Development/ros2/src/rtabmap_ros/docker/noetic) by extensions ['cmake', 'python']
[1.458s] Level 1:colcon.colcon_core.package_identification:_identify(Development/ros2/src/rtabmap_ros/docker/noetic) by extension 'cmake'
[1.458s] Level 1:colcon.colcon_core.package_identification:_identify(Development/ros2/src/rtabmap_ros/docker/noetic) by extension 'python'
[1.458s] Level 1:colcon.colcon_core.package_identification:_identify(Development/ros2/src/rtabmap_ros/docker/noetic) by extensions ['python_setup_py']
[1.458s] Level 1:colcon.colcon_core.package_identification:_identify(Development/ros2/src/rtabmap_ros/docker/noetic) by extension 'python_setup_py'
[1.458s] Level 1:colcon.colcon_core.package_identification:_identify(Development/ros2/src/rtabmap_ros/docker/noetic/latest) by extensions ['ignore', 'ignore_ament_install']
[1.458s] Level 1:colcon.colcon_core.package_identification:_identify(Development/ros2/src/rtabmap_ros/docker/noetic/latest) by extension 'ignore'
[1.458s] Level 1:colcon.colcon_core.package_identification:_identify(Development/ros2/src/rtabmap_ros/docker/noetic/latest) by extension 'ignore_ament_install'
[1.458s] Level 1:colcon.colcon_core.package_identification:_identify(Development/ros2/src/rtabmap_ros/docker/noetic/latest) by extensions ['colcon_pkg']
[1.458s] Level 1:colcon.colcon_core.package_identification:_identify(Development/ros2/src/rtabmap_ros/docker/noetic/latest) by extension 'colcon_pkg'
[1.458s] Level 1:colcon.colcon_core.package_identification:_identify(Development/ros2/src/rtabmap_ros/docker/noetic/latest) by extensions ['colcon_meta']
[1.458s] Level 1:colcon.colcon_core.package_identification:_identify(Development/ros2/src/rtabmap_ros/docker/noetic/latest) by extension 'colcon_meta'
[1.458s] Level 1:colcon.colcon_core.package_identification:_identify(Development/ros2/src/rtabmap_ros/docker/noetic/latest) by extensions ['ros']
[1.458s] Level 1:colcon.colcon_core.package_identification:_identify(Development/ros2/src/rtabmap_ros/docker/noetic/latest) by extension 'ros'
[1.458s] Level 1:colcon.colcon_core.package_identification:_identify(Development/ros2/src/rtabmap_ros/docker/noetic/latest) by extensions ['cmake', 'python']
[1.458s] Level 1:colcon.colcon_core.package_identification:_identify(Development/ros2/src/rtabmap_ros/docker/noetic/latest) by extension 'cmake'
[1.459s] Level 1:colcon.colcon_core.package_identification:_identify(Development/ros2/src/rtabmap_ros/docker/noetic/latest) by extension 'python'
[1.459s] Level 1:colcon.colcon_core.package_identification:_identify(Development/ros2/src/rtabmap_ros/docker/noetic/latest) by extensions ['python_setup_py']
[1.459s] Level 1:colcon.colcon_core.package_identification:_identify(Development/ros2/src/rtabmap_ros/docker/noetic/latest) by extension 'python_setup_py'
[1.459s] Level 1:colcon.colcon_core.package_identification:_identify(Development/ros2/src/rtabmap_ros/docker/noetic/latest/hooks) by extensions ['ignore', 'ignore_ament_install']
[1.459s] Level 1:colcon.colcon_core.package_identification:_identify(Development/ros2/src/rtabmap_ros/docker/noetic/latest/hooks) by extension 'ignore'
[1.459s] Level 1:colcon.colcon_core.package_identification:_identify(Development/ros2/src/rtabmap_ros/docker/noetic/latest/hooks) by extension 'ignore_ament_install'
[1.459s] Level 1:colcon.colcon_core.package_identification:_identify(Development/ros2/src/rtabmap_ros/docker/noetic/latest/hooks) by extensions ['colcon_pkg']
[1.459s] Level 1:colcon.colcon_core.package_identification:_identify(Development/ros2/src/rtabmap_ros/docker/noetic/latest/hooks) by extension 'colcon_pkg'
[1.459s] Level 1:colcon.colcon_core.package_identification:_identify(Development/ros2/src/rtabmap_ros/docker/noetic/latest/hooks) by extensions ['colcon_meta']
[1.459s] Level 1:colcon.colcon_core.package_identification:_identify(Development/ros2/src/rtabmap_ros/docker/noetic/latest/hooks) by extension 'colcon_meta'
[1.459s] Level 1:colcon.colcon_core.package_identification:_identify(Development/ros2/src/rtabmap_ros/docker/noetic/latest/hooks) by extensions ['ros']
[1.459s] Level 1:colcon.colcon_core.package_identification:_identify(Development/ros2/src/rtabmap_ros/docker/noetic/latest/hooks) by extension 'ros'
[1.459s] Level 1:colcon.colcon_core.package_identification:_identify(Development/ros2/src/rtabmap_ros/docker/noetic/latest/hooks) by extensions ['cmake', 'python']
[1.459s] Level 1:colcon.colcon_core.package_identification:_identify(Development/ros2/src/rtabmap_ros/docker/noetic/latest/hooks) by extension 'cmake'
[1.459s] Level 1:colcon.colcon_core.package_identification:_identify(Development/ros2/src/rtabmap_ros/docker/noetic/latest/hooks) by extension 'python'
[1.459s] Level 1:colcon.colcon_core.package_identification:_identify(Development/ros2/src/rtabmap_ros/docker/noetic/latest/hooks) by extensions ['python_setup_py']
[1.459s] Level 1:colcon.colcon_core.package_identification:_identify(Development/ros2/src/rtabmap_ros/docker/noetic/latest/hooks) by extension 'python_setup_py'
[1.459s] Level 1:colcon.colcon_core.package_identification:_identify(Development/ros2/src/rtabmap_ros/docker/noetic/superpoint) by extensions ['ignore', 'ignore_ament_install']
[1.459s] Level 1:colcon.colcon_core.package_identification:_identify(Development/ros2/src/rtabmap_ros/docker/noetic/superpoint) by extension 'ignore'
[1.459s] Level 1:colcon.colcon_core.package_identification:_identify(Development/ros2/src/rtabmap_ros/docker/noetic/superpoint) by extension 'ignore_ament_install'
[1.459s] Level 1:colcon.colcon_core.package_identification:_identify(Development/ros2/src/rtabmap_ros/docker/noetic/superpoint) by extensions ['colcon_pkg']
[1.459s] Level 1:colcon.colcon_core.package_identification:_identify(Development/ros2/src/rtabmap_ros/docker/noetic/superpoint) by extension 'colcon_pkg'
[1.459s] Level 1:colcon.colcon_core.package_identification:_identify(Development/ros2/src/rtabmap_ros/docker/noetic/superpoint) by extensions ['colcon_meta']
[1.459s] Level 1:colcon.colcon_core.package_identification:_identify(Development/ros2/src/rtabmap_ros/docker/noetic/superpoint) by extension 'colcon_meta'
[1.459s] Level 1:colcon.colcon_core.package_identification:_identify(Development/ros2/src/rtabmap_ros/docker/noetic/superpoint) by extensions ['ros']
[1.459s] Level 1:colcon.colcon_core.package_identification:_identify(Development/ros2/src/rtabmap_ros/docker/noetic/superpoint) by extension 'ros'
[1.459s] Level 1:colcon.colcon_core.package_identification:_identify(Development/ros2/src/rtabmap_ros/docker/noetic/superpoint) by extensions ['cmake', 'python']
[1.459s] Level 1:colcon.colcon_core.package_identification:_identify(Development/ros2/src/rtabmap_ros/docker/noetic/superpoint) by extension 'cmake'
[1.459s] Level 1:colcon.colcon_core.package_identification:_identify(Development/ros2/src/rtabmap_ros/docker/noetic/superpoint) by extension 'python'
[1.459s] Level 1:colcon.colcon_core.package_identification:_identify(Development/ros2/src/rtabmap_ros/docker/noetic/superpoint) by extensions ['python_setup_py']
[1.459s] Level 1:colcon.colcon_core.package_identification:_identify(Development/ros2/src/rtabmap_ros/docker/noetic/superpoint) by extension 'python_setup_py'
[1.459s] Level 1:colcon.colcon_core.package_identification:_identify(Development/ros2/src/rtabmap_ros/rtabmap_conversions) by extensions ['ignore', 'ignore_ament_install']
[1.459s] Level 1:colcon.colcon_core.package_identification:_identify(Development/ros2/src/rtabmap_ros/rtabmap_conversions) by extension 'ignore'
[1.459s] Level 1:colcon.colcon_core.package_identification:_identify(Development/ros2/src/rtabmap_ros/rtabmap_conversions) by extension 'ignore_ament_install'
[1.460s] Level 1:colcon.colcon_core.package_identification:_identify(Development/ros2/src/rtabmap_ros/rtabmap_conversions) by extensions ['colcon_pkg']
[1.460s] Level 1:colcon.colcon_core.package_identification:_identify(Development/ros2/src/rtabmap_ros/rtabmap_conversions) by extension 'colcon_pkg'
[1.460s] Level 1:colcon.colcon_core.package_identification:_identify(Development/ros2/src/rtabmap_ros/rtabmap_conversions) by extensions ['colcon_meta']
[1.460s] Level 1:colcon.colcon_core.package_identification:_identify(Development/ros2/src/rtabmap_ros/rtabmap_conversions) by extension 'colcon_meta'
[1.460s] Level 1:colcon.colcon_core.package_identification:_identify(Development/ros2/src/rtabmap_ros/rtabmap_conversions) by extensions ['ros']
[1.460s] Level 1:colcon.colcon_core.package_identification:_identify(Development/ros2/src/rtabmap_ros/rtabmap_conversions) by extension 'ros'
[1.460s] DEBUG:colcon.colcon_core.package_identification:Package 'Development/ros2/src/rtabmap_ros/rtabmap_conversions' with type 'ros.ament_cmake' and name 'rtabmap_conversions'
[1.461s] Level 1:colcon.colcon_core.package_identification:_identify(Development/ros2/src/rtabmap_ros/rtabmap_demos) by extensions ['ignore', 'ignore_ament_install']
[1.461s] Level 1:colcon.colcon_core.package_identification:_identify(Development/ros2/src/rtabmap_ros/rtabmap_demos) by extension 'ignore'
[1.461s] Level 1:colcon.colcon_core.package_identification:_identify(Development/ros2/src/rtabmap_ros/rtabmap_demos) by extension 'ignore_ament_install'
[1.461s] Level 1:colcon.colcon_core.package_identification:_identify(Development/ros2/src/rtabmap_ros/rtabmap_demos) by extensions ['colcon_pkg']
[1.461s] Level 1:colcon.colcon_core.package_identification:_identify(Development/ros2/src/rtabmap_ros/rtabmap_demos) by extension 'colcon_pkg'
[1.461s] Level 1:colcon.colcon_core.package_identification:_identify(Development/ros2/src/rtabmap_ros/rtabmap_demos) by extensions ['colcon_meta']
[1.461s] Level 1:colcon.colcon_core.package_identification:_identify(Development/ros2/src/rtabmap_ros/rtabmap_demos) by extension 'colcon_meta'
[1.461s] Level 1:colcon.colcon_core.package_identification:_identify(Development/ros2/src/rtabmap_ros/rtabmap_demos) by extensions ['ros']
[1.461s] Level 1:colcon.colcon_core.package_identification:_identify(Development/ros2/src/rtabmap_ros/rtabmap_demos) by extension 'ros'
[1.461s] DEBUG:colcon.colcon_core.package_identification:Package 'Development/ros2/src/rtabmap_ros/rtabmap_demos' with type 'ros.ament_cmake' and name 'rtabmap_demos'
[1.461s] Level 1:colcon.colcon_core.package_identification:_identify(Development/ros2/src/rtabmap_ros/rtabmap_examples) by extensions ['ignore', 'ignore_ament_install']
[1.461s] Level 1:colcon.colcon_core.package_identification:_identify(Development/ros2/src/rtabmap_ros/rtabmap_examples) by extension 'ignore'
[1.461s] Level 1:colcon.colcon_core.package_identification:_identify(Development/ros2/src/rtabmap_ros/rtabmap_examples) by extension 'ignore_ament_install'
[1.461s] Level 1:colcon.colcon_core.package_identification:_identify(Development/ros2/src/rtabmap_ros/rtabmap_examples) by extensions ['colcon_pkg']
[1.461s] Level 1:colcon.colcon_core.package_identification:_identify(Development/ros2/src/rtabmap_ros/rtabmap_examples) by extension 'colcon_pkg'
[1.461s] Level 1:colcon.colcon_core.package_identification:_identify(Development/ros2/src/rtabmap_ros/rtabmap_examples) by extensions ['colcon_meta']
[1.461s] Level 1:colcon.colcon_core.package_identification:_identify(Development/ros2/src/rtabmap_ros/rtabmap_examples) by extension 'colcon_meta'
[1.461s] Level 1:colcon.colcon_core.package_identification:_identify(Development/ros2/src/rtabmap_ros/rtabmap_examples) by extensions ['ros']
[1.461s] Level 1:colcon.colcon_core.package_identification:_identify(Development/ros2/src/rtabmap_ros/rtabmap_examples) by extension 'ros'
[1.462s] DEBUG:colcon.colcon_core.package_identification:Package 'Development/ros2/src/rtabmap_ros/rtabmap_examples' with type 'ros.ament_cmake' and name 'rtabmap_examples'
[1.462s] Level 1:colcon.colcon_core.package_identification:_identify(Development/ros2/src/rtabmap_ros/rtabmap_launch) by extensions ['ignore', 'ignore_ament_install']
[1.462s] Level 1:colcon.colcon_core.package_identification:_identify(Development/ros2/src/rtabmap_ros/rtabmap_launch) by extension 'ignore'
[1.462s] Level 1:colcon.colcon_core.package_identification:_identify(Development/ros2/src/rtabmap_ros/rtabmap_launch) by extension 'ignore_ament_install'
[1.462s] Level 1:colcon.colcon_core.package_identification:_identify(Development/ros2/src/rtabmap_ros/rtabmap_launch) by extensions ['colcon_pkg']
[1.462s] Level 1:colcon.colcon_core.package_identification:_identify(Development/ros2/src/rtabmap_ros/rtabmap_launch) by extension 'colcon_pkg'
[1.462s] Level 1:colcon.colcon_core.package_identification:_identify(Development/ros2/src/rtabmap_ros/rtabmap_launch) by extensions ['colcon_meta']
[1.462s] Level 1:colcon.colcon_core.package_identification:_identify(Development/ros2/src/rtabmap_ros/rtabmap_launch) by extension 'colcon_meta'
[1.462s] Level 1:colcon.colcon_core.package_identification:_identify(Development/ros2/src/rtabmap_ros/rtabmap_launch) by extensions ['ros']
[1.462s] Level 1:colcon.colcon_core.package_identification:_identify(Development/ros2/src/rtabmap_ros/rtabmap_launch) by extension 'ros'
[1.462s] DEBUG:colcon.colcon_core.package_identification:Package 'Development/ros2/src/rtabmap_ros/rtabmap_launch' with type 'ros.ament_cmake' and name 'rtabmap_launch'
[1.462s] Level 1:colcon.colcon_core.package_identification:_identify(Development/ros2/src/rtabmap_ros/rtabmap_msgs) by extensions ['ignore', 'ignore_ament_install']
[1.462s] Level 1:colcon.colcon_core.package_identification:_identify(Development/ros2/src/rtabmap_ros/rtabmap_msgs) by extension 'ignore'
[1.462s] Level 1:colcon.colcon_core.package_identification:_identify(Development/ros2/src/rtabmap_ros/rtabmap_msgs) by extension 'ignore_ament_install'
[1.463s] Level 1:colcon.colcon_core.package_identification:_identify(Development/ros2/src/rtabmap_ros/rtabmap_msgs) by extensions ['colcon_pkg']
[1.463s] Level 1:colcon.colcon_core.package_identification:_identify(Development/ros2/src/rtabmap_ros/rtabmap_msgs) by extension 'colcon_pkg'
[1.463s] Level 1:colcon.colcon_core.package_identification:_identify(Development/ros2/src/rtabmap_ros/rtabmap_msgs) by extensions ['colcon_meta']
[1.463s] Level 1:colcon.colcon_core.package_identification:_identify(Development/ros2/src/rtabmap_ros/rtabmap_msgs) by extension 'colcon_meta'
[1.463s] Level 1:colcon.colcon_core.package_identification:_identify(Development/ros2/src/rtabmap_ros/rtabmap_msgs) by extensions ['ros']
[1.463s] Level 1:colcon.colcon_core.package_identification:_identify(Development/ros2/src/rtabmap_ros/rtabmap_msgs) by extension 'ros'
[1.463s] DEBUG:colcon.colcon_core.package_identification:Package 'Development/ros2/src/rtabmap_ros/rtabmap_msgs' with type 'ros.ament_cmake' and name 'rtabmap_msgs'
[1.463s] Level 1:colcon.colcon_core.package_identification:_identify(Development/ros2/src/rtabmap_ros/rtabmap_odom) by extensions ['ignore', 'ignore_ament_install']
[1.463s] Level 1:colcon.colcon_core.package_identification:_identify(Development/ros2/src/rtabmap_ros/rtabmap_odom) by extension 'ignore'
[1.463s] Level 1:colcon.colcon_core.package_identification:_identify(Development/ros2/src/rtabmap_ros/rtabmap_odom) by extension 'ignore_ament_install'
[1.463s] Level 1:colcon.colcon_core.package_identification:_identify(Development/ros2/src/rtabmap_ros/rtabmap_odom) by extensions ['colcon_pkg']
[1.463s] Level 1:colcon.colcon_core.package_identification:_identify(Development/ros2/src/rtabmap_ros/rtabmap_odom) by extension 'colcon_pkg'
[1.463s] Level 1:colcon.colcon_core.package_identification:_identify(Development/ros2/src/rtabmap_ros/rtabmap_odom) by extensions ['colcon_meta']
[1.463s] Level 1:colcon.colcon_core.package_identification:_identify(Development/ros2/src/rtabmap_ros/rtabmap_odom) by extension 'colcon_meta'
[1.463s] Level 1:colcon.colcon_core.package_identification:_identify(Development/ros2/src/rtabmap_ros/rtabmap_odom) by extensions ['ros']
[1.463s] Level 1:colcon.colcon_core.package_identification:_identify(Development/ros2/src/rtabmap_ros/rtabmap_odom) by extension 'ros'
[1.464s] DEBUG:colcon.colcon_core.package_identification:Package 'Development/ros2/src/rtabmap_ros/rtabmap_odom' with type 'ros.ament_cmake' and name 'rtabmap_odom'
[1.464s] Level 1:colcon.colcon_core.package_identification:_identify(Development/ros2/src/rtabmap_ros/rtabmap_python) by extensions ['ignore', 'ignore_ament_install']
[1.464s] Level 1:colcon.colcon_core.package_identification:_identify(Development/ros2/src/rtabmap_ros/rtabmap_python) by extension 'ignore'
[1.464s] Level 1:colcon.colcon_core.package_identification:_identify(Development/ros2/src/rtabmap_ros/rtabmap_python) by extension 'ignore_ament_install'
[1.464s] Level 1:colcon.colcon_core.package_identification:_identify(Development/ros2/src/rtabmap_ros/rtabmap_python) by extensions ['colcon_pkg']
[1.464s] Level 1:colcon.colcon_core.package_identification:_identify(Development/ros2/src/rtabmap_ros/rtabmap_python) by extension 'colcon_pkg'
[1.464s] Level 1:colcon.colcon_core.package_identification:_identify(Development/ros2/src/rtabmap_ros/rtabmap_python) by extensions ['colcon_meta']
[1.464s] Level 1:colcon.colcon_core.package_identification:_identify(Development/ros2/src/rtabmap_ros/rtabmap_python) by extension 'colcon_meta'
[1.464s] Level 1:colcon.colcon_core.package_identification:_identify(Development/ros2/src/rtabmap_ros/rtabmap_python) by extensions ['ros']
[1.464s] Level 1:colcon.colcon_core.package_identification:_identify(Development/ros2/src/rtabmap_ros/rtabmap_python) by extension 'ros'
[1.465s] DEBUG:colcon.colcon_core.package_identification:Package 'Development/ros2/src/rtabmap_ros/rtabmap_python' with type 'ros.ament_python' and name 'rtabmap_python'
[1.465s] Level 1:colcon.colcon_core.package_identification:_identify(Development/ros2/src/rtabmap_ros/rtabmap_ros) by extensions ['ignore', 'ignore_ament_install']
[1.465s] Level 1:colcon.colcon_core.package_identification:_identify(Development/ros2/src/rtabmap_ros/rtabmap_ros) by extension 'ignore'
[1.465s] Level 1:colcon.colcon_core.package_identification:_identify(Development/ros2/src/rtabmap_ros/rtabmap_ros) by extension 'ignore_ament_install'
[1.465s] Level 1:colcon.colcon_core.package_identification:_identify(Development/ros2/src/rtabmap_ros/rtabmap_ros) by extensions ['colcon_pkg']
[1.465s] Level 1:colcon.colcon_core.package_identification:_identify(Development/ros2/src/rtabmap_ros/rtabmap_ros) by extension 'colcon_pkg'
[1.465s] Level 1:colcon.colcon_core.package_identification:_identify(Development/ros2/src/rtabmap_ros/rtabmap_ros) by extensions ['colcon_meta']
[1.465s] Level 1:colcon.colcon_core.package_identification:_identify(Development/ros2/src/rtabmap_ros/rtabmap_ros) by extension 'colcon_meta'
[1.465s] Level 1:colcon.colcon_core.package_identification:_identify(Development/ros2/src/rtabmap_ros/rtabmap_ros) by extensions ['ros']
[1.465s] Level 1:colcon.colcon_core.package_identification:_identify(Development/ros2/src/rtabmap_ros/rtabmap_ros) by extension 'ros'
[1.465s] DEBUG:colcon.colcon_core.package_identification:Package 'Development/ros2/src/rtabmap_ros/rtabmap_ros' with type 'ros.ament_cmake' and name 'rtabmap_ros'
[1.465s] Level 1:colcon.colcon_core.package_identification:_identify(Development/ros2/src/rtabmap_ros/rtabmap_rviz_plugins) by extensions ['ignore', 'ignore_ament_install']
[1.465s] Level 1:colcon.colcon_core.package_identification:_identify(Development/ros2/src/rtabmap_ros/rtabmap_rviz_plugins) by extension 'ignore'
[1.465s] Level 1:colcon.colcon_core.package_identification:_identify(Development/ros2/src/rtabmap_ros/rtabmap_rviz_plugins) by extension 'ignore_ament_install'
[1.465s] Level 1:colcon.colcon_core.package_identification:_identify(Development/ros2/src/rtabmap_ros/rtabmap_rviz_plugins) by extensions ['colcon_pkg']
[1.465s] Level 1:colcon.colcon_core.package_identification:_identify(Development/ros2/src/rtabmap_ros/rtabmap_rviz_plugins) by extension 'colcon_pkg'
[1.466s] Level 1:colcon.colcon_core.package_identification:_identify(Development/ros2/src/rtabmap_ros/rtabmap_rviz_plugins) by extensions ['colcon_meta']
[1.466s] Level 1:colcon.colcon_core.package_identification:_identify(Development/ros2/src/rtabmap_ros/rtabmap_rviz_plugins) by extension 'colcon_meta'
[1.466s] Level 1:colcon.colcon_core.package_identification:_identify(Development/ros2/src/rtabmap_ros/rtabmap_rviz_plugins) by extensions ['ros']
[1.466s] Level 1:colcon.colcon_core.package_identification:_identify(Development/ros2/src/rtabmap_ros/rtabmap_rviz_plugins) by extension 'ros'
[1.466s] DEBUG:colcon.colcon_core.package_identification:Package 'Development/ros2/src/rtabmap_ros/rtabmap_rviz_plugins' with type 'ros.ament_cmake' and name 'rtabmap_rviz_plugins'
[1.466s] Level 1:colcon.colcon_core.package_identification:_identify(Development/ros2/src/rtabmap_ros/rtabmap_slam) by extensions ['ignore', 'ignore_ament_install']
[1.466s] Level 1:colcon.colcon_core.package_identification:_identify(Development/ros2/src/rtabmap_ros/rtabmap_slam) by extension 'ignore'
[1.466s] Level 1:colcon.colcon_core.package_identification:_identify(Development/ros2/src/rtabmap_ros/rtabmap_slam) by extension 'ignore_ament_install'
[1.466s] Level 1:colcon.colcon_core.package_identification:_identify(Development/ros2/src/rtabmap_ros/rtabmap_slam) by extensions ['colcon_pkg']
[1.466s] Level 1:colcon.colcon_core.package_identification:_identify(Development/ros2/src/rtabmap_ros/rtabmap_slam) by extension 'colcon_pkg'
[1.466s] Level 1:colcon.colcon_core.package_identification:_identify(Development/ros2/src/rtabmap_ros/rtabmap_slam) by extensions ['colcon_meta']
[1.466s] Level 1:colcon.colcon_core.package_identification:_identify(Development/ros2/src/rtabmap_ros/rtabmap_slam) by extension 'colcon_meta'
[1.466s] Level 1:colcon.colcon_core.package_identification:_identify(Development/ros2/src/rtabmap_ros/rtabmap_slam) by extensions ['ros']
[1.466s] Level 1:colcon.colcon_core.package_identification:_identify(Development/ros2/src/rtabmap_ros/rtabmap_slam) by extension 'ros'
[1.467s] DEBUG:colcon.colcon_core.package_identification:Package 'Development/ros2/src/rtabmap_ros/rtabmap_slam' with type 'ros.ament_cmake' and name 'rtabmap_slam'
[1.468s] Level 1:colcon.colcon_core.package_identification:_identify(Development/ros2/src/rtabmap_ros/rtabmap_sync) by extensions ['ignore', 'ignore_ament_install']
[1.468s] Level 1:colcon.colcon_core.package_identification:_identify(Development/ros2/src/rtabmap_ros/rtabmap_sync) by extension 'ignore'
[1.468s] Level 1:colcon.colcon_core.package_identification:_identify(Development/ros2/src/rtabmap_ros/rtabmap_sync) by extension 'ignore_ament_install'
[1.468s] Level 1:colcon.colcon_core.package_identification:_identify(Development/ros2/src/rtabmap_ros/rtabmap_sync) by extensions ['colcon_pkg']
[1.468s] Level 1:colcon.colcon_core.package_identification:_identify(Development/ros2/src/rtabmap_ros/rtabmap_sync) by extension 'colcon_pkg'
[1.468s] Level 1:colcon.colcon_core.package_identification:_identify(Development/ros2/src/rtabmap_ros/rtabmap_sync) by extensions ['colcon_meta']
[1.468s] Level 1:colcon.colcon_core.package_identification:_identify(Development/ros2/src/rtabmap_ros/rtabmap_sync) by extension 'colcon_meta'
[1.468s] Level 1:colcon.colcon_core.package_identification:_identify(Development/ros2/src/rtabmap_ros/rtabmap_sync) by extensions ['ros']
[1.468s] Level 1:colcon.colcon_core.package_identification:_identify(Development/ros2/src/rtabmap_ros/rtabmap_sync) by extension 'ros'
[1.469s] DEBUG:colcon.colcon_core.package_identification:Package 'Development/ros2/src/rtabmap_ros/rtabmap_sync' with type 'ros.ament_cmake' and name 'rtabmap_sync'
[1.469s] Level 1:colcon.colcon_core.package_identification:_identify(Development/ros2/src/rtabmap_ros/rtabmap_util) by extensions ['ignore', 'ignore_ament_install']
[1.469s] Level 1:colcon.colcon_core.package_identification:_identify(Development/ros2/src/rtabmap_ros/rtabmap_util) by extension 'ignore'
[1.469s] Level 1:colcon.colcon_core.package_identification:_identify(Development/ros2/src/rtabmap_ros/rtabmap_util) by extension 'ignore_ament_install'
[1.469s] Level 1:colcon.colcon_core.package_identification:_identify(Development/ros2/src/rtabmap_ros/rtabmap_util) by extensions ['colcon_pkg']
[1.469s] Level 1:colcon.colcon_core.package_identification:_identify(Development/ros2/src/rtabmap_ros/rtabmap_util) by extension 'colcon_pkg'
[1.469s] Level 1:colcon.colcon_core.package_identification:_identify(Development/ros2/src/rtabmap_ros/rtabmap_util) by extensions ['colcon_meta']
[1.469s] Level 1:colcon.colcon_core.package_identification:_identify(Development/ros2/src/rtabmap_ros/rtabmap_util) by extension 'colcon_meta'
[1.469s] Level 1:colcon.colcon_core.package_identification:_identify(Development/ros2/src/rtabmap_ros/rtabmap_util) by extensions ['ros']
[1.469s] Level 1:colcon.colcon_core.package_identification:_identify(Development/ros2/src/rtabmap_ros/rtabmap_util) by extension 'ros'
[1.470s] DEBUG:colcon.colcon_core.package_identification:Package 'Development/ros2/src/rtabmap_ros/rtabmap_util' with type 'ros.ament_cmake' and name 'rtabmap_util'
[1.470s] Level 1:colcon.colcon_core.package_identification:_identify(Development/ros2/src/rtabmap_ros/rtabmap_viz) by extensions ['ignore', 'ignore_ament_install']
[1.471s] Level 1:colcon.colcon_core.package_identification:_identify(Development/ros2/src/rtabmap_ros/rtabmap_viz) by extension 'ignore'
[1.471s] Level 1:colcon.colcon_core.package_identification:_identify(Development/ros2/src/rtabmap_ros/rtabmap_viz) by extension 'ignore_ament_install'
[1.471s] Level 1:colcon.colcon_core.package_identification:_identify(Development/ros2/src/rtabmap_ros/rtabmap_viz) by extensions ['colcon_pkg']
[1.471s] Level 1:colcon.colcon_core.package_identification:_identify(Development/ros2/src/rtabmap_ros/rtabmap_viz) by extension 'colcon_pkg'
[1.471s] Level 1:colcon.colcon_core.package_identification:_identify(Development/ros2/src/rtabmap_ros/rtabmap_viz) by extensions ['colcon_meta']
[1.471s] Level 1:colcon.colcon_core.package_identification:_identify(Development/ros2/src/rtabmap_ros/rtabmap_viz) by extension 'colcon_meta'
[1.471s] Level 1:colcon.colcon_core.package_identification:_identify(Development/ros2/src/rtabmap_ros/rtabmap_viz) by extensions ['ros']
[1.471s] Level 1:colcon.colcon_core.package_identification:_identify(Development/ros2/src/rtabmap_ros/rtabmap_viz) by extension 'ros'
[1.472s] DEBUG:colcon.colcon_core.package_identification:Package 'Development/ros2/src/rtabmap_ros/rtabmap_viz' with type 'ros.ament_cmake' and name 'rtabmap_viz'
[1.472s] Level 1:colcon.colcon_core.package_identification:_identify(backup) by extensions ['ignore', 'ignore_ament_install']
[1.472s] Level 1:colcon.colcon_core.package_identification:_identify(backup) by extension 'ignore'
[1.472s] Level 1:colcon.colcon_core.package_identification:_identify(backup) ignored
[1.472s] Level 1:colcon.colcon_core.package_identification:_identify(build) by extensions ['ignore', 'ignore_ament_install']
[1.472s] Level 1:colcon.colcon_core.package_identification:_identify(build) by extension 'ignore'
[1.472s] Level 1:colcon.colcon_core.package_identification:_identify(build) ignored
[1.472s] Level 1:colcon.colcon_core.package_identification:_identify(docker) by extensions ['ignore', 'ignore_ament_install']
[1.472s] Level 1:colcon.colcon_core.package_identification:_identify(docker) by extension 'ignore'
[1.472s] Level 1:colcon.colcon_core.package_identification:_identify(docker) by extension 'ignore_ament_install'
[1.472s] Level 1:colcon.colcon_core.package_identification:_identify(docker) by extensions ['colcon_pkg']
[1.472s] Level 1:colcon.colcon_core.package_identification:_identify(docker) by extension 'colcon_pkg'
[1.472s] Level 1:colcon.colcon_core.package_identification:_identify(docker) by extensions ['colcon_meta']
[1.472s] Level 1:colcon.colcon_core.package_identification:_identify(docker) by extension 'colcon_meta'
[1.472s] Level 1:colcon.colcon_core.package_identification:_identify(docker) by extensions ['ros']
[1.472s] Level 1:colcon.colcon_core.package_identification:_identify(docker) by extension 'ros'
[1.472s] Level 1:colcon.colcon_core.package_identification:_identify(docker) by extensions ['cmake', 'python']
[1.472s] Level 1:colcon.colcon_core.package_identification:_identify(docker) by extension 'cmake'
[1.472s] Level 1:colcon.colcon_core.package_identification:_identify(docker) by extension 'python'
[1.472s] Level 1:colcon.colcon_core.package_identification:_identify(docker) by extensions ['python_setup_py']
[1.472s] Level 1:colcon.colcon_core.package_identification:_identify(docker) by extension 'python_setup_py'
[1.472s] Level 1:colcon.colcon_core.package_identification:_identify(docker/0_libraries) by extensions ['ignore', 'ignore_ament_install']
[1.473s] Level 1:colcon.colcon_core.package_identification:_identify(docker/0_libraries) by extension 'ignore'
[1.473s] Level 1:colcon.colcon_core.package_identification:_identify(docker/0_libraries) by extension 'ignore_ament_install'
[1.473s] Level 1:colcon.colcon_core.package_identification:_identify(docker/0_libraries) by extensions ['colcon_pkg']
[1.473s] Level 1:colcon.colcon_core.package_identification:_identify(docker/0_libraries) by extension 'colcon_pkg'
[1.473s] Level 1:colcon.colcon_core.package_identification:_identify(docker/0_libraries) by extensions ['colcon_meta']
[1.473s] Level 1:colcon.colcon_core.package_identification:_identify(docker/0_libraries) by extension 'colcon_meta'
[1.473s] Level 1:colcon.colcon_core.package_identification:_identify(docker/0_libraries) by extensions ['ros']
[1.473s] Level 1:colcon.colcon_core.package_identification:_identify(docker/0_libraries) by extension 'ros'
[1.473s] Level 1:colcon.colcon_core.package_identification:_identify(docker/0_libraries) by extensions ['cmake', 'python']
[1.473s] Level 1:colcon.colcon_core.package_identification:_identify(docker/0_libraries) by extension 'cmake'
[1.473s] Level 1:colcon.colcon_core.package_identification:_identify(docker/0_libraries) by extension 'python'
[1.473s] Level 1:colcon.colcon_core.package_identification:_identify(docker/0_libraries) by extensions ['python_setup_py']
[1.473s] Level 1:colcon.colcon_core.package_identification:_identify(docker/0_libraries) by extension 'python_setup_py'
[1.473s] Level 1:colcon.colcon_core.package_identification:_identify(docker/0_libraries/python) by extensions ['ignore', 'ignore_ament_install']
[1.473s] Level 1:colcon.colcon_core.package_identification:_identify(docker/0_libraries/python) by extension 'ignore'
[1.473s] Level 1:colcon.colcon_core.package_identification:_identify(docker/0_libraries/python) by extension 'ignore_ament_install'
[1.473s] Level 1:colcon.colcon_core.package_identification:_identify(docker/0_libraries/python) by extensions ['colcon_pkg']
[1.473s] Level 1:colcon.colcon_core.package_identification:_identify(docker/0_libraries/python) by extension 'colcon_pkg'
[1.473s] Level 1:colcon.colcon_core.package_identification:_identify(docker/0_libraries/python) by extensions ['colcon_meta']
[1.473s] Level 1:colcon.colcon_core.package_identification:_identify(docker/0_libraries/python) by extension 'colcon_meta'
[1.473s] Level 1:colcon.colcon_core.package_identification:_identify(docker/0_libraries/python) by extensions ['ros']
[1.473s] Level 1:colcon.colcon_core.package_identification:_identify(docker/0_libraries/python) by extension 'ros'
[1.473s] Level 1:colcon.colcon_core.package_identification:_identify(docker/0_libraries/python) by extensions ['cmake', 'python']
[1.473s] Level 1:colcon.colcon_core.package_identification:_identify(docker/0_libraries/python) by extension 'cmake'
[1.473s] Level 1:colcon.colcon_core.package_identification:_identify(docker/0_libraries/python) by extension 'python'
[1.473s] Level 1:colcon.colcon_core.package_identification:_identify(docker/0_libraries/python) by extensions ['python_setup_py']
[1.473s] Level 1:colcon.colcon_core.package_identification:_identify(docker/0_libraries/python) by extension 'python_setup_py'
[1.473s] Level 1:colcon.colcon_core.package_identification:_identify(docker/0_libraries/python/hal) by extensions ['ignore', 'ignore_ament_install']
[1.473s] Level 1:colcon.colcon_core.package_identification:_identify(docker/0_libraries/python/hal) by extension 'ignore'
[1.473s] Level 1:colcon.colcon_core.package_identification:_identify(docker/0_libraries/python/hal) by extension 'ignore_ament_install'
[1.473s] Level 1:colcon.colcon_core.package_identification:_identify(docker/0_libraries/python/hal) by extensions ['colcon_pkg']
[1.474s] Level 1:colcon.colcon_core.package_identification:_identify(docker/0_libraries/python/hal) by extension 'colcon_pkg'
[1.474s] Level 1:colcon.colcon_core.package_identification:_identify(docker/0_libraries/python/hal) by extensions ['colcon_meta']
[1.474s] Level 1:colcon.colcon_core.package_identification:_identify(docker/0_libraries/python/hal) by extension 'colcon_meta'
[1.474s] Level 1:colcon.colcon_core.package_identification:_identify(docker/0_libraries/python/hal) by extensions ['ros']
[1.474s] Level 1:colcon.colcon_core.package_identification:_identify(docker/0_libraries/python/hal) by extension 'ros'
[1.474s] Level 1:colcon.colcon_core.package_identification:_identify(docker/0_libraries/python/hal) by extensions ['cmake', 'python']
[1.474s] Level 1:colcon.colcon_core.package_identification:_identify(docker/0_libraries/python/hal) by extension 'cmake'
[1.474s] Level 1:colcon.colcon_core.package_identification:_identify(docker/0_libraries/python/hal) by extension 'python'
[1.474s] Level 1:colcon.colcon_core.package_identification:_identify(docker/0_libraries/python/hal) by extensions ['python_setup_py']
[1.474s] Level 1:colcon.colcon_core.package_identification:_identify(docker/0_libraries/python/hal) by extension 'python_setup_py'
[1.474s] Level 1:colcon.colcon_core.package_identification:_identify(docker/0_libraries/python/hal/content) by extensions ['ignore', 'ignore_ament_install']
[1.474s] Level 1:colcon.colcon_core.package_identification:_identify(docker/0_libraries/python/hal/content) by extension 'ignore'
[1.474s] Level 1:colcon.colcon_core.package_identification:_identify(docker/0_libraries/python/hal/content) by extension 'ignore_ament_install'
[1.474s] Level 1:colcon.colcon_core.package_identification:_identify(docker/0_libraries/python/hal/content) by extensions ['colcon_pkg']
[1.474s] Level 1:colcon.colcon_core.package_identification:_identify(docker/0_libraries/python/hal/content) by extension 'colcon_pkg'
[1.474s] Level 1:colcon.colcon_core.package_identification:_identify(docker/0_libraries/python/hal/content) by extensions ['colcon_meta']
[1.474s] Level 1:colcon.colcon_core.package_identification:_identify(docker/0_libraries/python/hal/content) by extension 'colcon_meta'
[1.474s] Level 1:colcon.colcon_core.package_identification:_identify(docker/0_libraries/python/hal/content) by extensions ['ros']
[1.474s] Level 1:colcon.colcon_core.package_identification:_identify(docker/0_libraries/python/hal/content) by extension 'ros'
[1.474s] Level 1:colcon.colcon_core.package_identification:_identify(docker/0_libraries/python/hal/content) by extensions ['cmake', 'python']
[1.474s] Level 1:colcon.colcon_core.package_identification:_identify(docker/0_libraries/python/hal/content) by extension 'cmake'
[1.474s] Level 1:colcon.colcon_core.package_identification:_identify(docker/0_libraries/python/hal/content) by extension 'python'
[1.474s] Level 1:colcon.colcon_core.package_identification:_identify(docker/0_libraries/python/hal/content) by extensions ['python_setup_py']
[1.474s] Level 1:colcon.colcon_core.package_identification:_identify(docker/0_libraries/python/hal/content) by extension 'python_setup_py'
[1.474s] Level 1:colcon.colcon_core.package_identification:_identify(docker/0_libraries/python/hal/products) by extensions ['ignore', 'ignore_ament_install']
[1.474s] Level 1:colcon.colcon_core.package_identification:_identify(docker/0_libraries/python/hal/products) by extension 'ignore'
[1.474s] Level 1:colcon.colcon_core.package_identification:_identify(docker/0_libraries/python/hal/products) by extension 'ignore_ament_install'
[1.474s] Level 1:colcon.colcon_core.package_identification:_identify(docker/0_libraries/python/hal/products) by extensions ['colcon_pkg']
[1.474s] Level 1:colcon.colcon_core.package_identification:_identify(docker/0_libraries/python/hal/products) by extension 'colcon_pkg'
[1.474s] Level 1:colcon.colcon_core.package_identification:_identify(docker/0_libraries/python/hal/products) by extensions ['colcon_meta']
[1.474s] Level 1:colcon.colcon_core.package_identification:_identify(docker/0_libraries/python/hal/products) by extension 'colcon_meta'
[1.474s] Level 1:colcon.colcon_core.package_identification:_identify(docker/0_libraries/python/hal/products) by extensions ['ros']
[1.474s] Level 1:colcon.colcon_core.package_identification:_identify(docker/0_libraries/python/hal/products) by extension 'ros'
[1.475s] Level 1:colcon.colcon_core.package_identification:_identify(docker/0_libraries/python/hal/products) by extensions ['cmake', 'python']
[1.475s] Level 1:colcon.colcon_core.package_identification:_identify(docker/0_libraries/python/hal/products) by extension 'cmake'
[1.475s] Level 1:colcon.colcon_core.package_identification:_identify(docker/0_libraries/python/hal/products) by extension 'python'
[1.475s] Level 1:colcon.colcon_core.package_identification:_identify(docker/0_libraries/python/hal/products) by extensions ['python_setup_py']
[1.475s] Level 1:colcon.colcon_core.package_identification:_identify(docker/0_libraries/python/hal/products) by extension 'python_setup_py'
[1.475s] Level 1:colcon.colcon_core.package_identification:_identify(docker/0_libraries/python/hal/utilities) by extensions ['ignore', 'ignore_ament_install']
[1.475s] Level 1:colcon.colcon_core.package_identification:_identify(docker/0_libraries/python/hal/utilities) by extension 'ignore'
[1.475s] Level 1:colcon.colcon_core.package_identification:_identify(docker/0_libraries/python/hal/utilities) by extension 'ignore_ament_install'
[1.475s] Level 1:colcon.colcon_core.package_identification:_identify(docker/0_libraries/python/hal/utilities) by extensions ['colcon_pkg']
[1.475s] Level 1:colcon.colcon_core.package_identification:_identify(docker/0_libraries/python/hal/utilities) by extension 'colcon_pkg'
[1.475s] Level 1:colcon.colcon_core.package_identification:_identify(docker/0_libraries/python/hal/utilities) by extensions ['colcon_meta']
[1.475s] Level 1:colcon.colcon_core.package_identification:_identify(docker/0_libraries/python/hal/utilities) by extension 'colcon_meta'
[1.475s] Level 1:colcon.colcon_core.package_identification:_identify(docker/0_libraries/python/hal/utilities) by extensions ['ros']
[1.475s] Level 1:colcon.colcon_core.package_identification:_identify(docker/0_libraries/python/hal/utilities) by extension 'ros'
[1.475s] Level 1:colcon.colcon_core.package_identification:_identify(docker/0_libraries/python/hal/utilities) by extensions ['cmake', 'python']
[1.475s] Level 1:colcon.colcon_core.package_identification:_identify(docker/0_libraries/python/hal/utilities) by extension 'cmake'
[1.475s] Level 1:colcon.colcon_core.package_identification:_identify(docker/0_libraries/python/hal/utilities) by extension 'python'
[1.475s] Level 1:colcon.colcon_core.package_identification:_identify(docker/0_libraries/python/hal/utilities) by extensions ['python_setup_py']
[1.475s] Level 1:colcon.colcon_core.package_identification:_identify(docker/0_libraries/python/hal/utilities) by extension 'python_setup_py'
[1.475s] Level 1:colcon.colcon_core.package_identification:_identify(docker/0_libraries/python/pal) by extensions ['ignore', 'ignore_ament_install']
[1.475s] Level 1:colcon.colcon_core.package_identification:_identify(docker/0_libraries/python/pal) by extension 'ignore'
[1.475s] Level 1:colcon.colcon_core.package_identification:_identify(docker/0_libraries/python/pal) by extension 'ignore_ament_install'
[1.475s] Level 1:colcon.colcon_core.package_identification:_identify(docker/0_libraries/python/pal) by extensions ['colcon_pkg']
[1.475s] Level 1:colcon.colcon_core.package_identification:_identify(docker/0_libraries/python/pal) by extension 'colcon_pkg'
[1.475s] Level 1:colcon.colcon_core.package_identification:_identify(docker/0_libraries/python/pal) by extensions ['colcon_meta']
[1.475s] Level 1:colcon.colcon_core.package_identification:_identify(docker/0_libraries/python/pal) by extension 'colcon_meta'
[1.475s] Level 1:colcon.colcon_core.package_identification:_identify(docker/0_libraries/python/pal) by extensions ['ros']
[1.475s] Level 1:colcon.colcon_core.package_identification:_identify(docker/0_libraries/python/pal) by extension 'ros'
[1.475s] Level 1:colcon.colcon_core.package_identification:_identify(docker/0_libraries/python/pal) by extensions ['cmake', 'python']
[1.475s] Level 1:colcon.colcon_core.package_identification:_identify(docker/0_libraries/python/pal) by extension 'cmake'
[1.475s] Level 1:colcon.colcon_core.package_identification:_identify(docker/0_libraries/python/pal) by extension 'python'
[1.475s] Level 1:colcon.colcon_core.package_identification:_identify(docker/0_libraries/python/pal) by extensions ['python_setup_py']
[1.476s] Level 1:colcon.colcon_core.package_identification:_identify(docker/0_libraries/python/pal) by extension 'python_setup_py'
[1.476s] Level 1:colcon.colcon_core.package_identification:_identify(docker/0_libraries/python/pal/products) by extensions ['ignore', 'ignore_ament_install']
[1.476s] Level 1:colcon.colcon_core.package_identification:_identify(docker/0_libraries/python/pal/products) by extension 'ignore'
[1.476s] Level 1:colcon.colcon_core.package_identification:_identify(docker/0_libraries/python/pal/products) by extension 'ignore_ament_install'
[1.476s] Level 1:colcon.colcon_core.package_identification:_identify(docker/0_libraries/python/pal/products) by extensions ['colcon_pkg']
[1.476s] Level 1:colcon.colcon_core.package_identification:_identify(docker/0_libraries/python/pal/products) by extension 'colcon_pkg'
[1.476s] Level 1:colcon.colcon_core.package_identification:_identify(docker/0_libraries/python/pal/products) by extensions ['colcon_meta']
[1.476s] Level 1:colcon.colcon_core.package_identification:_identify(docker/0_libraries/python/pal/products) by extension 'colcon_meta'
[1.476s] Level 1:colcon.colcon_core.package_identification:_identify(docker/0_libraries/python/pal/products) by extensions ['ros']
[1.476s] Level 1:colcon.colcon_core.package_identification:_identify(docker/0_libraries/python/pal/products) by extension 'ros'
[1.476s] Level 1:colcon.colcon_core.package_identification:_identify(docker/0_libraries/python/pal/products) by extensions ['cmake', 'python']
[1.476s] Level 1:colcon.colcon_core.package_identification:_identify(docker/0_libraries/python/pal/products) by extension 'cmake'
[1.476s] Level 1:colcon.colcon_core.package_identification:_identify(docker/0_libraries/python/pal/products) by extension 'python'
[1.476s] Level 1:colcon.colcon_core.package_identification:_identify(docker/0_libraries/python/pal/products) by extensions ['python_setup_py']
[1.476s] Level 1:colcon.colcon_core.package_identification:_identify(docker/0_libraries/python/pal/products) by extension 'python_setup_py'
[1.476s] Level 1:colcon.colcon_core.package_identification:_identify(docker/0_libraries/python/pal/resources) by extensions ['ignore', 'ignore_ament_install']
[1.476s] Level 1:colcon.colcon_core.package_identification:_identify(docker/0_libraries/python/pal/resources) by extension 'ignore'
[1.476s] Level 1:colcon.colcon_core.package_identification:_identify(docker/0_libraries/python/pal/resources) by extension 'ignore_ament_install'
[1.476s] Level 1:colcon.colcon_core.package_identification:_identify(docker/0_libraries/python/pal/resources) by extensions ['colcon_pkg']
[1.476s] Level 1:colcon.colcon_core.package_identification:_identify(docker/0_libraries/python/pal/resources) by extension 'colcon_pkg'
[1.476s] Level 1:colcon.colcon_core.package_identification:_identify(docker/0_libraries/python/pal/resources) by extensions ['colcon_meta']
[1.476s] Level 1:colcon.colcon_core.package_identification:_identify(docker/0_libraries/python/pal/resources) by extension 'colcon_meta'
[1.476s] Level 1:colcon.colcon_core.package_identification:_identify(docker/0_libraries/python/pal/resources) by extensions ['ros']
[1.476s] Level 1:colcon.colcon_core.package_identification:_identify(docker/0_libraries/python/pal/resources) by extension 'ros'
[1.476s] Level 1:colcon.colcon_core.package_identification:_identify(docker/0_libraries/python/pal/resources) by extensions ['cmake', 'python']
[1.476s] Level 1:colcon.colcon_core.package_identification:_identify(docker/0_libraries/python/pal/resources) by extension 'cmake'
[1.476s] Level 1:colcon.colcon_core.package_identification:_identify(docker/0_libraries/python/pal/resources) by extension 'python'
[1.476s] Level 1:colcon.colcon_core.package_identification:_identify(docker/0_libraries/python/pal/resources) by extensions ['python_setup_py']
[1.476s] Level 1:colcon.colcon_core.package_identification:_identify(docker/0_libraries/python/pal/resources) by extension 'python_setup_py'
[1.476s] Level 1:colcon.colcon_core.package_identification:_identify(docker/0_libraries/python/pal/utilities) by extensions ['ignore', 'ignore_ament_install']
[1.476s] Level 1:colcon.colcon_core.package_identification:_identify(docker/0_libraries/python/pal/utilities) by extension 'ignore'
[1.477s] Level 1:colcon.colcon_core.package_identification:_identify(docker/0_libraries/python/pal/utilities) by extension 'ignore_ament_install'
[1.477s] Level 1:colcon.colcon_core.package_identification:_identify(docker/0_libraries/python/pal/utilities) by extensions ['colcon_pkg']
[1.477s] Level 1:colcon.colcon_core.package_identification:_identify(docker/0_libraries/python/pal/utilities) by extension 'colcon_pkg'
[1.477s] Level 1:colcon.colcon_core.package_identification:_identify(docker/0_libraries/python/pal/utilities) by extensions ['colcon_meta']
[1.477s] Level 1:colcon.colcon_core.package_identification:_identify(docker/0_libraries/python/pal/utilities) by extension 'colcon_meta'
[1.477s] Level 1:colcon.colcon_core.package_identification:_identify(docker/0_libraries/python/pal/utilities) by extensions ['ros']
[1.477s] Level 1:colcon.colcon_core.package_identification:_identify(docker/0_libraries/python/pal/utilities) by extension 'ros'
[1.477s] Level 1:colcon.colcon_core.package_identification:_identify(docker/0_libraries/python/pal/utilities) by extensions ['cmake', 'python']
[1.477s] Level 1:colcon.colcon_core.package_identification:_identify(docker/0_libraries/python/pal/utilities) by extension 'cmake'
[1.477s] Level 1:colcon.colcon_core.package_identification:_identify(docker/0_libraries/python/pal/utilities) by extension 'python'
[1.477s] Level 1:colcon.colcon_core.package_identification:_identify(docker/0_libraries/python/pal/utilities) by extensions ['python_setup_py']
[1.477s] Level 1:colcon.colcon_core.package_identification:_identify(docker/0_libraries/python/pal/utilities) by extension 'python_setup_py'
[1.477s] Level 1:colcon.colcon_core.package_identification:_identify(docker/0_libraries/python/pit) by extensions ['ignore', 'ignore_ament_install']
[1.477s] Level 1:colcon.colcon_core.package_identification:_identify(docker/0_libraries/python/pit) by extension 'ignore'
[1.477s] Level 1:colcon.colcon_core.package_identification:_identify(docker/0_libraries/python/pit) by extension 'ignore_ament_install'
[1.477s] Level 1:colcon.colcon_core.package_identification:_identify(docker/0_libraries/python/pit) by extensions ['colcon_pkg']
[1.477s] Level 1:colcon.colcon_core.package_identification:_identify(docker/0_libraries/python/pit) by extension 'colcon_pkg'
[1.477s] Level 1:colcon.colcon_core.package_identification:_identify(docker/0_libraries/python/pit) by extensions ['colcon_meta']
[1.477s] Level 1:colcon.colcon_core.package_identification:_identify(docker/0_libraries/python/pit) by extension 'colcon_meta'
[1.477s] Level 1:colcon.colcon_core.package_identification:_identify(docker/0_libraries/python/pit) by extensions ['ros']
[1.477s] Level 1:colcon.colcon_core.package_identification:_identify(docker/0_libraries/python/pit) by extension 'ros'
[1.477s] Level 1:colcon.colcon_core.package_identification:_identify(docker/0_libraries/python/pit) by extensions ['cmake', 'python']
[1.477s] Level 1:colcon.colcon_core.package_identification:_identify(docker/0_libraries/python/pit) by extension 'cmake'
[1.477s] Level 1:colcon.colcon_core.package_identification:_identify(docker/0_libraries/python/pit) by extension 'python'
[1.477s] Level 1:colcon.colcon_core.package_identification:_identify(docker/0_libraries/python/pit) by extensions ['python_setup_py']
[1.477s] Level 1:colcon.colcon_core.package_identification:_identify(docker/0_libraries/python/pit) by extension 'python_setup_py'
[1.477s] Level 1:colcon.colcon_core.package_identification:_identify(docker/0_libraries/python/pit/LaneNet) by extensions ['ignore', 'ignore_ament_install']
[1.477s] Level 1:colcon.colcon_core.package_identification:_identify(docker/0_libraries/python/pit/LaneNet) by extension 'ignore'
[1.477s] Level 1:colcon.colcon_core.package_identification:_identify(docker/0_libraries/python/pit/LaneNet) by extension 'ignore_ament_install'
[1.477s] Level 1:colcon.colcon_core.package_identification:_identify(docker/0_libraries/python/pit/LaneNet) by extensions ['colcon_pkg']
[1.477s] Level 1:colcon.colcon_core.package_identification:_identify(docker/0_libraries/python/pit/LaneNet) by extension 'colcon_pkg'
[1.477s] Level 1:colcon.colcon_core.package_identification:_identify(docker/0_libraries/python/pit/LaneNet) by extensions ['colcon_meta']
[1.477s] Level 1:colcon.colcon_core.package_identification:_identify(docker/0_libraries/python/pit/LaneNet) by extension 'colcon_meta'
[1.477s] Level 1:colcon.colcon_core.package_identification:_identify(docker/0_libraries/python/pit/LaneNet) by extensions ['ros']
[1.477s] Level 1:colcon.colcon_core.package_identification:_identify(docker/0_libraries/python/pit/LaneNet) by extension 'ros'
[1.478s] Level 1:colcon.colcon_core.package_identification:_identify(docker/0_libraries/python/pit/LaneNet) by extensions ['cmake', 'python']
[1.478s] Level 1:colcon.colcon_core.package_identification:_identify(docker/0_libraries/python/pit/LaneNet) by extension 'cmake'
[1.478s] Level 1:colcon.colcon_core.package_identification:_identify(docker/0_libraries/python/pit/LaneNet) by extension 'python'
[1.478s] Level 1:colcon.colcon_core.package_identification:_identify(docker/0_libraries/python/pit/LaneNet) by extensions ['python_setup_py']
[1.478s] Level 1:colcon.colcon_core.package_identification:_identify(docker/0_libraries/python/pit/LaneNet) by extension 'python_setup_py'
[1.478s] Level 1:colcon.colcon_core.package_identification:_identify(docker/0_libraries/python/pit/LaneNet/architecture) by extensions ['ignore', 'ignore_ament_install']
[1.478s] Level 1:colcon.colcon_core.package_identification:_identify(docker/0_libraries/python/pit/LaneNet/architecture) by extension 'ignore'
[1.478s] Level 1:colcon.colcon_core.package_identification:_identify(docker/0_libraries/python/pit/LaneNet/architecture) by extension 'ignore_ament_install'
[1.478s] Level 1:colcon.colcon_core.package_identification:_identify(docker/0_libraries/python/pit/LaneNet/architecture) by extensions ['colcon_pkg']
[1.478s] Level 1:colcon.colcon_core.package_identification:_identify(docker/0_libraries/python/pit/LaneNet/architecture) by extension 'colcon_pkg'
[1.478s] Level 1:colcon.colcon_core.package_identification:_identify(docker/0_libraries/python/pit/LaneNet/architecture) by extensions ['colcon_meta']
[1.478s] Level 1:colcon.colcon_core.package_identification:_identify(docker/0_libraries/python/pit/LaneNet/architecture) by extension 'colcon_meta'
[1.478s] Level 1:colcon.colcon_core.package_identification:_identify(docker/0_libraries/python/pit/LaneNet/architecture) by extensions ['ros']
[1.478s] Level 1:colcon.colcon_core.package_identification:_identify(docker/0_libraries/python/pit/LaneNet/architecture) by extension 'ros'
[1.478s] Level 1:colcon.colcon_core.package_identification:_identify(docker/0_libraries/python/pit/LaneNet/architecture) by extensions ['cmake', 'python']
[1.478s] Level 1:colcon.colcon_core.package_identification:_identify(docker/0_libraries/python/pit/LaneNet/architecture) by extension 'cmake'
[1.478s] Level 1:colcon.colcon_core.package_identification:_identify(docker/0_libraries/python/pit/LaneNet/architecture) by extension 'python'
[1.478s] Level 1:colcon.colcon_core.package_identification:_identify(docker/0_libraries/python/pit/LaneNet/architecture) by extensions ['python_setup_py']
[1.478s] Level 1:colcon.colcon_core.package_identification:_identify(docker/0_libraries/python/pit/LaneNet/architecture) by extension 'python_setup_py'
[1.478s] Level 1:colcon.colcon_core.package_identification:_identify(docker/0_libraries/python/pit/LaneNet/architecture/backbone) by extensions ['ignore', 'ignore_ament_install']
[1.478s] Level 1:colcon.colcon_core.package_identification:_identify(docker/0_libraries/python/pit/LaneNet/architecture/backbone) by extension 'ignore'
[1.478s] Level 1:colcon.colcon_core.package_identification:_identify(docker/0_libraries/python/pit/LaneNet/architecture/backbone) by extension 'ignore_ament_install'
[1.478s] Level 1:colcon.colcon_core.package_identification:_identify(docker/0_libraries/python/pit/LaneNet/architecture/backbone) by extensions ['colcon_pkg']
[1.478s] Level 1:colcon.colcon_core.package_identification:_identify(docker/0_libraries/python/pit/LaneNet/architecture/backbone) by extension 'colcon_pkg'
[1.478s] Level 1:colcon.colcon_core.package_identification:_identify(docker/0_libraries/python/pit/LaneNet/architecture/backbone) by extensions ['colcon_meta']
[1.478s] Level 1:colcon.colcon_core.package_identification:_identify(docker/0_libraries/python/pit/LaneNet/architecture/backbone) by extension 'colcon_meta'
[1.478s] Level 1:colcon.colcon_core.package_identification:_identify(docker/0_libraries/python/pit/LaneNet/architecture/backbone) by extensions ['ros']
[1.478s] Level 1:colcon.colcon_core.package_identification:_identify(docker/0_libraries/python/pit/LaneNet/architecture/backbone) by extension 'ros'
[1.478s] Level 1:colcon.colcon_core.package_identification:_identify(docker/0_libraries/python/pit/LaneNet/architecture/backbone) by extensions ['cmake', 'python']
[1.478s] Level 1:colcon.colcon_core.package_identification:_identify(docker/0_libraries/python/pit/LaneNet/architecture/backbone) by extension 'cmake'
[1.478s] Level 1:colcon.colcon_core.package_identification:_identify(docker/0_libraries/python/pit/LaneNet/architecture/backbone) by extension 'python'
[1.478s] Level 1:colcon.colcon_core.package_identification:_identify(docker/0_libraries/python/pit/LaneNet/architecture/backbone) by extensions ['python_setup_py']
[1.478s] Level 1:colcon.colcon_core.package_identification:_identify(docker/0_libraries/python/pit/LaneNet/architecture/backbone) by extension 'python_setup_py'
[1.479s] Level 1:colcon.colcon_core.package_identification:_identify(docker/0_libraries/python/pit/LaneNet/architecture/backbone/deeplabv3_plus) by extensions ['ignore', 'ignore_ament_install']
[1.479s] Level 1:colcon.colcon_core.package_identification:_identify(docker/0_libraries/python/pit/LaneNet/architecture/backbone/deeplabv3_plus) by extension 'ignore'
[1.479s] Level 1:colcon.colcon_core.package_identification:_identify(docker/0_libraries/python/pit/LaneNet/architecture/backbone/deeplabv3_plus) by extension 'ignore_ament_install'
[1.479s] Level 1:colcon.colcon_core.package_identification:_identify(docker/0_libraries/python/pit/LaneNet/architecture/backbone/deeplabv3_plus) by extensions ['colcon_pkg']
[1.479s] Level 1:colcon.colcon_core.package_identification:_identify(docker/0_libraries/python/pit/LaneNet/architecture/backbone/deeplabv3_plus) by extension 'colcon_pkg'
[1.479s] Level 1:colcon.colcon_core.package_identification:_identify(docker/0_libraries/python/pit/LaneNet/architecture/backbone/deeplabv3_plus) by extensions ['colcon_meta']
[1.479s] Level 1:colcon.colcon_core.package_identification:_identify(docker/0_libraries/python/pit/LaneNet/architecture/backbone/deeplabv3_plus) by extension 'colcon_meta'
[1.479s] Level 1:colcon.colcon_core.package_identification:_identify(docker/0_libraries/python/pit/LaneNet/architecture/backbone/deeplabv3_plus) by extensions ['ros']
[1.479s] Level 1:colcon.colcon_core.package_identification:_identify(docker/0_libraries/python/pit/LaneNet/architecture/backbone/deeplabv3_plus) by extension 'ros'
[1.479s] Level 1:colcon.colcon_core.package_identification:_identify(docker/0_libraries/python/pit/LaneNet/architecture/backbone/deeplabv3_plus) by extensions ['cmake', 'python']
[1.479s] Level 1:colcon.colcon_core.package_identification:_identify(docker/0_libraries/python/pit/LaneNet/architecture/backbone/deeplabv3_plus) by extension 'cmake'
[1.479s] Level 1:colcon.colcon_core.package_identification:_identify(docker/0_libraries/python/pit/LaneNet/architecture/backbone/deeplabv3_plus) by extension 'python'
[1.479s] Level 1:colcon.colcon_core.package_identification:_identify(docker/0_libraries/python/pit/LaneNet/architecture/backbone/deeplabv3_plus) by extensions ['python_setup_py']
[1.479s] Level 1:colcon.colcon_core.package_identification:_identify(docker/0_libraries/python/pit/LaneNet/architecture/backbone/deeplabv3_plus) by extension 'python_setup_py'
[1.479s] Level 1:colcon.colcon_core.package_identification:_identify(docker/0_libraries/python/pit/LaneNet/architecture/backbone/deeplabv3_plus/sync_batchnorm) by extensions ['ignore', 'ignore_ament_install']
[1.479s] Level 1:colcon.colcon_core.package_identification:_identify(docker/0_libraries/python/pit/LaneNet/architecture/backbone/deeplabv3_plus/sync_batchnorm) by extension 'ignore'
[1.479s] Level 1:colcon.colcon_core.package_identification:_identify(docker/0_libraries/python/pit/LaneNet/architecture/backbone/deeplabv3_plus/sync_batchnorm) by extension 'ignore_ament_install'
[1.479s] Level 1:colcon.colcon_core.package_identification:_identify(docker/0_libraries/python/pit/LaneNet/architecture/backbone/deeplabv3_plus/sync_batchnorm) by extensions ['colcon_pkg']
[1.479s] Level 1:colcon.colcon_core.package_identification:_identify(docker/0_libraries/python/pit/LaneNet/architecture/backbone/deeplabv3_plus/sync_batchnorm) by extension 'colcon_pkg'
[1.479s] Level 1:colcon.colcon_core.package_identification:_identify(docker/0_libraries/python/pit/LaneNet/architecture/backbone/deeplabv3_plus/sync_batchnorm) by extensions ['colcon_meta']
[1.479s] Level 1:colcon.colcon_core.package_identification:_identify(docker/0_libraries/python/pit/LaneNet/architecture/backbone/deeplabv3_plus/sync_batchnorm) by extension 'colcon_meta'
[1.479s] Level 1:colcon.colcon_core.package_identification:_identify(docker/0_libraries/python/pit/LaneNet/architecture/backbone/deeplabv3_plus/sync_batchnorm) by extensions ['ros']
[1.479s] Level 1:colcon.colcon_core.package_identification:_identify(docker/0_libraries/python/pit/LaneNet/architecture/backbone/deeplabv3_plus/sync_batchnorm) by extension 'ros'
[1.479s] Level 1:colcon.colcon_core.package_identification:_identify(docker/0_libraries/python/pit/LaneNet/architecture/backbone/deeplabv3_plus/sync_batchnorm) by extensions ['cmake', 'python']
[1.479s] Level 1:colcon.colcon_core.package_identification:_identify(docker/0_libraries/python/pit/LaneNet/architecture/backbone/deeplabv3_plus/sync_batchnorm) by extension 'cmake'
[1.479s] Level 1:colcon.colcon_core.package_identification:_identify(docker/0_libraries/python/pit/LaneNet/architecture/backbone/deeplabv3_plus/sync_batchnorm) by extension 'python'
[1.479s] Level 1:colcon.colcon_core.package_identification:_identify(docker/0_libraries/python/pit/LaneNet/architecture/backbone/deeplabv3_plus/sync_batchnorm) by extensions ['python_setup_py']
[1.479s] Level 1:colcon.colcon_core.package_identification:_identify(docker/0_libraries/python/pit/LaneNet/architecture/backbone/deeplabv3_plus/sync_batchnorm) by extension 'python_setup_py'
[1.479s] Level 1:colcon.colcon_core.package_identification:_identify(docker/0_libraries/python/pit/YOLO) by extensions ['ignore', 'ignore_ament_install']
[1.479s] Level 1:colcon.colcon_core.package_identification:_identify(docker/0_libraries/python/pit/YOLO) by extension 'ignore'
[1.479s] Level 1:colcon.colcon_core.package_identification:_identify(docker/0_libraries/python/pit/YOLO) by extension 'ignore_ament_install'
[1.480s] Level 1:colcon.colcon_core.package_identification:_identify(docker/0_libraries/python/pit/YOLO) by extensions ['colcon_pkg']
[1.480s] Level 1:colcon.colcon_core.package_identification:_identify(docker/0_libraries/python/pit/YOLO) by extension 'colcon_pkg'
[1.480s] Level 1:colcon.colcon_core.package_identification:_identify(docker/0_libraries/python/pit/YOLO) by extensions ['colcon_meta']
[1.480s] Level 1:colcon.colcon_core.package_identification:_identify(docker/0_libraries/python/pit/YOLO) by extension 'colcon_meta'
[1.480s] Level 1:colcon.colcon_core.package_identification:_identify(docker/0_libraries/python/pit/YOLO) by extensions ['ros']
[1.480s] Level 1:colcon.colcon_core.package_identification:_identify(docker/0_libraries/python/pit/YOLO) by extension 'ros'
[1.480s] Level 1:colcon.colcon_core.package_identification:_identify(docker/0_libraries/python/pit/YOLO) by extensions ['cmake', 'python']
[1.480s] Level 1:colcon.colcon_core.package_identification:_identify(docker/0_libraries/python/pit/YOLO) by extension 'cmake'
[1.480s] Level 1:colcon.colcon_core.package_identification:_identify(docker/0_libraries/python/pit/YOLO) by extension 'python'
[1.480s] Level 1:colcon.colcon_core.package_identification:_identify(docker/0_libraries/python/pit/YOLO) by extensions ['python_setup_py']
[1.480s] Level 1:colcon.colcon_core.package_identification:_identify(docker/0_libraries/python/pit/YOLO) by extension 'python_setup_py'
[1.480s] Level 1:colcon.colcon_core.package_identification:_identify(docker/0_libraries/python/pit/haar) by extensions ['ignore', 'ignore_ament_install']
[1.480s] Level 1:colcon.colcon_core.package_identification:_identify(docker/0_libraries/python/pit/haar) by extension 'ignore'
[1.480s] Level 1:colcon.colcon_core.package_identification:_identify(docker/0_libraries/python/pit/haar) by extension 'ignore_ament_install'
[1.480s] Level 1:colcon.colcon_core.package_identification:_identify(docker/0_libraries/python/pit/haar) by extensions ['colcon_pkg']
[1.480s] Level 1:colcon.colcon_core.package_identification:_identify(docker/0_libraries/python/pit/haar) by extension 'colcon_pkg'
[1.480s] Level 1:colcon.colcon_core.package_identification:_identify(docker/0_libraries/python/pit/haar) by extensions ['colcon_meta']
[1.480s] Level 1:colcon.colcon_core.package_identification:_identify(docker/0_libraries/python/pit/haar) by extension 'colcon_meta'
[1.480s] Level 1:colcon.colcon_core.package_identification:_identify(docker/0_libraries/python/pit/haar) by extensions ['ros']
[1.480s] Level 1:colcon.colcon_core.package_identification:_identify(docker/0_libraries/python/pit/haar) by extension 'ros'
[1.480s] Level 1:colcon.colcon_core.package_identification:_identify(docker/0_libraries/python/pit/haar) by extensions ['cmake', 'python']
[1.480s] Level 1:colcon.colcon_core.package_identification:_identify(docker/0_libraries/python/pit/haar) by extension 'cmake'
[1.480s] Level 1:colcon.colcon_core.package_identification:_identify(docker/0_libraries/python/pit/haar) by extension 'python'
[1.480s] Level 1:colcon.colcon_core.package_identification:_identify(docker/0_libraries/python/pit/haar) by extensions ['python_setup_py']
[1.480s] Level 1:colcon.colcon_core.package_identification:_identify(docker/0_libraries/python/pit/haar) by extension 'python_setup_py'
[1.480s] Level 1:colcon.colcon_core.package_identification:_identify(docker/0_libraries/python/pit/jetson) by extensions ['ignore', 'ignore_ament_install']
[1.480s] Level 1:colcon.colcon_core.package_identification:_identify(docker/0_libraries/python/pit/jetson) by extension 'ignore'
[1.480s] Level 1:colcon.colcon_core.package_identification:_identify(docker/0_libraries/python/pit/jetson) by extension 'ignore_ament_install'
[1.480s] Level 1:colcon.colcon_core.package_identification:_identify(docker/0_libraries/python/pit/jetson) by extensions ['colcon_pkg']
[1.480s] Level 1:colcon.colcon_core.package_identification:_identify(docker/0_libraries/python/pit/jetson) by extension 'colcon_pkg'
[1.480s] Level 1:colcon.colcon_core.package_identification:_identify(docker/0_libraries/python/pit/jetson) by extensions ['colcon_meta']
[1.480s] Level 1:colcon.colcon_core.package_identification:_identify(docker/0_libraries/python/pit/jetson) by extension 'colcon_meta'
[1.480s] Level 1:colcon.colcon_core.package_identification:_identify(docker/0_libraries/python/pit/jetson) by extensions ['ros']
[1.480s] Level 1:colcon.colcon_core.package_identification:_identify(docker/0_libraries/python/pit/jetson) by extension 'ros'
[1.480s] Level 1:colcon.colcon_core.package_identification:_identify(docker/0_libraries/python/pit/jetson) by extensions ['cmake', 'python']
[1.481s] Level 1:colcon.colcon_core.package_identification:_identify(docker/0_libraries/python/pit/jetson) by extension 'cmake'
[1.481s] Level 1:colcon.colcon_core.package_identification:_identify(docker/0_libraries/python/pit/jetson) by extension 'python'
[1.481s] Level 1:colcon.colcon_core.package_identification:_identify(docker/0_libraries/python/pit/jetson) by extensions ['python_setup_py']
[1.481s] Level 1:colcon.colcon_core.package_identification:_identify(docker/0_libraries/python/pit/jetson) by extension 'python_setup_py'
[1.481s] Level 1:colcon.colcon_core.package_identification:_identify(docker/0_libraries/python/qvl) by extensions ['ignore', 'ignore_ament_install']
[1.481s] Level 1:colcon.colcon_core.package_identification:_identify(docker/0_libraries/python/qvl) by extension 'ignore'
[1.481s] Level 1:colcon.colcon_core.package_identification:_identify(docker/0_libraries/python/qvl) by extension 'ignore_ament_install'
[1.481s] Level 1:colcon.colcon_core.package_identification:_identify(docker/0_libraries/python/qvl) by extensions ['colcon_pkg']
[1.481s] Level 1:colcon.colcon_core.package_identification:_identify(docker/0_libraries/python/qvl) by extension 'colcon_pkg'
[1.481s] Level 1:colcon.colcon_core.package_identification:_identify(docker/0_libraries/python/qvl) by extensions ['colcon_meta']
[1.481s] Level 1:colcon.colcon_core.package_identification:_identify(docker/0_libraries/python/qvl) by extension 'colcon_meta'
[1.481s] Level 1:colcon.colcon_core.package_identification:_identify(docker/0_libraries/python/qvl) by extensions ['ros']
[1.481s] Level 1:colcon.colcon_core.package_identification:_identify(docker/0_libraries/python/qvl) by extension 'ros'
[1.481s] Level 1:colcon.colcon_core.package_identification:_identify(docker/0_libraries/python/qvl) by extensions ['cmake', 'python']
[1.481s] Level 1:colcon.colcon_core.package_identification:_identify(docker/0_libraries/python/qvl) by extension 'cmake'
[1.481s] Level 1:colcon.colcon_core.package_identification:_identify(docker/0_libraries/python/qvl) by extension 'python'
[1.481s] Level 1:colcon.colcon_core.package_identification:_identify(docker/0_libraries/python/qvl) by extensions ['python_setup_py']
[1.481s] Level 1:colcon.colcon_core.package_identification:_identify(docker/0_libraries/python/qvl) by extension 'python_setup_py'
[1.481s] Level 1:colcon.colcon_core.package_identification:_identify(docker/0_libraries/resources) by extensions ['ignore', 'ignore_ament_install']
[1.481s] Level 1:colcon.colcon_core.package_identification:_identify(docker/0_libraries/resources) by extension 'ignore'
[1.481s] Level 1:colcon.colcon_core.package_identification:_identify(docker/0_libraries/resources) by extension 'ignore_ament_install'
[1.481s] Level 1:colcon.colcon_core.package_identification:_identify(docker/0_libraries/resources) by extensions ['colcon_pkg']
[1.481s] Level 1:colcon.colcon_core.package_identification:_identify(docker/0_libraries/resources) by extension 'colcon_pkg'
[1.481s] Level 1:colcon.colcon_core.package_identification:_identify(docker/0_libraries/resources) by extensions ['colcon_meta']
[1.481s] Level 1:colcon.colcon_core.package_identification:_identify(docker/0_libraries/resources) by extension 'colcon_meta'
[1.481s] Level 1:colcon.colcon_core.package_identification:_identify(docker/0_libraries/resources) by extensions ['ros']
[1.481s] Level 1:colcon.colcon_core.package_identification:_identify(docker/0_libraries/resources) by extension 'ros'
[1.481s] Level 1:colcon.colcon_core.package_identification:_identify(docker/0_libraries/resources) by extensions ['cmake', 'python']
[1.481s] Level 1:colcon.colcon_core.package_identification:_identify(docker/0_libraries/resources) by extension 'cmake'
[1.481s] Level 1:colcon.colcon_core.package_identification:_identify(docker/0_libraries/resources) by extension 'python'
[1.481s] Level 1:colcon.colcon_core.package_identification:_identify(docker/0_libraries/resources) by extensions ['python_setup_py']
[1.481s] Level 1:colcon.colcon_core.package_identification:_identify(docker/0_libraries/resources) by extension 'python_setup_py'
[1.481s] Level 1:colcon.colcon_core.package_identification:_identify(docker/0_libraries/resources/applications) by extensions ['ignore', 'ignore_ament_install']
[1.482s] Level 1:colcon.colcon_core.package_identification:_identify(docker/0_libraries/resources/applications) by extension 'ignore'
[1.482s] Level 1:colcon.colcon_core.package_identification:_identify(docker/0_libraries/resources/applications) by extension 'ignore_ament_install'
[1.482s] Level 1:colcon.colcon_core.package_identification:_identify(docker/0_libraries/resources/applications) by extensions ['colcon_pkg']
[1.482s] Level 1:colcon.colcon_core.package_identification:_identify(docker/0_libraries/resources/applications) by extension 'colcon_pkg'
[1.482s] Level 1:colcon.colcon_core.package_identification:_identify(docker/0_libraries/resources/applications) by extensions ['colcon_meta']
[1.482s] Level 1:colcon.colcon_core.package_identification:_identify(docker/0_libraries/resources/applications) by extension 'colcon_meta'
[1.482s] Level 1:colcon.colcon_core.package_identification:_identify(docker/0_libraries/resources/applications) by extensions ['ros']
[1.482s] Level 1:colcon.colcon_core.package_identification:_identify(docker/0_libraries/resources/applications) by extension 'ros'
[1.482s] Level 1:colcon.colcon_core.package_identification:_identify(docker/0_libraries/resources/applications) by extensions ['cmake', 'python']
[1.482s] Level 1:colcon.colcon_core.package_identification:_identify(docker/0_libraries/resources/applications) by extension 'cmake'
[1.482s] Level 1:colcon.colcon_core.package_identification:_identify(docker/0_libraries/resources/applications) by extension 'python'
[1.482s] Level 1:colcon.colcon_core.package_identification:_identify(docker/0_libraries/resources/applications) by extensions ['python_setup_py']
[1.482s] Level 1:colcon.colcon_core.package_identification:_identify(docker/0_libraries/resources/applications) by extension 'python_setup_py'
[1.482s] Level 1:colcon.colcon_core.package_identification:_identify(docker/0_libraries/resources/applications/KeyboardDriver) by extensions ['ignore', 'ignore_ament_install']
[1.482s] Level 1:colcon.colcon_core.package_identification:_identify(docker/0_libraries/resources/applications/KeyboardDriver) by extension 'ignore'
[1.482s] Level 1:colcon.colcon_core.package_identification:_identify(docker/0_libraries/resources/applications/KeyboardDriver) by extension 'ignore_ament_install'
[1.482s] Level 1:colcon.colcon_core.package_identification:_identify(docker/0_libraries/resources/applications/KeyboardDriver) by extensions ['colcon_pkg']
[1.482s] Level 1:colcon.colcon_core.package_identification:_identify(docker/0_libraries/resources/applications/KeyboardDriver) by extension 'colcon_pkg'
[1.482s] Level 1:colcon.colcon_core.package_identification:_identify(docker/0_libraries/resources/applications/KeyboardDriver) by extensions ['colcon_meta']
[1.482s] Level 1:colcon.colcon_core.package_identification:_identify(docker/0_libraries/resources/applications/KeyboardDriver) by extension 'colcon_meta'
[1.482s] Level 1:colcon.colcon_core.package_identification:_identify(docker/0_libraries/resources/applications/KeyboardDriver) by extensions ['ros']
[1.482s] Level 1:colcon.colcon_core.package_identification:_identify(docker/0_libraries/resources/applications/KeyboardDriver) by extension 'ros'
[1.482s] Level 1:colcon.colcon_core.package_identification:_identify(docker/0_libraries/resources/applications/KeyboardDriver) by extensions ['cmake', 'python']
[1.482s] Level 1:colcon.colcon_core.package_identification:_identify(docker/0_libraries/resources/applications/KeyboardDriver) by extension 'cmake'
[1.482s] Level 1:colcon.colcon_core.package_identification:_identify(docker/0_libraries/resources/applications/KeyboardDriver) by extension 'python'
[1.482s] Level 1:colcon.colcon_core.package_identification:_identify(docker/0_libraries/resources/applications/KeyboardDriver) by extensions ['python_setup_py']
[1.482s] Level 1:colcon.colcon_core.package_identification:_identify(docker/0_libraries/resources/applications/KeyboardDriver) by extension 'python_setup_py'
[1.482s] Level 1:colcon.colcon_core.package_identification:_identify(docker/0_libraries/resources/applications/QCarDepthAlign) by extensions ['ignore', 'ignore_ament_install']
[1.482s] Level 1:colcon.colcon_core.package_identification:_identify(docker/0_libraries/resources/applications/QCarDepthAlign) by extension 'ignore'
[1.482s] Level 1:colcon.colcon_core.package_identification:_identify(docker/0_libraries/resources/applications/QCarDepthAlign) by extension 'ignore_ament_install'
[1.482s] Level 1:colcon.colcon_core.package_identification:_identify(docker/0_libraries/resources/applications/QCarDepthAlign) by extensions ['colcon_pkg']
[1.482s] Level 1:colcon.colcon_core.package_identification:_identify(docker/0_libraries/resources/applications/QCarDepthAlign) by extension 'colcon_pkg'
[1.482s] Level 1:colcon.colcon_core.package_identification:_identify(docker/0_libraries/resources/applications/QCarDepthAlign) by extensions ['colcon_meta']
[1.482s] Level 1:colcon.colcon_core.package_identification:_identify(docker/0_libraries/resources/applications/QCarDepthAlign) by extension 'colcon_meta'
[1.483s] Level 1:colcon.colcon_core.package_identification:_identify(docker/0_libraries/resources/applications/QCarDepthAlign) by extensions ['ros']
[1.483s] Level 1:colcon.colcon_core.package_identification:_identify(docker/0_libraries/resources/applications/QCarDepthAlign) by extension 'ros'
[1.483s] Level 1:colcon.colcon_core.package_identification:_identify(docker/0_libraries/resources/applications/QCarDepthAlign) by extensions ['cmake', 'python']
[1.483s] Level 1:colcon.colcon_core.package_identification:_identify(docker/0_libraries/resources/applications/QCarDepthAlign) by extension 'cmake'
[1.483s] Level 1:colcon.colcon_core.package_identification:_identify(docker/0_libraries/resources/applications/QCarDepthAlign) by extension 'python'
[1.483s] Level 1:colcon.colcon_core.package_identification:_identify(docker/0_libraries/resources/applications/QCarDepthAlign) by extensions ['python_setup_py']
[1.483s] Level 1:colcon.colcon_core.package_identification:_identify(docker/0_libraries/resources/applications/QCarDepthAlign) by extension 'python_setup_py'
[1.483s] Level 1:colcon.colcon_core.package_identification:_identify(docker/0_libraries/resources/applications/QCarScanMatching) by extensions ['ignore', 'ignore_ament_install']
[1.483s] Level 1:colcon.colcon_core.package_identification:_identify(docker/0_libraries/resources/applications/QCarScanMatching) by extension 'ignore'
[1.483s] Level 1:colcon.colcon_core.package_identification:_identify(docker/0_libraries/resources/applications/QCarScanMatching) by extension 'ignore_ament_install'
[1.483s] Level 1:colcon.colcon_core.package_identification:_identify(docker/0_libraries/resources/applications/QCarScanMatching) by extensions ['colcon_pkg']
[1.483s] Level 1:colcon.colcon_core.package_identification:_identify(docker/0_libraries/resources/applications/QCarScanMatching) by extension 'colcon_pkg'
[1.483s] Level 1:colcon.colcon_core.package_identification:_identify(docker/0_libraries/resources/applications/QCarScanMatching) by extensions ['colcon_meta']
[1.483s] Level 1:colcon.colcon_core.package_identification:_identify(docker/0_libraries/resources/applications/QCarScanMatching) by extension 'colcon_meta'
[1.483s] Level 1:colcon.colcon_core.package_identification:_identify(docker/0_libraries/resources/applications/QCarScanMatching) by extensions ['ros']
[1.483s] Level 1:colcon.colcon_core.package_identification:_identify(docker/0_libraries/resources/applications/QCarScanMatching) by extension 'ros'
[1.483s] Level 1:colcon.colcon_core.package_identification:_identify(docker/0_libraries/resources/applications/QCarScanMatching) by extensions ['cmake', 'python']
[1.483s] Level 1:colcon.colcon_core.package_identification:_identify(docker/0_libraries/resources/applications/QCarScanMatching) by extension 'cmake'
[1.483s] Level 1:colcon.colcon_core.package_identification:_identify(docker/0_libraries/resources/applications/QCarScanMatching) by extension 'python'
[1.483s] Level 1:colcon.colcon_core.package_identification:_identify(docker/0_libraries/resources/applications/QCarScanMatching) by extensions ['python_setup_py']
[1.483s] Level 1:colcon.colcon_core.package_identification:_identify(docker/0_libraries/resources/applications/QCarScanMatching) by extension 'python_setup_py'
[1.483s] Level 1:colcon.colcon_core.package_identification:_identify(docker/0_libraries/resources/applications/QLabsVRPNServer) by extensions ['ignore', 'ignore_ament_install']
[1.483s] Level 1:colcon.colcon_core.package_identification:_identify(docker/0_libraries/resources/applications/QLabsVRPNServer) by extension 'ignore'
[1.483s] Level 1:colcon.colcon_core.package_identification:_identify(docker/0_libraries/resources/applications/QLabsVRPNServer) by extension 'ignore_ament_install'
[1.483s] Level 1:colcon.colcon_core.package_identification:_identify(docker/0_libraries/resources/applications/QLabsVRPNServer) by extensions ['colcon_pkg']
[1.483s] Level 1:colcon.colcon_core.package_identification:_identify(docker/0_libraries/resources/applications/QLabsVRPNServer) by extension 'colcon_pkg'
[1.483s] Level 1:colcon.colcon_core.package_identification:_identify(docker/0_libraries/resources/applications/QLabsVRPNServer) by extensions ['colcon_meta']
[1.483s] Level 1:colcon.colcon_core.package_identification:_identify(docker/0_libraries/resources/applications/QLabsVRPNServer) by extension 'colcon_meta'
[1.483s] Level 1:colcon.colcon_core.package_identification:_identify(docker/0_libraries/resources/applications/QLabsVRPNServer) by extensions ['ros']
[1.483s] Level 1:colcon.colcon_core.package_identification:_identify(docker/0_libraries/resources/applications/QLabsVRPNServer) by extension 'ros'
[1.483s] Level 1:colcon.colcon_core.package_identification:_identify(docker/0_libraries/resources/applications/QLabsVRPNServer) by extensions ['cmake', 'python']
[1.483s] Level 1:colcon.colcon_core.package_identification:_identify(docker/0_libraries/resources/applications/QLabsVRPNServer) by extension 'cmake'
[1.483s] Level 1:colcon.colcon_core.package_identification:_identify(docker/0_libraries/resources/applications/QLabsVRPNServer) by extension 'python'
[1.483s] Level 1:colcon.colcon_core.package_identification:_identify(docker/0_libraries/resources/applications/QLabsVRPNServer) by extensions ['python_setup_py']
[1.483s] Level 1:colcon.colcon_core.package_identification:_identify(docker/0_libraries/resources/applications/QLabsVRPNServer) by extension 'python_setup_py'
[1.484s] Level 1:colcon.colcon_core.package_identification:_identify(docker/0_libraries/resources/applications/QLabsVRPNServer/src) by extensions ['ignore', 'ignore_ament_install']
[1.484s] Level 1:colcon.colcon_core.package_identification:_identify(docker/0_libraries/resources/applications/QLabsVRPNServer/src) by extension 'ignore'
[1.484s] Level 1:colcon.colcon_core.package_identification:_identify(docker/0_libraries/resources/applications/QLabsVRPNServer/src) by extension 'ignore_ament_install'
[1.484s] Level 1:colcon.colcon_core.package_identification:_identify(docker/0_libraries/resources/applications/QLabsVRPNServer/src) by extensions ['colcon_pkg']
[1.484s] Level 1:colcon.colcon_core.package_identification:_identify(docker/0_libraries/resources/applications/QLabsVRPNServer/src) by extension 'colcon_pkg'
[1.485s] Level 1:colcon.colcon_core.package_identification:_identify(docker/0_libraries/resources/applications/QLabsVRPNServer/src) by extensions ['colcon_meta']
[1.485s] Level 1:colcon.colcon_core.package_identification:_identify(docker/0_libraries/resources/applications/QLabsVRPNServer/src) by extension 'colcon_meta'
[1.485s] Level 1:colcon.colcon_core.package_identification:_identify(docker/0_libraries/resources/applications/QLabsVRPNServer/src) by extensions ['ros']
[1.485s] Level 1:colcon.colcon_core.package_identification:_identify(docker/0_libraries/resources/applications/QLabsVRPNServer/src) by extension 'ros'
[1.485s] Level 1:colcon.colcon_core.package_identification:_identify(docker/0_libraries/resources/applications/QLabsVRPNServer/src) by extensions ['cmake', 'python']
[1.485s] Level 1:colcon.colcon_core.package_identification:_identify(docker/0_libraries/resources/applications/QLabsVRPNServer/src) by extension 'cmake'
[1.485s] Level 1:colcon.colcon_core.package_identification:_identify(docker/0_libraries/resources/applications/QLabsVRPNServer/src) by extension 'python'
[1.485s] Level 1:colcon.colcon_core.package_identification:_identify(docker/0_libraries/resources/applications/QLabsVRPNServer/src) by extensions ['python_setup_py']
[1.485s] Level 1:colcon.colcon_core.package_identification:_identify(docker/0_libraries/resources/applications/QLabsVRPNServer/src) by extension 'python_setup_py'
[1.485s] Level 1:colcon.colcon_core.package_identification:_identify(docker/0_libraries/resources/images) by extensions ['ignore', 'ignore_ament_install']
[1.485s] Level 1:colcon.colcon_core.package_identification:_identify(docker/0_libraries/resources/images) by extension 'ignore'
[1.485s] Level 1:colcon.colcon_core.package_identification:_identify(docker/0_libraries/resources/images) by extension 'ignore_ament_install'
[1.485s] Level 1:colcon.colcon_core.package_identification:_identify(docker/0_libraries/resources/images) by extensions ['colcon_pkg']
[1.485s] Level 1:colcon.colcon_core.package_identification:_identify(docker/0_libraries/resources/images) by extension 'colcon_pkg'
[1.485s] Level 1:colcon.colcon_core.package_identification:_identify(docker/0_libraries/resources/images) by extensions ['colcon_meta']
[1.485s] Level 1:colcon.colcon_core.package_identification:_identify(docker/0_libraries/resources/images) by extension 'colcon_meta'
[1.485s] Level 1:colcon.colcon_core.package_identification:_identify(docker/0_libraries/resources/images) by extensions ['ros']
[1.485s] Level 1:colcon.colcon_core.package_identification:_identify(docker/0_libraries/resources/images) by extension 'ros'
[1.485s] Level 1:colcon.colcon_core.package_identification:_identify(docker/0_libraries/resources/images) by extensions ['cmake', 'python']
[1.485s] Level 1:colcon.colcon_core.package_identification:_identify(docker/0_libraries/resources/images) by extension 'cmake'
[1.485s] Level 1:colcon.colcon_core.package_identification:_identify(docker/0_libraries/resources/images) by extension 'python'
[1.485s] Level 1:colcon.colcon_core.package_identification:_identify(docker/0_libraries/resources/images) by extensions ['python_setup_py']
[1.485s] Level 1:colcon.colcon_core.package_identification:_identify(docker/0_libraries/resources/images) by extension 'python_setup_py'
[1.485s] Level 1:colcon.colcon_core.package_identification:_identify(docker/0_libraries/resources/pretrained_models) by extensions ['ignore', 'ignore_ament_install']
[1.485s] Level 1:colcon.colcon_core.package_identification:_identify(docker/0_libraries/resources/pretrained_models) by extension 'ignore'
[1.485s] Level 1:colcon.colcon_core.package_identification:_identify(docker/0_libraries/resources/pretrained_models) by extension 'ignore_ament_install'
[1.485s] Level 1:colcon.colcon_core.package_identification:_identify(docker/0_libraries/resources/pretrained_models) by extensions ['colcon_pkg']
[1.485s] Level 1:colcon.colcon_core.package_identification:_identify(docker/0_libraries/resources/pretrained_models) by extension 'colcon_pkg'
[1.485s] Level 1:colcon.colcon_core.package_identification:_identify(docker/0_libraries/resources/pretrained_models) by extensions ['colcon_meta']
[1.485s] Level 1:colcon.colcon_core.package_identification:_identify(docker/0_libraries/resources/pretrained_models) by extension 'colcon_meta'
[1.485s] Level 1:colcon.colcon_core.package_identification:_identify(docker/0_libraries/resources/pretrained_models) by extensions ['ros']
[1.485s] Level 1:colcon.colcon_core.package_identification:_identify(docker/0_libraries/resources/pretrained_models) by extension 'ros'
[1.485s] Level 1:colcon.colcon_core.package_identification:_identify(docker/0_libraries/resources/pretrained_models) by extensions ['cmake', 'python']
[1.486s] Level 1:colcon.colcon_core.package_identification:_identify(docker/0_libraries/resources/pretrained_models) by extension 'cmake'
[1.486s] Level 1:colcon.colcon_core.package_identification:_identify(docker/0_libraries/resources/pretrained_models) by extension 'python'
[1.486s] Level 1:colcon.colcon_core.package_identification:_identify(docker/0_libraries/resources/pretrained_models) by extensions ['python_setup_py']
[1.486s] Level 1:colcon.colcon_core.package_identification:_identify(docker/0_libraries/resources/pretrained_models) by extension 'python_setup_py'
[1.486s] Level 1:colcon.colcon_core.package_identification:_identify(docker/0_libraries/resources/rt_models) by extensions ['ignore', 'ignore_ament_install']
[1.486s] Level 1:colcon.colcon_core.package_identification:_identify(docker/0_libraries/resources/rt_models) by extension 'ignore'
[1.486s] Level 1:colcon.colcon_core.package_identification:_identify(docker/0_libraries/resources/rt_models) by extension 'ignore_ament_install'
[1.486s] Level 1:colcon.colcon_core.package_identification:_identify(docker/0_libraries/resources/rt_models) by extensions ['colcon_pkg']
[1.486s] Level 1:colcon.colcon_core.package_identification:_identify(docker/0_libraries/resources/rt_models) by extension 'colcon_pkg'
[1.486s] Level 1:colcon.colcon_core.package_identification:_identify(docker/0_libraries/resources/rt_models) by extensions ['colcon_meta']
[1.486s] Level 1:colcon.colcon_core.package_identification:_identify(docker/0_libraries/resources/rt_models) by extension 'colcon_meta'
[1.486s] Level 1:colcon.colcon_core.package_identification:_identify(docker/0_libraries/resources/rt_models) by extensions ['ros']
[1.486s] Level 1:colcon.colcon_core.package_identification:_identify(docker/0_libraries/resources/rt_models) by extension 'ros'
[1.486s] Level 1:colcon.colcon_core.package_identification:_identify(docker/0_libraries/resources/rt_models) by extensions ['cmake', 'python']
[1.486s] Level 1:colcon.colcon_core.package_identification:_identify(docker/0_libraries/resources/rt_models) by extension 'cmake'
[1.486s] Level 1:colcon.colcon_core.package_identification:_identify(docker/0_libraries/resources/rt_models) by extension 'python'
[1.486s] Level 1:colcon.colcon_core.package_identification:_identify(docker/0_libraries/resources/rt_models) by extensions ['python_setup_py']
[1.486s] Level 1:colcon.colcon_core.package_identification:_identify(docker/0_libraries/resources/rt_models) by extension 'python_setup_py'
[1.486s] Level 1:colcon.colcon_core.package_identification:_identify(docker/0_libraries/resources/rt_models/QArm) by extensions ['ignore', 'ignore_ament_install']
[1.486s] Level 1:colcon.colcon_core.package_identification:_identify(docker/0_libraries/resources/rt_models/QArm) by extension 'ignore'
[1.486s] Level 1:colcon.colcon_core.package_identification:_identify(docker/0_libraries/resources/rt_models/QArm) by extension 'ignore_ament_install'
[1.486s] Level 1:colcon.colcon_core.package_identification:_identify(docker/0_libraries/resources/rt_models/QArm) by extensions ['colcon_pkg']
[1.486s] Level 1:colcon.colcon_core.package_identification:_identify(docker/0_libraries/resources/rt_models/QArm) by extension 'colcon_pkg'
[1.486s] Level 1:colcon.colcon_core.package_identification:_identify(docker/0_libraries/resources/rt_models/QArm) by extensions ['colcon_meta']
[1.486s] Level 1:colcon.colcon_core.package_identification:_identify(docker/0_libraries/resources/rt_models/QArm) by extension 'colcon_meta'
[1.486s] Level 1:colcon.colcon_core.package_identification:_identify(docker/0_libraries/resources/rt_models/QArm) by extensions ['ros']
[1.486s] Level 1:colcon.colcon_core.package_identification:_identify(docker/0_libraries/resources/rt_models/QArm) by extension 'ros'
[1.486s] Level 1:colcon.colcon_core.package_identification:_identify(docker/0_libraries/resources/rt_models/QArm) by extensions ['cmake', 'python']
[1.486s] Level 1:colcon.colcon_core.package_identification:_identify(docker/0_libraries/resources/rt_models/QArm) by extension 'cmake'
[1.486s] Level 1:colcon.colcon_core.package_identification:_identify(docker/0_libraries/resources/rt_models/QArm) by extension 'python'
[1.486s] Level 1:colcon.colcon_core.package_identification:_identify(docker/0_libraries/resources/rt_models/QArm) by extensions ['python_setup_py']
[1.486s] Level 1:colcon.colcon_core.package_identification:_identify(docker/0_libraries/resources/rt_models/QArm) by extension 'python_setup_py'
[1.486s] Level 1:colcon.colcon_core.package_identification:_identify(docker/0_libraries/resources/rt_models/QBotPlatform) by extensions ['ignore', 'ignore_ament_install']
[1.486s] Level 1:colcon.colcon_core.package_identification:_identify(docker/0_libraries/resources/rt_models/QBotPlatform) by extension 'ignore'
[1.486s] Level 1:colcon.colcon_core.package_identification:_identify(docker/0_libraries/resources/rt_models/QBotPlatform) by extension 'ignore_ament_install'
[1.487s] Level 1:colcon.colcon_core.package_identification:_identify(docker/0_libraries/resources/rt_models/QBotPlatform) by extensions ['colcon_pkg']
[1.487s] Level 1:colcon.colcon_core.package_identification:_identify(docker/0_libraries/resources/rt_models/QBotPlatform) by extension 'colcon_pkg'
[1.487s] Level 1:colcon.colcon_core.package_identification:_identify(docker/0_libraries/resources/rt_models/QBotPlatform) by extensions ['colcon_meta']
[1.487s] Level 1:colcon.colcon_core.package_identification:_identify(docker/0_libraries/resources/rt_models/QBotPlatform) by extension 'colcon_meta'
[1.487s] Level 1:colcon.colcon_core.package_identification:_identify(docker/0_libraries/resources/rt_models/QBotPlatform) by extensions ['ros']
[1.487s] Level 1:colcon.colcon_core.package_identification:_identify(docker/0_libraries/resources/rt_models/QBotPlatform) by extension 'ros'
[1.487s] Level 1:colcon.colcon_core.package_identification:_identify(docker/0_libraries/resources/rt_models/QBotPlatform) by extensions ['cmake', 'python']
[1.487s] Level 1:colcon.colcon_core.package_identification:_identify(docker/0_libraries/resources/rt_models/QBotPlatform) by extension 'cmake'
[1.487s] Level 1:colcon.colcon_core.package_identification:_identify(docker/0_libraries/resources/rt_models/QBotPlatform) by extension 'python'
[1.487s] Level 1:colcon.colcon_core.package_identification:_identify(docker/0_libraries/resources/rt_models/QBotPlatform) by extensions ['python_setup_py']
[1.487s] Level 1:colcon.colcon_core.package_identification:_identify(docker/0_libraries/resources/rt_models/QBotPlatform) by extension 'python_setup_py'
[1.487s] Level 1:colcon.colcon_core.package_identification:_identify(docker/0_libraries/resources/rt_models/QCar) by extensions ['ignore', 'ignore_ament_install']
[1.487s] Level 1:colcon.colcon_core.package_identification:_identify(docker/0_libraries/resources/rt_models/QCar) by extension 'ignore'
[1.487s] Level 1:colcon.colcon_core.package_identification:_identify(docker/0_libraries/resources/rt_models/QCar) by extension 'ignore_ament_install'
[1.487s] Level 1:colcon.colcon_core.package_identification:_identify(docker/0_libraries/resources/rt_models/QCar) by extensions ['colcon_pkg']
[1.487s] Level 1:colcon.colcon_core.package_identification:_identify(docker/0_libraries/resources/rt_models/QCar) by extension 'colcon_pkg'
[1.487s] Level 1:colcon.colcon_core.package_identification:_identify(docker/0_libraries/resources/rt_models/QCar) by extensions ['colcon_meta']
[1.487s] Level 1:colcon.colcon_core.package_identification:_identify(docker/0_libraries/resources/rt_models/QCar) by extension 'colcon_meta'
[1.487s] Level 1:colcon.colcon_core.package_identification:_identify(docker/0_libraries/resources/rt_models/QCar) by extensions ['ros']
[1.487s] Level 1:colcon.colcon_core.package_identification:_identify(docker/0_libraries/resources/rt_models/QCar) by extension 'ros'
[1.487s] Level 1:colcon.colcon_core.package_identification:_identify(docker/0_libraries/resources/rt_models/QCar) by extensions ['cmake', 'python']
[1.487s] Level 1:colcon.colcon_core.package_identification:_identify(docker/0_libraries/resources/rt_models/QCar) by extension 'cmake'
[1.487s] Level 1:colcon.colcon_core.package_identification:_identify(docker/0_libraries/resources/rt_models/QCar) by extension 'python'
[1.487s] Level 1:colcon.colcon_core.package_identification:_identify(docker/0_libraries/resources/rt_models/QCar) by extensions ['python_setup_py']
[1.487s] Level 1:colcon.colcon_core.package_identification:_identify(docker/0_libraries/resources/rt_models/QCar) by extension 'python_setup_py'
[1.487s] Level 1:colcon.colcon_core.package_identification:_identify(docker/0_libraries/resources/rt_models/QCar2) by extensions ['ignore', 'ignore_ament_install']
[1.487s] Level 1:colcon.colcon_core.package_identification:_identify(docker/0_libraries/resources/rt_models/QCar2) by extension 'ignore'
[1.487s] Level 1:colcon.colcon_core.package_identification:_identify(docker/0_libraries/resources/rt_models/QCar2) by extension 'ignore_ament_install'
[1.487s] Level 1:colcon.colcon_core.package_identification:_identify(docker/0_libraries/resources/rt_models/QCar2) by extensions ['colcon_pkg']
[1.487s] Level 1:colcon.colcon_core.package_identification:_identify(docker/0_libraries/resources/rt_models/QCar2) by extension 'colcon_pkg'
[1.487s] Level 1:colcon.colcon_core.package_identification:_identify(docker/0_libraries/resources/rt_models/QCar2) by extensions ['colcon_meta']
[1.487s] Level 1:colcon.colcon_core.package_identification:_identify(docker/0_libraries/resources/rt_models/QCar2) by extension 'colcon_meta'
[1.487s] Level 1:colcon.colcon_core.package_identification:_identify(docker/0_libraries/resources/rt_models/QCar2) by extensions ['ros']
[1.487s] Level 1:colcon.colcon_core.package_identification:_identify(docker/0_libraries/resources/rt_models/QCar2) by extension 'ros'
[1.487s] Level 1:colcon.colcon_core.package_identification:_identify(docker/0_libraries/resources/rt_models/QCar2) by extensions ['cmake', 'python']
[1.487s] Level 1:colcon.colcon_core.package_identification:_identify(docker/0_libraries/resources/rt_models/QCar2) by extension 'cmake'
[1.487s] Level 1:colcon.colcon_core.package_identification:_identify(docker/0_libraries/resources/rt_models/QCar2) by extension 'python'
[1.488s] Level 1:colcon.colcon_core.package_identification:_identify(docker/0_libraries/resources/rt_models/QCar2) by extensions ['python_setup_py']
[1.488s] Level 1:colcon.colcon_core.package_identification:_identify(docker/0_libraries/resources/rt_models/QCar2) by extension 'python_setup_py'
[1.488s] Level 1:colcon.colcon_core.package_identification:_identify(docker/0_libraries/resources/rt_models/QDrone2) by extensions ['ignore', 'ignore_ament_install']
[1.488s] Level 1:colcon.colcon_core.package_identification:_identify(docker/0_libraries/resources/rt_models/QDrone2) by extension 'ignore'
[1.488s] Level 1:colcon.colcon_core.package_identification:_identify(docker/0_libraries/resources/rt_models/QDrone2) by extension 'ignore_ament_install'
[1.488s] Level 1:colcon.colcon_core.package_identification:_identify(docker/0_libraries/resources/rt_models/QDrone2) by extensions ['colcon_pkg']
[1.488s] Level 1:colcon.colcon_core.package_identification:_identify(docker/0_libraries/resources/rt_models/QDrone2) by extension 'colcon_pkg'
[1.488s] Level 1:colcon.colcon_core.package_identification:_identify(docker/0_libraries/resources/rt_models/QDrone2) by extensions ['colcon_meta']
[1.488s] Level 1:colcon.colcon_core.package_identification:_identify(docker/0_libraries/resources/rt_models/QDrone2) by extension 'colcon_meta'
[1.488s] Level 1:colcon.colcon_core.package_identification:_identify(docker/0_libraries/resources/rt_models/QDrone2) by extensions ['ros']
[1.488s] Level 1:colcon.colcon_core.package_identification:_identify(docker/0_libraries/resources/rt_models/QDrone2) by extension 'ros'
[1.488s] Level 1:colcon.colcon_core.package_identification:_identify(docker/0_libraries/resources/rt_models/QDrone2) by extensions ['cmake', 'python']
[1.488s] Level 1:colcon.colcon_core.package_identification:_identify(docker/0_libraries/resources/rt_models/QDrone2) by extension 'cmake'
[1.488s] Level 1:colcon.colcon_core.package_identification:_identify(docker/0_libraries/resources/rt_models/QDrone2) by extension 'python'
[1.488s] Level 1:colcon.colcon_core.package_identification:_identify(docker/0_libraries/resources/rt_models/QDrone2) by extensions ['python_setup_py']
[1.488s] Level 1:colcon.colcon_core.package_identification:_identify(docker/0_libraries/resources/rt_models/QDrone2) by extension 'python_setup_py'
[1.488s] Level 1:colcon.colcon_core.package_identification:_identify(docker/development_docker) by extensions ['ignore', 'ignore_ament_install']
[1.488s] Level 1:colcon.colcon_core.package_identification:_identify(docker/development_docker) by extension 'ignore'
[1.488s] Level 1:colcon.colcon_core.package_identification:_identify(docker/development_docker) by extension 'ignore_ament_install'
[1.488s] Level 1:colcon.colcon_core.package_identification:_identify(docker/development_docker) by extensions ['colcon_pkg']
[1.488s] Level 1:colcon.colcon_core.package_identification:_identify(docker/development_docker) by extension 'colcon_pkg'
[1.488s] Level 1:colcon.colcon_core.package_identification:_identify(docker/development_docker) by extensions ['colcon_meta']
[1.488s] Level 1:colcon.colcon_core.package_identification:_identify(docker/development_docker) by extension 'colcon_meta'
[1.488s] Level 1:colcon.colcon_core.package_identification:_identify(docker/development_docker) by extensions ['ros']
[1.488s] Level 1:colcon.colcon_core.package_identification:_identify(docker/development_docker) by extension 'ros'
[1.488s] Level 1:colcon.colcon_core.package_identification:_identify(docker/development_docker) by extensions ['cmake', 'python']
[1.488s] Level 1:colcon.colcon_core.package_identification:_identify(docker/development_docker) by extension 'cmake'
[1.488s] Level 1:colcon.colcon_core.package_identification:_identify(docker/development_docker) by extension 'python'
[1.488s] Level 1:colcon.colcon_core.package_identification:_identify(docker/development_docker) by extensions ['python_setup_py']
[1.488s] Level 1:colcon.colcon_core.package_identification:_identify(docker/development_docker) by extension 'python_setup_py'
[1.488s] Level 1:colcon.colcon_core.package_identification:_identify(docker/development_docker/debian) by extensions ['ignore', 'ignore_ament_install']
[1.488s] Level 1:colcon.colcon_core.package_identification:_identify(docker/development_docker/debian) by extension 'ignore'
[1.488s] Level 1:colcon.colcon_core.package_identification:_identify(docker/development_docker/debian) by extension 'ignore_ament_install'
[1.488s] Level 1:colcon.colcon_core.package_identification:_identify(docker/development_docker/debian) by extensions ['colcon_pkg']
[1.488s] Level 1:colcon.colcon_core.package_identification:_identify(docker/development_docker/debian) by extension 'colcon_pkg'
[1.488s] Level 1:colcon.colcon_core.package_identification:_identify(docker/development_docker/debian) by extensions ['colcon_meta']
[1.489s] Level 1:colcon.colcon_core.package_identification:_identify(docker/development_docker/debian) by extension 'colcon_meta'
[1.489s] Level 1:colcon.colcon_core.package_identification:_identify(docker/development_docker/debian) by extensions ['ros']
[1.489s] Level 1:colcon.colcon_core.package_identification:_identify(docker/development_docker/debian) by extension 'ros'
[1.489s] Level 1:colcon.colcon_core.package_identification:_identify(docker/development_docker/debian) by extensions ['cmake', 'python']
[1.489s] Level 1:colcon.colcon_core.package_identification:_identify(docker/development_docker/debian) by extension 'cmake'
[1.489s] Level 1:colcon.colcon_core.package_identification:_identify(docker/development_docker/debian) by extension 'python'
[1.489s] Level 1:colcon.colcon_core.package_identification:_identify(docker/development_docker/debian) by extensions ['python_setup_py']
[1.489s] Level 1:colcon.colcon_core.package_identification:_identify(docker/development_docker/debian) by extension 'python_setup_py'
[1.489s] Level 1:colcon.colcon_core.package_identification:_identify(docker/development_docker/isaac_ros_common_config) by extensions ['ignore', 'ignore_ament_install']
[1.489s] Level 1:colcon.colcon_core.package_identification:_identify(docker/development_docker/isaac_ros_common_config) by extension 'ignore'
[1.489s] Level 1:colcon.colcon_core.package_identification:_identify(docker/development_docker/isaac_ros_common_config) by extension 'ignore_ament_install'
[1.489s] Level 1:colcon.colcon_core.package_identification:_identify(docker/development_docker/isaac_ros_common_config) by extensions ['colcon_pkg']
[1.489s] Level 1:colcon.colcon_core.package_identification:_identify(docker/development_docker/isaac_ros_common_config) by extension 'colcon_pkg'
[1.489s] Level 1:colcon.colcon_core.package_identification:_identify(docker/development_docker/isaac_ros_common_config) by extensions ['colcon_meta']
[1.489s] Level 1:colcon.colcon_core.package_identification:_identify(docker/development_docker/isaac_ros_common_config) by extension 'colcon_meta'
[1.489s] Level 1:colcon.colcon_core.package_identification:_identify(docker/development_docker/isaac_ros_common_config) by extensions ['ros']
[1.489s] Level 1:colcon.colcon_core.package_identification:_identify(docker/development_docker/isaac_ros_common_config) by extension 'ros'
[1.489s] Level 1:colcon.colcon_core.package_identification:_identify(docker/development_docker/isaac_ros_common_config) by extensions ['cmake', 'python']
[1.489s] Level 1:colcon.colcon_core.package_identification:_identify(docker/development_docker/isaac_ros_common_config) by extension 'cmake'
[1.489s] Level 1:colcon.colcon_core.package_identification:_identify(docker/development_docker/isaac_ros_common_config) by extension 'python'
[1.489s] Level 1:colcon.colcon_core.package_identification:_identify(docker/development_docker/isaac_ros_common_config) by extensions ['python_setup_py']
[1.489s] Level 1:colcon.colcon_core.package_identification:_identify(docker/development_docker/isaac_ros_common_config) by extension 'python_setup_py'
[1.489s] Level 1:colcon.colcon_core.package_identification:_identify(docker/development_docker/quanser_dev_docker_files) by extensions ['ignore', 'ignore_ament_install']
[1.489s] Level 1:colcon.colcon_core.package_identification:_identify(docker/development_docker/quanser_dev_docker_files) by extension 'ignore'
[1.489s] Level 1:colcon.colcon_core.package_identification:_identify(docker/development_docker/quanser_dev_docker_files) by extension 'ignore_ament_install'
[1.489s] Level 1:colcon.colcon_core.package_identification:_identify(docker/development_docker/quanser_dev_docker_files) by extensions ['colcon_pkg']
[1.489s] Level 1:colcon.colcon_core.package_identification:_identify(docker/development_docker/quanser_dev_docker_files) by extension 'colcon_pkg'
[1.489s] Level 1:colcon.colcon_core.package_identification:_identify(docker/development_docker/quanser_dev_docker_files) by extensions ['colcon_meta']
[1.489s] Level 1:colcon.colcon_core.package_identification:_identify(docker/development_docker/quanser_dev_docker_files) by extension 'colcon_meta'
[1.489s] Level 1:colcon.colcon_core.package_identification:_identify(docker/development_docker/quanser_dev_docker_files) by extensions ['ros']
[1.489s] Level 1:colcon.colcon_core.package_identification:_identify(docker/development_docker/quanser_dev_docker_files) by extension 'ros'
[1.489s] Level 1:colcon.colcon_core.package_identification:_identify(docker/development_docker/quanser_dev_docker_files) by extensions ['cmake', 'python']
[1.489s] Level 1:colcon.colcon_core.package_identification:_identify(docker/development_docker/quanser_dev_docker_files) by extension 'cmake'
[1.489s] Level 1:colcon.colcon_core.package_identification:_identify(docker/development_docker/quanser_dev_docker_files) by extension 'python'
[1.489s] Level 1:colcon.colcon_core.package_identification:_identify(docker/development_docker/quanser_dev_docker_files) by extensions ['python_setup_py']
[1.489s] Level 1:colcon.colcon_core.package_identification:_identify(docker/development_docker/quanser_dev_docker_files) by extension 'python_setup_py'
[1.489s] Level 1:colcon.colcon_core.package_identification:_identify(docker/development_docker/quanser_dev_docker_files/0_libraries) by extensions ['ignore', 'ignore_ament_install']
[1.489s] Level 1:colcon.colcon_core.package_identification:_identify(docker/development_docker/quanser_dev_docker_files/0_libraries) by extension 'ignore'
[1.489s] Level 1:colcon.colcon_core.package_identification:_identify(docker/development_docker/quanser_dev_docker_files/0_libraries) by extension 'ignore_ament_install'
[1.490s] Level 1:colcon.colcon_core.package_identification:_identify(docker/development_docker/quanser_dev_docker_files/0_libraries) by extensions ['colcon_pkg']
[1.490s] Level 1:colcon.colcon_core.package_identification:_identify(docker/development_docker/quanser_dev_docker_files/0_libraries) by extension 'colcon_pkg'
[1.490s] Level 1:colcon.colcon_core.package_identification:_identify(docker/development_docker/quanser_dev_docker_files/0_libraries) by extensions ['colcon_meta']
[1.490s] Level 1:colcon.colcon_core.package_identification:_identify(docker/development_docker/quanser_dev_docker_files/0_libraries) by extension 'colcon_meta'
[1.490s] Level 1:colcon.colcon_core.package_identification:_identify(docker/development_docker/quanser_dev_docker_files/0_libraries) by extensions ['ros']
[1.490s] Level 1:colcon.colcon_core.package_identification:_identify(docker/development_docker/quanser_dev_docker_files/0_libraries) by extension 'ros'
[1.490s] Level 1:colcon.colcon_core.package_identification:_identify(docker/development_docker/quanser_dev_docker_files/0_libraries) by extensions ['cmake', 'python']
[1.490s] Level 1:colcon.colcon_core.package_identification:_identify(docker/development_docker/quanser_dev_docker_files/0_libraries) by extension 'cmake'
[1.490s] Level 1:colcon.colcon_core.package_identification:_identify(docker/development_docker/quanser_dev_docker_files/0_libraries) by extension 'python'
[1.490s] Level 1:colcon.colcon_core.package_identification:_identify(docker/development_docker/quanser_dev_docker_files/0_libraries) by extensions ['python_setup_py']
[1.490s] Level 1:colcon.colcon_core.package_identification:_identify(docker/development_docker/quanser_dev_docker_files/0_libraries) by extension 'python_setup_py'
[1.490s] Level 1:colcon.colcon_core.package_identification:_identify(docker/development_docker/quanser_dev_docker_files/0_libraries/python) by extensions ['ignore', 'ignore_ament_install']
[1.490s] Level 1:colcon.colcon_core.package_identification:_identify(docker/development_docker/quanser_dev_docker_files/0_libraries/python) by extension 'ignore'
[1.490s] Level 1:colcon.colcon_core.package_identification:_identify(docker/development_docker/quanser_dev_docker_files/0_libraries/python) by extension 'ignore_ament_install'
[1.490s] Level 1:colcon.colcon_core.package_identification:_identify(docker/development_docker/quanser_dev_docker_files/0_libraries/python) by extensions ['colcon_pkg']
[1.490s] Level 1:colcon.colcon_core.package_identification:_identify(docker/development_docker/quanser_dev_docker_files/0_libraries/python) by extension 'colcon_pkg'
[1.490s] Level 1:colcon.colcon_core.package_identification:_identify(docker/development_docker/quanser_dev_docker_files/0_libraries/python) by extensions ['colcon_meta']
[1.490s] Level 1:colcon.colcon_core.package_identification:_identify(docker/development_docker/quanser_dev_docker_files/0_libraries/python) by extension 'colcon_meta'
[1.490s] Level 1:colcon.colcon_core.package_identification:_identify(docker/development_docker/quanser_dev_docker_files/0_libraries/python) by extensions ['ros']
[1.490s] Level 1:colcon.colcon_core.package_identification:_identify(docker/development_docker/quanser_dev_docker_files/0_libraries/python) by extension 'ros'
[1.490s] Level 1:colcon.colcon_core.package_identification:_identify(docker/development_docker/quanser_dev_docker_files/0_libraries/python) by extensions ['cmake', 'python']
[1.490s] Level 1:colcon.colcon_core.package_identification:_identify(docker/development_docker/quanser_dev_docker_files/0_libraries/python) by extension 'cmake'
[1.490s] Level 1:colcon.colcon_core.package_identification:_identify(docker/development_docker/quanser_dev_docker_files/0_libraries/python) by extension 'python'
[1.490s] Level 1:colcon.colcon_core.package_identification:_identify(docker/development_docker/quanser_dev_docker_files/0_libraries/python) by extensions ['python_setup_py']
[1.490s] Level 1:colcon.colcon_core.package_identification:_identify(docker/development_docker/quanser_dev_docker_files/0_libraries/python) by extension 'python_setup_py'
[1.490s] Level 1:colcon.colcon_core.package_identification:_identify(docker/development_docker/quanser_dev_docker_files/0_libraries/python/hal) by extensions ['ignore', 'ignore_ament_install']
[1.490s] Level 1:colcon.colcon_core.package_identification:_identify(docker/development_docker/quanser_dev_docker_files/0_libraries/python/hal) by extension 'ignore'
[1.490s] Level 1:colcon.colcon_core.package_identification:_identify(docker/development_docker/quanser_dev_docker_files/0_libraries/python/hal) by extension 'ignore_ament_install'
[1.490s] Level 1:colcon.colcon_core.package_identification:_identify(docker/development_docker/quanser_dev_docker_files/0_libraries/python/hal) by extensions ['colcon_pkg']
[1.490s] Level 1:colcon.colcon_core.package_identification:_identify(docker/development_docker/quanser_dev_docker_files/0_libraries/python/hal) by extension 'colcon_pkg'
[1.490s] Level 1:colcon.colcon_core.package_identification:_identify(docker/development_docker/quanser_dev_docker_files/0_libraries/python/hal) by extensions ['colcon_meta']
[1.490s] Level 1:colcon.colcon_core.package_identification:_identify(docker/development_docker/quanser_dev_docker_files/0_libraries/python/hal) by extension 'colcon_meta'
[1.490s] Level 1:colcon.colcon_core.package_identification:_identify(docker/development_docker/quanser_dev_docker_files/0_libraries/python/hal) by extensions ['ros']
[1.490s] Level 1:colcon.colcon_core.package_identification:_identify(docker/development_docker/quanser_dev_docker_files/0_libraries/python/hal) by extension 'ros'
[1.490s] Level 1:colcon.colcon_core.package_identification:_identify(docker/development_docker/quanser_dev_docker_files/0_libraries/python/hal) by extensions ['cmake', 'python']
[1.490s] Level 1:colcon.colcon_core.package_identification:_identify(docker/development_docker/quanser_dev_docker_files/0_libraries/python/hal) by extension 'cmake'
[1.490s] Level 1:colcon.colcon_core.package_identification:_identify(docker/development_docker/quanser_dev_docker_files/0_libraries/python/hal) by extension 'python'
[1.490s] Level 1:colcon.colcon_core.package_identification:_identify(docker/development_docker/quanser_dev_docker_files/0_libraries/python/hal) by extensions ['python_setup_py']
[1.491s] Level 1:colcon.colcon_core.package_identification:_identify(docker/development_docker/quanser_dev_docker_files/0_libraries/python/hal) by extension 'python_setup_py'
[1.491s] Level 1:colcon.colcon_core.package_identification:_identify(docker/development_docker/quanser_dev_docker_files/0_libraries/python/hal/content) by extensions ['ignore', 'ignore_ament_install']
[1.491s] Level 1:colcon.colcon_core.package_identification:_identify(docker/development_docker/quanser_dev_docker_files/0_libraries/python/hal/content) by extension 'ignore'
[1.491s] Level 1:colcon.colcon_core.package_identification:_identify(docker/development_docker/quanser_dev_docker_files/0_libraries/python/hal/content) by extension 'ignore_ament_install'
[1.491s] Level 1:colcon.colcon_core.package_identification:_identify(docker/development_docker/quanser_dev_docker_files/0_libraries/python/hal/content) by extensions ['colcon_pkg']
[1.491s] Level 1:colcon.colcon_core.package_identification:_identify(docker/development_docker/quanser_dev_docker_files/0_libraries/python/hal/content) by extension 'colcon_pkg'
[1.491s] Level 1:colcon.colcon_core.package_identification:_identify(docker/development_docker/quanser_dev_docker_files/0_libraries/python/hal/content) by extensions ['colcon_meta']
[1.491s] Level 1:colcon.colcon_core.package_identification:_identify(docker/development_docker/quanser_dev_docker_files/0_libraries/python/hal/content) by extension 'colcon_meta'
[1.491s] Level 1:colcon.colcon_core.package_identification:_identify(docker/development_docker/quanser_dev_docker_files/0_libraries/python/hal/content) by extensions ['ros']
[1.491s] Level 1:colcon.colcon_core.package_identification:_identify(docker/development_docker/quanser_dev_docker_files/0_libraries/python/hal/content) by extension 'ros'
[1.491s] Level 1:colcon.colcon_core.package_identification:_identify(docker/development_docker/quanser_dev_docker_files/0_libraries/python/hal/content) by extensions ['cmake', 'python']
[1.491s] Level 1:colcon.colcon_core.package_identification:_identify(docker/development_docker/quanser_dev_docker_files/0_libraries/python/hal/content) by extension 'cmake'
[1.491s] Level 1:colcon.colcon_core.package_identification:_identify(docker/development_docker/quanser_dev_docker_files/0_libraries/python/hal/content) by extension 'python'
[1.491s] Level 1:colcon.colcon_core.package_identification:_identify(docker/development_docker/quanser_dev_docker_files/0_libraries/python/hal/content) by extensions ['python_setup_py']
[1.491s] Level 1:colcon.colcon_core.package_identification:_identify(docker/development_docker/quanser_dev_docker_files/0_libraries/python/hal/content) by extension 'python_setup_py'
[1.491s] Level 1:colcon.colcon_core.package_identification:_identify(docker/development_docker/quanser_dev_docker_files/0_libraries/python/hal/products) by extensions ['ignore', 'ignore_ament_install']
[1.491s] Level 1:colcon.colcon_core.package_identification:_identify(docker/development_docker/quanser_dev_docker_files/0_libraries/python/hal/products) by extension 'ignore'
[1.491s] Level 1:colcon.colcon_core.package_identification:_identify(docker/development_docker/quanser_dev_docker_files/0_libraries/python/hal/products) by extension 'ignore_ament_install'
[1.491s] Level 1:colcon.colcon_core.package_identification:_identify(docker/development_docker/quanser_dev_docker_files/0_libraries/python/hal/products) by extensions ['colcon_pkg']
[1.491s] Level 1:colcon.colcon_core.package_identification:_identify(docker/development_docker/quanser_dev_docker_files/0_libraries/python/hal/products) by extension 'colcon_pkg'
[1.491s] Level 1:colcon.colcon_core.package_identification:_identify(docker/development_docker/quanser_dev_docker_files/0_libraries/python/hal/products) by extensions ['colcon_meta']
[1.491s] Level 1:colcon.colcon_core.package_identification:_identify(docker/development_docker/quanser_dev_docker_files/0_libraries/python/hal/products) by extension 'colcon_meta'
[1.491s] Level 1:colcon.colcon_core.package_identification:_identify(docker/development_docker/quanser_dev_docker_files/0_libraries/python/hal/products) by extensions ['ros']
[1.491s] Level 1:colcon.colcon_core.package_identification:_identify(docker/development_docker/quanser_dev_docker_files/0_libraries/python/hal/products) by extension 'ros'
[1.491s] Level 1:colcon.colcon_core.package_identification:_identify(docker/development_docker/quanser_dev_docker_files/0_libraries/python/hal/products) by extensions ['cmake', 'python']
[1.491s] Level 1:colcon.colcon_core.package_identification:_identify(docker/development_docker/quanser_dev_docker_files/0_libraries/python/hal/products) by extension 'cmake'
[1.491s] Level 1:colcon.colcon_core.package_identification:_identify(docker/development_docker/quanser_dev_docker_files/0_libraries/python/hal/products) by extension 'python'
[1.491s] Level 1:colcon.colcon_core.package_identification:_identify(docker/development_docker/quanser_dev_docker_files/0_libraries/python/hal/products) by extensions ['python_setup_py']
[1.491s] Level 1:colcon.colcon_core.package_identification:_identify(docker/development_docker/quanser_dev_docker_files/0_libraries/python/hal/products) by extension 'python_setup_py'
[1.491s] Level 1:colcon.colcon_core.package_identification:_identify(docker/development_docker/quanser_dev_docker_files/0_libraries/python/hal/utilities) by extensions ['ignore', 'ignore_ament_install']
[1.491s] Level 1:colcon.colcon_core.package_identification:_identify(docker/development_docker/quanser_dev_docker_files/0_libraries/python/hal/utilities) by extension 'ignore'
[1.491s] Level 1:colcon.colcon_core.package_identification:_identify(docker/development_docker/quanser_dev_docker_files/0_libraries/python/hal/utilities) by extension 'ignore_ament_install'
[1.491s] Level 1:colcon.colcon_core.package_identification:_identify(docker/development_docker/quanser_dev_docker_files/0_libraries/python/hal/utilities) by extensions ['colcon_pkg']
[1.491s] Level 1:colcon.colcon_core.package_identification:_identify(docker/development_docker/quanser_dev_docker_files/0_libraries/python/hal/utilities) by extension 'colcon_pkg'
[1.491s] Level 1:colcon.colcon_core.package_identification:_identify(docker/development_docker/quanser_dev_docker_files/0_libraries/python/hal/utilities) by extensions ['colcon_meta']
[1.491s] Level 1:colcon.colcon_core.package_identification:_identify(docker/development_docker/quanser_dev_docker_files/0_libraries/python/hal/utilities) by extension 'colcon_meta'
[1.492s] Level 1:colcon.colcon_core.package_identification:_identify(docker/development_docker/quanser_dev_docker_files/0_libraries/python/hal/utilities) by extensions ['ros']
[1.492s] Level 1:colcon.colcon_core.package_identification:_identify(docker/development_docker/quanser_dev_docker_files/0_libraries/python/hal/utilities) by extension 'ros'
[1.492s] Level 1:colcon.colcon_core.package_identification:_identify(docker/development_docker/quanser_dev_docker_files/0_libraries/python/hal/utilities) by extensions ['cmake', 'python']
[1.492s] Level 1:colcon.colcon_core.package_identification:_identify(docker/development_docker/quanser_dev_docker_files/0_libraries/python/hal/utilities) by extension 'cmake'
[1.492s] Level 1:colcon.colcon_core.package_identification:_identify(docker/development_docker/quanser_dev_docker_files/0_libraries/python/hal/utilities) by extension 'python'
[1.492s] Level 1:colcon.colcon_core.package_identification:_identify(docker/development_docker/quanser_dev_docker_files/0_libraries/python/hal/utilities) by extensions ['python_setup_py']
[1.492s] Level 1:colcon.colcon_core.package_identification:_identify(docker/development_docker/quanser_dev_docker_files/0_libraries/python/hal/utilities) by extension 'python_setup_py'
[1.492s] Level 1:colcon.colcon_core.package_identification:_identify(docker/development_docker/quanser_dev_docker_files/0_libraries/python/pal) by extensions ['ignore', 'ignore_ament_install']
[1.492s] Level 1:colcon.colcon_core.package_identification:_identify(docker/development_docker/quanser_dev_docker_files/0_libraries/python/pal) by extension 'ignore'
[1.492s] Level 1:colcon.colcon_core.package_identification:_identify(docker/development_docker/quanser_dev_docker_files/0_libraries/python/pal) by extension 'ignore_ament_install'
[1.492s] Level 1:colcon.colcon_core.package_identification:_identify(docker/development_docker/quanser_dev_docker_files/0_libraries/python/pal) by extensions ['colcon_pkg']
[1.492s] Level 1:colcon.colcon_core.package_identification:_identify(docker/development_docker/quanser_dev_docker_files/0_libraries/python/pal) by extension 'colcon_pkg'
[1.492s] Level 1:colcon.colcon_core.package_identification:_identify(docker/development_docker/quanser_dev_docker_files/0_libraries/python/pal) by extensions ['colcon_meta']
[1.492s] Level 1:colcon.colcon_core.package_identification:_identify(docker/development_docker/quanser_dev_docker_files/0_libraries/python/pal) by extension 'colcon_meta'
[1.492s] Level 1:colcon.colcon_core.package_identification:_identify(docker/development_docker/quanser_dev_docker_files/0_libraries/python/pal) by extensions ['ros']
[1.492s] Level 1:colcon.colcon_core.package_identification:_identify(docker/development_docker/quanser_dev_docker_files/0_libraries/python/pal) by extension 'ros'
[1.492s] Level 1:colcon.colcon_core.package_identification:_identify(docker/development_docker/quanser_dev_docker_files/0_libraries/python/pal) by extensions ['cmake', 'python']
[1.492s] Level 1:colcon.colcon_core.package_identification:_identify(docker/development_docker/quanser_dev_docker_files/0_libraries/python/pal) by extension 'cmake'
[1.492s] Level 1:colcon.colcon_core.package_identification:_identify(docker/development_docker/quanser_dev_docker_files/0_libraries/python/pal) by extension 'python'
[1.492s] Level 1:colcon.colcon_core.package_identification:_identify(docker/development_docker/quanser_dev_docker_files/0_libraries/python/pal) by extensions ['python_setup_py']
[1.492s] Level 1:colcon.colcon_core.package_identification:_identify(docker/development_docker/quanser_dev_docker_files/0_libraries/python/pal) by extension 'python_setup_py'
[1.492s] Level 1:colcon.colcon_core.package_identification:_identify(docker/development_docker/quanser_dev_docker_files/0_libraries/python/pal/products) by extensions ['ignore', 'ignore_ament_install']
[1.492s] Level 1:colcon.colcon_core.package_identification:_identify(docker/development_docker/quanser_dev_docker_files/0_libraries/python/pal/products) by extension 'ignore'
[1.492s] Level 1:colcon.colcon_core.package_identification:_identify(docker/development_docker/quanser_dev_docker_files/0_libraries/python/pal/products) by extension 'ignore_ament_install'
[1.492s] Level 1:colcon.colcon_core.package_identification:_identify(docker/development_docker/quanser_dev_docker_files/0_libraries/python/pal/products) by extensions ['colcon_pkg']
[1.492s] Level 1:colcon.colcon_core.package_identification:_identify(docker/development_docker/quanser_dev_docker_files/0_libraries/python/pal/products) by extension 'colcon_pkg'
[1.492s] Level 1:colcon.colcon_core.package_identification:_identify(docker/development_docker/quanser_dev_docker_files/0_libraries/python/pal/products) by extensions ['colcon_meta']
[1.492s] Level 1:colcon.colcon_core.package_identification:_identify(docker/development_docker/quanser_dev_docker_files/0_libraries/python/pal/products) by extension 'colcon_meta'
[1.492s] Level 1:colcon.colcon_core.package_identification:_identify(docker/development_docker/quanser_dev_docker_files/0_libraries/python/pal/products) by extensions ['ros']
[1.492s] Level 1:colcon.colcon_core.package_identification:_identify(docker/development_docker/quanser_dev_docker_files/0_libraries/python/pal/products) by extension 'ros'
[1.492s] Level 1:colcon.colcon_core.package_identification:_identify(docker/development_docker/quanser_dev_docker_files/0_libraries/python/pal/products) by extensions ['cmake', 'python']
[1.492s] Level 1:colcon.colcon_core.package_identification:_identify(docker/development_docker/quanser_dev_docker_files/0_libraries/python/pal/products) by extension 'cmake'
[1.492s] Level 1:colcon.colcon_core.package_identification:_identify(docker/development_docker/quanser_dev_docker_files/0_libraries/python/pal/products) by extension 'python'
[1.492s] Level 1:colcon.colcon_core.package_identification:_identify(docker/development_docker/quanser_dev_docker_files/0_libraries/python/pal/products) by extensions ['python_setup_py']
[1.492s] Level 1:colcon.colcon_core.package_identification:_identify(docker/development_docker/quanser_dev_docker_files/0_libraries/python/pal/products) by extension 'python_setup_py'
[1.492s] Level 1:colcon.colcon_core.package_identification:_identify(docker/development_docker/quanser_dev_docker_files/0_libraries/python/pal/resources) by extensions ['ignore', 'ignore_ament_install']
[1.492s] Level 1:colcon.colcon_core.package_identification:_identify(docker/development_docker/quanser_dev_docker_files/0_libraries/python/pal/resources) by extension 'ignore'
[1.493s] Level 1:colcon.colcon_core.package_identification:_identify(docker/development_docker/quanser_dev_docker_files/0_libraries/python/pal/resources) by extension 'ignore_ament_install'
[1.493s] Level 1:colcon.colcon_core.package_identification:_identify(docker/development_docker/quanser_dev_docker_files/0_libraries/python/pal/resources) by extensions ['colcon_pkg']
[1.493s] Level 1:colcon.colcon_core.package_identification:_identify(docker/development_docker/quanser_dev_docker_files/0_libraries/python/pal/resources) by extension 'colcon_pkg'
[1.493s] Level 1:colcon.colcon_core.package_identification:_identify(docker/development_docker/quanser_dev_docker_files/0_libraries/python/pal/resources) by extensions ['colcon_meta']
[1.493s] Level 1:colcon.colcon_core.package_identification:_identify(docker/development_docker/quanser_dev_docker_files/0_libraries/python/pal/resources) by extension 'colcon_meta'
[1.493s] Level 1:colcon.colcon_core.package_identification:_identify(docker/development_docker/quanser_dev_docker_files/0_libraries/python/pal/resources) by extensions ['ros']
[1.493s] Level 1:colcon.colcon_core.package_identification:_identify(docker/development_docker/quanser_dev_docker_files/0_libraries/python/pal/resources) by extension 'ros'
[1.493s] Level 1:colcon.colcon_core.package_identification:_identify(docker/development_docker/quanser_dev_docker_files/0_libraries/python/pal/resources) by extensions ['cmake', 'python']
[1.493s] Level 1:colcon.colcon_core.package_identification:_identify(docker/development_docker/quanser_dev_docker_files/0_libraries/python/pal/resources) by extension 'cmake'
[1.493s] Level 1:colcon.colcon_core.package_identification:_identify(docker/development_docker/quanser_dev_docker_files/0_libraries/python/pal/resources) by extension 'python'
[1.493s] Level 1:colcon.colcon_core.package_identification:_identify(docker/development_docker/quanser_dev_docker_files/0_libraries/python/pal/resources) by extensions ['python_setup_py']
[1.493s] Level 1:colcon.colcon_core.package_identification:_identify(docker/development_docker/quanser_dev_docker_files/0_libraries/python/pal/resources) by extension 'python_setup_py'
[1.493s] Level 1:colcon.colcon_core.package_identification:_identify(docker/development_docker/quanser_dev_docker_files/0_libraries/python/pal/utilities) by extensions ['ignore', 'ignore_ament_install']
[1.493s] Level 1:colcon.colcon_core.package_identification:_identify(docker/development_docker/quanser_dev_docker_files/0_libraries/python/pal/utilities) by extension 'ignore'
[1.493s] Level 1:colcon.colcon_core.package_identification:_identify(docker/development_docker/quanser_dev_docker_files/0_libraries/python/pal/utilities) by extension 'ignore_ament_install'
[1.493s] Level 1:colcon.colcon_core.package_identification:_identify(docker/development_docker/quanser_dev_docker_files/0_libraries/python/pal/utilities) by extensions ['colcon_pkg']
[1.493s] Level 1:colcon.colcon_core.package_identification:_identify(docker/development_docker/quanser_dev_docker_files/0_libraries/python/pal/utilities) by extension 'colcon_pkg'
[1.493s] Level 1:colcon.colcon_core.package_identification:_identify(docker/development_docker/quanser_dev_docker_files/0_libraries/python/pal/utilities) by extensions ['colcon_meta']
[1.493s] Level 1:colcon.colcon_core.package_identification:_identify(docker/development_docker/quanser_dev_docker_files/0_libraries/python/pal/utilities) by extension 'colcon_meta'
[1.493s] Level 1:colcon.colcon_core.package_identification:_identify(docker/development_docker/quanser_dev_docker_files/0_libraries/python/pal/utilities) by extensions ['ros']
[1.493s] Level 1:colcon.colcon_core.package_identification:_identify(docker/development_docker/quanser_dev_docker_files/0_libraries/python/pal/utilities) by extension 'ros'
[1.493s] Level 1:colcon.colcon_core.package_identification:_identify(docker/development_docker/quanser_dev_docker_files/0_libraries/python/pal/utilities) by extensions ['cmake', 'python']
[1.493s] Level 1:colcon.colcon_core.package_identification:_identify(docker/development_docker/quanser_dev_docker_files/0_libraries/python/pal/utilities) by extension 'cmake'
[1.493s] Level 1:colcon.colcon_core.package_identification:_identify(docker/development_docker/quanser_dev_docker_files/0_libraries/python/pal/utilities) by extension 'python'
[1.493s] Level 1:colcon.colcon_core.package_identification:_identify(docker/development_docker/quanser_dev_docker_files/0_libraries/python/pal/utilities) by extensions ['python_setup_py']
[1.493s] Level 1:colcon.colcon_core.package_identification:_identify(docker/development_docker/quanser_dev_docker_files/0_libraries/python/pal/utilities) by extension 'python_setup_py'
[1.493s] Level 1:colcon.colcon_core.package_identification:_identify(docker/development_docker/quanser_dev_docker_files/0_libraries/python/pit) by extensions ['ignore', 'ignore_ament_install']
[1.493s] Level 1:colcon.colcon_core.package_identification:_identify(docker/development_docker/quanser_dev_docker_files/0_libraries/python/pit) by extension 'ignore'
[1.493s] Level 1:colcon.colcon_core.package_identification:_identify(docker/development_docker/quanser_dev_docker_files/0_libraries/python/pit) by extension 'ignore_ament_install'
[1.493s] Level 1:colcon.colcon_core.package_identification:_identify(docker/development_docker/quanser_dev_docker_files/0_libraries/python/pit) by extensions ['colcon_pkg']
[1.493s] Level 1:colcon.colcon_core.package_identification:_identify(docker/development_docker/quanser_dev_docker_files/0_libraries/python/pit) by extension 'colcon_pkg'
[1.493s] Level 1:colcon.colcon_core.package_identification:_identify(docker/development_docker/quanser_dev_docker_files/0_libraries/python/pit) by extensions ['colcon_meta']
[1.493s] Level 1:colcon.colcon_core.package_identification:_identify(docker/development_docker/quanser_dev_docker_files/0_libraries/python/pit) by extension 'colcon_meta'
[1.493s] Level 1:colcon.colcon_core.package_identification:_identify(docker/development_docker/quanser_dev_docker_files/0_libraries/python/pit) by extensions ['ros']
[1.493s] Level 1:colcon.colcon_core.package_identification:_identify(docker/development_docker/quanser_dev_docker_files/0_libraries/python/pit) by extension 'ros'
[1.493s] Level 1:colcon.colcon_core.package_identification:_identify(docker/development_docker/quanser_dev_docker_files/0_libraries/python/pit) by extensions ['cmake', 'python']
[1.493s] Level 1:colcon.colcon_core.package_identification:_identify(docker/development_docker/quanser_dev_docker_files/0_libraries/python/pit) by extension 'cmake'
[1.493s] Level 1:colcon.colcon_core.package_identification:_identify(docker/development_docker/quanser_dev_docker_files/0_libraries/python/pit) by extension 'python'
[1.493s] Level 1:colcon.colcon_core.package_identification:_identify(docker/development_docker/quanser_dev_docker_files/0_libraries/python/pit) by extensions ['python_setup_py']
[1.494s] Level 1:colcon.colcon_core.package_identification:_identify(docker/development_docker/quanser_dev_docker_files/0_libraries/python/pit) by extension 'python_setup_py'
[1.494s] Level 1:colcon.colcon_core.package_identification:_identify(docker/development_docker/quanser_dev_docker_files/0_libraries/python/pit/LaneNet) by extensions ['ignore', 'ignore_ament_install']
[1.494s] Level 1:colcon.colcon_core.package_identification:_identify(docker/development_docker/quanser_dev_docker_files/0_libraries/python/pit/LaneNet) by extension 'ignore'
[1.494s] Level 1:colcon.colcon_core.package_identification:_identify(docker/development_docker/quanser_dev_docker_files/0_libraries/python/pit/LaneNet) by extension 'ignore_ament_install'
[1.494s] Level 1:colcon.colcon_core.package_identification:_identify(docker/development_docker/quanser_dev_docker_files/0_libraries/python/pit/LaneNet) by extensions ['colcon_pkg']
[1.494s] Level 1:colcon.colcon_core.package_identification:_identify(docker/development_docker/quanser_dev_docker_files/0_libraries/python/pit/LaneNet) by extension 'colcon_pkg'
[1.494s] Level 1:colcon.colcon_core.package_identification:_identify(docker/development_docker/quanser_dev_docker_files/0_libraries/python/pit/LaneNet) by extensions ['colcon_meta']
[1.494s] Level 1:colcon.colcon_core.package_identification:_identify(docker/development_docker/quanser_dev_docker_files/0_libraries/python/pit/LaneNet) by extension 'colcon_meta'
[1.494s] Level 1:colcon.colcon_core.package_identification:_identify(docker/development_docker/quanser_dev_docker_files/0_libraries/python/pit/LaneNet) by extensions ['ros']
[1.494s] Level 1:colcon.colcon_core.package_identification:_identify(docker/development_docker/quanser_dev_docker_files/0_libraries/python/pit/LaneNet) by extension 'ros'
[1.494s] Level 1:colcon.colcon_core.package_identification:_identify(docker/development_docker/quanser_dev_docker_files/0_libraries/python/pit/LaneNet) by extensions ['cmake', 'python']
[1.494s] Level 1:colcon.colcon_core.package_identification:_identify(docker/development_docker/quanser_dev_docker_files/0_libraries/python/pit/LaneNet) by extension 'cmake'
[1.494s] Level 1:colcon.colcon_core.package_identification:_identify(docker/development_docker/quanser_dev_docker_files/0_libraries/python/pit/LaneNet) by extension 'python'
[1.494s] Level 1:colcon.colcon_core.package_identification:_identify(docker/development_docker/quanser_dev_docker_files/0_libraries/python/pit/LaneNet) by extensions ['python_setup_py']
[1.494s] Level 1:colcon.colcon_core.package_identification:_identify(docker/development_docker/quanser_dev_docker_files/0_libraries/python/pit/LaneNet) by extension 'python_setup_py'
[1.494s] Level 1:colcon.colcon_core.package_identification:_identify(docker/development_docker/quanser_dev_docker_files/0_libraries/python/pit/LaneNet/architecture) by extensions ['ignore', 'ignore_ament_install']
[1.494s] Level 1:colcon.colcon_core.package_identification:_identify(docker/development_docker/quanser_dev_docker_files/0_libraries/python/pit/LaneNet/architecture) by extension 'ignore'
[1.494s] Level 1:colcon.colcon_core.package_identification:_identify(docker/development_docker/quanser_dev_docker_files/0_libraries/python/pit/LaneNet/architecture) by extension 'ignore_ament_install'
[1.494s] Level 1:colcon.colcon_core.package_identification:_identify(docker/development_docker/quanser_dev_docker_files/0_libraries/python/pit/LaneNet/architecture) by extensions ['colcon_pkg']
[1.494s] Level 1:colcon.colcon_core.package_identification:_identify(docker/development_docker/quanser_dev_docker_files/0_libraries/python/pit/LaneNet/architecture) by extension 'colcon_pkg'
[1.494s] Level 1:colcon.colcon_core.package_identification:_identify(docker/development_docker/quanser_dev_docker_files/0_libraries/python/pit/LaneNet/architecture) by extensions ['colcon_meta']
[1.494s] Level 1:colcon.colcon_core.package_identification:_identify(docker/development_docker/quanser_dev_docker_files/0_libraries/python/pit/LaneNet/architecture) by extension 'colcon_meta'
[1.494s] Level 1:colcon.colcon_core.package_identification:_identify(docker/development_docker/quanser_dev_docker_files/0_libraries/python/pit/LaneNet/architecture) by extensions ['ros']
[1.494s] Level 1:colcon.colcon_core.package_identification:_identify(docker/development_docker/quanser_dev_docker_files/0_libraries/python/pit/LaneNet/architecture) by extension 'ros'
[1.494s] Level 1:colcon.colcon_core.package_identification:_identify(docker/development_docker/quanser_dev_docker_files/0_libraries/python/pit/LaneNet/architecture) by extensions ['cmake', 'python']
[1.494s] Level 1:colcon.colcon_core.package_identification:_identify(docker/development_docker/quanser_dev_docker_files/0_libraries/python/pit/LaneNet/architecture) by extension 'cmake'
[1.494s] Level 1:colcon.colcon_core.package_identification:_identify(docker/development_docker/quanser_dev_docker_files/0_libraries/python/pit/LaneNet/architecture) by extension 'python'
[1.494s] Level 1:colcon.colcon_core.package_identification:_identify(docker/development_docker/quanser_dev_docker_files/0_libraries/python/pit/LaneNet/architecture) by extensions ['python_setup_py']
[1.494s] Level 1:colcon.colcon_core.package_identification:_identify(docker/development_docker/quanser_dev_docker_files/0_libraries/python/pit/LaneNet/architecture) by extension 'python_setup_py'
[1.494s] Level 1:colcon.colcon_core.package_identification:_identify(docker/development_docker/quanser_dev_docker_files/0_libraries/python/pit/LaneNet/architecture/backbone) by extensions ['ignore', 'ignore_ament_install']
[1.494s] Level 1:colcon.colcon_core.package_identification:_identify(docker/development_docker/quanser_dev_docker_files/0_libraries/python/pit/LaneNet/architecture/backbone) by extension 'ignore'
[1.494s] Level 1:colcon.colcon_core.package_identification:_identify(docker/development_docker/quanser_dev_docker_files/0_libraries/python/pit/LaneNet/architecture/backbone) by extension 'ignore_ament_install'
[1.494s] Level 1:colcon.colcon_core.package_identification:_identify(docker/development_docker/quanser_dev_docker_files/0_libraries/python/pit/LaneNet/architecture/backbone) by extensions ['colcon_pkg']
[1.494s] Level 1:colcon.colcon_core.package_identification:_identify(docker/development_docker/quanser_dev_docker_files/0_libraries/python/pit/LaneNet/architecture/backbone) by extension 'colcon_pkg'
[1.494s] Level 1:colcon.colcon_core.package_identification:_identify(docker/development_docker/quanser_dev_docker_files/0_libraries/python/pit/LaneNet/architecture/backbone) by extensions ['colcon_meta']
[1.494s] Level 1:colcon.colcon_core.package_identification:_identify(docker/development_docker/quanser_dev_docker_files/0_libraries/python/pit/LaneNet/architecture/backbone) by extension 'colcon_meta'
[1.495s] Level 1:colcon.colcon_core.package_identification:_identify(docker/development_docker/quanser_dev_docker_files/0_libraries/python/pit/LaneNet/architecture/backbone) by extensions ['ros']
[1.495s] Level 1:colcon.colcon_core.package_identification:_identify(docker/development_docker/quanser_dev_docker_files/0_libraries/python/pit/LaneNet/architecture/backbone) by extension 'ros'
[1.495s] Level 1:colcon.colcon_core.package_identification:_identify(docker/development_docker/quanser_dev_docker_files/0_libraries/python/pit/LaneNet/architecture/backbone) by extensions ['cmake', 'python']
[1.495s] Level 1:colcon.colcon_core.package_identification:_identify(docker/development_docker/quanser_dev_docker_files/0_libraries/python/pit/LaneNet/architecture/backbone) by extension 'cmake'
[1.495s] Level 1:colcon.colcon_core.package_identification:_identify(docker/development_docker/quanser_dev_docker_files/0_libraries/python/pit/LaneNet/architecture/backbone) by extension 'python'
[1.495s] Level 1:colcon.colcon_core.package_identification:_identify(docker/development_docker/quanser_dev_docker_files/0_libraries/python/pit/LaneNet/architecture/backbone) by extensions ['python_setup_py']
[1.495s] Level 1:colcon.colcon_core.package_identification:_identify(docker/development_docker/quanser_dev_docker_files/0_libraries/python/pit/LaneNet/architecture/backbone) by extension 'python_setup_py'
[1.495s] Level 1:colcon.colcon_core.package_identification:_identify(docker/development_docker/quanser_dev_docker_files/0_libraries/python/pit/LaneNet/architecture/backbone/deeplabv3_plus) by extensions ['ignore', 'ignore_ament_install']
[1.495s] Level 1:colcon.colcon_core.package_identification:_identify(docker/development_docker/quanser_dev_docker_files/0_libraries/python/pit/LaneNet/architecture/backbone/deeplabv3_plus) by extension 'ignore'
[1.495s] Level 1:colcon.colcon_core.package_identification:_identify(docker/development_docker/quanser_dev_docker_files/0_libraries/python/pit/LaneNet/architecture/backbone/deeplabv3_plus) by extension 'ignore_ament_install'
[1.495s] Level 1:colcon.colcon_core.package_identification:_identify(docker/development_docker/quanser_dev_docker_files/0_libraries/python/pit/LaneNet/architecture/backbone/deeplabv3_plus) by extensions ['colcon_pkg']
[1.495s] Level 1:colcon.colcon_core.package_identification:_identify(docker/development_docker/quanser_dev_docker_files/0_libraries/python/pit/LaneNet/architecture/backbone/deeplabv3_plus) by extension 'colcon_pkg'
[1.495s] Level 1:colcon.colcon_core.package_identification:_identify(docker/development_docker/quanser_dev_docker_files/0_libraries/python/pit/LaneNet/architecture/backbone/deeplabv3_plus) by extensions ['colcon_meta']
[1.495s] Level 1:colcon.colcon_core.package_identification:_identify(docker/development_docker/quanser_dev_docker_files/0_libraries/python/pit/LaneNet/architecture/backbone/deeplabv3_plus) by extension 'colcon_meta'
[1.495s] Level 1:colcon.colcon_core.package_identification:_identify(docker/development_docker/quanser_dev_docker_files/0_libraries/python/pit/LaneNet/architecture/backbone/deeplabv3_plus) by extensions ['ros']
[1.495s] Level 1:colcon.colcon_core.package_identification:_identify(docker/development_docker/quanser_dev_docker_files/0_libraries/python/pit/LaneNet/architecture/backbone/deeplabv3_plus) by extension 'ros'
[1.495s] Level 1:colcon.colcon_core.package_identification:_identify(docker/development_docker/quanser_dev_docker_files/0_libraries/python/pit/LaneNet/architecture/backbone/deeplabv3_plus) by extensions ['cmake', 'python']
[1.495s] Level 1:colcon.colcon_core.package_identification:_identify(docker/development_docker/quanser_dev_docker_files/0_libraries/python/pit/LaneNet/architecture/backbone/deeplabv3_plus) by extension 'cmake'
[1.495s] Level 1:colcon.colcon_core.package_identification:_identify(docker/development_docker/quanser_dev_docker_files/0_libraries/python/pit/LaneNet/architecture/backbone/deeplabv3_plus) by extension 'python'
[1.495s] Level 1:colcon.colcon_core.package_identification:_identify(docker/development_docker/quanser_dev_docker_files/0_libraries/python/pit/LaneNet/architecture/backbone/deeplabv3_plus) by extensions ['python_setup_py']
[1.495s] Level 1:colcon.colcon_core.package_identification:_identify(docker/development_docker/quanser_dev_docker_files/0_libraries/python/pit/LaneNet/architecture/backbone/deeplabv3_plus) by extension 'python_setup_py'
[1.495s] Level 1:colcon.colcon_core.package_identification:_identify(docker/development_docker/quanser_dev_docker_files/0_libraries/python/pit/LaneNet/architecture/backbone/deeplabv3_plus/sync_batchnorm) by extensions ['ignore', 'ignore_ament_install']
[1.495s] Level 1:colcon.colcon_core.package_identification:_identify(docker/development_docker/quanser_dev_docker_files/0_libraries/python/pit/LaneNet/architecture/backbone/deeplabv3_plus/sync_batchnorm) by extension 'ignore'
[1.495s] Level 1:colcon.colcon_core.package_identification:_identify(docker/development_docker/quanser_dev_docker_files/0_libraries/python/pit/LaneNet/architecture/backbone/deeplabv3_plus/sync_batchnorm) by extension 'ignore_ament_install'
[1.495s] Level 1:colcon.colcon_core.package_identification:_identify(docker/development_docker/quanser_dev_docker_files/0_libraries/python/pit/LaneNet/architecture/backbone/deeplabv3_plus/sync_batchnorm) by extensions ['colcon_pkg']
[1.495s] Level 1:colcon.colcon_core.package_identification:_identify(docker/development_docker/quanser_dev_docker_files/0_libraries/python/pit/LaneNet/architecture/backbone/deeplabv3_plus/sync_batchnorm) by extension 'colcon_pkg'
[1.495s] Level 1:colcon.colcon_core.package_identification:_identify(docker/development_docker/quanser_dev_docker_files/0_libraries/python/pit/LaneNet/architecture/backbone/deeplabv3_plus/sync_batchnorm) by extensions ['colcon_meta']
[1.495s] Level 1:colcon.colcon_core.package_identification:_identify(docker/development_docker/quanser_dev_docker_files/0_libraries/python/pit/LaneNet/architecture/backbone/deeplabv3_plus/sync_batchnorm) by extension 'colcon_meta'
[1.495s] Level 1:colcon.colcon_core.package_identification:_identify(docker/development_docker/quanser_dev_docker_files/0_libraries/python/pit/LaneNet/architecture/backbone/deeplabv3_plus/sync_batchnorm) by extensions ['ros']
[1.495s] Level 1:colcon.colcon_core.package_identification:_identify(docker/development_docker/quanser_dev_docker_files/0_libraries/python/pit/LaneNet/architecture/backbone/deeplabv3_plus/sync_batchnorm) by extension 'ros'
[1.495s] Level 1:colcon.colcon_core.package_identification:_identify(docker/development_docker/quanser_dev_docker_files/0_libraries/python/pit/LaneNet/architecture/backbone/deeplabv3_plus/sync_batchnorm) by extensions ['cmake', 'python']
[1.495s] Level 1:colcon.colcon_core.package_identification:_identify(docker/development_docker/quanser_dev_docker_files/0_libraries/python/pit/LaneNet/architecture/backbone/deeplabv3_plus/sync_batchnorm) by extension 'cmake'
[1.495s] Level 1:colcon.colcon_core.package_identification:_identify(docker/development_docker/quanser_dev_docker_files/0_libraries/python/pit/LaneNet/architecture/backbone/deeplabv3_plus/sync_batchnorm) by extension 'python'
[1.495s] Level 1:colcon.colcon_core.package_identification:_identify(docker/development_docker/quanser_dev_docker_files/0_libraries/python/pit/LaneNet/architecture/backbone/deeplabv3_plus/sync_batchnorm) by extensions ['python_setup_py']
[1.495s] Level 1:colcon.colcon_core.package_identification:_identify(docker/development_docker/quanser_dev_docker_files/0_libraries/python/pit/LaneNet/architecture/backbone/deeplabv3_plus/sync_batchnorm) by extension 'python_setup_py'
[1.495s] Level 1:colcon.colcon_core.package_identification:_identify(docker/development_docker/quanser_dev_docker_files/0_libraries/python/pit/YOLO) by extensions ['ignore', 'ignore_ament_install']
[1.496s] Level 1:colcon.colcon_core.package_identification:_identify(docker/development_docker/quanser_dev_docker_files/0_libraries/python/pit/YOLO) by extension 'ignore'
[1.496s] Level 1:colcon.colcon_core.package_identification:_identify(docker/development_docker/quanser_dev_docker_files/0_libraries/python/pit/YOLO) by extension 'ignore_ament_install'
[1.496s] Level 1:colcon.colcon_core.package_identification:_identify(docker/development_docker/quanser_dev_docker_files/0_libraries/python/pit/YOLO) by extensions ['colcon_pkg']
[1.496s] Level 1:colcon.colcon_core.package_identification:_identify(docker/development_docker/quanser_dev_docker_files/0_libraries/python/pit/YOLO) by extension 'colcon_pkg'
[1.496s] Level 1:colcon.colcon_core.package_identification:_identify(docker/development_docker/quanser_dev_docker_files/0_libraries/python/pit/YOLO) by extensions ['colcon_meta']
[1.496s] Level 1:colcon.colcon_core.package_identification:_identify(docker/development_docker/quanser_dev_docker_files/0_libraries/python/pit/YOLO) by extension 'colcon_meta'
[1.496s] Level 1:colcon.colcon_core.package_identification:_identify(docker/development_docker/quanser_dev_docker_files/0_libraries/python/pit/YOLO) by extensions ['ros']
[1.496s] Level 1:colcon.colcon_core.package_identification:_identify(docker/development_docker/quanser_dev_docker_files/0_libraries/python/pit/YOLO) by extension 'ros'
[1.496s] Level 1:colcon.colcon_core.package_identification:_identify(docker/development_docker/quanser_dev_docker_files/0_libraries/python/pit/YOLO) by extensions ['cmake', 'python']
[1.496s] Level 1:colcon.colcon_core.package_identification:_identify(docker/development_docker/quanser_dev_docker_files/0_libraries/python/pit/YOLO) by extension 'cmake'
[1.496s] Level 1:colcon.colcon_core.package_identification:_identify(docker/development_docker/quanser_dev_docker_files/0_libraries/python/pit/YOLO) by extension 'python'
[1.496s] Level 1:colcon.colcon_core.package_identification:_identify(docker/development_docker/quanser_dev_docker_files/0_libraries/python/pit/YOLO) by extensions ['python_setup_py']
[1.496s] Level 1:colcon.colcon_core.package_identification:_identify(docker/development_docker/quanser_dev_docker_files/0_libraries/python/pit/YOLO) by extension 'python_setup_py'
[1.496s] Level 1:colcon.colcon_core.package_identification:_identify(docker/development_docker/quanser_dev_docker_files/0_libraries/python/pit/haar) by extensions ['ignore', 'ignore_ament_install']
[1.496s] Level 1:colcon.colcon_core.package_identification:_identify(docker/development_docker/quanser_dev_docker_files/0_libraries/python/pit/haar) by extension 'ignore'
[1.496s] Level 1:colcon.colcon_core.package_identification:_identify(docker/development_docker/quanser_dev_docker_files/0_libraries/python/pit/haar) by extension 'ignore_ament_install'
[1.496s] Level 1:colcon.colcon_core.package_identification:_identify(docker/development_docker/quanser_dev_docker_files/0_libraries/python/pit/haar) by extensions ['colcon_pkg']
[1.496s] Level 1:colcon.colcon_core.package_identification:_identify(docker/development_docker/quanser_dev_docker_files/0_libraries/python/pit/haar) by extension 'colcon_pkg'
[1.496s] Level 1:colcon.colcon_core.package_identification:_identify(docker/development_docker/quanser_dev_docker_files/0_libraries/python/pit/haar) by extensions ['colcon_meta']
[1.496s] Level 1:colcon.colcon_core.package_identification:_identify(docker/development_docker/quanser_dev_docker_files/0_libraries/python/pit/haar) by extension 'colcon_meta'
[1.496s] Level 1:colcon.colcon_core.package_identification:_identify(docker/development_docker/quanser_dev_docker_files/0_libraries/python/pit/haar) by extensions ['ros']
[1.496s] Level 1:colcon.colcon_core.package_identification:_identify(docker/development_docker/quanser_dev_docker_files/0_libraries/python/pit/haar) by extension 'ros'
[1.496s] Level 1:colcon.colcon_core.package_identification:_identify(docker/development_docker/quanser_dev_docker_files/0_libraries/python/pit/haar) by extensions ['cmake', 'python']
[1.496s] Level 1:colcon.colcon_core.package_identification:_identify(docker/development_docker/quanser_dev_docker_files/0_libraries/python/pit/haar) by extension 'cmake'
[1.496s] Level 1:colcon.colcon_core.package_identification:_identify(docker/development_docker/quanser_dev_docker_files/0_libraries/python/pit/haar) by extension 'python'
[1.496s] Level 1:colcon.colcon_core.package_identification:_identify(docker/development_docker/quanser_dev_docker_files/0_libraries/python/pit/haar) by extensions ['python_setup_py']
[1.496s] Level 1:colcon.colcon_core.package_identification:_identify(docker/development_docker/quanser_dev_docker_files/0_libraries/python/pit/haar) by extension 'python_setup_py'
[1.496s] Level 1:colcon.colcon_core.package_identification:_identify(docker/development_docker/quanser_dev_docker_files/0_libraries/python/pit/jetson) by extensions ['ignore', 'ignore_ament_install']
[1.496s] Level 1:colcon.colcon_core.package_identification:_identify(docker/development_docker/quanser_dev_docker_files/0_libraries/python/pit/jetson) by extension 'ignore'
[1.496s] Level 1:colcon.colcon_core.package_identification:_identify(docker/development_docker/quanser_dev_docker_files/0_libraries/python/pit/jetson) by extension 'ignore_ament_install'
[1.496s] Level 1:colcon.colcon_core.package_identification:_identify(docker/development_docker/quanser_dev_docker_files/0_libraries/python/pit/jetson) by extensions ['colcon_pkg']
[1.496s] Level 1:colcon.colcon_core.package_identification:_identify(docker/development_docker/quanser_dev_docker_files/0_libraries/python/pit/jetson) by extension 'colcon_pkg'
[1.496s] Level 1:colcon.colcon_core.package_identification:_identify(docker/development_docker/quanser_dev_docker_files/0_libraries/python/pit/jetson) by extensions ['colcon_meta']
[1.496s] Level 1:colcon.colcon_core.package_identification:_identify(docker/development_docker/quanser_dev_docker_files/0_libraries/python/pit/jetson) by extension 'colcon_meta'
[1.496s] Level 1:colcon.colcon_core.package_identification:_identify(docker/development_docker/quanser_dev_docker_files/0_libraries/python/pit/jetson) by extensions ['ros']
[1.496s] Level 1:colcon.colcon_core.package_identification:_identify(docker/development_docker/quanser_dev_docker_files/0_libraries/python/pit/jetson) by extension 'ros'
[1.496s] Level 1:colcon.colcon_core.package_identification:_identify(docker/development_docker/quanser_dev_docker_files/0_libraries/python/pit/jetson) by extensions ['cmake', 'python']
[1.496s] Level 1:colcon.colcon_core.package_identification:_identify(docker/development_docker/quanser_dev_docker_files/0_libraries/python/pit/jetson) by extension 'cmake'
[1.496s] Level 1:colcon.colcon_core.package_identification:_identify(docker/development_docker/quanser_dev_docker_files/0_libraries/python/pit/jetson) by extension 'python'
[1.497s] Level 1:colcon.colcon_core.package_identification:_identify(docker/development_docker/quanser_dev_docker_files/0_libraries/python/pit/jetson) by extensions ['python_setup_py']
[1.497s] Level 1:colcon.colcon_core.package_identification:_identify(docker/development_docker/quanser_dev_docker_files/0_libraries/python/pit/jetson) by extension 'python_setup_py'
[1.497s] Level 1:colcon.colcon_core.package_identification:_identify(docker/development_docker/quanser_dev_docker_files/0_libraries/python/qvl) by extensions ['ignore', 'ignore_ament_install']
[1.497s] Level 1:colcon.colcon_core.package_identification:_identify(docker/development_docker/quanser_dev_docker_files/0_libraries/python/qvl) by extension 'ignore'
[1.497s] Level 1:colcon.colcon_core.package_identification:_identify(docker/development_docker/quanser_dev_docker_files/0_libraries/python/qvl) by extension 'ignore_ament_install'
[1.497s] Level 1:colcon.colcon_core.package_identification:_identify(docker/development_docker/quanser_dev_docker_files/0_libraries/python/qvl) by extensions ['colcon_pkg']
[1.497s] Level 1:colcon.colcon_core.package_identification:_identify(docker/development_docker/quanser_dev_docker_files/0_libraries/python/qvl) by extension 'colcon_pkg'
[1.497s] Level 1:colcon.colcon_core.package_identification:_identify(docker/development_docker/quanser_dev_docker_files/0_libraries/python/qvl) by extensions ['colcon_meta']
[1.497s] Level 1:colcon.colcon_core.package_identification:_identify(docker/development_docker/quanser_dev_docker_files/0_libraries/python/qvl) by extension 'colcon_meta'
[1.497s] Level 1:colcon.colcon_core.package_identification:_identify(docker/development_docker/quanser_dev_docker_files/0_libraries/python/qvl) by extensions ['ros']
[1.497s] Level 1:colcon.colcon_core.package_identification:_identify(docker/development_docker/quanser_dev_docker_files/0_libraries/python/qvl) by extension 'ros'
[1.497s] Level 1:colcon.colcon_core.package_identification:_identify(docker/development_docker/quanser_dev_docker_files/0_libraries/python/qvl) by extensions ['cmake', 'python']
[1.497s] Level 1:colcon.colcon_core.package_identification:_identify(docker/development_docker/quanser_dev_docker_files/0_libraries/python/qvl) by extension 'cmake'
[1.497s] Level 1:colcon.colcon_core.package_identification:_identify(docker/development_docker/quanser_dev_docker_files/0_libraries/python/qvl) by extension 'python'
[1.497s] Level 1:colcon.colcon_core.package_identification:_identify(docker/development_docker/quanser_dev_docker_files/0_libraries/python/qvl) by extensions ['python_setup_py']
[1.497s] Level 1:colcon.colcon_core.package_identification:_identify(docker/development_docker/quanser_dev_docker_files/0_libraries/python/qvl) by extension 'python_setup_py'
[1.497s] Level 1:colcon.colcon_core.package_identification:_identify(docker/development_docker/quanser_dev_docker_files/0_libraries/resources) by extensions ['ignore', 'ignore_ament_install']
[1.497s] Level 1:colcon.colcon_core.package_identification:_identify(docker/development_docker/quanser_dev_docker_files/0_libraries/resources) by extension 'ignore'
[1.497s] Level 1:colcon.colcon_core.package_identification:_identify(docker/development_docker/quanser_dev_docker_files/0_libraries/resources) by extension 'ignore_ament_install'
[1.497s] Level 1:colcon.colcon_core.package_identification:_identify(docker/development_docker/quanser_dev_docker_files/0_libraries/resources) by extensions ['colcon_pkg']
[1.497s] Level 1:colcon.colcon_core.package_identification:_identify(docker/development_docker/quanser_dev_docker_files/0_libraries/resources) by extension 'colcon_pkg'
[1.497s] Level 1:colcon.colcon_core.package_identification:_identify(docker/development_docker/quanser_dev_docker_files/0_libraries/resources) by extensions ['colcon_meta']
[1.497s] Level 1:colcon.colcon_core.package_identification:_identify(docker/development_docker/quanser_dev_docker_files/0_libraries/resources) by extension 'colcon_meta'
[1.497s] Level 1:colcon.colcon_core.package_identification:_identify(docker/development_docker/quanser_dev_docker_files/0_libraries/resources) by extensions ['ros']
[1.497s] Level 1:colcon.colcon_core.package_identification:_identify(docker/development_docker/quanser_dev_docker_files/0_libraries/resources) by extension 'ros'
[1.497s] Level 1:colcon.colcon_core.package_identification:_identify(docker/development_docker/quanser_dev_docker_files/0_libraries/resources) by extensions ['cmake', 'python']
[1.497s] Level 1:colcon.colcon_core.package_identification:_identify(docker/development_docker/quanser_dev_docker_files/0_libraries/resources) by extension 'cmake'
[1.497s] Level 1:colcon.colcon_core.package_identification:_identify(docker/development_docker/quanser_dev_docker_files/0_libraries/resources) by extension 'python'
[1.497s] Level 1:colcon.colcon_core.package_identification:_identify(docker/development_docker/quanser_dev_docker_files/0_libraries/resources) by extensions ['python_setup_py']
[1.497s] Level 1:colcon.colcon_core.package_identification:_identify(docker/development_docker/quanser_dev_docker_files/0_libraries/resources) by extension 'python_setup_py'
[1.497s] Level 1:colcon.colcon_core.package_identification:_identify(docker/development_docker/quanser_dev_docker_files/0_libraries/resources/applications) by extensions ['ignore', 'ignore_ament_install']
[1.497s] Level 1:colcon.colcon_core.package_identification:_identify(docker/development_docker/quanser_dev_docker_files/0_libraries/resources/applications) by extension 'ignore'
[1.497s] Level 1:colcon.colcon_core.package_identification:_identify(docker/development_docker/quanser_dev_docker_files/0_libraries/resources/applications) by extension 'ignore_ament_install'
[1.497s] Level 1:colcon.colcon_core.package_identification:_identify(docker/development_docker/quanser_dev_docker_files/0_libraries/resources/applications) by extensions ['colcon_pkg']
[1.497s] Level 1:colcon.colcon_core.package_identification:_identify(docker/development_docker/quanser_dev_docker_files/0_libraries/resources/applications) by extension 'colcon_pkg'
[1.497s] Level 1:colcon.colcon_core.package_identification:_identify(docker/development_docker/quanser_dev_docker_files/0_libraries/resources/applications) by extensions ['colcon_meta']
[1.497s] Level 1:colcon.colcon_core.package_identification:_identify(docker/development_docker/quanser_dev_docker_files/0_libraries/resources/applications) by extension 'colcon_meta'
[1.497s] Level 1:colcon.colcon_core.package_identification:_identify(docker/development_docker/quanser_dev_docker_files/0_libraries/resources/applications) by extensions ['ros']
[1.498s] Level 1:colcon.colcon_core.package_identification:_identify(docker/development_docker/quanser_dev_docker_files/0_libraries/resources/applications) by extension 'ros'
[1.498s] Level 1:colcon.colcon_core.package_identification:_identify(docker/development_docker/quanser_dev_docker_files/0_libraries/resources/applications) by extensions ['cmake', 'python']
[1.498s] Level 1:colcon.colcon_core.package_identification:_identify(docker/development_docker/quanser_dev_docker_files/0_libraries/resources/applications) by extension 'cmake'
[1.498s] Level 1:colcon.colcon_core.package_identification:_identify(docker/development_docker/quanser_dev_docker_files/0_libraries/resources/applications) by extension 'python'
[1.498s] Level 1:colcon.colcon_core.package_identification:_identify(docker/development_docker/quanser_dev_docker_files/0_libraries/resources/applications) by extensions ['python_setup_py']
[1.498s] Level 1:colcon.colcon_core.package_identification:_identify(docker/development_docker/quanser_dev_docker_files/0_libraries/resources/applications) by extension 'python_setup_py'
[1.498s] Level 1:colcon.colcon_core.package_identification:_identify(docker/development_docker/quanser_dev_docker_files/0_libraries/resources/applications/KeyboardDriver) by extensions ['ignore', 'ignore_ament_install']
[1.498s] Level 1:colcon.colcon_core.package_identification:_identify(docker/development_docker/quanser_dev_docker_files/0_libraries/resources/applications/KeyboardDriver) by extension 'ignore'
[1.498s] Level 1:colcon.colcon_core.package_identification:_identify(docker/development_docker/quanser_dev_docker_files/0_libraries/resources/applications/KeyboardDriver) by extension 'ignore_ament_install'
[1.498s] Level 1:colcon.colcon_core.package_identification:_identify(docker/development_docker/quanser_dev_docker_files/0_libraries/resources/applications/KeyboardDriver) by extensions ['colcon_pkg']
[1.498s] Level 1:colcon.colcon_core.package_identification:_identify(docker/development_docker/quanser_dev_docker_files/0_libraries/resources/applications/KeyboardDriver) by extension 'colcon_pkg'
[1.498s] Level 1:colcon.colcon_core.package_identification:_identify(docker/development_docker/quanser_dev_docker_files/0_libraries/resources/applications/KeyboardDriver) by extensions ['colcon_meta']
[1.498s] Level 1:colcon.colcon_core.package_identification:_identify(docker/development_docker/quanser_dev_docker_files/0_libraries/resources/applications/KeyboardDriver) by extension 'colcon_meta'
[1.498s] Level 1:colcon.colcon_core.package_identification:_identify(docker/development_docker/quanser_dev_docker_files/0_libraries/resources/applications/KeyboardDriver) by extensions ['ros']
[1.498s] Level 1:colcon.colcon_core.package_identification:_identify(docker/development_docker/quanser_dev_docker_files/0_libraries/resources/applications/KeyboardDriver) by extension 'ros'
[1.498s] Level 1:colcon.colcon_core.package_identification:_identify(docker/development_docker/quanser_dev_docker_files/0_libraries/resources/applications/KeyboardDriver) by extensions ['cmake', 'python']
[1.498s] Level 1:colcon.colcon_core.package_identification:_identify(docker/development_docker/quanser_dev_docker_files/0_libraries/resources/applications/KeyboardDriver) by extension 'cmake'
[1.498s] Level 1:colcon.colcon_core.package_identification:_identify(docker/development_docker/quanser_dev_docker_files/0_libraries/resources/applications/KeyboardDriver) by extension 'python'
[1.498s] Level 1:colcon.colcon_core.package_identification:_identify(docker/development_docker/quanser_dev_docker_files/0_libraries/resources/applications/KeyboardDriver) by extensions ['python_setup_py']
[1.498s] Level 1:colcon.colcon_core.package_identification:_identify(docker/development_docker/quanser_dev_docker_files/0_libraries/resources/applications/KeyboardDriver) by extension 'python_setup_py'
[1.498s] Level 1:colcon.colcon_core.package_identification:_identify(docker/development_docker/quanser_dev_docker_files/0_libraries/resources/applications/QCarDepthAlign) by extensions ['ignore', 'ignore_ament_install']
[1.498s] Level 1:colcon.colcon_core.package_identification:_identify(docker/development_docker/quanser_dev_docker_files/0_libraries/resources/applications/QCarDepthAlign) by extension 'ignore'
[1.498s] Level 1:colcon.colcon_core.package_identification:_identify(docker/development_docker/quanser_dev_docker_files/0_libraries/resources/applications/QCarDepthAlign) by extension 'ignore_ament_install'
[1.498s] Level 1:colcon.colcon_core.package_identification:_identify(docker/development_docker/quanser_dev_docker_files/0_libraries/resources/applications/QCarDepthAlign) by extensions ['colcon_pkg']
[1.498s] Level 1:colcon.colcon_core.package_identification:_identify(docker/development_docker/quanser_dev_docker_files/0_libraries/resources/applications/QCarDepthAlign) by extension 'colcon_pkg'
[1.498s] Level 1:colcon.colcon_core.package_identification:_identify(docker/development_docker/quanser_dev_docker_files/0_libraries/resources/applications/QCarDepthAlign) by extensions ['colcon_meta']
[1.498s] Level 1:colcon.colcon_core.package_identification:_identify(docker/development_docker/quanser_dev_docker_files/0_libraries/resources/applications/QCarDepthAlign) by extension 'colcon_meta'
[1.498s] Level 1:colcon.colcon_core.package_identification:_identify(docker/development_docker/quanser_dev_docker_files/0_libraries/resources/applications/QCarDepthAlign) by extensions ['ros']
[1.498s] Level 1:colcon.colcon_core.package_identification:_identify(docker/development_docker/quanser_dev_docker_files/0_libraries/resources/applications/QCarDepthAlign) by extension 'ros'
[1.498s] Level 1:colcon.colcon_core.package_identification:_identify(docker/development_docker/quanser_dev_docker_files/0_libraries/resources/applications/QCarDepthAlign) by extensions ['cmake', 'python']
[1.498s] Level 1:colcon.colcon_core.package_identification:_identify(docker/development_docker/quanser_dev_docker_files/0_libraries/resources/applications/QCarDepthAlign) by extension 'cmake'
[1.498s] Level 1:colcon.colcon_core.package_identification:_identify(docker/development_docker/quanser_dev_docker_files/0_libraries/resources/applications/QCarDepthAlign) by extension 'python'
[1.498s] Level 1:colcon.colcon_core.package_identification:_identify(docker/development_docker/quanser_dev_docker_files/0_libraries/resources/applications/QCarDepthAlign) by extensions ['python_setup_py']
[1.498s] Level 1:colcon.colcon_core.package_identification:_identify(docker/development_docker/quanser_dev_docker_files/0_libraries/resources/applications/QCarDepthAlign) by extension 'python_setup_py'
[1.498s] Level 1:colcon.colcon_core.package_identification:_identify(docker/development_docker/quanser_dev_docker_files/0_libraries/resources/applications/QCarScanMatching) by extensions ['ignore', 'ignore_ament_install']
[1.498s] Level 1:colcon.colcon_core.package_identification:_identify(docker/development_docker/quanser_dev_docker_files/0_libraries/resources/applications/QCarScanMatching) by extension 'ignore'
[1.498s] Level 1:colcon.colcon_core.package_identification:_identify(docker/development_docker/quanser_dev_docker_files/0_libraries/resources/applications/QCarScanMatching) by extension 'ignore_ament_install'
[1.499s] Level 1:colcon.colcon_core.package_identification:_identify(docker/development_docker/quanser_dev_docker_files/0_libraries/resources/applications/QCarScanMatching) by extensions ['colcon_pkg']
[1.499s] Level 1:colcon.colcon_core.package_identification:_identify(docker/development_docker/quanser_dev_docker_files/0_libraries/resources/applications/QCarScanMatching) by extension 'colcon_pkg'
[1.499s] Level 1:colcon.colcon_core.package_identification:_identify(docker/development_docker/quanser_dev_docker_files/0_libraries/resources/applications/QCarScanMatching) by extensions ['colcon_meta']
[1.499s] Level 1:colcon.colcon_core.package_identification:_identify(docker/development_docker/quanser_dev_docker_files/0_libraries/resources/applications/QCarScanMatching) by extension 'colcon_meta'
[1.499s] Level 1:colcon.colcon_core.package_identification:_identify(docker/development_docker/quanser_dev_docker_files/0_libraries/resources/applications/QCarScanMatching) by extensions ['ros']
[1.499s] Level 1:colcon.colcon_core.package_identification:_identify(docker/development_docker/quanser_dev_docker_files/0_libraries/resources/applications/QCarScanMatching) by extension 'ros'
[1.499s] Level 1:colcon.colcon_core.package_identification:_identify(docker/development_docker/quanser_dev_docker_files/0_libraries/resources/applications/QCarScanMatching) by extensions ['cmake', 'python']
[1.499s] Level 1:colcon.colcon_core.package_identification:_identify(docker/development_docker/quanser_dev_docker_files/0_libraries/resources/applications/QCarScanMatching) by extension 'cmake'
[1.499s] Level 1:colcon.colcon_core.package_identification:_identify(docker/development_docker/quanser_dev_docker_files/0_libraries/resources/applications/QCarScanMatching) by extension 'python'
[1.499s] Level 1:colcon.colcon_core.package_identification:_identify(docker/development_docker/quanser_dev_docker_files/0_libraries/resources/applications/QCarScanMatching) by extensions ['python_setup_py']
[1.499s] Level 1:colcon.colcon_core.package_identification:_identify(docker/development_docker/quanser_dev_docker_files/0_libraries/resources/applications/QCarScanMatching) by extension 'python_setup_py'
[1.499s] Level 1:colcon.colcon_core.package_identification:_identify(docker/development_docker/quanser_dev_docker_files/0_libraries/resources/applications/QLabsVRPNServer) by extensions ['ignore', 'ignore_ament_install']
[1.499s] Level 1:colcon.colcon_core.package_identification:_identify(docker/development_docker/quanser_dev_docker_files/0_libraries/resources/applications/QLabsVRPNServer) by extension 'ignore'
[1.499s] Level 1:colcon.colcon_core.package_identification:_identify(docker/development_docker/quanser_dev_docker_files/0_libraries/resources/applications/QLabsVRPNServer) by extension 'ignore_ament_install'
[1.499s] Level 1:colcon.colcon_core.package_identification:_identify(docker/development_docker/quanser_dev_docker_files/0_libraries/resources/applications/QLabsVRPNServer) by extensions ['colcon_pkg']
[1.499s] Level 1:colcon.colcon_core.package_identification:_identify(docker/development_docker/quanser_dev_docker_files/0_libraries/resources/applications/QLabsVRPNServer) by extension 'colcon_pkg'
[1.499s] Level 1:colcon.colcon_core.package_identification:_identify(docker/development_docker/quanser_dev_docker_files/0_libraries/resources/applications/QLabsVRPNServer) by extensions ['colcon_meta']
[1.499s] Level 1:colcon.colcon_core.package_identification:_identify(docker/development_docker/quanser_dev_docker_files/0_libraries/resources/applications/QLabsVRPNServer) by extension 'colcon_meta'
[1.499s] Level 1:colcon.colcon_core.package_identification:_identify(docker/development_docker/quanser_dev_docker_files/0_libraries/resources/applications/QLabsVRPNServer) by extensions ['ros']
[1.499s] Level 1:colcon.colcon_core.package_identification:_identify(docker/development_docker/quanser_dev_docker_files/0_libraries/resources/applications/QLabsVRPNServer) by extension 'ros'
[1.499s] Level 1:colcon.colcon_core.package_identification:_identify(docker/development_docker/quanser_dev_docker_files/0_libraries/resources/applications/QLabsVRPNServer) by extensions ['cmake', 'python']
[1.499s] Level 1:colcon.colcon_core.package_identification:_identify(docker/development_docker/quanser_dev_docker_files/0_libraries/resources/applications/QLabsVRPNServer) by extension 'cmake'
[1.499s] Level 1:colcon.colcon_core.package_identification:_identify(docker/development_docker/quanser_dev_docker_files/0_libraries/resources/applications/QLabsVRPNServer) by extension 'python'
[1.499s] Level 1:colcon.colcon_core.package_identification:_identify(docker/development_docker/quanser_dev_docker_files/0_libraries/resources/applications/QLabsVRPNServer) by extensions ['python_setup_py']
[1.499s] Level 1:colcon.colcon_core.package_identification:_identify(docker/development_docker/quanser_dev_docker_files/0_libraries/resources/applications/QLabsVRPNServer) by extension 'python_setup_py'
[1.499s] Level 1:colcon.colcon_core.package_identification:_identify(docker/development_docker/quanser_dev_docker_files/0_libraries/resources/applications/QLabsVRPNServer/src) by extensions ['ignore', 'ignore_ament_install']
[1.499s] Level 1:colcon.colcon_core.package_identification:_identify(docker/development_docker/quanser_dev_docker_files/0_libraries/resources/applications/QLabsVRPNServer/src) by extension 'ignore'
[1.499s] Level 1:colcon.colcon_core.package_identification:_identify(docker/development_docker/quanser_dev_docker_files/0_libraries/resources/applications/QLabsVRPNServer/src) by extension 'ignore_ament_install'
[1.499s] Level 1:colcon.colcon_core.package_identification:_identify(docker/development_docker/quanser_dev_docker_files/0_libraries/resources/applications/QLabsVRPNServer/src) by extensions ['colcon_pkg']
[1.499s] Level 1:colcon.colcon_core.package_identification:_identify(docker/development_docker/quanser_dev_docker_files/0_libraries/resources/applications/QLabsVRPNServer/src) by extension 'colcon_pkg'
[1.499s] Level 1:colcon.colcon_core.package_identification:_identify(docker/development_docker/quanser_dev_docker_files/0_libraries/resources/applications/QLabsVRPNServer/src) by extensions ['colcon_meta']
[1.499s] Level 1:colcon.colcon_core.package_identification:_identify(docker/development_docker/quanser_dev_docker_files/0_libraries/resources/applications/QLabsVRPNServer/src) by extension 'colcon_meta'
[1.499s] Level 1:colcon.colcon_core.package_identification:_identify(docker/development_docker/quanser_dev_docker_files/0_libraries/resources/applications/QLabsVRPNServer/src) by extensions ['ros']
[1.499s] Level 1:colcon.colcon_core.package_identification:_identify(docker/development_docker/quanser_dev_docker_files/0_libraries/resources/applications/QLabsVRPNServer/src) by extension 'ros'
[1.499s] Level 1:colcon.colcon_core.package_identification:_identify(docker/development_docker/quanser_dev_docker_files/0_libraries/resources/applications/QLabsVRPNServer/src) by extensions ['cmake', 'python']
[1.499s] Level 1:colcon.colcon_core.package_identification:_identify(docker/development_docker/quanser_dev_docker_files/0_libraries/resources/applications/QLabsVRPNServer/src) by extension 'cmake'
[1.499s] Level 1:colcon.colcon_core.package_identification:_identify(docker/development_docker/quanser_dev_docker_files/0_libraries/resources/applications/QLabsVRPNServer/src) by extension 'python'
[1.499s] Level 1:colcon.colcon_core.package_identification:_identify(docker/development_docker/quanser_dev_docker_files/0_libraries/resources/applications/QLabsVRPNServer/src) by extensions ['python_setup_py']
[1.499s] Level 1:colcon.colcon_core.package_identification:_identify(docker/development_docker/quanser_dev_docker_files/0_libraries/resources/applications/QLabsVRPNServer/src) by extension 'python_setup_py'
[1.499s] Level 1:colcon.colcon_core.package_identification:_identify(docker/development_docker/quanser_dev_docker_files/0_libraries/resources/images) by extensions ['ignore', 'ignore_ament_install']
[1.500s] Level 1:colcon.colcon_core.package_identification:_identify(docker/development_docker/quanser_dev_docker_files/0_libraries/resources/images) by extension 'ignore'
[1.500s] Level 1:colcon.colcon_core.package_identification:_identify(docker/development_docker/quanser_dev_docker_files/0_libraries/resources/images) by extension 'ignore_ament_install'
[1.500s] Level 1:colcon.colcon_core.package_identification:_identify(docker/development_docker/quanser_dev_docker_files/0_libraries/resources/images) by extensions ['colcon_pkg']
[1.500s] Level 1:colcon.colcon_core.package_identification:_identify(docker/development_docker/quanser_dev_docker_files/0_libraries/resources/images) by extension 'colcon_pkg'
[1.500s] Level 1:colcon.colcon_core.package_identification:_identify(docker/development_docker/quanser_dev_docker_files/0_libraries/resources/images) by extensions ['colcon_meta']
[1.500s] Level 1:colcon.colcon_core.package_identification:_identify(docker/development_docker/quanser_dev_docker_files/0_libraries/resources/images) by extension 'colcon_meta'
[1.500s] Level 1:colcon.colcon_core.package_identification:_identify(docker/development_docker/quanser_dev_docker_files/0_libraries/resources/images) by extensions ['ros']
[1.500s] Level 1:colcon.colcon_core.package_identification:_identify(docker/development_docker/quanser_dev_docker_files/0_libraries/resources/images) by extension 'ros'
[1.500s] Level 1:colcon.colcon_core.package_identification:_identify(docker/development_docker/quanser_dev_docker_files/0_libraries/resources/images) by extensions ['cmake', 'python']
[1.500s] Level 1:colcon.colcon_core.package_identification:_identify(docker/development_docker/quanser_dev_docker_files/0_libraries/resources/images) by extension 'cmake'
[1.500s] Level 1:colcon.colcon_core.package_identification:_identify(docker/development_docker/quanser_dev_docker_files/0_libraries/resources/images) by extension 'python'
[1.500s] Level 1:colcon.colcon_core.package_identification:_identify(docker/development_docker/quanser_dev_docker_files/0_libraries/resources/images) by extensions ['python_setup_py']
[1.500s] Level 1:colcon.colcon_core.package_identification:_identify(docker/development_docker/quanser_dev_docker_files/0_libraries/resources/images) by extension 'python_setup_py'
[1.500s] Level 1:colcon.colcon_core.package_identification:_identify(docker/development_docker/quanser_dev_docker_files/0_libraries/resources/pretrained_models) by extensions ['ignore', 'ignore_ament_install']
[1.500s] Level 1:colcon.colcon_core.package_identification:_identify(docker/development_docker/quanser_dev_docker_files/0_libraries/resources/pretrained_models) by extension 'ignore'
[1.500s] Level 1:colcon.colcon_core.package_identification:_identify(docker/development_docker/quanser_dev_docker_files/0_libraries/resources/pretrained_models) by extension 'ignore_ament_install'
[1.500s] Level 1:colcon.colcon_core.package_identification:_identify(docker/development_docker/quanser_dev_docker_files/0_libraries/resources/pretrained_models) by extensions ['colcon_pkg']
[1.500s] Level 1:colcon.colcon_core.package_identification:_identify(docker/development_docker/quanser_dev_docker_files/0_libraries/resources/pretrained_models) by extension 'colcon_pkg'
[1.500s] Level 1:colcon.colcon_core.package_identification:_identify(docker/development_docker/quanser_dev_docker_files/0_libraries/resources/pretrained_models) by extensions ['colcon_meta']
[1.500s] Level 1:colcon.colcon_core.package_identification:_identify(docker/development_docker/quanser_dev_docker_files/0_libraries/resources/pretrained_models) by extension 'colcon_meta'
[1.500s] Level 1:colcon.colcon_core.package_identification:_identify(docker/development_docker/quanser_dev_docker_files/0_libraries/resources/pretrained_models) by extensions ['ros']
[1.500s] Level 1:colcon.colcon_core.package_identification:_identify(docker/development_docker/quanser_dev_docker_files/0_libraries/resources/pretrained_models) by extension 'ros'
[1.500s] Level 1:colcon.colcon_core.package_identification:_identify(docker/development_docker/quanser_dev_docker_files/0_libraries/resources/pretrained_models) by extensions ['cmake', 'python']
[1.500s] Level 1:colcon.colcon_core.package_identification:_identify(docker/development_docker/quanser_dev_docker_files/0_libraries/resources/pretrained_models) by extension 'cmake'
[1.500s] Level 1:colcon.colcon_core.package_identification:_identify(docker/development_docker/quanser_dev_docker_files/0_libraries/resources/pretrained_models) by extension 'python'
[1.500s] Level 1:colcon.colcon_core.package_identification:_identify(docker/development_docker/quanser_dev_docker_files/0_libraries/resources/pretrained_models) by extensions ['python_setup_py']
[1.500s] Level 1:colcon.colcon_core.package_identification:_identify(docker/development_docker/quanser_dev_docker_files/0_libraries/resources/pretrained_models) by extension 'python_setup_py'
[1.500s] Level 1:colcon.colcon_core.package_identification:_identify(docker/development_docker/quanser_dev_docker_files/0_libraries/resources/rt_models) by extensions ['ignore', 'ignore_ament_install']
[1.500s] Level 1:colcon.colcon_core.package_identification:_identify(docker/development_docker/quanser_dev_docker_files/0_libraries/resources/rt_models) by extension 'ignore'
[1.500s] Level 1:colcon.colcon_core.package_identification:_identify(docker/development_docker/quanser_dev_docker_files/0_libraries/resources/rt_models) by extension 'ignore_ament_install'
[1.500s] Level 1:colcon.colcon_core.package_identification:_identify(docker/development_docker/quanser_dev_docker_files/0_libraries/resources/rt_models) by extensions ['colcon_pkg']
[1.500s] Level 1:colcon.colcon_core.package_identification:_identify(docker/development_docker/quanser_dev_docker_files/0_libraries/resources/rt_models) by extension 'colcon_pkg'
[1.500s] Level 1:colcon.colcon_core.package_identification:_identify(docker/development_docker/quanser_dev_docker_files/0_libraries/resources/rt_models) by extensions ['colcon_meta']
[1.500s] Level 1:colcon.colcon_core.package_identification:_identify(docker/development_docker/quanser_dev_docker_files/0_libraries/resources/rt_models) by extension 'colcon_meta'
[1.500s] Level 1:colcon.colcon_core.package_identification:_identify(docker/development_docker/quanser_dev_docker_files/0_libraries/resources/rt_models) by extensions ['ros']
[1.500s] Level 1:colcon.colcon_core.package_identification:_identify(docker/development_docker/quanser_dev_docker_files/0_libraries/resources/rt_models) by extension 'ros'
[1.500s] Level 1:colcon.colcon_core.package_identification:_identify(docker/development_docker/quanser_dev_docker_files/0_libraries/resources/rt_models) by extensions ['cmake', 'python']
[1.500s] Level 1:colcon.colcon_core.package_identification:_identify(docker/development_docker/quanser_dev_docker_files/0_libraries/resources/rt_models) by extension 'cmake'
[1.500s] Level 1:colcon.colcon_core.package_identification:_identify(docker/development_docker/quanser_dev_docker_files/0_libraries/resources/rt_models) by extension 'python'
[1.500s] Level 1:colcon.colcon_core.package_identification:_identify(docker/development_docker/quanser_dev_docker_files/0_libraries/resources/rt_models) by extensions ['python_setup_py']
[1.500s] Level 1:colcon.colcon_core.package_identification:_identify(docker/development_docker/quanser_dev_docker_files/0_libraries/resources/rt_models) by extension 'python_setup_py'
[1.501s] Level 1:colcon.colcon_core.package_identification:_identify(docker/development_docker/quanser_dev_docker_files/0_libraries/resources/rt_models/QArm) by extensions ['ignore', 'ignore_ament_install']
[1.501s] Level 1:colcon.colcon_core.package_identification:_identify(docker/development_docker/quanser_dev_docker_files/0_libraries/resources/rt_models/QArm) by extension 'ignore'
[1.501s] Level 1:colcon.colcon_core.package_identification:_identify(docker/development_docker/quanser_dev_docker_files/0_libraries/resources/rt_models/QArm) by extension 'ignore_ament_install'
[1.501s] Level 1:colcon.colcon_core.package_identification:_identify(docker/development_docker/quanser_dev_docker_files/0_libraries/resources/rt_models/QArm) by extensions ['colcon_pkg']
[1.501s] Level 1:colcon.colcon_core.package_identification:_identify(docker/development_docker/quanser_dev_docker_files/0_libraries/resources/rt_models/QArm) by extension 'colcon_pkg'
[1.501s] Level 1:colcon.colcon_core.package_identification:_identify(docker/development_docker/quanser_dev_docker_files/0_libraries/resources/rt_models/QArm) by extensions ['colcon_meta']
[1.501s] Level 1:colcon.colcon_core.package_identification:_identify(docker/development_docker/quanser_dev_docker_files/0_libraries/resources/rt_models/QArm) by extension 'colcon_meta'
[1.501s] Level 1:colcon.colcon_core.package_identification:_identify(docker/development_docker/quanser_dev_docker_files/0_libraries/resources/rt_models/QArm) by extensions ['ros']
[1.501s] Level 1:colcon.colcon_core.package_identification:_identify(docker/development_docker/quanser_dev_docker_files/0_libraries/resources/rt_models/QArm) by extension 'ros'
[1.501s] Level 1:colcon.colcon_core.package_identification:_identify(docker/development_docker/quanser_dev_docker_files/0_libraries/resources/rt_models/QArm) by extensions ['cmake', 'python']
[1.501s] Level 1:colcon.colcon_core.package_identification:_identify(docker/development_docker/quanser_dev_docker_files/0_libraries/resources/rt_models/QArm) by extension 'cmake'
[1.501s] Level 1:colcon.colcon_core.package_identification:_identify(docker/development_docker/quanser_dev_docker_files/0_libraries/resources/rt_models/QArm) by extension 'python'
[1.501s] Level 1:colcon.colcon_core.package_identification:_identify(docker/development_docker/quanser_dev_docker_files/0_libraries/resources/rt_models/QArm) by extensions ['python_setup_py']
[1.501s] Level 1:colcon.colcon_core.package_identification:_identify(docker/development_docker/quanser_dev_docker_files/0_libraries/resources/rt_models/QArm) by extension 'python_setup_py'
[1.501s] Level 1:colcon.colcon_core.package_identification:_identify(docker/development_docker/quanser_dev_docker_files/0_libraries/resources/rt_models/QBotPlatform) by extensions ['ignore', 'ignore_ament_install']
[1.501s] Level 1:colcon.colcon_core.package_identification:_identify(docker/development_docker/quanser_dev_docker_files/0_libraries/resources/rt_models/QBotPlatform) by extension 'ignore'
[1.501s] Level 1:colcon.colcon_core.package_identification:_identify(docker/development_docker/quanser_dev_docker_files/0_libraries/resources/rt_models/QBotPlatform) by extension 'ignore_ament_install'
[1.501s] Level 1:colcon.colcon_core.package_identification:_identify(docker/development_docker/quanser_dev_docker_files/0_libraries/resources/rt_models/QBotPlatform) by extensions ['colcon_pkg']
[1.501s] Level 1:colcon.colcon_core.package_identification:_identify(docker/development_docker/quanser_dev_docker_files/0_libraries/resources/rt_models/QBotPlatform) by extension 'colcon_pkg'
[1.501s] Level 1:colcon.colcon_core.package_identification:_identify(docker/development_docker/quanser_dev_docker_files/0_libraries/resources/rt_models/QBotPlatform) by extensions ['colcon_meta']
[1.501s] Level 1:colcon.colcon_core.package_identification:_identify(docker/development_docker/quanser_dev_docker_files/0_libraries/resources/rt_models/QBotPlatform) by extension 'colcon_meta'
[1.501s] Level 1:colcon.colcon_core.package_identification:_identify(docker/development_docker/quanser_dev_docker_files/0_libraries/resources/rt_models/QBotPlatform) by extensions ['ros']
[1.501s] Level 1:colcon.colcon_core.package_identification:_identify(docker/development_docker/quanser_dev_docker_files/0_libraries/resources/rt_models/QBotPlatform) by extension 'ros'
[1.501s] Level 1:colcon.colcon_core.package_identification:_identify(docker/development_docker/quanser_dev_docker_files/0_libraries/resources/rt_models/QBotPlatform) by extensions ['cmake', 'python']
[1.501s] Level 1:colcon.colcon_core.package_identification:_identify(docker/development_docker/quanser_dev_docker_files/0_libraries/resources/rt_models/QBotPlatform) by extension 'cmake'
[1.501s] Level 1:colcon.colcon_core.package_identification:_identify(docker/development_docker/quanser_dev_docker_files/0_libraries/resources/rt_models/QBotPlatform) by extension 'python'
[1.501s] Level 1:colcon.colcon_core.package_identification:_identify(docker/development_docker/quanser_dev_docker_files/0_libraries/resources/rt_models/QBotPlatform) by extensions ['python_setup_py']
[1.501s] Level 1:colcon.colcon_core.package_identification:_identify(docker/development_docker/quanser_dev_docker_files/0_libraries/resources/rt_models/QBotPlatform) by extension 'python_setup_py'
[1.501s] Level 1:colcon.colcon_core.package_identification:_identify(docker/development_docker/quanser_dev_docker_files/0_libraries/resources/rt_models/QCar) by extensions ['ignore', 'ignore_ament_install']
[1.501s] Level 1:colcon.colcon_core.package_identification:_identify(docker/development_docker/quanser_dev_docker_files/0_libraries/resources/rt_models/QCar) by extension 'ignore'
[1.501s] Level 1:colcon.colcon_core.package_identification:_identify(docker/development_docker/quanser_dev_docker_files/0_libraries/resources/rt_models/QCar) by extension 'ignore_ament_install'
[1.501s] Level 1:colcon.colcon_core.package_identification:_identify(docker/development_docker/quanser_dev_docker_files/0_libraries/resources/rt_models/QCar) by extensions ['colcon_pkg']
[1.501s] Level 1:colcon.colcon_core.package_identification:_identify(docker/development_docker/quanser_dev_docker_files/0_libraries/resources/rt_models/QCar) by extension 'colcon_pkg'
[1.501s] Level 1:colcon.colcon_core.package_identification:_identify(docker/development_docker/quanser_dev_docker_files/0_libraries/resources/rt_models/QCar) by extensions ['colcon_meta']
[1.501s] Level 1:colcon.colcon_core.package_identification:_identify(docker/development_docker/quanser_dev_docker_files/0_libraries/resources/rt_models/QCar) by extension 'colcon_meta'
[1.501s] Level 1:colcon.colcon_core.package_identification:_identify(docker/development_docker/quanser_dev_docker_files/0_libraries/resources/rt_models/QCar) by extensions ['ros']
[1.501s] Level 1:colcon.colcon_core.package_identification:_identify(docker/development_docker/quanser_dev_docker_files/0_libraries/resources/rt_models/QCar) by extension 'ros'
[1.501s] Level 1:colcon.colcon_core.package_identification:_identify(docker/development_docker/quanser_dev_docker_files/0_libraries/resources/rt_models/QCar) by extensions ['cmake', 'python']
[1.501s] Level 1:colcon.colcon_core.package_identification:_identify(docker/development_docker/quanser_dev_docker_files/0_libraries/resources/rt_models/QCar) by extension 'cmake'
[1.502s] Level 1:colcon.colcon_core.package_identification:_identify(docker/development_docker/quanser_dev_docker_files/0_libraries/resources/rt_models/QCar) by extension 'python'
[1.502s] Level 1:colcon.colcon_core.package_identification:_identify(docker/development_docker/quanser_dev_docker_files/0_libraries/resources/rt_models/QCar) by extensions ['python_setup_py']
[1.502s] Level 1:colcon.colcon_core.package_identification:_identify(docker/development_docker/quanser_dev_docker_files/0_libraries/resources/rt_models/QCar) by extension 'python_setup_py'
[1.502s] Level 1:colcon.colcon_core.package_identification:_identify(docker/development_docker/quanser_dev_docker_files/0_libraries/resources/rt_models/QCar2) by extensions ['ignore', 'ignore_ament_install']
[1.502s] Level 1:colcon.colcon_core.package_identification:_identify(docker/development_docker/quanser_dev_docker_files/0_libraries/resources/rt_models/QCar2) by extension 'ignore'
[1.502s] Level 1:colcon.colcon_core.package_identification:_identify(docker/development_docker/quanser_dev_docker_files/0_libraries/resources/rt_models/QCar2) by extension 'ignore_ament_install'
[1.502s] Level 1:colcon.colcon_core.package_identification:_identify(docker/development_docker/quanser_dev_docker_files/0_libraries/resources/rt_models/QCar2) by extensions ['colcon_pkg']
[1.502s] Level 1:colcon.colcon_core.package_identification:_identify(docker/development_docker/quanser_dev_docker_files/0_libraries/resources/rt_models/QCar2) by extension 'colcon_pkg'
[1.502s] Level 1:colcon.colcon_core.package_identification:_identify(docker/development_docker/quanser_dev_docker_files/0_libraries/resources/rt_models/QCar2) by extensions ['colcon_meta']
[1.502s] Level 1:colcon.colcon_core.package_identification:_identify(docker/development_docker/quanser_dev_docker_files/0_libraries/resources/rt_models/QCar2) by extension 'colcon_meta'
[1.502s] Level 1:colcon.colcon_core.package_identification:_identify(docker/development_docker/quanser_dev_docker_files/0_libraries/resources/rt_models/QCar2) by extensions ['ros']
[1.502s] Level 1:colcon.colcon_core.package_identification:_identify(docker/development_docker/quanser_dev_docker_files/0_libraries/resources/rt_models/QCar2) by extension 'ros'
[1.502s] Level 1:colcon.colcon_core.package_identification:_identify(docker/development_docker/quanser_dev_docker_files/0_libraries/resources/rt_models/QCar2) by extensions ['cmake', 'python']
[1.502s] Level 1:colcon.colcon_core.package_identification:_identify(docker/development_docker/quanser_dev_docker_files/0_libraries/resources/rt_models/QCar2) by extension 'cmake'
[1.502s] Level 1:colcon.colcon_core.package_identification:_identify(docker/development_docker/quanser_dev_docker_files/0_libraries/resources/rt_models/QCar2) by extension 'python'
[1.502s] Level 1:colcon.colcon_core.package_identification:_identify(docker/development_docker/quanser_dev_docker_files/0_libraries/resources/rt_models/QCar2) by extensions ['python_setup_py']
[1.502s] Level 1:colcon.colcon_core.package_identification:_identify(docker/development_docker/quanser_dev_docker_files/0_libraries/resources/rt_models/QCar2) by extension 'python_setup_py'
[1.502s] Level 1:colcon.colcon_core.package_identification:_identify(docker/development_docker/quanser_dev_docker_files/0_libraries/resources/rt_models/QDrone2) by extensions ['ignore', 'ignore_ament_install']
[1.502s] Level 1:colcon.colcon_core.package_identification:_identify(docker/development_docker/quanser_dev_docker_files/0_libraries/resources/rt_models/QDrone2) by extension 'ignore'
[1.502s] Level 1:colcon.colcon_core.package_identification:_identify(docker/development_docker/quanser_dev_docker_files/0_libraries/resources/rt_models/QDrone2) by extension 'ignore_ament_install'
[1.502s] Level 1:colcon.colcon_core.package_identification:_identify(docker/development_docker/quanser_dev_docker_files/0_libraries/resources/rt_models/QDrone2) by extensions ['colcon_pkg']
[1.502s] Level 1:colcon.colcon_core.package_identification:_identify(docker/development_docker/quanser_dev_docker_files/0_libraries/resources/rt_models/QDrone2) by extension 'colcon_pkg'
[1.502s] Level 1:colcon.colcon_core.package_identification:_identify(docker/development_docker/quanser_dev_docker_files/0_libraries/resources/rt_models/QDrone2) by extensions ['colcon_meta']
[1.502s] Level 1:colcon.colcon_core.package_identification:_identify(docker/development_docker/quanser_dev_docker_files/0_libraries/resources/rt_models/QDrone2) by extension 'colcon_meta'
[1.502s] Level 1:colcon.colcon_core.package_identification:_identify(docker/development_docker/quanser_dev_docker_files/0_libraries/resources/rt_models/QDrone2) by extensions ['ros']
[1.502s] Level 1:colcon.colcon_core.package_identification:_identify(docker/development_docker/quanser_dev_docker_files/0_libraries/resources/rt_models/QDrone2) by extension 'ros'
[1.502s] Level 1:colcon.colcon_core.package_identification:_identify(docker/development_docker/quanser_dev_docker_files/0_libraries/resources/rt_models/QDrone2) by extensions ['cmake', 'python']
[1.502s] Level 1:colcon.colcon_core.package_identification:_identify(docker/development_docker/quanser_dev_docker_files/0_libraries/resources/rt_models/QDrone2) by extension 'cmake'
[1.502s] Level 1:colcon.colcon_core.package_identification:_identify(docker/development_docker/quanser_dev_docker_files/0_libraries/resources/rt_models/QDrone2) by extension 'python'
[1.502s] Level 1:colcon.colcon_core.package_identification:_identify(docker/development_docker/quanser_dev_docker_files/0_libraries/resources/rt_models/QDrone2) by extensions ['python_setup_py']
[1.502s] Level 1:colcon.colcon_core.package_identification:_identify(docker/development_docker/quanser_dev_docker_files/0_libraries/resources/rt_models/QDrone2) by extension 'python_setup_py'
[1.502s] Level 1:colcon.colcon_core.package_identification:_identify(docker/development_docker/quanser_dev_docker_files/debian) by extensions ['ignore', 'ignore_ament_install']
[1.502s] Level 1:colcon.colcon_core.package_identification:_identify(docker/development_docker/quanser_dev_docker_files/debian) by extension 'ignore'
[1.502s] Level 1:colcon.colcon_core.package_identification:_identify(docker/development_docker/quanser_dev_docker_files/debian) by extension 'ignore_ament_install'
[1.502s] Level 1:colcon.colcon_core.package_identification:_identify(docker/development_docker/quanser_dev_docker_files/debian) by extensions ['colcon_pkg']
[1.502s] Level 1:colcon.colcon_core.package_identification:_identify(docker/development_docker/quanser_dev_docker_files/debian) by extension 'colcon_pkg'
[1.502s] Level 1:colcon.colcon_core.package_identification:_identify(docker/development_docker/quanser_dev_docker_files/debian) by extensions ['colcon_meta']
[1.502s] Level 1:colcon.colcon_core.package_identification:_identify(docker/development_docker/quanser_dev_docker_files/debian) by extension 'colcon_meta'
[1.502s] Level 1:colcon.colcon_core.package_identification:_identify(docker/development_docker/quanser_dev_docker_files/debian) by extensions ['ros']
[1.502s] Level 1:colcon.colcon_core.package_identification:_identify(docker/development_docker/quanser_dev_docker_files/debian) by extension 'ros'
[1.502s] Level 1:colcon.colcon_core.package_identification:_identify(docker/development_docker/quanser_dev_docker_files/debian) by extensions ['cmake', 'python']
[1.503s] Level 1:colcon.colcon_core.package_identification:_identify(docker/development_docker/quanser_dev_docker_files/debian) by extension 'cmake'
[1.503s] Level 1:colcon.colcon_core.package_identification:_identify(docker/development_docker/quanser_dev_docker_files/debian) by extension 'python'
[1.503s] Level 1:colcon.colcon_core.package_identification:_identify(docker/development_docker/quanser_dev_docker_files/debian) by extensions ['python_setup_py']
[1.503s] Level 1:colcon.colcon_core.package_identification:_identify(docker/development_docker/quanser_dev_docker_files/debian) by extension 'python_setup_py'
[1.503s] Level 1:colcon.colcon_core.package_identification:_identify(docker/development_docker/quanser_dev_docker_files/miscs) by extensions ['ignore', 'ignore_ament_install']
[1.503s] Level 1:colcon.colcon_core.package_identification:_identify(docker/development_docker/quanser_dev_docker_files/miscs) by extension 'ignore'
[1.503s] Level 1:colcon.colcon_core.package_identification:_identify(docker/development_docker/quanser_dev_docker_files/miscs) by extension 'ignore_ament_install'
[1.503s] Level 1:colcon.colcon_core.package_identification:_identify(docker/development_docker/quanser_dev_docker_files/miscs) by extensions ['colcon_pkg']
[1.503s] Level 1:colcon.colcon_core.package_identification:_identify(docker/development_docker/quanser_dev_docker_files/miscs) by extension 'colcon_pkg'
[1.503s] Level 1:colcon.colcon_core.package_identification:_identify(docker/development_docker/quanser_dev_docker_files/miscs) by extensions ['colcon_meta']
[1.503s] Level 1:colcon.colcon_core.package_identification:_identify(docker/development_docker/quanser_dev_docker_files/miscs) by extension 'colcon_meta'
[1.503s] Level 1:colcon.colcon_core.package_identification:_identify(docker/development_docker/quanser_dev_docker_files/miscs) by extensions ['ros']
[1.503s] Level 1:colcon.colcon_core.package_identification:_identify(docker/development_docker/quanser_dev_docker_files/miscs) by extension 'ros'
[1.503s] Level 1:colcon.colcon_core.package_identification:_identify(docker/development_docker/quanser_dev_docker_files/miscs) by extensions ['cmake', 'python']
[1.503s] Level 1:colcon.colcon_core.package_identification:_identify(docker/development_docker/quanser_dev_docker_files/miscs) by extension 'cmake'
[1.503s] Level 1:colcon.colcon_core.package_identification:_identify(docker/development_docker/quanser_dev_docker_files/miscs) by extension 'python'
[1.503s] Level 1:colcon.colcon_core.package_identification:_identify(docker/development_docker/quanser_dev_docker_files/miscs) by extensions ['python_setup_py']
[1.503s] Level 1:colcon.colcon_core.package_identification:_identify(docker/development_docker/quanser_dev_docker_files/miscs) by extension 'python_setup_py'
[1.503s] Level 1:colcon.colcon_core.package_identification:_identify(docker/development_docker/scripts) by extensions ['ignore', 'ignore_ament_install']
[1.503s] Level 1:colcon.colcon_core.package_identification:_identify(docker/development_docker/scripts) by extension 'ignore'
[1.503s] Level 1:colcon.colcon_core.package_identification:_identify(docker/development_docker/scripts) by extension 'ignore_ament_install'
[1.503s] Level 1:colcon.colcon_core.package_identification:_identify(docker/development_docker/scripts) by extensions ['colcon_pkg']
[1.503s] Level 1:colcon.colcon_core.package_identification:_identify(docker/development_docker/scripts) by extension 'colcon_pkg'
[1.503s] Level 1:colcon.colcon_core.package_identification:_identify(docker/development_docker/scripts) by extensions ['colcon_meta']
[1.503s] Level 1:colcon.colcon_core.package_identification:_identify(docker/development_docker/scripts) by extension 'colcon_meta'
[1.503s] Level 1:colcon.colcon_core.package_identification:_identify(docker/development_docker/scripts) by extensions ['ros']
[1.503s] Level 1:colcon.colcon_core.package_identification:_identify(docker/development_docker/scripts) by extension 'ros'
[1.503s] Level 1:colcon.colcon_core.package_identification:_identify(docker/development_docker/scripts) by extensions ['cmake', 'python']
[1.503s] Level 1:colcon.colcon_core.package_identification:_identify(docker/development_docker/scripts) by extension 'cmake'
[1.503s] Level 1:colcon.colcon_core.package_identification:_identify(docker/development_docker/scripts) by extension 'python'
[1.503s] Level 1:colcon.colcon_core.package_identification:_identify(docker/development_docker/scripts) by extensions ['python_setup_py']
[1.503s] Level 1:colcon.colcon_core.package_identification:_identify(docker/development_docker/scripts) by extension 'python_setup_py'
[1.503s] Level 1:colcon.colcon_core.package_identification:_identify(docker/quanser_docker) by extensions ['ignore', 'ignore_ament_install']
[1.503s] Level 1:colcon.colcon_core.package_identification:_identify(docker/quanser_docker) by extension 'ignore'
[1.503s] Level 1:colcon.colcon_core.package_identification:_identify(docker/quanser_docker) by extension 'ignore_ament_install'
[1.503s] Level 1:colcon.colcon_core.package_identification:_identify(docker/quanser_docker) by extensions ['colcon_pkg']
[1.503s] Level 1:colcon.colcon_core.package_identification:_identify(docker/quanser_docker) by extension 'colcon_pkg'
[1.503s] Level 1:colcon.colcon_core.package_identification:_identify(docker/quanser_docker) by extensions ['colcon_meta']
[1.503s] Level 1:colcon.colcon_core.package_identification:_identify(docker/quanser_docker) by extension 'colcon_meta'
[1.503s] Level 1:colcon.colcon_core.package_identification:_identify(docker/quanser_docker) by extensions ['ros']
[1.503s] Level 1:colcon.colcon_core.package_identification:_identify(docker/quanser_docker) by extension 'ros'
[1.503s] Level 1:colcon.colcon_core.package_identification:_identify(docker/quanser_docker) by extensions ['cmake', 'python']
[1.503s] Level 1:colcon.colcon_core.package_identification:_identify(docker/quanser_docker) by extension 'cmake'
[1.503s] Level 1:colcon.colcon_core.package_identification:_identify(docker/quanser_docker) by extension 'python'
[1.504s] Level 1:colcon.colcon_core.package_identification:_identify(docker/quanser_docker) by extensions ['python_setup_py']
[1.504s] Level 1:colcon.colcon_core.package_identification:_identify(docker/quanser_docker) by extension 'python_setup_py'
[1.504s] Level 1:colcon.colcon_core.package_identification:_identify(docker/quanser_docker/misc) by extensions ['ignore', 'ignore_ament_install']
[1.504s] Level 1:colcon.colcon_core.package_identification:_identify(docker/quanser_docker/misc) by extension 'ignore'
[1.504s] Level 1:colcon.colcon_core.package_identification:_identify(docker/quanser_docker/misc) by extension 'ignore_ament_install'
[1.504s] Level 1:colcon.colcon_core.package_identification:_identify(docker/quanser_docker/misc) by extensions ['colcon_pkg']
[1.504s] Level 1:colcon.colcon_core.package_identification:_identify(docker/quanser_docker/misc) by extension 'colcon_pkg'
[1.504s] Level 1:colcon.colcon_core.package_identification:_identify(docker/quanser_docker/misc) by extensions ['colcon_meta']
[1.504s] Level 1:colcon.colcon_core.package_identification:_identify(docker/quanser_docker/misc) by extension 'colcon_meta'
[1.504s] Level 1:colcon.colcon_core.package_identification:_identify(docker/quanser_docker/misc) by extensions ['ros']
[1.504s] Level 1:colcon.colcon_core.package_identification:_identify(docker/quanser_docker/misc) by extension 'ros'
[1.504s] Level 1:colcon.colcon_core.package_identification:_identify(docker/quanser_docker/misc) by extensions ['cmake', 'python']
[1.504s] Level 1:colcon.colcon_core.package_identification:_identify(docker/quanser_docker/misc) by extension 'cmake'
[1.504s] Level 1:colcon.colcon_core.package_identification:_identify(docker/quanser_docker/misc) by extension 'python'
[1.504s] Level 1:colcon.colcon_core.package_identification:_identify(docker/quanser_docker/misc) by extensions ['python_setup_py']
[1.504s] Level 1:colcon.colcon_core.package_identification:_identify(docker/quanser_docker/misc) by extension 'python_setup_py'
[1.504s] Level 1:colcon.colcon_core.package_identification:_identify(docker/quanser_docker/python) by extensions ['ignore', 'ignore_ament_install']
[1.504s] Level 1:colcon.colcon_core.package_identification:_identify(docker/quanser_docker/python) by extension 'ignore'
[1.504s] Level 1:colcon.colcon_core.package_identification:_identify(docker/quanser_docker/python) by extension 'ignore_ament_install'
[1.504s] Level 1:colcon.colcon_core.package_identification:_identify(docker/quanser_docker/python) by extensions ['colcon_pkg']
[1.504s] Level 1:colcon.colcon_core.package_identification:_identify(docker/quanser_docker/python) by extension 'colcon_pkg'
[1.504s] Level 1:colcon.colcon_core.package_identification:_identify(docker/quanser_docker/python) by extensions ['colcon_meta']
[1.504s] Level 1:colcon.colcon_core.package_identification:_identify(docker/quanser_docker/python) by extension 'colcon_meta'
[1.504s] Level 1:colcon.colcon_core.package_identification:_identify(docker/quanser_docker/python) by extensions ['ros']
[1.504s] Level 1:colcon.colcon_core.package_identification:_identify(docker/quanser_docker/python) by extension 'ros'
[1.504s] Level 1:colcon.colcon_core.package_identification:_identify(docker/quanser_docker/python) by extensions ['cmake', 'python']
[1.504s] Level 1:colcon.colcon_core.package_identification:_identify(docker/quanser_docker/python) by extension 'cmake'
[1.504s] Level 1:colcon.colcon_core.package_identification:_identify(docker/quanser_docker/python) by extension 'python'
[1.504s] Level 1:colcon.colcon_core.package_identification:_identify(docker/quanser_docker/python) by extensions ['python_setup_py']
[1.504s] Level 1:colcon.colcon_core.package_identification:_identify(docker/quanser_docker/python) by extension 'python_setup_py'
[1.504s] Level 1:colcon.colcon_core.package_identification:_identify(docker/quanser_docker/python/Base_Scenarios_Python) by extensions ['ignore', 'ignore_ament_install']
[1.504s] Level 1:colcon.colcon_core.package_identification:_identify(docker/quanser_docker/python/Base_Scenarios_Python) by extension 'ignore'
[1.504s] Level 1:colcon.colcon_core.package_identification:_identify(docker/quanser_docker/python/Base_Scenarios_Python) by extension 'ignore_ament_install'
[1.504s] Level 1:colcon.colcon_core.package_identification:_identify(docker/quanser_docker/python/Base_Scenarios_Python) by extensions ['colcon_pkg']
[1.504s] Level 1:colcon.colcon_core.package_identification:_identify(docker/quanser_docker/python/Base_Scenarios_Python) by extension 'colcon_pkg'
[1.504s] Level 1:colcon.colcon_core.package_identification:_identify(docker/quanser_docker/python/Base_Scenarios_Python) by extensions ['colcon_meta']
[1.504s] Level 1:colcon.colcon_core.package_identification:_identify(docker/quanser_docker/python/Base_Scenarios_Python) by extension 'colcon_meta'
[1.504s] Level 1:colcon.colcon_core.package_identification:_identify(docker/quanser_docker/python/Base_Scenarios_Python) by extensions ['ros']
[1.504s] Level 1:colcon.colcon_core.package_identification:_identify(docker/quanser_docker/python/Base_Scenarios_Python) by extension 'ros'
[1.504s] Level 1:colcon.colcon_core.package_identification:_identify(docker/quanser_docker/python/Base_Scenarios_Python) by extensions ['cmake', 'python']
[1.504s] Level 1:colcon.colcon_core.package_identification:_identify(docker/quanser_docker/python/Base_Scenarios_Python) by extension 'cmake'
[1.504s] Level 1:colcon.colcon_core.package_identification:_identify(docker/quanser_docker/python/Base_Scenarios_Python) by extension 'python'
[1.504s] Level 1:colcon.colcon_core.package_identification:_identify(docker/quanser_docker/python/Base_Scenarios_Python) by extensions ['python_setup_py']
[1.505s] Level 1:colcon.colcon_core.package_identification:_identify(docker/quanser_docker/python/Base_Scenarios_Python) by extension 'python_setup_py'
[1.505s] Level 1:colcon.colcon_core.package_identification:_identify(docker/quanser_docker/qvl) by extensions ['ignore', 'ignore_ament_install']
[1.505s] Level 1:colcon.colcon_core.package_identification:_identify(docker/quanser_docker/qvl) by extension 'ignore'
[1.505s] Level 1:colcon.colcon_core.package_identification:_identify(docker/quanser_docker/qvl) by extension 'ignore_ament_install'
[1.505s] Level 1:colcon.colcon_core.package_identification:_identify(docker/quanser_docker/qvl) by extensions ['colcon_pkg']
[1.505s] Level 1:colcon.colcon_core.package_identification:_identify(docker/quanser_docker/qvl) by extension 'colcon_pkg'
[1.505s] Level 1:colcon.colcon_core.package_identification:_identify(docker/quanser_docker/qvl) by extensions ['colcon_meta']
[1.505s] Level 1:colcon.colcon_core.package_identification:_identify(docker/quanser_docker/qvl) by extension 'colcon_meta'
[1.505s] Level 1:colcon.colcon_core.package_identification:_identify(docker/quanser_docker/qvl) by extensions ['ros']
[1.505s] Level 1:colcon.colcon_core.package_identification:_identify(docker/quanser_docker/qvl) by extension 'ros'
[1.505s] Level 1:colcon.colcon_core.package_identification:_identify(docker/quanser_docker/qvl) by extensions ['cmake', 'python']
[1.505s] Level 1:colcon.colcon_core.package_identification:_identify(docker/quanser_docker/qvl) by extension 'cmake'
[1.505s] Level 1:colcon.colcon_core.package_identification:_identify(docker/quanser_docker/qvl) by extension 'python'
[1.505s] Level 1:colcon.colcon_core.package_identification:_identify(docker/quanser_docker/qvl) by extensions ['python_setup_py']
[1.505s] Level 1:colcon.colcon_core.package_identification:_identify(docker/quanser_docker/qvl) by extension 'python_setup_py'
[1.505s] Level 1:colcon.colcon_core.package_identification:_identify(install) by extensions ['ignore', 'ignore_ament_install']
[1.505s] Level 1:colcon.colcon_core.package_identification:_identify(install) by extension 'ignore'
[1.505s] Level 1:colcon.colcon_core.package_identification:_identify(install) ignored
[1.505s] Level 1:colcon.colcon_core.package_identification:_identify(isaac_ros_common) by extensions ['ignore', 'ignore_ament_install']
[1.505s] Level 1:colcon.colcon_core.package_identification:_identify(isaac_ros_common) by extension 'ignore'
[1.505s] Level 1:colcon.colcon_core.package_identification:_identify(isaac_ros_common) by extension 'ignore_ament_install'
[1.505s] Level 1:colcon.colcon_core.package_identification:_identify(isaac_ros_common) by extensions ['colcon_pkg']
[1.505s] Level 1:colcon.colcon_core.package_identification:_identify(isaac_ros_common) by extension 'colcon_pkg'
[1.505s] Level 1:colcon.colcon_core.package_identification:_identify(isaac_ros_common) by extensions ['colcon_meta']
[1.505s] Level 1:colcon.colcon_core.package_identification:_identify(isaac_ros_common) by extension 'colcon_meta'
[1.505s] Level 1:colcon.colcon_core.package_identification:_identify(isaac_ros_common) by extensions ['ros']
[1.505s] Level 1:colcon.colcon_core.package_identification:_identify(isaac_ros_common) by extension 'ros'
[1.505s] Level 1:colcon.colcon_core.package_identification:_identify(isaac_ros_common) by extensions ['cmake', 'python']
[1.505s] Level 1:colcon.colcon_core.package_identification:_identify(isaac_ros_common) by extension 'cmake'
[1.505s] Level 1:colcon.colcon_core.package_identification:_identify(isaac_ros_common) by extension 'python'
[1.505s] Level 1:colcon.colcon_core.package_identification:_identify(isaac_ros_common) by extensions ['python_setup_py']
[1.505s] Level 1:colcon.colcon_core.package_identification:_identify(isaac_ros_common) by extension 'python_setup_py'
[1.505s] Level 1:colcon.colcon_core.package_identification:_identify(isaac_ros_common/docker) by extensions ['ignore', 'ignore_ament_install']
[1.505s] Level 1:colcon.colcon_core.package_identification:_identify(isaac_ros_common/docker) by extension 'ignore'
[1.505s] Level 1:colcon.colcon_core.package_identification:_identify(isaac_ros_common/docker) by extension 'ignore_ament_install'
[1.505s] Level 1:colcon.colcon_core.package_identification:_identify(isaac_ros_common/docker) by extensions ['colcon_pkg']
[1.505s] Level 1:colcon.colcon_core.package_identification:_identify(isaac_ros_common/docker) by extension 'colcon_pkg'
[1.505s] Level 1:colcon.colcon_core.package_identification:_identify(isaac_ros_common/docker) by extensions ['colcon_meta']
[1.505s] Level 1:colcon.colcon_core.package_identification:_identify(isaac_ros_common/docker) by extension 'colcon_meta'
[1.505s] Level 1:colcon.colcon_core.package_identification:_identify(isaac_ros_common/docker) by extensions ['ros']
[1.505s] Level 1:colcon.colcon_core.package_identification:_identify(isaac_ros_common/docker) by extension 'ros'
[1.505s] Level 1:colcon.colcon_core.package_identification:_identify(isaac_ros_common/docker) by extensions ['cmake', 'python']
[1.506s] Level 1:colcon.colcon_core.package_identification:_identify(isaac_ros_common/docker) by extension 'cmake'
[1.506s] Level 1:colcon.colcon_core.package_identification:_identify(isaac_ros_common/docker) by extension 'python'
[1.506s] Level 1:colcon.colcon_core.package_identification:_identify(isaac_ros_common/docker) by extensions ['python_setup_py']
[1.506s] Level 1:colcon.colcon_core.package_identification:_identify(isaac_ros_common/docker) by extension 'python_setup_py'
[1.506s] Level 1:colcon.colcon_core.package_identification:_identify(isaac_ros_common/docker/middleware_profiles) by extensions ['ignore', 'ignore_ament_install']
[1.506s] Level 1:colcon.colcon_core.package_identification:_identify(isaac_ros_common/docker/middleware_profiles) by extension 'ignore'
[1.506s] Level 1:colcon.colcon_core.package_identification:_identify(isaac_ros_common/docker/middleware_profiles) by extension 'ignore_ament_install'
[1.506s] Level 1:colcon.colcon_core.package_identification:_identify(isaac_ros_common/docker/middleware_profiles) by extensions ['colcon_pkg']
[1.506s] Level 1:colcon.colcon_core.package_identification:_identify(isaac_ros_common/docker/middleware_profiles) by extension 'colcon_pkg'
[1.506s] Level 1:colcon.colcon_core.package_identification:_identify(isaac_ros_common/docker/middleware_profiles) by extensions ['colcon_meta']
[1.506s] Level 1:colcon.colcon_core.package_identification:_identify(isaac_ros_common/docker/middleware_profiles) by extension 'colcon_meta'
[1.506s] Level 1:colcon.colcon_core.package_identification:_identify(isaac_ros_common/docker/middleware_profiles) by extensions ['ros']
[1.506s] Level 1:colcon.colcon_core.package_identification:_identify(isaac_ros_common/docker/middleware_profiles) by extension 'ros'
[1.506s] Level 1:colcon.colcon_core.package_identification:_identify(isaac_ros_common/docker/middleware_profiles) by extensions ['cmake', 'python']
[1.506s] Level 1:colcon.colcon_core.package_identification:_identify(isaac_ros_common/docker/middleware_profiles) by extension 'cmake'
[1.506s] Level 1:colcon.colcon_core.package_identification:_identify(isaac_ros_common/docker/middleware_profiles) by extension 'python'
[1.506s] Level 1:colcon.colcon_core.package_identification:_identify(isaac_ros_common/docker/middleware_profiles) by extensions ['python_setup_py']
[1.506s] Level 1:colcon.colcon_core.package_identification:_identify(isaac_ros_common/docker/middleware_profiles) by extension 'python_setup_py'
[1.506s] Level 1:colcon.colcon_core.package_identification:_identify(isaac_ros_common/docker/patches) by extensions ['ignore', 'ignore_ament_install']
[1.506s] Level 1:colcon.colcon_core.package_identification:_identify(isaac_ros_common/docker/patches) by extension 'ignore'
[1.506s] Level 1:colcon.colcon_core.package_identification:_identify(isaac_ros_common/docker/patches) by extension 'ignore_ament_install'
[1.506s] Level 1:colcon.colcon_core.package_identification:_identify(isaac_ros_common/docker/patches) by extensions ['colcon_pkg']
[1.506s] Level 1:colcon.colcon_core.package_identification:_identify(isaac_ros_common/docker/patches) by extension 'colcon_pkg'
[1.506s] Level 1:colcon.colcon_core.package_identification:_identify(isaac_ros_common/docker/patches) by extensions ['colcon_meta']
[1.506s] Level 1:colcon.colcon_core.package_identification:_identify(isaac_ros_common/docker/patches) by extension 'colcon_meta'
[1.506s] Level 1:colcon.colcon_core.package_identification:_identify(isaac_ros_common/docker/patches) by extensions ['ros']
[1.506s] Level 1:colcon.colcon_core.package_identification:_identify(isaac_ros_common/docker/patches) by extension 'ros'
[1.506s] Level 1:colcon.colcon_core.package_identification:_identify(isaac_ros_common/docker/patches) by extensions ['cmake', 'python']
[1.506s] Level 1:colcon.colcon_core.package_identification:_identify(isaac_ros_common/docker/patches) by extension 'cmake'
[1.506s] Level 1:colcon.colcon_core.package_identification:_identify(isaac_ros_common/docker/patches) by extension 'python'
[1.506s] Level 1:colcon.colcon_core.package_identification:_identify(isaac_ros_common/docker/patches) by extensions ['python_setup_py']
[1.506s] Level 1:colcon.colcon_core.package_identification:_identify(isaac_ros_common/docker/patches) by extension 'python_setup_py'
[1.506s] Level 1:colcon.colcon_core.package_identification:_identify(isaac_ros_common/docker/scripts) by extensions ['ignore', 'ignore_ament_install']
[1.506s] Level 1:colcon.colcon_core.package_identification:_identify(isaac_ros_common/docker/scripts) by extension 'ignore'
[1.506s] Level 1:colcon.colcon_core.package_identification:_identify(isaac_ros_common/docker/scripts) by extension 'ignore_ament_install'
[1.506s] Level 1:colcon.colcon_core.package_identification:_identify(isaac_ros_common/docker/scripts) by extensions ['colcon_pkg']
[1.506s] Level 1:colcon.colcon_core.package_identification:_identify(isaac_ros_common/docker/scripts) by extension 'colcon_pkg'
[1.506s] Level 1:colcon.colcon_core.package_identification:_identify(isaac_ros_common/docker/scripts) by extensions ['colcon_meta']
[1.506s] Level 1:colcon.colcon_core.package_identification:_identify(isaac_ros_common/docker/scripts) by extension 'colcon_meta'
[1.506s] Level 1:colcon.colcon_core.package_identification:_identify(isaac_ros_common/docker/scripts) by extensions ['ros']
[1.506s] Level 1:colcon.colcon_core.package_identification:_identify(isaac_ros_common/docker/scripts) by extension 'ros'
[1.506s] Level 1:colcon.colcon_core.package_identification:_identify(isaac_ros_common/docker/scripts) by extensions ['cmake', 'python']
[1.506s] Level 1:colcon.colcon_core.package_identification:_identify(isaac_ros_common/docker/scripts) by extension 'cmake'
[1.506s] Level 1:colcon.colcon_core.package_identification:_identify(isaac_ros_common/docker/scripts) by extension 'python'
[1.506s] Level 1:colcon.colcon_core.package_identification:_identify(isaac_ros_common/docker/scripts) by extensions ['python_setup_py']
[1.506s] Level 1:colcon.colcon_core.package_identification:_identify(isaac_ros_common/docker/scripts) by extension 'python_setup_py'
[1.507s] Level 1:colcon.colcon_core.package_identification:_identify(isaac_ros_common/docker/tao) by extensions ['ignore', 'ignore_ament_install']
[1.507s] Level 1:colcon.colcon_core.package_identification:_identify(isaac_ros_common/docker/tao) by extension 'ignore'
[1.507s] Level 1:colcon.colcon_core.package_identification:_identify(isaac_ros_common/docker/tao) by extension 'ignore_ament_install'
[1.507s] Level 1:colcon.colcon_core.package_identification:_identify(isaac_ros_common/docker/tao) by extensions ['colcon_pkg']
[1.507s] Level 1:colcon.colcon_core.package_identification:_identify(isaac_ros_common/docker/tao) by extension 'colcon_pkg'
[1.507s] Level 1:colcon.colcon_core.package_identification:_identify(isaac_ros_common/docker/tao) by extensions ['colcon_meta']
[1.507s] Level 1:colcon.colcon_core.package_identification:_identify(isaac_ros_common/docker/tao) by extension 'colcon_meta'
[1.507s] Level 1:colcon.colcon_core.package_identification:_identify(isaac_ros_common/docker/tao) by extensions ['ros']
[1.507s] Level 1:colcon.colcon_core.package_identification:_identify(isaac_ros_common/docker/tao) by extension 'ros'
[1.507s] Level 1:colcon.colcon_core.package_identification:_identify(isaac_ros_common/docker/tao) by extensions ['cmake', 'python']
[1.507s] Level 1:colcon.colcon_core.package_identification:_identify(isaac_ros_common/docker/tao) by extension 'cmake'
[1.507s] Level 1:colcon.colcon_core.package_identification:_identify(isaac_ros_common/docker/tao) by extension 'python'
[1.507s] Level 1:colcon.colcon_core.package_identification:_identify(isaac_ros_common/docker/tao) by extensions ['python_setup_py']
[1.507s] Level 1:colcon.colcon_core.package_identification:_identify(isaac_ros_common/docker/tao) by extension 'python_setup_py'
[1.507s] Level 1:colcon.colcon_core.package_identification:_identify(isaac_ros_common/docker/udev_rules) by extensions ['ignore', 'ignore_ament_install']
[1.507s] Level 1:colcon.colcon_core.package_identification:_identify(isaac_ros_common/docker/udev_rules) by extension 'ignore'
[1.507s] Level 1:colcon.colcon_core.package_identification:_identify(isaac_ros_common/docker/udev_rules) by extension 'ignore_ament_install'
[1.507s] Level 1:colcon.colcon_core.package_identification:_identify(isaac_ros_common/docker/udev_rules) by extensions ['colcon_pkg']
[1.507s] Level 1:colcon.colcon_core.package_identification:_identify(isaac_ros_common/docker/udev_rules) by extension 'colcon_pkg'
[1.507s] Level 1:colcon.colcon_core.package_identification:_identify(isaac_ros_common/docker/udev_rules) by extensions ['colcon_meta']
[1.507s] Level 1:colcon.colcon_core.package_identification:_identify(isaac_ros_common/docker/udev_rules) by extension 'colcon_meta'
[1.507s] Level 1:colcon.colcon_core.package_identification:_identify(isaac_ros_common/docker/udev_rules) by extensions ['ros']
[1.507s] Level 1:colcon.colcon_core.package_identification:_identify(isaac_ros_common/docker/udev_rules) by extension 'ros'
[1.507s] Level 1:colcon.colcon_core.package_identification:_identify(isaac_ros_common/docker/udev_rules) by extensions ['cmake', 'python']
[1.507s] Level 1:colcon.colcon_core.package_identification:_identify(isaac_ros_common/docker/udev_rules) by extension 'cmake'
[1.507s] Level 1:colcon.colcon_core.package_identification:_identify(isaac_ros_common/docker/udev_rules) by extension 'python'
[1.507s] Level 1:colcon.colcon_core.package_identification:_identify(isaac_ros_common/docker/udev_rules) by extensions ['python_setup_py']
[1.507s] Level 1:colcon.colcon_core.package_identification:_identify(isaac_ros_common/docker/udev_rules) by extension 'python_setup_py'
[1.507s] Level 1:colcon.colcon_core.package_identification:_identify(isaac_ros_common/isaac_ros_apriltag_interfaces) by extensions ['ignore', 'ignore_ament_install']
[1.507s] Level 1:colcon.colcon_core.package_identification:_identify(isaac_ros_common/isaac_ros_apriltag_interfaces) by extension 'ignore'
[1.507s] Level 1:colcon.colcon_core.package_identification:_identify(isaac_ros_common/isaac_ros_apriltag_interfaces) by extension 'ignore_ament_install'
[1.507s] Level 1:colcon.colcon_core.package_identification:_identify(isaac_ros_common/isaac_ros_apriltag_interfaces) by extensions ['colcon_pkg']
[1.507s] Level 1:colcon.colcon_core.package_identification:_identify(isaac_ros_common/isaac_ros_apriltag_interfaces) by extension 'colcon_pkg'
[1.507s] Level 1:colcon.colcon_core.package_identification:_identify(isaac_ros_common/isaac_ros_apriltag_interfaces) by extensions ['colcon_meta']
[1.507s] Level 1:colcon.colcon_core.package_identification:_identify(isaac_ros_common/isaac_ros_apriltag_interfaces) by extension 'colcon_meta'
[1.507s] Level 1:colcon.colcon_core.package_identification:_identify(isaac_ros_common/isaac_ros_apriltag_interfaces) by extensions ['ros']
[1.507s] Level 1:colcon.colcon_core.package_identification:_identify(isaac_ros_common/isaac_ros_apriltag_interfaces) by extension 'ros'
[1.508s] DEBUG:colcon.colcon_core.package_identification:Package 'isaac_ros_common/isaac_ros_apriltag_interfaces' with type 'ros.ament_cmake' and name 'isaac_ros_apriltag_interfaces'
[1.508s] Level 1:colcon.colcon_core.package_identification:_identify(isaac_ros_common/isaac_ros_bi3d_interfaces) by extensions ['ignore', 'ignore_ament_install']
[1.508s] Level 1:colcon.colcon_core.package_identification:_identify(isaac_ros_common/isaac_ros_bi3d_interfaces) by extension 'ignore'
[1.508s] Level 1:colcon.colcon_core.package_identification:_identify(isaac_ros_common/isaac_ros_bi3d_interfaces) by extension 'ignore_ament_install'
[1.508s] Level 1:colcon.colcon_core.package_identification:_identify(isaac_ros_common/isaac_ros_bi3d_interfaces) by extensions ['colcon_pkg']
[1.508s] Level 1:colcon.colcon_core.package_identification:_identify(isaac_ros_common/isaac_ros_bi3d_interfaces) by extension 'colcon_pkg'
[1.508s] Level 1:colcon.colcon_core.package_identification:_identify(isaac_ros_common/isaac_ros_bi3d_interfaces) by extensions ['colcon_meta']
[1.508s] Level 1:colcon.colcon_core.package_identification:_identify(isaac_ros_common/isaac_ros_bi3d_interfaces) by extension 'colcon_meta'
[1.508s] Level 1:colcon.colcon_core.package_identification:_identify(isaac_ros_common/isaac_ros_bi3d_interfaces) by extensions ['ros']
[1.508s] Level 1:colcon.colcon_core.package_identification:_identify(isaac_ros_common/isaac_ros_bi3d_interfaces) by extension 'ros'
[1.508s] DEBUG:colcon.colcon_core.package_identification:Package 'isaac_ros_common/isaac_ros_bi3d_interfaces' with type 'ros.ament_cmake' and name 'isaac_ros_bi3d_interfaces'
[1.508s] Level 1:colcon.colcon_core.package_identification:_identify(isaac_ros_common/isaac_ros_common) by extensions ['ignore', 'ignore_ament_install']
[1.508s] Level 1:colcon.colcon_core.package_identification:_identify(isaac_ros_common/isaac_ros_common) by extension 'ignore'
[1.508s] Level 1:colcon.colcon_core.package_identification:_identify(isaac_ros_common/isaac_ros_common) by extension 'ignore_ament_install'
[1.509s] Level 1:colcon.colcon_core.package_identification:_identify(isaac_ros_common/isaac_ros_common) by extensions ['colcon_pkg']
[1.509s] Level 1:colcon.colcon_core.package_identification:_identify(isaac_ros_common/isaac_ros_common) by extension 'colcon_pkg'
[1.509s] Level 1:colcon.colcon_core.package_identification:_identify(isaac_ros_common/isaac_ros_common) by extensions ['colcon_meta']
[1.509s] Level 1:colcon.colcon_core.package_identification:_identify(isaac_ros_common/isaac_ros_common) by extension 'colcon_meta'
[1.509s] Level 1:colcon.colcon_core.package_identification:_identify(isaac_ros_common/isaac_ros_common) by extensions ['ros']
[1.509s] Level 1:colcon.colcon_core.package_identification:_identify(isaac_ros_common/isaac_ros_common) by extension 'ros'
[1.509s] DEBUG:colcon.colcon_core.package_identification:Package 'isaac_ros_common/isaac_ros_common' with type 'ros.ament_cmake' and name 'isaac_ros_common'
[1.509s] Level 1:colcon.colcon_core.package_identification:_identify(isaac_ros_common/isaac_ros_nitros_bridge_interfaces) by extensions ['ignore', 'ignore_ament_install']
[1.509s] Level 1:colcon.colcon_core.package_identification:_identify(isaac_ros_common/isaac_ros_nitros_bridge_interfaces) by extension 'ignore'
[1.509s] Level 1:colcon.colcon_core.package_identification:_identify(isaac_ros_common/isaac_ros_nitros_bridge_interfaces) by extension 'ignore_ament_install'
[1.509s] Level 1:colcon.colcon_core.package_identification:_identify(isaac_ros_common/isaac_ros_nitros_bridge_interfaces) by extensions ['colcon_pkg']
[1.509s] Level 1:colcon.colcon_core.package_identification:_identify(isaac_ros_common/isaac_ros_nitros_bridge_interfaces) by extension 'colcon_pkg'
[1.509s] Level 1:colcon.colcon_core.package_identification:_identify(isaac_ros_common/isaac_ros_nitros_bridge_interfaces) by extensions ['colcon_meta']
[1.509s] Level 1:colcon.colcon_core.package_identification:_identify(isaac_ros_common/isaac_ros_nitros_bridge_interfaces) by extension 'colcon_meta'
[1.509s] Level 1:colcon.colcon_core.package_identification:_identify(isaac_ros_common/isaac_ros_nitros_bridge_interfaces) by extensions ['ros']
[1.509s] Level 1:colcon.colcon_core.package_identification:_identify(isaac_ros_common/isaac_ros_nitros_bridge_interfaces) by extension 'ros'
[1.510s] DEBUG:colcon.colcon_core.package_identification:Package 'isaac_ros_common/isaac_ros_nitros_bridge_interfaces' with type 'ros.ament_cmake' and name 'isaac_ros_nitros_bridge_interfaces'
[1.510s] Level 1:colcon.colcon_core.package_identification:_identify(isaac_ros_common/isaac_ros_nova_interfaces) by extensions ['ignore', 'ignore_ament_install']
[1.510s] Level 1:colcon.colcon_core.package_identification:_identify(isaac_ros_common/isaac_ros_nova_interfaces) by extension 'ignore'
[1.510s] Level 1:colcon.colcon_core.package_identification:_identify(isaac_ros_common/isaac_ros_nova_interfaces) by extension 'ignore_ament_install'
[1.510s] Level 1:colcon.colcon_core.package_identification:_identify(isaac_ros_common/isaac_ros_nova_interfaces) by extensions ['colcon_pkg']
[1.510s] Level 1:colcon.colcon_core.package_identification:_identify(isaac_ros_common/isaac_ros_nova_interfaces) by extension 'colcon_pkg'
[1.510s] Level 1:colcon.colcon_core.package_identification:_identify(isaac_ros_common/isaac_ros_nova_interfaces) by extensions ['colcon_meta']
[1.510s] Level 1:colcon.colcon_core.package_identification:_identify(isaac_ros_common/isaac_ros_nova_interfaces) by extension 'colcon_meta'
[1.510s] Level 1:colcon.colcon_core.package_identification:_identify(isaac_ros_common/isaac_ros_nova_interfaces) by extensions ['ros']
[1.510s] Level 1:colcon.colcon_core.package_identification:_identify(isaac_ros_common/isaac_ros_nova_interfaces) by extension 'ros'
[1.510s] DEBUG:colcon.colcon_core.package_identification:Package 'isaac_ros_common/isaac_ros_nova_interfaces' with type 'ros.ament_cmake' and name 'isaac_ros_nova_interfaces'
[1.510s] Level 1:colcon.colcon_core.package_identification:_identify(isaac_ros_common/isaac_ros_pointcloud_interfaces) by extensions ['ignore', 'ignore_ament_install']
[1.510s] Level 1:colcon.colcon_core.package_identification:_identify(isaac_ros_common/isaac_ros_pointcloud_interfaces) by extension 'ignore'
[1.510s] Level 1:colcon.colcon_core.package_identification:_identify(isaac_ros_common/isaac_ros_pointcloud_interfaces) by extension 'ignore_ament_install'
[1.510s] Level 1:colcon.colcon_core.package_identification:_identify(isaac_ros_common/isaac_ros_pointcloud_interfaces) by extensions ['colcon_pkg']
[1.510s] Level 1:colcon.colcon_core.package_identification:_identify(isaac_ros_common/isaac_ros_pointcloud_interfaces) by extension 'colcon_pkg'
[1.510s] Level 1:colcon.colcon_core.package_identification:_identify(isaac_ros_common/isaac_ros_pointcloud_interfaces) by extensions ['colcon_meta']
[1.510s] Level 1:colcon.colcon_core.package_identification:_identify(isaac_ros_common/isaac_ros_pointcloud_interfaces) by extension 'colcon_meta'
[1.510s] Level 1:colcon.colcon_core.package_identification:_identify(isaac_ros_common/isaac_ros_pointcloud_interfaces) by extensions ['ros']
[1.510s] Level 1:colcon.colcon_core.package_identification:_identify(isaac_ros_common/isaac_ros_pointcloud_interfaces) by extension 'ros'
[1.511s] DEBUG:colcon.colcon_core.package_identification:Package 'isaac_ros_common/isaac_ros_pointcloud_interfaces' with type 'ros.ament_cmake' and name 'isaac_ros_pointcloud_interfaces'
[1.511s] Level 1:colcon.colcon_core.package_identification:_identify(isaac_ros_common/isaac_ros_tensor_list_interfaces) by extensions ['ignore', 'ignore_ament_install']
[1.511s] Level 1:colcon.colcon_core.package_identification:_identify(isaac_ros_common/isaac_ros_tensor_list_interfaces) by extension 'ignore'
[1.511s] Level 1:colcon.colcon_core.package_identification:_identify(isaac_ros_common/isaac_ros_tensor_list_interfaces) by extension 'ignore_ament_install'
[1.511s] Level 1:colcon.colcon_core.package_identification:_identify(isaac_ros_common/isaac_ros_tensor_list_interfaces) by extensions ['colcon_pkg']
[1.511s] Level 1:colcon.colcon_core.package_identification:_identify(isaac_ros_common/isaac_ros_tensor_list_interfaces) by extension 'colcon_pkg'
[1.511s] Level 1:colcon.colcon_core.package_identification:_identify(isaac_ros_common/isaac_ros_tensor_list_interfaces) by extensions ['colcon_meta']
[1.511s] Level 1:colcon.colcon_core.package_identification:_identify(isaac_ros_common/isaac_ros_tensor_list_interfaces) by extension 'colcon_meta'
[1.511s] Level 1:colcon.colcon_core.package_identification:_identify(isaac_ros_common/isaac_ros_tensor_list_interfaces) by extensions ['ros']
[1.511s] Level 1:colcon.colcon_core.package_identification:_identify(isaac_ros_common/isaac_ros_tensor_list_interfaces) by extension 'ros'
[1.511s] DEBUG:colcon.colcon_core.package_identification:Package 'isaac_ros_common/isaac_ros_tensor_list_interfaces' with type 'ros.ament_cmake' and name 'isaac_ros_tensor_list_interfaces'
[1.511s] Level 1:colcon.colcon_core.package_identification:_identify(isaac_ros_common/isaac_ros_test) by extensions ['ignore', 'ignore_ament_install']
[1.511s] Level 1:colcon.colcon_core.package_identification:_identify(isaac_ros_common/isaac_ros_test) by extension 'ignore'
[1.512s] Level 1:colcon.colcon_core.package_identification:_identify(isaac_ros_common/isaac_ros_test) by extension 'ignore_ament_install'
[1.512s] Level 1:colcon.colcon_core.package_identification:_identify(isaac_ros_common/isaac_ros_test) by extensions ['colcon_pkg']
[1.512s] Level 1:colcon.colcon_core.package_identification:_identify(isaac_ros_common/isaac_ros_test) by extension 'colcon_pkg'
[1.512s] Level 1:colcon.colcon_core.package_identification:_identify(isaac_ros_common/isaac_ros_test) by extensions ['colcon_meta']
[1.512s] Level 1:colcon.colcon_core.package_identification:_identify(isaac_ros_common/isaac_ros_test) by extension 'colcon_meta'
[1.512s] Level 1:colcon.colcon_core.package_identification:_identify(isaac_ros_common/isaac_ros_test) by extensions ['ros']
[1.512s] Level 1:colcon.colcon_core.package_identification:_identify(isaac_ros_common/isaac_ros_test) by extension 'ros'
[1.512s] DEBUG:colcon.colcon_core.package_identification:Package 'isaac_ros_common/isaac_ros_test' with type 'ros.ament_python' and name 'isaac_ros_test'
[1.512s] Level 1:colcon.colcon_core.package_identification:_identify(isaac_ros_common/scripts) by extensions ['ignore', 'ignore_ament_install']
[1.512s] Level 1:colcon.colcon_core.package_identification:_identify(isaac_ros_common/scripts) by extension 'ignore'
[1.512s] Level 1:colcon.colcon_core.package_identification:_identify(isaac_ros_common/scripts) by extension 'ignore_ament_install'
[1.512s] Level 1:colcon.colcon_core.package_identification:_identify(isaac_ros_common/scripts) by extensions ['colcon_pkg']
[1.512s] Level 1:colcon.colcon_core.package_identification:_identify(isaac_ros_common/scripts) by extension 'colcon_pkg'
[1.512s] Level 1:colcon.colcon_core.package_identification:_identify(isaac_ros_common/scripts) by extensions ['colcon_meta']
[1.512s] Level 1:colcon.colcon_core.package_identification:_identify(isaac_ros_common/scripts) by extension 'colcon_meta'
[1.512s] Level 1:colcon.colcon_core.package_identification:_identify(isaac_ros_common/scripts) by extensions ['ros']
[1.512s] Level 1:colcon.colcon_core.package_identification:_identify(isaac_ros_common/scripts) by extension 'ros'
[1.512s] Level 1:colcon.colcon_core.package_identification:_identify(isaac_ros_common/scripts) by extensions ['cmake', 'python']
[1.512s] Level 1:colcon.colcon_core.package_identification:_identify(isaac_ros_common/scripts) by extension 'cmake'
[1.512s] Level 1:colcon.colcon_core.package_identification:_identify(isaac_ros_common/scripts) by extension 'python'
[1.512s] Level 1:colcon.colcon_core.package_identification:_identify(isaac_ros_common/scripts) by extensions ['python_setup_py']
[1.512s] Level 1:colcon.colcon_core.package_identification:_identify(isaac_ros_common/scripts) by extension 'python_setup_py'
[1.512s] Level 1:colcon.colcon_core.package_identification:_identify(isaac_ros_common/scripts/utils) by extensions ['ignore', 'ignore_ament_install']
[1.512s] Level 1:colcon.colcon_core.package_identification:_identify(isaac_ros_common/scripts/utils) by extension 'ignore'
[1.512s] Level 1:colcon.colcon_core.package_identification:_identify(isaac_ros_common/scripts/utils) by extension 'ignore_ament_install'
[1.512s] Level 1:colcon.colcon_core.package_identification:_identify(isaac_ros_common/scripts/utils) by extensions ['colcon_pkg']
[1.512s] Level 1:colcon.colcon_core.package_identification:_identify(isaac_ros_common/scripts/utils) by extension 'colcon_pkg'
[1.513s] Level 1:colcon.colcon_core.package_identification:_identify(isaac_ros_common/scripts/utils) by extensions ['colcon_meta']
[1.513s] Level 1:colcon.colcon_core.package_identification:_identify(isaac_ros_common/scripts/utils) by extension 'colcon_meta'
[1.513s] Level 1:colcon.colcon_core.package_identification:_identify(isaac_ros_common/scripts/utils) by extensions ['ros']
[1.513s] Level 1:colcon.colcon_core.package_identification:_identify(isaac_ros_common/scripts/utils) by extension 'ros'
[1.513s] Level 1:colcon.colcon_core.package_identification:_identify(isaac_ros_common/scripts/utils) by extensions ['cmake', 'python']
[1.513s] Level 1:colcon.colcon_core.package_identification:_identify(isaac_ros_common/scripts/utils) by extension 'cmake'
[1.513s] Level 1:colcon.colcon_core.package_identification:_identify(isaac_ros_common/scripts/utils) by extension 'python'
[1.513s] Level 1:colcon.colcon_core.package_identification:_identify(isaac_ros_common/scripts/utils) by extensions ['python_setup_py']
[1.513s] Level 1:colcon.colcon_core.package_identification:_identify(isaac_ros_common/scripts/utils) by extension 'python_setup_py'
[1.513s] Level 1:colcon.colcon_core.package_identification:_identify(log) by extensions ['ignore', 'ignore_ament_install']
[1.513s] Level 1:colcon.colcon_core.package_identification:_identify(log) by extension 'ignore'
[1.513s] Level 1:colcon.colcon_core.package_identification:_identify(log) ignored
[1.513s] Level 1:colcon.colcon_core.package_identification:_identify(ros2) by extensions ['ignore', 'ignore_ament_install']
[1.513s] Level 1:colcon.colcon_core.package_identification:_identify(ros2) by extension 'ignore'
[1.513s] Level 1:colcon.colcon_core.package_identification:_identify(ros2) by extension 'ignore_ament_install'
[1.513s] Level 1:colcon.colcon_core.package_identification:_identify(ros2) by extensions ['colcon_pkg']
[1.513s] Level 1:colcon.colcon_core.package_identification:_identify(ros2) by extension 'colcon_pkg'
[1.513s] Level 1:colcon.colcon_core.package_identification:_identify(ros2) by extensions ['colcon_meta']
[1.513s] Level 1:colcon.colcon_core.package_identification:_identify(ros2) by extension 'colcon_meta'
[1.513s] Level 1:colcon.colcon_core.package_identification:_identify(ros2) by extensions ['ros']
[1.513s] Level 1:colcon.colcon_core.package_identification:_identify(ros2) by extension 'ros'
[1.513s] Level 1:colcon.colcon_core.package_identification:_identify(ros2) by extensions ['cmake', 'python']
[1.513s] Level 1:colcon.colcon_core.package_identification:_identify(ros2) by extension 'cmake'
[1.513s] Level 1:colcon.colcon_core.package_identification:_identify(ros2) by extension 'python'
[1.513s] Level 1:colcon.colcon_core.package_identification:_identify(ros2) by extensions ['python_setup_py']
[1.513s] Level 1:colcon.colcon_core.package_identification:_identify(ros2) by extension 'python_setup_py'
[1.513s] Level 1:colcon.colcon_core.package_identification:_identify(ros2/build) by extensions ['ignore', 'ignore_ament_install']
[1.513s] Level 1:colcon.colcon_core.package_identification:_identify(ros2/build) by extension 'ignore'
[1.513s] Level 1:colcon.colcon_core.package_identification:_identify(ros2/build) ignored
[1.513s] Level 1:colcon.colcon_core.package_identification:_identify(ros2/install) by extensions ['ignore', 'ignore_ament_install']
[1.513s] Level 1:colcon.colcon_core.package_identification:_identify(ros2/install) by extension 'ignore'
[1.513s] Level 1:colcon.colcon_core.package_identification:_identify(ros2/install) ignored
[1.514s] Level 1:colcon.colcon_core.package_identification:_identify(ros2/log) by extensions ['ignore', 'ignore_ament_install']
[1.514s] Level 1:colcon.colcon_core.package_identification:_identify(ros2/log) by extension 'ignore'
[1.514s] Level 1:colcon.colcon_core.package_identification:_identify(ros2/log) ignored
[1.514s] Level 1:colcon.colcon_core.package_identification:_identify(ros2/src) by extensions ['ignore', 'ignore_ament_install']
[1.514s] Level 1:colcon.colcon_core.package_identification:_identify(ros2/src) by extension 'ignore'
[1.514s] Level 1:colcon.colcon_core.package_identification:_identify(ros2/src) by extension 'ignore_ament_install'
[1.514s] Level 1:colcon.colcon_core.package_identification:_identify(ros2/src) by extensions ['colcon_pkg']
[1.514s] Level 1:colcon.colcon_core.package_identification:_identify(ros2/src) by extension 'colcon_pkg'
[1.514s] Level 1:colcon.colcon_core.package_identification:_identify(ros2/src) by extensions ['colcon_meta']
[1.514s] Level 1:colcon.colcon_core.package_identification:_identify(ros2/src) by extension 'colcon_meta'
[1.514s] Level 1:colcon.colcon_core.package_identification:_identify(ros2/src) by extensions ['ros']
[1.514s] Level 1:colcon.colcon_core.package_identification:_identify(ros2/src) by extension 'ros'
[1.514s] Level 1:colcon.colcon_core.package_identification:_identify(ros2/src) by extensions ['cmake', 'python']
[1.514s] Level 1:colcon.colcon_core.package_identification:_identify(ros2/src) by extension 'cmake'
[1.514s] Level 1:colcon.colcon_core.package_identification:_identify(ros2/src) by extension 'python'
[1.514s] Level 1:colcon.colcon_core.package_identification:_identify(ros2/src) by extensions ['python_setup_py']
[1.514s] Level 1:colcon.colcon_core.package_identification:_identify(ros2/src) by extension 'python_setup_py'
[1.514s] Level 1:colcon.colcon_core.package_identification:_identify(ros2/src/qcar2_perception) by extensions ['ignore', 'ignore_ament_install']
[1.514s] Level 1:colcon.colcon_core.package_identification:_identify(ros2/src/qcar2_perception) by extension 'ignore'
[1.514s] Level 1:colcon.colcon_core.package_identification:_identify(ros2/src/qcar2_perception) by extension 'ignore_ament_install'
[1.514s] Level 1:colcon.colcon_core.package_identification:_identify(ros2/src/qcar2_perception) by extensions ['colcon_pkg']
[1.514s] Level 1:colcon.colcon_core.package_identification:_identify(ros2/src/qcar2_perception) by extension 'colcon_pkg'
[1.514s] Level 1:colcon.colcon_core.package_identification:_identify(ros2/src/qcar2_perception) by extensions ['colcon_meta']
[1.514s] Level 1:colcon.colcon_core.package_identification:_identify(ros2/src/qcar2_perception) by extension 'colcon_meta'
[1.514s] Level 1:colcon.colcon_core.package_identification:_identify(ros2/src/qcar2_perception) by extensions ['ros']
[1.514s] Level 1:colcon.colcon_core.package_identification:_identify(ros2/src/qcar2_perception) by extension 'ros'
[1.514s] Level 1:colcon.colcon_core.package_identification:_identify(ros2/src/qcar2_perception) by extensions ['cmake', 'python']
[1.514s] Level 1:colcon.colcon_core.package_identification:_identify(ros2/src/qcar2_perception) by extension 'cmake'
[1.514s] Level 1:colcon.colcon_core.package_identification:_identify(ros2/src/qcar2_perception) by extension 'python'
[1.514s] Level 1:colcon.colcon_core.package_identification:_identify(ros2/src/qcar2_perception) by extensions ['python_setup_py']
[1.514s] Level 1:colcon.colcon_core.package_identification:_identify(ros2/src/qcar2_perception) by extension 'python_setup_py'
[1.514s] Level 1:colcon.colcon_core.package_identification:_identify(ros2/src/qcar2_perception/maps) by extensions ['ignore', 'ignore_ament_install']
[1.514s] Level 1:colcon.colcon_core.package_identification:_identify(ros2/src/qcar2_perception/maps) by extension 'ignore'
[1.514s] Level 1:colcon.colcon_core.package_identification:_identify(ros2/src/qcar2_perception/maps) by extension 'ignore_ament_install'
[1.514s] Level 1:colcon.colcon_core.package_identification:_identify(ros2/src/qcar2_perception/maps) by extensions ['colcon_pkg']
[1.514s] Level 1:colcon.colcon_core.package_identification:_identify(ros2/src/qcar2_perception/maps) by extension 'colcon_pkg'
[1.515s] Level 1:colcon.colcon_core.package_identification:_identify(ros2/src/qcar2_perception/maps) by extensions ['colcon_meta']
[1.515s] Level 1:colcon.colcon_core.package_identification:_identify(ros2/src/qcar2_perception/maps) by extension 'colcon_meta'
[1.515s] Level 1:colcon.colcon_core.package_identification:_identify(ros2/src/qcar2_perception/maps) by extensions ['ros']
[1.515s] Level 1:colcon.colcon_core.package_identification:_identify(ros2/src/qcar2_perception/maps) by extension 'ros'
[1.515s] Level 1:colcon.colcon_core.package_identification:_identify(ros2/src/qcar2_perception/maps) by extensions ['cmake', 'python']
[1.515s] Level 1:colcon.colcon_core.package_identification:_identify(ros2/src/qcar2_perception/maps) by extension 'cmake'
[1.515s] Level 1:colcon.colcon_core.package_identification:_identify(ros2/src/qcar2_perception/maps) by extension 'python'
[1.515s] Level 1:colcon.colcon_core.package_identification:_identify(ros2/src/qcar2_perception/maps) by extensions ['python_setup_py']
[1.515s] Level 1:colcon.colcon_core.package_identification:_identify(ros2/src/qcar2_perception/maps) by extension 'python_setup_py'
[1.515s] Level 1:colcon.colcon_core.package_discovery:discover_packages(recursive) using defaults
[1.515s] Level 1:colcon.colcon_core.package_discovery:discover_packages(ignore) discover
[1.515s] Level 1:colcon.colcon_core.package_discovery:discover_packages(ignore) using defaults
[1.515s] Level 1:colcon.colcon_core.package_discovery:discover_packages(path) discover
[1.515s] Level 1:colcon.colcon_core.package_discovery:discover_packages(path) using defaults
[1.553s] INFO:colcon.colcon_core.package_selection:Skipping not selected package 'isaac_ros_common' in 'isaac_ros_common/isaac_ros_common'
[1.553s] INFO:colcon.colcon_core.package_selection:Skipping not selected package 'isaac_ros_test' in 'isaac_ros_common/isaac_ros_test'
[1.553s] INFO:colcon.colcon_core.package_selection:Skipping not selected package 'qcar2_interfaces' in 'Development/ros2/src/qcar2_interfaces'
[1.553s] INFO:colcon.colcon_core.package_selection:Skipping not selected package 'qcar2_perception' in 'Development/ros2/src/qcar2_perception'
[1.553s] INFO:colcon.colcon_core.package_selection:Skipping not selected package 'rtabmap' in 'Development/ros2/src/rtabmap'
[1.553s] INFO:colcon.colcon_core.package_selection:Skipping not selected package 'rtabmap_msgs' in 'Development/ros2/src/rtabmap_ros/rtabmap_msgs'
[1.553s] INFO:colcon.colcon_core.package_selection:Skipping not selected package 'rtabmap_python' in 'Development/ros2/src/rtabmap_ros/rtabmap_python'
[1.553s] INFO:colcon.colcon_core.package_selection:Skipping not selected package 'isaac_ros_apriltag_interfaces' in 'isaac_ros_common/isaac_ros_apriltag_interfaces'
[1.553s] INFO:colcon.colcon_core.package_selection:Skipping not selected package 'isaac_ros_bi3d_interfaces' in 'isaac_ros_common/isaac_ros_bi3d_interfaces'
[1.553s] INFO:colcon.colcon_core.package_selection:Skipping not selected package 'isaac_ros_nitros_bridge_interfaces' in 'isaac_ros_common/isaac_ros_nitros_bridge_interfaces'
[1.553s] INFO:colcon.colcon_core.package_selection:Skipping not selected package 'isaac_ros_nova_interfaces' in 'isaac_ros_common/isaac_ros_nova_interfaces'
[1.553s] INFO:colcon.colcon_core.package_selection:Skipping not selected package 'isaac_ros_pointcloud_interfaces' in 'isaac_ros_common/isaac_ros_pointcloud_interfaces'
[1.553s] INFO:colcon.colcon_core.package_selection:Skipping not selected package 'isaac_ros_tensor_list_interfaces' in 'isaac_ros_common/isaac_ros_tensor_list_interfaces'
[1.553s] INFO:colcon.colcon_core.package_selection:Skipping not selected package 'rtabmap_conversions' in 'Development/ros2/src/rtabmap_ros/rtabmap_conversions'
[1.553s] INFO:colcon.colcon_core.package_selection:Skipping not selected package 'qcar2_nodes' in 'Development/ros2/src/qcar2_nodes'
[1.553s] INFO:colcon.colcon_core.package_selection:Skipping not selected package 'rtabmap_rviz_plugins' in 'Development/ros2/src/rtabmap_ros/rtabmap_rviz_plugins'
[1.553s] INFO:colcon.colcon_core.package_selection:Skipping not selected package 'rtabmap_sync' in 'Development/ros2/src/rtabmap_ros/rtabmap_sync'
[1.553s] INFO:colcon.colcon_core.package_selection:Skipping not selected package 'rtabmap_util' in 'Development/ros2/src/rtabmap_ros/rtabmap_util'
[1.553s] INFO:colcon.colcon_core.package_selection:Skipping not selected package 'rtabmap_odom' in 'Development/ros2/src/rtabmap_ros/rtabmap_odom'
[1.553s] INFO:colcon.colcon_core.package_selection:Skipping not selected package 'rtabmap_slam' in 'Development/ros2/src/rtabmap_ros/rtabmap_slam'
[1.553s] INFO:colcon.colcon_core.package_selection:Skipping not selected package 'rtabmap_viz' in 'Development/ros2/src/rtabmap_ros/rtabmap_viz'
[1.553s] INFO:colcon.colcon_core.package_selection:Skipping not selected package 'rtabmap_demos' in 'Development/ros2/src/rtabmap_ros/rtabmap_demos'
[1.553s] INFO:colcon.colcon_core.package_selection:Skipping not selected package 'rtabmap_examples' in 'Development/ros2/src/rtabmap_ros/rtabmap_examples'
[1.553s] INFO:colcon.colcon_core.package_selection:Skipping not selected package 'rtabmap_launch' in 'Development/ros2/src/rtabmap_ros/rtabmap_launch'
[1.553s] INFO:colcon.colcon_core.package_selection:Skipping not selected package 'rtabmap_ros' in 'Development/ros2/src/rtabmap_ros/rtabmap_ros'
[1.565s] Level 1:colcon.colcon_core.package_discovery:discover_packages(prefix_path) check parameters
[1.565s] Level 1:colcon.colcon_core.package_discovery:discover_packages(prefix_path) discover
[1.580s] DEBUG:colcon.colcon_installed_package_information.package_discovery:Found 14 installed packages in /workspaces/isaac_ros-dev/install
[1.586s] DEBUG:colcon.colcon_installed_package_information.package_discovery:Found 11 installed packages in /workspaces/isaac_ros-dev/Development/ros2/install
[1.594s] DEBUG:colcon.colcon_installed_package_information.package_discovery:Found 18 installed packages in /workspace/cartographer_ws/install
[1.603s] DEBUG:colcon.colcon_installed_package_information.package_discovery:Found 289 installed packages in /opt/ros/humble
[1.604s] Level 1:colcon.colcon_core.package_discovery:discover_packages(prefix_path) using defaults
[1.666s] Level 5:colcon.colcon_core.verb:set package 'qcar2_autonomy' build argument 'cmake_args' from command line to 'None'
[1.667s] Level 5:colcon.colcon_core.verb:set package 'qcar2_autonomy' build argument 'cmake_target' from command line to 'None'
[1.667s] Level 5:colcon.colcon_core.verb:set package 'qcar2_autonomy' build argument 'cmake_target_skip_unavailable' from command line to 'False'
[1.667s] Level 5:colcon.colcon_core.verb:set package 'qcar2_autonomy' build argument 'cmake_clean_cache' from command line to 'False'
[1.667s] Level 5:colcon.colcon_core.verb:set package 'qcar2_autonomy' build argument 'cmake_clean_first' from command line to 'False'
[1.667s] Level 5:colcon.colcon_core.verb:set package 'qcar2_autonomy' build argument 'cmake_force_configure' from command line to 'False'
[1.667s] Level 5:colcon.colcon_core.verb:set package 'qcar2_autonomy' build argument 'ament_cmake_args' from command line to 'None'
[1.667s] Level 5:colcon.colcon_core.verb:set package 'qcar2_autonomy' build argument 'catkin_cmake_args' from command line to 'None'
[1.667s] Level 5:colcon.colcon_core.verb:set package 'qcar2_autonomy' build argument 'catkin_skip_building_tests' from command line to 'False'
[1.667s] DEBUG:colcon.colcon_core.verb:Building package 'qcar2_autonomy' with the following arguments: {'ament_cmake_args': None, 'build_base': '/workspaces/isaac_ros-dev/build/qcar2_autonomy', 'catkin_cmake_args': None, 'catkin_skip_building_tests': False, 'cmake_args': None, 'cmake_clean_cache': False, 'cmake_clean_first': False, 'cmake_force_configure': False, 'cmake_target': None, 'cmake_target_skip_unavailable': False, 'install_base': '/workspaces/isaac_ros-dev/install/qcar2_autonomy', 'merge_install': False, 'path': '/workspaces/isaac_ros-dev/Development/ros2/src/qcar2_autonomy', 'symlink_install': True, 'test_result_base': None}
[1.673s] INFO:colcon.colcon_core.executor:Executing jobs using 'parallel' executor
[1.681s] DEBUG:colcon.colcon_parallel_executor.executor.parallel:run_until_complete
[1.681s] INFO:colcon.colcon_ros.task.ament_python.build:Building ROS package in '/workspaces/isaac_ros-dev/Development/ros2/src/qcar2_autonomy' with build type 'ament_python'
[1.681s] Level 1:colcon.colcon_core.shell:create_environment_hook('qcar2_autonomy', 'ament_prefix_path')
[1.691s] INFO:colcon.colcon_core.plugin_system:Skipping extension 'colcon_core.shell.bat': Not used on non-Windows systems
[1.691s] INFO:colcon.colcon_core.shell:Creating environment hook '/workspaces/isaac_ros-dev/install/qcar2_autonomy/share/qcar2_autonomy/hook/ament_prefix_path.ps1'
[1.692s] INFO:colcon.colcon_core.shell:Creating environment descriptor '/workspaces/isaac_ros-dev/install/qcar2_autonomy/share/qcar2_autonomy/hook/ament_prefix_path.dsv'
[1.692s] INFO:colcon.colcon_core.shell:Creating environment hook '/workspaces/isaac_ros-dev/install/qcar2_autonomy/share/qcar2_autonomy/hook/ament_prefix_path.sh'
[1.699s] INFO:colcon.colcon_core.shell:Skip shell extension 'powershell' for command environment: Not usable outside of PowerShell
[1.699s] DEBUG:colcon.colcon_core.shell:Skip shell extension 'dsv' for command environment
[2.040s] INFO:colcon.colcon_core.task.python.build:Building Python package in '/workspaces/isaac_ros-dev/Development/ros2/src/qcar2_autonomy'
[2.047s] INFO:colcon.colcon_core.shell:Skip shell extension 'powershell' for command environment: Not usable outside of PowerShell
[2.047s] DEBUG:colcon.colcon_core.shell:Skip shell extension 'dsv' for command environment
[2.659s] DEBUG:colcon.colcon_core.event_handler.log_command:Invoking command in '/workspaces/isaac_ros-dev/build/qcar2_autonomy': CMAKE_PREFIX_PATH=/workspaces/isaac_ros-dev/install/qcar2_interfaces:/workspaces/isaac_ros-dev/Development/ros2/install/rtabmap_slam:/workspaces/isaac_ros-dev/Development/ros2/install/rtabmap_odom:/workspaces/isaac_ros-dev/Development/ros2/install/rtabmap_util:/workspaces/isaac_ros-dev/Development/ros2/install/rtabmap_sync:/workspaces/isaac_ros-dev/Development/ros2/install/rtabmap_conversions:/workspaces/isaac_ros-dev/Development/ros2/install/rtabmap_msgs:/workspaces/isaac_ros-dev/Development/ros2/install/rtabmap:/workspaces/isaac_ros-dev/Development/ros2/install/qcar2_nodes:/workspaces/isaac_ros-dev/Development/ros2/install/qcar2_interfaces:/workspaces/isaac_ros-dev/install/qcar2_nodes:/workspaces/isaac_ros-dev/install/isaac_ros_tensor_list_interfaces:/workspaces/isaac_ros-dev/install/isaac_ros_pointcloud_interfaces:/workspaces/isaac_ros-dev/install/isaac_ros_nova_interfaces:/workspaces/isaac_ros-dev/install/isaac_ros_nitros_bridge_interfaces:/workspaces/isaac_ros-dev/install/isaac_ros_common:/workspaces/isaac_ros-dev/install/isaac_ros_bi3d_interfaces:/workspaces/isaac_ros-dev/install/isaac_ros_apriltag_interfaces:/workspace/cartographer_ws/install/perception_pcl:/workspace/cartographer_ws/install/pcl_ros:/workspace/cartographer_ws/install/cartographer_rviz:/workspace/cartographer_ws/install/cartographer_ros:/workspace/cartographer_ws/install/pcl_conversions:/workspace/cartographer_ws/install/pcl_msgs:/workspace/cartographer_ws/install/isaac_ros_tensor_list_interfaces:/workspace/cartographer_ws/install/isaac_ros_pointcloud_interfaces:/workspace/cartographer_ws/install/isaac_ros_nova_interfaces:/workspace/cartographer_ws/install/isaac_ros_nitros_bridge_interfaces:/workspace/cartographer_ws/install/isaac_ros_common:/workspace/cartographer_ws/install/isaac_ros_bi3d_interfaces:/workspace/cartographer_ws/install/isaac_ros_apriltag_interfaces:/workspace/cartographer_ws/install/control_msgs:/workspace/cartographer_ws/install/cartographer_ros_msgs:/workspace/cartographer_ws/install/cartographer:/workspace/cartographer_ws/install/absl LD_LIBRARY_PATH=/workspaces/isaac_ros-dev/install/qcar2_interfaces/lib:/workspaces/isaac_ros-dev/Development/ros2/install/rtabmap_slam/lib:/workspaces/isaac_ros-dev/Development/ros2/install/rtabmap_odom/lib:/workspaces/isaac_ros-dev/Development/ros2/install/rtabmap_util/lib:/workspaces/isaac_ros-dev/Development/ros2/install/rtabmap_sync/lib:/workspaces/isaac_ros-dev/Development/ros2/install/rtabmap_conversions/lib:/workspaces/isaac_ros-dev/Development/ros2/install/rtabmap_msgs/lib:/workspaces/isaac_ros-dev/Development/ros2/install/rtabmap/lib:/workspaces/isaac_ros-dev/Development/ros2/install/qcar2_interfaces/lib:/workspaces/isaac_ros-dev/install/isaac_ros_tensor_list_interfaces/lib:/workspaces/isaac_ros-dev/install/isaac_ros_pointcloud_interfaces/lib:/workspaces/isaac_ros-dev/install/isaac_ros_nova_interfaces/lib:/workspaces/isaac_ros-dev/install/isaac_ros_nitros_bridge_interfaces/lib:/workspaces/isaac_ros-dev/install/isaac_ros_common/lib:/workspaces/isaac_ros-dev/install/isaac_ros_bi3d_interfaces/lib:/workspaces/isaac_ros-dev/install/isaac_ros_apriltag_interfaces/lib:/workspace/cartographer_ws/install/pcl_ros/lib:/workspace/cartographer_ws/install/cartographer_rviz/lib:/workspace/cartographer_ws/install/cartographer_ros/lib:/workspace/cartographer_ws/install/pcl_msgs/lib:/workspace/cartographer_ws/install/isaac_ros_tensor_list_interfaces/lib:/workspace/cartographer_ws/install/isaac_ros_pointcloud_interfaces/lib:/workspace/cartographer_ws/install/isaac_ros_nova_interfaces/lib:/workspace/cartographer_ws/install/isaac_ros_nitros_bridge_interfaces/lib:/workspace/cartographer_ws/install/isaac_ros_common/lib:/workspace/cartographer_ws/install/isaac_ros_bi3d_interfaces/lib:/workspace/cartographer_ws/install/isaac_ros_apriltag_interfaces/lib:/workspace/cartographer_ws/install/control_msgs/lib:/workspace/cartographer_ws/install/cartographer_ros_msgs/lib:/opt/ros/humble/opt/rviz_ogre_vendor/lib:/opt/ros/humble/lib/x86_64-linux-gnu:/opt/ros/humble/lib:/opt/tritonserver/backends/onnxruntime:/usr/local/cuda/compat/lib:/usr/local/nvidia/lib:/usr/local/nvidia/lib64:/opt/tritonserver/lib PYTHONPATH=/workspaces/isaac_ros-dev/build/qcar2_autonomy/prefix_override:/workspaces/isaac_ros-dev/install/qcar2_autonomy/lib/python3.8/site-packages:/workspaces/isaac_ros-dev/install/qcar2_interfaces/lib/python3.8/site-packages:/workspaces/isaac_ros-dev/install/rtabmap_python/lib/python3.8/site-packages:/workspaces/isaac_ros-dev/Development/ros2/install/rtabmap_msgs/lib/python3.8/site-packages:/workspaces/isaac_ros-dev/Development/ros2/build/qcar2_perception:/workspaces/isaac_ros-dev/Development/ros2/install/qcar2_perception/lib/python3.8/site-packages:/workspaces/isaac_ros-dev/Development/ros2/build/qcar2_autonomy:/workspaces/isaac_ros-dev/Development/ros2/install/qcar2_autonomy/lib/python3.8/site-packages:/workspaces/isaac_ros-dev/Development/ros2/install/qcar2_interfaces/lib/python3.8/site-packages:/workspaces/isaac_ros-dev/install/qcar2_perception/lib/python3.8/site-packages:/workspaces/isaac_ros-dev/install/qcar2_autonomy/lib/python3.8/site-packages:/workspaces/isaac_ros-dev/install/isaac_ros_test/lib/python3.8/site-packages:/workspaces/isaac_ros-dev/install/isaac_ros_tensor_list_interfaces/lib/python3.8/site-packages:/workspaces/isaac_ros-dev/install/isaac_ros_pointcloud_interfaces/lib/python3.8/site-packages:/workspaces/isaac_ros-dev/install/isaac_ros_nova_interfaces/lib/python3.8/site-packages:/workspaces/isaac_ros-dev/install/isaac_ros_nitros_bridge_interfaces/lib/python3.8/site-packages:/workspaces/isaac_ros-dev/install/isaac_ros_bi3d_interfaces/lib/python3.8/site-packages:/workspaces/isaac_ros-dev/install/isaac_ros_apriltag_interfaces/lib/python3.8/site-packages:/workspace/cartographer_ws/install/pcl_msgs/lib/python3.8/site-packages:/workspace/cartographer_ws/build/isaac_ros_test:/workspace/cartographer_ws/install/isaac_ros_test/lib/python3.8/site-packages:/workspace/cartographer_ws/install/isaac_ros_tensor_list_interfaces/lib/python3.8/site-packages:/workspace/cartographer_ws/install/isaac_ros_pointcloud_interfaces/lib/python3.8/site-packages:/workspace/cartographer_ws/install/isaac_ros_nova_interfaces/lib/python3.8/site-packages:/workspace/cartographer_ws/install/isaac_ros_nitros_bridge_interfaces/lib/python3.8/site-packages:/workspace/cartographer_ws/install/isaac_ros_bi3d_interfaces/lib/python3.8/site-packages:/workspace/cartographer_ws/install/isaac_ros_apriltag_interfaces/lib/python3.8/site-packages:/workspace/cartographer_ws/install/control_msgs/lib/python3.8/site-packages:/workspace/cartographer_ws/install/cartographer_ros_msgs/lib/python3.8/site-packages:/opt/ros/humble/lib/python3.8/site-packages:/home/Quanser/0_libraries/python _=/usr/bin/env /usr/bin/python3 setup.py develop --editable --build-directory /workspaces/isaac_ros-dev/build/qcar2_autonomy/build --no-deps install_data
[3.140s] Level 1:colcon.colcon_core.shell:create_environment_hook('qcar2_autonomy', 'pythonpath_develop')
[3.141s] DEBUG:colcon.colcon_core.event_handler.log_command:Invoked command in '/workspaces/isaac_ros-dev/build/qcar2_autonomy' returned '0': CMAKE_PREFIX_PATH=/workspaces/isaac_ros-dev/install/qcar2_interfaces:/workspaces/isaac_ros-dev/Development/ros2/install/rtabmap_slam:/workspaces/isaac_ros-dev/Development/ros2/install/rtabmap_odom:/workspaces/isaac_ros-dev/Development/ros2/install/rtabmap_util:/workspaces/isaac_ros-dev/Development/ros2/install/rtabmap_sync:/workspaces/isaac_ros-dev/Development/ros2/install/rtabmap_conversions:/workspaces/isaac_ros-dev/Development/ros2/install/rtabmap_msgs:/workspaces/isaac_ros-dev/Development/ros2/install/rtabmap:/workspaces/isaac_ros-dev/Development/ros2/install/qcar2_nodes:/workspaces/isaac_ros-dev/Development/ros2/install/qcar2_interfaces:/workspaces/isaac_ros-dev/install/qcar2_nodes:/workspaces/isaac_ros-dev/install/isaac_ros_tensor_list_interfaces:/workspaces/isaac_ros-dev/install/isaac_ros_pointcloud_interfaces:/workspaces/isaac_ros-dev/install/isaac_ros_nova_interfaces:/workspaces/isaac_ros-dev/install/isaac_ros_nitros_bridge_interfaces:/workspaces/isaac_ros-dev/install/isaac_ros_common:/workspaces/isaac_ros-dev/install/isaac_ros_bi3d_interfaces:/workspaces/isaac_ros-dev/install/isaac_ros_apriltag_interfaces:/workspace/cartographer_ws/install/perception_pcl:/workspace/cartographer_ws/install/pcl_ros:/workspace/cartographer_ws/install/cartographer_rviz:/workspace/cartographer_ws/install/cartographer_ros:/workspace/cartographer_ws/install/pcl_conversions:/workspace/cartographer_ws/install/pcl_msgs:/workspace/cartographer_ws/install/isaac_ros_tensor_list_interfaces:/workspace/cartographer_ws/install/isaac_ros_pointcloud_interfaces:/workspace/cartographer_ws/install/isaac_ros_nova_interfaces:/workspace/cartographer_ws/install/isaac_ros_nitros_bridge_interfaces:/workspace/cartographer_ws/install/isaac_ros_common:/workspace/cartographer_ws/install/isaac_ros_bi3d_interfaces:/workspace/cartographer_ws/install/isaac_ros_apriltag_interfaces:/workspace/cartographer_ws/install/control_msgs:/workspace/cartographer_ws/install/cartographer_ros_msgs:/workspace/cartographer_ws/install/cartographer:/workspace/cartographer_ws/install/absl LD_LIBRARY_PATH=/workspaces/isaac_ros-dev/install/qcar2_interfaces/lib:/workspaces/isaac_ros-dev/Development/ros2/install/rtabmap_slam/lib:/workspaces/isaac_ros-dev/Development/ros2/install/rtabmap_odom/lib:/workspaces/isaac_ros-dev/Development/ros2/install/rtabmap_util/lib:/workspaces/isaac_ros-dev/Development/ros2/install/rtabmap_sync/lib:/workspaces/isaac_ros-dev/Development/ros2/install/rtabmap_conversions/lib:/workspaces/isaac_ros-dev/Development/ros2/install/rtabmap_msgs/lib:/workspaces/isaac_ros-dev/Development/ros2/install/rtabmap/lib:/workspaces/isaac_ros-dev/Development/ros2/install/qcar2_interfaces/lib:/workspaces/isaac_ros-dev/install/isaac_ros_tensor_list_interfaces/lib:/workspaces/isaac_ros-dev/install/isaac_ros_pointcloud_interfaces/lib:/workspaces/isaac_ros-dev/install/isaac_ros_nova_interfaces/lib:/workspaces/isaac_ros-dev/install/isaac_ros_nitros_bridge_interfaces/lib:/workspaces/isaac_ros-dev/install/isaac_ros_common/lib:/workspaces/isaac_ros-dev/install/isaac_ros_bi3d_interfaces/lib:/workspaces/isaac_ros-dev/install/isaac_ros_apriltag_interfaces/lib:/workspace/cartographer_ws/install/pcl_ros/lib:/workspace/cartographer_ws/install/cartographer_rviz/lib:/workspace/cartographer_ws/install/cartographer_ros/lib:/workspace/cartographer_ws/install/pcl_msgs/lib:/workspace/cartographer_ws/install/isaac_ros_tensor_list_interfaces/lib:/workspace/cartographer_ws/install/isaac_ros_pointcloud_interfaces/lib:/workspace/cartographer_ws/install/isaac_ros_nova_interfaces/lib:/workspace/cartographer_ws/install/isaac_ros_nitros_bridge_interfaces/lib:/workspace/cartographer_ws/install/isaac_ros_common/lib:/workspace/cartographer_ws/install/isaac_ros_bi3d_interfaces/lib:/workspace/cartographer_ws/install/isaac_ros_apriltag_interfaces/lib:/workspace/cartographer_ws/install/control_msgs/lib:/workspace/cartographer_ws/install/cartographer_ros_msgs/lib:/opt/ros/humble/opt/rviz_ogre_vendor/lib:/opt/ros/humble/lib/x86_64-linux-gnu:/opt/ros/humble/lib:/opt/tritonserver/backends/onnxruntime:/usr/local/cuda/compat/lib:/usr/local/nvidia/lib:/usr/local/nvidia/lib64:/opt/tritonserver/lib PYTHONPATH=/workspaces/isaac_ros-dev/build/qcar2_autonomy/prefix_override:/workspaces/isaac_ros-dev/install/qcar2_autonomy/lib/python3.8/site-packages:/workspaces/isaac_ros-dev/install/qcar2_interfaces/lib/python3.8/site-packages:/workspaces/isaac_ros-dev/install/rtabmap_python/lib/python3.8/site-packages:/workspaces/isaac_ros-dev/Development/ros2/install/rtabmap_msgs/lib/python3.8/site-packages:/workspaces/isaac_ros-dev/Development/ros2/build/qcar2_perception:/workspaces/isaac_ros-dev/Development/ros2/install/qcar2_perception/lib/python3.8/site-packages:/workspaces/isaac_ros-dev/Development/ros2/build/qcar2_autonomy:/workspaces/isaac_ros-dev/Development/ros2/install/qcar2_autonomy/lib/python3.8/site-packages:/workspaces/isaac_ros-dev/Development/ros2/install/qcar2_interfaces/lib/python3.8/site-packages:/workspaces/isaac_ros-dev/install/qcar2_perception/lib/python3.8/site-packages:/workspaces/isaac_ros-dev/install/qcar2_autonomy/lib/python3.8/site-packages:/workspaces/isaac_ros-dev/install/isaac_ros_test/lib/python3.8/site-packages:/workspaces/isaac_ros-dev/install/isaac_ros_tensor_list_interfaces/lib/python3.8/site-packages:/workspaces/isaac_ros-dev/install/isaac_ros_pointcloud_interfaces/lib/python3.8/site-packages:/workspaces/isaac_ros-dev/install/isaac_ros_nova_interfaces/lib/python3.8/site-packages:/workspaces/isaac_ros-dev/install/isaac_ros_nitros_bridge_interfaces/lib/python3.8/site-packages:/workspaces/isaac_ros-dev/install/isaac_ros_bi3d_interfaces/lib/python3.8/site-packages:/workspaces/isaac_ros-dev/install/isaac_ros_apriltag_interfaces/lib/python3.8/site-packages:/workspace/cartographer_ws/install/pcl_msgs/lib/python3.8/site-packages:/workspace/cartographer_ws/build/isaac_ros_test:/workspace/cartographer_ws/install/isaac_ros_test/lib/python3.8/site-packages:/workspace/cartographer_ws/install/isaac_ros_tensor_list_interfaces/lib/python3.8/site-packages:/workspace/cartographer_ws/install/isaac_ros_pointcloud_interfaces/lib/python3.8/site-packages:/workspace/cartographer_ws/install/isaac_ros_nova_interfaces/lib/python3.8/site-packages:/workspace/cartographer_ws/install/isaac_ros_nitros_bridge_interfaces/lib/python3.8/site-packages:/workspace/cartographer_ws/install/isaac_ros_bi3d_interfaces/lib/python3.8/site-packages:/workspace/cartographer_ws/install/isaac_ros_apriltag_interfaces/lib/python3.8/site-packages:/workspace/cartographer_ws/install/control_msgs/lib/python3.8/site-packages:/workspace/cartographer_ws/install/cartographer_ros_msgs/lib/python3.8/site-packages:/opt/ros/humble/lib/python3.8/site-packages:/home/Quanser/0_libraries/python _=/usr/bin/env /usr/bin/python3 setup.py develop --editable --build-directory /workspaces/isaac_ros-dev/build/qcar2_autonomy/build --no-deps install_data
[3.149s] INFO:colcon.colcon_core.shell:Creating environment hook '/workspaces/isaac_ros-dev/build/qcar2_autonomy/share/qcar2_autonomy/hook/pythonpath_develop.ps1'
[3.150s] INFO:colcon.colcon_core.shell:Creating environment descriptor '/workspaces/isaac_ros-dev/build/qcar2_autonomy/share/qcar2_autonomy/hook/pythonpath_develop.dsv'
[3.150s] INFO:colcon.colcon_core.shell:Creating environment hook '/workspaces/isaac_ros-dev/build/qcar2_autonomy/share/qcar2_autonomy/hook/pythonpath_develop.sh'
[3.159s] Level 1:colcon.colcon_core.environment:checking '/workspaces/isaac_ros-dev/install/qcar2_autonomy' for CMake module files
[3.160s] Level 1:colcon.colcon_core.environment:checking '/workspaces/isaac_ros-dev/install/qcar2_autonomy' for CMake config files
[3.160s] Level 1:colcon.colcon_core.environment:checking '/workspaces/isaac_ros-dev/install/qcar2_autonomy/lib'
[3.161s] Level 1:colcon.colcon_core.environment:checking '/workspaces/isaac_ros-dev/install/qcar2_autonomy/bin'
[3.161s] Level 1:colcon.colcon_core.environment:checking '/workspaces/isaac_ros-dev/install/qcar2_autonomy/lib/pkgconfig/qcar2_autonomy.pc'
[3.161s] Level 1:colcon.colcon_core.environment:checking '/workspaces/isaac_ros-dev/install/qcar2_autonomy/lib/python3.8/site-packages'
[3.161s] Level 1:colcon.colcon_core.shell:create_environment_hook('qcar2_autonomy', 'pythonpath')
[3.168s] INFO:colcon.colcon_core.shell:Creating environment hook '/workspaces/isaac_ros-dev/install/qcar2_autonomy/share/qcar2_autonomy/hook/pythonpath.ps1'
[3.169s] INFO:colcon.colcon_core.shell:Creating environment descriptor '/workspaces/isaac_ros-dev/install/qcar2_autonomy/share/qcar2_autonomy/hook/pythonpath.dsv'
[3.169s] INFO:colcon.colcon_core.shell:Creating environment hook '/workspaces/isaac_ros-dev/install/qcar2_autonomy/share/qcar2_autonomy/hook/pythonpath.sh'
[3.169s] Level 1:colcon.colcon_core.environment:checking '/workspaces/isaac_ros-dev/install/qcar2_autonomy/bin'
[3.169s] Level 1:colcon.colcon_core.environment:create_environment_scripts_only(qcar2_autonomy)
[3.177s] INFO:colcon.colcon_core.shell:Creating package script '/workspaces/isaac_ros-dev/install/qcar2_autonomy/share/qcar2_autonomy/package.ps1'
[3.177s] INFO:colcon.colcon_core.shell:Creating package descriptor '/workspaces/isaac_ros-dev/install/qcar2_autonomy/share/qcar2_autonomy/package.dsv'
[3.178s] INFO:colcon.colcon_core.shell:Creating package script '/workspaces/isaac_ros-dev/install/qcar2_autonomy/share/qcar2_autonomy/package.sh'
[3.178s] INFO:colcon.colcon_core.shell:Creating package script '/workspaces/isaac_ros-dev/install/qcar2_autonomy/share/qcar2_autonomy/package.bash'
[3.179s] INFO:colcon.colcon_core.shell:Creating package script '/workspaces/isaac_ros-dev/install/qcar2_autonomy/share/qcar2_autonomy/package.zsh'
[3.179s] Level 1:colcon.colcon_core.environment:create_file_with_runtime_dependencies(/workspaces/isaac_ros-dev/install/qcar2_autonomy/share/colcon-core/packages/qcar2_autonomy)
[3.179s] DEBUG:colcon.colcon_parallel_executor.executor.parallel:closing loop
[3.180s] DEBUG:colcon.colcon_parallel_executor.executor.parallel:loop closed
[3.180s] DEBUG:colcon.colcon_parallel_executor.executor.parallel:run_until_complete finished with '0'
[3.180s] DEBUG:colcon.colcon_core.event_reactor:joining thread
[3.189s] INFO:colcon.colcon_core.plugin_system:Skipping extension 'colcon_notification.desktop_notification.notify_send': Could not find 'notify-send'
[3.190s] INFO:colcon.colcon_core.plugin_system:Skipping extension 'colcon_notification.desktop_notification.terminal_notifier': Not used on non-Darwin systems
[3.190s] INFO:colcon.colcon_core.plugin_system:Skipping extension 'colcon_notification.desktop_notification.win32': Not used on non-Windows systems
[3.190s] INFO:colcon.colcon_notification.desktop_notification:Sending desktop notification using 'notify2'
[3.192s] DEBUG:colcon.colcon_notification.desktop_notification.notify2:Failed to initialize notify2: org.freedesktop.DBus.Error.Spawn.ExecFailed: /usr/bin/dbus-launch terminated abnormally without any error message
[3.192s] DEBUG:colcon.colcon_core.event_reactor:joined thread
[3.200s] INFO:colcon.colcon_core.shell:Creating prefix script '/workspaces/isaac_ros-dev/install/local_setup.ps1'
[3.201s] INFO:colcon.colcon_core.shell:Creating prefix util module '/workspaces/isaac_ros-dev/install/_local_setup_util_ps1.py'
[3.202s] INFO:colcon.colcon_core.shell:Creating prefix chain script '/workspaces/isaac_ros-dev/install/setup.ps1'
[3.210s] INFO:colcon.colcon_core.shell:Creating prefix script '/workspaces/isaac_ros-dev/install/local_setup.sh'
[3.211s] INFO:colcon.colcon_core.shell:Creating prefix util module '/workspaces/isaac_ros-dev/install/_local_setup_util_sh.py'
[3.211s] INFO:colcon.colcon_core.shell:Creating prefix chain script '/workspaces/isaac_ros-dev/install/setup.sh'
[3.220s] INFO:colcon.colcon_core.shell:Creating prefix script '/workspaces/isaac_ros-dev/install/local_setup.bash'
[3.220s] INFO:colcon.colcon_core.shell:Creating prefix chain script '/workspaces/isaac_ros-dev/install/setup.bash'
[3.228s] INFO:colcon.colcon_core.shell:Creating prefix script '/workspaces/isaac_ros-dev/install/local_setup.zsh'
[3.228s] INFO:colcon.colcon_core.shell:Creating prefix chain script '/workspaces/isaac_ros-dev/install/setup.zsh'
