-- The C compiler identification is GNU 9.4.0
-- The CXX compiler identification is GNU 9.4.0
-- Detecting C compiler ABI info
-- Detecting C compiler ABI info - done
-- Check for working C compiler: /usr/bin/cc - skipped
-- Detecting C compile features
-- Detecting C compile features - done
-- Detecting CXX compiler ABI info
-- Detecting CXX compiler ABI info - done
-- Check for working CXX compiler: /usr/bin/c++ - skipped
-- Detecting CXX compile features
-- Detecting CXX compile features - done
-- Found ament_cmake_ros: 0.10.0 (/opt/ros/humble/share/ament_cmake_ros/cmake)
-- Found Python3: /usr/bin/python3.8 (found version "3.8.10") found components: Interpreter 
-- Override CMake install command with custom implementation using symlinks instead of copying resources
-- Found pcl_conversions: 2.4.5 (/workspace/cartographer_ws/install/pcl_conversions/share/pcl_conversions/cmake)
-- Found rosidl_generator_c: 3.1.5 (/opt/ros/humble/share/rosidl_generator_c/cmake)
-- Found rosidl_adapter: 3.1.5 (/opt/ros/humble/share/rosidl_adapter/cmake)
-- Found rosidl_generator_cpp: 3.1.5 (/opt/ros/humble/share/rosidl_generator_cpp/cmake)
-- Using all available rosidl_typesupport_c: rosidl_typesupport_fastrtps_c;rosidl_typesupport_introspection_c
-- Using all available rosidl_typesupport_cpp: rosidl_typesupport_fastrtps_cpp;rosidl_typesupport_introspection_cpp
-- Found rmw_implementation_cmake: 6.1.1 (/opt/ros/humble/share/rmw_implementation_cmake/cmake)
-- Found rmw_fastrtps_cpp: 6.2.4 (/opt/ros/humble/share/rmw_fastrtps_cpp/cmake)
-- Found OpenSSL: /usr/lib/x86_64-linux-gnu/libcrypto.so (found version "1.1.1f")  
-- Found FastRTPS: /opt/ros/humble/include  
-- Using RMW implementation 'rmw_fastrtps_cpp' as default
-- Looking for pthread.h
-- Looking for pthread.h - found
-- Performing Test CMAKE_HAVE_LIBC_PTHREAD
-- Performing Test CMAKE_HAVE_LIBC_PTHREAD - Failed
-- Looking for pthread_create in pthreads
-- Looking for pthread_create in pthreads - not found
-- Looking for pthread_create in pthread
-- Looking for pthread_create in pthread - found
-- Found Threads: TRUE  
-- Checking for module 'eigen3'
--   Found eigen3, version 3.3.7
-- Found Eigen: /usr/include/eigen3 (Required is at least version "3.1") 
-- Eigen found (include: /usr/include/eigen3, version: 3.3.7)
-- Checking for module 'flann'
--   Found flann, version 1.9.1
-- Found FLANN: /usr/lib/x86_64-linux-gnu/libflann_cpp.so  
-- The imported target "vtkParseOGLExt" references the file
   "/usr/bin/vtkParseOGLExt-7.1"
but this file does not exist.  Possible reasons include:
* The file was deleted, renamed, or moved to another location.
* An install or uninstall procedure did not complete successfully.
* The installation package was faulty and contained
   "/usr/lib/cmake/vtk-7.1/VTKTargets.cmake"
but not all the files it references.

-- The imported target "vtkRenderingPythonTkWidgets" references the file
   "/usr/lib/x86_64-linux-gnu/libvtkRenderingPythonTkWidgets.so"
but this file does not exist.  Possible reasons include:
* The file was deleted, renamed, or moved to another location.
* An install or uninstall procedure did not complete successfully.
* The installation package was faulty and contained
   "/usr/lib/cmake/vtk-7.1/VTKTargets.cmake"
but not all the files it references.

-- The imported target "vtk" references the file
   "/usr/bin/vtk"
but this file does not exist.  Possible reasons include:
* The file was deleted, renamed, or moved to another location.
* An install or uninstall procedure did not complete successfully.
* The installation package was faulty and contained
   "/usr/lib/cmake/vtk-7.1/VTKTargets.cmake"
but not all the files it references.

-- The imported target "pvtk" references the file
   "/usr/bin/pvtk"
but this file does not exist.  Possible reasons include:
* The file was deleted, renamed, or moved to another location.
* An install or uninstall procedure did not complete successfully.
* The installation package was faulty and contained
   "/usr/lib/cmake/vtk-7.1/VTKTargets.cmake"
but not all the files it references.

-- Checking for module 'libusb-1.0'
--   Found libusb-1.0, version 1.0.23
[33mCMake Warning (dev) at /usr/share/cmake-3.22/Modules/FindPackageHandleStandardArgs.cmake:438 (message):
  The package name passed to `find_package_handle_standard_args` (USB_10)
  does not match the name of the calling package (OpenNI).  This can lead to
  problems in calling code that expects `find_package` result variables
  (e.g., `_FOUND`) to follow a certain pattern.
Call Stack (most recent call first):
  /usr/lib/x86_64-linux-gnu/cmake/pcl/Modules/FindOpenNI.cmake:28 (find_package_handle_standard_args)
  /usr/lib/x86_64-linux-gnu/cmake/pcl/PCLConfig.cmake:179 (find_package)
  /usr/lib/x86_64-linux-gnu/cmake/pcl/PCLConfig.cmake:322 (find_openni)
  /usr/lib/x86_64-linux-gnu/cmake/pcl/PCLConfig.cmake:548 (find_external_library)
  /workspace/cartographer_ws/install/pcl_conversions/share/pcl_conversions/cmake/ament_cmake_export_dependencies-extras.cmake:21 (find_package)
  /workspace/cartographer_ws/install/pcl_conversions/share/pcl_conversions/cmake/pcl_conversionsConfig.cmake:41 (include)
  CMakeLists.txt:18 (find_package)
This warning is for project developers.  Use -Wno-dev to suppress it.
[0m
-- Found USB_10: /usr/lib/x86_64-linux-gnu/libusb-1.0.so  
-- OpenNI found (include: /usr/include/ni, lib: /usr/lib/libOpenNI.so)
[33mCMake Warning (dev) at /usr/share/cmake-3.22/Modules/FindPackageHandleStandardArgs.cmake:438 (message):
  The package name passed to `find_package_handle_standard_args` (USB_10)
  does not match the name of the calling package (OpenNI2).  This can lead to
  problems in calling code that expects `find_package` result variables
  (e.g., `_FOUND`) to follow a certain pattern.
Call Stack (most recent call first):
  /usr/lib/x86_64-linux-gnu/cmake/pcl/Modules/FindOpenNI2.cmake:28 (find_package_handle_standard_args)
  /usr/lib/x86_64-linux-gnu/cmake/pcl/PCLConfig.cmake:193 (find_package)
  /usr/lib/x86_64-linux-gnu/cmake/pcl/PCLConfig.cmake:324 (find_openni2)
  /usr/lib/x86_64-linux-gnu/cmake/pcl/PCLConfig.cmake:548 (find_external_library)
  /workspace/cartographer_ws/install/pcl_conversions/share/pcl_conversions/cmake/ament_cmake_export_dependencies-extras.cmake:21 (find_package)
  /workspace/cartographer_ws/install/pcl_conversions/share/pcl_conversions/cmake/pcl_conversionsConfig.cmake:41 (include)
  CMakeLists.txt:18 (find_package)
This warning is for project developers.  Use -Wno-dev to suppress it.
[0m
-- OpenNI2 found (include: /usr/include/openni2, lib: /usr/lib/libOpenNI2.so)
[33mCMake Warning (dev) at /usr/share/cmake-3.22/Modules/FindPackageHandleStandardArgs.cmake:438 (message):
  The package name passed to `find_package_handle_standard_args` (libusb-1.0)
  does not match the name of the calling package (PCL).  This can lead to
  problems in calling code that expects `find_package` result variables
  (e.g., `_FOUND`) to follow a certain pattern.
Call Stack (most recent call first):
  /usr/lib/x86_64-linux-gnu/cmake/pcl/PCLConfig.cmake:291 (find_package_handle_standard_args)
  /usr/lib/x86_64-linux-gnu/cmake/pcl/PCLConfig.cmake:338 (find_libusb)
  /usr/lib/x86_64-linux-gnu/cmake/pcl/PCLConfig.cmake:548 (find_external_library)
  /workspace/cartographer_ws/install/pcl_conversions/share/pcl_conversions/cmake/ament_cmake_export_dependencies-extras.cmake:21 (find_package)
  /workspace/cartographer_ws/install/pcl_conversions/share/pcl_conversions/cmake/pcl_conversionsConfig.cmake:41 (include)
  CMakeLists.txt:18 (find_package)
This warning is for project developers.  Use -Wno-dev to suppress it.
[0m
-- Found libusb-1.0: /usr/include  
[33mCMake Warning (dev) at /usr/share/cmake-3.22/Modules/FindPackageHandleStandardArgs.cmake:438 (message):
  The package name passed to `find_package_handle_standard_args` (USB_10)
  does not match the name of the calling package (OpenNI).  This can lead to
  problems in calling code that expects `find_package` result variables
  (e.g., `_FOUND`) to follow a certain pattern.
Call Stack (most recent call first):
  /usr/lib/x86_64-linux-gnu/cmake/pcl/Modules/FindOpenNI.cmake:28 (find_package_handle_standard_args)
  /usr/lib/x86_64-linux-gnu/cmake/pcl/PCLConfig.cmake:179 (find_package)
  /usr/lib/x86_64-linux-gnu/cmake/pcl/PCLConfig.cmake:322 (find_openni)
  /usr/lib/x86_64-linux-gnu/cmake/pcl/PCLConfig.cmake:548 (find_external_library)
  /workspace/cartographer_ws/install/pcl_conversions/share/pcl_conversions/cmake/ament_cmake_export_dependencies-extras.cmake:21 (find_package)
  /workspace/cartographer_ws/install/pcl_conversions/share/pcl_conversions/cmake/pcl_conversionsConfig.cmake:41 (include)
  CMakeLists.txt:18 (find_package)
This warning is for project developers.  Use -Wno-dev to suppress it.
[0m
-- OpenNI found (include: /usr/include/ni, lib: /usr/lib/libOpenNI.so)
[33mCMake Warning (dev) at /usr/share/cmake-3.22/Modules/FindPackageHandleStandardArgs.cmake:438 (message):
  The package name passed to `find_package_handle_standard_args` (USB_10)
  does not match the name of the calling package (OpenNI2).  This can lead to
  problems in calling code that expects `find_package` result variables
  (e.g., `_FOUND`) to follow a certain pattern.
Call Stack (most recent call first):
  /usr/lib/x86_64-linux-gnu/cmake/pcl/Modules/FindOpenNI2.cmake:28 (find_package_handle_standard_args)
  /usr/lib/x86_64-linux-gnu/cmake/pcl/PCLConfig.cmake:193 (find_package)
  /usr/lib/x86_64-linux-gnu/cmake/pcl/PCLConfig.cmake:324 (find_openni2)
  /usr/lib/x86_64-linux-gnu/cmake/pcl/PCLConfig.cmake:548 (find_external_library)
  /workspace/cartographer_ws/install/pcl_conversions/share/pcl_conversions/cmake/ament_cmake_export_dependencies-extras.cmake:21 (find_package)
  /workspace/cartographer_ws/install/pcl_conversions/share/pcl_conversions/cmake/pcl_conversionsConfig.cmake:41 (include)
  CMakeLists.txt:18 (find_package)
This warning is for project developers.  Use -Wno-dev to suppress it.
[0m
-- OpenNI2 found (include: /usr/include/openni2, lib: /usr/lib/libOpenNI2.so)
-- Found Qhull: optimized;/usr/lib/x86_64-linux-gnu/libqhull.so;debug;/usr/lib/x86_64-linux-gnu/libqhull.so  
-- QHULL found (include: /usr/include, lib: optimized;/usr/lib/x86_64-linux-gnu/libqhull.so;debug;/usr/lib/x86_64-linux-gnu/libqhull.so)
[33mCMake Warning (dev) at /usr/share/cmake-3.22/Modules/FindPackageHandleStandardArgs.cmake:438 (message):
  The package name passed to `find_package_handle_standard_args` (USB_10)
  does not match the name of the calling package (OpenNI).  This can lead to
  problems in calling code that expects `find_package` result variables
  (e.g., `_FOUND`) to follow a certain pattern.
Call Stack (most recent call first):
  /usr/lib/x86_64-linux-gnu/cmake/pcl/Modules/FindOpenNI.cmake:28 (find_package_handle_standard_args)
  /usr/lib/x86_64-linux-gnu/cmake/pcl/PCLConfig.cmake:179 (find_package)
  /usr/lib/x86_64-linux-gnu/cmake/pcl/PCLConfig.cmake:322 (find_openni)
  /usr/lib/x86_64-linux-gnu/cmake/pcl/PCLConfig.cmake:548 (find_external_library)
  /workspace/cartographer_ws/install/pcl_conversions/share/pcl_conversions/cmake/ament_cmake_export_dependencies-extras.cmake:21 (find_package)
  /workspace/cartographer_ws/install/pcl_conversions/share/pcl_conversions/cmake/pcl_conversionsConfig.cmake:41 (include)
  CMakeLists.txt:18 (find_package)
This warning is for project developers.  Use -Wno-dev to suppress it.
[0m
-- OpenNI found (include: /usr/include/ni, lib: /usr/lib/libOpenNI.so)
[33mCMake Warning (dev) at /usr/share/cmake-3.22/Modules/FindPackageHandleStandardArgs.cmake:438 (message):
  The package name passed to `find_package_handle_standard_args` (PCL_COMMON)
  does not match the name of the calling package (PCL).  This can lead to
  problems in calling code that expects `find_package` result variables
  (e.g., `_FOUND`) to follow a certain pattern.
Call Stack (most recent call first):
  /usr/lib/x86_64-linux-gnu/cmake/pcl/PCLConfig.cmake:616 (find_package_handle_standard_args)
  /workspace/cartographer_ws/install/pcl_conversions/share/pcl_conversions/cmake/ament_cmake_export_dependencies-extras.cmake:21 (find_package)
  /workspace/cartographer_ws/install/pcl_conversions/share/pcl_conversions/cmake/pcl_conversionsConfig.cmake:41 (include)
  CMakeLists.txt:18 (find_package)
This warning is for project developers.  Use -Wno-dev to suppress it.
[0m
-- Found PCL_COMMON: /usr/lib/x86_64-linux-gnu/libpcl_common.so  
-- Found PCL_KDTREE: /usr/lib/x86_64-linux-gnu/libpcl_kdtree.so  
[33mCMake Warning (dev) at /usr/share/cmake-3.22/Modules/FindPackageHandleStandardArgs.cmake:438 (message):
  The package name passed to `find_package_handle_standard_args` (PCL_KDTREE)
  does not match the name of the calling package (PCL).  This can lead to
  problems in calling code that expects `find_package` result variables
  (e.g., `_FOUND`) to follow a certain pattern.
Call Stack (most recent call first):
  /usr/lib/x86_64-linux-gnu/cmake/pcl/PCLConfig.cmake:616 (find_package_handle_standard_args)
  /workspace/cartographer_ws/install/pcl_conversions/share/pcl_conversions/cmake/ament_cmake_export_dependencies-extras.cmake:21 (find_package)
  /workspace/cartographer_ws/install/pcl_conversions/share/pcl_conversions/cmake/pcl_conversionsConfig.cmake:41 (include)
  CMakeLists.txt:18 (find_package)
This warning is for project developers.  Use -Wno-dev to suppress it.
[0m
[33mCMake Warning (dev) at /usr/share/cmake-3.22/Modules/FindPackageHandleStandardArgs.cmake:438 (message):
  The package name passed to `find_package_handle_standard_args` (PCL_OCTREE)
  does not match the name of the calling package (PCL).  This can lead to
  problems in calling code that expects `find_package` result variables
  (e.g., `_FOUND`) to follow a certain pattern.
Call Stack (most recent call first):
  /usr/lib/x86_64-linux-gnu/cmake/pcl/PCLConfig.cmake:616 (find_package_handle_standard_args)
  /workspace/cartographer_ws/install/pcl_conversions/share/pcl_conversions/cmake/ament_cmake_export_dependencies-extras.cmake:21 (find_package)
  /workspace/cartographer_ws/install/pcl_conversions/share/pcl_conversions/cmake/pcl_conversionsConfig.cmake:41 (include)
  CMakeLists.txt:18 (find_package)
This warning is for project developers.  Use -Wno-dev to suppress it.
[0m
-- Found PCL_OCTREE: /usr/lib/x86_64-linux-gnu/libpcl_octree.so  
[33mCMake Warning (dev) at /usr/share/cmake-3.22/Modules/FindPackageHandleStandardArgs.cmake:438 (message):
  The package name passed to `find_package_handle_standard_args` (PCL_SEARCH)
  does not match the name of the calling package (PCL).  This can lead to
  problems in calling code that expects `find_package` result variables
  (e.g., `_FOUND`) to follow a certain pattern.
Call Stack (most recent call first):
  /usr/lib/x86_64-linux-gnu/cmake/pcl/PCLConfig.cmake:616 (find_package_handle_standard_args)
  /workspace/cartographer_ws/install/pcl_conversions/share/pcl_conversions/cmake/ament_cmake_export_dependencies-extras.cmake:21 (find_package)
  /workspace/cartographer_ws/install/pcl_conversions/share/pcl_conversions/cmake/pcl_conversionsConfig.cmake:41 (include)
  CMakeLists.txt:18 (find_package)
This warning is for project developers.  Use -Wno-dev to suppress it.
[0m
-- Found PCL_SEARCH: /usr/lib/x86_64-linux-gnu/libpcl_search.so  
[33mCMake Warning (dev) at /usr/share/cmake-3.22/Modules/FindPackageHandleStandardArgs.cmake:438 (message):
  The package name passed to `find_package_handle_standard_args`
  (PCL_SAMPLE_CONSENSUS) does not match the name of the calling package
  (PCL).  This can lead to problems in calling code that expects
  `find_package` result variables (e.g., `_FOUND`) to follow a certain
  pattern.
Call Stack (most recent call first):
  /usr/lib/x86_64-linux-gnu/cmake/pcl/PCLConfig.cmake:616 (find_package_handle_standard_args)
  /workspace/cartographer_ws/install/pcl_conversions/share/pcl_conversions/cmake/ament_cmake_export_dependencies-extras.cmake:21 (find_package)
  /workspace/cartographer_ws/install/pcl_conversions/share/pcl_conversions/cmake/pcl_conversionsConfig.cmake:41 (include)
  CMakeLists.txt:18 (find_package)
This warning is for project developers.  Use -Wno-dev to suppress it.
[0m
-- Found PCL_SAMPLE_CONSENSUS: /usr/lib/x86_64-linux-gnu/libpcl_sample_consensus.so  
[33mCMake Warning (dev) at /usr/share/cmake-3.22/Modules/FindPackageHandleStandardArgs.cmake:438 (message):
  The package name passed to `find_package_handle_standard_args`
  (PCL_FILTERS) does not match the name of the calling package (PCL).  This
  can lead to problems in calling code that expects `find_package` result
  variables (e.g., `_FOUND`) to follow a certain pattern.
Call Stack (most recent call first):
  /usr/lib/x86_64-linux-gnu/cmake/pcl/PCLConfig.cmake:616 (find_package_handle_standard_args)
  /workspace/cartographer_ws/install/pcl_conversions/share/pcl_conversions/cmake/ament_cmake_export_dependencies-extras.cmake:21 (find_package)
  /workspace/cartographer_ws/install/pcl_conversions/share/pcl_conversions/cmake/pcl_conversionsConfig.cmake:41 (include)
  CMakeLists.txt:18 (find_package)
This warning is for project developers.  Use -Wno-dev to suppress it.
[0m
-- Found PCL_FILTERS: /usr/lib/x86_64-linux-gnu/libpcl_filters.so  
-- Found PCL_2D: /usr/include/pcl-1.10  
[33mCMake Warning (dev) at /usr/share/cmake-3.22/Modules/FindPackageHandleStandardArgs.cmake:438 (message):
  The package name passed to `find_package_handle_standard_args` (PCL_2D)
  does not match the name of the calling package (PCL).  This can lead to
  problems in calling code that expects `find_package` result variables
  (e.g., `_FOUND`) to follow a certain pattern.
Call Stack (most recent call first):
  /usr/lib/x86_64-linux-gnu/cmake/pcl/PCLConfig.cmake:619 (find_package_handle_standard_args)
  /workspace/cartographer_ws/install/pcl_conversions/share/pcl_conversions/cmake/ament_cmake_export_dependencies-extras.cmake:21 (find_package)
  /workspace/cartographer_ws/install/pcl_conversions/share/pcl_conversions/cmake/pcl_conversionsConfig.cmake:41 (include)
  CMakeLists.txt:18 (find_package)
This warning is for project developers.  Use -Wno-dev to suppress it.
[0m
[33mCMake Warning (dev) at /usr/share/cmake-3.22/Modules/FindPackageHandleStandardArgs.cmake:438 (message):
  The package name passed to `find_package_handle_standard_args`
  (PCL_GEOMETRY) does not match the name of the calling package (PCL).  This
  can lead to problems in calling code that expects `find_package` result
  variables (e.g., `_FOUND`) to follow a certain pattern.
Call Stack (most recent call first):
  /usr/lib/x86_64-linux-gnu/cmake/pcl/PCLConfig.cmake:619 (find_package_handle_standard_args)
  /workspace/cartographer_ws/install/pcl_conversions/share/pcl_conversions/cmake/ament_cmake_export_dependencies-extras.cmake:21 (find_package)
  /workspace/cartographer_ws/install/pcl_conversions/share/pcl_conversions/cmake/pcl_conversionsConfig.cmake:41 (include)
  CMakeLists.txt:18 (find_package)
This warning is for project developers.  Use -Wno-dev to suppress it.
[0m
-- Found PCL_GEOMETRY: /usr/include/pcl-1.10  
[33mCMake Warning (dev) at /usr/share/cmake-3.22/Modules/FindPackageHandleStandardArgs.cmake:438 (message):
  The package name passed to `find_package_handle_standard_args` (PCL_IO)
  does not match the name of the calling package (PCL).  This can lead to
  problems in calling code that expects `find_package` result variables
  (e.g., `_FOUND`) to follow a certain pattern.
Call Stack (most recent call first):
  /usr/lib/x86_64-linux-gnu/cmake/pcl/PCLConfig.cmake:616 (find_package_handle_standard_args)
  /workspace/cartographer_ws/install/pcl_conversions/share/pcl_conversions/cmake/ament_cmake_export_dependencies-extras.cmake:21 (find_package)
  /workspace/cartographer_ws/install/pcl_conversions/share/pcl_conversions/cmake/pcl_conversionsConfig.cmake:41 (include)
  CMakeLists.txt:18 (find_package)
This warning is for project developers.  Use -Wno-dev to suppress it.
[0m
-- Found PCL_IO: /usr/lib/x86_64-linux-gnu/libpcl_io.so  
[33mCMake Warning (dev) at /usr/share/cmake-3.22/Modules/FindPackageHandleStandardArgs.cmake:438 (message):
  The package name passed to `find_package_handle_standard_args`
  (PCL_FEATURES) does not match the name of the calling package (PCL).  This
  can lead to problems in calling code that expects `find_package` result
  variables (e.g., `_FOUND`) to follow a certain pattern.
Call Stack (most recent call first):
  /usr/lib/x86_64-linux-gnu/cmake/pcl/PCLConfig.cmake:616 (find_package_handle_standard_args)
  /workspace/cartographer_ws/install/pcl_conversions/share/pcl_conversions/cmake/ament_cmake_export_dependencies-extras.cmake:21 (find_package)
  /workspace/cartographer_ws/install/pcl_conversions/share/pcl_conversions/cmake/pcl_conversionsConfig.cmake:41 (include)
  CMakeLists.txt:18 (find_package)
This warning is for project developers.  Use -Wno-dev to suppress it.
[0m
-- Found PCL_FEATURES: /usr/lib/x86_64-linux-gnu/libpcl_features.so  
[33mCMake Warning (dev) at /usr/share/cmake-3.22/Modules/FindPackageHandleStandardArgs.cmake:438 (message):
  The package name passed to `find_package_handle_standard_args` (PCL_ML)
  does not match the name of the calling package (PCL).  This can lead to
  problems in calling code that expects `find_package` result variables
  (e.g., `_FOUND`) to follow a certain pattern.
Call Stack (most recent call first):
  /usr/lib/x86_64-linux-gnu/cmake/pcl/PCLConfig.cmake:616 (find_package_handle_standard_args)
  /workspace/cartographer_ws/install/pcl_conversions/share/pcl_conversions/cmake/ament_cmake_export_dependencies-extras.cmake:21 (find_package)
  /workspace/cartographer_ws/install/pcl_conversions/share/pcl_conversions/cmake/pcl_conversionsConfig.cmake:41 (include)
  CMakeLists.txt:18 (find_package)
This warning is for project developers.  Use -Wno-dev to suppress it.
[0m
-- Found PCL_ML: /usr/lib/x86_64-linux-gnu/libpcl_ml.so  
[33mCMake Warning (dev) at /usr/share/cmake-3.22/Modules/FindPackageHandleStandardArgs.cmake:438 (message):
  The package name passed to `find_package_handle_standard_args`
  (PCL_SEGMENTATION) does not match the name of the calling package (PCL).
  This can lead to problems in calling code that expects `find_package`
  result variables (e.g., `_FOUND`) to follow a certain pattern.
Call Stack (most recent call first):
  /usr/lib/x86_64-linux-gnu/cmake/pcl/PCLConfig.cmake:616 (find_package_handle_standard_args)
  /workspace/cartographer_ws/install/pcl_conversions/share/pcl_conversions/cmake/ament_cmake_export_dependencies-extras.cmake:21 (find_package)
  /workspace/cartographer_ws/install/pcl_conversions/share/pcl_conversions/cmake/pcl_conversionsConfig.cmake:41 (include)
  CMakeLists.txt:18 (find_package)
This warning is for project developers.  Use -Wno-dev to suppress it.
[0m
-- Found PCL_SEGMENTATION: /usr/lib/x86_64-linux-gnu/libpcl_segmentation.so  
[33mCMake Warning (dev) at /usr/share/cmake-3.22/Modules/FindPackageHandleStandardArgs.cmake:438 (message):
  The package name passed to `find_package_handle_standard_args`
  (PCL_VISUALIZATION) does not match the name of the calling package (PCL).
  This can lead to problems in calling code that expects `find_package`
  result variables (e.g., `_FOUND`) to follow a certain pattern.
Call Stack (most recent call first):
  /usr/lib/x86_64-linux-gnu/cmake/pcl/PCLConfig.cmake:616 (find_package_handle_standard_args)
  /workspace/cartographer_ws/install/pcl_conversions/share/pcl_conversions/cmake/ament_cmake_export_dependencies-extras.cmake:21 (find_package)
  /workspace/cartographer_ws/install/pcl_conversions/share/pcl_conversions/cmake/pcl_conversionsConfig.cmake:41 (include)
  CMakeLists.txt:18 (find_package)
This warning is for project developers.  Use -Wno-dev to suppress it.
[0m
-- Found PCL_VISUALIZATION: /usr/lib/x86_64-linux-gnu/libpcl_visualization.so  
[33mCMake Warning (dev) at /usr/share/cmake-3.22/Modules/FindPackageHandleStandardArgs.cmake:438 (message):
  The package name passed to `find_package_handle_standard_args`
  (PCL_SURFACE) does not match the name of the calling package (PCL).  This
  can lead to problems in calling code that expects `find_package` result
  variables (e.g., `_FOUND`) to follow a certain pattern.
Call Stack (most recent call first):
  /usr/lib/x86_64-linux-gnu/cmake/pcl/PCLConfig.cmake:616 (find_package_handle_standard_args)
  /workspace/cartographer_ws/install/pcl_conversions/share/pcl_conversions/cmake/ament_cmake_export_dependencies-extras.cmake:21 (find_package)
  /workspace/cartographer_ws/install/pcl_conversions/share/pcl_conversions/cmake/pcl_conversionsConfig.cmake:41 (include)
  CMakeLists.txt:18 (find_package)
This warning is for project developers.  Use -Wno-dev to suppress it.
[0m
-- Found PCL_SURFACE: /usr/lib/x86_64-linux-gnu/libpcl_surface.so  
[33mCMake Warning (dev) at /usr/share/cmake-3.22/Modules/FindPackageHandleStandardArgs.cmake:438 (message):
  The package name passed to `find_package_handle_standard_args`
  (PCL_REGISTRATION) does not match the name of the calling package (PCL).
  This can lead to problems in calling code that expects `find_package`
  result variables (e.g., `_FOUND`) to follow a certain pattern.
Call Stack (most recent call first):
  /usr/lib/x86_64-linux-gnu/cmake/pcl/PCLConfig.cmake:616 (find_package_handle_standard_args)
  /workspace/cartographer_ws/install/pcl_conversions/share/pcl_conversions/cmake/ament_cmake_export_dependencies-extras.cmake:21 (find_package)
  /workspace/cartographer_ws/install/pcl_conversions/share/pcl_conversions/cmake/pcl_conversionsConfig.cmake:41 (include)
  CMakeLists.txt:18 (find_package)
This warning is for project developers.  Use -Wno-dev to suppress it.
[0m
-- Found PCL_REGISTRATION: /usr/lib/x86_64-linux-gnu/libpcl_registration.so  
-- Found PCL_KEYPOINTS: /usr/lib/x86_64-linux-gnu/libpcl_keypoints.so  
[33mCMake Warning (dev) at /usr/share/cmake-3.22/Modules/FindPackageHandleStandardArgs.cmake:438 (message):
  The package name passed to `find_package_handle_standard_args`
  (PCL_KEYPOINTS) does not match the name of the calling package (PCL).  This
  can lead to problems in calling code that expects `find_package` result
  variables (e.g., `_FOUND`) to follow a certain pattern.
Call Stack (most recent call first):
  /usr/lib/x86_64-linux-gnu/cmake/pcl/PCLConfig.cmake:616 (find_package_handle_standard_args)
  /workspace/cartographer_ws/install/pcl_conversions/share/pcl_conversions/cmake/ament_cmake_export_dependencies-extras.cmake:21 (find_package)
  /workspace/cartographer_ws/install/pcl_conversions/share/pcl_conversions/cmake/pcl_conversionsConfig.cmake:41 (include)
  CMakeLists.txt:18 (find_package)
This warning is for project developers.  Use -Wno-dev to suppress it.
[0m
[33mCMake Warning (dev) at /usr/share/cmake-3.22/Modules/FindPackageHandleStandardArgs.cmake:438 (message):
  The package name passed to `find_package_handle_standard_args`
  (PCL_TRACKING) does not match the name of the calling package (PCL).  This
  can lead to problems in calling code that expects `find_package` result
  variables (e.g., `_FOUND`) to follow a certain pattern.
Call Stack (most recent call first):
  /usr/lib/x86_64-linux-gnu/cmake/pcl/PCLConfig.cmake:616 (find_package_handle_standard_args)
  /workspace/cartographer_ws/install/pcl_conversions/share/pcl_conversions/cmake/ament_cmake_export_dependencies-extras.cmake:21 (find_package)
  /workspace/cartographer_ws/install/pcl_conversions/share/pcl_conversions/cmake/pcl_conversionsConfig.cmake:41 (include)
  CMakeLists.txt:18 (find_package)
This warning is for project developers.  Use -Wno-dev to suppress it.
[0m
-- Found PCL_TRACKING: /usr/lib/x86_64-linux-gnu/libpcl_tracking.so  
[33mCMake Warning (dev) at /usr/share/cmake-3.22/Modules/FindPackageHandleStandardArgs.cmake:438 (message):
  The package name passed to `find_package_handle_standard_args`
  (PCL_RECOGNITION) does not match the name of the calling package (PCL).
  This can lead to problems in calling code that expects `find_package`
  result variables (e.g., `_FOUND`) to follow a certain pattern.
Call Stack (most recent call first):
  /usr/lib/x86_64-linux-gnu/cmake/pcl/PCLConfig.cmake:616 (find_package_handle_standard_args)
  /workspace/cartographer_ws/install/pcl_conversions/share/pcl_conversions/cmake/ament_cmake_export_dependencies-extras.cmake:21 (find_package)
  /workspace/cartographer_ws/install/pcl_conversions/share/pcl_conversions/cmake/pcl_conversionsConfig.cmake:41 (include)
  CMakeLists.txt:18 (find_package)
This warning is for project developers.  Use -Wno-dev to suppress it.
[0m
-- Found PCL_RECOGNITION: /usr/lib/x86_64-linux-gnu/libpcl_recognition.so  
[33mCMake Warning (dev) at /usr/share/cmake-3.22/Modules/FindPackageHandleStandardArgs.cmake:438 (message):
  The package name passed to `find_package_handle_standard_args` (PCL_STEREO)
  does not match the name of the calling package (PCL).  This can lead to
  problems in calling code that expects `find_package` result variables
  (e.g., `_FOUND`) to follow a certain pattern.
Call Stack (most recent call first):
  /usr/lib/x86_64-linux-gnu/cmake/pcl/PCLConfig.cmake:616 (find_package_handle_standard_args)
  /workspace/cartographer_ws/install/pcl_conversions/share/pcl_conversions/cmake/ament_cmake_export_dependencies-extras.cmake:21 (find_package)
  /workspace/cartographer_ws/install/pcl_conversions/share/pcl_conversions/cmake/pcl_conversionsConfig.cmake:41 (include)
  CMakeLists.txt:18 (find_package)
This warning is for project developers.  Use -Wno-dev to suppress it.
[0m
-- Found PCL_STEREO: /usr/lib/x86_64-linux-gnu/libpcl_stereo.so  
[33mCMake Warning (dev) at /usr/share/cmake-3.22/Modules/FindPackageHandleStandardArgs.cmake:438 (message):
  The package name passed to `find_package_handle_standard_args` (PCL_APPS)
  does not match the name of the calling package (PCL).  This can lead to
  problems in calling code that expects `find_package` result variables
  (e.g., `_FOUND`) to follow a certain pattern.
Call Stack (most recent call first):
  /usr/lib/x86_64-linux-gnu/cmake/pcl/PCLConfig.cmake:616 (find_package_handle_standard_args)
  /workspace/cartographer_ws/install/pcl_conversions/share/pcl_conversions/cmake/ament_cmake_export_dependencies-extras.cmake:21 (find_package)
  /workspace/cartographer_ws/install/pcl_conversions/share/pcl_conversions/cmake/pcl_conversionsConfig.cmake:41 (include)
  CMakeLists.txt:18 (find_package)
This warning is for project developers.  Use -Wno-dev to suppress it.
[0m
-- Found PCL_APPS: /usr/lib/x86_64-linux-gnu/libpcl_apps.so  
[33mCMake Warning (dev) at /usr/share/cmake-3.22/Modules/FindPackageHandleStandardArgs.cmake:438 (message):
  The package name passed to `find_package_handle_standard_args`
  (PCL_IN_HAND_SCANNER) does not match the name of the calling package (PCL).
  This can lead to problems in calling code that expects `find_package`
  result variables (e.g., `_FOUND`) to follow a certain pattern.
Call Stack (most recent call first):
  /usr/lib/x86_64-linux-gnu/cmake/pcl/PCLConfig.cmake:619 (find_package_handle_standard_args)
  /workspace/cartographer_ws/install/pcl_conversions/share/pcl_conversions/cmake/ament_cmake_export_dependencies-extras.cmake:21 (find_package)
  /workspace/cartographer_ws/install/pcl_conversions/share/pcl_conversions/cmake/pcl_conversionsConfig.cmake:41 (include)
  CMakeLists.txt:18 (find_package)
This warning is for project developers.  Use -Wno-dev to suppress it.
[0m
-- Found PCL_IN_HAND_SCANNER: /usr/include/pcl-1.10  
[33mCMake Warning (dev) at /usr/share/cmake-3.22/Modules/FindPackageHandleStandardArgs.cmake:438 (message):
  The package name passed to `find_package_handle_standard_args`
  (PCL_POINT_CLOUD_EDITOR) does not match the name of the calling package
  (PCL).  This can lead to problems in calling code that expects
  `find_package` result variables (e.g., `_FOUND`) to follow a certain
  pattern.
Call Stack (most recent call first):
  /usr/lib/x86_64-linux-gnu/cmake/pcl/PCLConfig.cmake:619 (find_package_handle_standard_args)
  /workspace/cartographer_ws/install/pcl_conversions/share/pcl_conversions/cmake/ament_cmake_export_dependencies-extras.cmake:21 (find_package)
  /workspace/cartographer_ws/install/pcl_conversions/share/pcl_conversions/cmake/pcl_conversionsConfig.cmake:41 (include)
  CMakeLists.txt:18 (find_package)
This warning is for project developers.  Use -Wno-dev to suppress it.
[0m
-- Found PCL_POINT_CLOUD_EDITOR: /usr/include/pcl-1.10  
[33mCMake Warning (dev) at /usr/share/cmake-3.22/Modules/FindPackageHandleStandardArgs.cmake:438 (message):
  The package name passed to `find_package_handle_standard_args`
  (PCL_OUTOFCORE) does not match the name of the calling package (PCL).  This
  can lead to problems in calling code that expects `find_package` result
  variables (e.g., `_FOUND`) to follow a certain pattern.
Call Stack (most recent call first):
  /usr/lib/x86_64-linux-gnu/cmake/pcl/PCLConfig.cmake:616 (find_package_handle_standard_args)
  /workspace/cartographer_ws/install/pcl_conversions/share/pcl_conversions/cmake/ament_cmake_export_dependencies-extras.cmake:21 (find_package)
  /workspace/cartographer_ws/install/pcl_conversions/share/pcl_conversions/cmake/pcl_conversionsConfig.cmake:41 (include)
  CMakeLists.txt:18 (find_package)
This warning is for project developers.  Use -Wno-dev to suppress it.
[0m
-- Found PCL_OUTOFCORE: /usr/lib/x86_64-linux-gnu/libpcl_outofcore.so  
[33mCMake Warning (dev) at /usr/share/cmake-3.22/Modules/FindPackageHandleStandardArgs.cmake:438 (message):
  The package name passed to `find_package_handle_standard_args` (PCL_PEOPLE)
  does not match the name of the calling package (PCL).  This can lead to
  problems in calling code that expects `find_package` result variables
  (e.g., `_FOUND`) to follow a certain pattern.
Call Stack (most recent call first):
  /usr/lib/x86_64-linux-gnu/cmake/pcl/PCLConfig.cmake:616 (find_package_handle_standard_args)
  /workspace/cartographer_ws/install/pcl_conversions/share/pcl_conversions/cmake/ament_cmake_export_dependencies-extras.cmake:21 (find_package)
  /workspace/cartographer_ws/install/pcl_conversions/share/pcl_conversions/cmake/pcl_conversionsConfig.cmake:41 (include)
  CMakeLists.txt:18 (find_package)
This warning is for project developers.  Use -Wno-dev to suppress it.
[0m
-- Found PCL_PEOPLE: /usr/lib/x86_64-linux-gnu/libpcl_people.so  
-- Found pluginlib: 5.1.0 (/opt/ros/humble/share/pluginlib/cmake)
-- Found rviz_common: 11.2.8 (/opt/ros/humble/share/rviz_common/cmake)
-- library: libassimp.so.5
-- Setting OGRE_DIR to: '/opt/ros/humble/share/rviz_ogre_vendor/cmake/../../../opt/rviz_ogre_vendor/lib/OGRE/cmake'
-- Found OGRE
--   static     : OFF
--   components : HLMS;MeshLodGenerator;Overlay;Paging;Property;RTShaderSystem;Terrain;Volume
--   plugins    : Plugin_BSPSceneManager;Plugin_OctreeSceneManager;Plugin_PCZSceneManager;Plugin_ParticleFX;RenderSystem_GL;RenderSystem_GL3Plus;Codec_STBI
--   media      : /opt/ros/humble/opt/rviz_ogre_vendor/share/OGRE/Media
-- OGRE_LIBRARIES: OgreHLMS;OgreMeshLodGenerator;OgreOverlay;OgrePaging;OgreProperty;OgreRTShaderSystem;OgreTerrain;OgreVolume;OgreMain
-- OGRE_LIBRARY_DIRS: /opt/ros/humble/opt/rviz_ogre_vendor/lib
-- OGRE_PLUGINS: Plugin_BSPSceneManager;Plugin_OctreeSceneManager;Plugin_PCZSceneManager;Plugin_ParticleFX;RenderSystem_GL;RenderSystem_GL3Plus;Codec_STBI
-- OGRE_PLUGIN_DIR: /opt/ros/humble/opt/rviz_ogre_vendor/lib/OGRE
-- rviz_ogre_vendor::OgreOverlay for IMPORTED_LOCATION_RELEASE: /opt/ros/humble/opt/rviz_ogre_vendor/lib/libOgreOverlay.so
-- rviz_ogre_vendor::OgreOverlay for IMPORTED_LOCATION_DEBUG: /opt/ros/humble/opt/rviz_ogre_vendor/lib/libOgreOverlay.so
-- rviz_ogre_vendor::OgreMain for IMPORTED_LOCATION_RELEASE: /opt/ros/humble/opt/rviz_ogre_vendor/lib/libOgreMain.so
-- rviz_ogre_vendor::OgreMain for IMPORTED_LOCATION_DEBUG: /opt/ros/humble/opt/rviz_ogre_vendor/lib/libOgreMain.so
-- Could not find freeimage library
-- Found ZLIB: /usr/lib/x86_64-linux-gnu/libz.so (found version "1.2.11") 
-- Found OpenGL: /usr/lib/x86_64-linux-gnu/libOpenGL.so   
-- Found X11: /usr/include   
-- Looking for XOpenDisplay in /usr/lib/x86_64-linux-gnu/libX11.so;/usr/lib/x86_64-linux-gnu/libXext.so
-- Looking for XOpenDisplay in /usr/lib/x86_64-linux-gnu/libX11.so;/usr/lib/x86_64-linux-gnu/libXext.so - found
-- Looking for gethostbyname
-- Looking for gethostbyname - found
-- Looking for connect
-- Looking for connect - found
-- Looking for remove
-- Looking for remove - found
-- Looking for shmat
-- Looking for shmat - found
-- Looking for IceConnectionNumber in ICE
-- Looking for IceConnectionNumber in ICE - found
-- rviz_ogre_vendor::RenderSystem_GL for IMPORTED_LOCATION_RELEASE: _render_system_gl_static_library_abs-NOTFOUND
-- rviz_ogre_vendor::RenderSystem_GL for IMPORTED_LOCATION_DEBUG: _render_system_gl_static_library_abs-NOTFOUND
-- library: /usr/lib/x86_64-linux-gnu/libcurl.so
-- Found Eigen3: TRUE (found version "3.3.7") 
-- Ensuring Eigen3 include directory is part of orocos-kdl CMake target
-- Found rviz_default_plugins: 11.2.8 (/opt/ros/humble/share/rviz_default_plugins/cmake)
-- Found rtabmap_conversions: 0.22.1 (/workspaces/isaac_ros-dev/Development/ros2/install/rtabmap_conversions/share/rtabmap_conversions/cmake)
[33mCMake Warning (dev) at /usr/share/cmake-3.22/Modules/CMakeFindDependencyMacro.cmake:47 (find_package):
  Policy CMP0074 is not set: find_package uses <PackageName>_ROOT variables.
  Run "cmake --help-policy CMP0074" for policy details.  Use the cmake_policy
  command to set the policy and suppress this warning.

  CMake variable PCL_ROOT is set to:

    /usr

  For compatibility, CMake is ignoring the variable.
Call Stack (most recent call first):
  /workspaces/isaac_ros-dev/Development/ros2/install/rtabmap/lib/rtabmap-0.23/RTABMapConfig.cmake:18 (find_dependency)
  /workspaces/isaac_ros-dev/Development/ros2/install/rtabmap_conversions/share/rtabmap_conversions/cmake/ament_cmake_export_dependencies-extras.cmake:21 (find_package)
  /workspaces/isaac_ros-dev/Development/ros2/install/rtabmap_conversions/share/rtabmap_conversions/cmake/rtabmap_conversionsConfig.cmake:41 (include)
  CMakeLists.txt:27 (find_package)
This warning is for project developers.  Use -Wno-dev to suppress it.
[0m
-- rtabmap_conversions=opencv_calib3d;opencv_dnn;opencv_features2d;opencv_flann;opencv_highgui;opencv_ml;opencv_objdetect;opencv_photo;opencv_stitching;opencv_video;opencv_videoio;opencv_aruco;opencv_bgsegm;opencv_bioinspired;opencv_ccalib;opencv_datasets;opencv_dnn_objdetect;opencv_dnn_superres;opencv_dpm;opencv_face;opencv_freetype;opencv_fuzzy;opencv_hdf;opencv_hfs;opencv_img_hash;opencv_line_descriptor;opencv_optflow;opencv_phase_unwrapping;opencv_plot;opencv_quality;opencv_reg;opencv_rgbd;opencv_saliency;opencv_shape;opencv_stereo;opencv_structured_light;opencv_superres;opencv_surface_matching;opencv_text;opencv_tracking;opencv_videostab;opencv_viz;opencv_ximgproc;opencv_xobjdetect;opencv_xphoto;/opt/ros/humble/lib/libsensor_msgs__rosidl_generator_c.so;builtin_interfaces::builtin_interfaces__rosidl_generator_c;geometry_msgs::geometry_msgs__rosidl_generator_c;std_msgs::std_msgs__rosidl_generator_c;rcutils::rcutils;/opt/ros/humble/lib/libsensor_msgs__rosidl_typesupport_fastrtps_c.so;rosidl_typesupport_fastrtps_c::rosidl_typesupport_fastrtps_c;builtin_interfaces::builtin_interfaces__rosidl_typesupport_fastrtps_c;geometry_msgs::geometry_msgs__rosidl_typesupport_fastrtps_c;std_msgs::std_msgs__rosidl_typesupport_fastrtps_c;builtin_interfaces::builtin_interfaces__rosidl_generator_cpp;geometry_msgs::geometry_msgs__rosidl_generator_cpp;std_msgs::std_msgs__rosidl_generator_cpp;/opt/ros/humble/lib/libsensor_msgs__rosidl_typesupport_fastrtps_cpp.so;fastcdr;rmw::rmw;rosidl_runtime_cpp::rosidl_runtime_cpp;rosidl_typesupport_fastrtps_cpp::rosidl_typesupport_fastrtps_cpp;builtin_interfaces::builtin_interfaces__rosidl_typesupport_fastrtps_cpp;geometry_msgs::geometry_msgs__rosidl_typesupport_fastrtps_cpp;std_msgs::std_msgs__rosidl_typesupport_fastrtps_cpp;/opt/ros/humble/lib/libsensor_msgs__rosidl_typesupport_introspection_c.so;rosidl_typesupport_introspection_c::rosidl_typesupport_introspection_c;builtin_interfaces::builtin_interfaces__rosidl_typesupport_introspection_c;geometry_msgs::geometry_msgs__rosidl_typesupport_introspection_c;std_msgs::std_msgs__rosidl_typesupport_introspection_c;/opt/ros/humble/lib/libsensor_msgs__rosidl_typesupport_c.so;builtin_interfaces::builtin_interfaces__rosidl_typesupport_c;geometry_msgs::geometry_msgs__rosidl_typesupport_c;std_msgs::std_msgs__rosidl_typesupport_c;/opt/ros/humble/lib/libsensor_msgs__rosidl_typesupport_introspection_cpp.so;rosidl_runtime_c::rosidl_runtime_c;rosidl_typesupport_interface::rosidl_typesupport_interface;rosidl_typesupport_introspection_cpp::rosidl_typesupport_introspection_cpp;builtin_interfaces::builtin_interfaces__rosidl_typesupport_introspection_cpp;geometry_msgs::geometry_msgs__rosidl_typesupport_introspection_cpp;std_msgs::std_msgs__rosidl_typesupport_introspection_cpp;/opt/ros/humble/lib/libsensor_msgs__rosidl_typesupport_cpp.so;builtin_interfaces::builtin_interfaces__rosidl_typesupport_cpp;geometry_msgs::geometry_msgs__rosidl_typesupport_cpp;std_msgs::std_msgs__rosidl_typesupport_cpp;/opt/ros/humble/lib/libsensor_msgs__rosidl_generator_py.so;/usr/lib/x86_64-linux-gnu/libpython3.8.so;builtin_interfaces::builtin_interfaces__rosidl_generator_py;geometry_msgs::geometry_msgs__rosidl_generator_py;std_msgs::std_msgs__rosidl_generator_py;/opt/ros/humble/lib/libcv_bridge.so;sensor_msgs::sensor_msgs__rosidl_generator_c;sensor_msgs::sensor_msgs__rosidl_typesupport_fastrtps_c;sensor_msgs::sensor_msgs__rosidl_generator_cpp;sensor_msgs::sensor_msgs__rosidl_typesupport_fastrtps_cpp;sensor_msgs::sensor_msgs__rosidl_typesupport_introspection_c;sensor_msgs::sensor_msgs__rosidl_typesupport_c;sensor_msgs::sensor_msgs__rosidl_typesupport_introspection_cpp;sensor_msgs::sensor_msgs__rosidl_typesupport_cpp;sensor_msgs::sensor_msgs__rosidl_generator_py;sensor_msgs::sensor_msgs_library;opencv_core;opencv_imgproc;opencv_imgcodecs;opencv_calib3d;opencv_dnn;opencv_features2d;opencv_flann;opencv_highgui;opencv_ml;opencv_objdetect;opencv_photo;opencv_stitching;opencv_video;opencv_videoio;opencv_aruco;opencv_bgsegm;opencv_bioinspired;opencv_ccalib;opencv_datasets;opencv_dnn_objdetect;opencv_dnn_superres;opencv_dpm;opencv_face;opencv_freetype;opencv_fuzzy;opencv_hdf;opencv_hfs;opencv_img_hash;opencv_line_descriptor;opencv_optflow;opencv_phase_unwrapping;opencv_plot;opencv_quality;opencv_reg;opencv_rgbd;opencv_saliency;opencv_shape;opencv_stereo;opencv_structured_light;opencv_superres;opencv_surface_matching;opencv_text;opencv_tracking;opencv_videostab;opencv_viz;opencv_ximgproc;opencv_xobjdetect;opencv_xphoto;/opt/ros/humble/lib/libsensor_msgs__rosidl_generator_c.so;/opt/ros/humble/lib/libsensor_msgs__rosidl_typesupport_fastrtps_c.so;geometry_msgs::geometry_msgs__rosidl_typesupport_fastrtps_c;/opt/ros/humble/lib/libsensor_msgs__rosidl_typesupport_fastrtps_cpp.so;geometry_msgs::geometry_msgs__rosidl_typesupport_fastrtps_cpp;/opt/ros/humble/lib/libsensor_msgs__rosidl_typesupport_introspection_c.so;geometry_msgs::geometry_msgs__rosidl_typesupport_introspection_c;/opt/ros/humble/lib/libsensor_msgs__rosidl_typesupport_c.so;/opt/ros/humble/lib/libsensor_msgs__rosidl_typesupport_introspection_cpp.so;geometry_msgs::geometry_msgs__rosidl_typesupport_introspection_cpp;/opt/ros/humble/lib/libsensor_msgs__rosidl_typesupport_cpp.so;geometry_msgs::geometry_msgs__rosidl_typesupport_cpp;/opt/ros/humble/lib/libsensor_msgs__rosidl_generator_py.so;geometry_msgs::geometry_msgs__rosidl_generator_py;/opt/ros/humble/lib/libcv_bridge.so;sensor_msgs::sensor_msgs__rosidl_generator_c;sensor_msgs::sensor_msgs__rosidl_typesupport_fastrtps_c;sensor_msgs::sensor_msgs__rosidl_generator_cpp;sensor_msgs::sensor_msgs__rosidl_typesupport_fastrtps_cpp;sensor_msgs::sensor_msgs__rosidl_typesupport_introspection_c;sensor_msgs::sensor_msgs__rosidl_typesupport_c;sensor_msgs::sensor_msgs__rosidl_typesupport_introspection_cpp;sensor_msgs::sensor_msgs__rosidl_typesupport_cpp;sensor_msgs::sensor_msgs__rosidl_generator_py;sensor_msgs::sensor_msgs_library;opencv_core;opencv_imgproc;opencv_imgcodecs;/opt/ros/humble/lib/libgeometry_msgs__rosidl_generator_c.so;std_msgs::std_msgs__rosidl_generator_c;builtin_interfaces::builtin_interfaces__rosidl_generator_c;rcutils::rcutils;/opt/ros/humble/lib/libgeometry_msgs__rosidl_typesupport_fastrtps_c.so;rosidl_typesupport_fastrtps_c::rosidl_typesupport_fastrtps_c;std_msgs::std_msgs__rosidl_typesupport_fastrtps_c;builtin_interfaces::builtin_interfaces__rosidl_typesupport_fastrtps_c;/opt/ros/humble/lib/libgeometry_msgs__rosidl_typesupport_introspection_c.so;rosidl_typesupport_introspection_c::rosidl_typesupport_introspection_c;std_msgs::std_msgs__rosidl_typesupport_introspection_c;builtin_interfaces::builtin_interfaces__rosidl_typesupport_introspection_c;/opt/ros/humble/lib/libgeometry_msgs__rosidl_typesupport_c.so;std_msgs::std_msgs__rosidl_typesupport_c;builtin_interfaces::builtin_interfaces__rosidl_typesupport_c;std_msgs::std_msgs__rosidl_generator_cpp;builtin_interfaces::builtin_interfaces__rosidl_generator_cpp;/opt/ros/humble/lib/libgeometry_msgs__rosidl_typesupport_fastrtps_cpp.so;fastcdr;rmw::rmw;rosidl_runtime_cpp::rosidl_runtime_cpp;rosidl_typesupport_fastrtps_cpp::rosidl_typesupport_fastrtps_cpp;std_msgs::std_msgs__rosidl_typesupport_fastrtps_cpp;builtin_interfaces::builtin_interfaces__rosidl_typesupport_fastrtps_cpp;/opt/ros/humble/lib/libgeometry_msgs__rosidl_typesupport_introspection_cpp.so;rosidl_runtime_c::rosidl_runtime_c;rosidl_typesupport_interface::rosidl_typesupport_interface;rosidl_typesupport_introspection_cpp::rosidl_typesupport_introspection_cpp;std_msgs::std_msgs__rosidl_typesupport_introspection_cpp;builtin_interfaces::builtin_interfaces__rosidl_typesupport_introspection_cpp;/opt/ros/humble/lib/libgeometry_msgs__rosidl_typesupport_cpp.so;geometry_msgs::geometry_msgs__rosidl_generator_cpp;std_msgs::std_msgs__rosidl_typesupport_cpp;builtin_interfaces::builtin_interfaces__rosidl_typesupport_cpp;/opt/ros/humble/lib/libgeometry_msgs__rosidl_generator_py.so;geometry_msgs::geometry_msgs__rosidl_generator_c;/usr/lib/x86_64-linux-gnu/libpython3.8.so;geometry_msgs::geometry_msgs__rosidl_typesupport_c;std_msgs::std_msgs__rosidl_generator_py;builtin_interfaces::builtin_interfaces__rosidl_generator_py;opencv_dnn;opencv_features2d;opencv_flann;opencv_imgcodecs;opencv_ml;opencv_objdetect;opencv_photo;opencv_stitching;opencv_video;opencv_videoio;opencv_aruco;opencv_bgsegm;opencv_bioinspired;opencv_ccalib;opencv_datasets;opencv_dnn_objdetect;opencv_dnn_superres;opencv_dpm;opencv_face;opencv_freetype;opencv_fuzzy;opencv_hdf;opencv_hfs;opencv_img_hash;opencv_line_descriptor;opencv_optflow;opencv_phase_unwrapping;opencv_plot;opencv_quality;opencv_reg;opencv_rgbd;opencv_saliency;opencv_shape;opencv_stereo;opencv_structured_light;opencv_superres;opencv_surface_matching;opencv_text;opencv_tracking;opencv_videostab;opencv_viz;opencv_ximgproc;opencv_xobjdetect;opencv_xphoto;/opt/ros/humble/lib/libsensor_msgs__rosidl_generator_c.so;builtin_interfaces::builtin_interfaces__rosidl_generator_c;geometry_msgs::geometry_msgs__rosidl_generator_c;std_msgs::std_msgs__rosidl_generator_c;rcutils::rcutils;/opt/ros/humble/lib/libsensor_msgs__rosidl_typesupport_fastrtps_c.so;rosidl_typesupport_fastrtps_c::rosidl_typesupport_fastrtps_c;builtin_interfaces::builtin_interfaces__rosidl_typesupport_fastrtps_c;geometry_msgs::geometry_msgs__rosidl_typesupport_fastrtps_c;std_msgs::std_msgs__rosidl_typesupport_fastrtps_c;builtin_interfaces::builtin_interfaces__rosidl_generator_cpp;geometry_msgs::geometry_msgs__rosidl_generator_cpp;std_msgs::std_msgs__rosidl_generator_cpp;/opt/ros/humble/lib/libsensor_msgs__rosidl_typesupport_fastrtps_cpp.so;fastcdr;rmw::rmw;rosidl_runtime_cpp::rosidl_runtime_cpp;rosidl_typesupport_fastrtps_cpp::rosidl_typesupport_fastrtps_cpp;builtin_interfaces::builtin_interfaces__rosidl_typesupport_fastrtps_cpp;geometry_msgs::geometry_msgs__rosidl_typesupport_fastrtps_cpp;std_msgs::std_msgs__rosidl_typesupport_fastrtps_cpp;/opt/ros/humble/lib/libsensor_msgs__rosidl_typesupport_introspection_c.so;rosidl_typesupport_introspection_c::rosidl_typesupport_introspection_c;builtin_interfaces::builtin_interfaces__rosidl_typesupport_introspection_c;geometry_msgs::geometry_msgs__rosidl_typesupport_introspection_c;std_msgs::std_msgs__rosidl_typesupport_introspection_c;/opt/ros/humble/lib/libsensor_msgs__rosidl_typesupport_c.so;builtin_interfaces::builtin_interfaces__rosidl_typesupport_c;geometry_msgs::geometry_msgs__rosidl_typesupport_c;std_msgs::std_msgs__rosidl_typesupport_c;/opt/ros/humble/lib/libsensor_msgs__rosidl_typesupport_introspection_cpp.so;rosidl_runtime_c::rosidl_runtime_c;rosidl_typesupport_interface::rosidl_typesupport_interface;rosidl_typesupport_introspection_cpp::rosidl_typesupport_introspection_cpp;builtin_interfaces::builtin_interfaces__rosidl_typesupport_introspection_cpp;geometry_msgs::geometry_msgs__rosidl_typesupport_introspection_cpp;std_msgs::std_msgs__rosidl_typesupport_introspection_cpp;/opt/ros/humble/lib/libsensor_msgs__rosidl_typesupport_cpp.so;builtin_interfaces::builtin_interfaces__rosidl_typesupport_cpp;geometry_msgs::geometry_msgs__rosidl_typesupport_cpp;std_msgs::std_msgs__rosidl_typesupport_cpp;/opt/ros/humble/lib/libsensor_msgs__rosidl_generator_py.so;/usr/lib/x86_64-linux-gnu/libpython3.8.so;builtin_interfaces::builtin_interfaces__rosidl_generator_py;geometry_msgs::geometry_msgs__rosidl_generator_py;std_msgs::std_msgs__rosidl_generator_py;/opt/ros/humble/lib/libimage_geometry.so;opencv_calib3d;opencv_core;opencv_highgui;opencv_imgproc;sensor_msgs::sensor_msgs__rosidl_generator_c;sensor_msgs::sensor_msgs__rosidl_typesupport_fastrtps_c;sensor_msgs::sensor_msgs__rosidl_generator_cpp;sensor_msgs::sensor_msgs__rosidl_typesupport_fastrtps_cpp;sensor_msgs::sensor_msgs__rosidl_typesupport_introspection_c;sensor_msgs::sensor_msgs__rosidl_typesupport_c;sensor_msgs::sensor_msgs__rosidl_typesupport_introspection_cpp;sensor_msgs::sensor_msgs__rosidl_typesupport_cpp;sensor_msgs::sensor_msgs__rosidl_generator_py;sensor_msgs::sensor_msgs_library;opencv_dnn;opencv_features2d;opencv_flann;opencv_imgcodecs;opencv_ml;opencv_objdetect;opencv_photo;opencv_stitching;opencv_video;opencv_videoio;opencv_aruco;opencv_bgsegm;opencv_bioinspired;opencv_ccalib;opencv_datasets;opencv_dnn_objdetect;opencv_dnn_superres;opencv_dpm;opencv_face;opencv_freetype;opencv_fuzzy;opencv_hdf;opencv_hfs;opencv_img_hash;opencv_line_descriptor;opencv_optflow;opencv_phase_unwrapping;opencv_plot;opencv_quality;opencv_reg;opencv_rgbd;opencv_saliency;opencv_shape;opencv_stereo;opencv_structured_light;opencv_superres;opencv_surface_matching;opencv_text;opencv_tracking;opencv_videostab;opencv_viz;opencv_ximgproc;opencv_xobjdetect;opencv_xphoto;/opt/ros/humble/lib/libsensor_msgs__rosidl_generator_c.so;builtin_interfaces::builtin_interfaces__rosidl_generator_c;geometry_msgs::geometry_msgs__rosidl_generator_c;std_msgs::std_msgs__rosidl_generator_c;rcutils::rcutils;/opt/ros/humble/lib/libsensor_msgs__rosidl_typesupport_fastrtps_c.so;rosidl_typesupport_fastrtps_c::rosidl_typesupport_fastrtps_c;builtin_interfaces::builtin_interfaces__rosidl_typesupport_fastrtps_c;geometry_msgs::geometry_msgs__rosidl_typesupport_fastrtps_c;std_msgs::std_msgs__rosidl_typesupport_fastrtps_c;builtin_interfaces::builtin_interfaces__rosidl_generator_cpp;geometry_msgs::geometry_msgs__rosidl_generator_cpp;std_msgs::std_msgs__rosidl_generator_cpp;/opt/ros/humble/lib/libsensor_msgs__rosidl_typesupport_fastrtps_cpp.so;fastcdr;rmw::rmw;rosidl_runtime_cpp::rosidl_runtime_cpp;rosidl_typesupport_fastrtps_cpp::rosidl_typesupport_fastrtps_cpp;builtin_interfaces::builtin_interfaces__rosidl_typesupport_fastrtps_cpp;geometry_msgs::geometry_msgs__rosidl_typesupport_fastrtps_cpp;std_msgs::std_msgs__rosidl_typesupport_fastrtps_cpp;/opt/ros/humble/lib/libsensor_msgs__rosidl_typesupport_introspection_c.so;rosidl_typesupport_introspection_c::rosidl_typesupport_introspection_c;builtin_interfaces::builtin_interfaces__rosidl_typesupport_introspection_c;geometry_msgs::geometry_msgs__rosidl_typesupport_introspection_c;std_msgs::std_msgs__rosidl_typesupport_introspection_c;/opt/ros/humble/lib/libsensor_msgs__rosidl_typesupport_c.so;builtin_interfaces::builtin_interfaces__rosidl_typesupport_c;geometry_msgs::geometry_msgs__rosidl_typesupport_c;std_msgs::std_msgs__rosidl_typesupport_c;/opt/ros/humble/lib/libsensor_msgs__rosidl_typesupport_introspection_cpp.so;rosidl_runtime_c::rosidl_runtime_c;rosidl_typesupport_interface::rosidl_typesupport_interface;rosidl_typesupport_introspection_cpp::rosidl_typesupport_introspection_cpp;builtin_interfaces::builtin_interfaces__rosidl_typesupport_introspection_cpp;geometry_msgs::geometry_msgs__rosidl_typesupport_introspection_cpp;std_msgs::std_msgs__rosidl_typesupport_introspection_cpp;/opt/ros/humble/lib/libsensor_msgs__rosidl_typesupport_cpp.so;builtin_interfaces::builtin_interfaces__rosidl_typesupport_cpp;geometry_msgs::geometry_msgs__rosidl_typesupport_cpp;std_msgs::std_msgs__rosidl_typesupport_cpp;/opt/ros/humble/lib/libsensor_msgs__rosidl_generator_py.so;/usr/lib/x86_64-linux-gnu/libpython3.8.so;builtin_interfaces::builtin_interfaces__rosidl_generator_py;geometry_msgs::geometry_msgs__rosidl_generator_py;std_msgs::std_msgs__rosidl_generator_py;/opt/ros/humble/lib/libimage_geometry.so;opencv_calib3d;opencv_core;opencv_highgui;opencv_imgproc;/opt/ros/humble/lib/liblaser_geometry.so;rclcpp::rclcpp;sensor_msgs::sensor_msgs__rosidl_generator_c;sensor_msgs::sensor_msgs__rosidl_typesupport_fastrtps_c;sensor_msgs::sensor_msgs__rosidl_generator_cpp;sensor_msgs::sensor_msgs__rosidl_typesupport_fastrtps_cpp;sensor_msgs::sensor_msgs__rosidl_typesupport_introspection_c;sensor_msgs::sensor_msgs__rosidl_typesupport_c;sensor_msgs::sensor_msgs__rosidl_typesupport_introspection_cpp;sensor_msgs::sensor_msgs__rosidl_typesupport_cpp;sensor_msgs::sensor_msgs__rosidl_generator_py;sensor_msgs::sensor_msgs_library;tf2::tf2;opencv_dnn;opencv_features2d;opencv_flann;opencv_imgcodecs;opencv_ml;opencv_objdetect;opencv_photo;opencv_stitching;opencv_video;opencv_videoio;opencv_aruco;opencv_bgsegm;opencv_bioinspired;opencv_ccalib;opencv_datasets;opencv_dnn_objdetect;opencv_dnn_superres;opencv_dpm;opencv_face;opencv_freetype;opencv_fuzzy;opencv_hdf;opencv_hfs;opencv_img_hash;opencv_line_descriptor;opencv_optflow;opencv_phase_unwrapping;opencv_plot;opencv_quality;opencv_reg;opencv_rgbd;opencv_saliency;opencv_shape;opencv_stereo;opencv_structured_light;opencv_superres;opencv_surface_matching;opencv_text;opencv_tracking;opencv_videostab;opencv_viz;opencv_ximgproc;opencv_xobjdetect;opencv_xphoto;/opt/ros/humble/lib/libimage_geometry.so;opencv_calib3d;opencv_core;opencv_highgui;opencv_imgproc;/opt/ros/humble/lib/liblaser_geometry.so;sensor_msgs::sensor_msgs_library;tf2::tf2;/opt/ros/humble/lib/libbuiltin_interfaces__rosidl_generator_c.so;/opt/ros/humble/lib/libbuiltin_interfaces__rosidl_typesupport_fastrtps_c.so;/opt/ros/humble/lib/libbuiltin_interfaces__rosidl_typesupport_introspection_c.so;/opt/ros/humble/lib/libbuiltin_interfaces__rosidl_typesupport_c.so;/opt/ros/humble/lib/libbuiltin_interfaces__rosidl_typesupport_fastrtps_cpp.so;/opt/ros/humble/lib/libbuiltin_interfaces__rosidl_typesupport_introspection_cpp.so;/opt/ros/humble/lib/libbuiltin_interfaces__rosidl_typesupport_cpp.so;/opt/ros/humble/lib/libbuiltin_interfaces__rosidl_generator_py.so;/opt/ros/humble/lib/librosgraph_msgs__rosidl_generator_c.so;/opt/ros/humble/lib/librosgraph_msgs__rosidl_typesupport_fastrtps_c.so;/opt/ros/humble/lib/librosgraph_msgs__rosidl_typesupport_fastrtps_cpp.so;/opt/ros/humble/lib/librosgraph_msgs__rosidl_typesupport_introspection_c.so;/opt/ros/humble/lib/librosgraph_msgs__rosidl_typesupport_c.so;/opt/ros/humble/lib/librosgraph_msgs__rosidl_typesupport_introspection_cpp.so;/opt/ros/humble/lib/librosgraph_msgs__rosidl_typesupport_cpp.so;/opt/ros/humble/lib/librosgraph_msgs__rosidl_generator_py.so;/opt/ros/humble/lib/librcl_yaml_param_parser.so;yaml;/opt/ros/humble/lib/libstatistics_msgs__rosidl_generator_c.so;/opt/ros/humble/lib/libstatistics_msgs__rosidl_typesupport_fastrtps_c.so;/opt/ros/humble/lib/libstatistics_msgs__rosidl_typesupport_fastrtps_cpp.so;/opt/ros/humble/lib/libstatistics_msgs__rosidl_typesupport_introspection_c.so;/opt/ros/humble/lib/libstatistics_msgs__rosidl_typesupport_c.so;/opt/ros/humble/lib/libstatistics_msgs__rosidl_typesupport_introspection_cpp.so;/opt/ros/humble/lib/libstatistics_msgs__rosidl_typesupport_cpp.so;/opt/ros/humble/lib/libstatistics_msgs__rosidl_generator_py.so;/opt/ros/humble/lib/libtracetools.so;/opt/ros/humble/lib/libmessage_filters.so;rclcpp::rclcpp;/opt/ros/humble/lib/libgeometry_msgs__rosidl_generator_c.so;/opt/ros/humble/lib/libgeometry_msgs__rosidl_typesupport_fastrtps_c.so;/opt/ros/humble/lib/libgeometry_msgs__rosidl_typesupport_introspection_c.so;/opt/ros/humble/lib/libgeometry_msgs__rosidl_typesupport_c.so;/opt/ros/humble/lib/libgeometry_msgs__rosidl_typesupport_fastrtps_cpp.so;/opt/ros/humble/lib/libgeometry_msgs__rosidl_typesupport_introspection_cpp.so;/opt/ros/humble/lib/libgeometry_msgs__rosidl_typesupport_cpp.so;/opt/ros/humble/lib/libgeometry_msgs__rosidl_generator_py.so;/opt/ros/humble/lib/librosidl_typesupport_fastrtps_c.so;/opt/ros/humble/lib/librmw.so;/opt/ros/humble/lib/librosidl_typesupport_fastrtps_cpp.so;rosidl_typesupport_c::rosidl_typesupport_c;/opt/ros/humble/lib/librcutils.so;dl;/opt/ros/humble/lib/librcpputils.so;/opt/ros/humble/lib/librosidl_typesupport_c.so;/opt/ros/humble/lib/librosidl_typesupport_cpp.so;/opt/ros/humble/lib/librosidl_runtime_c.so;/opt/ros/humble/lib/librosidl_typesupport_introspection_c.so;/opt/ros/humble/lib/librosidl_typesupport_introspection_cpp.so;/workspace/cartographer_ws/install/pcl_msgs/lib/libpcl_msgs__rosidl_generator_c.so;/workspace/cartographer_ws/install/pcl_msgs/lib/libpcl_msgs__rosidl_typesupport_fastrtps_c.so;sensor_msgs::sensor_msgs__rosidl_typesupport_fastrtps_c;/workspace/cartographer_ws/install/pcl_msgs/lib/libpcl_msgs__rosidl_typesupport_introspection_c.so;sensor_msgs::sensor_msgs__rosidl_typesupport_introspection_c;/workspace/cartographer_ws/install/pcl_msgs/lib/libpcl_msgs__rosidl_typesupport_c.so;/workspace/cartographer_ws/install/pcl_msgs/lib/libpcl_msgs__rosidl_typesupport_fastrtps_cpp.so;sensor_msgs::sensor_msgs__rosidl_typesupport_fastrtps_cpp;/workspace/cartographer_ws/install/pcl_msgs/lib/libpcl_msgs__rosidl_typesupport_introspection_cpp.so;sensor_msgs::sensor_msgs__rosidl_typesupport_introspection_cpp;/workspace/cartographer_ws/install/pcl_msgs/lib/libpcl_msgs__rosidl_typesupport_cpp.so;pcl_msgs::pcl_msgs__rosidl_generator_cpp;/workspace/cartographer_ws/install/pcl_msgs/lib/libpcl_msgs__rosidl_generator_py.so;pcl_msgs::pcl_msgs__rosidl_generator_c;pcl_msgs::pcl_msgs__rosidl_typesupport_c;sensor_msgs::sensor_msgs__rosidl_generator_py;/opt/ros/humble/lib/librclcpp.so;-lpthread;ament_index_cpp::ament_index_cpp;libstatistics_collector::libstatistics_collector;rcl::rcl;rcl_interfaces::rcl_interfaces__rosidl_generator_c;rcl_interfaces::rcl_interfaces__rosidl_typesupport_fastrtps_c;rcl_interfaces::rcl_interfaces__rosidl_typesupport_introspection_c;rcl_interfaces::rcl_interfaces__rosidl_typesupport_c;rcl_interfaces::rcl_interfaces__rosidl_generator_cpp;rcl_interfaces::rcl_interfaces__rosidl_typesupport_fastrtps_cpp;rcl_interfaces::rcl_interfaces__rosidl_typesupport_introspection_cpp;rcl_interfaces::rcl_interfaces__rosidl_typesupport_cpp;rcl_interfaces::rcl_interfaces__rosidl_generator_py;rcl_yaml_param_parser::rcl_yaml_param_parser;rcpputils::rcpputils;rosgraph_msgs::rosgraph_msgs__rosidl_generator_c;rosgraph_msgs::rosgraph_msgs__rosidl_typesupport_fastrtps_c;rosgraph_msgs::rosgraph_msgs__rosidl_generator_cpp;rosgraph_msgs::rosgraph_msgs__rosidl_typesupport_fastrtps_cpp;rosgraph_msgs::rosgraph_msgs__rosidl_typesupport_introspection_c;rosgraph_msgs::rosgraph_msgs__rosidl_typesupport_c;rosgraph_msgs::rosgraph_msgs__rosidl_typesupport_introspection_cpp;rosgraph_msgs::rosgraph_msgs__rosidl_typesupport_cpp;rosgraph_msgs::rosgraph_msgs__rosidl_generator_py;rosidl_typesupport_cpp::rosidl_typesupport_cpp;statistics_msgs::statistics_msgs__rosidl_generator_c;statistics_msgs::statistics_msgs__rosidl_typesupport_fastrtps_c;statistics_msgs::statistics_msgs__rosidl_generator_cpp;statistics_msgs::statistics_msgs__rosidl_typesupport_fastrtps_cpp;statistics_msgs::statistics_msgs__rosidl_typesupport_introspection_c;statistics_msgs::statistics_msgs__rosidl_typesupport_c;statistics_msgs::statistics_msgs__rosidl_typesupport_introspection_cpp;statistics_msgs::statistics_msgs__rosidl_typesupport_cpp;statistics_msgs::statistics_msgs__rosidl_generator_py;tracetools::tracetools;/opt/ros/humble/lib/libsensor_msgs__rosidl_generator_c.so;geometry_msgs::geometry_msgs__rosidl_generator_c;/opt/ros/humble/lib/libsensor_msgs__rosidl_typesupport_fastrtps_c.so;geometry_msgs::geometry_msgs__rosidl_typesupport_fastrtps_c;std_msgs::std_msgs__rosidl_typesupport_fastrtps_c;geometry_msgs::geometry_msgs__rosidl_generator_cpp;/opt/ros/humble/lib/libsensor_msgs__rosidl_typesupport_fastrtps_cpp.so;geometry_msgs::geometry_msgs__rosidl_typesupport_fastrtps_cpp;std_msgs::std_msgs__rosidl_typesupport_fastrtps_cpp;/opt/ros/humble/lib/libsensor_msgs__rosidl_typesupport_introspection_c.so;geometry_msgs::geometry_msgs__rosidl_typesupport_introspection_c;std_msgs::std_msgs__rosidl_typesupport_introspection_c;/opt/ros/humble/lib/libsensor_msgs__rosidl_typesupport_c.so;geometry_msgs::geometry_msgs__rosidl_typesupport_c;/opt/ros/humble/lib/libsensor_msgs__rosidl_typesupport_introspection_cpp.so;geometry_msgs::geometry_msgs__rosidl_typesupport_introspection_cpp;std_msgs::std_msgs__rosidl_typesupport_introspection_cpp;/opt/ros/humble/lib/libsensor_msgs__rosidl_typesupport_cpp.so;sensor_msgs::sensor_msgs__rosidl_generator_cpp;geometry_msgs::geometry_msgs__rosidl_typesupport_cpp;std_msgs::std_msgs__rosidl_typesupport_cpp;/opt/ros/humble/lib/libsensor_msgs__rosidl_generator_py.so;sensor_msgs::sensor_msgs__rosidl_generator_c;sensor_msgs::sensor_msgs__rosidl_typesupport_c;geometry_msgs::geometry_msgs__rosidl_generator_py;std_msgs::std_msgs__rosidl_generator_py;sensor_msgs::sensor_msgs__rosidl_typesupport_cpp;/opt/ros/humble/lib/libstd_msgs__rosidl_generator_c.so;builtin_interfaces::builtin_interfaces__rosidl_generator_c;rcutils::rcutils;/opt/ros/humble/lib/libstd_msgs__rosidl_typesupport_fastrtps_c.so;rosidl_typesupport_fastrtps_c::rosidl_typesupport_fastrtps_c;builtin_interfaces::builtin_interfaces__rosidl_typesupport_fastrtps_c;builtin_interfaces::builtin_interfaces__rosidl_generator_cpp;/opt/ros/humble/lib/libstd_msgs__rosidl_typesupport_fastrtps_cpp.so;fastcdr;rmw::rmw;rosidl_runtime_cpp::rosidl_runtime_cpp;rosidl_typesupport_fastrtps_cpp::rosidl_typesupport_fastrtps_cpp;builtin_interfaces::builtin_interfaces__rosidl_typesupport_fastrtps_cpp;/opt/ros/humble/lib/libstd_msgs__rosidl_typesupport_introspection_c.so;rosidl_typesupport_introspection_c::rosidl_typesupport_introspection_c;builtin_interfaces::builtin_interfaces__rosidl_typesupport_introspection_c;/opt/ros/humble/lib/libstd_msgs__rosidl_typesupport_c.so;builtin_interfaces::builtin_interfaces__rosidl_typesupport_c;/opt/ros/humble/lib/libstd_msgs__rosidl_typesupport_introspection_cpp.so;rosidl_runtime_c::rosidl_runtime_c;rosidl_typesupport_interface::rosidl_typesupport_interface;rosidl_typesupport_introspection_cpp::rosidl_typesupport_introspection_cpp;builtin_interfaces::builtin_interfaces__rosidl_typesupport_introspection_cpp;/opt/ros/humble/lib/libstd_msgs__rosidl_typesupport_cpp.so;std_msgs::std_msgs__rosidl_generator_cpp;builtin_interfaces::builtin_interfaces__rosidl_typesupport_cpp;/opt/ros/humble/lib/libstd_msgs__rosidl_generator_py.so;std_msgs::std_msgs__rosidl_generator_c;/usr/lib/x86_64-linux-gnu/libpython3.8.so;std_msgs::std_msgs__rosidl_typesupport_c;builtin_interfaces::builtin_interfaces__rosidl_generator_py;pcl_common;pcl_kdtree;pcl_octree;pcl_search;pcl_sample_consensus;pcl_filters;pcl_io;pcl_features;pcl_ml;pcl_segmentation;pcl_visualization;pcl_surface;pcl_registration;pcl_keypoints;pcl_tracking;pcl_recognition;pcl_stereo;pcl_apps;pcl_outofcore;pcl_people;/usr/lib/x86_64-linux-gnu/libboost_system.so;/usr/lib/x86_64-linux-gnu/libboost_filesystem.so;/usr/lib/x86_64-linux-gnu/libboost_date_time.so;/usr/lib/x86_64-linux-gnu/libboost_iostreams.so;/usr/lib/x86_64-linux-gnu/libboost_regex.so;optimized;/usr/lib/x86_64-linux-gnu/libqhull.so;debug;/usr/lib/x86_64-linux-gnu/libqhull.so;/usr/lib/libOpenNI.so;/usr/lib/libOpenNI2.so;vtkChartsCore;vtkCommonColor;vtkCommonCore;vtksys;vtkCommonDataModel;vtkCommonMath;vtkCommonMisc;vtkCommonSystem;vtkCommonTransforms;vtkCommonExecutionModel;vtkFiltersGeneral;vtkCommonComputationalGeometry;vtkFiltersCore;vtkInfovisCore;vtkFiltersExtraction;vtkFiltersStatistics;vtkImagingFourier;vtkImagingCore;vtkalglib;vtkRenderingContext2D;vtkRenderingCore;vtkFiltersGeometry;vtkFiltersSources;vtkRenderingFreeType;/usr/lib/x86_64-linux-gnu/libfreetype.so;/usr/lib/x86_64-linux-gnu/libz.so;vtkFiltersModeling;vtkImagingSources;vtkInteractionStyle;vtkInteractionWidgets;vtkFiltersHybrid;vtkImagingColor;vtkImagingGeneral;vtkImagingHybrid;vtkIOImage;vtkDICOMParser;vtkmetaio;/usr/lib/x86_64-linux-gnu/libjpeg.so;/usr/lib/x86_64-linux-gnu/libpng.so;/usr/lib/x86_64-linux-gnu/libtiff.so;vtkRenderingAnnotation;vtkRenderingVolume;vtkIOXML;vtkIOCore;vtkIOXMLParser;/usr/lib/x86_64-linux-gnu/libexpat.so;vtkIOGeometry;vtkIOLegacy;vtkIOPLY;vtkRenderingLOD;vtkViewsContext2D;vtkViewsCore;vtkRenderingContextOpenGL2;vtkRenderingOpenGL2;FLANN::FLANN;opencv_dnn;opencv_features2d;opencv_flann;opencv_imgcodecs;opencv_ml;opencv_objdetect;opencv_photo;opencv_stitching;opencv_video;opencv_videoio;opencv_aruco;opencv_bgsegm;opencv_bioinspired;opencv_ccalib;opencv_datasets;opencv_dnn_objdetect;opencv_dnn_superres;opencv_dpm;opencv_face;opencv_freetype;opencv_fuzzy;opencv_hdf;opencv_hfs;opencv_img_hash;opencv_line_descriptor;opencv_optflow;opencv_phase_unwrapping;opencv_plot;opencv_quality;opencv_reg;opencv_rgbd;opencv_saliency;opencv_shape;opencv_stereo;opencv_structured_light;opencv_superres;opencv_surface_matching;opencv_text;opencv_tracking;opencv_videostab;opencv_viz;opencv_ximgproc;opencv_xobjdetect;opencv_xphoto;/opt/ros/humble/lib/libimage_geometry.so;opencv_calib3d;opencv_core;opencv_highgui;opencv_imgproc;/opt/ros/humble/lib/liblaser_geometry.so;sensor_msgs::sensor_msgs_library;tf2::tf2;/opt/ros/humble/lib/libbuiltin_interfaces__rosidl_generator_c.so;/opt/ros/humble/lib/libbuiltin_interfaces__rosidl_typesupport_fastrtps_c.so;/opt/ros/humble/lib/libbuiltin_interfaces__rosidl_typesupport_introspection_c.so;/opt/ros/humble/lib/libbuiltin_interfaces__rosidl_typesupport_c.so;/opt/ros/humble/lib/libbuiltin_interfaces__rosidl_typesupport_fastrtps_cpp.so;/opt/ros/humble/lib/libbuiltin_interfaces__rosidl_typesupport_introspection_cpp.so;/opt/ros/humble/lib/libbuiltin_interfaces__rosidl_typesupport_cpp.so;/opt/ros/humble/lib/libbuiltin_interfaces__rosidl_generator_py.so;/opt/ros/humble/lib/librosgraph_msgs__rosidl_generator_c.so;/opt/ros/humble/lib/librosgraph_msgs__rosidl_typesupport_fastrtps_c.so;/opt/ros/humble/lib/librosgraph_msgs__rosidl_typesupport_fastrtps_cpp.so;/opt/ros/humble/lib/librosgraph_msgs__rosidl_typesupport_introspection_c.so;/opt/ros/humble/lib/librosgraph_msgs__rosidl_typesupport_c.so;/opt/ros/humble/lib/librosgraph_msgs__rosidl_typesupport_introspection_cpp.so;/opt/ros/humble/lib/librosgraph_msgs__rosidl_typesupport_cpp.so;/opt/ros/humble/lib/librosgraph_msgs__rosidl_generator_py.so;/opt/ros/humble/lib/librcl_yaml_param_parser.so;yaml;/opt/ros/humble/lib/libstatistics_msgs__rosidl_generator_c.so;/opt/ros/humble/lib/libstatistics_msgs__rosidl_typesupport_fastrtps_c.so;/opt/ros/humble/lib/libstatistics_msgs__rosidl_typesupport_fastrtps_cpp.so;/opt/ros/humble/lib/libstatistics_msgs__rosidl_typesupport_introspection_c.so;/opt/ros/humble/lib/libstatistics_msgs__rosidl_typesupport_c.so;/opt/ros/humble/lib/libstatistics_msgs__rosidl_typesupport_introspection_cpp.so;/opt/ros/humble/lib/libstatistics_msgs__rosidl_typesupport_cpp.so;/opt/ros/humble/lib/libstatistics_msgs__rosidl_generator_py.so;/opt/ros/humble/lib/libtracetools.so;/opt/ros/humble/lib/libmessage_filters.so;rclcpp::rclcpp;/opt/ros/humble/lib/libgeometry_msgs__rosidl_generator_c.so;/opt/ros/humble/lib/libgeometry_msgs__rosidl_typesupport_fastrtps_c.so;/opt/ros/humble/lib/libgeometry_msgs__rosidl_typesupport_introspection_c.so;/opt/ros/humble/lib/libgeometry_msgs__rosidl_typesupport_c.so;/opt/ros/humble/lib/libgeometry_msgs__rosidl_typesupport_fastrtps_cpp.so;/opt/ros/humble/lib/libgeometry_msgs__rosidl_typesupport_introspection_cpp.so;/opt/ros/humble/lib/libgeometry_msgs__rosidl_typesupport_cpp.so;/opt/ros/humble/lib/libgeometry_msgs__rosidl_generator_py.so;/opt/ros/humble/lib/librosidl_typesupport_fastrtps_c.so;/opt/ros/humble/lib/librmw.so;/opt/ros/humble/lib/librosidl_typesupport_fastrtps_cpp.so;rosidl_typesupport_c::rosidl_typesupport_c;/opt/ros/humble/lib/librcutils.so;dl;/opt/ros/humble/lib/librcpputils.so;/opt/ros/humble/lib/librosidl_typesupport_c.so;/opt/ros/humble/lib/librosidl_typesupport_cpp.so;/opt/ros/humble/lib/librosidl_runtime_c.so;/opt/ros/humble/lib/librosidl_typesupport_introspection_c.so;/opt/ros/humble/lib/librosidl_typesupport_introspection_cpp.so;/workspace/cartographer_ws/install/pcl_msgs/lib/libpcl_msgs__rosidl_generator_c.so;/workspace/cartographer_ws/install/pcl_msgs/lib/libpcl_msgs__rosidl_typesupport_fastrtps_c.so;sensor_msgs::sensor_msgs__rosidl_typesupport_fastrtps_c;/workspace/cartographer_ws/install/pcl_msgs/lib/libpcl_msgs__rosidl_typesupport_introspection_c.so;sensor_msgs::sensor_msgs__rosidl_typesupport_introspection_c;/workspace/cartographer_ws/install/pcl_msgs/lib/libpcl_msgs__rosidl_typesupport_c.so;/workspace/cartographer_ws/install/pcl_msgs/lib/libpcl_msgs__rosidl_typesupport_fastrtps_cpp.so;sensor_msgs::sensor_msgs__rosidl_typesupport_fastrtps_cpp;/workspace/cartographer_ws/install/pcl_msgs/lib/libpcl_msgs__rosidl_typesupport_introspection_cpp.so;sensor_msgs::sensor_msgs__rosidl_typesupport_introspection_cpp;/workspace/cartographer_ws/install/pcl_msgs/lib/libpcl_msgs__rosidl_typesupport_cpp.so;pcl_msgs::pcl_msgs__rosidl_generator_cpp;/workspace/cartographer_ws/install/pcl_msgs/lib/libpcl_msgs__rosidl_generator_py.so;pcl_msgs::pcl_msgs__rosidl_generator_c;pcl_msgs::pcl_msgs__rosidl_typesupport_c;sensor_msgs::sensor_msgs__rosidl_generator_py;/opt/ros/humble/lib/libsensor_msgs__rosidl_generator_c.so;geometry_msgs::geometry_msgs__rosidl_generator_c;/opt/ros/humble/lib/libsensor_msgs__rosidl_typesupport_fastrtps_c.so;geometry_msgs::geometry_msgs__rosidl_typesupport_fastrtps_c;std_msgs::std_msgs__rosidl_typesupport_fastrtps_c;geometry_msgs::geometry_msgs__rosidl_generator_cpp;/opt/ros/humble/lib/libsensor_msgs__rosidl_typesupport_fastrtps_cpp.so;geometry_msgs::geometry_msgs__rosidl_typesupport_fastrtps_cpp;std_msgs::std_msgs__rosidl_typesupport_fastrtps_cpp;/opt/ros/humble/lib/libsensor_msgs__rosidl_typesupport_introspection_c.so;geometry_msgs::geometry_msgs__rosidl_typesupport_introspection_c;std_msgs::std_msgs__rosidl_typesupport_introspection_c;/opt/ros/humble/lib/libsensor_msgs__rosidl_typesupport_c.so;geometry_msgs::geometry_msgs__rosidl_typesupport_c;/opt/ros/humble/lib/libsensor_msgs__rosidl_typesupport_introspection_cpp.so;geometry_msgs::geometry_msgs__rosidl_typesupport_introspection_cpp;std_msgs::std_msgs__rosidl_typesupport_introspection_cpp;/opt/ros/humble/lib/libsensor_msgs__rosidl_typesupport_cpp.so;sensor_msgs::sensor_msgs__rosidl_generator_cpp;geometry_msgs::geometry_msgs__rosidl_typesupport_cpp;std_msgs::std_msgs__rosidl_typesupport_cpp;/opt/ros/humble/lib/libsensor_msgs__rosidl_generator_py.so;sensor_msgs::sensor_msgs__rosidl_generator_c;sensor_msgs::sensor_msgs__rosidl_typesupport_c;geometry_msgs::geometry_msgs__rosidl_generator_py;std_msgs::std_msgs__rosidl_generator_py;sensor_msgs::sensor_msgs__rosidl_typesupport_cpp;/opt/ros/humble/lib/libstd_msgs__rosidl_generator_c.so;/opt/ros/humble/lib/libstd_msgs__rosidl_typesupport_fastrtps_c.so;rosidl_typesupport_fastrtps_c::rosidl_typesupport_fastrtps_c;/opt/ros/humble/lib/libstd_msgs__rosidl_typesupport_fastrtps_cpp.so;fastcdr;rmw::rmw;rosidl_typesupport_fastrtps_cpp::rosidl_typesupport_fastrtps_cpp;/opt/ros/humble/lib/libstd_msgs__rosidl_typesupport_introspection_c.so;rosidl_typesupport_introspection_c::rosidl_typesupport_introspection_c;/opt/ros/humble/lib/libstd_msgs__rosidl_typesupport_c.so;/opt/ros/humble/lib/libstd_msgs__rosidl_typesupport_introspection_cpp.so;rosidl_runtime_c::rosidl_runtime_c;rosidl_typesupport_interface::rosidl_typesupport_interface;rosidl_typesupport_introspection_cpp::rosidl_typesupport_introspection_cpp;/opt/ros/humble/lib/libstd_msgs__rosidl_typesupport_cpp.so;std_msgs::std_msgs__rosidl_generator_cpp;/opt/ros/humble/lib/libstd_msgs__rosidl_generator_py.so;std_msgs::std_msgs__rosidl_generator_c;/usr/lib/x86_64-linux-gnu/libpython3.8.so;std_msgs::std_msgs__rosidl_typesupport_c;pcl_common;pcl_kdtree;pcl_octree;pcl_search;pcl_sample_consensus;pcl_filters;pcl_io;pcl_features;pcl_ml;pcl_segmentation;pcl_visualization;pcl_surface;pcl_registration;pcl_keypoints;pcl_tracking;pcl_recognition;pcl_stereo;pcl_apps;pcl_outofcore;pcl_people;/usr/lib/x86_64-linux-gnu/libboost_system.so;/usr/lib/x86_64-linux-gnu/libboost_filesystem.so;/usr/lib/x86_64-linux-gnu/libboost_date_time.so;/usr/lib/x86_64-linux-gnu/libboost_iostreams.so;/usr/lib/x86_64-linux-gnu/libboost_regex.so;optimized;/usr/lib/x86_64-linux-gnu/libqhull.so;debug;/usr/lib/x86_64-linux-gnu/libqhull.so;/usr/lib/libOpenNI.so;/usr/lib/libOpenNI2.so;vtkChartsCore;vtkCommonColor;vtkCommonCore;vtksys;vtkCommonDataModel;vtkCommonMath;vtkCommonMisc;vtkCommonSystem;vtkCommonTransforms;vtkCommonExecutionModel;vtkFiltersGeneral;vtkCommonComputationalGeometry;vtkFiltersCore;vtkInfovisCore;vtkFiltersExtraction;vtkFiltersStatistics;vtkImagingFourier;vtkImagingCore;vtkalglib;vtkRenderingContext2D;vtkRenderingCore;vtkFiltersGeometry;vtkFiltersSources;vtkRenderingFreeType;/usr/lib/x86_64-linux-gnu/libfreetype.so;/usr/lib/x86_64-linux-gnu/libz.so;vtkFiltersModeling;vtkImagingSources;vtkInteractionStyle;vtkInteractionWidgets;vtkFiltersHybrid;vtkImagingColor;vtkImagingGeneral;vtkImagingHybrid;vtkIOImage;vtkDICOMParser;vtkmetaio;/usr/lib/x86_64-linux-gnu/libjpeg.so;/usr/lib/x86_64-linux-gnu/libpng.so;/usr/lib/x86_64-linux-gnu/libtiff.so;vtkRenderingAnnotation;vtkRenderingVolume;vtkIOXML;vtkIOCore;vtkIOXMLParser;/usr/lib/x86_64-linux-gnu/libexpat.so;vtkIOGeometry;vtkIOLegacy;vtkIOPLY;vtkRenderingLOD;vtkViewsContext2D;vtkViewsCore;vtkRenderingContextOpenGL2;vtkRenderingOpenGL2;FLANN::FLANN;/opt/ros/humble/lib/librclcpp.so;-lpthread;ament_index_cpp::ament_index_cpp;libstatistics_collector::libstatistics_collector;rcl::rcl;rcl_interfaces::rcl_interfaces__rosidl_generator_c;rcl_interfaces::rcl_interfaces__rosidl_typesupport_fastrtps_c;rcl_interfaces::rcl_interfaces__rosidl_typesupport_introspection_c;rcl_interfaces::rcl_interfaces__rosidl_typesupport_c;rcl_interfaces::rcl_interfaces__rosidl_generator_cpp;rcl_interfaces::rcl_interfaces__rosidl_typesupport_fastrtps_cpp;rcl_interfaces::rcl_interfaces__rosidl_typesupport_introspection_cpp;rcl_interfaces::rcl_interfaces__rosidl_typesupport_cpp;rcl_interfaces::rcl_interfaces__rosidl_generator_py;rcl_yaml_param_parser::rcl_yaml_param_parser;rcpputils::rcpputils;rcutils::rcutils;builtin_interfaces::builtin_interfaces__rosidl_generator_c;builtin_interfaces::builtin_interfaces__rosidl_typesupport_fastrtps_c;builtin_interfaces::builtin_interfaces__rosidl_typesupport_introspection_c;builtin_interfaces::builtin_interfaces__rosidl_typesupport_c;builtin_interfaces::builtin_interfaces__rosidl_generator_cpp;builtin_interfaces::builtin_interfaces__rosidl_typesupport_fastrtps_cpp;builtin_interfaces::builtin_interfaces__rosidl_typesupport_introspection_cpp;builtin_interfaces::builtin_interfaces__rosidl_typesupport_cpp;builtin_interfaces::builtin_interfaces__rosidl_generator_py;rosgraph_msgs::rosgraph_msgs__rosidl_generator_c;rosgraph_msgs::rosgraph_msgs__rosidl_typesupport_fastrtps_c;rosgraph_msgs::rosgraph_msgs__rosidl_generator_cpp;rosgraph_msgs::rosgraph_msgs__rosidl_typesupport_fastrtps_cpp;rosgraph_msgs::rosgraph_msgs__rosidl_typesupport_introspection_c;rosgraph_msgs::rosgraph_msgs__rosidl_typesupport_c;rosgraph_msgs::rosgraph_msgs__rosidl_typesupport_introspection_cpp;rosgraph_msgs::rosgraph_msgs__rosidl_typesupport_cpp;rosgraph_msgs::rosgraph_msgs__rosidl_generator_py;rosidl_typesupport_cpp::rosidl_typesupport_cpp;rosidl_runtime_cpp::rosidl_runtime_cpp;statistics_msgs::statistics_msgs__rosidl_generator_c;statistics_msgs::statistics_msgs__rosidl_typesupport_fastrtps_c;statistics_msgs::statistics_msgs__rosidl_generator_cpp;statistics_msgs::statistics_msgs__rosidl_typesupport_fastrtps_cpp;statistics_msgs::statistics_msgs__rosidl_typesupport_introspection_c;statistics_msgs::statistics_msgs__rosidl_typesupport_c;statistics_msgs::statistics_msgs__rosidl_typesupport_introspection_cpp;statistics_msgs::statistics_msgs__rosidl_typesupport_cpp;statistics_msgs::statistics_msgs__rosidl_generator_py;tracetools::tracetools;/opt/ros/humble/lib/libstd_srvs__rosidl_generator_c.so;/opt/ros/humble/lib/libstd_srvs__rosidl_typesupport_fastrtps_c.so;/opt/ros/humble/lib/libstd_srvs__rosidl_typesupport_introspection_c.so;/opt/ros/humble/lib/libstd_srvs__rosidl_typesupport_c.so;/opt/ros/humble/lib/libstd_srvs__rosidl_typesupport_fastrtps_cpp.so;/opt/ros/humble/lib/libstd_srvs__rosidl_typesupport_introspection_cpp.so;/opt/ros/humble/lib/libstd_srvs__rosidl_typesupport_cpp.so;/opt/ros/humble/lib/libstd_srvs__rosidl_generator_py.so;/opt/ros/humble/lib/librosidl_typesupport_fastrtps_c.so;/opt/ros/humble/lib/librmw.so;/opt/ros/humble/lib/librosidl_typesupport_fastrtps_cpp.so;rosidl_typesupport_c::rosidl_typesupport_c;/opt/ros/humble/lib/librcutils.so;dl;/opt/ros/humble/lib/librcpputils.so;/opt/ros/humble/lib/librosidl_typesupport_c.so;/opt/ros/humble/lib/librosidl_typesupport_cpp.so;/opt/ros/humble/lib/librosidl_runtime_c.so;/opt/ros/humble/lib/librosidl_typesupport_introspection_c.so;/opt/ros/humble/lib/librosidl_typesupport_introspection_cpp.so;/workspaces/isaac_ros-dev/Development/ros2/install/rtabmap_msgs/lib/librtabmap_msgs__rosidl_generator_c.so;builtin_interfaces::builtin_interfaces__rosidl_generator_c;geometry_msgs::geometry_msgs__rosidl_generator_c;std_msgs::std_msgs__rosidl_generator_c;sensor_msgs::sensor_msgs__rosidl_generator_c;std_srvs::std_srvs__rosidl_generator_c;rcutils::rcutils;/workspaces/isaac_ros-dev/Development/ros2/install/rtabmap_msgs/lib/librtabmap_msgs__rosidl_typesupport_fastrtps_c.so;rosidl_typesupport_fastrtps_c::rosidl_typesupport_fastrtps_c;builtin_interfaces::builtin_interfaces__rosidl_typesupport_fastrtps_c;geometry_msgs::geometry_msgs__rosidl_typesupport_fastrtps_c;std_msgs::std_msgs__rosidl_typesupport_fastrtps_c;sensor_msgs::sensor_msgs__rosidl_typesupport_fastrtps_c;std_srvs::std_srvs__rosidl_typesupport_fastrtps_c;/workspaces/isaac_ros-dev/Development/ros2/install/rtabmap_msgs/lib/librtabmap_msgs__rosidl_typesupport_introspection_c.so;rosidl_typesupport_introspection_c::rosidl_typesupport_introspection_c;builtin_interfaces::builtin_interfaces__rosidl_typesupport_introspection_c;geometry_msgs::geometry_msgs__rosidl_typesupport_introspection_c;std_msgs::std_msgs__rosidl_typesupport_introspection_c;sensor_msgs::sensor_msgs__rosidl_typesupport_introspection_c;std_srvs::std_srvs__rosidl_typesupport_introspection_c;/workspaces/isaac_ros-dev/Development/ros2/install/rtabmap_msgs/lib/librtabmap_msgs__rosidl_typesupport_c.so;builtin_interfaces::builtin_interfaces__rosidl_typesupport_c;geometry_msgs::geometry_msgs__rosidl_typesupport_c;std_msgs::std_msgs__rosidl_typesupport_c;sensor_msgs::sensor_msgs__rosidl_typesupport_c;std_srvs::std_srvs__rosidl_typesupport_c;builtin_interfaces::builtin_interfaces__rosidl_generator_cpp;geometry_msgs::geometry_msgs__rosidl_generator_cpp;std_msgs::std_msgs__rosidl_generator_cpp;sensor_msgs::sensor_msgs__rosidl_generator_cpp;std_srvs::std_srvs__rosidl_generator_cpp;/workspaces/isaac_ros-dev/Development/ros2/install/rtabmap_msgs/lib/librtabmap_msgs__rosidl_typesupport_fastrtps_cpp.so;fastcdr;rmw::rmw;rosidl_runtime_cpp::rosidl_runtime_cpp;rosidl_typesupport_fastrtps_cpp::rosidl_typesupport_fastrtps_cpp;builtin_interfaces::builtin_interfaces__rosidl_typesupport_fastrtps_cpp;geometry_msgs::geometry_msgs__rosidl_typesupport_fastrtps_cpp;std_msgs::std_msgs__rosidl_typesupport_fastrtps_cpp;sensor_msgs::sensor_msgs__rosidl_typesupport_fastrtps_cpp;std_srvs::std_srvs__rosidl_typesupport_fastrtps_cpp;/workspaces/isaac_ros-dev/Development/ros2/install/rtabmap_msgs/lib/librtabmap_msgs__rosidl_typesupport_introspection_cpp.so;rosidl_runtime_c::rosidl_runtime_c;rosidl_typesupport_interface::rosidl_typesupport_interface;rosidl_typesupport_introspection_cpp::rosidl_typesupport_introspection_cpp;builtin_interfaces::builtin_interfaces__rosidl_typesupport_introspection_cpp;geometry_msgs::geometry_msgs__rosidl_typesupport_introspection_cpp;std_msgs::std_msgs__rosidl_typesupport_introspection_cpp;sensor_msgs::sensor_msgs__rosidl_typesupport_introspection_cpp;std_srvs::std_srvs__rosidl_typesupport_introspection_cpp;/workspaces/isaac_ros-dev/Development/ros2/install/rtabmap_msgs/lib/librtabmap_msgs__rosidl_typesupport_cpp.so;rtabmap_msgs::rtabmap_msgs__rosidl_generator_cpp;builtin_interfaces::builtin_interfaces__rosidl_typesupport_cpp;geometry_msgs::geometry_msgs__rosidl_typesupport_cpp;std_msgs::std_msgs__rosidl_typesupport_cpp;sensor_msgs::sensor_msgs__rosidl_typesupport_cpp;std_srvs::std_srvs__rosidl_typesupport_cpp;/workspaces/isaac_ros-dev/Development/ros2/install/rtabmap_msgs/lib/librtabmap_msgs__rosidl_generator_py.so;rtabmap_msgs::rtabmap_msgs__rosidl_generator_c;/usr/lib/x86_64-linux-gnu/libpython3.8.so;rtabmap_msgs::rtabmap_msgs__rosidl_typesupport_c;builtin_interfaces::builtin_interfaces__rosidl_generator_py;geometry_msgs::geometry_msgs__rosidl_generator_py;std_msgs::std_msgs__rosidl_generator_py;sensor_msgs::sensor_msgs__rosidl_generator_py;std_srvs::std_srvs__rosidl_generator_py;/opt/ros/humble/lib/libstd_srvs__rosidl_generator_c.so;/opt/ros/humble/lib/libstd_srvs__rosidl_typesupport_fastrtps_c.so;/opt/ros/humble/lib/libstd_srvs__rosidl_typesupport_introspection_c.so;/opt/ros/humble/lib/libstd_srvs__rosidl_typesupport_c.so;/opt/ros/humble/lib/libstd_srvs__rosidl_typesupport_fastrtps_cpp.so;/opt/ros/humble/lib/libstd_srvs__rosidl_typesupport_introspection_cpp.so;/opt/ros/humble/lib/libstd_srvs__rosidl_typesupport_cpp.so;/opt/ros/humble/lib/libstd_srvs__rosidl_generator_py.so;/opt/ros/humble/lib/librosidl_typesupport_fastrtps_c.so;/opt/ros/humble/lib/librmw.so;/opt/ros/humble/lib/librosidl_typesupport_fastrtps_cpp.so;rosidl_typesupport_c::rosidl_typesupport_c;/opt/ros/humble/lib/librcutils.so;dl;/opt/ros/humble/lib/librcpputils.so;/opt/ros/humble/lib/librosidl_typesupport_c.so;/opt/ros/humble/lib/librosidl_typesupport_cpp.so;/opt/ros/humble/lib/librosidl_runtime_c.so;/opt/ros/humble/lib/librosidl_typesupport_introspection_c.so;/opt/ros/humble/lib/librosidl_typesupport_introspection_cpp.so;/workspaces/isaac_ros-dev/Development/ros2/install/rtabmap_msgs/lib/librtabmap_msgs__rosidl_generator_c.so;std_srvs::std_srvs__rosidl_generator_c;/workspaces/isaac_ros-dev/Development/ros2/install/rtabmap_msgs/lib/librtabmap_msgs__rosidl_typesupport_fastrtps_c.so;sensor_msgs::sensor_msgs__rosidl_typesupport_fastrtps_c;std_srvs::std_srvs__rosidl_typesupport_fastrtps_c;/workspaces/isaac_ros-dev/Development/ros2/install/rtabmap_msgs/lib/librtabmap_msgs__rosidl_typesupport_introspection_c.so;sensor_msgs::sensor_msgs__rosidl_typesupport_introspection_c;std_srvs::std_srvs__rosidl_typesupport_introspection_c;/workspaces/isaac_ros-dev/Development/ros2/install/rtabmap_msgs/lib/librtabmap_msgs__rosidl_typesupport_c.so;std_srvs::std_srvs__rosidl_typesupport_c;std_srvs::std_srvs__rosidl_generator_cpp;/workspaces/isaac_ros-dev/Development/ros2/install/rtabmap_msgs/lib/librtabmap_msgs__rosidl_typesupport_fastrtps_cpp.so;sensor_msgs::sensor_msgs__rosidl_typesupport_fastrtps_cpp;std_srvs::std_srvs__rosidl_typesupport_fastrtps_cpp;/workspaces/isaac_ros-dev/Development/ros2/install/rtabmap_msgs/lib/librtabmap_msgs__rosidl_typesupport_introspection_cpp.so;sensor_msgs::sensor_msgs__rosidl_typesupport_introspection_cpp;std_srvs::std_srvs__rosidl_typesupport_introspection_cpp;/workspaces/isaac_ros-dev/Development/ros2/install/rtabmap_msgs/lib/librtabmap_msgs__rosidl_typesupport_cpp.so;rtabmap_msgs::rtabmap_msgs__rosidl_generator_cpp;std_srvs::std_srvs__rosidl_typesupport_cpp;/workspaces/isaac_ros-dev/Development/ros2/install/rtabmap_msgs/lib/librtabmap_msgs__rosidl_generator_py.so;rtabmap_msgs::rtabmap_msgs__rosidl_generator_c;rtabmap_msgs::rtabmap_msgs__rosidl_typesupport_c;sensor_msgs::sensor_msgs__rosidl_generator_py;std_srvs::std_srvs__rosidl_generator_py;/opt/ros/humble/lib/libsensor_msgs__rosidl_generator_c.so;builtin_interfaces::builtin_interfaces__rosidl_generator_c;geometry_msgs::geometry_msgs__rosidl_generator_c;std_msgs::std_msgs__rosidl_generator_c;rcutils::rcutils;/opt/ros/humble/lib/libsensor_msgs__rosidl_typesupport_fastrtps_c.so;rosidl_typesupport_fastrtps_c::rosidl_typesupport_fastrtps_c;builtin_interfaces::builtin_interfaces__rosidl_typesupport_fastrtps_c;geometry_msgs::geometry_msgs__rosidl_typesupport_fastrtps_c;std_msgs::std_msgs__rosidl_typesupport_fastrtps_c;builtin_interfaces::builtin_interfaces__rosidl_generator_cpp;geometry_msgs::geometry_msgs__rosidl_generator_cpp;std_msgs::std_msgs__rosidl_generator_cpp;/opt/ros/humble/lib/libsensor_msgs__rosidl_typesupport_fastrtps_cpp.so;fastcdr;rmw::rmw;rosidl_runtime_cpp::rosidl_runtime_cpp;rosidl_typesupport_fastrtps_cpp::rosidl_typesupport_fastrtps_cpp;builtin_interfaces::builtin_interfaces__rosidl_typesupport_fastrtps_cpp;geometry_msgs::geometry_msgs__rosidl_typesupport_fastrtps_cpp;std_msgs::std_msgs__rosidl_typesupport_fastrtps_cpp;/opt/ros/humble/lib/libsensor_msgs__rosidl_typesupport_introspection_c.so;rosidl_typesupport_introspection_c::rosidl_typesupport_introspection_c;builtin_interfaces::builtin_interfaces__rosidl_typesupport_introspection_c;geometry_msgs::geometry_msgs__rosidl_typesupport_introspection_c;std_msgs::std_msgs__rosidl_typesupport_introspection_c;/opt/ros/humble/lib/libsensor_msgs__rosidl_typesupport_c.so;builtin_interfaces::builtin_interfaces__rosidl_typesupport_c;geometry_msgs::geometry_msgs__rosidl_typesupport_c;std_msgs::std_msgs__rosidl_typesupport_c;/opt/ros/humble/lib/libsensor_msgs__rosidl_typesupport_introspection_cpp.so;rosidl_runtime_c::rosidl_runtime_c;rosidl_typesupport_interface::rosidl_typesupport_interface;rosidl_typesupport_introspection_cpp::rosidl_typesupport_introspection_cpp;builtin_interfaces::builtin_interfaces__rosidl_typesupport_introspection_cpp;geometry_msgs::geometry_msgs__rosidl_typesupport_introspection_cpp;std_msgs::std_msgs__rosidl_typesupport_introspection_cpp;/opt/ros/humble/lib/libsensor_msgs__rosidl_typesupport_cpp.so;sensor_msgs::sensor_msgs__rosidl_generator_cpp;builtin_interfaces::builtin_interfaces__rosidl_typesupport_cpp;geometry_msgs::geometry_msgs__rosidl_typesupport_cpp;std_msgs::std_msgs__rosidl_typesupport_cpp;/opt/ros/humble/lib/libsensor_msgs__rosidl_generator_py.so;sensor_msgs::sensor_msgs__rosidl_generator_c;/usr/lib/x86_64-linux-gnu/libpython3.8.so;sensor_msgs::sensor_msgs__rosidl_typesupport_c;builtin_interfaces::builtin_interfaces__rosidl_generator_py;geometry_msgs::geometry_msgs__rosidl_generator_py;std_msgs::std_msgs__rosidl_generator_py;sensor_msgs::sensor_msgs__rosidl_typesupport_cpp;/opt/ros/humble/lib/libstd_srvs__rosidl_generator_c.so;/opt/ros/humble/lib/libstd_srvs__rosidl_typesupport_fastrtps_c.so;/opt/ros/humble/lib/libstd_srvs__rosidl_typesupport_introspection_c.so;/opt/ros/humble/lib/libstd_srvs__rosidl_typesupport_c.so;/opt/ros/humble/lib/libstd_srvs__rosidl_typesupport_fastrtps_cpp.so;/opt/ros/humble/lib/libstd_srvs__rosidl_typesupport_introspection_cpp.so;/opt/ros/humble/lib/libstd_srvs__rosidl_typesupport_cpp.so;/opt/ros/humble/lib/libstd_srvs__rosidl_generator_py.so;/opt/ros/humble/lib/librosidl_typesupport_fastrtps_c.so;/opt/ros/humble/lib/librmw.so;/opt/ros/humble/lib/librosidl_typesupport_fastrtps_cpp.so;rosidl_typesupport_c::rosidl_typesupport_c;/opt/ros/humble/lib/librcutils.so;dl;/opt/ros/humble/lib/librcpputils.so;/opt/ros/humble/lib/librosidl_typesupport_c.so;/opt/ros/humble/lib/librosidl_typesupport_cpp.so;/opt/ros/humble/lib/librosidl_runtime_c.so;/opt/ros/humble/lib/librosidl_typesupport_introspection_c.so;/opt/ros/humble/lib/librosidl_typesupport_introspection_cpp.so;/workspaces/isaac_ros-dev/Development/ros2/install/rtabmap_msgs/lib/librtabmap_msgs__rosidl_generator_c.so;std_srvs::std_srvs__rosidl_generator_c;/workspaces/isaac_ros-dev/Development/ros2/install/rtabmap_msgs/lib/librtabmap_msgs__rosidl_typesupport_fastrtps_c.so;sensor_msgs::sensor_msgs__rosidl_typesupport_fastrtps_c;std_srvs::std_srvs__rosidl_typesupport_fastrtps_c;/workspaces/isaac_ros-dev/Development/ros2/install/rtabmap_msgs/lib/librtabmap_msgs__rosidl_typesupport_introspection_c.so;sensor_msgs::sensor_msgs__rosidl_typesupport_introspection_c;std_srvs::std_srvs__rosidl_typesupport_introspection_c;/workspaces/isaac_ros-dev/Development/ros2/install/rtabmap_msgs/lib/librtabmap_msgs__rosidl_typesupport_c.so;std_srvs::std_srvs__rosidl_typesupport_c;std_srvs::std_srvs__rosidl_generator_cpp;/workspaces/isaac_ros-dev/Development/ros2/install/rtabmap_msgs/lib/librtabmap_msgs__rosidl_typesupport_fastrtps_cpp.so;sensor_msgs::sensor_msgs__rosidl_typesupport_fastrtps_cpp;std_srvs::std_srvs__rosidl_typesupport_fastrtps_cpp;/workspaces/isaac_ros-dev/Development/ros2/install/rtabmap_msgs/lib/librtabmap_msgs__rosidl_typesupport_introspection_cpp.so;sensor_msgs::sensor_msgs__rosidl_typesupport_introspection_cpp;std_srvs::std_srvs__rosidl_typesupport_introspection_cpp;/workspaces/isaac_ros-dev/Development/ros2/install/rtabmap_msgs/lib/librtabmap_msgs__rosidl_typesupport_cpp.so;rtabmap_msgs::rtabmap_msgs__rosidl_generator_cpp;std_srvs::std_srvs__rosidl_typesupport_cpp;/workspaces/isaac_ros-dev/Development/ros2/install/rtabmap_msgs/lib/librtabmap_msgs__rosidl_generator_py.so;rtabmap_msgs::rtabmap_msgs__rosidl_generator_c;rtabmap_msgs::rtabmap_msgs__rosidl_typesupport_c;sensor_msgs::sensor_msgs__rosidl_generator_py;std_srvs::std_srvs__rosidl_generator_py;/opt/ros/humble/lib/libsensor_msgs__rosidl_generator_c.so;geometry_msgs::geometry_msgs__rosidl_generator_c;/opt/ros/humble/lib/libsensor_msgs__rosidl_typesupport_fastrtps_c.so;geometry_msgs::geometry_msgs__rosidl_typesupport_fastrtps_c;std_msgs::std_msgs__rosidl_typesupport_fastrtps_c;geometry_msgs::geometry_msgs__rosidl_generator_cpp;/opt/ros/humble/lib/libsensor_msgs__rosidl_typesupport_fastrtps_cpp.so;geometry_msgs::geometry_msgs__rosidl_typesupport_fastrtps_cpp;std_msgs::std_msgs__rosidl_typesupport_fastrtps_cpp;/opt/ros/humble/lib/libsensor_msgs__rosidl_typesupport_introspection_c.so;geometry_msgs::geometry_msgs__rosidl_typesupport_introspection_c;std_msgs::std_msgs__rosidl_typesupport_introspection_c;/opt/ros/humble/lib/libsensor_msgs__rosidl_typesupport_c.so;geometry_msgs::geometry_msgs__rosidl_typesupport_c;/opt/ros/humble/lib/libsensor_msgs__rosidl_typesupport_introspection_cpp.so;geometry_msgs::geometry_msgs__rosidl_typesupport_introspection_cpp;std_msgs::std_msgs__rosidl_typesupport_introspection_cpp;/opt/ros/humble/lib/libsensor_msgs__rosidl_typesupport_cpp.so;sensor_msgs::sensor_msgs__rosidl_generator_cpp;geometry_msgs::geometry_msgs__rosidl_typesupport_cpp;std_msgs::std_msgs__rosidl_typesupport_cpp;/opt/ros/humble/lib/libsensor_msgs__rosidl_generator_py.so;sensor_msgs::sensor_msgs__rosidl_generator_c;sensor_msgs::sensor_msgs__rosidl_typesupport_c;geometry_msgs::geometry_msgs__rosidl_generator_py;std_msgs::std_msgs__rosidl_generator_py;sensor_msgs::sensor_msgs__rosidl_typesupport_cpp;/opt/ros/humble/lib/libstd_msgs__rosidl_generator_c.so;builtin_interfaces::builtin_interfaces__rosidl_generator_c;rcutils::rcutils;/opt/ros/humble/lib/libstd_msgs__rosidl_typesupport_fastrtps_c.so;rosidl_typesupport_fastrtps_c::rosidl_typesupport_fastrtps_c;builtin_interfaces::builtin_interfaces__rosidl_typesupport_fastrtps_c;builtin_interfaces::builtin_interfaces__rosidl_generator_cpp;/opt/ros/humble/lib/libstd_msgs__rosidl_typesupport_fastrtps_cpp.so;fastcdr;rmw::rmw;rosidl_runtime_cpp::rosidl_runtime_cpp;rosidl_typesupport_fastrtps_cpp::rosidl_typesupport_fastrtps_cpp;builtin_interfaces::builtin_interfaces__rosidl_typesupport_fastrtps_cpp;/opt/ros/humble/lib/libstd_msgs__rosidl_typesupport_introspection_c.so;rosidl_typesupport_introspection_c::rosidl_typesupport_introspection_c;builtin_interfaces::builtin_interfaces__rosidl_typesupport_introspection_c;/opt/ros/humble/lib/libstd_msgs__rosidl_typesupport_c.so;builtin_interfaces::builtin_interfaces__rosidl_typesupport_c;/opt/ros/humble/lib/libstd_msgs__rosidl_typesupport_introspection_cpp.so;rosidl_runtime_c::rosidl_runtime_c;rosidl_typesupport_interface::rosidl_typesupport_interface;rosidl_typesupport_introspection_cpp::rosidl_typesupport_introspection_cpp;builtin_interfaces::builtin_interfaces__rosidl_typesupport_introspection_cpp;/opt/ros/humble/lib/libstd_msgs__rosidl_typesupport_cpp.so;std_msgs::std_msgs__rosidl_generator_cpp;builtin_interfaces::builtin_interfaces__rosidl_typesupport_cpp;/opt/ros/humble/lib/libstd_msgs__rosidl_generator_py.so;std_msgs::std_msgs__rosidl_generator_c;/usr/lib/x86_64-linux-gnu/libpython3.8.so;std_msgs::std_msgs__rosidl_typesupport_c;builtin_interfaces::builtin_interfaces__rosidl_generator_py;/opt/ros/humble/lib/libstd_srvs__rosidl_generator_c.so;/opt/ros/humble/lib/libstd_srvs__rosidl_typesupport_fastrtps_c.so;/opt/ros/humble/lib/libstd_srvs__rosidl_typesupport_introspection_c.so;/opt/ros/humble/lib/libstd_srvs__rosidl_typesupport_c.so;/opt/ros/humble/lib/libstd_srvs__rosidl_typesupport_fastrtps_cpp.so;/opt/ros/humble/lib/libstd_srvs__rosidl_typesupport_introspection_cpp.so;/opt/ros/humble/lib/libstd_srvs__rosidl_typesupport_cpp.so;/opt/ros/humble/lib/libstd_srvs__rosidl_generator_py.so;/opt/ros/humble/lib/librosidl_typesupport_fastrtps_c.so;/opt/ros/humble/lib/librmw.so;/opt/ros/humble/lib/librosidl_typesupport_fastrtps_cpp.so;rosidl_typesupport_c::rosidl_typesupport_c;/opt/ros/humble/lib/librcutils.so;dl;/opt/ros/humble/lib/librcpputils.so;/opt/ros/humble/lib/librosidl_typesupport_c.so;/opt/ros/humble/lib/librosidl_typesupport_cpp.so;/opt/ros/humble/lib/librosidl_runtime_c.so;/opt/ros/humble/lib/librosidl_typesupport_introspection_c.so;/opt/ros/humble/lib/librosidl_typesupport_introspection_cpp.so;/workspaces/isaac_ros-dev/Development/ros2/install/rtabmap_msgs/lib/librtabmap_msgs__rosidl_generator_c.so;std_srvs::std_srvs__rosidl_generator_c;/workspaces/isaac_ros-dev/Development/ros2/install/rtabmap_msgs/lib/librtabmap_msgs__rosidl_typesupport_fastrtps_c.so;sensor_msgs::sensor_msgs__rosidl_typesupport_fastrtps_c;std_srvs::std_srvs__rosidl_typesupport_fastrtps_c;/workspaces/isaac_ros-dev/Development/ros2/install/rtabmap_msgs/lib/librtabmap_msgs__rosidl_typesupport_introspection_c.so;sensor_msgs::sensor_msgs__rosidl_typesupport_introspection_c;std_srvs::std_srvs__rosidl_typesupport_introspection_c;/workspaces/isaac_ros-dev/Development/ros2/install/rtabmap_msgs/lib/librtabmap_msgs__rosidl_typesupport_c.so;std_srvs::std_srvs__rosidl_typesupport_c;std_srvs::std_srvs__rosidl_generator_cpp;/workspaces/isaac_ros-dev/Development/ros2/install/rtabmap_msgs/lib/librtabmap_msgs__rosidl_typesupport_fastrtps_cpp.so;sensor_msgs::sensor_msgs__rosidl_typesupport_fastrtps_cpp;std_srvs::std_srvs__rosidl_typesupport_fastrtps_cpp;/workspaces/isaac_ros-dev/Development/ros2/install/rtabmap_msgs/lib/librtabmap_msgs__rosidl_typesupport_introspection_cpp.so;sensor_msgs::sensor_msgs__rosidl_typesupport_introspection_cpp;std_srvs::std_srvs__rosidl_typesupport_introspection_cpp;/workspaces/isaac_ros-dev/Development/ros2/install/rtabmap_msgs/lib/librtabmap_msgs__rosidl_typesupport_cpp.so;rtabmap_msgs::rtabmap_msgs__rosidl_generator_cpp;std_srvs::std_srvs__rosidl_typesupport_cpp;/workspaces/isaac_ros-dev/Development/ros2/install/rtabmap_msgs/lib/librtabmap_msgs__rosidl_generator_py.so;rtabmap_msgs::rtabmap_msgs__rosidl_generator_c;rtabmap_msgs::rtabmap_msgs__rosidl_typesupport_c;sensor_msgs::sensor_msgs__rosidl_generator_py;std_srvs::std_srvs__rosidl_generator_py;/opt/ros/humble/lib/libsensor_msgs__rosidl_generator_c.so;/opt/ros/humble/lib/libsensor_msgs__rosidl_typesupport_fastrtps_c.so;std_msgs::std_msgs__rosidl_typesupport_fastrtps_c;/opt/ros/humble/lib/libsensor_msgs__rosidl_typesupport_fastrtps_cpp.so;std_msgs::std_msgs__rosidl_typesupport_fastrtps_cpp;/opt/ros/humble/lib/libsensor_msgs__rosidl_typesupport_introspection_c.so;std_msgs::std_msgs__rosidl_typesupport_introspection_c;/opt/ros/humble/lib/libsensor_msgs__rosidl_typesupport_c.so;/opt/ros/humble/lib/libsensor_msgs__rosidl_typesupport_introspection_cpp.so;std_msgs::std_msgs__rosidl_typesupport_introspection_cpp;/opt/ros/humble/lib/libsensor_msgs__rosidl_typesupport_cpp.so;sensor_msgs::sensor_msgs__rosidl_generator_cpp;std_msgs::std_msgs__rosidl_typesupport_cpp;/opt/ros/humble/lib/libsensor_msgs__rosidl_generator_py.so;sensor_msgs::sensor_msgs__rosidl_generator_c;sensor_msgs::sensor_msgs__rosidl_typesupport_c;std_msgs::std_msgs__rosidl_generator_py;sensor_msgs::sensor_msgs__rosidl_typesupport_cpp;/opt/ros/humble/lib/libstd_msgs__rosidl_generator_c.so;builtin_interfaces::builtin_interfaces__rosidl_generator_c;rcutils::rcutils;/opt/ros/humble/lib/libstd_msgs__rosidl_typesupport_fastrtps_c.so;rosidl_typesupport_fastrtps_c::rosidl_typesupport_fastrtps_c;builtin_interfaces::builtin_interfaces__rosidl_typesupport_fastrtps_c;builtin_interfaces::builtin_interfaces__rosidl_generator_cpp;/opt/ros/humble/lib/libstd_msgs__rosidl_typesupport_fastrtps_cpp.so;fastcdr;rmw::rmw;rosidl_runtime_cpp::rosidl_runtime_cpp;rosidl_typesupport_fastrtps_cpp::rosidl_typesupport_fastrtps_cpp;builtin_interfaces::builtin_interfaces__rosidl_typesupport_fastrtps_cpp;/opt/ros/humble/lib/libstd_msgs__rosidl_typesupport_introspection_c.so;rosidl_typesupport_introspection_c::rosidl_typesupport_introspection_c;builtin_interfaces::builtin_interfaces__rosidl_typesupport_introspection_c;/opt/ros/humble/lib/libstd_msgs__rosidl_typesupport_c.so;builtin_interfaces::builtin_interfaces__rosidl_typesupport_c;/opt/ros/humble/lib/libstd_msgs__rosidl_typesupport_introspection_cpp.so;rosidl_runtime_c::rosidl_runtime_c;rosidl_typesupport_interface::rosidl_typesupport_interface;rosidl_typesupport_introspection_cpp::rosidl_typesupport_introspection_cpp;builtin_interfaces::builtin_interfaces__rosidl_typesupport_introspection_cpp;/opt/ros/humble/lib/libstd_msgs__rosidl_typesupport_cpp.so;std_msgs::std_msgs__rosidl_generator_cpp;builtin_interfaces::builtin_interfaces__rosidl_typesupport_cpp;/opt/ros/humble/lib/libstd_msgs__rosidl_generator_py.so;std_msgs::std_msgs__rosidl_generator_c;/usr/lib/x86_64-linux-gnu/libpython3.8.so;std_msgs::std_msgs__rosidl_typesupport_c;builtin_interfaces::builtin_interfaces__rosidl_generator_py;/opt/ros/humble/lib/libtf2.so;geometry_msgs::geometry_msgs__rosidl_generator_c;geometry_msgs::geometry_msgs__rosidl_typesupport_fastrtps_c;geometry_msgs::geometry_msgs__rosidl_typesupport_introspection_c;geometry_msgs::geometry_msgs__rosidl_typesupport_c;geometry_msgs::geometry_msgs__rosidl_generator_cpp;geometry_msgs::geometry_msgs__rosidl_typesupport_fastrtps_cpp;geometry_msgs::geometry_msgs__rosidl_typesupport_introspection_cpp;geometry_msgs::geometry_msgs__rosidl_typesupport_cpp;geometry_msgs::geometry_msgs__rosidl_generator_py;/opt/ros/humble/lib/libtf2.so;/opt/ros/humble/lib/libtf2_ros.so;builtin_interfaces::builtin_interfaces__rosidl_generator_c;builtin_interfaces::builtin_interfaces__rosidl_typesupport_fastrtps_c;builtin_interfaces::builtin_interfaces__rosidl_typesupport_introspection_c;builtin_interfaces::builtin_interfaces__rosidl_typesupport_c;builtin_interfaces::builtin_interfaces__rosidl_generator_cpp;builtin_interfaces::builtin_interfaces__rosidl_typesupport_fastrtps_cpp;builtin_interfaces::builtin_interfaces__rosidl_typesupport_introspection_cpp;builtin_interfaces::builtin_interfaces__rosidl_typesupport_cpp;builtin_interfaces::builtin_interfaces__rosidl_generator_py;message_filters::message_filters;rclcpp_action::rclcpp_action;/opt/ros/humble/lib/libstatic_transform_broadcaster_node.so;rclcpp::rclcpp;tf2_msgs::tf2_msgs__rosidl_generator_c;tf2_msgs::tf2_msgs__rosidl_typesupport_fastrtps_c;tf2_msgs::tf2_msgs__rosidl_typesupport_introspection_c;tf2_msgs::tf2_msgs__rosidl_typesupport_c;tf2_msgs::tf2_msgs__rosidl_generator_cpp;tf2_msgs::tf2_msgs__rosidl_typesupport_fastrtps_cpp;tf2_msgs::tf2_msgs__rosidl_typesupport_introspection_cpp;tf2_msgs::tf2_msgs__rosidl_typesupport_cpp;tf2_msgs::tf2_msgs__rosidl_generator_py;geometry_msgs::geometry_msgs__rosidl_generator_c;geometry_msgs::geometry_msgs__rosidl_typesupport_fastrtps_c;geometry_msgs::geometry_msgs__rosidl_typesupport_introspection_c;geometry_msgs::geometry_msgs__rosidl_typesupport_c;geometry_msgs::geometry_msgs__rosidl_generator_cpp;geometry_msgs::geometry_msgs__rosidl_typesupport_fastrtps_cpp;geometry_msgs::geometry_msgs__rosidl_typesupport_introspection_cpp;geometry_msgs::geometry_msgs__rosidl_typesupport_cpp;geometry_msgs::geometry_msgs__rosidl_generator_py;tf2::tf2;tf2_ros::tf2_ros;Eigen3::Eigen;/opt/ros/humble/lib/libtf2.so;/opt/ros/humble/lib/libtf2_ros.so;builtin_interfaces::builtin_interfaces__rosidl_generator_c;builtin_interfaces::builtin_interfaces__rosidl_typesupport_fastrtps_c;builtin_interfaces::builtin_interfaces__rosidl_typesupport_introspection_c;builtin_interfaces::builtin_interfaces__rosidl_typesupport_c;builtin_interfaces::builtin_interfaces__rosidl_generator_cpp;builtin_interfaces::builtin_interfaces__rosidl_typesupport_fastrtps_cpp;builtin_interfaces::builtin_interfaces__rosidl_typesupport_introspection_cpp;builtin_interfaces::builtin_interfaces__rosidl_typesupport_cpp;builtin_interfaces::builtin_interfaces__rosidl_generator_py;message_filters::message_filters;rclcpp_action::rclcpp_action;/opt/ros/humble/lib/libstatic_transform_broadcaster_node.so;rclcpp::rclcpp;tf2_msgs::tf2_msgs__rosidl_generator_c;tf2_msgs::tf2_msgs__rosidl_typesupport_fastrtps_c;tf2_msgs::tf2_msgs__rosidl_typesupport_introspection_c;tf2_msgs::tf2_msgs__rosidl_typesupport_c;tf2_msgs::tf2_msgs__rosidl_generator_cpp;tf2_msgs::tf2_msgs__rosidl_typesupport_fastrtps_cpp;tf2_msgs::tf2_msgs__rosidl_typesupport_introspection_cpp;tf2_msgs::tf2_msgs__rosidl_typesupport_cpp;tf2_msgs::tf2_msgs__rosidl_generator_py;Eigen3::Eigen;geometry_msgs::geometry_msgs__rosidl_generator_c;geometry_msgs::geometry_msgs__rosidl_typesupport_fastrtps_c;geometry_msgs::geometry_msgs__rosidl_typesupport_introspection_c;geometry_msgs::geometry_msgs__rosidl_typesupport_c;geometry_msgs::geometry_msgs__rosidl_generator_cpp;geometry_msgs::geometry_msgs__rosidl_typesupport_fastrtps_cpp;geometry_msgs::geometry_msgs__rosidl_typesupport_introspection_cpp;geometry_msgs::geometry_msgs__rosidl_typesupport_cpp;geometry_msgs::geometry_msgs__rosidl_generator_py;orocos-kdl;tf2::tf2;tf2_ros::tf2_ros;/opt/ros/humble/lib/libtf2.so;/opt/ros/humble/lib/libtf2_ros.so;builtin_interfaces::builtin_interfaces__rosidl_generator_c;builtin_interfaces::builtin_interfaces__rosidl_typesupport_fastrtps_c;builtin_interfaces::builtin_interfaces__rosidl_typesupport_introspection_c;builtin_interfaces::builtin_interfaces__rosidl_typesupport_c;builtin_interfaces::builtin_interfaces__rosidl_generator_cpp;builtin_interfaces::builtin_interfaces__rosidl_typesupport_fastrtps_cpp;builtin_interfaces::builtin_interfaces__rosidl_typesupport_introspection_cpp;builtin_interfaces::builtin_interfaces__rosidl_typesupport_cpp;builtin_interfaces::builtin_interfaces__rosidl_generator_py;message_filters::message_filters;rclcpp_action::rclcpp_action;/opt/ros/humble/lib/libstatic_transform_broadcaster_node.so;rclcpp::rclcpp;tf2_msgs::tf2_msgs__rosidl_generator_c;tf2_msgs::tf2_msgs__rosidl_typesupport_fastrtps_c;tf2_msgs::tf2_msgs__rosidl_typesupport_introspection_c;tf2_msgs::tf2_msgs__rosidl_typesupport_c;tf2_msgs::tf2_msgs__rosidl_generator_cpp;tf2_msgs::tf2_msgs__rosidl_typesupport_fastrtps_cpp;tf2_msgs::tf2_msgs__rosidl_typesupport_introspection_cpp;tf2_msgs::tf2_msgs__rosidl_typesupport_cpp;tf2_msgs::tf2_msgs__rosidl_generator_py;Eigen3::Eigen;geometry_msgs::geometry_msgs__rosidl_generator_c;geometry_msgs::geometry_msgs__rosidl_typesupport_fastrtps_c;geometry_msgs::geometry_msgs__rosidl_typesupport_introspection_c;geometry_msgs::geometry_msgs__rosidl_typesupport_c;geometry_msgs::geometry_msgs__rosidl_generator_cpp;geometry_msgs::geometry_msgs__rosidl_typesupport_fastrtps_cpp;geometry_msgs::geometry_msgs__rosidl_typesupport_introspection_cpp;geometry_msgs::geometry_msgs__rosidl_typesupport_cpp;geometry_msgs::geometry_msgs__rosidl_generator_py;orocos-kdl;tf2::tf2;tf2_ros::tf2_ros;/workspaces/isaac_ros-dev/Development/ros2/install/rtabmap/lib/librtabmap_utilite.so.0.23.6;/workspaces/isaac_ros-dev/Development/ros2/install/rtabmap/lib/librtabmap_core.so.0.23.6;rtabmap::utilite;opencv_core;opencv_calib3d;opencv_imgproc;opencv_highgui;opencv_stitching;opencv_photo;opencv_video;opencv_videoio;opencv_aruco;opencv_objdetect;pcl_common;pcl_octree;pcl_io;pcl_kdtree;pcl_search;pcl_surface;pcl_filters;pcl_features;pcl_registration;pcl_sample_consensus;pcl_ml;pcl_segmentation;/usr/lib/x86_64-linux-gnu/libboost_system.so;/usr/lib/x86_64-linux-gnu/libboost_filesystem.so;/usr/lib/x86_64-linux-gnu/libboost_date_time.so;/usr/lib/x86_64-linux-gnu/libboost_iostreams.so;/usr/lib/x86_64-linux-gnu/libboost_regex.so;/usr/lib/x86_64-linux-gnu/libqhull.so;/usr/lib/libOpenNI.so;vtkChartsCore;vtkCommonColor;vtkCommonCore;vtksys;vtkCommonDataModel;vtkCommonMath;vtkCommonMisc;vtkCommonSystem;vtkCommonTransforms;vtkCommonExecutionModel;vtkFiltersGeneral;vtkCommonComputationalGeometry;vtkFiltersCore;vtkInfovisCore;vtkFiltersExtraction;vtkFiltersStatistics;vtkImagingFourier;vtkImagingCore;vtkalglib;vtkRenderingContext2D;vtkRenderingCore;vtkFiltersGeometry;vtkFiltersSources;vtkRenderingFreeType;/usr/lib/x86_64-linux-gnu/libfreetype.so;/usr/lib/x86_64-linux-gnu/libz.so;vtkFiltersModeling;vtkImagingSources;vtkInteractionStyle;vtkInteractionWidgets;vtkFiltersHybrid;vtkImagingColor;vtkImagingGeneral;vtkImagingHybrid;vtkIOImage;vtkDICOMParser;vtkmetaio;/usr/lib/x86_64-linux-gnu/libjpeg.so;/usr/lib/x86_64-linux-gnu/libpng.so;/usr/lib/x86_64-linux-gnu/libtiff.so;vtkRenderingAnnotation;vtkRenderingVolume;vtkIOXML;vtkIOCore;vtkIOXMLParser;/usr/lib/x86_64-linux-gnu/libexpat.so;vtkIOGeometry;vtkIOLegacy;vtkIOPLY;vtkRenderingLOD;vtkViewsContext2D;vtkViewsCore;vtkRenderingContextOpenGL2;vtkRenderingOpenGL2;FLANN::FLANN;realsense2::realsense2;octomap;/workspaces/isaac_ros-dev/Development/ros2/install/rtabmap_conversions/lib/librtabmap_conversions.so
-- Configuring done
-- Generating done
[33mCMake Warning:
  Manually-specified variables were not used by the project:

    BUILD_APP
    BUILD_EXAMPLES
    BUILD_TOOLS
    WITH_G2O
    WITH_GTSAM
    WITH_POINTMATCHER
    WITH_QT

[0m
-- Build files have been written to: /workspaces/isaac_ros-dev/Development/ros2/build/rtabmap_rviz_plugins
