[2.446s] DEBUG:colcon:Command line arguments: ['/usr/bin/colcon', 'build']
[2.446s] DEBUG:colcon:Parsed command line arguments: Namespace(allow_overriding=[], ament_cmake_args=None, base_paths=['.'], build_base='build', catkin_cmake_args=None, catkin_skip_building_tests=False, cmake_args=None, cmake_clean_cache=False, cmake_clean_first=False, cmake_force_configure=False, cmake_target=None, cmake_target_skip_unavailable=False, continue_on_error=False, event_handlers=None, executor='parallel', ignore_user_meta=False, install_base='install', log_base=None, log_level=None, main=<bound method BuildVerb.main of <colcon_core.verb.build.BuildVerb object at 0x73fc990c6280>>, merge_install=False, metas=['./colcon.meta'], packages_above=None, packages_above_and_dependencies=None, packages_above_depth=None, packages_end=None, packages_ignore=None, packages_ignore_regex=None, packages_select=None, packages_select_build_failed=False, packages_select_by_dep=None, packages_select_regex=None, packages_select_test_failures=False, packages_skip=None, packages_skip_build_finished=False, packages_skip_by_dep=None, packages_skip_regex=None, packages_skip_test_passed=False, packages_skip_up_to=None, packages_start=None, packages_up_to=None, packages_up_to_regex=None, parallel_workers=24, paths=None, symlink_install=False, test_result_base=None, verb_extension=<colcon_core.verb.build.BuildVerb object at 0x73fc990c6280>, verb_name='build', verb_parser=<colcon_defaults.argument_parser.defaults.DefaultArgumentsDecorator object at 0x73fc98a0a580>)
[2.550s] Level 1:colcon.colcon_core.package_discovery:discover_packages(colcon_meta) check parameters
[2.550s] Level 1:colcon.colcon_core.package_discovery:discover_packages(recursive) check parameters
[2.550s] Level 1:colcon.colcon_core.package_discovery:discover_packages(ignore) check parameters
[2.550s] Level 1:colcon.colcon_core.package_discovery:discover_packages(path) check parameters
[2.550s] Level 1:colcon.colcon_core.package_discovery:discover_packages(colcon_meta) discover
[2.550s] Level 1:colcon.colcon_core.package_discovery:discover_packages(recursive) discover
[2.550s] INFO:colcon.colcon_core.package_discovery:Crawling recursively for packages in '/workspaces/isaac_ros-dev'
[2.551s] Level 1:colcon.colcon_core.package_identification:_identify(.) by extensions ['ignore', 'ignore_ament_install']
[2.551s] Level 1:colcon.colcon_core.package_identification:_identify(.) by extension 'ignore'
[2.551s] Level 1:colcon.colcon_core.package_identification:_identify(.) by extension 'ignore_ament_install'
[2.551s] Level 1:colcon.colcon_core.package_identification:_identify(.) by extensions ['colcon_pkg']
[2.551s] Level 1:colcon.colcon_core.package_identification:_identify(.) by extension 'colcon_pkg'
[2.551s] Level 1:colcon.colcon_core.package_identification:_identify(.) by extensions ['colcon_meta']
[2.551s] Level 1:colcon.colcon_core.package_identification:_identify(.) by extension 'colcon_meta'
[2.551s] Level 1:colcon.colcon_core.package_identification:_identify(.) by extensions ['ros']
[2.551s] Level 1:colcon.colcon_core.package_identification:_identify(.) by extension 'ros'
[2.564s] Level 1:colcon.colcon_core.package_identification:_identify(.) by extensions ['cmake', 'python']
[2.564s] Level 1:colcon.colcon_core.package_identification:_identify(.) by extension 'cmake'
[2.564s] Level 1:colcon.colcon_core.package_identification:_identify(.) by extension 'python'
[2.564s] Level 1:colcon.colcon_core.package_identification:_identify(.) by extensions ['python_setup_py']
[2.564s] Level 1:colcon.colcon_core.package_identification:_identify(.) by extension 'python_setup_py'
[2.564s] Level 1:colcon.colcon_core.package_identification:_identify(Development) by extensions ['ignore', 'ignore_ament_install']
[2.564s] Level 1:colcon.colcon_core.package_identification:_identify(Development) by extension 'ignore'
[2.564s] Level 1:colcon.colcon_core.package_identification:_identify(Development) by extension 'ignore_ament_install'
[2.564s] Level 1:colcon.colcon_core.package_identification:_identify(Development) by extensions ['colcon_pkg']
[2.564s] Level 1:colcon.colcon_core.package_identification:_identify(Development) by extension 'colcon_pkg'
[2.564s] Level 1:colcon.colcon_core.package_identification:_identify(Development) by extensions ['colcon_meta']
[2.564s] Level 1:colcon.colcon_core.package_identification:_identify(Development) by extension 'colcon_meta'
[2.564s] Level 1:colcon.colcon_core.package_identification:_identify(Development) by extensions ['ros']
[2.564s] Level 1:colcon.colcon_core.package_identification:_identify(Development) by extension 'ros'
[2.564s] Level 1:colcon.colcon_core.package_identification:_identify(Development) by extensions ['cmake', 'python']
[2.565s] Level 1:colcon.colcon_core.package_identification:_identify(Development) by extension 'cmake'
[2.565s] Level 1:colcon.colcon_core.package_identification:_identify(Development) by extension 'python'
[2.565s] Level 1:colcon.colcon_core.package_identification:_identify(Development) by extensions ['python_setup_py']
[2.565s] Level 1:colcon.colcon_core.package_identification:_identify(Development) by extension 'python_setup_py'
[2.565s] Level 1:colcon.colcon_core.package_identification:_identify(Development/MDC_libraries) by extensions ['ignore', 'ignore_ament_install']
[2.565s] Level 1:colcon.colcon_core.package_identification:_identify(Development/MDC_libraries) by extension 'ignore'
[2.565s] Level 1:colcon.colcon_core.package_identification:_identify(Development/MDC_libraries) by extension 'ignore_ament_install'
[2.565s] Level 1:colcon.colcon_core.package_identification:_identify(Development/MDC_libraries) by extensions ['colcon_pkg']
[2.565s] Level 1:colcon.colcon_core.package_identification:_identify(Development/MDC_libraries) by extension 'colcon_pkg'
[2.565s] Level 1:colcon.colcon_core.package_identification:_identify(Development/MDC_libraries) by extensions ['colcon_meta']
[2.565s] Level 1:colcon.colcon_core.package_identification:_identify(Development/MDC_libraries) by extension 'colcon_meta'
[2.565s] Level 1:colcon.colcon_core.package_identification:_identify(Development/MDC_libraries) by extensions ['ros']
[2.565s] Level 1:colcon.colcon_core.package_identification:_identify(Development/MDC_libraries) by extension 'ros'
[2.565s] Level 1:colcon.colcon_core.package_identification:_identify(Development/MDC_libraries) by extensions ['cmake', 'python']
[2.565s] Level 1:colcon.colcon_core.package_identification:_identify(Development/MDC_libraries) by extension 'cmake'
[2.565s] Level 1:colcon.colcon_core.package_identification:_identify(Development/MDC_libraries) by extension 'python'
[2.565s] Level 1:colcon.colcon_core.package_identification:_identify(Development/MDC_libraries) by extensions ['python_setup_py']
[2.565s] Level 1:colcon.colcon_core.package_identification:_identify(Development/MDC_libraries) by extension 'python_setup_py'
[2.565s] Level 1:colcon.colcon_core.package_identification:_identify(Development/MDC_libraries/python) by extensions ['ignore', 'ignore_ament_install']
[2.565s] Level 1:colcon.colcon_core.package_identification:_identify(Development/MDC_libraries/python) by extension 'ignore'
[2.565s] Level 1:colcon.colcon_core.package_identification:_identify(Development/MDC_libraries/python) by extension 'ignore_ament_install'
[2.565s] Level 1:colcon.colcon_core.package_identification:_identify(Development/MDC_libraries/python) by extensions ['colcon_pkg']
[2.565s] Level 1:colcon.colcon_core.package_identification:_identify(Development/MDC_libraries/python) by extension 'colcon_pkg'
[2.565s] Level 1:colcon.colcon_core.package_identification:_identify(Development/MDC_libraries/python) by extensions ['colcon_meta']
[2.565s] Level 1:colcon.colcon_core.package_identification:_identify(Development/MDC_libraries/python) by extension 'colcon_meta'
[2.565s] Level 1:colcon.colcon_core.package_identification:_identify(Development/MDC_libraries/python) by extensions ['ros']
[2.565s] Level 1:colcon.colcon_core.package_identification:_identify(Development/MDC_libraries/python) by extension 'ros'
[2.565s] Level 1:colcon.colcon_core.package_identification:_identify(Development/MDC_libraries/python) by extensions ['cmake', 'python']
[2.565s] Level 1:colcon.colcon_core.package_identification:_identify(Development/MDC_libraries/python) by extension 'cmake'
[2.565s] Level 1:colcon.colcon_core.package_identification:_identify(Development/MDC_libraries/python) by extension 'python'
[2.566s] Level 1:colcon.colcon_core.package_identification:_identify(Development/MDC_libraries/python) by extensions ['python_setup_py']
[2.566s] Level 1:colcon.colcon_core.package_identification:_identify(Development/MDC_libraries/python) by extension 'python_setup_py'
[2.566s] Level 1:colcon.colcon_core.package_identification:_identify(Development/MDC_libraries/python/hal) by extensions ['ignore', 'ignore_ament_install']
[2.566s] Level 1:colcon.colcon_core.package_identification:_identify(Development/MDC_libraries/python/hal) by extension 'ignore'
[2.566s] Level 1:colcon.colcon_core.package_identification:_identify(Development/MDC_libraries/python/hal) by extension 'ignore_ament_install'
[2.566s] Level 1:colcon.colcon_core.package_identification:_identify(Development/MDC_libraries/python/hal) by extensions ['colcon_pkg']
[2.566s] Level 1:colcon.colcon_core.package_identification:_identify(Development/MDC_libraries/python/hal) by extension 'colcon_pkg'
[2.566s] Level 1:colcon.colcon_core.package_identification:_identify(Development/MDC_libraries/python/hal) by extensions ['colcon_meta']
[2.566s] Level 1:colcon.colcon_core.package_identification:_identify(Development/MDC_libraries/python/hal) by extension 'colcon_meta'
[2.566s] Level 1:colcon.colcon_core.package_identification:_identify(Development/MDC_libraries/python/hal) by extensions ['ros']
[2.566s] Level 1:colcon.colcon_core.package_identification:_identify(Development/MDC_libraries/python/hal) by extension 'ros'
[2.566s] Level 1:colcon.colcon_core.package_identification:_identify(Development/MDC_libraries/python/hal) by extensions ['cmake', 'python']
[2.566s] Level 1:colcon.colcon_core.package_identification:_identify(Development/MDC_libraries/python/hal) by extension 'cmake'
[2.566s] Level 1:colcon.colcon_core.package_identification:_identify(Development/MDC_libraries/python/hal) by extension 'python'
[2.566s] Level 1:colcon.colcon_core.package_identification:_identify(Development/MDC_libraries/python/hal) by extensions ['python_setup_py']
[2.566s] Level 1:colcon.colcon_core.package_identification:_identify(Development/MDC_libraries/python/hal) by extension 'python_setup_py'
[2.566s] Level 1:colcon.colcon_core.package_identification:_identify(Development/MDC_libraries/python/hal/content) by extensions ['ignore', 'ignore_ament_install']
[2.566s] Level 1:colcon.colcon_core.package_identification:_identify(Development/MDC_libraries/python/hal/content) by extension 'ignore'
[2.566s] Level 1:colcon.colcon_core.package_identification:_identify(Development/MDC_libraries/python/hal/content) by extension 'ignore_ament_install'
[2.566s] Level 1:colcon.colcon_core.package_identification:_identify(Development/MDC_libraries/python/hal/content) by extensions ['colcon_pkg']
[2.566s] Level 1:colcon.colcon_core.package_identification:_identify(Development/MDC_libraries/python/hal/content) by extension 'colcon_pkg'
[2.566s] Level 1:colcon.colcon_core.package_identification:_identify(Development/MDC_libraries/python/hal/content) by extensions ['colcon_meta']
[2.566s] Level 1:colcon.colcon_core.package_identification:_identify(Development/MDC_libraries/python/hal/content) by extension 'colcon_meta'
[2.566s] Level 1:colcon.colcon_core.package_identification:_identify(Development/MDC_libraries/python/hal/content) by extensions ['ros']
[2.566s] Level 1:colcon.colcon_core.package_identification:_identify(Development/MDC_libraries/python/hal/content) by extension 'ros'
[2.566s] Level 1:colcon.colcon_core.package_identification:_identify(Development/MDC_libraries/python/hal/content) by extensions ['cmake', 'python']
[2.566s] Level 1:colcon.colcon_core.package_identification:_identify(Development/MDC_libraries/python/hal/content) by extension 'cmake'
[2.566s] Level 1:colcon.colcon_core.package_identification:_identify(Development/MDC_libraries/python/hal/content) by extension 'python'
[2.566s] Level 1:colcon.colcon_core.package_identification:_identify(Development/MDC_libraries/python/hal/content) by extensions ['python_setup_py']
[2.566s] Level 1:colcon.colcon_core.package_identification:_identify(Development/MDC_libraries/python/hal/content) by extension 'python_setup_py'
[2.567s] Level 1:colcon.colcon_core.package_identification:_identify(Development/MDC_libraries/python/hal/products) by extensions ['ignore', 'ignore_ament_install']
[2.567s] Level 1:colcon.colcon_core.package_identification:_identify(Development/MDC_libraries/python/hal/products) by extension 'ignore'
[2.567s] Level 1:colcon.colcon_core.package_identification:_identify(Development/MDC_libraries/python/hal/products) by extension 'ignore_ament_install'
[2.567s] Level 1:colcon.colcon_core.package_identification:_identify(Development/MDC_libraries/python/hal/products) by extensions ['colcon_pkg']
[2.567s] Level 1:colcon.colcon_core.package_identification:_identify(Development/MDC_libraries/python/hal/products) by extension 'colcon_pkg'
[2.567s] Level 1:colcon.colcon_core.package_identification:_identify(Development/MDC_libraries/python/hal/products) by extensions ['colcon_meta']
[2.567s] Level 1:colcon.colcon_core.package_identification:_identify(Development/MDC_libraries/python/hal/products) by extension 'colcon_meta'
[2.567s] Level 1:colcon.colcon_core.package_identification:_identify(Development/MDC_libraries/python/hal/products) by extensions ['ros']
[2.567s] Level 1:colcon.colcon_core.package_identification:_identify(Development/MDC_libraries/python/hal/products) by extension 'ros'
[2.567s] Level 1:colcon.colcon_core.package_identification:_identify(Development/MDC_libraries/python/hal/products) by extensions ['cmake', 'python']
[2.567s] Level 1:colcon.colcon_core.package_identification:_identify(Development/MDC_libraries/python/hal/products) by extension 'cmake'
[2.567s] Level 1:colcon.colcon_core.package_identification:_identify(Development/MDC_libraries/python/hal/products) by extension 'python'
[2.567s] Level 1:colcon.colcon_core.package_identification:_identify(Development/MDC_libraries/python/hal/products) by extensions ['python_setup_py']
[2.567s] Level 1:colcon.colcon_core.package_identification:_identify(Development/MDC_libraries/python/hal/products) by extension 'python_setup_py'
[2.567s] Level 1:colcon.colcon_core.package_identification:_identify(Development/MDC_libraries/python/hal/utilities) by extensions ['ignore', 'ignore_ament_install']
[2.567s] Level 1:colcon.colcon_core.package_identification:_identify(Development/MDC_libraries/python/hal/utilities) by extension 'ignore'
[2.567s] Level 1:colcon.colcon_core.package_identification:_identify(Development/MDC_libraries/python/hal/utilities) by extension 'ignore_ament_install'
[2.567s] Level 1:colcon.colcon_core.package_identification:_identify(Development/MDC_libraries/python/hal/utilities) by extensions ['colcon_pkg']
[2.567s] Level 1:colcon.colcon_core.package_identification:_identify(Development/MDC_libraries/python/hal/utilities) by extension 'colcon_pkg'
[2.567s] Level 1:colcon.colcon_core.package_identification:_identify(Development/MDC_libraries/python/hal/utilities) by extensions ['colcon_meta']
[2.567s] Level 1:colcon.colcon_core.package_identification:_identify(Development/MDC_libraries/python/hal/utilities) by extension 'colcon_meta'
[2.567s] Level 1:colcon.colcon_core.package_identification:_identify(Development/MDC_libraries/python/hal/utilities) by extensions ['ros']
[2.567s] Level 1:colcon.colcon_core.package_identification:_identify(Development/MDC_libraries/python/hal/utilities) by extension 'ros'
[2.567s] Level 1:colcon.colcon_core.package_identification:_identify(Development/MDC_libraries/python/hal/utilities) by extensions ['cmake', 'python']
[2.567s] Level 1:colcon.colcon_core.package_identification:_identify(Development/MDC_libraries/python/hal/utilities) by extension 'cmake'
[2.567s] Level 1:colcon.colcon_core.package_identification:_identify(Development/MDC_libraries/python/hal/utilities) by extension 'python'
[2.567s] Level 1:colcon.colcon_core.package_identification:_identify(Development/MDC_libraries/python/hal/utilities) by extensions ['python_setup_py']
[2.567s] Level 1:colcon.colcon_core.package_identification:_identify(Development/MDC_libraries/python/hal/utilities) by extension 'python_setup_py'
[2.568s] Level 1:colcon.colcon_core.package_identification:_identify(Development/MDC_libraries/python/pit) by extensions ['ignore', 'ignore_ament_install']
[2.568s] Level 1:colcon.colcon_core.package_identification:_identify(Development/MDC_libraries/python/pit) by extension 'ignore'
[2.568s] Level 1:colcon.colcon_core.package_identification:_identify(Development/MDC_libraries/python/pit) by extension 'ignore_ament_install'
[2.568s] Level 1:colcon.colcon_core.package_identification:_identify(Development/MDC_libraries/python/pit) by extensions ['colcon_pkg']
[2.568s] Level 1:colcon.colcon_core.package_identification:_identify(Development/MDC_libraries/python/pit) by extension 'colcon_pkg'
[2.568s] Level 1:colcon.colcon_core.package_identification:_identify(Development/MDC_libraries/python/pit) by extensions ['colcon_meta']
[2.568s] Level 1:colcon.colcon_core.package_identification:_identify(Development/MDC_libraries/python/pit) by extension 'colcon_meta'
[2.568s] Level 1:colcon.colcon_core.package_identification:_identify(Development/MDC_libraries/python/pit) by extensions ['ros']
[2.568s] Level 1:colcon.colcon_core.package_identification:_identify(Development/MDC_libraries/python/pit) by extension 'ros'
[2.568s] Level 1:colcon.colcon_core.package_identification:_identify(Development/MDC_libraries/python/pit) by extensions ['cmake', 'python']
[2.568s] Level 1:colcon.colcon_core.package_identification:_identify(Development/MDC_libraries/python/pit) by extension 'cmake'
[2.568s] Level 1:colcon.colcon_core.package_identification:_identify(Development/MDC_libraries/python/pit) by extension 'python'
[2.568s] Level 1:colcon.colcon_core.package_identification:_identify(Development/MDC_libraries/python/pit) by extensions ['python_setup_py']
[2.568s] Level 1:colcon.colcon_core.package_identification:_identify(Development/MDC_libraries/python/pit) by extension 'python_setup_py'
[2.568s] Level 1:colcon.colcon_core.package_identification:_identify(Development/MDC_libraries/python/pit/LaneNet) by extensions ['ignore', 'ignore_ament_install']
[2.568s] Level 1:colcon.colcon_core.package_identification:_identify(Development/MDC_libraries/python/pit/LaneNet) by extension 'ignore'
[2.568s] Level 1:colcon.colcon_core.package_identification:_identify(Development/MDC_libraries/python/pit/LaneNet) by extension 'ignore_ament_install'
[2.568s] Level 1:colcon.colcon_core.package_identification:_identify(Development/MDC_libraries/python/pit/LaneNet) by extensions ['colcon_pkg']
[2.568s] Level 1:colcon.colcon_core.package_identification:_identify(Development/MDC_libraries/python/pit/LaneNet) by extension 'colcon_pkg'
[2.568s] Level 1:colcon.colcon_core.package_identification:_identify(Development/MDC_libraries/python/pit/LaneNet) by extensions ['colcon_meta']
[2.568s] Level 1:colcon.colcon_core.package_identification:_identify(Development/MDC_libraries/python/pit/LaneNet) by extension 'colcon_meta'
[2.568s] Level 1:colcon.colcon_core.package_identification:_identify(Development/MDC_libraries/python/pit/LaneNet) by extensions ['ros']
[2.568s] Level 1:colcon.colcon_core.package_identification:_identify(Development/MDC_libraries/python/pit/LaneNet) by extension 'ros'
[2.568s] Level 1:colcon.colcon_core.package_identification:_identify(Development/MDC_libraries/python/pit/LaneNet) by extensions ['cmake', 'python']
[2.568s] Level 1:colcon.colcon_core.package_identification:_identify(Development/MDC_libraries/python/pit/LaneNet) by extension 'cmake'
[2.568s] Level 1:colcon.colcon_core.package_identification:_identify(Development/MDC_libraries/python/pit/LaneNet) by extension 'python'
[2.568s] Level 1:colcon.colcon_core.package_identification:_identify(Development/MDC_libraries/python/pit/LaneNet) by extensions ['python_setup_py']
[2.568s] Level 1:colcon.colcon_core.package_identification:_identify(Development/MDC_libraries/python/pit/LaneNet) by extension 'python_setup_py'
[2.568s] Level 1:colcon.colcon_core.package_identification:_identify(Development/MDC_libraries/python/pit/LaneNet/architecture) by extensions ['ignore', 'ignore_ament_install']
[2.568s] Level 1:colcon.colcon_core.package_identification:_identify(Development/MDC_libraries/python/pit/LaneNet/architecture) by extension 'ignore'
[2.569s] Level 1:colcon.colcon_core.package_identification:_identify(Development/MDC_libraries/python/pit/LaneNet/architecture) by extension 'ignore_ament_install'
[2.569s] Level 1:colcon.colcon_core.package_identification:_identify(Development/MDC_libraries/python/pit/LaneNet/architecture) by extensions ['colcon_pkg']
[2.569s] Level 1:colcon.colcon_core.package_identification:_identify(Development/MDC_libraries/python/pit/LaneNet/architecture) by extension 'colcon_pkg'
[2.569s] Level 1:colcon.colcon_core.package_identification:_identify(Development/MDC_libraries/python/pit/LaneNet/architecture) by extensions ['colcon_meta']
[2.569s] Level 1:colcon.colcon_core.package_identification:_identify(Development/MDC_libraries/python/pit/LaneNet/architecture) by extension 'colcon_meta'
[2.569s] Level 1:colcon.colcon_core.package_identification:_identify(Development/MDC_libraries/python/pit/LaneNet/architecture) by extensions ['ros']
[2.569s] Level 1:colcon.colcon_core.package_identification:_identify(Development/MDC_libraries/python/pit/LaneNet/architecture) by extension 'ros'
[2.569s] Level 1:colcon.colcon_core.package_identification:_identify(Development/MDC_libraries/python/pit/LaneNet/architecture) by extensions ['cmake', 'python']
[2.569s] Level 1:colcon.colcon_core.package_identification:_identify(Development/MDC_libraries/python/pit/LaneNet/architecture) by extension 'cmake'
[2.569s] Level 1:colcon.colcon_core.package_identification:_identify(Development/MDC_libraries/python/pit/LaneNet/architecture) by extension 'python'
[2.569s] Level 1:colcon.colcon_core.package_identification:_identify(Development/MDC_libraries/python/pit/LaneNet/architecture) by extensions ['python_setup_py']
[2.569s] Level 1:colcon.colcon_core.package_identification:_identify(Development/MDC_libraries/python/pit/LaneNet/architecture) by extension 'python_setup_py'
[2.569s] Level 1:colcon.colcon_core.package_identification:_identify(Development/MDC_libraries/python/pit/LaneNet/architecture/backbone) by extensions ['ignore', 'ignore_ament_install']
[2.569s] Level 1:colcon.colcon_core.package_identification:_identify(Development/MDC_libraries/python/pit/LaneNet/architecture/backbone) by extension 'ignore'
[2.569s] Level 1:colcon.colcon_core.package_identification:_identify(Development/MDC_libraries/python/pit/LaneNet/architecture/backbone) by extension 'ignore_ament_install'
[2.569s] Level 1:colcon.colcon_core.package_identification:_identify(Development/MDC_libraries/python/pit/LaneNet/architecture/backbone) by extensions ['colcon_pkg']
[2.569s] Level 1:colcon.colcon_core.package_identification:_identify(Development/MDC_libraries/python/pit/LaneNet/architecture/backbone) by extension 'colcon_pkg'
[2.569s] Level 1:colcon.colcon_core.package_identification:_identify(Development/MDC_libraries/python/pit/LaneNet/architecture/backbone) by extensions ['colcon_meta']
[2.569s] Level 1:colcon.colcon_core.package_identification:_identify(Development/MDC_libraries/python/pit/LaneNet/architecture/backbone) by extension 'colcon_meta'
[2.569s] Level 1:colcon.colcon_core.package_identification:_identify(Development/MDC_libraries/python/pit/LaneNet/architecture/backbone) by extensions ['ros']
[2.569s] Level 1:colcon.colcon_core.package_identification:_identify(Development/MDC_libraries/python/pit/LaneNet/architecture/backbone) by extension 'ros'
[2.569s] Level 1:colcon.colcon_core.package_identification:_identify(Development/MDC_libraries/python/pit/LaneNet/architecture/backbone) by extensions ['cmake', 'python']
[2.569s] Level 1:colcon.colcon_core.package_identification:_identify(Development/MDC_libraries/python/pit/LaneNet/architecture/backbone) by extension 'cmake'
[2.569s] Level 1:colcon.colcon_core.package_identification:_identify(Development/MDC_libraries/python/pit/LaneNet/architecture/backbone) by extension 'python'
[2.569s] Level 1:colcon.colcon_core.package_identification:_identify(Development/MDC_libraries/python/pit/LaneNet/architecture/backbone) by extensions ['python_setup_py']
[2.569s] Level 1:colcon.colcon_core.package_identification:_identify(Development/MDC_libraries/python/pit/LaneNet/architecture/backbone) by extension 'python_setup_py'
[2.569s] Level 1:colcon.colcon_core.package_identification:_identify(Development/MDC_libraries/python/pit/LaneNet/architecture/backbone/deeplabv3_plus) by extensions ['ignore', 'ignore_ament_install']
[2.569s] Level 1:colcon.colcon_core.package_identification:_identify(Development/MDC_libraries/python/pit/LaneNet/architecture/backbone/deeplabv3_plus) by extension 'ignore'
[2.569s] Level 1:colcon.colcon_core.package_identification:_identify(Development/MDC_libraries/python/pit/LaneNet/architecture/backbone/deeplabv3_plus) by extension 'ignore_ament_install'
[2.570s] Level 1:colcon.colcon_core.package_identification:_identify(Development/MDC_libraries/python/pit/LaneNet/architecture/backbone/deeplabv3_plus) by extensions ['colcon_pkg']
[2.570s] Level 1:colcon.colcon_core.package_identification:_identify(Development/MDC_libraries/python/pit/LaneNet/architecture/backbone/deeplabv3_plus) by extension 'colcon_pkg'
[2.570s] Level 1:colcon.colcon_core.package_identification:_identify(Development/MDC_libraries/python/pit/LaneNet/architecture/backbone/deeplabv3_plus) by extensions ['colcon_meta']
[2.570s] Level 1:colcon.colcon_core.package_identification:_identify(Development/MDC_libraries/python/pit/LaneNet/architecture/backbone/deeplabv3_plus) by extension 'colcon_meta'
[2.570s] Level 1:colcon.colcon_core.package_identification:_identify(Development/MDC_libraries/python/pit/LaneNet/architecture/backbone/deeplabv3_plus) by extensions ['ros']
[2.570s] Level 1:colcon.colcon_core.package_identification:_identify(Development/MDC_libraries/python/pit/LaneNet/architecture/backbone/deeplabv3_plus) by extension 'ros'
[2.570s] Level 1:colcon.colcon_core.package_identification:_identify(Development/MDC_libraries/python/pit/LaneNet/architecture/backbone/deeplabv3_plus) by extensions ['cmake', 'python']
[2.570s] Level 1:colcon.colcon_core.package_identification:_identify(Development/MDC_libraries/python/pit/LaneNet/architecture/backbone/deeplabv3_plus) by extension 'cmake'
[2.570s] Level 1:colcon.colcon_core.package_identification:_identify(Development/MDC_libraries/python/pit/LaneNet/architecture/backbone/deeplabv3_plus) by extension 'python'
[2.570s] Level 1:colcon.colcon_core.package_identification:_identify(Development/MDC_libraries/python/pit/LaneNet/architecture/backbone/deeplabv3_plus) by extensions ['python_setup_py']
[2.570s] Level 1:colcon.colcon_core.package_identification:_identify(Development/MDC_libraries/python/pit/LaneNet/architecture/backbone/deeplabv3_plus) by extension 'python_setup_py'
[2.570s] Level 1:colcon.colcon_core.package_identification:_identify(Development/MDC_libraries/python/pit/LaneNet/architecture/backbone/deeplabv3_plus/sync_batchnorm) by extensions ['ignore', 'ignore_ament_install']
[2.570s] Level 1:colcon.colcon_core.package_identification:_identify(Development/MDC_libraries/python/pit/LaneNet/architecture/backbone/deeplabv3_plus/sync_batchnorm) by extension 'ignore'
[2.570s] Level 1:colcon.colcon_core.package_identification:_identify(Development/MDC_libraries/python/pit/LaneNet/architecture/backbone/deeplabv3_plus/sync_batchnorm) by extension 'ignore_ament_install'
[2.570s] Level 1:colcon.colcon_core.package_identification:_identify(Development/MDC_libraries/python/pit/LaneNet/architecture/backbone/deeplabv3_plus/sync_batchnorm) by extensions ['colcon_pkg']
[2.570s] Level 1:colcon.colcon_core.package_identification:_identify(Development/MDC_libraries/python/pit/LaneNet/architecture/backbone/deeplabv3_plus/sync_batchnorm) by extension 'colcon_pkg'
[2.570s] Level 1:colcon.colcon_core.package_identification:_identify(Development/MDC_libraries/python/pit/LaneNet/architecture/backbone/deeplabv3_plus/sync_batchnorm) by extensions ['colcon_meta']
[2.570s] Level 1:colcon.colcon_core.package_identification:_identify(Development/MDC_libraries/python/pit/LaneNet/architecture/backbone/deeplabv3_plus/sync_batchnorm) by extension 'colcon_meta'
[2.570s] Level 1:colcon.colcon_core.package_identification:_identify(Development/MDC_libraries/python/pit/LaneNet/architecture/backbone/deeplabv3_plus/sync_batchnorm) by extensions ['ros']
[2.570s] Level 1:colcon.colcon_core.package_identification:_identify(Development/MDC_libraries/python/pit/LaneNet/architecture/backbone/deeplabv3_plus/sync_batchnorm) by extension 'ros'
[2.570s] Level 1:colcon.colcon_core.package_identification:_identify(Development/MDC_libraries/python/pit/LaneNet/architecture/backbone/deeplabv3_plus/sync_batchnorm) by extensions ['cmake', 'python']
[2.570s] Level 1:colcon.colcon_core.package_identification:_identify(Development/MDC_libraries/python/pit/LaneNet/architecture/backbone/deeplabv3_plus/sync_batchnorm) by extension 'cmake'
[2.570s] Level 1:colcon.colcon_core.package_identification:_identify(Development/MDC_libraries/python/pit/LaneNet/architecture/backbone/deeplabv3_plus/sync_batchnorm) by extension 'python'
[2.570s] Level 1:colcon.colcon_core.package_identification:_identify(Development/MDC_libraries/python/pit/LaneNet/architecture/backbone/deeplabv3_plus/sync_batchnorm) by extensions ['python_setup_py']
[2.570s] Level 1:colcon.colcon_core.package_identification:_identify(Development/MDC_libraries/python/pit/LaneNet/architecture/backbone/deeplabv3_plus/sync_batchnorm) by extension 'python_setup_py'
[2.570s] Level 1:colcon.colcon_core.package_identification:_identify(Development/MDC_libraries/python/pit/YOLO) by extensions ['ignore', 'ignore_ament_install']
[2.570s] Level 1:colcon.colcon_core.package_identification:_identify(Development/MDC_libraries/python/pit/YOLO) by extension 'ignore'
[2.570s] Level 1:colcon.colcon_core.package_identification:_identify(Development/MDC_libraries/python/pit/YOLO) by extension 'ignore_ament_install'
[2.571s] Level 1:colcon.colcon_core.package_identification:_identify(Development/MDC_libraries/python/pit/YOLO) by extensions ['colcon_pkg']
[2.571s] Level 1:colcon.colcon_core.package_identification:_identify(Development/MDC_libraries/python/pit/YOLO) by extension 'colcon_pkg'
[2.571s] Level 1:colcon.colcon_core.package_identification:_identify(Development/MDC_libraries/python/pit/YOLO) by extensions ['colcon_meta']
[2.571s] Level 1:colcon.colcon_core.package_identification:_identify(Development/MDC_libraries/python/pit/YOLO) by extension 'colcon_meta'
[2.571s] Level 1:colcon.colcon_core.package_identification:_identify(Development/MDC_libraries/python/pit/YOLO) by extensions ['ros']
[2.571s] Level 1:colcon.colcon_core.package_identification:_identify(Development/MDC_libraries/python/pit/YOLO) by extension 'ros'
[2.571s] Level 1:colcon.colcon_core.package_identification:_identify(Development/MDC_libraries/python/pit/YOLO) by extensions ['cmake', 'python']
[2.571s] Level 1:colcon.colcon_core.package_identification:_identify(Development/MDC_libraries/python/pit/YOLO) by extension 'cmake'
[2.571s] Level 1:colcon.colcon_core.package_identification:_identify(Development/MDC_libraries/python/pit/YOLO) by extension 'python'
[2.571s] Level 1:colcon.colcon_core.package_identification:_identify(Development/MDC_libraries/python/pit/YOLO) by extensions ['python_setup_py']
[2.571s] Level 1:colcon.colcon_core.package_identification:_identify(Development/MDC_libraries/python/pit/YOLO) by extension 'python_setup_py'
[2.571s] Level 1:colcon.colcon_core.package_identification:_identify(Development/MDC_libraries/python/pit/YOLO/__pycache__) by extensions ['ignore', 'ignore_ament_install']
[2.571s] Level 1:colcon.colcon_core.package_identification:_identify(Development/MDC_libraries/python/pit/YOLO/__pycache__) by extension 'ignore'
[2.571s] Level 1:colcon.colcon_core.package_identification:_identify(Development/MDC_libraries/python/pit/YOLO/__pycache__) by extension 'ignore_ament_install'
[2.571s] Level 1:colcon.colcon_core.package_identification:_identify(Development/MDC_libraries/python/pit/YOLO/__pycache__) by extensions ['colcon_pkg']
[2.571s] Level 1:colcon.colcon_core.package_identification:_identify(Development/MDC_libraries/python/pit/YOLO/__pycache__) by extension 'colcon_pkg'
[2.571s] Level 1:colcon.colcon_core.package_identification:_identify(Development/MDC_libraries/python/pit/YOLO/__pycache__) by extensions ['colcon_meta']
[2.571s] Level 1:colcon.colcon_core.package_identification:_identify(Development/MDC_libraries/python/pit/YOLO/__pycache__) by extension 'colcon_meta'
[2.571s] Level 1:colcon.colcon_core.package_identification:_identify(Development/MDC_libraries/python/pit/YOLO/__pycache__) by extensions ['ros']
[2.571s] Level 1:colcon.colcon_core.package_identification:_identify(Development/MDC_libraries/python/pit/YOLO/__pycache__) by extension 'ros'
[2.571s] Level 1:colcon.colcon_core.package_identification:_identify(Development/MDC_libraries/python/pit/YOLO/__pycache__) by extensions ['cmake', 'python']
[2.571s] Level 1:colcon.colcon_core.package_identification:_identify(Development/MDC_libraries/python/pit/YOLO/__pycache__) by extension 'cmake'
[2.571s] Level 1:colcon.colcon_core.package_identification:_identify(Development/MDC_libraries/python/pit/YOLO/__pycache__) by extension 'python'
[2.571s] Level 1:colcon.colcon_core.package_identification:_identify(Development/MDC_libraries/python/pit/YOLO/__pycache__) by extensions ['python_setup_py']
[2.571s] Level 1:colcon.colcon_core.package_identification:_identify(Development/MDC_libraries/python/pit/YOLO/__pycache__) by extension 'python_setup_py'
[2.571s] Level 1:colcon.colcon_core.package_identification:_identify(Development/MDC_libraries/python/pit/haar) by extensions ['ignore', 'ignore_ament_install']
[2.571s] Level 1:colcon.colcon_core.package_identification:_identify(Development/MDC_libraries/python/pit/haar) by extension 'ignore'
[2.571s] Level 1:colcon.colcon_core.package_identification:_identify(Development/MDC_libraries/python/pit/haar) by extension 'ignore_ament_install'
[2.571s] Level 1:colcon.colcon_core.package_identification:_identify(Development/MDC_libraries/python/pit/haar) by extensions ['colcon_pkg']
[2.571s] Level 1:colcon.colcon_core.package_identification:_identify(Development/MDC_libraries/python/pit/haar) by extension 'colcon_pkg'
[2.571s] Level 1:colcon.colcon_core.package_identification:_identify(Development/MDC_libraries/python/pit/haar) by extensions ['colcon_meta']
[2.572s] Level 1:colcon.colcon_core.package_identification:_identify(Development/MDC_libraries/python/pit/haar) by extension 'colcon_meta'
[2.572s] Level 1:colcon.colcon_core.package_identification:_identify(Development/MDC_libraries/python/pit/haar) by extensions ['ros']
[2.572s] Level 1:colcon.colcon_core.package_identification:_identify(Development/MDC_libraries/python/pit/haar) by extension 'ros'
[2.572s] Level 1:colcon.colcon_core.package_identification:_identify(Development/MDC_libraries/python/pit/haar) by extensions ['cmake', 'python']
[2.572s] Level 1:colcon.colcon_core.package_identification:_identify(Development/MDC_libraries/python/pit/haar) by extension 'cmake'
[2.572s] Level 1:colcon.colcon_core.package_identification:_identify(Development/MDC_libraries/python/pit/haar) by extension 'python'
[2.572s] Level 1:colcon.colcon_core.package_identification:_identify(Development/MDC_libraries/python/pit/haar) by extensions ['python_setup_py']
[2.572s] Level 1:colcon.colcon_core.package_identification:_identify(Development/MDC_libraries/python/pit/haar) by extension 'python_setup_py'
[2.572s] Level 1:colcon.colcon_core.package_identification:_identify(Development/MDC_libraries/python/pit/jetson) by extensions ['ignore', 'ignore_ament_install']
[2.572s] Level 1:colcon.colcon_core.package_identification:_identify(Development/MDC_libraries/python/pit/jetson) by extension 'ignore'
[2.572s] Level 1:colcon.colcon_core.package_identification:_identify(Development/MDC_libraries/python/pit/jetson) by extension 'ignore_ament_install'
[2.572s] Level 1:colcon.colcon_core.package_identification:_identify(Development/MDC_libraries/python/pit/jetson) by extensions ['colcon_pkg']
[2.572s] Level 1:colcon.colcon_core.package_identification:_identify(Development/MDC_libraries/python/pit/jetson) by extension 'colcon_pkg'
[2.572s] Level 1:colcon.colcon_core.package_identification:_identify(Development/MDC_libraries/python/pit/jetson) by extensions ['colcon_meta']
[2.572s] Level 1:colcon.colcon_core.package_identification:_identify(Development/MDC_libraries/python/pit/jetson) by extension 'colcon_meta'
[2.572s] Level 1:colcon.colcon_core.package_identification:_identify(Development/MDC_libraries/python/pit/jetson) by extensions ['ros']
[2.572s] Level 1:colcon.colcon_core.package_identification:_identify(Development/MDC_libraries/python/pit/jetson) by extension 'ros'
[2.572s] Level 1:colcon.colcon_core.package_identification:_identify(Development/MDC_libraries/python/pit/jetson) by extensions ['cmake', 'python']
[2.572s] Level 1:colcon.colcon_core.package_identification:_identify(Development/MDC_libraries/python/pit/jetson) by extension 'cmake'
[2.572s] Level 1:colcon.colcon_core.package_identification:_identify(Development/MDC_libraries/python/pit/jetson) by extension 'python'
[2.572s] Level 1:colcon.colcon_core.package_identification:_identify(Development/MDC_libraries/python/pit/jetson) by extensions ['python_setup_py']
[2.572s] Level 1:colcon.colcon_core.package_identification:_identify(Development/MDC_libraries/python/pit/jetson) by extension 'python_setup_py'
[2.573s] Level 1:colcon.colcon_core.package_identification:_identify(Development/build) by extensions ['ignore', 'ignore_ament_install']
[2.573s] Level 1:colcon.colcon_core.package_identification:_identify(Development/build) by extension 'ignore'
[2.573s] Level 1:colcon.colcon_core.package_identification:_identify(Development/build) ignored
[2.573s] Level 1:colcon.colcon_core.package_identification:_identify(Development/install) by extensions ['ignore', 'ignore_ament_install']
[2.573s] Level 1:colcon.colcon_core.package_identification:_identify(Development/install) by extension 'ignore'
[2.573s] Level 1:colcon.colcon_core.package_identification:_identify(Development/install) ignored
[2.573s] Level 1:colcon.colcon_core.package_identification:_identify(Development/log) by extensions ['ignore', 'ignore_ament_install']
[2.573s] Level 1:colcon.colcon_core.package_identification:_identify(Development/log) by extension 'ignore'
[2.573s] Level 1:colcon.colcon_core.package_identification:_identify(Development/log) ignored
[2.573s] Level 1:colcon.colcon_core.package_identification:_identify(Development/python_resources) by extensions ['ignore', 'ignore_ament_install']
[2.574s] Level 1:colcon.colcon_core.package_identification:_identify(Development/python_resources) by extension 'ignore'
[2.574s] Level 1:colcon.colcon_core.package_identification:_identify(Development/python_resources) by extension 'ignore_ament_install'
[2.574s] Level 1:colcon.colcon_core.package_identification:_identify(Development/python_resources) by extensions ['colcon_pkg']
[2.574s] Level 1:colcon.colcon_core.package_identification:_identify(Development/python_resources) by extension 'colcon_pkg'
[2.574s] Level 1:colcon.colcon_core.package_identification:_identify(Development/python_resources) by extensions ['colcon_meta']
[2.574s] Level 1:colcon.colcon_core.package_identification:_identify(Development/python_resources) by extension 'colcon_meta'
[2.574s] Level 1:colcon.colcon_core.package_identification:_identify(Development/python_resources) by extensions ['ros']
[2.574s] Level 1:colcon.colcon_core.package_identification:_identify(Development/python_resources) by extension 'ros'
[2.574s] Level 1:colcon.colcon_core.package_identification:_identify(Development/python_resources) by extensions ['cmake', 'python']
[2.574s] Level 1:colcon.colcon_core.package_identification:_identify(Development/python_resources) by extension 'cmake'
[2.574s] Level 1:colcon.colcon_core.package_identification:_identify(Development/python_resources) by extension 'python'
[2.574s] Level 1:colcon.colcon_core.package_identification:_identify(Development/python_resources) by extensions ['python_setup_py']
[2.574s] Level 1:colcon.colcon_core.package_identification:_identify(Development/python_resources) by extension 'python_setup_py'
[2.574s] Level 1:colcon.colcon_core.package_identification:_identify(Development/python_resources/qcar) by extensions ['ignore', 'ignore_ament_install']
[2.574s] Level 1:colcon.colcon_core.package_identification:_identify(Development/python_resources/qcar) by extension 'ignore'
[2.574s] Level 1:colcon.colcon_core.package_identification:_identify(Development/python_resources/qcar) by extension 'ignore_ament_install'
[2.574s] Level 1:colcon.colcon_core.package_identification:_identify(Development/python_resources/qcar) by extensions ['colcon_pkg']
[2.574s] Level 1:colcon.colcon_core.package_identification:_identify(Development/python_resources/qcar) by extension 'colcon_pkg'
[2.574s] Level 1:colcon.colcon_core.package_identification:_identify(Development/python_resources/qcar) by extensions ['colcon_meta']
[2.574s] Level 1:colcon.colcon_core.package_identification:_identify(Development/python_resources/qcar) by extension 'colcon_meta'
[2.574s] Level 1:colcon.colcon_core.package_identification:_identify(Development/python_resources/qcar) by extensions ['ros']
[2.574s] Level 1:colcon.colcon_core.package_identification:_identify(Development/python_resources/qcar) by extension 'ros'
[2.574s] Level 1:colcon.colcon_core.package_identification:_identify(Development/python_resources/qcar) by extensions ['cmake', 'python']
[2.574s] Level 1:colcon.colcon_core.package_identification:_identify(Development/python_resources/qcar) by extension 'cmake'
[2.574s] Level 1:colcon.colcon_core.package_identification:_identify(Development/python_resources/qcar) by extension 'python'
[2.574s] Level 1:colcon.colcon_core.package_identification:_identify(Development/python_resources/qcar) by extensions ['python_setup_py']
[2.574s] Level 1:colcon.colcon_core.package_identification:_identify(Development/python_resources/qcar) by extension 'python_setup_py'
[2.574s] Level 1:colcon.colcon_core.package_identification:_identify(Development/python_resources/qcar/hardware) by extensions ['ignore', 'ignore_ament_install']
[2.574s] Level 1:colcon.colcon_core.package_identification:_identify(Development/python_resources/qcar/hardware) by extension 'ignore'
[2.574s] Level 1:colcon.colcon_core.package_identification:_identify(Development/python_resources/qcar/hardware) by extension 'ignore_ament_install'
[2.575s] Level 1:colcon.colcon_core.package_identification:_identify(Development/python_resources/qcar/hardware) by extensions ['colcon_pkg']
[2.575s] Level 1:colcon.colcon_core.package_identification:_identify(Development/python_resources/qcar/hardware) by extension 'colcon_pkg'
[2.575s] Level 1:colcon.colcon_core.package_identification:_identify(Development/python_resources/qcar/hardware) by extensions ['colcon_meta']
[2.575s] Level 1:colcon.colcon_core.package_identification:_identify(Development/python_resources/qcar/hardware) by extension 'colcon_meta'
[2.575s] Level 1:colcon.colcon_core.package_identification:_identify(Development/python_resources/qcar/hardware) by extensions ['ros']
[2.575s] Level 1:colcon.colcon_core.package_identification:_identify(Development/python_resources/qcar/hardware) by extension 'ros'
[2.575s] Level 1:colcon.colcon_core.package_identification:_identify(Development/python_resources/qcar/hardware) by extensions ['cmake', 'python']
[2.575s] Level 1:colcon.colcon_core.package_identification:_identify(Development/python_resources/qcar/hardware) by extension 'cmake'
[2.575s] Level 1:colcon.colcon_core.package_identification:_identify(Development/python_resources/qcar/hardware) by extension 'python'
[2.575s] Level 1:colcon.colcon_core.package_identification:_identify(Development/python_resources/qcar/hardware) by extensions ['python_setup_py']
[2.575s] Level 1:colcon.colcon_core.package_identification:_identify(Development/python_resources/qcar/hardware) by extension 'python_setup_py'
[2.575s] Level 1:colcon.colcon_core.package_identification:_identify(Development/python_resources/qcar/hardware/applications) by extensions ['ignore', 'ignore_ament_install']
[2.575s] Level 1:colcon.colcon_core.package_identification:_identify(Development/python_resources/qcar/hardware/applications) by extension 'ignore'
[2.575s] Level 1:colcon.colcon_core.package_identification:_identify(Development/python_resources/qcar/hardware/applications) by extension 'ignore_ament_install'
[2.575s] Level 1:colcon.colcon_core.package_identification:_identify(Development/python_resources/qcar/hardware/applications) by extensions ['colcon_pkg']
[2.575s] Level 1:colcon.colcon_core.package_identification:_identify(Development/python_resources/qcar/hardware/applications) by extension 'colcon_pkg'
[2.575s] Level 1:colcon.colcon_core.package_identification:_identify(Development/python_resources/qcar/hardware/applications) by extensions ['colcon_meta']
[2.575s] Level 1:colcon.colcon_core.package_identification:_identify(Development/python_resources/qcar/hardware/applications) by extension 'colcon_meta'
[2.575s] Level 1:colcon.colcon_core.package_identification:_identify(Development/python_resources/qcar/hardware/applications) by extensions ['ros']
[2.575s] Level 1:colcon.colcon_core.package_identification:_identify(Development/python_resources/qcar/hardware/applications) by extension 'ros'
[2.575s] Level 1:colcon.colcon_core.package_identification:_identify(Development/python_resources/qcar/hardware/applications) by extensions ['cmake', 'python']
[2.575s] Level 1:colcon.colcon_core.package_identification:_identify(Development/python_resources/qcar/hardware/applications) by extension 'cmake'
[2.575s] Level 1:colcon.colcon_core.package_identification:_identify(Development/python_resources/qcar/hardware/applications) by extension 'python'
[2.575s] Level 1:colcon.colcon_core.package_identification:_identify(Development/python_resources/qcar/hardware/applications) by extensions ['python_setup_py']
[2.575s] Level 1:colcon.colcon_core.package_identification:_identify(Development/python_resources/qcar/hardware/applications) by extension 'python_setup_py'
[2.575s] Level 1:colcon.colcon_core.package_identification:_identify(Development/python_resources/qcar/hardware/applications/360_vision) by extensions ['ignore', 'ignore_ament_install']
[2.575s] Level 1:colcon.colcon_core.package_identification:_identify(Development/python_resources/qcar/hardware/applications/360_vision) by extension 'ignore'
[2.575s] Level 1:colcon.colcon_core.package_identification:_identify(Development/python_resources/qcar/hardware/applications/360_vision) by extension 'ignore_ament_install'
[2.575s] Level 1:colcon.colcon_core.package_identification:_identify(Development/python_resources/qcar/hardware/applications/360_vision) by extensions ['colcon_pkg']
[2.575s] Level 1:colcon.colcon_core.package_identification:_identify(Development/python_resources/qcar/hardware/applications/360_vision) by extension 'colcon_pkg'
[2.575s] Level 1:colcon.colcon_core.package_identification:_identify(Development/python_resources/qcar/hardware/applications/360_vision) by extensions ['colcon_meta']
[2.576s] Level 1:colcon.colcon_core.package_identification:_identify(Development/python_resources/qcar/hardware/applications/360_vision) by extension 'colcon_meta'
[2.576s] Level 1:colcon.colcon_core.package_identification:_identify(Development/python_resources/qcar/hardware/applications/360_vision) by extensions ['ros']
[2.576s] Level 1:colcon.colcon_core.package_identification:_identify(Development/python_resources/qcar/hardware/applications/360_vision) by extension 'ros'
[2.576s] Level 1:colcon.colcon_core.package_identification:_identify(Development/python_resources/qcar/hardware/applications/360_vision) by extensions ['cmake', 'python']
[2.576s] Level 1:colcon.colcon_core.package_identification:_identify(Development/python_resources/qcar/hardware/applications/360_vision) by extension 'cmake'
[2.576s] Level 1:colcon.colcon_core.package_identification:_identify(Development/python_resources/qcar/hardware/applications/360_vision) by extension 'python'
[2.576s] Level 1:colcon.colcon_core.package_identification:_identify(Development/python_resources/qcar/hardware/applications/360_vision) by extensions ['python_setup_py']
[2.576s] Level 1:colcon.colcon_core.package_identification:_identify(Development/python_resources/qcar/hardware/applications/360_vision) by extension 'python_setup_py'
[2.576s] Level 1:colcon.colcon_core.package_identification:_identify(Development/python_resources/qcar/hardware/applications/lane_following) by extensions ['ignore', 'ignore_ament_install']
[2.576s] Level 1:colcon.colcon_core.package_identification:_identify(Development/python_resources/qcar/hardware/applications/lane_following) by extension 'ignore'
[2.576s] Level 1:colcon.colcon_core.package_identification:_identify(Development/python_resources/qcar/hardware/applications/lane_following) by extension 'ignore_ament_install'
[2.576s] Level 1:colcon.colcon_core.package_identification:_identify(Development/python_resources/qcar/hardware/applications/lane_following) by extensions ['colcon_pkg']
[2.576s] Level 1:colcon.colcon_core.package_identification:_identify(Development/python_resources/qcar/hardware/applications/lane_following) by extension 'colcon_pkg'
[2.576s] Level 1:colcon.colcon_core.package_identification:_identify(Development/python_resources/qcar/hardware/applications/lane_following) by extensions ['colcon_meta']
[2.576s] Level 1:colcon.colcon_core.package_identification:_identify(Development/python_resources/qcar/hardware/applications/lane_following) by extension 'colcon_meta'
[2.576s] Level 1:colcon.colcon_core.package_identification:_identify(Development/python_resources/qcar/hardware/applications/lane_following) by extensions ['ros']
[2.576s] Level 1:colcon.colcon_core.package_identification:_identify(Development/python_resources/qcar/hardware/applications/lane_following) by extension 'ros'
[2.576s] Level 1:colcon.colcon_core.package_identification:_identify(Development/python_resources/qcar/hardware/applications/lane_following) by extensions ['cmake', 'python']
[2.576s] Level 1:colcon.colcon_core.package_identification:_identify(Development/python_resources/qcar/hardware/applications/lane_following) by extension 'cmake'
[2.576s] Level 1:colcon.colcon_core.package_identification:_identify(Development/python_resources/qcar/hardware/applications/lane_following) by extension 'python'
[2.576s] Level 1:colcon.colcon_core.package_identification:_identify(Development/python_resources/qcar/hardware/applications/lane_following) by extensions ['python_setup_py']
[2.576s] Level 1:colcon.colcon_core.package_identification:_identify(Development/python_resources/qcar/hardware/applications/lane_following) by extension 'python_setup_py'
[2.576s] Level 1:colcon.colcon_core.package_identification:_identify(Development/python_resources/qcar/hardware/applications/manual_drive) by extensions ['ignore', 'ignore_ament_install']
[2.576s] Level 1:colcon.colcon_core.package_identification:_identify(Development/python_resources/qcar/hardware/applications/manual_drive) by extension 'ignore'
[2.576s] Level 1:colcon.colcon_core.package_identification:_identify(Development/python_resources/qcar/hardware/applications/manual_drive) by extension 'ignore_ament_install'
[2.576s] Level 1:colcon.colcon_core.package_identification:_identify(Development/python_resources/qcar/hardware/applications/manual_drive) by extensions ['colcon_pkg']
[2.576s] Level 1:colcon.colcon_core.package_identification:_identify(Development/python_resources/qcar/hardware/applications/manual_drive) by extension 'colcon_pkg'
[2.576s] Level 1:colcon.colcon_core.package_identification:_identify(Development/python_resources/qcar/hardware/applications/manual_drive) by extensions ['colcon_meta']
[2.576s] Level 1:colcon.colcon_core.package_identification:_identify(Development/python_resources/qcar/hardware/applications/manual_drive) by extension 'colcon_meta'
[2.577s] Level 1:colcon.colcon_core.package_identification:_identify(Development/python_resources/qcar/hardware/applications/manual_drive) by extensions ['ros']
[2.577s] Level 1:colcon.colcon_core.package_identification:_identify(Development/python_resources/qcar/hardware/applications/manual_drive) by extension 'ros'
[2.577s] Level 1:colcon.colcon_core.package_identification:_identify(Development/python_resources/qcar/hardware/applications/manual_drive) by extensions ['cmake', 'python']
[2.577s] Level 1:colcon.colcon_core.package_identification:_identify(Development/python_resources/qcar/hardware/applications/manual_drive) by extension 'cmake'
[2.577s] Level 1:colcon.colcon_core.package_identification:_identify(Development/python_resources/qcar/hardware/applications/manual_drive) by extension 'python'
[2.577s] Level 1:colcon.colcon_core.package_identification:_identify(Development/python_resources/qcar/hardware/applications/manual_drive) by extensions ['python_setup_py']
[2.577s] Level 1:colcon.colcon_core.package_identification:_identify(Development/python_resources/qcar/hardware/applications/manual_drive) by extension 'python_setup_py'
[2.577s] Level 1:colcon.colcon_core.package_identification:_identify(Development/python_resources/qcar/hardware/applications/point_cloud_generation) by extensions ['ignore', 'ignore_ament_install']
[2.577s] Level 1:colcon.colcon_core.package_identification:_identify(Development/python_resources/qcar/hardware/applications/point_cloud_generation) by extension 'ignore'
[2.577s] Level 1:colcon.colcon_core.package_identification:_identify(Development/python_resources/qcar/hardware/applications/point_cloud_generation) by extension 'ignore_ament_install'
[2.577s] Level 1:colcon.colcon_core.package_identification:_identify(Development/python_resources/qcar/hardware/applications/point_cloud_generation) by extensions ['colcon_pkg']
[2.577s] Level 1:colcon.colcon_core.package_identification:_identify(Development/python_resources/qcar/hardware/applications/point_cloud_generation) by extension 'colcon_pkg'
[2.577s] Level 1:colcon.colcon_core.package_identification:_identify(Development/python_resources/qcar/hardware/applications/point_cloud_generation) by extensions ['colcon_meta']
[2.577s] Level 1:colcon.colcon_core.package_identification:_identify(Development/python_resources/qcar/hardware/applications/point_cloud_generation) by extension 'colcon_meta'
[2.577s] Level 1:colcon.colcon_core.package_identification:_identify(Development/python_resources/qcar/hardware/applications/point_cloud_generation) by extensions ['ros']
[2.577s] Level 1:colcon.colcon_core.package_identification:_identify(Development/python_resources/qcar/hardware/applications/point_cloud_generation) by extension 'ros'
[2.577s] Level 1:colcon.colcon_core.package_identification:_identify(Development/python_resources/qcar/hardware/applications/point_cloud_generation) by extensions ['cmake', 'python']
[2.577s] Level 1:colcon.colcon_core.package_identification:_identify(Development/python_resources/qcar/hardware/applications/point_cloud_generation) by extension 'cmake'
[2.577s] Level 1:colcon.colcon_core.package_identification:_identify(Development/python_resources/qcar/hardware/applications/point_cloud_generation) by extension 'python'
[2.577s] Level 1:colcon.colcon_core.package_identification:_identify(Development/python_resources/qcar/hardware/applications/point_cloud_generation) by extensions ['python_setup_py']
[2.577s] Level 1:colcon.colcon_core.package_identification:_identify(Development/python_resources/qcar/hardware/applications/point_cloud_generation) by extension 'python_setup_py'
[2.577s] Level 1:colcon.colcon_core.package_identification:_identify(Development/python_resources/qcar/hardware/applications/rgbd_imaging) by extensions ['ignore', 'ignore_ament_install']
[2.577s] Level 1:colcon.colcon_core.package_identification:_identify(Development/python_resources/qcar/hardware/applications/rgbd_imaging) by extension 'ignore'
[2.577s] Level 1:colcon.colcon_core.package_identification:_identify(Development/python_resources/qcar/hardware/applications/rgbd_imaging) by extension 'ignore_ament_install'
[2.577s] Level 1:colcon.colcon_core.package_identification:_identify(Development/python_resources/qcar/hardware/applications/rgbd_imaging) by extensions ['colcon_pkg']
[2.577s] Level 1:colcon.colcon_core.package_identification:_identify(Development/python_resources/qcar/hardware/applications/rgbd_imaging) by extension 'colcon_pkg'
[2.577s] Level 1:colcon.colcon_core.package_identification:_identify(Development/python_resources/qcar/hardware/applications/rgbd_imaging) by extensions ['colcon_meta']
[2.577s] Level 1:colcon.colcon_core.package_identification:_identify(Development/python_resources/qcar/hardware/applications/rgbd_imaging) by extension 'colcon_meta'
[2.577s] Level 1:colcon.colcon_core.package_identification:_identify(Development/python_resources/qcar/hardware/applications/rgbd_imaging) by extensions ['ros']
[2.577s] Level 1:colcon.colcon_core.package_identification:_identify(Development/python_resources/qcar/hardware/applications/rgbd_imaging) by extension 'ros'
[2.578s] Level 1:colcon.colcon_core.package_identification:_identify(Development/python_resources/qcar/hardware/applications/rgbd_imaging) by extensions ['cmake', 'python']
[2.578s] Level 1:colcon.colcon_core.package_identification:_identify(Development/python_resources/qcar/hardware/applications/rgbd_imaging) by extension 'cmake'
[2.578s] Level 1:colcon.colcon_core.package_identification:_identify(Development/python_resources/qcar/hardware/applications/rgbd_imaging) by extension 'python'
[2.578s] Level 1:colcon.colcon_core.package_identification:_identify(Development/python_resources/qcar/hardware/applications/rgbd_imaging) by extensions ['python_setup_py']
[2.578s] Level 1:colcon.colcon_core.package_identification:_identify(Development/python_resources/qcar/hardware/applications/rgbd_imaging) by extension 'python_setup_py'
[2.578s] Level 1:colcon.colcon_core.package_identification:_identify(Development/python_resources/qcar/hardware/hardware_tests) by extensions ['ignore', 'ignore_ament_install']
[2.578s] Level 1:colcon.colcon_core.package_identification:_identify(Development/python_resources/qcar/hardware/hardware_tests) by extension 'ignore'
[2.578s] Level 1:colcon.colcon_core.package_identification:_identify(Development/python_resources/qcar/hardware/hardware_tests) by extension 'ignore_ament_install'
[2.578s] Level 1:colcon.colcon_core.package_identification:_identify(Development/python_resources/qcar/hardware/hardware_tests) by extensions ['colcon_pkg']
[2.578s] Level 1:colcon.colcon_core.package_identification:_identify(Development/python_resources/qcar/hardware/hardware_tests) by extension 'colcon_pkg'
[2.578s] Level 1:colcon.colcon_core.package_identification:_identify(Development/python_resources/qcar/hardware/hardware_tests) by extensions ['colcon_meta']
[2.578s] Level 1:colcon.colcon_core.package_identification:_identify(Development/python_resources/qcar/hardware/hardware_tests) by extension 'colcon_meta'
[2.578s] Level 1:colcon.colcon_core.package_identification:_identify(Development/python_resources/qcar/hardware/hardware_tests) by extensions ['ros']
[2.578s] Level 1:colcon.colcon_core.package_identification:_identify(Development/python_resources/qcar/hardware/hardware_tests) by extension 'ros'
[2.578s] Level 1:colcon.colcon_core.package_identification:_identify(Development/python_resources/qcar/hardware/hardware_tests) by extensions ['cmake', 'python']
[2.578s] Level 1:colcon.colcon_core.package_identification:_identify(Development/python_resources/qcar/hardware/hardware_tests) by extension 'cmake'
[2.578s] Level 1:colcon.colcon_core.package_identification:_identify(Development/python_resources/qcar/hardware/hardware_tests) by extension 'python'
[2.578s] Level 1:colcon.colcon_core.package_identification:_identify(Development/python_resources/qcar/hardware/hardware_tests) by extensions ['python_setup_py']
[2.578s] Level 1:colcon.colcon_core.package_identification:_identify(Development/python_resources/qcar/hardware/hardware_tests) by extension 'python_setup_py'
[2.578s] Level 1:colcon.colcon_core.package_identification:_identify(Development/python_resources/qcar/virtual) by extensions ['ignore', 'ignore_ament_install']
[2.578s] Level 1:colcon.colcon_core.package_identification:_identify(Development/python_resources/qcar/virtual) by extension 'ignore'
[2.578s] Level 1:colcon.colcon_core.package_identification:_identify(Development/python_resources/qcar/virtual) by extension 'ignore_ament_install'
[2.578s] Level 1:colcon.colcon_core.package_identification:_identify(Development/python_resources/qcar/virtual) by extensions ['colcon_pkg']
[2.578s] Level 1:colcon.colcon_core.package_identification:_identify(Development/python_resources/qcar/virtual) by extension 'colcon_pkg'
[2.578s] Level 1:colcon.colcon_core.package_identification:_identify(Development/python_resources/qcar/virtual) by extensions ['colcon_meta']
[2.578s] Level 1:colcon.colcon_core.package_identification:_identify(Development/python_resources/qcar/virtual) by extension 'colcon_meta'
[2.578s] Level 1:colcon.colcon_core.package_identification:_identify(Development/python_resources/qcar/virtual) by extensions ['ros']
[2.578s] Level 1:colcon.colcon_core.package_identification:_identify(Development/python_resources/qcar/virtual) by extension 'ros'
[2.578s] Level 1:colcon.colcon_core.package_identification:_identify(Development/python_resources/qcar/virtual) by extensions ['cmake', 'python']
[2.578s] Level 1:colcon.colcon_core.package_identification:_identify(Development/python_resources/qcar/virtual) by extension 'cmake'
[2.578s] Level 1:colcon.colcon_core.package_identification:_identify(Development/python_resources/qcar/virtual) by extension 'python'
[2.579s] Level 1:colcon.colcon_core.package_identification:_identify(Development/python_resources/qcar/virtual) by extensions ['python_setup_py']
[2.579s] Level 1:colcon.colcon_core.package_identification:_identify(Development/python_resources/qcar/virtual) by extension 'python_setup_py'
[2.579s] Level 1:colcon.colcon_core.package_identification:_identify(Development/python_resources/qcar/virtual/applications) by extensions ['ignore', 'ignore_ament_install']
[2.579s] Level 1:colcon.colcon_core.package_identification:_identify(Development/python_resources/qcar/virtual/applications) by extension 'ignore'
[2.579s] Level 1:colcon.colcon_core.package_identification:_identify(Development/python_resources/qcar/virtual/applications) by extension 'ignore_ament_install'
[2.579s] Level 1:colcon.colcon_core.package_identification:_identify(Development/python_resources/qcar/virtual/applications) by extensions ['colcon_pkg']
[2.579s] Level 1:colcon.colcon_core.package_identification:_identify(Development/python_resources/qcar/virtual/applications) by extension 'colcon_pkg'
[2.579s] Level 1:colcon.colcon_core.package_identification:_identify(Development/python_resources/qcar/virtual/applications) by extensions ['colcon_meta']
[2.579s] Level 1:colcon.colcon_core.package_identification:_identify(Development/python_resources/qcar/virtual/applications) by extension 'colcon_meta'
[2.579s] Level 1:colcon.colcon_core.package_identification:_identify(Development/python_resources/qcar/virtual/applications) by extensions ['ros']
[2.579s] Level 1:colcon.colcon_core.package_identification:_identify(Development/python_resources/qcar/virtual/applications) by extension 'ros'
[2.579s] Level 1:colcon.colcon_core.package_identification:_identify(Development/python_resources/qcar/virtual/applications) by extensions ['cmake', 'python']
[2.579s] Level 1:colcon.colcon_core.package_identification:_identify(Development/python_resources/qcar/virtual/applications) by extension 'cmake'
[2.579s] Level 1:colcon.colcon_core.package_identification:_identify(Development/python_resources/qcar/virtual/applications) by extension 'python'
[2.579s] Level 1:colcon.colcon_core.package_identification:_identify(Development/python_resources/qcar/virtual/applications) by extensions ['python_setup_py']
[2.579s] Level 1:colcon.colcon_core.package_identification:_identify(Development/python_resources/qcar/virtual/applications) by extension 'python_setup_py'
[2.579s] Level 1:colcon.colcon_core.package_identification:_identify(Development/python_resources/qcar/virtual/applications/360_vision) by extensions ['ignore', 'ignore_ament_install']
[2.579s] Level 1:colcon.colcon_core.package_identification:_identify(Development/python_resources/qcar/virtual/applications/360_vision) by extension 'ignore'
[2.579s] Level 1:colcon.colcon_core.package_identification:_identify(Development/python_resources/qcar/virtual/applications/360_vision) by extension 'ignore_ament_install'
[2.579s] Level 1:colcon.colcon_core.package_identification:_identify(Development/python_resources/qcar/virtual/applications/360_vision) by extensions ['colcon_pkg']
[2.579s] Level 1:colcon.colcon_core.package_identification:_identify(Development/python_resources/qcar/virtual/applications/360_vision) by extension 'colcon_pkg'
[2.579s] Level 1:colcon.colcon_core.package_identification:_identify(Development/python_resources/qcar/virtual/applications/360_vision) by extensions ['colcon_meta']
[2.579s] Level 1:colcon.colcon_core.package_identification:_identify(Development/python_resources/qcar/virtual/applications/360_vision) by extension 'colcon_meta'
[2.579s] Level 1:colcon.colcon_core.package_identification:_identify(Development/python_resources/qcar/virtual/applications/360_vision) by extensions ['ros']
[2.579s] Level 1:colcon.colcon_core.package_identification:_identify(Development/python_resources/qcar/virtual/applications/360_vision) by extension 'ros'
[2.579s] Level 1:colcon.colcon_core.package_identification:_identify(Development/python_resources/qcar/virtual/applications/360_vision) by extensions ['cmake', 'python']
[2.579s] Level 1:colcon.colcon_core.package_identification:_identify(Development/python_resources/qcar/virtual/applications/360_vision) by extension 'cmake'
[2.579s] Level 1:colcon.colcon_core.package_identification:_identify(Development/python_resources/qcar/virtual/applications/360_vision) by extension 'python'
[2.579s] Level 1:colcon.colcon_core.package_identification:_identify(Development/python_resources/qcar/virtual/applications/360_vision) by extensions ['python_setup_py']
[2.579s] Level 1:colcon.colcon_core.package_identification:_identify(Development/python_resources/qcar/virtual/applications/360_vision) by extension 'python_setup_py'
[2.580s] Level 1:colcon.colcon_core.package_identification:_identify(Development/python_resources/qcar/virtual/applications/lane_following) by extensions ['ignore', 'ignore_ament_install']
[2.580s] Level 1:colcon.colcon_core.package_identification:_identify(Development/python_resources/qcar/virtual/applications/lane_following) by extension 'ignore'
[2.580s] Level 1:colcon.colcon_core.package_identification:_identify(Development/python_resources/qcar/virtual/applications/lane_following) by extension 'ignore_ament_install'
[2.580s] Level 1:colcon.colcon_core.package_identification:_identify(Development/python_resources/qcar/virtual/applications/lane_following) by extensions ['colcon_pkg']
[2.580s] Level 1:colcon.colcon_core.package_identification:_identify(Development/python_resources/qcar/virtual/applications/lane_following) by extension 'colcon_pkg'
[2.580s] Level 1:colcon.colcon_core.package_identification:_identify(Development/python_resources/qcar/virtual/applications/lane_following) by extensions ['colcon_meta']
[2.580s] Level 1:colcon.colcon_core.package_identification:_identify(Development/python_resources/qcar/virtual/applications/lane_following) by extension 'colcon_meta'
[2.580s] Level 1:colcon.colcon_core.package_identification:_identify(Development/python_resources/qcar/virtual/applications/lane_following) by extensions ['ros']
[2.580s] Level 1:colcon.colcon_core.package_identification:_identify(Development/python_resources/qcar/virtual/applications/lane_following) by extension 'ros'
[2.580s] Level 1:colcon.colcon_core.package_identification:_identify(Development/python_resources/qcar/virtual/applications/lane_following) by extensions ['cmake', 'python']
[2.580s] Level 1:colcon.colcon_core.package_identification:_identify(Development/python_resources/qcar/virtual/applications/lane_following) by extension 'cmake'
[2.580s] Level 1:colcon.colcon_core.package_identification:_identify(Development/python_resources/qcar/virtual/applications/lane_following) by extension 'python'
[2.580s] Level 1:colcon.colcon_core.package_identification:_identify(Development/python_resources/qcar/virtual/applications/lane_following) by extensions ['python_setup_py']
[2.580s] Level 1:colcon.colcon_core.package_identification:_identify(Development/python_resources/qcar/virtual/applications/lane_following) by extension 'python_setup_py'
[2.580s] Level 1:colcon.colcon_core.package_identification:_identify(Development/python_resources/qcar/virtual/applications/manual_drive) by extensions ['ignore', 'ignore_ament_install']
[2.580s] Level 1:colcon.colcon_core.package_identification:_identify(Development/python_resources/qcar/virtual/applications/manual_drive) by extension 'ignore'
[2.580s] Level 1:colcon.colcon_core.package_identification:_identify(Development/python_resources/qcar/virtual/applications/manual_drive) by extension 'ignore_ament_install'
[2.580s] Level 1:colcon.colcon_core.package_identification:_identify(Development/python_resources/qcar/virtual/applications/manual_drive) by extensions ['colcon_pkg']
[2.580s] Level 1:colcon.colcon_core.package_identification:_identify(Development/python_resources/qcar/virtual/applications/manual_drive) by extension 'colcon_pkg'
[2.580s] Level 1:colcon.colcon_core.package_identification:_identify(Development/python_resources/qcar/virtual/applications/manual_drive) by extensions ['colcon_meta']
[2.580s] Level 1:colcon.colcon_core.package_identification:_identify(Development/python_resources/qcar/virtual/applications/manual_drive) by extension 'colcon_meta'
[2.580s] Level 1:colcon.colcon_core.package_identification:_identify(Development/python_resources/qcar/virtual/applications/manual_drive) by extensions ['ros']
[2.580s] Level 1:colcon.colcon_core.package_identification:_identify(Development/python_resources/qcar/virtual/applications/manual_drive) by extension 'ros'
[2.580s] Level 1:colcon.colcon_core.package_identification:_identify(Development/python_resources/qcar/virtual/applications/manual_drive) by extensions ['cmake', 'python']
[2.580s] Level 1:colcon.colcon_core.package_identification:_identify(Development/python_resources/qcar/virtual/applications/manual_drive) by extension 'cmake'
[2.580s] Level 1:colcon.colcon_core.package_identification:_identify(Development/python_resources/qcar/virtual/applications/manual_drive) by extension 'python'
[2.580s] Level 1:colcon.colcon_core.package_identification:_identify(Development/python_resources/qcar/virtual/applications/manual_drive) by extensions ['python_setup_py']
[2.580s] Level 1:colcon.colcon_core.package_identification:_identify(Development/python_resources/qcar/virtual/applications/manual_drive) by extension 'python_setup_py'
[2.581s] Level 1:colcon.colcon_core.package_identification:_identify(Development/python_resources/qcar/virtual/applications/point_cloud_generation) by extensions ['ignore', 'ignore_ament_install']
[2.581s] Level 1:colcon.colcon_core.package_identification:_identify(Development/python_resources/qcar/virtual/applications/point_cloud_generation) by extension 'ignore'
[2.581s] Level 1:colcon.colcon_core.package_identification:_identify(Development/python_resources/qcar/virtual/applications/point_cloud_generation) by extension 'ignore_ament_install'
[2.581s] Level 1:colcon.colcon_core.package_identification:_identify(Development/python_resources/qcar/virtual/applications/point_cloud_generation) by extensions ['colcon_pkg']
[2.581s] Level 1:colcon.colcon_core.package_identification:_identify(Development/python_resources/qcar/virtual/applications/point_cloud_generation) by extension 'colcon_pkg'
[2.581s] Level 1:colcon.colcon_core.package_identification:_identify(Development/python_resources/qcar/virtual/applications/point_cloud_generation) by extensions ['colcon_meta']
[2.581s] Level 1:colcon.colcon_core.package_identification:_identify(Development/python_resources/qcar/virtual/applications/point_cloud_generation) by extension 'colcon_meta'
[2.581s] Level 1:colcon.colcon_core.package_identification:_identify(Development/python_resources/qcar/virtual/applications/point_cloud_generation) by extensions ['ros']
[2.581s] Level 1:colcon.colcon_core.package_identification:_identify(Development/python_resources/qcar/virtual/applications/point_cloud_generation) by extension 'ros'
[2.581s] Level 1:colcon.colcon_core.package_identification:_identify(Development/python_resources/qcar/virtual/applications/point_cloud_generation) by extensions ['cmake', 'python']
[2.581s] Level 1:colcon.colcon_core.package_identification:_identify(Development/python_resources/qcar/virtual/applications/point_cloud_generation) by extension 'cmake'
[2.581s] Level 1:colcon.colcon_core.package_identification:_identify(Development/python_resources/qcar/virtual/applications/point_cloud_generation) by extension 'python'
[2.581s] Level 1:colcon.colcon_core.package_identification:_identify(Development/python_resources/qcar/virtual/applications/point_cloud_generation) by extensions ['python_setup_py']
[2.581s] Level 1:colcon.colcon_core.package_identification:_identify(Development/python_resources/qcar/virtual/applications/point_cloud_generation) by extension 'python_setup_py'
[2.581s] Level 1:colcon.colcon_core.package_identification:_identify(Development/python_resources/qcar/virtual/applications/rgbd_imaging) by extensions ['ignore', 'ignore_ament_install']
[2.581s] Level 1:colcon.colcon_core.package_identification:_identify(Development/python_resources/qcar/virtual/applications/rgbd_imaging) by extension 'ignore'
[2.581s] Level 1:colcon.colcon_core.package_identification:_identify(Development/python_resources/qcar/virtual/applications/rgbd_imaging) by extension 'ignore_ament_install'
[2.581s] Level 1:colcon.colcon_core.package_identification:_identify(Development/python_resources/qcar/virtual/applications/rgbd_imaging) by extensions ['colcon_pkg']
[2.581s] Level 1:colcon.colcon_core.package_identification:_identify(Development/python_resources/qcar/virtual/applications/rgbd_imaging) by extension 'colcon_pkg'
[2.581s] Level 1:colcon.colcon_core.package_identification:_identify(Development/python_resources/qcar/virtual/applications/rgbd_imaging) by extensions ['colcon_meta']
[2.581s] Level 1:colcon.colcon_core.package_identification:_identify(Development/python_resources/qcar/virtual/applications/rgbd_imaging) by extension 'colcon_meta'
[2.581s] Level 1:colcon.colcon_core.package_identification:_identify(Development/python_resources/qcar/virtual/applications/rgbd_imaging) by extensions ['ros']
[2.581s] Level 1:colcon.colcon_core.package_identification:_identify(Development/python_resources/qcar/virtual/applications/rgbd_imaging) by extension 'ros'
[2.581s] Level 1:colcon.colcon_core.package_identification:_identify(Development/python_resources/qcar/virtual/applications/rgbd_imaging) by extensions ['cmake', 'python']
[2.581s] Level 1:colcon.colcon_core.package_identification:_identify(Development/python_resources/qcar/virtual/applications/rgbd_imaging) by extension 'cmake'
[2.581s] Level 1:colcon.colcon_core.package_identification:_identify(Development/python_resources/qcar/virtual/applications/rgbd_imaging) by extension 'python'
[2.581s] Level 1:colcon.colcon_core.package_identification:_identify(Development/python_resources/qcar/virtual/applications/rgbd_imaging) by extensions ['python_setup_py']
[2.581s] Level 1:colcon.colcon_core.package_identification:_identify(Development/python_resources/qcar/virtual/applications/rgbd_imaging) by extension 'python_setup_py'
[2.581s] Level 1:colcon.colcon_core.package_identification:_identify(Development/python_resources/qcar/virtual/hardware_tests) by extensions ['ignore', 'ignore_ament_install']
[2.582s] Level 1:colcon.colcon_core.package_identification:_identify(Development/python_resources/qcar/virtual/hardware_tests) by extension 'ignore'
[2.582s] Level 1:colcon.colcon_core.package_identification:_identify(Development/python_resources/qcar/virtual/hardware_tests) by extension 'ignore_ament_install'
[2.582s] Level 1:colcon.colcon_core.package_identification:_identify(Development/python_resources/qcar/virtual/hardware_tests) by extensions ['colcon_pkg']
[2.582s] Level 1:colcon.colcon_core.package_identification:_identify(Development/python_resources/qcar/virtual/hardware_tests) by extension 'colcon_pkg'
[2.582s] Level 1:colcon.colcon_core.package_identification:_identify(Development/python_resources/qcar/virtual/hardware_tests) by extensions ['colcon_meta']
[2.582s] Level 1:colcon.colcon_core.package_identification:_identify(Development/python_resources/qcar/virtual/hardware_tests) by extension 'colcon_meta'
[2.582s] Level 1:colcon.colcon_core.package_identification:_identify(Development/python_resources/qcar/virtual/hardware_tests) by extensions ['ros']
[2.582s] Level 1:colcon.colcon_core.package_identification:_identify(Development/python_resources/qcar/virtual/hardware_tests) by extension 'ros'
[2.582s] Level 1:colcon.colcon_core.package_identification:_identify(Development/python_resources/qcar/virtual/hardware_tests) by extensions ['cmake', 'python']
[2.582s] Level 1:colcon.colcon_core.package_identification:_identify(Development/python_resources/qcar/virtual/hardware_tests) by extension 'cmake'
[2.582s] Level 1:colcon.colcon_core.package_identification:_identify(Development/python_resources/qcar/virtual/hardware_tests) by extension 'python'
[2.582s] Level 1:colcon.colcon_core.package_identification:_identify(Development/python_resources/qcar/virtual/hardware_tests) by extensions ['python_setup_py']
[2.582s] Level 1:colcon.colcon_core.package_identification:_identify(Development/python_resources/qcar/virtual/hardware_tests) by extension 'python_setup_py'
[2.582s] Level 1:colcon.colcon_core.package_identification:_identify(Development/python_resources/qcar2) by extensions ['ignore', 'ignore_ament_install']
[2.582s] Level 1:colcon.colcon_core.package_identification:_identify(Development/python_resources/qcar2) by extension 'ignore'
[2.582s] Level 1:colcon.colcon_core.package_identification:_identify(Development/python_resources/qcar2) by extension 'ignore_ament_install'
[2.582s] Level 1:colcon.colcon_core.package_identification:_identify(Development/python_resources/qcar2) by extensions ['colcon_pkg']
[2.582s] Level 1:colcon.colcon_core.package_identification:_identify(Development/python_resources/qcar2) by extension 'colcon_pkg'
[2.582s] Level 1:colcon.colcon_core.package_identification:_identify(Development/python_resources/qcar2) by extensions ['colcon_meta']
[2.582s] Level 1:colcon.colcon_core.package_identification:_identify(Development/python_resources/qcar2) by extension 'colcon_meta'
[2.582s] Level 1:colcon.colcon_core.package_identification:_identify(Development/python_resources/qcar2) by extensions ['ros']
[2.582s] Level 1:colcon.colcon_core.package_identification:_identify(Development/python_resources/qcar2) by extension 'ros'
[2.582s] Level 1:colcon.colcon_core.package_identification:_identify(Development/python_resources/qcar2) by extensions ['cmake', 'python']
[2.582s] Level 1:colcon.colcon_core.package_identification:_identify(Development/python_resources/qcar2) by extension 'cmake'
[2.582s] Level 1:colcon.colcon_core.package_identification:_identify(Development/python_resources/qcar2) by extension 'python'
[2.582s] Level 1:colcon.colcon_core.package_identification:_identify(Development/python_resources/qcar2) by extensions ['python_setup_py']
[2.582s] Level 1:colcon.colcon_core.package_identification:_identify(Development/python_resources/qcar2) by extension 'python_setup_py'
[2.582s] Level 1:colcon.colcon_core.package_identification:_identify(Development/python_resources/qcar2/hardware) by extensions ['ignore', 'ignore_ament_install']
[2.582s] Level 1:colcon.colcon_core.package_identification:_identify(Development/python_resources/qcar2/hardware) by extension 'ignore'
[2.582s] Level 1:colcon.colcon_core.package_identification:_identify(Development/python_resources/qcar2/hardware) by extension 'ignore_ament_install'
[2.583s] Level 1:colcon.colcon_core.package_identification:_identify(Development/python_resources/qcar2/hardware) by extensions ['colcon_pkg']
[2.583s] Level 1:colcon.colcon_core.package_identification:_identify(Development/python_resources/qcar2/hardware) by extension 'colcon_pkg'
[2.583s] Level 1:colcon.colcon_core.package_identification:_identify(Development/python_resources/qcar2/hardware) by extensions ['colcon_meta']
[2.583s] Level 1:colcon.colcon_core.package_identification:_identify(Development/python_resources/qcar2/hardware) by extension 'colcon_meta'
[2.583s] Level 1:colcon.colcon_core.package_identification:_identify(Development/python_resources/qcar2/hardware) by extensions ['ros']
[2.583s] Level 1:colcon.colcon_core.package_identification:_identify(Development/python_resources/qcar2/hardware) by extension 'ros'
[2.583s] Level 1:colcon.colcon_core.package_identification:_identify(Development/python_resources/qcar2/hardware) by extensions ['cmake', 'python']
[2.583s] Level 1:colcon.colcon_core.package_identification:_identify(Development/python_resources/qcar2/hardware) by extension 'cmake'
[2.583s] Level 1:colcon.colcon_core.package_identification:_identify(Development/python_resources/qcar2/hardware) by extension 'python'
[2.583s] Level 1:colcon.colcon_core.package_identification:_identify(Development/python_resources/qcar2/hardware) by extensions ['python_setup_py']
[2.583s] Level 1:colcon.colcon_core.package_identification:_identify(Development/python_resources/qcar2/hardware) by extension 'python_setup_py'
[2.583s] Level 1:colcon.colcon_core.package_identification:_identify(Development/python_resources/qcar2/hardware/applications) by extensions ['ignore', 'ignore_ament_install']
[2.583s] Level 1:colcon.colcon_core.package_identification:_identify(Development/python_resources/qcar2/hardware/applications) by extension 'ignore'
[2.583s] Level 1:colcon.colcon_core.package_identification:_identify(Development/python_resources/qcar2/hardware/applications) by extension 'ignore_ament_install'
[2.583s] Level 1:colcon.colcon_core.package_identification:_identify(Development/python_resources/qcar2/hardware/applications) by extensions ['colcon_pkg']
[2.583s] Level 1:colcon.colcon_core.package_identification:_identify(Development/python_resources/qcar2/hardware/applications) by extension 'colcon_pkg'
[2.583s] Level 1:colcon.colcon_core.package_identification:_identify(Development/python_resources/qcar2/hardware/applications) by extensions ['colcon_meta']
[2.583s] Level 1:colcon.colcon_core.package_identification:_identify(Development/python_resources/qcar2/hardware/applications) by extension 'colcon_meta'
[2.583s] Level 1:colcon.colcon_core.package_identification:_identify(Development/python_resources/qcar2/hardware/applications) by extensions ['ros']
[2.583s] Level 1:colcon.colcon_core.package_identification:_identify(Development/python_resources/qcar2/hardware/applications) by extension 'ros'
[2.583s] Level 1:colcon.colcon_core.package_identification:_identify(Development/python_resources/qcar2/hardware/applications) by extensions ['cmake', 'python']
[2.583s] Level 1:colcon.colcon_core.package_identification:_identify(Development/python_resources/qcar2/hardware/applications) by extension 'cmake'
[2.583s] Level 1:colcon.colcon_core.package_identification:_identify(Development/python_resources/qcar2/hardware/applications) by extension 'python'
[2.583s] Level 1:colcon.colcon_core.package_identification:_identify(Development/python_resources/qcar2/hardware/applications) by extensions ['python_setup_py']
[2.583s] Level 1:colcon.colcon_core.package_identification:_identify(Development/python_resources/qcar2/hardware/applications) by extension 'python_setup_py'
[2.583s] Level 1:colcon.colcon_core.package_identification:_identify(Development/python_resources/qcar2/hardware/applications/360_vision) by extensions ['ignore', 'ignore_ament_install']
[2.583s] Level 1:colcon.colcon_core.package_identification:_identify(Development/python_resources/qcar2/hardware/applications/360_vision) by extension 'ignore'
[2.583s] Level 1:colcon.colcon_core.package_identification:_identify(Development/python_resources/qcar2/hardware/applications/360_vision) by extension 'ignore_ament_install'
[2.583s] Level 1:colcon.colcon_core.package_identification:_identify(Development/python_resources/qcar2/hardware/applications/360_vision) by extensions ['colcon_pkg']
[2.583s] Level 1:colcon.colcon_core.package_identification:_identify(Development/python_resources/qcar2/hardware/applications/360_vision) by extension 'colcon_pkg'
[2.584s] Level 1:colcon.colcon_core.package_identification:_identify(Development/python_resources/qcar2/hardware/applications/360_vision) by extensions ['colcon_meta']
[2.584s] Level 1:colcon.colcon_core.package_identification:_identify(Development/python_resources/qcar2/hardware/applications/360_vision) by extension 'colcon_meta'
[2.584s] Level 1:colcon.colcon_core.package_identification:_identify(Development/python_resources/qcar2/hardware/applications/360_vision) by extensions ['ros']
[2.584s] Level 1:colcon.colcon_core.package_identification:_identify(Development/python_resources/qcar2/hardware/applications/360_vision) by extension 'ros'
[2.584s] Level 1:colcon.colcon_core.package_identification:_identify(Development/python_resources/qcar2/hardware/applications/360_vision) by extensions ['cmake', 'python']
[2.584s] Level 1:colcon.colcon_core.package_identification:_identify(Development/python_resources/qcar2/hardware/applications/360_vision) by extension 'cmake'
[2.584s] Level 1:colcon.colcon_core.package_identification:_identify(Development/python_resources/qcar2/hardware/applications/360_vision) by extension 'python'
[2.584s] Level 1:colcon.colcon_core.package_identification:_identify(Development/python_resources/qcar2/hardware/applications/360_vision) by extensions ['python_setup_py']
[2.584s] Level 1:colcon.colcon_core.package_identification:_identify(Development/python_resources/qcar2/hardware/applications/360_vision) by extension 'python_setup_py'
[2.584s] Level 1:colcon.colcon_core.package_identification:_identify(Development/python_resources/qcar2/hardware/applications/lane_following) by extensions ['ignore', 'ignore_ament_install']
[2.584s] Level 1:colcon.colcon_core.package_identification:_identify(Development/python_resources/qcar2/hardware/applications/lane_following) by extension 'ignore'
[2.584s] Level 1:colcon.colcon_core.package_identification:_identify(Development/python_resources/qcar2/hardware/applications/lane_following) by extension 'ignore_ament_install'
[2.584s] Level 1:colcon.colcon_core.package_identification:_identify(Development/python_resources/qcar2/hardware/applications/lane_following) by extensions ['colcon_pkg']
[2.584s] Level 1:colcon.colcon_core.package_identification:_identify(Development/python_resources/qcar2/hardware/applications/lane_following) by extension 'colcon_pkg'
[2.584s] Level 1:colcon.colcon_core.package_identification:_identify(Development/python_resources/qcar2/hardware/applications/lane_following) by extensions ['colcon_meta']
[2.584s] Level 1:colcon.colcon_core.package_identification:_identify(Development/python_resources/qcar2/hardware/applications/lane_following) by extension 'colcon_meta'
[2.584s] Level 1:colcon.colcon_core.package_identification:_identify(Development/python_resources/qcar2/hardware/applications/lane_following) by extensions ['ros']
[2.584s] Level 1:colcon.colcon_core.package_identification:_identify(Development/python_resources/qcar2/hardware/applications/lane_following) by extension 'ros'
[2.584s] Level 1:colcon.colcon_core.package_identification:_identify(Development/python_resources/qcar2/hardware/applications/lane_following) by extensions ['cmake', 'python']
[2.584s] Level 1:colcon.colcon_core.package_identification:_identify(Development/python_resources/qcar2/hardware/applications/lane_following) by extension 'cmake'
[2.584s] Level 1:colcon.colcon_core.package_identification:_identify(Development/python_resources/qcar2/hardware/applications/lane_following) by extension 'python'
[2.584s] Level 1:colcon.colcon_core.package_identification:_identify(Development/python_resources/qcar2/hardware/applications/lane_following) by extensions ['python_setup_py']
[2.584s] Level 1:colcon.colcon_core.package_identification:_identify(Development/python_resources/qcar2/hardware/applications/lane_following) by extension 'python_setup_py'
[2.584s] Level 1:colcon.colcon_core.package_identification:_identify(Development/python_resources/qcar2/hardware/applications/lanenet) by extensions ['ignore', 'ignore_ament_install']
[2.584s] Level 1:colcon.colcon_core.package_identification:_identify(Development/python_resources/qcar2/hardware/applications/lanenet) by extension 'ignore'
[2.584s] Level 1:colcon.colcon_core.package_identification:_identify(Development/python_resources/qcar2/hardware/applications/lanenet) by extension 'ignore_ament_install'
[2.584s] Level 1:colcon.colcon_core.package_identification:_identify(Development/python_resources/qcar2/hardware/applications/lanenet) by extensions ['colcon_pkg']
[2.584s] Level 1:colcon.colcon_core.package_identification:_identify(Development/python_resources/qcar2/hardware/applications/lanenet) by extension 'colcon_pkg'
[2.584s] Level 1:colcon.colcon_core.package_identification:_identify(Development/python_resources/qcar2/hardware/applications/lanenet) by extensions ['colcon_meta']
[2.584s] Level 1:colcon.colcon_core.package_identification:_identify(Development/python_resources/qcar2/hardware/applications/lanenet) by extension 'colcon_meta'
[2.584s] Level 1:colcon.colcon_core.package_identification:_identify(Development/python_resources/qcar2/hardware/applications/lanenet) by extensions ['ros']
[2.585s] Level 1:colcon.colcon_core.package_identification:_identify(Development/python_resources/qcar2/hardware/applications/lanenet) by extension 'ros'
[2.585s] Level 1:colcon.colcon_core.package_identification:_identify(Development/python_resources/qcar2/hardware/applications/lanenet) by extensions ['cmake', 'python']
[2.585s] Level 1:colcon.colcon_core.package_identification:_identify(Development/python_resources/qcar2/hardware/applications/lanenet) by extension 'cmake'
[2.585s] Level 1:colcon.colcon_core.package_identification:_identify(Development/python_resources/qcar2/hardware/applications/lanenet) by extension 'python'
[2.585s] Level 1:colcon.colcon_core.package_identification:_identify(Development/python_resources/qcar2/hardware/applications/lanenet) by extensions ['python_setup_py']
[2.585s] Level 1:colcon.colcon_core.package_identification:_identify(Development/python_resources/qcar2/hardware/applications/lanenet) by extension 'python_setup_py'
[2.585s] Level 1:colcon.colcon_core.package_identification:_identify(Development/python_resources/qcar2/hardware/applications/manual_drive) by extensions ['ignore', 'ignore_ament_install']
[2.585s] Level 1:colcon.colcon_core.package_identification:_identify(Development/python_resources/qcar2/hardware/applications/manual_drive) by extension 'ignore'
[2.585s] Level 1:colcon.colcon_core.package_identification:_identify(Development/python_resources/qcar2/hardware/applications/manual_drive) by extension 'ignore_ament_install'
[2.585s] Level 1:colcon.colcon_core.package_identification:_identify(Development/python_resources/qcar2/hardware/applications/manual_drive) by extensions ['colcon_pkg']
[2.585s] Level 1:colcon.colcon_core.package_identification:_identify(Development/python_resources/qcar2/hardware/applications/manual_drive) by extension 'colcon_pkg'
[2.585s] Level 1:colcon.colcon_core.package_identification:_identify(Development/python_resources/qcar2/hardware/applications/manual_drive) by extensions ['colcon_meta']
[2.585s] Level 1:colcon.colcon_core.package_identification:_identify(Development/python_resources/qcar2/hardware/applications/manual_drive) by extension 'colcon_meta'
[2.585s] Level 1:colcon.colcon_core.package_identification:_identify(Development/python_resources/qcar2/hardware/applications/manual_drive) by extensions ['ros']
[2.585s] Level 1:colcon.colcon_core.package_identification:_identify(Development/python_resources/qcar2/hardware/applications/manual_drive) by extension 'ros'
[2.585s] Level 1:colcon.colcon_core.package_identification:_identify(Development/python_resources/qcar2/hardware/applications/manual_drive) by extensions ['cmake', 'python']
[2.585s] Level 1:colcon.colcon_core.package_identification:_identify(Development/python_resources/qcar2/hardware/applications/manual_drive) by extension 'cmake'
[2.585s] Level 1:colcon.colcon_core.package_identification:_identify(Development/python_resources/qcar2/hardware/applications/manual_drive) by extension 'python'
[2.585s] Level 1:colcon.colcon_core.package_identification:_identify(Development/python_resources/qcar2/hardware/applications/manual_drive) by extensions ['python_setup_py']
[2.585s] Level 1:colcon.colcon_core.package_identification:_identify(Development/python_resources/qcar2/hardware/applications/manual_drive) by extension 'python_setup_py'
[2.585s] Level 1:colcon.colcon_core.package_identification:_identify(Development/python_resources/qcar2/hardware/applications/multi_vehicle_self_driving) by extensions ['ignore', 'ignore_ament_install']
[2.585s] Level 1:colcon.colcon_core.package_identification:_identify(Development/python_resources/qcar2/hardware/applications/multi_vehicle_self_driving) by extension 'ignore'
[2.585s] Level 1:colcon.colcon_core.package_identification:_identify(Development/python_resources/qcar2/hardware/applications/multi_vehicle_self_driving) by extension 'ignore_ament_install'
[2.585s] Level 1:colcon.colcon_core.package_identification:_identify(Development/python_resources/qcar2/hardware/applications/multi_vehicle_self_driving) by extensions ['colcon_pkg']
[2.585s] Level 1:colcon.colcon_core.package_identification:_identify(Development/python_resources/qcar2/hardware/applications/multi_vehicle_self_driving) by extension 'colcon_pkg'
[2.585s] Level 1:colcon.colcon_core.package_identification:_identify(Development/python_resources/qcar2/hardware/applications/multi_vehicle_self_driving) by extensions ['colcon_meta']
[2.585s] Level 1:colcon.colcon_core.package_identification:_identify(Development/python_resources/qcar2/hardware/applications/multi_vehicle_self_driving) by extension 'colcon_meta'
[2.585s] Level 1:colcon.colcon_core.package_identification:_identify(Development/python_resources/qcar2/hardware/applications/multi_vehicle_self_driving) by extensions ['ros']
[2.585s] Level 1:colcon.colcon_core.package_identification:_identify(Development/python_resources/qcar2/hardware/applications/multi_vehicle_self_driving) by extension 'ros'
[2.585s] Level 1:colcon.colcon_core.package_identification:_identify(Development/python_resources/qcar2/hardware/applications/multi_vehicle_self_driving) by extensions ['cmake', 'python']
[2.586s] Level 1:colcon.colcon_core.package_identification:_identify(Development/python_resources/qcar2/hardware/applications/multi_vehicle_self_driving) by extension 'cmake'
[2.586s] Level 1:colcon.colcon_core.package_identification:_identify(Development/python_resources/qcar2/hardware/applications/multi_vehicle_self_driving) by extension 'python'
[2.586s] Level 1:colcon.colcon_core.package_identification:_identify(Development/python_resources/qcar2/hardware/applications/multi_vehicle_self_driving) by extensions ['python_setup_py']
[2.586s] Level 1:colcon.colcon_core.package_identification:_identify(Development/python_resources/qcar2/hardware/applications/multi_vehicle_self_driving) by extension 'python_setup_py'
[2.586s] Level 1:colcon.colcon_core.package_identification:_identify(Development/python_resources/qcar2/hardware/applications/multi_vehicle_self_driving/python) by extensions ['ignore', 'ignore_ament_install']
[2.586s] Level 1:colcon.colcon_core.package_identification:_identify(Development/python_resources/qcar2/hardware/applications/multi_vehicle_self_driving/python) by extension 'ignore'
[2.586s] Level 1:colcon.colcon_core.package_identification:_identify(Development/python_resources/qcar2/hardware/applications/multi_vehicle_self_driving/python) by extension 'ignore_ament_install'
[2.586s] Level 1:colcon.colcon_core.package_identification:_identify(Development/python_resources/qcar2/hardware/applications/multi_vehicle_self_driving/python) by extensions ['colcon_pkg']
[2.586s] Level 1:colcon.colcon_core.package_identification:_identify(Development/python_resources/qcar2/hardware/applications/multi_vehicle_self_driving/python) by extension 'colcon_pkg'
[2.586s] Level 1:colcon.colcon_core.package_identification:_identify(Development/python_resources/qcar2/hardware/applications/multi_vehicle_self_driving/python) by extensions ['colcon_meta']
[2.586s] Level 1:colcon.colcon_core.package_identification:_identify(Development/python_resources/qcar2/hardware/applications/multi_vehicle_self_driving/python) by extension 'colcon_meta'
[2.586s] Level 1:colcon.colcon_core.package_identification:_identify(Development/python_resources/qcar2/hardware/applications/multi_vehicle_self_driving/python) by extensions ['ros']
[2.586s] Level 1:colcon.colcon_core.package_identification:_identify(Development/python_resources/qcar2/hardware/applications/multi_vehicle_self_driving/python) by extension 'ros'
[2.586s] Level 1:colcon.colcon_core.package_identification:_identify(Development/python_resources/qcar2/hardware/applications/multi_vehicle_self_driving/python) by extensions ['cmake', 'python']
[2.586s] Level 1:colcon.colcon_core.package_identification:_identify(Development/python_resources/qcar2/hardware/applications/multi_vehicle_self_driving/python) by extension 'cmake'
[2.586s] Level 1:colcon.colcon_core.package_identification:_identify(Development/python_resources/qcar2/hardware/applications/multi_vehicle_self_driving/python) by extension 'python'
[2.586s] Level 1:colcon.colcon_core.package_identification:_identify(Development/python_resources/qcar2/hardware/applications/multi_vehicle_self_driving/python) by extensions ['python_setup_py']
[2.586s] Level 1:colcon.colcon_core.package_identification:_identify(Development/python_resources/qcar2/hardware/applications/multi_vehicle_self_driving/python) by extension 'python_setup_py'
[2.586s] Level 1:colcon.colcon_core.package_identification:_identify(Development/python_resources/qcar2/hardware/applications/multi_vehicle_self_driving/qcar) by extensions ['ignore', 'ignore_ament_install']
[2.586s] Level 1:colcon.colcon_core.package_identification:_identify(Development/python_resources/qcar2/hardware/applications/multi_vehicle_self_driving/qcar) by extension 'ignore'
[2.586s] Level 1:colcon.colcon_core.package_identification:_identify(Development/python_resources/qcar2/hardware/applications/multi_vehicle_self_driving/qcar) by extension 'ignore_ament_install'
[2.586s] Level 1:colcon.colcon_core.package_identification:_identify(Development/python_resources/qcar2/hardware/applications/multi_vehicle_self_driving/qcar) by extensions ['colcon_pkg']
[2.586s] Level 1:colcon.colcon_core.package_identification:_identify(Development/python_resources/qcar2/hardware/applications/multi_vehicle_self_driving/qcar) by extension 'colcon_pkg'
[2.586s] Level 1:colcon.colcon_core.package_identification:_identify(Development/python_resources/qcar2/hardware/applications/multi_vehicle_self_driving/qcar) by extensions ['colcon_meta']
[2.586s] Level 1:colcon.colcon_core.package_identification:_identify(Development/python_resources/qcar2/hardware/applications/multi_vehicle_self_driving/qcar) by extension 'colcon_meta'
[2.586s] Level 1:colcon.colcon_core.package_identification:_identify(Development/python_resources/qcar2/hardware/applications/multi_vehicle_self_driving/qcar) by extensions ['ros']
[2.586s] Level 1:colcon.colcon_core.package_identification:_identify(Development/python_resources/qcar2/hardware/applications/multi_vehicle_self_driving/qcar) by extension 'ros'
[2.586s] Level 1:colcon.colcon_core.package_identification:_identify(Development/python_resources/qcar2/hardware/applications/multi_vehicle_self_driving/qcar) by extensions ['cmake', 'python']
[2.586s] Level 1:colcon.colcon_core.package_identification:_identify(Development/python_resources/qcar2/hardware/applications/multi_vehicle_self_driving/qcar) by extension 'cmake'
[2.586s] Level 1:colcon.colcon_core.package_identification:_identify(Development/python_resources/qcar2/hardware/applications/multi_vehicle_self_driving/qcar) by extension 'python'
[2.587s] Level 1:colcon.colcon_core.package_identification:_identify(Development/python_resources/qcar2/hardware/applications/multi_vehicle_self_driving/qcar) by extensions ['python_setup_py']
[2.587s] Level 1:colcon.colcon_core.package_identification:_identify(Development/python_resources/qcar2/hardware/applications/multi_vehicle_self_driving/qcar) by extension 'python_setup_py'
[2.587s] Level 1:colcon.colcon_core.package_identification:_identify(Development/python_resources/qcar2/hardware/applications/multi_vehicle_self_driving/reference_scan) by extensions ['ignore', 'ignore_ament_install']
[2.587s] Level 1:colcon.colcon_core.package_identification:_identify(Development/python_resources/qcar2/hardware/applications/multi_vehicle_self_driving/reference_scan) by extension 'ignore'
[2.587s] Level 1:colcon.colcon_core.package_identification:_identify(Development/python_resources/qcar2/hardware/applications/multi_vehicle_self_driving/reference_scan) by extension 'ignore_ament_install'
[2.587s] Level 1:colcon.colcon_core.package_identification:_identify(Development/python_resources/qcar2/hardware/applications/multi_vehicle_self_driving/reference_scan) by extensions ['colcon_pkg']
[2.587s] Level 1:colcon.colcon_core.package_identification:_identify(Development/python_resources/qcar2/hardware/applications/multi_vehicle_self_driving/reference_scan) by extension 'colcon_pkg'
[2.587s] Level 1:colcon.colcon_core.package_identification:_identify(Development/python_resources/qcar2/hardware/applications/multi_vehicle_self_driving/reference_scan) by extensions ['colcon_meta']
[2.587s] Level 1:colcon.colcon_core.package_identification:_identify(Development/python_resources/qcar2/hardware/applications/multi_vehicle_self_driving/reference_scan) by extension 'colcon_meta'
[2.587s] Level 1:colcon.colcon_core.package_identification:_identify(Development/python_resources/qcar2/hardware/applications/multi_vehicle_self_driving/reference_scan) by extensions ['ros']
[2.587s] Level 1:colcon.colcon_core.package_identification:_identify(Development/python_resources/qcar2/hardware/applications/multi_vehicle_self_driving/reference_scan) by extension 'ros'
[2.587s] Level 1:colcon.colcon_core.package_identification:_identify(Development/python_resources/qcar2/hardware/applications/multi_vehicle_self_driving/reference_scan) by extensions ['cmake', 'python']
[2.587s] Level 1:colcon.colcon_core.package_identification:_identify(Development/python_resources/qcar2/hardware/applications/multi_vehicle_self_driving/reference_scan) by extension 'cmake'
[2.587s] Level 1:colcon.colcon_core.package_identification:_identify(Development/python_resources/qcar2/hardware/applications/multi_vehicle_self_driving/reference_scan) by extension 'python'
[2.587s] Level 1:colcon.colcon_core.package_identification:_identify(Development/python_resources/qcar2/hardware/applications/multi_vehicle_self_driving/reference_scan) by extensions ['python_setup_py']
[2.587s] Level 1:colcon.colcon_core.package_identification:_identify(Development/python_resources/qcar2/hardware/applications/multi_vehicle_self_driving/reference_scan) by extension 'python_setup_py'
[2.587s] Level 1:colcon.colcon_core.package_identification:_identify(Development/python_resources/qcar2/hardware/applications/point_cloud_generation) by extensions ['ignore', 'ignore_ament_install']
[2.587s] Level 1:colcon.colcon_core.package_identification:_identify(Development/python_resources/qcar2/hardware/applications/point_cloud_generation) by extension 'ignore'
[2.587s] Level 1:colcon.colcon_core.package_identification:_identify(Development/python_resources/qcar2/hardware/applications/point_cloud_generation) by extension 'ignore_ament_install'
[2.587s] Level 1:colcon.colcon_core.package_identification:_identify(Development/python_resources/qcar2/hardware/applications/point_cloud_generation) by extensions ['colcon_pkg']
[2.587s] Level 1:colcon.colcon_core.package_identification:_identify(Development/python_resources/qcar2/hardware/applications/point_cloud_generation) by extension 'colcon_pkg'
[2.587s] Level 1:colcon.colcon_core.package_identification:_identify(Development/python_resources/qcar2/hardware/applications/point_cloud_generation) by extensions ['colcon_meta']
[2.587s] Level 1:colcon.colcon_core.package_identification:_identify(Development/python_resources/qcar2/hardware/applications/point_cloud_generation) by extension 'colcon_meta'
[2.587s] Level 1:colcon.colcon_core.package_identification:_identify(Development/python_resources/qcar2/hardware/applications/point_cloud_generation) by extensions ['ros']
[2.587s] Level 1:colcon.colcon_core.package_identification:_identify(Development/python_resources/qcar2/hardware/applications/point_cloud_generation) by extension 'ros'
[2.587s] Level 1:colcon.colcon_core.package_identification:_identify(Development/python_resources/qcar2/hardware/applications/point_cloud_generation) by extensions ['cmake', 'python']
[2.587s] Level 1:colcon.colcon_core.package_identification:_identify(Development/python_resources/qcar2/hardware/applications/point_cloud_generation) by extension 'cmake'
[2.587s] Level 1:colcon.colcon_core.package_identification:_identify(Development/python_resources/qcar2/hardware/applications/point_cloud_generation) by extension 'python'
[2.587s] Level 1:colcon.colcon_core.package_identification:_identify(Development/python_resources/qcar2/hardware/applications/point_cloud_generation) by extensions ['python_setup_py']
[2.587s] Level 1:colcon.colcon_core.package_identification:_identify(Development/python_resources/qcar2/hardware/applications/point_cloud_generation) by extension 'python_setup_py'
[2.588s] Level 1:colcon.colcon_core.package_identification:_identify(Development/python_resources/qcar2/hardware/applications/rgbd_imaging) by extensions ['ignore', 'ignore_ament_install']
[2.588s] Level 1:colcon.colcon_core.package_identification:_identify(Development/python_resources/qcar2/hardware/applications/rgbd_imaging) by extension 'ignore'
[2.588s] Level 1:colcon.colcon_core.package_identification:_identify(Development/python_resources/qcar2/hardware/applications/rgbd_imaging) by extension 'ignore_ament_install'
[2.588s] Level 1:colcon.colcon_core.package_identification:_identify(Development/python_resources/qcar2/hardware/applications/rgbd_imaging) by extensions ['colcon_pkg']
[2.588s] Level 1:colcon.colcon_core.package_identification:_identify(Development/python_resources/qcar2/hardware/applications/rgbd_imaging) by extension 'colcon_pkg'
[2.588s] Level 1:colcon.colcon_core.package_identification:_identify(Development/python_resources/qcar2/hardware/applications/rgbd_imaging) by extensions ['colcon_meta']
[2.588s] Level 1:colcon.colcon_core.package_identification:_identify(Development/python_resources/qcar2/hardware/applications/rgbd_imaging) by extension 'colcon_meta'
[2.588s] Level 1:colcon.colcon_core.package_identification:_identify(Development/python_resources/qcar2/hardware/applications/rgbd_imaging) by extensions ['ros']
[2.588s] Level 1:colcon.colcon_core.package_identification:_identify(Development/python_resources/qcar2/hardware/applications/rgbd_imaging) by extension 'ros'
[2.588s] Level 1:colcon.colcon_core.package_identification:_identify(Development/python_resources/qcar2/hardware/applications/rgbd_imaging) by extensions ['cmake', 'python']
[2.588s] Level 1:colcon.colcon_core.package_identification:_identify(Development/python_resources/qcar2/hardware/applications/rgbd_imaging) by extension 'cmake'
[2.588s] Level 1:colcon.colcon_core.package_identification:_identify(Development/python_resources/qcar2/hardware/applications/rgbd_imaging) by extension 'python'
[2.588s] Level 1:colcon.colcon_core.package_identification:_identify(Development/python_resources/qcar2/hardware/applications/rgbd_imaging) by extensions ['python_setup_py']
[2.588s] Level 1:colcon.colcon_core.package_identification:_identify(Development/python_resources/qcar2/hardware/applications/rgbd_imaging) by extension 'python_setup_py'
[2.588s] Level 1:colcon.colcon_core.package_identification:_identify(Development/python_resources/qcar2/hardware/applications/yolo) by extensions ['ignore', 'ignore_ament_install']
[2.588s] Level 1:colcon.colcon_core.package_identification:_identify(Development/python_resources/qcar2/hardware/applications/yolo) by extension 'ignore'
[2.588s] Level 1:colcon.colcon_core.package_identification:_identify(Development/python_resources/qcar2/hardware/applications/yolo) by extension 'ignore_ament_install'
[2.588s] Level 1:colcon.colcon_core.package_identification:_identify(Development/python_resources/qcar2/hardware/applications/yolo) by extensions ['colcon_pkg']
[2.588s] Level 1:colcon.colcon_core.package_identification:_identify(Development/python_resources/qcar2/hardware/applications/yolo) by extension 'colcon_pkg'
[2.588s] Level 1:colcon.colcon_core.package_identification:_identify(Development/python_resources/qcar2/hardware/applications/yolo) by extensions ['colcon_meta']
[2.588s] Level 1:colcon.colcon_core.package_identification:_identify(Development/python_resources/qcar2/hardware/applications/yolo) by extension 'colcon_meta'
[2.588s] Level 1:colcon.colcon_core.package_identification:_identify(Development/python_resources/qcar2/hardware/applications/yolo) by extensions ['ros']
[2.588s] Level 1:colcon.colcon_core.package_identification:_identify(Development/python_resources/qcar2/hardware/applications/yolo) by extension 'ros'
[2.588s] Level 1:colcon.colcon_core.package_identification:_identify(Development/python_resources/qcar2/hardware/applications/yolo) by extensions ['cmake', 'python']
[2.588s] Level 1:colcon.colcon_core.package_identification:_identify(Development/python_resources/qcar2/hardware/applications/yolo) by extension 'cmake'
[2.588s] Level 1:colcon.colcon_core.package_identification:_identify(Development/python_resources/qcar2/hardware/applications/yolo) by extension 'python'
[2.588s] Level 1:colcon.colcon_core.package_identification:_identify(Development/python_resources/qcar2/hardware/applications/yolo) by extensions ['python_setup_py']
[2.588s] Level 1:colcon.colcon_core.package_identification:_identify(Development/python_resources/qcar2/hardware/applications/yolo) by extension 'python_setup_py'
[2.589s] Level 1:colcon.colcon_core.package_identification:_identify(Development/python_resources/qcar2/hardware/hardware_tests) by extensions ['ignore', 'ignore_ament_install']
[2.589s] Level 1:colcon.colcon_core.package_identification:_identify(Development/python_resources/qcar2/hardware/hardware_tests) by extension 'ignore'
[2.589s] Level 1:colcon.colcon_core.package_identification:_identify(Development/python_resources/qcar2/hardware/hardware_tests) by extension 'ignore_ament_install'
[2.589s] Level 1:colcon.colcon_core.package_identification:_identify(Development/python_resources/qcar2/hardware/hardware_tests) by extensions ['colcon_pkg']
[2.589s] Level 1:colcon.colcon_core.package_identification:_identify(Development/python_resources/qcar2/hardware/hardware_tests) by extension 'colcon_pkg'
[2.589s] Level 1:colcon.colcon_core.package_identification:_identify(Development/python_resources/qcar2/hardware/hardware_tests) by extensions ['colcon_meta']
[2.589s] Level 1:colcon.colcon_core.package_identification:_identify(Development/python_resources/qcar2/hardware/hardware_tests) by extension 'colcon_meta'
[2.589s] Level 1:colcon.colcon_core.package_identification:_identify(Development/python_resources/qcar2/hardware/hardware_tests) by extensions ['ros']
[2.589s] Level 1:colcon.colcon_core.package_identification:_identify(Development/python_resources/qcar2/hardware/hardware_tests) by extension 'ros'
[2.589s] Level 1:colcon.colcon_core.package_identification:_identify(Development/python_resources/qcar2/hardware/hardware_tests) by extensions ['cmake', 'python']
[2.589s] Level 1:colcon.colcon_core.package_identification:_identify(Development/python_resources/qcar2/hardware/hardware_tests) by extension 'cmake'
[2.589s] Level 1:colcon.colcon_core.package_identification:_identify(Development/python_resources/qcar2/hardware/hardware_tests) by extension 'python'
[2.589s] Level 1:colcon.colcon_core.package_identification:_identify(Development/python_resources/qcar2/hardware/hardware_tests) by extensions ['python_setup_py']
[2.589s] Level 1:colcon.colcon_core.package_identification:_identify(Development/python_resources/qcar2/hardware/hardware_tests) by extension 'python_setup_py'
[2.589s] Level 1:colcon.colcon_core.package_identification:_identify(Development/python_resources/qcar2/virtual) by extensions ['ignore', 'ignore_ament_install']
[2.589s] Level 1:colcon.colcon_core.package_identification:_identify(Development/python_resources/qcar2/virtual) by extension 'ignore'
[2.589s] Level 1:colcon.colcon_core.package_identification:_identify(Development/python_resources/qcar2/virtual) by extension 'ignore_ament_install'
[2.589s] Level 1:colcon.colcon_core.package_identification:_identify(Development/python_resources/qcar2/virtual) by extensions ['colcon_pkg']
[2.589s] Level 1:colcon.colcon_core.package_identification:_identify(Development/python_resources/qcar2/virtual) by extension 'colcon_pkg'
[2.589s] Level 1:colcon.colcon_core.package_identification:_identify(Development/python_resources/qcar2/virtual) by extensions ['colcon_meta']
[2.589s] Level 1:colcon.colcon_core.package_identification:_identify(Development/python_resources/qcar2/virtual) by extension 'colcon_meta'
[2.589s] Level 1:colcon.colcon_core.package_identification:_identify(Development/python_resources/qcar2/virtual) by extensions ['ros']
[2.589s] Level 1:colcon.colcon_core.package_identification:_identify(Development/python_resources/qcar2/virtual) by extension 'ros'
[2.589s] Level 1:colcon.colcon_core.package_identification:_identify(Development/python_resources/qcar2/virtual) by extensions ['cmake', 'python']
[2.589s] Level 1:colcon.colcon_core.package_identification:_identify(Development/python_resources/qcar2/virtual) by extension 'cmake'
[2.589s] Level 1:colcon.colcon_core.package_identification:_identify(Development/python_resources/qcar2/virtual) by extension 'python'
[2.589s] Level 1:colcon.colcon_core.package_identification:_identify(Development/python_resources/qcar2/virtual) by extensions ['python_setup_py']
[2.589s] Level 1:colcon.colcon_core.package_identification:_identify(Development/python_resources/qcar2/virtual) by extension 'python_setup_py'
[2.589s] Level 1:colcon.colcon_core.package_identification:_identify(Development/python_resources/qcar2/virtual/applications) by extensions ['ignore', 'ignore_ament_install']
[2.590s] Level 1:colcon.colcon_core.package_identification:_identify(Development/python_resources/qcar2/virtual/applications) by extension 'ignore'
[2.590s] Level 1:colcon.colcon_core.package_identification:_identify(Development/python_resources/qcar2/virtual/applications) by extension 'ignore_ament_install'
[2.590s] Level 1:colcon.colcon_core.package_identification:_identify(Development/python_resources/qcar2/virtual/applications) by extensions ['colcon_pkg']
[2.590s] Level 1:colcon.colcon_core.package_identification:_identify(Development/python_resources/qcar2/virtual/applications) by extension 'colcon_pkg'
[2.590s] Level 1:colcon.colcon_core.package_identification:_identify(Development/python_resources/qcar2/virtual/applications) by extensions ['colcon_meta']
[2.590s] Level 1:colcon.colcon_core.package_identification:_identify(Development/python_resources/qcar2/virtual/applications) by extension 'colcon_meta'
[2.590s] Level 1:colcon.colcon_core.package_identification:_identify(Development/python_resources/qcar2/virtual/applications) by extensions ['ros']
[2.590s] Level 1:colcon.colcon_core.package_identification:_identify(Development/python_resources/qcar2/virtual/applications) by extension 'ros'
[2.590s] Level 1:colcon.colcon_core.package_identification:_identify(Development/python_resources/qcar2/virtual/applications) by extensions ['cmake', 'python']
[2.590s] Level 1:colcon.colcon_core.package_identification:_identify(Development/python_resources/qcar2/virtual/applications) by extension 'cmake'
[2.590s] Level 1:colcon.colcon_core.package_identification:_identify(Development/python_resources/qcar2/virtual/applications) by extension 'python'
[2.590s] Level 1:colcon.colcon_core.package_identification:_identify(Development/python_resources/qcar2/virtual/applications) by extensions ['python_setup_py']
[2.590s] Level 1:colcon.colcon_core.package_identification:_identify(Development/python_resources/qcar2/virtual/applications) by extension 'python_setup_py'
[2.590s] Level 1:colcon.colcon_core.package_identification:_identify(Development/python_resources/qcar2/virtual/applications/360_vision) by extensions ['ignore', 'ignore_ament_install']
[2.590s] Level 1:colcon.colcon_core.package_identification:_identify(Development/python_resources/qcar2/virtual/applications/360_vision) by extension 'ignore'
[2.590s] Level 1:colcon.colcon_core.package_identification:_identify(Development/python_resources/qcar2/virtual/applications/360_vision) by extension 'ignore_ament_install'
[2.590s] Level 1:colcon.colcon_core.package_identification:_identify(Development/python_resources/qcar2/virtual/applications/360_vision) by extensions ['colcon_pkg']
[2.590s] Level 1:colcon.colcon_core.package_identification:_identify(Development/python_resources/qcar2/virtual/applications/360_vision) by extension 'colcon_pkg'
[2.590s] Level 1:colcon.colcon_core.package_identification:_identify(Development/python_resources/qcar2/virtual/applications/360_vision) by extensions ['colcon_meta']
[2.590s] Level 1:colcon.colcon_core.package_identification:_identify(Development/python_resources/qcar2/virtual/applications/360_vision) by extension 'colcon_meta'
[2.590s] Level 1:colcon.colcon_core.package_identification:_identify(Development/python_resources/qcar2/virtual/applications/360_vision) by extensions ['ros']
[2.590s] Level 1:colcon.colcon_core.package_identification:_identify(Development/python_resources/qcar2/virtual/applications/360_vision) by extension 'ros'
[2.590s] Level 1:colcon.colcon_core.package_identification:_identify(Development/python_resources/qcar2/virtual/applications/360_vision) by extensions ['cmake', 'python']
[2.590s] Level 1:colcon.colcon_core.package_identification:_identify(Development/python_resources/qcar2/virtual/applications/360_vision) by extension 'cmake'
[2.590s] Level 1:colcon.colcon_core.package_identification:_identify(Development/python_resources/qcar2/virtual/applications/360_vision) by extension 'python'
[2.590s] Level 1:colcon.colcon_core.package_identification:_identify(Development/python_resources/qcar2/virtual/applications/360_vision) by extensions ['python_setup_py']
[2.590s] Level 1:colcon.colcon_core.package_identification:_identify(Development/python_resources/qcar2/virtual/applications/360_vision) by extension 'python_setup_py'
[2.590s] Level 1:colcon.colcon_core.package_identification:_identify(Development/python_resources/qcar2/virtual/applications/lane_following) by extensions ['ignore', 'ignore_ament_install']
[2.591s] Level 1:colcon.colcon_core.package_identification:_identify(Development/python_resources/qcar2/virtual/applications/lane_following) by extension 'ignore'
[2.591s] Level 1:colcon.colcon_core.package_identification:_identify(Development/python_resources/qcar2/virtual/applications/lane_following) by extension 'ignore_ament_install'
[2.591s] Level 1:colcon.colcon_core.package_identification:_identify(Development/python_resources/qcar2/virtual/applications/lane_following) by extensions ['colcon_pkg']
[2.591s] Level 1:colcon.colcon_core.package_identification:_identify(Development/python_resources/qcar2/virtual/applications/lane_following) by extension 'colcon_pkg'
[2.591s] Level 1:colcon.colcon_core.package_identification:_identify(Development/python_resources/qcar2/virtual/applications/lane_following) by extensions ['colcon_meta']
[2.591s] Level 1:colcon.colcon_core.package_identification:_identify(Development/python_resources/qcar2/virtual/applications/lane_following) by extension 'colcon_meta'
[2.591s] Level 1:colcon.colcon_core.package_identification:_identify(Development/python_resources/qcar2/virtual/applications/lane_following) by extensions ['ros']
[2.591s] Level 1:colcon.colcon_core.package_identification:_identify(Development/python_resources/qcar2/virtual/applications/lane_following) by extension 'ros'
[2.591s] Level 1:colcon.colcon_core.package_identification:_identify(Development/python_resources/qcar2/virtual/applications/lane_following) by extensions ['cmake', 'python']
[2.591s] Level 1:colcon.colcon_core.package_identification:_identify(Development/python_resources/qcar2/virtual/applications/lane_following) by extension 'cmake'
[2.591s] Level 1:colcon.colcon_core.package_identification:_identify(Development/python_resources/qcar2/virtual/applications/lane_following) by extension 'python'
[2.591s] Level 1:colcon.colcon_core.package_identification:_identify(Development/python_resources/qcar2/virtual/applications/lane_following) by extensions ['python_setup_py']
[2.591s] Level 1:colcon.colcon_core.package_identification:_identify(Development/python_resources/qcar2/virtual/applications/lane_following) by extension 'python_setup_py'
[2.591s] Level 1:colcon.colcon_core.package_identification:_identify(Development/python_resources/qcar2/virtual/applications/manual_drive) by extensions ['ignore', 'ignore_ament_install']
[2.591s] Level 1:colcon.colcon_core.package_identification:_identify(Development/python_resources/qcar2/virtual/applications/manual_drive) by extension 'ignore'
[2.591s] Level 1:colcon.colcon_core.package_identification:_identify(Development/python_resources/qcar2/virtual/applications/manual_drive) by extension 'ignore_ament_install'
[2.591s] Level 1:colcon.colcon_core.package_identification:_identify(Development/python_resources/qcar2/virtual/applications/manual_drive) by extensions ['colcon_pkg']
[2.591s] Level 1:colcon.colcon_core.package_identification:_identify(Development/python_resources/qcar2/virtual/applications/manual_drive) by extension 'colcon_pkg'
[2.591s] Level 1:colcon.colcon_core.package_identification:_identify(Development/python_resources/qcar2/virtual/applications/manual_drive) by extensions ['colcon_meta']
[2.591s] Level 1:colcon.colcon_core.package_identification:_identify(Development/python_resources/qcar2/virtual/applications/manual_drive) by extension 'colcon_meta'
[2.591s] Level 1:colcon.colcon_core.package_identification:_identify(Development/python_resources/qcar2/virtual/applications/manual_drive) by extensions ['ros']
[2.591s] Level 1:colcon.colcon_core.package_identification:_identify(Development/python_resources/qcar2/virtual/applications/manual_drive) by extension 'ros'
[2.591s] Level 1:colcon.colcon_core.package_identification:_identify(Development/python_resources/qcar2/virtual/applications/manual_drive) by extensions ['cmake', 'python']
[2.591s] Level 1:colcon.colcon_core.package_identification:_identify(Development/python_resources/qcar2/virtual/applications/manual_drive) by extension 'cmake'
[2.591s] Level 1:colcon.colcon_core.package_identification:_identify(Development/python_resources/qcar2/virtual/applications/manual_drive) by extension 'python'
[2.591s] Level 1:colcon.colcon_core.package_identification:_identify(Development/python_resources/qcar2/virtual/applications/manual_drive) by extensions ['python_setup_py']
[2.591s] Level 1:colcon.colcon_core.package_identification:_identify(Development/python_resources/qcar2/virtual/applications/manual_drive) by extension 'python_setup_py'
[2.591s] Level 1:colcon.colcon_core.package_identification:_identify(Development/python_resources/qcar2/virtual/applications/point_cloud_generation) by extensions ['ignore', 'ignore_ament_install']
[2.591s] Level 1:colcon.colcon_core.package_identification:_identify(Development/python_resources/qcar2/virtual/applications/point_cloud_generation) by extension 'ignore'
[2.592s] Level 1:colcon.colcon_core.package_identification:_identify(Development/python_resources/qcar2/virtual/applications/point_cloud_generation) by extension 'ignore_ament_install'
[2.592s] Level 1:colcon.colcon_core.package_identification:_identify(Development/python_resources/qcar2/virtual/applications/point_cloud_generation) by extensions ['colcon_pkg']
[2.592s] Level 1:colcon.colcon_core.package_identification:_identify(Development/python_resources/qcar2/virtual/applications/point_cloud_generation) by extension 'colcon_pkg'
[2.592s] Level 1:colcon.colcon_core.package_identification:_identify(Development/python_resources/qcar2/virtual/applications/point_cloud_generation) by extensions ['colcon_meta']
[2.592s] Level 1:colcon.colcon_core.package_identification:_identify(Development/python_resources/qcar2/virtual/applications/point_cloud_generation) by extension 'colcon_meta'
[2.592s] Level 1:colcon.colcon_core.package_identification:_identify(Development/python_resources/qcar2/virtual/applications/point_cloud_generation) by extensions ['ros']
[2.592s] Level 1:colcon.colcon_core.package_identification:_identify(Development/python_resources/qcar2/virtual/applications/point_cloud_generation) by extension 'ros'
[2.592s] Level 1:colcon.colcon_core.package_identification:_identify(Development/python_resources/qcar2/virtual/applications/point_cloud_generation) by extensions ['cmake', 'python']
[2.592s] Level 1:colcon.colcon_core.package_identification:_identify(Development/python_resources/qcar2/virtual/applications/point_cloud_generation) by extension 'cmake'
[2.592s] Level 1:colcon.colcon_core.package_identification:_identify(Development/python_resources/qcar2/virtual/applications/point_cloud_generation) by extension 'python'
[2.592s] Level 1:colcon.colcon_core.package_identification:_identify(Development/python_resources/qcar2/virtual/applications/point_cloud_generation) by extensions ['python_setup_py']
[2.592s] Level 1:colcon.colcon_core.package_identification:_identify(Development/python_resources/qcar2/virtual/applications/point_cloud_generation) by extension 'python_setup_py'
[2.592s] Level 1:colcon.colcon_core.package_identification:_identify(Development/python_resources/qcar2/virtual/applications/rgbd_imaging) by extensions ['ignore', 'ignore_ament_install']
[2.592s] Level 1:colcon.colcon_core.package_identification:_identify(Development/python_resources/qcar2/virtual/applications/rgbd_imaging) by extension 'ignore'
[2.592s] Level 1:colcon.colcon_core.package_identification:_identify(Development/python_resources/qcar2/virtual/applications/rgbd_imaging) by extension 'ignore_ament_install'
[2.592s] Level 1:colcon.colcon_core.package_identification:_identify(Development/python_resources/qcar2/virtual/applications/rgbd_imaging) by extensions ['colcon_pkg']
[2.592s] Level 1:colcon.colcon_core.package_identification:_identify(Development/python_resources/qcar2/virtual/applications/rgbd_imaging) by extension 'colcon_pkg'
[2.592s] Level 1:colcon.colcon_core.package_identification:_identify(Development/python_resources/qcar2/virtual/applications/rgbd_imaging) by extensions ['colcon_meta']
[2.592s] Level 1:colcon.colcon_core.package_identification:_identify(Development/python_resources/qcar2/virtual/applications/rgbd_imaging) by extension 'colcon_meta'
[2.592s] Level 1:colcon.colcon_core.package_identification:_identify(Development/python_resources/qcar2/virtual/applications/rgbd_imaging) by extensions ['ros']
[2.592s] Level 1:colcon.colcon_core.package_identification:_identify(Development/python_resources/qcar2/virtual/applications/rgbd_imaging) by extension 'ros'
[2.592s] Level 1:colcon.colcon_core.package_identification:_identify(Development/python_resources/qcar2/virtual/applications/rgbd_imaging) by extensions ['cmake', 'python']
[2.592s] Level 1:colcon.colcon_core.package_identification:_identify(Development/python_resources/qcar2/virtual/applications/rgbd_imaging) by extension 'cmake'
[2.592s] Level 1:colcon.colcon_core.package_identification:_identify(Development/python_resources/qcar2/virtual/applications/rgbd_imaging) by extension 'python'
[2.592s] Level 1:colcon.colcon_core.package_identification:_identify(Development/python_resources/qcar2/virtual/applications/rgbd_imaging) by extensions ['python_setup_py']
[2.592s] Level 1:colcon.colcon_core.package_identification:_identify(Development/python_resources/qcar2/virtual/applications/rgbd_imaging) by extension 'python_setup_py'
[2.592s] Level 1:colcon.colcon_core.package_identification:_identify(Development/python_resources/qcar2/virtual/hardware_tests) by extensions ['ignore', 'ignore_ament_install']
[2.592s] Level 1:colcon.colcon_core.package_identification:_identify(Development/python_resources/qcar2/virtual/hardware_tests) by extension 'ignore'
[2.592s] Level 1:colcon.colcon_core.package_identification:_identify(Development/python_resources/qcar2/virtual/hardware_tests) by extension 'ignore_ament_install'
[2.592s] Level 1:colcon.colcon_core.package_identification:_identify(Development/python_resources/qcar2/virtual/hardware_tests) by extensions ['colcon_pkg']
[2.592s] Level 1:colcon.colcon_core.package_identification:_identify(Development/python_resources/qcar2/virtual/hardware_tests) by extension 'colcon_pkg'
[2.593s] Level 1:colcon.colcon_core.package_identification:_identify(Development/python_resources/qcar2/virtual/hardware_tests) by extensions ['colcon_meta']
[2.593s] Level 1:colcon.colcon_core.package_identification:_identify(Development/python_resources/qcar2/virtual/hardware_tests) by extension 'colcon_meta'
[2.593s] Level 1:colcon.colcon_core.package_identification:_identify(Development/python_resources/qcar2/virtual/hardware_tests) by extensions ['ros']
[2.593s] Level 1:colcon.colcon_core.package_identification:_identify(Development/python_resources/qcar2/virtual/hardware_tests) by extension 'ros'
[2.593s] Level 1:colcon.colcon_core.package_identification:_identify(Development/python_resources/qcar2/virtual/hardware_tests) by extensions ['cmake', 'python']
[2.593s] Level 1:colcon.colcon_core.package_identification:_identify(Development/python_resources/qcar2/virtual/hardware_tests) by extension 'cmake'
[2.593s] Level 1:colcon.colcon_core.package_identification:_identify(Development/python_resources/qcar2/virtual/hardware_tests) by extension 'python'
[2.593s] Level 1:colcon.colcon_core.package_identification:_identify(Development/python_resources/qcar2/virtual/hardware_tests) by extensions ['python_setup_py']
[2.593s] Level 1:colcon.colcon_core.package_identification:_identify(Development/python_resources/qcar2/virtual/hardware_tests) by extension 'python_setup_py'
[2.593s] Level 1:colcon.colcon_core.package_identification:_identify(Development/python_resources/roadmap) by extensions ['ignore', 'ignore_ament_install']
[2.593s] Level 1:colcon.colcon_core.package_identification:_identify(Development/python_resources/roadmap) by extension 'ignore'
[2.593s] Level 1:colcon.colcon_core.package_identification:_identify(Development/python_resources/roadmap) by extension 'ignore_ament_install'
[2.593s] Level 1:colcon.colcon_core.package_identification:_identify(Development/python_resources/roadmap) by extensions ['colcon_pkg']
[2.593s] Level 1:colcon.colcon_core.package_identification:_identify(Development/python_resources/roadmap) by extension 'colcon_pkg'
[2.593s] Level 1:colcon.colcon_core.package_identification:_identify(Development/python_resources/roadmap) by extensions ['colcon_meta']
[2.593s] Level 1:colcon.colcon_core.package_identification:_identify(Development/python_resources/roadmap) by extension 'colcon_meta'
[2.593s] Level 1:colcon.colcon_core.package_identification:_identify(Development/python_resources/roadmap) by extensions ['ros']
[2.593s] Level 1:colcon.colcon_core.package_identification:_identify(Development/python_resources/roadmap) by extension 'ros'
[2.593s] Level 1:colcon.colcon_core.package_identification:_identify(Development/python_resources/roadmap) by extensions ['cmake', 'python']
[2.593s] Level 1:colcon.colcon_core.package_identification:_identify(Development/python_resources/roadmap) by extension 'cmake'
[2.593s] Level 1:colcon.colcon_core.package_identification:_identify(Development/python_resources/roadmap) by extension 'python'
[2.593s] Level 1:colcon.colcon_core.package_identification:_identify(Development/python_resources/roadmap) by extensions ['python_setup_py']
[2.593s] Level 1:colcon.colcon_core.package_identification:_identify(Development/python_resources/roadmap) by extension 'python_setup_py'
[2.593s] Level 1:colcon.colcon_core.package_identification:_identify(Development/python_resources/traffic_light) by extensions ['ignore', 'ignore_ament_install']
[2.593s] Level 1:colcon.colcon_core.package_identification:_identify(Development/python_resources/traffic_light) by extension 'ignore'
[2.593s] Level 1:colcon.colcon_core.package_identification:_identify(Development/python_resources/traffic_light) by extension 'ignore_ament_install'
[2.593s] Level 1:colcon.colcon_core.package_identification:_identify(Development/python_resources/traffic_light) by extensions ['colcon_pkg']
[2.593s] Level 1:colcon.colcon_core.package_identification:_identify(Development/python_resources/traffic_light) by extension 'colcon_pkg'
[2.593s] Level 1:colcon.colcon_core.package_identification:_identify(Development/python_resources/traffic_light) by extensions ['colcon_meta']
[2.593s] Level 1:colcon.colcon_core.package_identification:_identify(Development/python_resources/traffic_light) by extension 'colcon_meta'
[2.594s] Level 1:colcon.colcon_core.package_identification:_identify(Development/python_resources/traffic_light) by extensions ['ros']
[2.594s] Level 1:colcon.colcon_core.package_identification:_identify(Development/python_resources/traffic_light) by extension 'ros'
[2.594s] Level 1:colcon.colcon_core.package_identification:_identify(Development/python_resources/traffic_light) by extensions ['cmake', 'python']
[2.594s] Level 1:colcon.colcon_core.package_identification:_identify(Development/python_resources/traffic_light) by extension 'cmake'
[2.594s] Level 1:colcon.colcon_core.package_identification:_identify(Development/python_resources/traffic_light) by extension 'python'
[2.594s] Level 1:colcon.colcon_core.package_identification:_identify(Development/python_resources/traffic_light) by extensions ['python_setup_py']
[2.594s] Level 1:colcon.colcon_core.package_identification:_identify(Development/python_resources/traffic_light) by extension 'python_setup_py'
[2.594s] Level 1:colcon.colcon_core.package_identification:_identify(Development/ros2) by extensions ['ignore', 'ignore_ament_install']
[2.594s] Level 1:colcon.colcon_core.package_identification:_identify(Development/ros2) by extension 'ignore'
[2.594s] Level 1:colcon.colcon_core.package_identification:_identify(Development/ros2) by extension 'ignore_ament_install'
[2.594s] Level 1:colcon.colcon_core.package_identification:_identify(Development/ros2) by extensions ['colcon_pkg']
[2.594s] Level 1:colcon.colcon_core.package_identification:_identify(Development/ros2) by extension 'colcon_pkg'
[2.594s] Level 1:colcon.colcon_core.package_identification:_identify(Development/ros2) by extensions ['colcon_meta']
[2.594s] Level 1:colcon.colcon_core.package_identification:_identify(Development/ros2) by extension 'colcon_meta'
[2.594s] Level 1:colcon.colcon_core.package_identification:_identify(Development/ros2) by extensions ['ros']
[2.594s] Level 1:colcon.colcon_core.package_identification:_identify(Development/ros2) by extension 'ros'
[2.594s] Level 1:colcon.colcon_core.package_identification:_identify(Development/ros2) by extensions ['cmake', 'python']
[2.594s] Level 1:colcon.colcon_core.package_identification:_identify(Development/ros2) by extension 'cmake'
[2.594s] Level 1:colcon.colcon_core.package_identification:_identify(Development/ros2) by extension 'python'
[2.594s] Level 1:colcon.colcon_core.package_identification:_identify(Development/ros2) by extensions ['python_setup_py']
[2.594s] Level 1:colcon.colcon_core.package_identification:_identify(Development/ros2) by extension 'python_setup_py'
[2.594s] Level 1:colcon.colcon_core.package_identification:_identify(Development/ros2/build) by extensions ['ignore', 'ignore_ament_install']
[2.594s] Level 1:colcon.colcon_core.package_identification:_identify(Development/ros2/build) by extension 'ignore'
[2.594s] Level 1:colcon.colcon_core.package_identification:_identify(Development/ros2/build) ignored
[2.594s] Level 1:colcon.colcon_core.package_identification:_identify(Development/ros2/install) by extensions ['ignore', 'ignore_ament_install']
[2.594s] Level 1:colcon.colcon_core.package_identification:_identify(Development/ros2/install) by extension 'ignore'
[2.594s] Level 1:colcon.colcon_core.package_identification:_identify(Development/ros2/install) ignored
[2.595s] Level 1:colcon.colcon_core.package_identification:_identify(Development/ros2/log) by extensions ['ignore', 'ignore_ament_install']
[2.595s] Level 1:colcon.colcon_core.package_identification:_identify(Development/ros2/log) by extension 'ignore'
[2.595s] Level 1:colcon.colcon_core.package_identification:_identify(Development/ros2/log) ignored
[2.595s] Level 1:colcon.colcon_core.package_identification:_identify(Development/ros2/src) by extensions ['ignore', 'ignore_ament_install']
[2.595s] Level 1:colcon.colcon_core.package_identification:_identify(Development/ros2/src) by extension 'ignore'
[2.595s] Level 1:colcon.colcon_core.package_identification:_identify(Development/ros2/src) by extension 'ignore_ament_install'
[2.595s] Level 1:colcon.colcon_core.package_identification:_identify(Development/ros2/src) by extensions ['colcon_pkg']
[2.595s] Level 1:colcon.colcon_core.package_identification:_identify(Development/ros2/src) by extension 'colcon_pkg'
[2.595s] Level 1:colcon.colcon_core.package_identification:_identify(Development/ros2/src) by extensions ['colcon_meta']
[2.595s] Level 1:colcon.colcon_core.package_identification:_identify(Development/ros2/src) by extension 'colcon_meta'
[2.595s] Level 1:colcon.colcon_core.package_identification:_identify(Development/ros2/src) by extensions ['ros']
[2.595s] Level 1:colcon.colcon_core.package_identification:_identify(Development/ros2/src) by extension 'ros'
[2.595s] Level 1:colcon.colcon_core.package_identification:_identify(Development/ros2/src) by extensions ['cmake', 'python']
[2.595s] Level 1:colcon.colcon_core.package_identification:_identify(Development/ros2/src) by extension 'cmake'
[2.595s] Level 1:colcon.colcon_core.package_identification:_identify(Development/ros2/src) by extension 'python'
[2.595s] Level 1:colcon.colcon_core.package_identification:_identify(Development/ros2/src) by extensions ['python_setup_py']
[2.595s] Level 1:colcon.colcon_core.package_identification:_identify(Development/ros2/src) by extension 'python_setup_py'
[2.595s] Level 1:colcon.colcon_core.package_identification:_identify(Development/ros2/src/qcar2_autonomy) by extensions ['ignore', 'ignore_ament_install']
[2.595s] Level 1:colcon.colcon_core.package_identification:_identify(Development/ros2/src/qcar2_autonomy) by extension 'ignore'
[2.595s] Level 1:colcon.colcon_core.package_identification:_identify(Development/ros2/src/qcar2_autonomy) by extension 'ignore_ament_install'
[2.595s] Level 1:colcon.colcon_core.package_identification:_identify(Development/ros2/src/qcar2_autonomy) by extensions ['colcon_pkg']
[2.595s] Level 1:colcon.colcon_core.package_identification:_identify(Development/ros2/src/qcar2_autonomy) by extension 'colcon_pkg'
[2.595s] Level 1:colcon.colcon_core.package_identification:_identify(Development/ros2/src/qcar2_autonomy) by extensions ['colcon_meta']
[2.595s] Level 1:colcon.colcon_core.package_identification:_identify(Development/ros2/src/qcar2_autonomy) by extension 'colcon_meta'
[2.595s] Level 1:colcon.colcon_core.package_identification:_identify(Development/ros2/src/qcar2_autonomy) by extensions ['ros']
[2.595s] Level 1:colcon.colcon_core.package_identification:_identify(Development/ros2/src/qcar2_autonomy) by extension 'ros'
[2.599s] DEBUG:colcon.colcon_core.package_identification:Package 'Development/ros2/src/qcar2_autonomy' with type 'ros.ament_python' and name 'qcar2_autonomy'
[2.599s] Level 1:colcon.colcon_core.package_identification:_identify(Development/ros2/src/qcar2_interfaces) by extensions ['ignore', 'ignore_ament_install']
[2.599s] Level 1:colcon.colcon_core.package_identification:_identify(Development/ros2/src/qcar2_interfaces) by extension 'ignore'
[2.599s] Level 1:colcon.colcon_core.package_identification:_identify(Development/ros2/src/qcar2_interfaces) by extension 'ignore_ament_install'
[2.599s] Level 1:colcon.colcon_core.package_identification:_identify(Development/ros2/src/qcar2_interfaces) by extensions ['colcon_pkg']
[2.600s] Level 1:colcon.colcon_core.package_identification:_identify(Development/ros2/src/qcar2_interfaces) by extension 'colcon_pkg'
[2.600s] Level 1:colcon.colcon_core.package_identification:_identify(Development/ros2/src/qcar2_interfaces) by extensions ['colcon_meta']
[2.600s] Level 1:colcon.colcon_core.package_identification:_identify(Development/ros2/src/qcar2_interfaces) by extension 'colcon_meta'
[2.600s] Level 1:colcon.colcon_core.package_identification:_identify(Development/ros2/src/qcar2_interfaces) by extensions ['ros']
[2.600s] Level 1:colcon.colcon_core.package_identification:_identify(Development/ros2/src/qcar2_interfaces) by extension 'ros'
[2.600s] DEBUG:colcon.colcon_core.package_identification:Package 'Development/ros2/src/qcar2_interfaces' with type 'ros.ament_cmake' and name 'qcar2_interfaces'
[2.600s] Level 1:colcon.colcon_core.package_identification:_identify(Development/ros2/src/qcar2_nodes) by extensions ['ignore', 'ignore_ament_install']
[2.600s] Level 1:colcon.colcon_core.package_identification:_identify(Development/ros2/src/qcar2_nodes) by extension 'ignore'
[2.600s] Level 1:colcon.colcon_core.package_identification:_identify(Development/ros2/src/qcar2_nodes) by extension 'ignore_ament_install'
[2.601s] Level 1:colcon.colcon_core.package_identification:_identify(Development/ros2/src/qcar2_nodes) by extensions ['colcon_pkg']
[2.601s] Level 1:colcon.colcon_core.package_identification:_identify(Development/ros2/src/qcar2_nodes) by extension 'colcon_pkg'
[2.601s] Level 1:colcon.colcon_core.package_identification:_identify(Development/ros2/src/qcar2_nodes) by extensions ['colcon_meta']
[2.601s] Level 1:colcon.colcon_core.package_identification:_identify(Development/ros2/src/qcar2_nodes) by extension 'colcon_meta'
[2.601s] Level 1:colcon.colcon_core.package_identification:_identify(Development/ros2/src/qcar2_nodes) by extensions ['ros']
[2.601s] Level 1:colcon.colcon_core.package_identification:_identify(Development/ros2/src/qcar2_nodes) by extension 'ros'
[2.601s] DEBUG:colcon.colcon_core.package_identification:Package 'Development/ros2/src/qcar2_nodes' with type 'ros.ament_cmake' and name 'qcar2_nodes'
[2.602s] Level 1:colcon.colcon_core.package_identification:_identify(Development/ros2/src/qcar2_perception) by extensions ['ignore', 'ignore_ament_install']
[2.602s] Level 1:colcon.colcon_core.package_identification:_identify(Development/ros2/src/qcar2_perception) by extension 'ignore'
[2.602s] Level 1:colcon.colcon_core.package_identification:_identify(Development/ros2/src/qcar2_perception) by extension 'ignore_ament_install'
[2.602s] Level 1:colcon.colcon_core.package_identification:_identify(Development/ros2/src/qcar2_perception) by extensions ['colcon_pkg']
[2.602s] Level 1:colcon.colcon_core.package_identification:_identify(Development/ros2/src/qcar2_perception) by extension 'colcon_pkg'
[2.602s] Level 1:colcon.colcon_core.package_identification:_identify(Development/ros2/src/qcar2_perception) by extensions ['colcon_meta']
[2.602s] Level 1:colcon.colcon_core.package_identification:_identify(Development/ros2/src/qcar2_perception) by extension 'colcon_meta'
[2.602s] Level 1:colcon.colcon_core.package_identification:_identify(Development/ros2/src/qcar2_perception) by extensions ['ros']
[2.602s] Level 1:colcon.colcon_core.package_identification:_identify(Development/ros2/src/qcar2_perception) by extension 'ros'
[2.603s] DEBUG:colcon.colcon_core.package_identification:Package 'Development/ros2/src/qcar2_perception' with type 'ros.ament_python' and name 'qcar2_perception'
[2.603s] Level 1:colcon.colcon_core.package_identification:_identify(backup) by extensions ['ignore', 'ignore_ament_install']
[2.603s] Level 1:colcon.colcon_core.package_identification:_identify(backup) by extension 'ignore'
[2.603s] Level 1:colcon.colcon_core.package_identification:_identify(backup) by extension 'ignore_ament_install'
[2.603s] Level 1:colcon.colcon_core.package_identification:_identify(backup) by extensions ['colcon_pkg']
[2.603s] Level 1:colcon.colcon_core.package_identification:_identify(backup) by extension 'colcon_pkg'
[2.603s] Level 1:colcon.colcon_core.package_identification:_identify(backup) by extensions ['colcon_meta']
[2.603s] Level 1:colcon.colcon_core.package_identification:_identify(backup) by extension 'colcon_meta'
[2.603s] Level 1:colcon.colcon_core.package_identification:_identify(backup) by extensions ['ros']
[2.603s] Level 1:colcon.colcon_core.package_identification:_identify(backup) by extension 'ros'
[2.603s] Level 1:colcon.colcon_core.package_identification:_identify(backup) by extensions ['cmake', 'python']
[2.603s] Level 1:colcon.colcon_core.package_identification:_identify(backup) by extension 'cmake'
[2.603s] Level 1:colcon.colcon_core.package_identification:_identify(backup) by extension 'python'
[2.603s] Level 1:colcon.colcon_core.package_identification:_identify(backup) by extensions ['python_setup_py']
[2.603s] Level 1:colcon.colcon_core.package_identification:_identify(backup) by extension 'python_setup_py'
[2.603s] Level 1:colcon.colcon_core.package_identification:_identify(backup/Quanser_Academic_Resources) by extensions ['ignore', 'ignore_ament_install']
[2.603s] Level 1:colcon.colcon_core.package_identification:_identify(backup/Quanser_Academic_Resources) by extension 'ignore'
[2.603s] Level 1:colcon.colcon_core.package_identification:_identify(backup/Quanser_Academic_Resources) by extension 'ignore_ament_install'
[2.603s] Level 1:colcon.colcon_core.package_identification:_identify(backup/Quanser_Academic_Resources) by extensions ['colcon_pkg']
[2.603s] Level 1:colcon.colcon_core.package_identification:_identify(backup/Quanser_Academic_Resources) by extension 'colcon_pkg'
[2.604s] Level 1:colcon.colcon_core.package_identification:_identify(backup/Quanser_Academic_Resources) by extensions ['colcon_meta']
[2.604s] Level 1:colcon.colcon_core.package_identification:_identify(backup/Quanser_Academic_Resources) by extension 'colcon_meta'
[2.604s] Level 1:colcon.colcon_core.package_identification:_identify(backup/Quanser_Academic_Resources) by extensions ['ros']
[2.604s] Level 1:colcon.colcon_core.package_identification:_identify(backup/Quanser_Academic_Resources) by extension 'ros'
[2.604s] Level 1:colcon.colcon_core.package_identification:_identify(backup/Quanser_Academic_Resources) by extensions ['cmake', 'python']
[2.604s] Level 1:colcon.colcon_core.package_identification:_identify(backup/Quanser_Academic_Resources) by extension 'cmake'
[2.604s] Level 1:colcon.colcon_core.package_identification:_identify(backup/Quanser_Academic_Resources) by extension 'python'
[2.604s] Level 1:colcon.colcon_core.package_identification:_identify(backup/Quanser_Academic_Resources) by extensions ['python_setup_py']
[2.604s] Level 1:colcon.colcon_core.package_identification:_identify(backup/Quanser_Academic_Resources) by extension 'python_setup_py'
[2.604s] Level 1:colcon.colcon_core.package_identification:_identify(backup/Quanser_Academic_Resources/0_libraries) by extensions ['ignore', 'ignore_ament_install']
[2.604s] Level 1:colcon.colcon_core.package_identification:_identify(backup/Quanser_Academic_Resources/0_libraries) by extension 'ignore'
[2.604s] Level 1:colcon.colcon_core.package_identification:_identify(backup/Quanser_Academic_Resources/0_libraries) by extension 'ignore_ament_install'
[2.604s] Level 1:colcon.colcon_core.package_identification:_identify(backup/Quanser_Academic_Resources/0_libraries) by extensions ['colcon_pkg']
[2.604s] Level 1:colcon.colcon_core.package_identification:_identify(backup/Quanser_Academic_Resources/0_libraries) by extension 'colcon_pkg'
[2.604s] Level 1:colcon.colcon_core.package_identification:_identify(backup/Quanser_Academic_Resources/0_libraries) by extensions ['colcon_meta']
[2.604s] Level 1:colcon.colcon_core.package_identification:_identify(backup/Quanser_Academic_Resources/0_libraries) by extension 'colcon_meta'
[2.604s] Level 1:colcon.colcon_core.package_identification:_identify(backup/Quanser_Academic_Resources/0_libraries) by extensions ['ros']
[2.604s] Level 1:colcon.colcon_core.package_identification:_identify(backup/Quanser_Academic_Resources/0_libraries) by extension 'ros'
[2.604s] Level 1:colcon.colcon_core.package_identification:_identify(backup/Quanser_Academic_Resources/0_libraries) by extensions ['cmake', 'python']
[2.604s] Level 1:colcon.colcon_core.package_identification:_identify(backup/Quanser_Academic_Resources/0_libraries) by extension 'cmake'
[2.604s] Level 1:colcon.colcon_core.package_identification:_identify(backup/Quanser_Academic_Resources/0_libraries) by extension 'python'
[2.604s] Level 1:colcon.colcon_core.package_identification:_identify(backup/Quanser_Academic_Resources/0_libraries) by extensions ['python_setup_py']
[2.604s] Level 1:colcon.colcon_core.package_identification:_identify(backup/Quanser_Academic_Resources/0_libraries) by extension 'python_setup_py'
[2.604s] Level 1:colcon.colcon_core.package_identification:_identify(backup/Quanser_Academic_Resources/0_libraries/python) by extensions ['ignore', 'ignore_ament_install']
[2.604s] Level 1:colcon.colcon_core.package_identification:_identify(backup/Quanser_Academic_Resources/0_libraries/python) by extension 'ignore'
[2.604s] Level 1:colcon.colcon_core.package_identification:_identify(backup/Quanser_Academic_Resources/0_libraries/python) by extension 'ignore_ament_install'
[2.604s] Level 1:colcon.colcon_core.package_identification:_identify(backup/Quanser_Academic_Resources/0_libraries/python) by extensions ['colcon_pkg']
[2.604s] Level 1:colcon.colcon_core.package_identification:_identify(backup/Quanser_Academic_Resources/0_libraries/python) by extension 'colcon_pkg'
[2.604s] Level 1:colcon.colcon_core.package_identification:_identify(backup/Quanser_Academic_Resources/0_libraries/python) by extensions ['colcon_meta']
[2.604s] Level 1:colcon.colcon_core.package_identification:_identify(backup/Quanser_Academic_Resources/0_libraries/python) by extension 'colcon_meta'
[2.605s] Level 1:colcon.colcon_core.package_identification:_identify(backup/Quanser_Academic_Resources/0_libraries/python) by extensions ['ros']
[2.605s] Level 1:colcon.colcon_core.package_identification:_identify(backup/Quanser_Academic_Resources/0_libraries/python) by extension 'ros'
[2.605s] Level 1:colcon.colcon_core.package_identification:_identify(backup/Quanser_Academic_Resources/0_libraries/python) by extensions ['cmake', 'python']
[2.605s] Level 1:colcon.colcon_core.package_identification:_identify(backup/Quanser_Academic_Resources/0_libraries/python) by extension 'cmake'
[2.605s] Level 1:colcon.colcon_core.package_identification:_identify(backup/Quanser_Academic_Resources/0_libraries/python) by extension 'python'
[2.605s] Level 1:colcon.colcon_core.package_identification:_identify(backup/Quanser_Academic_Resources/0_libraries/python) by extensions ['python_setup_py']
[2.605s] Level 1:colcon.colcon_core.package_identification:_identify(backup/Quanser_Academic_Resources/0_libraries/python) by extension 'python_setup_py'
[2.605s] Level 1:colcon.colcon_core.package_identification:_identify(backup/Quanser_Academic_Resources/0_libraries/python/hal) by extensions ['ignore', 'ignore_ament_install']
[2.605s] Level 1:colcon.colcon_core.package_identification:_identify(backup/Quanser_Academic_Resources/0_libraries/python/hal) by extension 'ignore'
[2.605s] Level 1:colcon.colcon_core.package_identification:_identify(backup/Quanser_Academic_Resources/0_libraries/python/hal) by extension 'ignore_ament_install'
[2.605s] Level 1:colcon.colcon_core.package_identification:_identify(backup/Quanser_Academic_Resources/0_libraries/python/hal) by extensions ['colcon_pkg']
[2.605s] Level 1:colcon.colcon_core.package_identification:_identify(backup/Quanser_Academic_Resources/0_libraries/python/hal) by extension 'colcon_pkg'
[2.605s] Level 1:colcon.colcon_core.package_identification:_identify(backup/Quanser_Academic_Resources/0_libraries/python/hal) by extensions ['colcon_meta']
[2.605s] Level 1:colcon.colcon_core.package_identification:_identify(backup/Quanser_Academic_Resources/0_libraries/python/hal) by extension 'colcon_meta'
[2.605s] Level 1:colcon.colcon_core.package_identification:_identify(backup/Quanser_Academic_Resources/0_libraries/python/hal) by extensions ['ros']
[2.605s] Level 1:colcon.colcon_core.package_identification:_identify(backup/Quanser_Academic_Resources/0_libraries/python/hal) by extension 'ros'
[2.605s] Level 1:colcon.colcon_core.package_identification:_identify(backup/Quanser_Academic_Resources/0_libraries/python/hal) by extensions ['cmake', 'python']
[2.605s] Level 1:colcon.colcon_core.package_identification:_identify(backup/Quanser_Academic_Resources/0_libraries/python/hal) by extension 'cmake'
[2.605s] Level 1:colcon.colcon_core.package_identification:_identify(backup/Quanser_Academic_Resources/0_libraries/python/hal) by extension 'python'
[2.605s] Level 1:colcon.colcon_core.package_identification:_identify(backup/Quanser_Academic_Resources/0_libraries/python/hal) by extensions ['python_setup_py']
[2.605s] Level 1:colcon.colcon_core.package_identification:_identify(backup/Quanser_Academic_Resources/0_libraries/python/hal) by extension 'python_setup_py'
[2.605s] Level 1:colcon.colcon_core.package_identification:_identify(backup/Quanser_Academic_Resources/0_libraries/python/hal/content) by extensions ['ignore', 'ignore_ament_install']
[2.605s] Level 1:colcon.colcon_core.package_identification:_identify(backup/Quanser_Academic_Resources/0_libraries/python/hal/content) by extension 'ignore'
[2.605s] Level 1:colcon.colcon_core.package_identification:_identify(backup/Quanser_Academic_Resources/0_libraries/python/hal/content) by extension 'ignore_ament_install'
[2.605s] Level 1:colcon.colcon_core.package_identification:_identify(backup/Quanser_Academic_Resources/0_libraries/python/hal/content) by extensions ['colcon_pkg']
[2.605s] Level 1:colcon.colcon_core.package_identification:_identify(backup/Quanser_Academic_Resources/0_libraries/python/hal/content) by extension 'colcon_pkg'
[2.605s] Level 1:colcon.colcon_core.package_identification:_identify(backup/Quanser_Academic_Resources/0_libraries/python/hal/content) by extensions ['colcon_meta']
[2.605s] Level 1:colcon.colcon_core.package_identification:_identify(backup/Quanser_Academic_Resources/0_libraries/python/hal/content) by extension 'colcon_meta'
[2.606s] Level 1:colcon.colcon_core.package_identification:_identify(backup/Quanser_Academic_Resources/0_libraries/python/hal/content) by extensions ['ros']
[2.606s] Level 1:colcon.colcon_core.package_identification:_identify(backup/Quanser_Academic_Resources/0_libraries/python/hal/content) by extension 'ros'
[2.606s] Level 1:colcon.colcon_core.package_identification:_identify(backup/Quanser_Academic_Resources/0_libraries/python/hal/content) by extensions ['cmake', 'python']
[2.606s] Level 1:colcon.colcon_core.package_identification:_identify(backup/Quanser_Academic_Resources/0_libraries/python/hal/content) by extension 'cmake'
[2.606s] Level 1:colcon.colcon_core.package_identification:_identify(backup/Quanser_Academic_Resources/0_libraries/python/hal/content) by extension 'python'
[2.606s] Level 1:colcon.colcon_core.package_identification:_identify(backup/Quanser_Academic_Resources/0_libraries/python/hal/content) by extensions ['python_setup_py']
[2.606s] Level 1:colcon.colcon_core.package_identification:_identify(backup/Quanser_Academic_Resources/0_libraries/python/hal/content) by extension 'python_setup_py'
[2.606s] Level 1:colcon.colcon_core.package_identification:_identify(backup/Quanser_Academic_Resources/0_libraries/python/hal/products) by extensions ['ignore', 'ignore_ament_install']
[2.606s] Level 1:colcon.colcon_core.package_identification:_identify(backup/Quanser_Academic_Resources/0_libraries/python/hal/products) by extension 'ignore'
[2.606s] Level 1:colcon.colcon_core.package_identification:_identify(backup/Quanser_Academic_Resources/0_libraries/python/hal/products) by extension 'ignore_ament_install'
[2.606s] Level 1:colcon.colcon_core.package_identification:_identify(backup/Quanser_Academic_Resources/0_libraries/python/hal/products) by extensions ['colcon_pkg']
[2.606s] Level 1:colcon.colcon_core.package_identification:_identify(backup/Quanser_Academic_Resources/0_libraries/python/hal/products) by extension 'colcon_pkg'
[2.606s] Level 1:colcon.colcon_core.package_identification:_identify(backup/Quanser_Academic_Resources/0_libraries/python/hal/products) by extensions ['colcon_meta']
[2.606s] Level 1:colcon.colcon_core.package_identification:_identify(backup/Quanser_Academic_Resources/0_libraries/python/hal/products) by extension 'colcon_meta'
[2.606s] Level 1:colcon.colcon_core.package_identification:_identify(backup/Quanser_Academic_Resources/0_libraries/python/hal/products) by extensions ['ros']
[2.606s] Level 1:colcon.colcon_core.package_identification:_identify(backup/Quanser_Academic_Resources/0_libraries/python/hal/products) by extension 'ros'
[2.606s] Level 1:colcon.colcon_core.package_identification:_identify(backup/Quanser_Academic_Resources/0_libraries/python/hal/products) by extensions ['cmake', 'python']
[2.606s] Level 1:colcon.colcon_core.package_identification:_identify(backup/Quanser_Academic_Resources/0_libraries/python/hal/products) by extension 'cmake'
[2.606s] Level 1:colcon.colcon_core.package_identification:_identify(backup/Quanser_Academic_Resources/0_libraries/python/hal/products) by extension 'python'
[2.606s] Level 1:colcon.colcon_core.package_identification:_identify(backup/Quanser_Academic_Resources/0_libraries/python/hal/products) by extensions ['python_setup_py']
[2.606s] Level 1:colcon.colcon_core.package_identification:_identify(backup/Quanser_Academic_Resources/0_libraries/python/hal/products) by extension 'python_setup_py'
[2.606s] Level 1:colcon.colcon_core.package_identification:_identify(backup/Quanser_Academic_Resources/0_libraries/python/hal/utilities) by extensions ['ignore', 'ignore_ament_install']
[2.606s] Level 1:colcon.colcon_core.package_identification:_identify(backup/Quanser_Academic_Resources/0_libraries/python/hal/utilities) by extension 'ignore'
[2.606s] Level 1:colcon.colcon_core.package_identification:_identify(backup/Quanser_Academic_Resources/0_libraries/python/hal/utilities) by extension 'ignore_ament_install'
[2.606s] Level 1:colcon.colcon_core.package_identification:_identify(backup/Quanser_Academic_Resources/0_libraries/python/hal/utilities) by extensions ['colcon_pkg']
[2.606s] Level 1:colcon.colcon_core.package_identification:_identify(backup/Quanser_Academic_Resources/0_libraries/python/hal/utilities) by extension 'colcon_pkg'
[2.606s] Level 1:colcon.colcon_core.package_identification:_identify(backup/Quanser_Academic_Resources/0_libraries/python/hal/utilities) by extensions ['colcon_meta']
[2.606s] Level 1:colcon.colcon_core.package_identification:_identify(backup/Quanser_Academic_Resources/0_libraries/python/hal/utilities) by extension 'colcon_meta'
[2.607s] Level 1:colcon.colcon_core.package_identification:_identify(backup/Quanser_Academic_Resources/0_libraries/python/hal/utilities) by extensions ['ros']
[2.607s] Level 1:colcon.colcon_core.package_identification:_identify(backup/Quanser_Academic_Resources/0_libraries/python/hal/utilities) by extension 'ros'
[2.607s] Level 1:colcon.colcon_core.package_identification:_identify(backup/Quanser_Academic_Resources/0_libraries/python/hal/utilities) by extensions ['cmake', 'python']
[2.607s] Level 1:colcon.colcon_core.package_identification:_identify(backup/Quanser_Academic_Resources/0_libraries/python/hal/utilities) by extension 'cmake'
[2.607s] Level 1:colcon.colcon_core.package_identification:_identify(backup/Quanser_Academic_Resources/0_libraries/python/hal/utilities) by extension 'python'
[2.607s] Level 1:colcon.colcon_core.package_identification:_identify(backup/Quanser_Academic_Resources/0_libraries/python/hal/utilities) by extensions ['python_setup_py']
[2.607s] Level 1:colcon.colcon_core.package_identification:_identify(backup/Quanser_Academic_Resources/0_libraries/python/hal/utilities) by extension 'python_setup_py'
[2.607s] Level 1:colcon.colcon_core.package_identification:_identify(backup/Quanser_Academic_Resources/0_libraries/python/pal) by extensions ['ignore', 'ignore_ament_install']
[2.607s] Level 1:colcon.colcon_core.package_identification:_identify(backup/Quanser_Academic_Resources/0_libraries/python/pal) by extension 'ignore'
[2.607s] Level 1:colcon.colcon_core.package_identification:_identify(backup/Quanser_Academic_Resources/0_libraries/python/pal) by extension 'ignore_ament_install'
[2.607s] Level 1:colcon.colcon_core.package_identification:_identify(backup/Quanser_Academic_Resources/0_libraries/python/pal) by extensions ['colcon_pkg']
[2.607s] Level 1:colcon.colcon_core.package_identification:_identify(backup/Quanser_Academic_Resources/0_libraries/python/pal) by extension 'colcon_pkg'
[2.607s] Level 1:colcon.colcon_core.package_identification:_identify(backup/Quanser_Academic_Resources/0_libraries/python/pal) by extensions ['colcon_meta']
[2.607s] Level 1:colcon.colcon_core.package_identification:_identify(backup/Quanser_Academic_Resources/0_libraries/python/pal) by extension 'colcon_meta'
[2.607s] Level 1:colcon.colcon_core.package_identification:_identify(backup/Quanser_Academic_Resources/0_libraries/python/pal) by extensions ['ros']
[2.607s] Level 1:colcon.colcon_core.package_identification:_identify(backup/Quanser_Academic_Resources/0_libraries/python/pal) by extension 'ros'
[2.607s] Level 1:colcon.colcon_core.package_identification:_identify(backup/Quanser_Academic_Resources/0_libraries/python/pal) by extensions ['cmake', 'python']
[2.607s] Level 1:colcon.colcon_core.package_identification:_identify(backup/Quanser_Academic_Resources/0_libraries/python/pal) by extension 'cmake'
[2.607s] Level 1:colcon.colcon_core.package_identification:_identify(backup/Quanser_Academic_Resources/0_libraries/python/pal) by extension 'python'
[2.607s] Level 1:colcon.colcon_core.package_identification:_identify(backup/Quanser_Academic_Resources/0_libraries/python/pal) by extensions ['python_setup_py']
[2.607s] Level 1:colcon.colcon_core.package_identification:_identify(backup/Quanser_Academic_Resources/0_libraries/python/pal) by extension 'python_setup_py'
[2.607s] Level 1:colcon.colcon_core.package_identification:_identify(backup/Quanser_Academic_Resources/0_libraries/python/pal/products) by extensions ['ignore', 'ignore_ament_install']
[2.607s] Level 1:colcon.colcon_core.package_identification:_identify(backup/Quanser_Academic_Resources/0_libraries/python/pal/products) by extension 'ignore'
[2.607s] Level 1:colcon.colcon_core.package_identification:_identify(backup/Quanser_Academic_Resources/0_libraries/python/pal/products) by extension 'ignore_ament_install'
[2.607s] Level 1:colcon.colcon_core.package_identification:_identify(backup/Quanser_Academic_Resources/0_libraries/python/pal/products) by extensions ['colcon_pkg']
[2.607s] Level 1:colcon.colcon_core.package_identification:_identify(backup/Quanser_Academic_Resources/0_libraries/python/pal/products) by extension 'colcon_pkg'
[2.607s] Level 1:colcon.colcon_core.package_identification:_identify(backup/Quanser_Academic_Resources/0_libraries/python/pal/products) by extensions ['colcon_meta']
[2.607s] Level 1:colcon.colcon_core.package_identification:_identify(backup/Quanser_Academic_Resources/0_libraries/python/pal/products) by extension 'colcon_meta'
[2.607s] Level 1:colcon.colcon_core.package_identification:_identify(backup/Quanser_Academic_Resources/0_libraries/python/pal/products) by extensions ['ros']
[2.608s] Level 1:colcon.colcon_core.package_identification:_identify(backup/Quanser_Academic_Resources/0_libraries/python/pal/products) by extension 'ros'
[2.608s] Level 1:colcon.colcon_core.package_identification:_identify(backup/Quanser_Academic_Resources/0_libraries/python/pal/products) by extensions ['cmake', 'python']
[2.608s] Level 1:colcon.colcon_core.package_identification:_identify(backup/Quanser_Academic_Resources/0_libraries/python/pal/products) by extension 'cmake'
[2.608s] Level 1:colcon.colcon_core.package_identification:_identify(backup/Quanser_Academic_Resources/0_libraries/python/pal/products) by extension 'python'
[2.608s] Level 1:colcon.colcon_core.package_identification:_identify(backup/Quanser_Academic_Resources/0_libraries/python/pal/products) by extensions ['python_setup_py']
[2.608s] Level 1:colcon.colcon_core.package_identification:_identify(backup/Quanser_Academic_Resources/0_libraries/python/pal/products) by extension 'python_setup_py'
[2.608s] Level 1:colcon.colcon_core.package_identification:_identify(backup/Quanser_Academic_Resources/0_libraries/python/pal/resources) by extensions ['ignore', 'ignore_ament_install']
[2.608s] Level 1:colcon.colcon_core.package_identification:_identify(backup/Quanser_Academic_Resources/0_libraries/python/pal/resources) by extension 'ignore'
[2.608s] Level 1:colcon.colcon_core.package_identification:_identify(backup/Quanser_Academic_Resources/0_libraries/python/pal/resources) by extension 'ignore_ament_install'
[2.608s] Level 1:colcon.colcon_core.package_identification:_identify(backup/Quanser_Academic_Resources/0_libraries/python/pal/resources) by extensions ['colcon_pkg']
[2.608s] Level 1:colcon.colcon_core.package_identification:_identify(backup/Quanser_Academic_Resources/0_libraries/python/pal/resources) by extension 'colcon_pkg'
[2.608s] Level 1:colcon.colcon_core.package_identification:_identify(backup/Quanser_Academic_Resources/0_libraries/python/pal/resources) by extensions ['colcon_meta']
[2.608s] Level 1:colcon.colcon_core.package_identification:_identify(backup/Quanser_Academic_Resources/0_libraries/python/pal/resources) by extension 'colcon_meta'
[2.608s] Level 1:colcon.colcon_core.package_identification:_identify(backup/Quanser_Academic_Resources/0_libraries/python/pal/resources) by extensions ['ros']
[2.608s] Level 1:colcon.colcon_core.package_identification:_identify(backup/Quanser_Academic_Resources/0_libraries/python/pal/resources) by extension 'ros'
[2.608s] Level 1:colcon.colcon_core.package_identification:_identify(backup/Quanser_Academic_Resources/0_libraries/python/pal/resources) by extensions ['cmake', 'python']
[2.608s] Level 1:colcon.colcon_core.package_identification:_identify(backup/Quanser_Academic_Resources/0_libraries/python/pal/resources) by extension 'cmake'
[2.608s] Level 1:colcon.colcon_core.package_identification:_identify(backup/Quanser_Academic_Resources/0_libraries/python/pal/resources) by extension 'python'
[2.608s] Level 1:colcon.colcon_core.package_identification:_identify(backup/Quanser_Academic_Resources/0_libraries/python/pal/resources) by extensions ['python_setup_py']
[2.608s] Level 1:colcon.colcon_core.package_identification:_identify(backup/Quanser_Academic_Resources/0_libraries/python/pal/resources) by extension 'python_setup_py'
[2.608s] Level 1:colcon.colcon_core.package_identification:_identify(backup/Quanser_Academic_Resources/0_libraries/python/pal/utilities) by extensions ['ignore', 'ignore_ament_install']
[2.608s] Level 1:colcon.colcon_core.package_identification:_identify(backup/Quanser_Academic_Resources/0_libraries/python/pal/utilities) by extension 'ignore'
[2.608s] Level 1:colcon.colcon_core.package_identification:_identify(backup/Quanser_Academic_Resources/0_libraries/python/pal/utilities) by extension 'ignore_ament_install'
[2.608s] Level 1:colcon.colcon_core.package_identification:_identify(backup/Quanser_Academic_Resources/0_libraries/python/pal/utilities) by extensions ['colcon_pkg']
[2.608s] Level 1:colcon.colcon_core.package_identification:_identify(backup/Quanser_Academic_Resources/0_libraries/python/pal/utilities) by extension 'colcon_pkg'
[2.608s] Level 1:colcon.colcon_core.package_identification:_identify(backup/Quanser_Academic_Resources/0_libraries/python/pal/utilities) by extensions ['colcon_meta']
[2.608s] Level 1:colcon.colcon_core.package_identification:_identify(backup/Quanser_Academic_Resources/0_libraries/python/pal/utilities) by extension 'colcon_meta'
[2.608s] Level 1:colcon.colcon_core.package_identification:_identify(backup/Quanser_Academic_Resources/0_libraries/python/pal/utilities) by extensions ['ros']
[2.608s] Level 1:colcon.colcon_core.package_identification:_identify(backup/Quanser_Academic_Resources/0_libraries/python/pal/utilities) by extension 'ros'
[2.609s] Level 1:colcon.colcon_core.package_identification:_identify(backup/Quanser_Academic_Resources/0_libraries/python/pal/utilities) by extensions ['cmake', 'python']
[2.609s] Level 1:colcon.colcon_core.package_identification:_identify(backup/Quanser_Academic_Resources/0_libraries/python/pal/utilities) by extension 'cmake'
[2.609s] Level 1:colcon.colcon_core.package_identification:_identify(backup/Quanser_Academic_Resources/0_libraries/python/pal/utilities) by extension 'python'
[2.609s] Level 1:colcon.colcon_core.package_identification:_identify(backup/Quanser_Academic_Resources/0_libraries/python/pal/utilities) by extensions ['python_setup_py']
[2.609s] Level 1:colcon.colcon_core.package_identification:_identify(backup/Quanser_Academic_Resources/0_libraries/python/pal/utilities) by extension 'python_setup_py'
[2.609s] Level 1:colcon.colcon_core.package_identification:_identify(backup/Quanser_Academic_Resources/0_libraries/python/pit) by extensions ['ignore', 'ignore_ament_install']
[2.609s] Level 1:colcon.colcon_core.package_identification:_identify(backup/Quanser_Academic_Resources/0_libraries/python/pit) by extension 'ignore'
[2.609s] Level 1:colcon.colcon_core.package_identification:_identify(backup/Quanser_Academic_Resources/0_libraries/python/pit) by extension 'ignore_ament_install'
[2.609s] Level 1:colcon.colcon_core.package_identification:_identify(backup/Quanser_Academic_Resources/0_libraries/python/pit) by extensions ['colcon_pkg']
[2.609s] Level 1:colcon.colcon_core.package_identification:_identify(backup/Quanser_Academic_Resources/0_libraries/python/pit) by extension 'colcon_pkg'
[2.609s] Level 1:colcon.colcon_core.package_identification:_identify(backup/Quanser_Academic_Resources/0_libraries/python/pit) by extensions ['colcon_meta']
[2.609s] Level 1:colcon.colcon_core.package_identification:_identify(backup/Quanser_Academic_Resources/0_libraries/python/pit) by extension 'colcon_meta'
[2.609s] Level 1:colcon.colcon_core.package_identification:_identify(backup/Quanser_Academic_Resources/0_libraries/python/pit) by extensions ['ros']
[2.609s] Level 1:colcon.colcon_core.package_identification:_identify(backup/Quanser_Academic_Resources/0_libraries/python/pit) by extension 'ros'
[2.609s] Level 1:colcon.colcon_core.package_identification:_identify(backup/Quanser_Academic_Resources/0_libraries/python/pit) by extensions ['cmake', 'python']
[2.609s] Level 1:colcon.colcon_core.package_identification:_identify(backup/Quanser_Academic_Resources/0_libraries/python/pit) by extension 'cmake'
[2.609s] Level 1:colcon.colcon_core.package_identification:_identify(backup/Quanser_Academic_Resources/0_libraries/python/pit) by extension 'python'
[2.609s] Level 1:colcon.colcon_core.package_identification:_identify(backup/Quanser_Academic_Resources/0_libraries/python/pit) by extensions ['python_setup_py']
[2.609s] Level 1:colcon.colcon_core.package_identification:_identify(backup/Quanser_Academic_Resources/0_libraries/python/pit) by extension 'python_setup_py'
[2.609s] Level 1:colcon.colcon_core.package_identification:_identify(backup/Quanser_Academic_Resources/0_libraries/python/pit/LaneNet) by extensions ['ignore', 'ignore_ament_install']
[2.609s] Level 1:colcon.colcon_core.package_identification:_identify(backup/Quanser_Academic_Resources/0_libraries/python/pit/LaneNet) by extension 'ignore'
[2.609s] Level 1:colcon.colcon_core.package_identification:_identify(backup/Quanser_Academic_Resources/0_libraries/python/pit/LaneNet) by extension 'ignore_ament_install'
[2.609s] Level 1:colcon.colcon_core.package_identification:_identify(backup/Quanser_Academic_Resources/0_libraries/python/pit/LaneNet) by extensions ['colcon_pkg']
[2.609s] Level 1:colcon.colcon_core.package_identification:_identify(backup/Quanser_Academic_Resources/0_libraries/python/pit/LaneNet) by extension 'colcon_pkg'
[2.609s] Level 1:colcon.colcon_core.package_identification:_identify(backup/Quanser_Academic_Resources/0_libraries/python/pit/LaneNet) by extensions ['colcon_meta']
[2.609s] Level 1:colcon.colcon_core.package_identification:_identify(backup/Quanser_Academic_Resources/0_libraries/python/pit/LaneNet) by extension 'colcon_meta'
[2.609s] Level 1:colcon.colcon_core.package_identification:_identify(backup/Quanser_Academic_Resources/0_libraries/python/pit/LaneNet) by extensions ['ros']
[2.609s] Level 1:colcon.colcon_core.package_identification:_identify(backup/Quanser_Academic_Resources/0_libraries/python/pit/LaneNet) by extension 'ros'
[2.610s] Level 1:colcon.colcon_core.package_identification:_identify(backup/Quanser_Academic_Resources/0_libraries/python/pit/LaneNet) by extensions ['cmake', 'python']
[2.610s] Level 1:colcon.colcon_core.package_identification:_identify(backup/Quanser_Academic_Resources/0_libraries/python/pit/LaneNet) by extension 'cmake'
[2.610s] Level 1:colcon.colcon_core.package_identification:_identify(backup/Quanser_Academic_Resources/0_libraries/python/pit/LaneNet) by extension 'python'
[2.610s] Level 1:colcon.colcon_core.package_identification:_identify(backup/Quanser_Academic_Resources/0_libraries/python/pit/LaneNet) by extensions ['python_setup_py']
[2.610s] Level 1:colcon.colcon_core.package_identification:_identify(backup/Quanser_Academic_Resources/0_libraries/python/pit/LaneNet) by extension 'python_setup_py'
[2.610s] Level 1:colcon.colcon_core.package_identification:_identify(backup/Quanser_Academic_Resources/0_libraries/python/pit/LaneNet/architecture) by extensions ['ignore', 'ignore_ament_install']
[2.610s] Level 1:colcon.colcon_core.package_identification:_identify(backup/Quanser_Academic_Resources/0_libraries/python/pit/LaneNet/architecture) by extension 'ignore'
[2.610s] Level 1:colcon.colcon_core.package_identification:_identify(backup/Quanser_Academic_Resources/0_libraries/python/pit/LaneNet/architecture) by extension 'ignore_ament_install'
[2.610s] Level 1:colcon.colcon_core.package_identification:_identify(backup/Quanser_Academic_Resources/0_libraries/python/pit/LaneNet/architecture) by extensions ['colcon_pkg']
[2.610s] Level 1:colcon.colcon_core.package_identification:_identify(backup/Quanser_Academic_Resources/0_libraries/python/pit/LaneNet/architecture) by extension 'colcon_pkg'
[2.610s] Level 1:colcon.colcon_core.package_identification:_identify(backup/Quanser_Academic_Resources/0_libraries/python/pit/LaneNet/architecture) by extensions ['colcon_meta']
[2.610s] Level 1:colcon.colcon_core.package_identification:_identify(backup/Quanser_Academic_Resources/0_libraries/python/pit/LaneNet/architecture) by extension 'colcon_meta'
[2.610s] Level 1:colcon.colcon_core.package_identification:_identify(backup/Quanser_Academic_Resources/0_libraries/python/pit/LaneNet/architecture) by extensions ['ros']
[2.610s] Level 1:colcon.colcon_core.package_identification:_identify(backup/Quanser_Academic_Resources/0_libraries/python/pit/LaneNet/architecture) by extension 'ros'
[2.610s] Level 1:colcon.colcon_core.package_identification:_identify(backup/Quanser_Academic_Resources/0_libraries/python/pit/LaneNet/architecture) by extensions ['cmake', 'python']
[2.610s] Level 1:colcon.colcon_core.package_identification:_identify(backup/Quanser_Academic_Resources/0_libraries/python/pit/LaneNet/architecture) by extension 'cmake'
[2.610s] Level 1:colcon.colcon_core.package_identification:_identify(backup/Quanser_Academic_Resources/0_libraries/python/pit/LaneNet/architecture) by extension 'python'
[2.610s] Level 1:colcon.colcon_core.package_identification:_identify(backup/Quanser_Academic_Resources/0_libraries/python/pit/LaneNet/architecture) by extensions ['python_setup_py']
[2.610s] Level 1:colcon.colcon_core.package_identification:_identify(backup/Quanser_Academic_Resources/0_libraries/python/pit/LaneNet/architecture) by extension 'python_setup_py'
[2.610s] Level 1:colcon.colcon_core.package_identification:_identify(backup/Quanser_Academic_Resources/0_libraries/python/pit/LaneNet/architecture/backbone) by extensions ['ignore', 'ignore_ament_install']
[2.610s] Level 1:colcon.colcon_core.package_identification:_identify(backup/Quanser_Academic_Resources/0_libraries/python/pit/LaneNet/architecture/backbone) by extension 'ignore'
[2.610s] Level 1:colcon.colcon_core.package_identification:_identify(backup/Quanser_Academic_Resources/0_libraries/python/pit/LaneNet/architecture/backbone) by extension 'ignore_ament_install'
[2.610s] Level 1:colcon.colcon_core.package_identification:_identify(backup/Quanser_Academic_Resources/0_libraries/python/pit/LaneNet/architecture/backbone) by extensions ['colcon_pkg']
[2.610s] Level 1:colcon.colcon_core.package_identification:_identify(backup/Quanser_Academic_Resources/0_libraries/python/pit/LaneNet/architecture/backbone) by extension 'colcon_pkg'
[2.610s] Level 1:colcon.colcon_core.package_identification:_identify(backup/Quanser_Academic_Resources/0_libraries/python/pit/LaneNet/architecture/backbone) by extensions ['colcon_meta']
[2.610s] Level 1:colcon.colcon_core.package_identification:_identify(backup/Quanser_Academic_Resources/0_libraries/python/pit/LaneNet/architecture/backbone) by extension 'colcon_meta'
[2.610s] Level 1:colcon.colcon_core.package_identification:_identify(backup/Quanser_Academic_Resources/0_libraries/python/pit/LaneNet/architecture/backbone) by extensions ['ros']
[2.610s] Level 1:colcon.colcon_core.package_identification:_identify(backup/Quanser_Academic_Resources/0_libraries/python/pit/LaneNet/architecture/backbone) by extension 'ros'
[2.611s] Level 1:colcon.colcon_core.package_identification:_identify(backup/Quanser_Academic_Resources/0_libraries/python/pit/LaneNet/architecture/backbone) by extensions ['cmake', 'python']
[2.611s] Level 1:colcon.colcon_core.package_identification:_identify(backup/Quanser_Academic_Resources/0_libraries/python/pit/LaneNet/architecture/backbone) by extension 'cmake'
[2.611s] Level 1:colcon.colcon_core.package_identification:_identify(backup/Quanser_Academic_Resources/0_libraries/python/pit/LaneNet/architecture/backbone) by extension 'python'
[2.611s] Level 1:colcon.colcon_core.package_identification:_identify(backup/Quanser_Academic_Resources/0_libraries/python/pit/LaneNet/architecture/backbone) by extensions ['python_setup_py']
[2.611s] Level 1:colcon.colcon_core.package_identification:_identify(backup/Quanser_Academic_Resources/0_libraries/python/pit/LaneNet/architecture/backbone) by extension 'python_setup_py'
[2.611s] Level 1:colcon.colcon_core.package_identification:_identify(backup/Quanser_Academic_Resources/0_libraries/python/pit/LaneNet/architecture/backbone/deeplabv3_plus) by extensions ['ignore', 'ignore_ament_install']
[2.611s] Level 1:colcon.colcon_core.package_identification:_identify(backup/Quanser_Academic_Resources/0_libraries/python/pit/LaneNet/architecture/backbone/deeplabv3_plus) by extension 'ignore'
[2.611s] Level 1:colcon.colcon_core.package_identification:_identify(backup/Quanser_Academic_Resources/0_libraries/python/pit/LaneNet/architecture/backbone/deeplabv3_plus) by extension 'ignore_ament_install'
[2.611s] Level 1:colcon.colcon_core.package_identification:_identify(backup/Quanser_Academic_Resources/0_libraries/python/pit/LaneNet/architecture/backbone/deeplabv3_plus) by extensions ['colcon_pkg']
[2.611s] Level 1:colcon.colcon_core.package_identification:_identify(backup/Quanser_Academic_Resources/0_libraries/python/pit/LaneNet/architecture/backbone/deeplabv3_plus) by extension 'colcon_pkg'
[2.611s] Level 1:colcon.colcon_core.package_identification:_identify(backup/Quanser_Academic_Resources/0_libraries/python/pit/LaneNet/architecture/backbone/deeplabv3_plus) by extensions ['colcon_meta']
[2.611s] Level 1:colcon.colcon_core.package_identification:_identify(backup/Quanser_Academic_Resources/0_libraries/python/pit/LaneNet/architecture/backbone/deeplabv3_plus) by extension 'colcon_meta'
[2.611s] Level 1:colcon.colcon_core.package_identification:_identify(backup/Quanser_Academic_Resources/0_libraries/python/pit/LaneNet/architecture/backbone/deeplabv3_plus) by extensions ['ros']
[2.611s] Level 1:colcon.colcon_core.package_identification:_identify(backup/Quanser_Academic_Resources/0_libraries/python/pit/LaneNet/architecture/backbone/deeplabv3_plus) by extension 'ros'
[2.611s] Level 1:colcon.colcon_core.package_identification:_identify(backup/Quanser_Academic_Resources/0_libraries/python/pit/LaneNet/architecture/backbone/deeplabv3_plus) by extensions ['cmake', 'python']
[2.611s] Level 1:colcon.colcon_core.package_identification:_identify(backup/Quanser_Academic_Resources/0_libraries/python/pit/LaneNet/architecture/backbone/deeplabv3_plus) by extension 'cmake'
[2.611s] Level 1:colcon.colcon_core.package_identification:_identify(backup/Quanser_Academic_Resources/0_libraries/python/pit/LaneNet/architecture/backbone/deeplabv3_plus) by extension 'python'
[2.611s] Level 1:colcon.colcon_core.package_identification:_identify(backup/Quanser_Academic_Resources/0_libraries/python/pit/LaneNet/architecture/backbone/deeplabv3_plus) by extensions ['python_setup_py']
[2.611s] Level 1:colcon.colcon_core.package_identification:_identify(backup/Quanser_Academic_Resources/0_libraries/python/pit/LaneNet/architecture/backbone/deeplabv3_plus) by extension 'python_setup_py'
[2.611s] Level 1:colcon.colcon_core.package_identification:_identify(backup/Quanser_Academic_Resources/0_libraries/python/pit/LaneNet/architecture/backbone/deeplabv3_plus/sync_batchnorm) by extensions ['ignore', 'ignore_ament_install']
[2.611s] Level 1:colcon.colcon_core.package_identification:_identify(backup/Quanser_Academic_Resources/0_libraries/python/pit/LaneNet/architecture/backbone/deeplabv3_plus/sync_batchnorm) by extension 'ignore'
[2.611s] Level 1:colcon.colcon_core.package_identification:_identify(backup/Quanser_Academic_Resources/0_libraries/python/pit/LaneNet/architecture/backbone/deeplabv3_plus/sync_batchnorm) by extension 'ignore_ament_install'
[2.611s] Level 1:colcon.colcon_core.package_identification:_identify(backup/Quanser_Academic_Resources/0_libraries/python/pit/LaneNet/architecture/backbone/deeplabv3_plus/sync_batchnorm) by extensions ['colcon_pkg']
[2.611s] Level 1:colcon.colcon_core.package_identification:_identify(backup/Quanser_Academic_Resources/0_libraries/python/pit/LaneNet/architecture/backbone/deeplabv3_plus/sync_batchnorm) by extension 'colcon_pkg'
[2.611s] Level 1:colcon.colcon_core.package_identification:_identify(backup/Quanser_Academic_Resources/0_libraries/python/pit/LaneNet/architecture/backbone/deeplabv3_plus/sync_batchnorm) by extensions ['colcon_meta']
[2.611s] Level 1:colcon.colcon_core.package_identification:_identify(backup/Quanser_Academic_Resources/0_libraries/python/pit/LaneNet/architecture/backbone/deeplabv3_plus/sync_batchnorm) by extension 'colcon_meta'
[2.611s] Level 1:colcon.colcon_core.package_identification:_identify(backup/Quanser_Academic_Resources/0_libraries/python/pit/LaneNet/architecture/backbone/deeplabv3_plus/sync_batchnorm) by extensions ['ros']
[2.611s] Level 1:colcon.colcon_core.package_identification:_identify(backup/Quanser_Academic_Resources/0_libraries/python/pit/LaneNet/architecture/backbone/deeplabv3_plus/sync_batchnorm) by extension 'ros'
[2.612s] Level 1:colcon.colcon_core.package_identification:_identify(backup/Quanser_Academic_Resources/0_libraries/python/pit/LaneNet/architecture/backbone/deeplabv3_plus/sync_batchnorm) by extensions ['cmake', 'python']
[2.612s] Level 1:colcon.colcon_core.package_identification:_identify(backup/Quanser_Academic_Resources/0_libraries/python/pit/LaneNet/architecture/backbone/deeplabv3_plus/sync_batchnorm) by extension 'cmake'
[2.612s] Level 1:colcon.colcon_core.package_identification:_identify(backup/Quanser_Academic_Resources/0_libraries/python/pit/LaneNet/architecture/backbone/deeplabv3_plus/sync_batchnorm) by extension 'python'
[2.612s] Level 1:colcon.colcon_core.package_identification:_identify(backup/Quanser_Academic_Resources/0_libraries/python/pit/LaneNet/architecture/backbone/deeplabv3_plus/sync_batchnorm) by extensions ['python_setup_py']
[2.612s] Level 1:colcon.colcon_core.package_identification:_identify(backup/Quanser_Academic_Resources/0_libraries/python/pit/LaneNet/architecture/backbone/deeplabv3_plus/sync_batchnorm) by extension 'python_setup_py'
[2.612s] Level 1:colcon.colcon_core.package_identification:_identify(backup/Quanser_Academic_Resources/0_libraries/python/pit/YOLO) by extensions ['ignore', 'ignore_ament_install']
[2.612s] Level 1:colcon.colcon_core.package_identification:_identify(backup/Quanser_Academic_Resources/0_libraries/python/pit/YOLO) by extension 'ignore'
[2.612s] Level 1:colcon.colcon_core.package_identification:_identify(backup/Quanser_Academic_Resources/0_libraries/python/pit/YOLO) by extension 'ignore_ament_install'
[2.612s] Level 1:colcon.colcon_core.package_identification:_identify(backup/Quanser_Academic_Resources/0_libraries/python/pit/YOLO) by extensions ['colcon_pkg']
[2.612s] Level 1:colcon.colcon_core.package_identification:_identify(backup/Quanser_Academic_Resources/0_libraries/python/pit/YOLO) by extension 'colcon_pkg'
[2.612s] Level 1:colcon.colcon_core.package_identification:_identify(backup/Quanser_Academic_Resources/0_libraries/python/pit/YOLO) by extensions ['colcon_meta']
[2.612s] Level 1:colcon.colcon_core.package_identification:_identify(backup/Quanser_Academic_Resources/0_libraries/python/pit/YOLO) by extension 'colcon_meta'
[2.612s] Level 1:colcon.colcon_core.package_identification:_identify(backup/Quanser_Academic_Resources/0_libraries/python/pit/YOLO) by extensions ['ros']
[2.612s] Level 1:colcon.colcon_core.package_identification:_identify(backup/Quanser_Academic_Resources/0_libraries/python/pit/YOLO) by extension 'ros'
[2.612s] Level 1:colcon.colcon_core.package_identification:_identify(backup/Quanser_Academic_Resources/0_libraries/python/pit/YOLO) by extensions ['cmake', 'python']
[2.612s] Level 1:colcon.colcon_core.package_identification:_identify(backup/Quanser_Academic_Resources/0_libraries/python/pit/YOLO) by extension 'cmake'
[2.612s] Level 1:colcon.colcon_core.package_identification:_identify(backup/Quanser_Academic_Resources/0_libraries/python/pit/YOLO) by extension 'python'
[2.612s] Level 1:colcon.colcon_core.package_identification:_identify(backup/Quanser_Academic_Resources/0_libraries/python/pit/YOLO) by extensions ['python_setup_py']
[2.612s] Level 1:colcon.colcon_core.package_identification:_identify(backup/Quanser_Academic_Resources/0_libraries/python/pit/YOLO) by extension 'python_setup_py'
[2.612s] Level 1:colcon.colcon_core.package_identification:_identify(backup/Quanser_Academic_Resources/0_libraries/python/pit/haar) by extensions ['ignore', 'ignore_ament_install']
[2.612s] Level 1:colcon.colcon_core.package_identification:_identify(backup/Quanser_Academic_Resources/0_libraries/python/pit/haar) by extension 'ignore'
[2.612s] Level 1:colcon.colcon_core.package_identification:_identify(backup/Quanser_Academic_Resources/0_libraries/python/pit/haar) by extension 'ignore_ament_install'
[2.612s] Level 1:colcon.colcon_core.package_identification:_identify(backup/Quanser_Academic_Resources/0_libraries/python/pit/haar) by extensions ['colcon_pkg']
[2.612s] Level 1:colcon.colcon_core.package_identification:_identify(backup/Quanser_Academic_Resources/0_libraries/python/pit/haar) by extension 'colcon_pkg'
[2.612s] Level 1:colcon.colcon_core.package_identification:_identify(backup/Quanser_Academic_Resources/0_libraries/python/pit/haar) by extensions ['colcon_meta']
[2.612s] Level 1:colcon.colcon_core.package_identification:_identify(backup/Quanser_Academic_Resources/0_libraries/python/pit/haar) by extension 'colcon_meta'
[2.612s] Level 1:colcon.colcon_core.package_identification:_identify(backup/Quanser_Academic_Resources/0_libraries/python/pit/haar) by extensions ['ros']
[2.612s] Level 1:colcon.colcon_core.package_identification:_identify(backup/Quanser_Academic_Resources/0_libraries/python/pit/haar) by extension 'ros'
[2.612s] Level 1:colcon.colcon_core.package_identification:_identify(backup/Quanser_Academic_Resources/0_libraries/python/pit/haar) by extensions ['cmake', 'python']
[2.612s] Level 1:colcon.colcon_core.package_identification:_identify(backup/Quanser_Academic_Resources/0_libraries/python/pit/haar) by extension 'cmake'
[2.613s] Level 1:colcon.colcon_core.package_identification:_identify(backup/Quanser_Academic_Resources/0_libraries/python/pit/haar) by extension 'python'
[2.613s] Level 1:colcon.colcon_core.package_identification:_identify(backup/Quanser_Academic_Resources/0_libraries/python/pit/haar) by extensions ['python_setup_py']
[2.613s] Level 1:colcon.colcon_core.package_identification:_identify(backup/Quanser_Academic_Resources/0_libraries/python/pit/haar) by extension 'python_setup_py'
[2.613s] Level 1:colcon.colcon_core.package_identification:_identify(backup/Quanser_Academic_Resources/0_libraries/python/pit/jetson) by extensions ['ignore', 'ignore_ament_install']
[2.613s] Level 1:colcon.colcon_core.package_identification:_identify(backup/Quanser_Academic_Resources/0_libraries/python/pit/jetson) by extension 'ignore'
[2.613s] Level 1:colcon.colcon_core.package_identification:_identify(backup/Quanser_Academic_Resources/0_libraries/python/pit/jetson) by extension 'ignore_ament_install'
[2.613s] Level 1:colcon.colcon_core.package_identification:_identify(backup/Quanser_Academic_Resources/0_libraries/python/pit/jetson) by extensions ['colcon_pkg']
[2.613s] Level 1:colcon.colcon_core.package_identification:_identify(backup/Quanser_Academic_Resources/0_libraries/python/pit/jetson) by extension 'colcon_pkg'
[2.613s] Level 1:colcon.colcon_core.package_identification:_identify(backup/Quanser_Academic_Resources/0_libraries/python/pit/jetson) by extensions ['colcon_meta']
[2.613s] Level 1:colcon.colcon_core.package_identification:_identify(backup/Quanser_Academic_Resources/0_libraries/python/pit/jetson) by extension 'colcon_meta'
[2.613s] Level 1:colcon.colcon_core.package_identification:_identify(backup/Quanser_Academic_Resources/0_libraries/python/pit/jetson) by extensions ['ros']
[2.613s] Level 1:colcon.colcon_core.package_identification:_identify(backup/Quanser_Academic_Resources/0_libraries/python/pit/jetson) by extension 'ros'
[2.613s] Level 1:colcon.colcon_core.package_identification:_identify(backup/Quanser_Academic_Resources/0_libraries/python/pit/jetson) by extensions ['cmake', 'python']
[2.613s] Level 1:colcon.colcon_core.package_identification:_identify(backup/Quanser_Academic_Resources/0_libraries/python/pit/jetson) by extension 'cmake'
[2.613s] Level 1:colcon.colcon_core.package_identification:_identify(backup/Quanser_Academic_Resources/0_libraries/python/pit/jetson) by extension 'python'
[2.613s] Level 1:colcon.colcon_core.package_identification:_identify(backup/Quanser_Academic_Resources/0_libraries/python/pit/jetson) by extensions ['python_setup_py']
[2.613s] Level 1:colcon.colcon_core.package_identification:_identify(backup/Quanser_Academic_Resources/0_libraries/python/pit/jetson) by extension 'python_setup_py'
[2.613s] Level 1:colcon.colcon_core.package_identification:_identify(backup/Quanser_Academic_Resources/0_libraries/python/qvl) by extensions ['ignore', 'ignore_ament_install']
[2.613s] Level 1:colcon.colcon_core.package_identification:_identify(backup/Quanser_Academic_Resources/0_libraries/python/qvl) by extension 'ignore'
[2.613s] Level 1:colcon.colcon_core.package_identification:_identify(backup/Quanser_Academic_Resources/0_libraries/python/qvl) by extension 'ignore_ament_install'
[2.613s] Level 1:colcon.colcon_core.package_identification:_identify(backup/Quanser_Academic_Resources/0_libraries/python/qvl) by extensions ['colcon_pkg']
[2.613s] Level 1:colcon.colcon_core.package_identification:_identify(backup/Quanser_Academic_Resources/0_libraries/python/qvl) by extension 'colcon_pkg'
[2.613s] Level 1:colcon.colcon_core.package_identification:_identify(backup/Quanser_Academic_Resources/0_libraries/python/qvl) by extensions ['colcon_meta']
[2.613s] Level 1:colcon.colcon_core.package_identification:_identify(backup/Quanser_Academic_Resources/0_libraries/python/qvl) by extension 'colcon_meta'
[2.613s] Level 1:colcon.colcon_core.package_identification:_identify(backup/Quanser_Academic_Resources/0_libraries/python/qvl) by extensions ['ros']
[2.613s] Level 1:colcon.colcon_core.package_identification:_identify(backup/Quanser_Academic_Resources/0_libraries/python/qvl) by extension 'ros'
[2.613s] Level 1:colcon.colcon_core.package_identification:_identify(backup/Quanser_Academic_Resources/0_libraries/python/qvl) by extensions ['cmake', 'python']
[2.613s] Level 1:colcon.colcon_core.package_identification:_identify(backup/Quanser_Academic_Resources/0_libraries/python/qvl) by extension 'cmake'
[2.613s] Level 1:colcon.colcon_core.package_identification:_identify(backup/Quanser_Academic_Resources/0_libraries/python/qvl) by extension 'python'
[2.614s] Level 1:colcon.colcon_core.package_identification:_identify(backup/Quanser_Academic_Resources/0_libraries/python/qvl) by extensions ['python_setup_py']
[2.614s] Level 1:colcon.colcon_core.package_identification:_identify(backup/Quanser_Academic_Resources/0_libraries/python/qvl) by extension 'python_setup_py'
[2.614s] Level 1:colcon.colcon_core.package_identification:_identify(backup/Quanser_Academic_Resources/0_libraries/resources) by extensions ['ignore', 'ignore_ament_install']
[2.614s] Level 1:colcon.colcon_core.package_identification:_identify(backup/Quanser_Academic_Resources/0_libraries/resources) by extension 'ignore'
[2.614s] Level 1:colcon.colcon_core.package_identification:_identify(backup/Quanser_Academic_Resources/0_libraries/resources) by extension 'ignore_ament_install'
[2.614s] Level 1:colcon.colcon_core.package_identification:_identify(backup/Quanser_Academic_Resources/0_libraries/resources) by extensions ['colcon_pkg']
[2.614s] Level 1:colcon.colcon_core.package_identification:_identify(backup/Quanser_Academic_Resources/0_libraries/resources) by extension 'colcon_pkg'
[2.614s] Level 1:colcon.colcon_core.package_identification:_identify(backup/Quanser_Academic_Resources/0_libraries/resources) by extensions ['colcon_meta']
[2.614s] Level 1:colcon.colcon_core.package_identification:_identify(backup/Quanser_Academic_Resources/0_libraries/resources) by extension 'colcon_meta'
[2.614s] Level 1:colcon.colcon_core.package_identification:_identify(backup/Quanser_Academic_Resources/0_libraries/resources) by extensions ['ros']
[2.614s] Level 1:colcon.colcon_core.package_identification:_identify(backup/Quanser_Academic_Resources/0_libraries/resources) by extension 'ros'
[2.614s] Level 1:colcon.colcon_core.package_identification:_identify(backup/Quanser_Academic_Resources/0_libraries/resources) by extensions ['cmake', 'python']
[2.614s] Level 1:colcon.colcon_core.package_identification:_identify(backup/Quanser_Academic_Resources/0_libraries/resources) by extension 'cmake'
[2.614s] Level 1:colcon.colcon_core.package_identification:_identify(backup/Quanser_Academic_Resources/0_libraries/resources) by extension 'python'
[2.614s] Level 1:colcon.colcon_core.package_identification:_identify(backup/Quanser_Academic_Resources/0_libraries/resources) by extensions ['python_setup_py']
[2.614s] Level 1:colcon.colcon_core.package_identification:_identify(backup/Quanser_Academic_Resources/0_libraries/resources) by extension 'python_setup_py'
[2.614s] Level 1:colcon.colcon_core.package_identification:_identify(backup/Quanser_Academic_Resources/0_libraries/resources/applications) by extensions ['ignore', 'ignore_ament_install']
[2.614s] Level 1:colcon.colcon_core.package_identification:_identify(backup/Quanser_Academic_Resources/0_libraries/resources/applications) by extension 'ignore'
[2.614s] Level 1:colcon.colcon_core.package_identification:_identify(backup/Quanser_Academic_Resources/0_libraries/resources/applications) by extension 'ignore_ament_install'
[2.614s] Level 1:colcon.colcon_core.package_identification:_identify(backup/Quanser_Academic_Resources/0_libraries/resources/applications) by extensions ['colcon_pkg']
[2.614s] Level 1:colcon.colcon_core.package_identification:_identify(backup/Quanser_Academic_Resources/0_libraries/resources/applications) by extension 'colcon_pkg'
[2.614s] Level 1:colcon.colcon_core.package_identification:_identify(backup/Quanser_Academic_Resources/0_libraries/resources/applications) by extensions ['colcon_meta']
[2.614s] Level 1:colcon.colcon_core.package_identification:_identify(backup/Quanser_Academic_Resources/0_libraries/resources/applications) by extension 'colcon_meta'
[2.614s] Level 1:colcon.colcon_core.package_identification:_identify(backup/Quanser_Academic_Resources/0_libraries/resources/applications) by extensions ['ros']
[2.614s] Level 1:colcon.colcon_core.package_identification:_identify(backup/Quanser_Academic_Resources/0_libraries/resources/applications) by extension 'ros'
[2.614s] Level 1:colcon.colcon_core.package_identification:_identify(backup/Quanser_Academic_Resources/0_libraries/resources/applications) by extensions ['cmake', 'python']
[2.614s] Level 1:colcon.colcon_core.package_identification:_identify(backup/Quanser_Academic_Resources/0_libraries/resources/applications) by extension 'cmake'
[2.614s] Level 1:colcon.colcon_core.package_identification:_identify(backup/Quanser_Academic_Resources/0_libraries/resources/applications) by extension 'python'
[2.614s] Level 1:colcon.colcon_core.package_identification:_identify(backup/Quanser_Academic_Resources/0_libraries/resources/applications) by extensions ['python_setup_py']
[2.614s] Level 1:colcon.colcon_core.package_identification:_identify(backup/Quanser_Academic_Resources/0_libraries/resources/applications) by extension 'python_setup_py'
[2.615s] Level 1:colcon.colcon_core.package_identification:_identify(backup/Quanser_Academic_Resources/0_libraries/resources/applications/KeyboardDriver) by extensions ['ignore', 'ignore_ament_install']
[2.615s] Level 1:colcon.colcon_core.package_identification:_identify(backup/Quanser_Academic_Resources/0_libraries/resources/applications/KeyboardDriver) by extension 'ignore'
[2.615s] Level 1:colcon.colcon_core.package_identification:_identify(backup/Quanser_Academic_Resources/0_libraries/resources/applications/KeyboardDriver) by extension 'ignore_ament_install'
[2.615s] Level 1:colcon.colcon_core.package_identification:_identify(backup/Quanser_Academic_Resources/0_libraries/resources/applications/KeyboardDriver) by extensions ['colcon_pkg']
[2.615s] Level 1:colcon.colcon_core.package_identification:_identify(backup/Quanser_Academic_Resources/0_libraries/resources/applications/KeyboardDriver) by extension 'colcon_pkg'
[2.615s] Level 1:colcon.colcon_core.package_identification:_identify(backup/Quanser_Academic_Resources/0_libraries/resources/applications/KeyboardDriver) by extensions ['colcon_meta']
[2.615s] Level 1:colcon.colcon_core.package_identification:_identify(backup/Quanser_Academic_Resources/0_libraries/resources/applications/KeyboardDriver) by extension 'colcon_meta'
[2.615s] Level 1:colcon.colcon_core.package_identification:_identify(backup/Quanser_Academic_Resources/0_libraries/resources/applications/KeyboardDriver) by extensions ['ros']
[2.615s] Level 1:colcon.colcon_core.package_identification:_identify(backup/Quanser_Academic_Resources/0_libraries/resources/applications/KeyboardDriver) by extension 'ros'
[2.615s] Level 1:colcon.colcon_core.package_identification:_identify(backup/Quanser_Academic_Resources/0_libraries/resources/applications/KeyboardDriver) by extensions ['cmake', 'python']
[2.615s] Level 1:colcon.colcon_core.package_identification:_identify(backup/Quanser_Academic_Resources/0_libraries/resources/applications/KeyboardDriver) by extension 'cmake'
[2.615s] Level 1:colcon.colcon_core.package_identification:_identify(backup/Quanser_Academic_Resources/0_libraries/resources/applications/KeyboardDriver) by extension 'python'
[2.615s] Level 1:colcon.colcon_core.package_identification:_identify(backup/Quanser_Academic_Resources/0_libraries/resources/applications/KeyboardDriver) by extensions ['python_setup_py']
[2.615s] Level 1:colcon.colcon_core.package_identification:_identify(backup/Quanser_Academic_Resources/0_libraries/resources/applications/KeyboardDriver) by extension 'python_setup_py'
[2.615s] Level 1:colcon.colcon_core.package_identification:_identify(backup/Quanser_Academic_Resources/0_libraries/resources/applications/QCarDepthAlign) by extensions ['ignore', 'ignore_ament_install']
[2.615s] Level 1:colcon.colcon_core.package_identification:_identify(backup/Quanser_Academic_Resources/0_libraries/resources/applications/QCarDepthAlign) by extension 'ignore'
[2.615s] Level 1:colcon.colcon_core.package_identification:_identify(backup/Quanser_Academic_Resources/0_libraries/resources/applications/QCarDepthAlign) by extension 'ignore_ament_install'
[2.615s] Level 1:colcon.colcon_core.package_identification:_identify(backup/Quanser_Academic_Resources/0_libraries/resources/applications/QCarDepthAlign) by extensions ['colcon_pkg']
[2.615s] Level 1:colcon.colcon_core.package_identification:_identify(backup/Quanser_Academic_Resources/0_libraries/resources/applications/QCarDepthAlign) by extension 'colcon_pkg'
[2.615s] Level 1:colcon.colcon_core.package_identification:_identify(backup/Quanser_Academic_Resources/0_libraries/resources/applications/QCarDepthAlign) by extensions ['colcon_meta']
[2.615s] Level 1:colcon.colcon_core.package_identification:_identify(backup/Quanser_Academic_Resources/0_libraries/resources/applications/QCarDepthAlign) by extension 'colcon_meta'
[2.615s] Level 1:colcon.colcon_core.package_identification:_identify(backup/Quanser_Academic_Resources/0_libraries/resources/applications/QCarDepthAlign) by extensions ['ros']
[2.615s] Level 1:colcon.colcon_core.package_identification:_identify(backup/Quanser_Academic_Resources/0_libraries/resources/applications/QCarDepthAlign) by extension 'ros'
[2.615s] Level 1:colcon.colcon_core.package_identification:_identify(backup/Quanser_Academic_Resources/0_libraries/resources/applications/QCarDepthAlign) by extensions ['cmake', 'python']
[2.615s] Level 1:colcon.colcon_core.package_identification:_identify(backup/Quanser_Academic_Resources/0_libraries/resources/applications/QCarDepthAlign) by extension 'cmake'
[2.615s] Level 1:colcon.colcon_core.package_identification:_identify(backup/Quanser_Academic_Resources/0_libraries/resources/applications/QCarDepthAlign) by extension 'python'
[2.615s] Level 1:colcon.colcon_core.package_identification:_identify(backup/Quanser_Academic_Resources/0_libraries/resources/applications/QCarDepthAlign) by extensions ['python_setup_py']
[2.615s] Level 1:colcon.colcon_core.package_identification:_identify(backup/Quanser_Academic_Resources/0_libraries/resources/applications/QCarDepthAlign) by extension 'python_setup_py'
[2.615s] Level 1:colcon.colcon_core.package_identification:_identify(backup/Quanser_Academic_Resources/0_libraries/resources/applications/QCarScanMatching) by extensions ['ignore', 'ignore_ament_install']
[2.616s] Level 1:colcon.colcon_core.package_identification:_identify(backup/Quanser_Academic_Resources/0_libraries/resources/applications/QCarScanMatching) by extension 'ignore'
[2.616s] Level 1:colcon.colcon_core.package_identification:_identify(backup/Quanser_Academic_Resources/0_libraries/resources/applications/QCarScanMatching) by extension 'ignore_ament_install'
[2.616s] Level 1:colcon.colcon_core.package_identification:_identify(backup/Quanser_Academic_Resources/0_libraries/resources/applications/QCarScanMatching) by extensions ['colcon_pkg']
[2.616s] Level 1:colcon.colcon_core.package_identification:_identify(backup/Quanser_Academic_Resources/0_libraries/resources/applications/QCarScanMatching) by extension 'colcon_pkg'
[2.616s] Level 1:colcon.colcon_core.package_identification:_identify(backup/Quanser_Academic_Resources/0_libraries/resources/applications/QCarScanMatching) by extensions ['colcon_meta']
[2.616s] Level 1:colcon.colcon_core.package_identification:_identify(backup/Quanser_Academic_Resources/0_libraries/resources/applications/QCarScanMatching) by extension 'colcon_meta'
[2.616s] Level 1:colcon.colcon_core.package_identification:_identify(backup/Quanser_Academic_Resources/0_libraries/resources/applications/QCarScanMatching) by extensions ['ros']
[2.616s] Level 1:colcon.colcon_core.package_identification:_identify(backup/Quanser_Academic_Resources/0_libraries/resources/applications/QCarScanMatching) by extension 'ros'
[2.616s] Level 1:colcon.colcon_core.package_identification:_identify(backup/Quanser_Academic_Resources/0_libraries/resources/applications/QCarScanMatching) by extensions ['cmake', 'python']
[2.616s] Level 1:colcon.colcon_core.package_identification:_identify(backup/Quanser_Academic_Resources/0_libraries/resources/applications/QCarScanMatching) by extension 'cmake'
[2.616s] Level 1:colcon.colcon_core.package_identification:_identify(backup/Quanser_Academic_Resources/0_libraries/resources/applications/QCarScanMatching) by extension 'python'
[2.616s] Level 1:colcon.colcon_core.package_identification:_identify(backup/Quanser_Academic_Resources/0_libraries/resources/applications/QCarScanMatching) by extensions ['python_setup_py']
[2.616s] Level 1:colcon.colcon_core.package_identification:_identify(backup/Quanser_Academic_Resources/0_libraries/resources/applications/QCarScanMatching) by extension 'python_setup_py'
[2.616s] Level 1:colcon.colcon_core.package_identification:_identify(backup/Quanser_Academic_Resources/0_libraries/resources/applications/QLabsVRPNServer) by extensions ['ignore', 'ignore_ament_install']
[2.616s] Level 1:colcon.colcon_core.package_identification:_identify(backup/Quanser_Academic_Resources/0_libraries/resources/applications/QLabsVRPNServer) by extension 'ignore'
[2.616s] Level 1:colcon.colcon_core.package_identification:_identify(backup/Quanser_Academic_Resources/0_libraries/resources/applications/QLabsVRPNServer) by extension 'ignore_ament_install'
[2.616s] Level 1:colcon.colcon_core.package_identification:_identify(backup/Quanser_Academic_Resources/0_libraries/resources/applications/QLabsVRPNServer) by extensions ['colcon_pkg']
[2.616s] Level 1:colcon.colcon_core.package_identification:_identify(backup/Quanser_Academic_Resources/0_libraries/resources/applications/QLabsVRPNServer) by extension 'colcon_pkg'
[2.616s] Level 1:colcon.colcon_core.package_identification:_identify(backup/Quanser_Academic_Resources/0_libraries/resources/applications/QLabsVRPNServer) by extensions ['colcon_meta']
[2.616s] Level 1:colcon.colcon_core.package_identification:_identify(backup/Quanser_Academic_Resources/0_libraries/resources/applications/QLabsVRPNServer) by extension 'colcon_meta'
[2.616s] Level 1:colcon.colcon_core.package_identification:_identify(backup/Quanser_Academic_Resources/0_libraries/resources/applications/QLabsVRPNServer) by extensions ['ros']
[2.616s] Level 1:colcon.colcon_core.package_identification:_identify(backup/Quanser_Academic_Resources/0_libraries/resources/applications/QLabsVRPNServer) by extension 'ros'
[2.616s] Level 1:colcon.colcon_core.package_identification:_identify(backup/Quanser_Academic_Resources/0_libraries/resources/applications/QLabsVRPNServer) by extensions ['cmake', 'python']
[2.616s] Level 1:colcon.colcon_core.package_identification:_identify(backup/Quanser_Academic_Resources/0_libraries/resources/applications/QLabsVRPNServer) by extension 'cmake'
[2.616s] Level 1:colcon.colcon_core.package_identification:_identify(backup/Quanser_Academic_Resources/0_libraries/resources/applications/QLabsVRPNServer) by extension 'python'
[2.616s] Level 1:colcon.colcon_core.package_identification:_identify(backup/Quanser_Academic_Resources/0_libraries/resources/applications/QLabsVRPNServer) by extensions ['python_setup_py']
[2.616s] Level 1:colcon.colcon_core.package_identification:_identify(backup/Quanser_Academic_Resources/0_libraries/resources/applications/QLabsVRPNServer) by extension 'python_setup_py'
[2.616s] Level 1:colcon.colcon_core.package_identification:_identify(backup/Quanser_Academic_Resources/0_libraries/resources/applications/QLabsVRPNServer/src) by extensions ['ignore', 'ignore_ament_install']
[2.617s] Level 1:colcon.colcon_core.package_identification:_identify(backup/Quanser_Academic_Resources/0_libraries/resources/applications/QLabsVRPNServer/src) by extension 'ignore'
[2.617s] Level 1:colcon.colcon_core.package_identification:_identify(backup/Quanser_Academic_Resources/0_libraries/resources/applications/QLabsVRPNServer/src) by extension 'ignore_ament_install'
[2.617s] Level 1:colcon.colcon_core.package_identification:_identify(backup/Quanser_Academic_Resources/0_libraries/resources/applications/QLabsVRPNServer/src) by extensions ['colcon_pkg']
[2.617s] Level 1:colcon.colcon_core.package_identification:_identify(backup/Quanser_Academic_Resources/0_libraries/resources/applications/QLabsVRPNServer/src) by extension 'colcon_pkg'
[2.617s] Level 1:colcon.colcon_core.package_identification:_identify(backup/Quanser_Academic_Resources/0_libraries/resources/applications/QLabsVRPNServer/src) by extensions ['colcon_meta']
[2.617s] Level 1:colcon.colcon_core.package_identification:_identify(backup/Quanser_Academic_Resources/0_libraries/resources/applications/QLabsVRPNServer/src) by extension 'colcon_meta'
[2.617s] Level 1:colcon.colcon_core.package_identification:_identify(backup/Quanser_Academic_Resources/0_libraries/resources/applications/QLabsVRPNServer/src) by extensions ['ros']
[2.617s] Level 1:colcon.colcon_core.package_identification:_identify(backup/Quanser_Academic_Resources/0_libraries/resources/applications/QLabsVRPNServer/src) by extension 'ros'
[2.617s] Level 1:colcon.colcon_core.package_identification:_identify(backup/Quanser_Academic_Resources/0_libraries/resources/applications/QLabsVRPNServer/src) by extensions ['cmake', 'python']
[2.617s] Level 1:colcon.colcon_core.package_identification:_identify(backup/Quanser_Academic_Resources/0_libraries/resources/applications/QLabsVRPNServer/src) by extension 'cmake'
[2.617s] Level 1:colcon.colcon_core.package_identification:_identify(backup/Quanser_Academic_Resources/0_libraries/resources/applications/QLabsVRPNServer/src) by extension 'python'
[2.617s] Level 1:colcon.colcon_core.package_identification:_identify(backup/Quanser_Academic_Resources/0_libraries/resources/applications/QLabsVRPNServer/src) by extensions ['python_setup_py']
[2.617s] Level 1:colcon.colcon_core.package_identification:_identify(backup/Quanser_Academic_Resources/0_libraries/resources/applications/QLabsVRPNServer/src) by extension 'python_setup_py'
[2.617s] Level 1:colcon.colcon_core.package_identification:_identify(backup/Quanser_Academic_Resources/0_libraries/resources/images) by extensions ['ignore', 'ignore_ament_install']
[2.617s] Level 1:colcon.colcon_core.package_identification:_identify(backup/Quanser_Academic_Resources/0_libraries/resources/images) by extension 'ignore'
[2.617s] Level 1:colcon.colcon_core.package_identification:_identify(backup/Quanser_Academic_Resources/0_libraries/resources/images) by extension 'ignore_ament_install'
[2.617s] Level 1:colcon.colcon_core.package_identification:_identify(backup/Quanser_Academic_Resources/0_libraries/resources/images) by extensions ['colcon_pkg']
[2.617s] Level 1:colcon.colcon_core.package_identification:_identify(backup/Quanser_Academic_Resources/0_libraries/resources/images) by extension 'colcon_pkg'
[2.617s] Level 1:colcon.colcon_core.package_identification:_identify(backup/Quanser_Academic_Resources/0_libraries/resources/images) by extensions ['colcon_meta']
[2.617s] Level 1:colcon.colcon_core.package_identification:_identify(backup/Quanser_Academic_Resources/0_libraries/resources/images) by extension 'colcon_meta'
[2.617s] Level 1:colcon.colcon_core.package_identification:_identify(backup/Quanser_Academic_Resources/0_libraries/resources/images) by extensions ['ros']
[2.617s] Level 1:colcon.colcon_core.package_identification:_identify(backup/Quanser_Academic_Resources/0_libraries/resources/images) by extension 'ros'
[2.617s] Level 1:colcon.colcon_core.package_identification:_identify(backup/Quanser_Academic_Resources/0_libraries/resources/images) by extensions ['cmake', 'python']
[2.617s] Level 1:colcon.colcon_core.package_identification:_identify(backup/Quanser_Academic_Resources/0_libraries/resources/images) by extension 'cmake'
[2.617s] Level 1:colcon.colcon_core.package_identification:_identify(backup/Quanser_Academic_Resources/0_libraries/resources/images) by extension 'python'
[2.617s] Level 1:colcon.colcon_core.package_identification:_identify(backup/Quanser_Academic_Resources/0_libraries/resources/images) by extensions ['python_setup_py']
[2.617s] Level 1:colcon.colcon_core.package_identification:_identify(backup/Quanser_Academic_Resources/0_libraries/resources/images) by extension 'python_setup_py'
[2.618s] Level 1:colcon.colcon_core.package_identification:_identify(backup/Quanser_Academic_Resources/0_libraries/resources/pretrained_models) by extensions ['ignore', 'ignore_ament_install']
[2.618s] Level 1:colcon.colcon_core.package_identification:_identify(backup/Quanser_Academic_Resources/0_libraries/resources/pretrained_models) by extension 'ignore'
[2.618s] Level 1:colcon.colcon_core.package_identification:_identify(backup/Quanser_Academic_Resources/0_libraries/resources/pretrained_models) by extension 'ignore_ament_install'
[2.618s] Level 1:colcon.colcon_core.package_identification:_identify(backup/Quanser_Academic_Resources/0_libraries/resources/pretrained_models) by extensions ['colcon_pkg']
[2.618s] Level 1:colcon.colcon_core.package_identification:_identify(backup/Quanser_Academic_Resources/0_libraries/resources/pretrained_models) by extension 'colcon_pkg'
[2.618s] Level 1:colcon.colcon_core.package_identification:_identify(backup/Quanser_Academic_Resources/0_libraries/resources/pretrained_models) by extensions ['colcon_meta']
[2.618s] Level 1:colcon.colcon_core.package_identification:_identify(backup/Quanser_Academic_Resources/0_libraries/resources/pretrained_models) by extension 'colcon_meta'
[2.618s] Level 1:colcon.colcon_core.package_identification:_identify(backup/Quanser_Academic_Resources/0_libraries/resources/pretrained_models) by extensions ['ros']
[2.618s] Level 1:colcon.colcon_core.package_identification:_identify(backup/Quanser_Academic_Resources/0_libraries/resources/pretrained_models) by extension 'ros'
[2.618s] Level 1:colcon.colcon_core.package_identification:_identify(backup/Quanser_Academic_Resources/0_libraries/resources/pretrained_models) by extensions ['cmake', 'python']
[2.618s] Level 1:colcon.colcon_core.package_identification:_identify(backup/Quanser_Academic_Resources/0_libraries/resources/pretrained_models) by extension 'cmake'
[2.618s] Level 1:colcon.colcon_core.package_identification:_identify(backup/Quanser_Academic_Resources/0_libraries/resources/pretrained_models) by extension 'python'
[2.618s] Level 1:colcon.colcon_core.package_identification:_identify(backup/Quanser_Academic_Resources/0_libraries/resources/pretrained_models) by extensions ['python_setup_py']
[2.618s] Level 1:colcon.colcon_core.package_identification:_identify(backup/Quanser_Academic_Resources/0_libraries/resources/pretrained_models) by extension 'python_setup_py'
[2.618s] Level 1:colcon.colcon_core.package_identification:_identify(backup/Quanser_Academic_Resources/0_libraries/resources/rt_models) by extensions ['ignore', 'ignore_ament_install']
[2.618s] Level 1:colcon.colcon_core.package_identification:_identify(backup/Quanser_Academic_Resources/0_libraries/resources/rt_models) by extension 'ignore'
[2.618s] Level 1:colcon.colcon_core.package_identification:_identify(backup/Quanser_Academic_Resources/0_libraries/resources/rt_models) by extension 'ignore_ament_install'
[2.618s] Level 1:colcon.colcon_core.package_identification:_identify(backup/Quanser_Academic_Resources/0_libraries/resources/rt_models) by extensions ['colcon_pkg']
[2.618s] Level 1:colcon.colcon_core.package_identification:_identify(backup/Quanser_Academic_Resources/0_libraries/resources/rt_models) by extension 'colcon_pkg'
[2.618s] Level 1:colcon.colcon_core.package_identification:_identify(backup/Quanser_Academic_Resources/0_libraries/resources/rt_models) by extensions ['colcon_meta']
[2.618s] Level 1:colcon.colcon_core.package_identification:_identify(backup/Quanser_Academic_Resources/0_libraries/resources/rt_models) by extension 'colcon_meta'
[2.618s] Level 1:colcon.colcon_core.package_identification:_identify(backup/Quanser_Academic_Resources/0_libraries/resources/rt_models) by extensions ['ros']
[2.618s] Level 1:colcon.colcon_core.package_identification:_identify(backup/Quanser_Academic_Resources/0_libraries/resources/rt_models) by extension 'ros'
[2.618s] Level 1:colcon.colcon_core.package_identification:_identify(backup/Quanser_Academic_Resources/0_libraries/resources/rt_models) by extensions ['cmake', 'python']
[2.618s] Level 1:colcon.colcon_core.package_identification:_identify(backup/Quanser_Academic_Resources/0_libraries/resources/rt_models) by extension 'cmake'
[2.618s] Level 1:colcon.colcon_core.package_identification:_identify(backup/Quanser_Academic_Resources/0_libraries/resources/rt_models) by extension 'python'
[2.618s] Level 1:colcon.colcon_core.package_identification:_identify(backup/Quanser_Academic_Resources/0_libraries/resources/rt_models) by extensions ['python_setup_py']
[2.618s] Level 1:colcon.colcon_core.package_identification:_identify(backup/Quanser_Academic_Resources/0_libraries/resources/rt_models) by extension 'python_setup_py'
[2.619s] Level 1:colcon.colcon_core.package_identification:_identify(backup/Quanser_Academic_Resources/0_libraries/resources/rt_models/QArm) by extensions ['ignore', 'ignore_ament_install']
[2.619s] Level 1:colcon.colcon_core.package_identification:_identify(backup/Quanser_Academic_Resources/0_libraries/resources/rt_models/QArm) by extension 'ignore'
[2.619s] Level 1:colcon.colcon_core.package_identification:_identify(backup/Quanser_Academic_Resources/0_libraries/resources/rt_models/QArm) by extension 'ignore_ament_install'
[2.619s] Level 1:colcon.colcon_core.package_identification:_identify(backup/Quanser_Academic_Resources/0_libraries/resources/rt_models/QArm) by extensions ['colcon_pkg']
[2.619s] Level 1:colcon.colcon_core.package_identification:_identify(backup/Quanser_Academic_Resources/0_libraries/resources/rt_models/QArm) by extension 'colcon_pkg'
[2.619s] Level 1:colcon.colcon_core.package_identification:_identify(backup/Quanser_Academic_Resources/0_libraries/resources/rt_models/QArm) by extensions ['colcon_meta']
[2.619s] Level 1:colcon.colcon_core.package_identification:_identify(backup/Quanser_Academic_Resources/0_libraries/resources/rt_models/QArm) by extension 'colcon_meta'
[2.619s] Level 1:colcon.colcon_core.package_identification:_identify(backup/Quanser_Academic_Resources/0_libraries/resources/rt_models/QArm) by extensions ['ros']
[2.619s] Level 1:colcon.colcon_core.package_identification:_identify(backup/Quanser_Academic_Resources/0_libraries/resources/rt_models/QArm) by extension 'ros'
[2.619s] Level 1:colcon.colcon_core.package_identification:_identify(backup/Quanser_Academic_Resources/0_libraries/resources/rt_models/QArm) by extensions ['cmake', 'python']
[2.619s] Level 1:colcon.colcon_core.package_identification:_identify(backup/Quanser_Academic_Resources/0_libraries/resources/rt_models/QArm) by extension 'cmake'
[2.619s] Level 1:colcon.colcon_core.package_identification:_identify(backup/Quanser_Academic_Resources/0_libraries/resources/rt_models/QArm) by extension 'python'
[2.619s] Level 1:colcon.colcon_core.package_identification:_identify(backup/Quanser_Academic_Resources/0_libraries/resources/rt_models/QArm) by extensions ['python_setup_py']
[2.619s] Level 1:colcon.colcon_core.package_identification:_identify(backup/Quanser_Academic_Resources/0_libraries/resources/rt_models/QArm) by extension 'python_setup_py'
[2.619s] Level 1:colcon.colcon_core.package_identification:_identify(backup/Quanser_Academic_Resources/0_libraries/resources/rt_models/QBotPlatform) by extensions ['ignore', 'ignore_ament_install']
[2.619s] Level 1:colcon.colcon_core.package_identification:_identify(backup/Quanser_Academic_Resources/0_libraries/resources/rt_models/QBotPlatform) by extension 'ignore'
[2.619s] Level 1:colcon.colcon_core.package_identification:_identify(backup/Quanser_Academic_Resources/0_libraries/resources/rt_models/QBotPlatform) by extension 'ignore_ament_install'
[2.619s] Level 1:colcon.colcon_core.package_identification:_identify(backup/Quanser_Academic_Resources/0_libraries/resources/rt_models/QBotPlatform) by extensions ['colcon_pkg']
[2.619s] Level 1:colcon.colcon_core.package_identification:_identify(backup/Quanser_Academic_Resources/0_libraries/resources/rt_models/QBotPlatform) by extension 'colcon_pkg'
[2.619s] Level 1:colcon.colcon_core.package_identification:_identify(backup/Quanser_Academic_Resources/0_libraries/resources/rt_models/QBotPlatform) by extensions ['colcon_meta']
[2.619s] Level 1:colcon.colcon_core.package_identification:_identify(backup/Quanser_Academic_Resources/0_libraries/resources/rt_models/QBotPlatform) by extension 'colcon_meta'
[2.619s] Level 1:colcon.colcon_core.package_identification:_identify(backup/Quanser_Academic_Resources/0_libraries/resources/rt_models/QBotPlatform) by extensions ['ros']
[2.619s] Level 1:colcon.colcon_core.package_identification:_identify(backup/Quanser_Academic_Resources/0_libraries/resources/rt_models/QBotPlatform) by extension 'ros'
[2.619s] Level 1:colcon.colcon_core.package_identification:_identify(backup/Quanser_Academic_Resources/0_libraries/resources/rt_models/QBotPlatform) by extensions ['cmake', 'python']
[2.619s] Level 1:colcon.colcon_core.package_identification:_identify(backup/Quanser_Academic_Resources/0_libraries/resources/rt_models/QBotPlatform) by extension 'cmake'
[2.619s] Level 1:colcon.colcon_core.package_identification:_identify(backup/Quanser_Academic_Resources/0_libraries/resources/rt_models/QBotPlatform) by extension 'python'
[2.619s] Level 1:colcon.colcon_core.package_identification:_identify(backup/Quanser_Academic_Resources/0_libraries/resources/rt_models/QBotPlatform) by extensions ['python_setup_py']
[2.619s] Level 1:colcon.colcon_core.package_identification:_identify(backup/Quanser_Academic_Resources/0_libraries/resources/rt_models/QBotPlatform) by extension 'python_setup_py'
[2.619s] Level 1:colcon.colcon_core.package_identification:_identify(backup/Quanser_Academic_Resources/0_libraries/resources/rt_models/QCar) by extensions ['ignore', 'ignore_ament_install']
[2.620s] Level 1:colcon.colcon_core.package_identification:_identify(backup/Quanser_Academic_Resources/0_libraries/resources/rt_models/QCar) by extension 'ignore'
[2.620s] Level 1:colcon.colcon_core.package_identification:_identify(backup/Quanser_Academic_Resources/0_libraries/resources/rt_models/QCar) by extension 'ignore_ament_install'
[2.620s] Level 1:colcon.colcon_core.package_identification:_identify(backup/Quanser_Academic_Resources/0_libraries/resources/rt_models/QCar) by extensions ['colcon_pkg']
[2.620s] Level 1:colcon.colcon_core.package_identification:_identify(backup/Quanser_Academic_Resources/0_libraries/resources/rt_models/QCar) by extension 'colcon_pkg'
[2.620s] Level 1:colcon.colcon_core.package_identification:_identify(backup/Quanser_Academic_Resources/0_libraries/resources/rt_models/QCar) by extensions ['colcon_meta']
[2.620s] Level 1:colcon.colcon_core.package_identification:_identify(backup/Quanser_Academic_Resources/0_libraries/resources/rt_models/QCar) by extension 'colcon_meta'
[2.620s] Level 1:colcon.colcon_core.package_identification:_identify(backup/Quanser_Academic_Resources/0_libraries/resources/rt_models/QCar) by extensions ['ros']
[2.620s] Level 1:colcon.colcon_core.package_identification:_identify(backup/Quanser_Academic_Resources/0_libraries/resources/rt_models/QCar) by extension 'ros'
[2.620s] Level 1:colcon.colcon_core.package_identification:_identify(backup/Quanser_Academic_Resources/0_libraries/resources/rt_models/QCar) by extensions ['cmake', 'python']
[2.620s] Level 1:colcon.colcon_core.package_identification:_identify(backup/Quanser_Academic_Resources/0_libraries/resources/rt_models/QCar) by extension 'cmake'
[2.620s] Level 1:colcon.colcon_core.package_identification:_identify(backup/Quanser_Academic_Resources/0_libraries/resources/rt_models/QCar) by extension 'python'
[2.620s] Level 1:colcon.colcon_core.package_identification:_identify(backup/Quanser_Academic_Resources/0_libraries/resources/rt_models/QCar) by extensions ['python_setup_py']
[2.620s] Level 1:colcon.colcon_core.package_identification:_identify(backup/Quanser_Academic_Resources/0_libraries/resources/rt_models/QCar) by extension 'python_setup_py'
[2.620s] Level 1:colcon.colcon_core.package_identification:_identify(backup/Quanser_Academic_Resources/0_libraries/resources/rt_models/QCar2) by extensions ['ignore', 'ignore_ament_install']
[2.620s] Level 1:colcon.colcon_core.package_identification:_identify(backup/Quanser_Academic_Resources/0_libraries/resources/rt_models/QCar2) by extension 'ignore'
[2.620s] Level 1:colcon.colcon_core.package_identification:_identify(backup/Quanser_Academic_Resources/0_libraries/resources/rt_models/QCar2) by extension 'ignore_ament_install'
[2.620s] Level 1:colcon.colcon_core.package_identification:_identify(backup/Quanser_Academic_Resources/0_libraries/resources/rt_models/QCar2) by extensions ['colcon_pkg']
[2.620s] Level 1:colcon.colcon_core.package_identification:_identify(backup/Quanser_Academic_Resources/0_libraries/resources/rt_models/QCar2) by extension 'colcon_pkg'
[2.620s] Level 1:colcon.colcon_core.package_identification:_identify(backup/Quanser_Academic_Resources/0_libraries/resources/rt_models/QCar2) by extensions ['colcon_meta']
[2.620s] Level 1:colcon.colcon_core.package_identification:_identify(backup/Quanser_Academic_Resources/0_libraries/resources/rt_models/QCar2) by extension 'colcon_meta'
[2.620s] Level 1:colcon.colcon_core.package_identification:_identify(backup/Quanser_Academic_Resources/0_libraries/resources/rt_models/QCar2) by extensions ['ros']
[2.620s] Level 1:colcon.colcon_core.package_identification:_identify(backup/Quanser_Academic_Resources/0_libraries/resources/rt_models/QCar2) by extension 'ros'
[2.620s] Level 1:colcon.colcon_core.package_identification:_identify(backup/Quanser_Academic_Resources/0_libraries/resources/rt_models/QCar2) by extensions ['cmake', 'python']
[2.620s] Level 1:colcon.colcon_core.package_identification:_identify(backup/Quanser_Academic_Resources/0_libraries/resources/rt_models/QCar2) by extension 'cmake'
[2.620s] Level 1:colcon.colcon_core.package_identification:_identify(backup/Quanser_Academic_Resources/0_libraries/resources/rt_models/QCar2) by extension 'python'
[2.620s] Level 1:colcon.colcon_core.package_identification:_identify(backup/Quanser_Academic_Resources/0_libraries/resources/rt_models/QCar2) by extensions ['python_setup_py']
[2.620s] Level 1:colcon.colcon_core.package_identification:_identify(backup/Quanser_Academic_Resources/0_libraries/resources/rt_models/QCar2) by extension 'python_setup_py'
[2.620s] Level 1:colcon.colcon_core.package_identification:_identify(backup/Quanser_Academic_Resources/0_libraries/resources/rt_models/QDrone2) by extensions ['ignore', 'ignore_ament_install']
[2.620s] Level 1:colcon.colcon_core.package_identification:_identify(backup/Quanser_Academic_Resources/0_libraries/resources/rt_models/QDrone2) by extension 'ignore'
[2.620s] Level 1:colcon.colcon_core.package_identification:_identify(backup/Quanser_Academic_Resources/0_libraries/resources/rt_models/QDrone2) by extension 'ignore_ament_install'
[2.621s] Level 1:colcon.colcon_core.package_identification:_identify(backup/Quanser_Academic_Resources/0_libraries/resources/rt_models/QDrone2) by extensions ['colcon_pkg']
[2.621s] Level 1:colcon.colcon_core.package_identification:_identify(backup/Quanser_Academic_Resources/0_libraries/resources/rt_models/QDrone2) by extension 'colcon_pkg'
[2.621s] Level 1:colcon.colcon_core.package_identification:_identify(backup/Quanser_Academic_Resources/0_libraries/resources/rt_models/QDrone2) by extensions ['colcon_meta']
[2.621s] Level 1:colcon.colcon_core.package_identification:_identify(backup/Quanser_Academic_Resources/0_libraries/resources/rt_models/QDrone2) by extension 'colcon_meta'
[2.621s] Level 1:colcon.colcon_core.package_identification:_identify(backup/Quanser_Academic_Resources/0_libraries/resources/rt_models/QDrone2) by extensions ['ros']
[2.621s] Level 1:colcon.colcon_core.package_identification:_identify(backup/Quanser_Academic_Resources/0_libraries/resources/rt_models/QDrone2) by extension 'ros'
[2.621s] Level 1:colcon.colcon_core.package_identification:_identify(backup/Quanser_Academic_Resources/0_libraries/resources/rt_models/QDrone2) by extensions ['cmake', 'python']
[2.621s] Level 1:colcon.colcon_core.package_identification:_identify(backup/Quanser_Academic_Resources/0_libraries/resources/rt_models/QDrone2) by extension 'cmake'
[2.621s] Level 1:colcon.colcon_core.package_identification:_identify(backup/Quanser_Academic_Resources/0_libraries/resources/rt_models/QDrone2) by extension 'python'
[2.621s] Level 1:colcon.colcon_core.package_identification:_identify(backup/Quanser_Academic_Resources/0_libraries/resources/rt_models/QDrone2) by extensions ['python_setup_py']
[2.621s] Level 1:colcon.colcon_core.package_identification:_identify(backup/Quanser_Academic_Resources/0_libraries/resources/rt_models/QDrone2) by extension 'python_setup_py'
[2.621s] Level 1:colcon.colcon_core.package_identification:_identify(backup/Quanser_Academic_Resources/1_setup) by extensions ['ignore', 'ignore_ament_install']
[2.621s] Level 1:colcon.colcon_core.package_identification:_identify(backup/Quanser_Academic_Resources/1_setup) by extension 'ignore'
[2.621s] Level 1:colcon.colcon_core.package_identification:_identify(backup/Quanser_Academic_Resources/1_setup) by extension 'ignore_ament_install'
[2.621s] Level 1:colcon.colcon_core.package_identification:_identify(backup/Quanser_Academic_Resources/1_setup) by extensions ['colcon_pkg']
[2.621s] Level 1:colcon.colcon_core.package_identification:_identify(backup/Quanser_Academic_Resources/1_setup) by extension 'colcon_pkg'
[2.621s] Level 1:colcon.colcon_core.package_identification:_identify(backup/Quanser_Academic_Resources/1_setup) by extensions ['colcon_meta']
[2.621s] Level 1:colcon.colcon_core.package_identification:_identify(backup/Quanser_Academic_Resources/1_setup) by extension 'colcon_meta'
[2.621s] Level 1:colcon.colcon_core.package_identification:_identify(backup/Quanser_Academic_Resources/1_setup) by extensions ['ros']
[2.621s] Level 1:colcon.colcon_core.package_identification:_identify(backup/Quanser_Academic_Resources/1_setup) by extension 'ros'
[2.621s] Level 1:colcon.colcon_core.package_identification:_identify(backup/Quanser_Academic_Resources/1_setup) by extensions ['cmake', 'python']
[2.621s] Level 1:colcon.colcon_core.package_identification:_identify(backup/Quanser_Academic_Resources/1_setup) by extension 'cmake'
[2.621s] Level 1:colcon.colcon_core.package_identification:_identify(backup/Quanser_Academic_Resources/1_setup) by extension 'python'
[2.621s] Level 1:colcon.colcon_core.package_identification:_identify(backup/Quanser_Academic_Resources/1_setup) by extensions ['python_setup_py']
[2.621s] Level 1:colcon.colcon_core.package_identification:_identify(backup/Quanser_Academic_Resources/1_setup) by extension 'python_setup_py'
[2.621s] Level 1:colcon.colcon_core.package_identification:_identify(backup/Quanser_Academic_Resources/1_setup/self_driving_car_studio) by extensions ['ignore', 'ignore_ament_install']
[2.621s] Level 1:colcon.colcon_core.package_identification:_identify(backup/Quanser_Academic_Resources/1_setup/self_driving_car_studio) by extension 'ignore'
[2.621s] Level 1:colcon.colcon_core.package_identification:_identify(backup/Quanser_Academic_Resources/1_setup/self_driving_car_studio) by extension 'ignore_ament_install'
[2.622s] Level 1:colcon.colcon_core.package_identification:_identify(backup/Quanser_Academic_Resources/1_setup/self_driving_car_studio) by extensions ['colcon_pkg']
[2.622s] Level 1:colcon.colcon_core.package_identification:_identify(backup/Quanser_Academic_Resources/1_setup/self_driving_car_studio) by extension 'colcon_pkg'
[2.622s] Level 1:colcon.colcon_core.package_identification:_identify(backup/Quanser_Academic_Resources/1_setup/self_driving_car_studio) by extensions ['colcon_meta']
[2.622s] Level 1:colcon.colcon_core.package_identification:_identify(backup/Quanser_Academic_Resources/1_setup/self_driving_car_studio) by extension 'colcon_meta'
[2.622s] Level 1:colcon.colcon_core.package_identification:_identify(backup/Quanser_Academic_Resources/1_setup/self_driving_car_studio) by extensions ['ros']
[2.622s] Level 1:colcon.colcon_core.package_identification:_identify(backup/Quanser_Academic_Resources/1_setup/self_driving_car_studio) by extension 'ros'
[2.622s] Level 1:colcon.colcon_core.package_identification:_identify(backup/Quanser_Academic_Resources/1_setup/self_driving_car_studio) by extensions ['cmake', 'python']
[2.622s] Level 1:colcon.colcon_core.package_identification:_identify(backup/Quanser_Academic_Resources/1_setup/self_driving_car_studio) by extension 'cmake'
[2.622s] Level 1:colcon.colcon_core.package_identification:_identify(backup/Quanser_Academic_Resources/1_setup/self_driving_car_studio) by extension 'python'
[2.622s] Level 1:colcon.colcon_core.package_identification:_identify(backup/Quanser_Academic_Resources/1_setup/self_driving_car_studio) by extensions ['python_setup_py']
[2.622s] Level 1:colcon.colcon_core.package_identification:_identify(backup/Quanser_Academic_Resources/1_setup/self_driving_car_studio) by extension 'python_setup_py'
[2.622s] Level 1:colcon.colcon_core.package_identification:_identify(backup/Quanser_Academic_Resources/2_quick_start_guides) by extensions ['ignore', 'ignore_ament_install']
[2.622s] Level 1:colcon.colcon_core.package_identification:_identify(backup/Quanser_Academic_Resources/2_quick_start_guides) by extension 'ignore'
[2.622s] Level 1:colcon.colcon_core.package_identification:_identify(backup/Quanser_Academic_Resources/2_quick_start_guides) by extension 'ignore_ament_install'
[2.622s] Level 1:colcon.colcon_core.package_identification:_identify(backup/Quanser_Academic_Resources/2_quick_start_guides) by extensions ['colcon_pkg']
[2.622s] Level 1:colcon.colcon_core.package_identification:_identify(backup/Quanser_Academic_Resources/2_quick_start_guides) by extension 'colcon_pkg'
[2.622s] Level 1:colcon.colcon_core.package_identification:_identify(backup/Quanser_Academic_Resources/2_quick_start_guides) by extensions ['colcon_meta']
[2.622s] Level 1:colcon.colcon_core.package_identification:_identify(backup/Quanser_Academic_Resources/2_quick_start_guides) by extension 'colcon_meta'
[2.622s] Level 1:colcon.colcon_core.package_identification:_identify(backup/Quanser_Academic_Resources/2_quick_start_guides) by extensions ['ros']
[2.622s] Level 1:colcon.colcon_core.package_identification:_identify(backup/Quanser_Academic_Resources/2_quick_start_guides) by extension 'ros'
[2.622s] Level 1:colcon.colcon_core.package_identification:_identify(backup/Quanser_Academic_Resources/2_quick_start_guides) by extensions ['cmake', 'python']
[2.622s] Level 1:colcon.colcon_core.package_identification:_identify(backup/Quanser_Academic_Resources/2_quick_start_guides) by extension 'cmake'
[2.622s] Level 1:colcon.colcon_core.package_identification:_identify(backup/Quanser_Academic_Resources/2_quick_start_guides) by extension 'python'
[2.622s] Level 1:colcon.colcon_core.package_identification:_identify(backup/Quanser_Academic_Resources/2_quick_start_guides) by extensions ['python_setup_py']
[2.622s] Level 1:colcon.colcon_core.package_identification:_identify(backup/Quanser_Academic_Resources/2_quick_start_guides) by extension 'python_setup_py'
[2.622s] Level 1:colcon.colcon_core.package_identification:_identify(backup/Quanser_Academic_Resources/2_quick_start_guides/qcar2) by extensions ['ignore', 'ignore_ament_install']
[2.622s] Level 1:colcon.colcon_core.package_identification:_identify(backup/Quanser_Academic_Resources/2_quick_start_guides/qcar2) by extension 'ignore'
[2.622s] Level 1:colcon.colcon_core.package_identification:_identify(backup/Quanser_Academic_Resources/2_quick_start_guides/qcar2) by extension 'ignore_ament_install'
[2.622s] Level 1:colcon.colcon_core.package_identification:_identify(backup/Quanser_Academic_Resources/2_quick_start_guides/qcar2) by extensions ['colcon_pkg']
[2.622s] Level 1:colcon.colcon_core.package_identification:_identify(backup/Quanser_Academic_Resources/2_quick_start_guides/qcar2) by extension 'colcon_pkg'
[2.622s] Level 1:colcon.colcon_core.package_identification:_identify(backup/Quanser_Academic_Resources/2_quick_start_guides/qcar2) by extensions ['colcon_meta']
[2.623s] Level 1:colcon.colcon_core.package_identification:_identify(backup/Quanser_Academic_Resources/2_quick_start_guides/qcar2) by extension 'colcon_meta'
[2.623s] Level 1:colcon.colcon_core.package_identification:_identify(backup/Quanser_Academic_Resources/2_quick_start_guides/qcar2) by extensions ['ros']
[2.623s] Level 1:colcon.colcon_core.package_identification:_identify(backup/Quanser_Academic_Resources/2_quick_start_guides/qcar2) by extension 'ros'
[2.623s] Level 1:colcon.colcon_core.package_identification:_identify(backup/Quanser_Academic_Resources/2_quick_start_guides/qcar2) by extensions ['cmake', 'python']
[2.623s] Level 1:colcon.colcon_core.package_identification:_identify(backup/Quanser_Academic_Resources/2_quick_start_guides/qcar2) by extension 'cmake'
[2.623s] Level 1:colcon.colcon_core.package_identification:_identify(backup/Quanser_Academic_Resources/2_quick_start_guides/qcar2) by extension 'python'
[2.623s] Level 1:colcon.colcon_core.package_identification:_identify(backup/Quanser_Academic_Resources/2_quick_start_guides/qcar2) by extensions ['python_setup_py']
[2.623s] Level 1:colcon.colcon_core.package_identification:_identify(backup/Quanser_Academic_Resources/2_quick_start_guides/qcar2) by extension 'python_setup_py'
[2.623s] Level 1:colcon.colcon_core.package_identification:_identify(backup/Quanser_Academic_Resources/2_quick_start_guides/qcar2/hardware) by extensions ['ignore', 'ignore_ament_install']
[2.623s] Level 1:colcon.colcon_core.package_identification:_identify(backup/Quanser_Academic_Resources/2_quick_start_guides/qcar2/hardware) by extension 'ignore'
[2.623s] Level 1:colcon.colcon_core.package_identification:_identify(backup/Quanser_Academic_Resources/2_quick_start_guides/qcar2/hardware) by extension 'ignore_ament_install'
[2.623s] Level 1:colcon.colcon_core.package_identification:_identify(backup/Quanser_Academic_Resources/2_quick_start_guides/qcar2/hardware) by extensions ['colcon_pkg']
[2.623s] Level 1:colcon.colcon_core.package_identification:_identify(backup/Quanser_Academic_Resources/2_quick_start_guides/qcar2/hardware) by extension 'colcon_pkg'
[2.623s] Level 1:colcon.colcon_core.package_identification:_identify(backup/Quanser_Academic_Resources/2_quick_start_guides/qcar2/hardware) by extensions ['colcon_meta']
[2.623s] Level 1:colcon.colcon_core.package_identification:_identify(backup/Quanser_Academic_Resources/2_quick_start_guides/qcar2/hardware) by extension 'colcon_meta'
[2.623s] Level 1:colcon.colcon_core.package_identification:_identify(backup/Quanser_Academic_Resources/2_quick_start_guides/qcar2/hardware) by extensions ['ros']
[2.623s] Level 1:colcon.colcon_core.package_identification:_identify(backup/Quanser_Academic_Resources/2_quick_start_guides/qcar2/hardware) by extension 'ros'
[2.623s] Level 1:colcon.colcon_core.package_identification:_identify(backup/Quanser_Academic_Resources/2_quick_start_guides/qcar2/hardware) by extensions ['cmake', 'python']
[2.623s] Level 1:colcon.colcon_core.package_identification:_identify(backup/Quanser_Academic_Resources/2_quick_start_guides/qcar2/hardware) by extension 'cmake'
[2.623s] Level 1:colcon.colcon_core.package_identification:_identify(backup/Quanser_Academic_Resources/2_quick_start_guides/qcar2/hardware) by extension 'python'
[2.623s] Level 1:colcon.colcon_core.package_identification:_identify(backup/Quanser_Academic_Resources/2_quick_start_guides/qcar2/hardware) by extensions ['python_setup_py']
[2.623s] Level 1:colcon.colcon_core.package_identification:_identify(backup/Quanser_Academic_Resources/2_quick_start_guides/qcar2/hardware) by extension 'python_setup_py'
[2.623s] Level 1:colcon.colcon_core.package_identification:_identify(backup/Quanser_Academic_Resources/3_user_manuals) by extensions ['ignore', 'ignore_ament_install']
[2.623s] Level 1:colcon.colcon_core.package_identification:_identify(backup/Quanser_Academic_Resources/3_user_manuals) by extension 'ignore'
[2.623s] Level 1:colcon.colcon_core.package_identification:_identify(backup/Quanser_Academic_Resources/3_user_manuals) by extension 'ignore_ament_install'
[2.623s] Level 1:colcon.colcon_core.package_identification:_identify(backup/Quanser_Academic_Resources/3_user_manuals) by extensions ['colcon_pkg']
[2.623s] Level 1:colcon.colcon_core.package_identification:_identify(backup/Quanser_Academic_Resources/3_user_manuals) by extension 'colcon_pkg'
[2.624s] Level 1:colcon.colcon_core.package_identification:_identify(backup/Quanser_Academic_Resources/3_user_manuals) by extensions ['colcon_meta']
[2.624s] Level 1:colcon.colcon_core.package_identification:_identify(backup/Quanser_Academic_Resources/3_user_manuals) by extension 'colcon_meta'
[2.624s] Level 1:colcon.colcon_core.package_identification:_identify(backup/Quanser_Academic_Resources/3_user_manuals) by extensions ['ros']
[2.624s] Level 1:colcon.colcon_core.package_identification:_identify(backup/Quanser_Academic_Resources/3_user_manuals) by extension 'ros'
[2.624s] Level 1:colcon.colcon_core.package_identification:_identify(backup/Quanser_Academic_Resources/3_user_manuals) by extensions ['cmake', 'python']
[2.624s] Level 1:colcon.colcon_core.package_identification:_identify(backup/Quanser_Academic_Resources/3_user_manuals) by extension 'cmake'
[2.624s] Level 1:colcon.colcon_core.package_identification:_identify(backup/Quanser_Academic_Resources/3_user_manuals) by extension 'python'
[2.624s] Level 1:colcon.colcon_core.package_identification:_identify(backup/Quanser_Academic_Resources/3_user_manuals) by extensions ['python_setup_py']
[2.624s] Level 1:colcon.colcon_core.package_identification:_identify(backup/Quanser_Academic_Resources/3_user_manuals) by extension 'python_setup_py'
[2.624s] Level 1:colcon.colcon_core.package_identification:_identify(backup/Quanser_Academic_Resources/3_user_manuals/qcar) by extensions ['ignore', 'ignore_ament_install']
[2.624s] Level 1:colcon.colcon_core.package_identification:_identify(backup/Quanser_Academic_Resources/3_user_manuals/qcar) by extension 'ignore'
[2.624s] Level 1:colcon.colcon_core.package_identification:_identify(backup/Quanser_Academic_Resources/3_user_manuals/qcar) by extension 'ignore_ament_install'
[2.624s] Level 1:colcon.colcon_core.package_identification:_identify(backup/Quanser_Academic_Resources/3_user_manuals/qcar) by extensions ['colcon_pkg']
[2.624s] Level 1:colcon.colcon_core.package_identification:_identify(backup/Quanser_Academic_Resources/3_user_manuals/qcar) by extension 'colcon_pkg'
[2.624s] Level 1:colcon.colcon_core.package_identification:_identify(backup/Quanser_Academic_Resources/3_user_manuals/qcar) by extensions ['colcon_meta']
[2.624s] Level 1:colcon.colcon_core.package_identification:_identify(backup/Quanser_Academic_Resources/3_user_manuals/qcar) by extension 'colcon_meta'
[2.624s] Level 1:colcon.colcon_core.package_identification:_identify(backup/Quanser_Academic_Resources/3_user_manuals/qcar) by extensions ['ros']
[2.624s] Level 1:colcon.colcon_core.package_identification:_identify(backup/Quanser_Academic_Resources/3_user_manuals/qcar) by extension 'ros'
[2.624s] Level 1:colcon.colcon_core.package_identification:_identify(backup/Quanser_Academic_Resources/3_user_manuals/qcar) by extensions ['cmake', 'python']
[2.624s] Level 1:colcon.colcon_core.package_identification:_identify(backup/Quanser_Academic_Resources/3_user_manuals/qcar) by extension 'cmake'
[2.624s] Level 1:colcon.colcon_core.package_identification:_identify(backup/Quanser_Academic_Resources/3_user_manuals/qcar) by extension 'python'
[2.624s] Level 1:colcon.colcon_core.package_identification:_identify(backup/Quanser_Academic_Resources/3_user_manuals/qcar) by extensions ['python_setup_py']
[2.624s] Level 1:colcon.colcon_core.package_identification:_identify(backup/Quanser_Academic_Resources/3_user_manuals/qcar) by extension 'python_setup_py'
[2.624s] Level 1:colcon.colcon_core.package_identification:_identify(backup/Quanser_Academic_Resources/3_user_manuals/qcar2) by extensions ['ignore', 'ignore_ament_install']
[2.624s] Level 1:colcon.colcon_core.package_identification:_identify(backup/Quanser_Academic_Resources/3_user_manuals/qcar2) by extension 'ignore'
[2.624s] Level 1:colcon.colcon_core.package_identification:_identify(backup/Quanser_Academic_Resources/3_user_manuals/qcar2) by extension 'ignore_ament_install'
[2.624s] Level 1:colcon.colcon_core.package_identification:_identify(backup/Quanser_Academic_Resources/3_user_manuals/qcar2) by extensions ['colcon_pkg']
[2.625s] Level 1:colcon.colcon_core.package_identification:_identify(backup/Quanser_Academic_Resources/3_user_manuals/qcar2) by extension 'colcon_pkg'
[2.625s] Level 1:colcon.colcon_core.package_identification:_identify(backup/Quanser_Academic_Resources/3_user_manuals/qcar2) by extensions ['colcon_meta']
[2.625s] Level 1:colcon.colcon_core.package_identification:_identify(backup/Quanser_Academic_Resources/3_user_manuals/qcar2) by extension 'colcon_meta'
[2.625s] Level 1:colcon.colcon_core.package_identification:_identify(backup/Quanser_Academic_Resources/3_user_manuals/qcar2) by extensions ['ros']
[2.625s] Level 1:colcon.colcon_core.package_identification:_identify(backup/Quanser_Academic_Resources/3_user_manuals/qcar2) by extension 'ros'
[2.625s] Level 1:colcon.colcon_core.package_identification:_identify(backup/Quanser_Academic_Resources/3_user_manuals/qcar2) by extensions ['cmake', 'python']
[2.625s] Level 1:colcon.colcon_core.package_identification:_identify(backup/Quanser_Academic_Resources/3_user_manuals/qcar2) by extension 'cmake'
[2.625s] Level 1:colcon.colcon_core.package_identification:_identify(backup/Quanser_Academic_Resources/3_user_manuals/qcar2) by extension 'python'
[2.625s] Level 1:colcon.colcon_core.package_identification:_identify(backup/Quanser_Academic_Resources/3_user_manuals/qcar2) by extensions ['python_setup_py']
[2.625s] Level 1:colcon.colcon_core.package_identification:_identify(backup/Quanser_Academic_Resources/3_user_manuals/qcar2) by extension 'python_setup_py'
[2.625s] Level 1:colcon.colcon_core.package_identification:_identify(backup/Quanser_Academic_Resources/3_user_manuals/qcar2/supplementary_material) by extensions ['ignore', 'ignore_ament_install']
[2.625s] Level 1:colcon.colcon_core.package_identification:_identify(backup/Quanser_Academic_Resources/3_user_manuals/qcar2/supplementary_material) by extension 'ignore'
[2.625s] Level 1:colcon.colcon_core.package_identification:_identify(backup/Quanser_Academic_Resources/3_user_manuals/qcar2/supplementary_material) by extension 'ignore_ament_install'
[2.625s] Level 1:colcon.colcon_core.package_identification:_identify(backup/Quanser_Academic_Resources/3_user_manuals/qcar2/supplementary_material) by extensions ['colcon_pkg']
[2.625s] Level 1:colcon.colcon_core.package_identification:_identify(backup/Quanser_Academic_Resources/3_user_manuals/qcar2/supplementary_material) by extension 'colcon_pkg'
[2.625s] Level 1:colcon.colcon_core.package_identification:_identify(backup/Quanser_Academic_Resources/3_user_manuals/qcar2/supplementary_material) by extensions ['colcon_meta']
[2.625s] Level 1:colcon.colcon_core.package_identification:_identify(backup/Quanser_Academic_Resources/3_user_manuals/qcar2/supplementary_material) by extension 'colcon_meta'
[2.625s] Level 1:colcon.colcon_core.package_identification:_identify(backup/Quanser_Academic_Resources/3_user_manuals/qcar2/supplementary_material) by extensions ['ros']
[2.625s] Level 1:colcon.colcon_core.package_identification:_identify(backup/Quanser_Academic_Resources/3_user_manuals/qcar2/supplementary_material) by extension 'ros'
[2.625s] Level 1:colcon.colcon_core.package_identification:_identify(backup/Quanser_Academic_Resources/3_user_manuals/qcar2/supplementary_material) by extensions ['cmake', 'python']
[2.625s] Level 1:colcon.colcon_core.package_identification:_identify(backup/Quanser_Academic_Resources/3_user_manuals/qcar2/supplementary_material) by extension 'cmake'
[2.625s] Level 1:colcon.colcon_core.package_identification:_identify(backup/Quanser_Academic_Resources/3_user_manuals/qcar2/supplementary_material) by extension 'python'
[2.625s] Level 1:colcon.colcon_core.package_identification:_identify(backup/Quanser_Academic_Resources/3_user_manuals/qcar2/supplementary_material) by extensions ['python_setup_py']
[2.625s] Level 1:colcon.colcon_core.package_identification:_identify(backup/Quanser_Academic_Resources/3_user_manuals/qcar2/supplementary_material) by extension 'python_setup_py'
[2.625s] Level 1:colcon.colcon_core.package_identification:_identify(backup/Quanser_Academic_Resources/3_user_manuals/traffic_light) by extensions ['ignore', 'ignore_ament_install']
[2.625s] Level 1:colcon.colcon_core.package_identification:_identify(backup/Quanser_Academic_Resources/3_user_manuals/traffic_light) by extension 'ignore'
[2.625s] Level 1:colcon.colcon_core.package_identification:_identify(backup/Quanser_Academic_Resources/3_user_manuals/traffic_light) by extension 'ignore_ament_install'
[2.625s] Level 1:colcon.colcon_core.package_identification:_identify(backup/Quanser_Academic_Resources/3_user_manuals/traffic_light) by extensions ['colcon_pkg']
[2.625s] Level 1:colcon.colcon_core.package_identification:_identify(backup/Quanser_Academic_Resources/3_user_manuals/traffic_light) by extension 'colcon_pkg'
[2.625s] Level 1:colcon.colcon_core.package_identification:_identify(backup/Quanser_Academic_Resources/3_user_manuals/traffic_light) by extensions ['colcon_meta']
[2.626s] Level 1:colcon.colcon_core.package_identification:_identify(backup/Quanser_Academic_Resources/3_user_manuals/traffic_light) by extension 'colcon_meta'
[2.626s] Level 1:colcon.colcon_core.package_identification:_identify(backup/Quanser_Academic_Resources/3_user_manuals/traffic_light) by extensions ['ros']
[2.626s] Level 1:colcon.colcon_core.package_identification:_identify(backup/Quanser_Academic_Resources/3_user_manuals/traffic_light) by extension 'ros'
[2.626s] Level 1:colcon.colcon_core.package_identification:_identify(backup/Quanser_Academic_Resources/3_user_manuals/traffic_light) by extensions ['cmake', 'python']
[2.626s] Level 1:colcon.colcon_core.package_identification:_identify(backup/Quanser_Academic_Resources/3_user_manuals/traffic_light) by extension 'cmake'
[2.626s] Level 1:colcon.colcon_core.package_identification:_identify(backup/Quanser_Academic_Resources/3_user_manuals/traffic_light) by extension 'python'
[2.626s] Level 1:colcon.colcon_core.package_identification:_identify(backup/Quanser_Academic_Resources/3_user_manuals/traffic_light) by extensions ['python_setup_py']
[2.626s] Level 1:colcon.colcon_core.package_identification:_identify(backup/Quanser_Academic_Resources/3_user_manuals/traffic_light) by extension 'python_setup_py'
[2.626s] Level 1:colcon.colcon_core.package_identification:_identify(backup/Quanser_Academic_Resources/4_concept_reviews) by extensions ['ignore', 'ignore_ament_install']
[2.626s] Level 1:colcon.colcon_core.package_identification:_identify(backup/Quanser_Academic_Resources/4_concept_reviews) by extension 'ignore'
[2.626s] Level 1:colcon.colcon_core.package_identification:_identify(backup/Quanser_Academic_Resources/4_concept_reviews) by extension 'ignore_ament_install'
[2.626s] Level 1:colcon.colcon_core.package_identification:_identify(backup/Quanser_Academic_Resources/4_concept_reviews) by extensions ['colcon_pkg']
[2.626s] Level 1:colcon.colcon_core.package_identification:_identify(backup/Quanser_Academic_Resources/4_concept_reviews) by extension 'colcon_pkg'
[2.626s] Level 1:colcon.colcon_core.package_identification:_identify(backup/Quanser_Academic_Resources/4_concept_reviews) by extensions ['colcon_meta']
[2.626s] Level 1:colcon.colcon_core.package_identification:_identify(backup/Quanser_Academic_Resources/4_concept_reviews) by extension 'colcon_meta'
[2.626s] Level 1:colcon.colcon_core.package_identification:_identify(backup/Quanser_Academic_Resources/4_concept_reviews) by extensions ['ros']
[2.626s] Level 1:colcon.colcon_core.package_identification:_identify(backup/Quanser_Academic_Resources/4_concept_reviews) by extension 'ros'
[2.626s] Level 1:colcon.colcon_core.package_identification:_identify(backup/Quanser_Academic_Resources/4_concept_reviews) by extensions ['cmake', 'python']
[2.626s] Level 1:colcon.colcon_core.package_identification:_identify(backup/Quanser_Academic_Resources/4_concept_reviews) by extension 'cmake'
[2.626s] Level 1:colcon.colcon_core.package_identification:_identify(backup/Quanser_Academic_Resources/4_concept_reviews) by extension 'python'
[2.626s] Level 1:colcon.colcon_core.package_identification:_identify(backup/Quanser_Academic_Resources/4_concept_reviews) by extensions ['python_setup_py']
[2.626s] Level 1:colcon.colcon_core.package_identification:_identify(backup/Quanser_Academic_Resources/4_concept_reviews) by extension 'python_setup_py'
[2.626s] Level 1:colcon.colcon_core.package_identification:_identify(backup/Quanser_Academic_Resources/4_concept_reviews/Controls) by extensions ['ignore', 'ignore_ament_install']
[2.626s] Level 1:colcon.colcon_core.package_identification:_identify(backup/Quanser_Academic_Resources/4_concept_reviews/Controls) by extension 'ignore'
[2.626s] Level 1:colcon.colcon_core.package_identification:_identify(backup/Quanser_Academic_Resources/4_concept_reviews/Controls) by extension 'ignore_ament_install'
[2.626s] Level 1:colcon.colcon_core.package_identification:_identify(backup/Quanser_Academic_Resources/4_concept_reviews/Controls) by extensions ['colcon_pkg']
[2.626s] Level 1:colcon.colcon_core.package_identification:_identify(backup/Quanser_Academic_Resources/4_concept_reviews/Controls) by extension 'colcon_pkg'
[2.626s] Level 1:colcon.colcon_core.package_identification:_identify(backup/Quanser_Academic_Resources/4_concept_reviews/Controls) by extensions ['colcon_meta']
[2.626s] Level 1:colcon.colcon_core.package_identification:_identify(backup/Quanser_Academic_Resources/4_concept_reviews/Controls) by extension 'colcon_meta'
[2.626s] Level 1:colcon.colcon_core.package_identification:_identify(backup/Quanser_Academic_Resources/4_concept_reviews/Controls) by extensions ['ros']
[2.626s] Level 1:colcon.colcon_core.package_identification:_identify(backup/Quanser_Academic_Resources/4_concept_reviews/Controls) by extension 'ros'
[2.627s] Level 1:colcon.colcon_core.package_identification:_identify(backup/Quanser_Academic_Resources/4_concept_reviews/Controls) by extensions ['cmake', 'python']
[2.627s] Level 1:colcon.colcon_core.package_identification:_identify(backup/Quanser_Academic_Resources/4_concept_reviews/Controls) by extension 'cmake'
[2.627s] Level 1:colcon.colcon_core.package_identification:_identify(backup/Quanser_Academic_Resources/4_concept_reviews/Controls) by extension 'python'
[2.627s] Level 1:colcon.colcon_core.package_identification:_identify(backup/Quanser_Academic_Resources/4_concept_reviews/Controls) by extensions ['python_setup_py']
[2.627s] Level 1:colcon.colcon_core.package_identification:_identify(backup/Quanser_Academic_Resources/4_concept_reviews/Controls) by extension 'python_setup_py'
[2.627s] Level 1:colcon.colcon_core.package_identification:_identify(backup/Quanser_Academic_Resources/4_concept_reviews/Modeling & IO) by extensions ['ignore', 'ignore_ament_install']
[2.627s] Level 1:colcon.colcon_core.package_identification:_identify(backup/Quanser_Academic_Resources/4_concept_reviews/Modeling & IO) by extension 'ignore'
[2.627s] Level 1:colcon.colcon_core.package_identification:_identify(backup/Quanser_Academic_Resources/4_concept_reviews/Modeling & IO) by extension 'ignore_ament_install'
[2.627s] Level 1:colcon.colcon_core.package_identification:_identify(backup/Quanser_Academic_Resources/4_concept_reviews/Modeling & IO) by extensions ['colcon_pkg']
[2.627s] Level 1:colcon.colcon_core.package_identification:_identify(backup/Quanser_Academic_Resources/4_concept_reviews/Modeling & IO) by extension 'colcon_pkg'
[2.627s] Level 1:colcon.colcon_core.package_identification:_identify(backup/Quanser_Academic_Resources/4_concept_reviews/Modeling & IO) by extensions ['colcon_meta']
[2.627s] Level 1:colcon.colcon_core.package_identification:_identify(backup/Quanser_Academic_Resources/4_concept_reviews/Modeling & IO) by extension 'colcon_meta'
[2.627s] Level 1:colcon.colcon_core.package_identification:_identify(backup/Quanser_Academic_Resources/4_concept_reviews/Modeling & IO) by extensions ['ros']
[2.627s] Level 1:colcon.colcon_core.package_identification:_identify(backup/Quanser_Academic_Resources/4_concept_reviews/Modeling & IO) by extension 'ros'
[2.627s] Level 1:colcon.colcon_core.package_identification:_identify(backup/Quanser_Academic_Resources/4_concept_reviews/Modeling & IO) by extensions ['cmake', 'python']
[2.627s] Level 1:colcon.colcon_core.package_identification:_identify(backup/Quanser_Academic_Resources/4_concept_reviews/Modeling & IO) by extension 'cmake'
[2.627s] Level 1:colcon.colcon_core.package_identification:_identify(backup/Quanser_Academic_Resources/4_concept_reviews/Modeling & IO) by extension 'python'
[2.627s] Level 1:colcon.colcon_core.package_identification:_identify(backup/Quanser_Academic_Resources/4_concept_reviews/Modeling & IO) by extensions ['python_setup_py']
[2.627s] Level 1:colcon.colcon_core.package_identification:_identify(backup/Quanser_Academic_Resources/4_concept_reviews/Modeling & IO) by extension 'python_setup_py'
[2.627s] Level 1:colcon.colcon_core.package_identification:_identify(backup/Quanser_Academic_Resources/4_concept_reviews/Perception) by extensions ['ignore', 'ignore_ament_install']
[2.627s] Level 1:colcon.colcon_core.package_identification:_identify(backup/Quanser_Academic_Resources/4_concept_reviews/Perception) by extension 'ignore'
[2.627s] Level 1:colcon.colcon_core.package_identification:_identify(backup/Quanser_Academic_Resources/4_concept_reviews/Perception) by extension 'ignore_ament_install'
[2.627s] Level 1:colcon.colcon_core.package_identification:_identify(backup/Quanser_Academic_Resources/4_concept_reviews/Perception) by extensions ['colcon_pkg']
[2.627s] Level 1:colcon.colcon_core.package_identification:_identify(backup/Quanser_Academic_Resources/4_concept_reviews/Perception) by extension 'colcon_pkg'
[2.627s] Level 1:colcon.colcon_core.package_identification:_identify(backup/Quanser_Academic_Resources/4_concept_reviews/Perception) by extensions ['colcon_meta']
[2.627s] Level 1:colcon.colcon_core.package_identification:_identify(backup/Quanser_Academic_Resources/4_concept_reviews/Perception) by extension 'colcon_meta'
[2.627s] Level 1:colcon.colcon_core.package_identification:_identify(backup/Quanser_Academic_Resources/4_concept_reviews/Perception) by extensions ['ros']
[2.627s] Level 1:colcon.colcon_core.package_identification:_identify(backup/Quanser_Academic_Resources/4_concept_reviews/Perception) by extension 'ros'
[2.628s] Level 1:colcon.colcon_core.package_identification:_identify(backup/Quanser_Academic_Resources/4_concept_reviews/Perception) by extensions ['cmake', 'python']
[2.628s] Level 1:colcon.colcon_core.package_identification:_identify(backup/Quanser_Academic_Resources/4_concept_reviews/Perception) by extension 'cmake'
[2.628s] Level 1:colcon.colcon_core.package_identification:_identify(backup/Quanser_Academic_Resources/4_concept_reviews/Perception) by extension 'python'
[2.628s] Level 1:colcon.colcon_core.package_identification:_identify(backup/Quanser_Academic_Resources/4_concept_reviews/Perception) by extensions ['python_setup_py']
[2.628s] Level 1:colcon.colcon_core.package_identification:_identify(backup/Quanser_Academic_Resources/4_concept_reviews/Perception) by extension 'python_setup_py'
[2.628s] Level 1:colcon.colcon_core.package_identification:_identify(backup/Quanser_Academic_Resources/4_concept_reviews/Robotics) by extensions ['ignore', 'ignore_ament_install']
[2.628s] Level 1:colcon.colcon_core.package_identification:_identify(backup/Quanser_Academic_Resources/4_concept_reviews/Robotics) by extension 'ignore'
[2.628s] Level 1:colcon.colcon_core.package_identification:_identify(backup/Quanser_Academic_Resources/4_concept_reviews/Robotics) by extension 'ignore_ament_install'
[2.628s] Level 1:colcon.colcon_core.package_identification:_identify(backup/Quanser_Academic_Resources/4_concept_reviews/Robotics) by extensions ['colcon_pkg']
[2.628s] Level 1:colcon.colcon_core.package_identification:_identify(backup/Quanser_Academic_Resources/4_concept_reviews/Robotics) by extension 'colcon_pkg'
[2.628s] Level 1:colcon.colcon_core.package_identification:_identify(backup/Quanser_Academic_Resources/4_concept_reviews/Robotics) by extensions ['colcon_meta']
[2.628s] Level 1:colcon.colcon_core.package_identification:_identify(backup/Quanser_Academic_Resources/4_concept_reviews/Robotics) by extension 'colcon_meta'
[2.628s] Level 1:colcon.colcon_core.package_identification:_identify(backup/Quanser_Academic_Resources/4_concept_reviews/Robotics) by extensions ['ros']
[2.628s] Level 1:colcon.colcon_core.package_identification:_identify(backup/Quanser_Academic_Resources/4_concept_reviews/Robotics) by extension 'ros'
[2.628s] Level 1:colcon.colcon_core.package_identification:_identify(backup/Quanser_Academic_Resources/4_concept_reviews/Robotics) by extensions ['cmake', 'python']
[2.628s] Level 1:colcon.colcon_core.package_identification:_identify(backup/Quanser_Academic_Resources/4_concept_reviews/Robotics) by extension 'cmake'
[2.628s] Level 1:colcon.colcon_core.package_identification:_identify(backup/Quanser_Academic_Resources/4_concept_reviews/Robotics) by extension 'python'
[2.628s] Level 1:colcon.colcon_core.package_identification:_identify(backup/Quanser_Academic_Resources/4_concept_reviews/Robotics) by extensions ['python_setup_py']
[2.628s] Level 1:colcon.colcon_core.package_identification:_identify(backup/Quanser_Academic_Resources/4_concept_reviews/Robotics) by extension 'python_setup_py'
[2.628s] Level 1:colcon.colcon_core.package_identification:_identify(backup/Quanser_Academic_Resources/5_research) by extensions ['ignore', 'ignore_ament_install']
[2.628s] Level 1:colcon.colcon_core.package_identification:_identify(backup/Quanser_Academic_Resources/5_research) by extension 'ignore'
[2.628s] Level 1:colcon.colcon_core.package_identification:_identify(backup/Quanser_Academic_Resources/5_research) by extension 'ignore_ament_install'
[2.628s] Level 1:colcon.colcon_core.package_identification:_identify(backup/Quanser_Academic_Resources/5_research) by extensions ['colcon_pkg']
[2.628s] Level 1:colcon.colcon_core.package_identification:_identify(backup/Quanser_Academic_Resources/5_research) by extension 'colcon_pkg'
[2.628s] Level 1:colcon.colcon_core.package_identification:_identify(backup/Quanser_Academic_Resources/5_research) by extensions ['colcon_meta']
[2.628s] Level 1:colcon.colcon_core.package_identification:_identify(backup/Quanser_Academic_Resources/5_research) by extension 'colcon_meta'
[2.628s] Level 1:colcon.colcon_core.package_identification:_identify(backup/Quanser_Academic_Resources/5_research) by extensions ['ros']
[2.628s] Level 1:colcon.colcon_core.package_identification:_identify(backup/Quanser_Academic_Resources/5_research) by extension 'ros'
[2.628s] Level 1:colcon.colcon_core.package_identification:_identify(backup/Quanser_Academic_Resources/5_research) by extensions ['cmake', 'python']
[2.628s] Level 1:colcon.colcon_core.package_identification:_identify(backup/Quanser_Academic_Resources/5_research) by extension 'cmake'
[2.629s] Level 1:colcon.colcon_core.package_identification:_identify(backup/Quanser_Academic_Resources/5_research) by extension 'python'
[2.629s] Level 1:colcon.colcon_core.package_identification:_identify(backup/Quanser_Academic_Resources/5_research) by extensions ['python_setup_py']
[2.629s] Level 1:colcon.colcon_core.package_identification:_identify(backup/Quanser_Academic_Resources/5_research) by extension 'python_setup_py'
[2.629s] Level 1:colcon.colcon_core.package_identification:_identify(backup/Quanser_Academic_Resources/5_research/applied_ai) by extensions ['ignore', 'ignore_ament_install']
[2.629s] Level 1:colcon.colcon_core.package_identification:_identify(backup/Quanser_Academic_Resources/5_research/applied_ai) by extension 'ignore'
[2.629s] Level 1:colcon.colcon_core.package_identification:_identify(backup/Quanser_Academic_Resources/5_research/applied_ai) by extension 'ignore_ament_install'
[2.629s] Level 1:colcon.colcon_core.package_identification:_identify(backup/Quanser_Academic_Resources/5_research/applied_ai) by extensions ['colcon_pkg']
[2.629s] Level 1:colcon.colcon_core.package_identification:_identify(backup/Quanser_Academic_Resources/5_research/applied_ai) by extension 'colcon_pkg'
[2.629s] Level 1:colcon.colcon_core.package_identification:_identify(backup/Quanser_Academic_Resources/5_research/applied_ai) by extensions ['colcon_meta']
[2.629s] Level 1:colcon.colcon_core.package_identification:_identify(backup/Quanser_Academic_Resources/5_research/applied_ai) by extension 'colcon_meta'
[2.629s] Level 1:colcon.colcon_core.package_identification:_identify(backup/Quanser_Academic_Resources/5_research/applied_ai) by extensions ['ros']
[2.629s] Level 1:colcon.colcon_core.package_identification:_identify(backup/Quanser_Academic_Resources/5_research/applied_ai) by extension 'ros'
[2.629s] Level 1:colcon.colcon_core.package_identification:_identify(backup/Quanser_Academic_Resources/5_research/applied_ai) by extensions ['cmake', 'python']
[2.629s] Level 1:colcon.colcon_core.package_identification:_identify(backup/Quanser_Academic_Resources/5_research/applied_ai) by extension 'cmake'
[2.629s] Level 1:colcon.colcon_core.package_identification:_identify(backup/Quanser_Academic_Resources/5_research/applied_ai) by extension 'python'
[2.629s] Level 1:colcon.colcon_core.package_identification:_identify(backup/Quanser_Academic_Resources/5_research/applied_ai) by extensions ['python_setup_py']
[2.629s] Level 1:colcon.colcon_core.package_identification:_identify(backup/Quanser_Academic_Resources/5_research/applied_ai) by extension 'python_setup_py'
[2.629s] Level 1:colcon.colcon_core.package_identification:_identify(backup/Quanser_Academic_Resources/5_research/applied_ai/inference) by extensions ['ignore', 'ignore_ament_install']
[2.629s] Level 1:colcon.colcon_core.package_identification:_identify(backup/Quanser_Academic_Resources/5_research/applied_ai/inference) by extension 'ignore'
[2.629s] Level 1:colcon.colcon_core.package_identification:_identify(backup/Quanser_Academic_Resources/5_research/applied_ai/inference) by extension 'ignore_ament_install'
[2.629s] Level 1:colcon.colcon_core.package_identification:_identify(backup/Quanser_Academic_Resources/5_research/applied_ai/inference) by extensions ['colcon_pkg']
[2.629s] Level 1:colcon.colcon_core.package_identification:_identify(backup/Quanser_Academic_Resources/5_research/applied_ai/inference) by extension 'colcon_pkg'
[2.629s] Level 1:colcon.colcon_core.package_identification:_identify(backup/Quanser_Academic_Resources/5_research/applied_ai/inference) by extensions ['colcon_meta']
[2.629s] Level 1:colcon.colcon_core.package_identification:_identify(backup/Quanser_Academic_Resources/5_research/applied_ai/inference) by extension 'colcon_meta'
[2.629s] Level 1:colcon.colcon_core.package_identification:_identify(backup/Quanser_Academic_Resources/5_research/applied_ai/inference) by extensions ['ros']
[2.629s] Level 1:colcon.colcon_core.package_identification:_identify(backup/Quanser_Academic_Resources/5_research/applied_ai/inference) by extension 'ros'
[2.629s] Level 1:colcon.colcon_core.package_identification:_identify(backup/Quanser_Academic_Resources/5_research/applied_ai/inference) by extensions ['cmake', 'python']
[2.629s] Level 1:colcon.colcon_core.package_identification:_identify(backup/Quanser_Academic_Resources/5_research/applied_ai/inference) by extension 'cmake'
[2.629s] Level 1:colcon.colcon_core.package_identification:_identify(backup/Quanser_Academic_Resources/5_research/applied_ai/inference) by extension 'python'
[2.630s] Level 1:colcon.colcon_core.package_identification:_identify(backup/Quanser_Academic_Resources/5_research/applied_ai/inference) by extensions ['python_setup_py']
[2.630s] Level 1:colcon.colcon_core.package_identification:_identify(backup/Quanser_Academic_Resources/5_research/applied_ai/inference) by extension 'python_setup_py'
[2.630s] Level 1:colcon.colcon_core.package_identification:_identify(backup/Quanser_Academic_Resources/5_research/multi_agent) by extensions ['ignore', 'ignore_ament_install']
[2.630s] Level 1:colcon.colcon_core.package_identification:_identify(backup/Quanser_Academic_Resources/5_research/multi_agent) by extension 'ignore'
[2.630s] Level 1:colcon.colcon_core.package_identification:_identify(backup/Quanser_Academic_Resources/5_research/multi_agent) by extension 'ignore_ament_install'
[2.630s] Level 1:colcon.colcon_core.package_identification:_identify(backup/Quanser_Academic_Resources/5_research/multi_agent) by extensions ['colcon_pkg']
[2.630s] Level 1:colcon.colcon_core.package_identification:_identify(backup/Quanser_Academic_Resources/5_research/multi_agent) by extension 'colcon_pkg'
[2.630s] Level 1:colcon.colcon_core.package_identification:_identify(backup/Quanser_Academic_Resources/5_research/multi_agent) by extensions ['colcon_meta']
[2.630s] Level 1:colcon.colcon_core.package_identification:_identify(backup/Quanser_Academic_Resources/5_research/multi_agent) by extension 'colcon_meta'
[2.630s] Level 1:colcon.colcon_core.package_identification:_identify(backup/Quanser_Academic_Resources/5_research/multi_agent) by extensions ['ros']
[2.630s] Level 1:colcon.colcon_core.package_identification:_identify(backup/Quanser_Academic_Resources/5_research/multi_agent) by extension 'ros'
[2.630s] Level 1:colcon.colcon_core.package_identification:_identify(backup/Quanser_Academic_Resources/5_research/multi_agent) by extensions ['cmake', 'python']
[2.630s] Level 1:colcon.colcon_core.package_identification:_identify(backup/Quanser_Academic_Resources/5_research/multi_agent) by extension 'cmake'
[2.630s] Level 1:colcon.colcon_core.package_identification:_identify(backup/Quanser_Academic_Resources/5_research/multi_agent) by extension 'python'
[2.630s] Level 1:colcon.colcon_core.package_identification:_identify(backup/Quanser_Academic_Resources/5_research/multi_agent) by extensions ['python_setup_py']
[2.630s] Level 1:colcon.colcon_core.package_identification:_identify(backup/Quanser_Academic_Resources/5_research/multi_agent) by extension 'python_setup_py'
[2.630s] Level 1:colcon.colcon_core.package_identification:_identify(backup/Quanser_Academic_Resources/5_research/multi_agent/QBP_multi-line_following) by extensions ['ignore', 'ignore_ament_install']
[2.630s] Level 1:colcon.colcon_core.package_identification:_identify(backup/Quanser_Academic_Resources/5_research/multi_agent/QBP_multi-line_following) by extension 'ignore'
[2.630s] Level 1:colcon.colcon_core.package_identification:_identify(backup/Quanser_Academic_Resources/5_research/multi_agent/QBP_multi-line_following) by extension 'ignore_ament_install'
[2.630s] Level 1:colcon.colcon_core.package_identification:_identify(backup/Quanser_Academic_Resources/5_research/multi_agent/QBP_multi-line_following) by extensions ['colcon_pkg']
[2.630s] Level 1:colcon.colcon_core.package_identification:_identify(backup/Quanser_Academic_Resources/5_research/multi_agent/QBP_multi-line_following) by extension 'colcon_pkg'
[2.630s] Level 1:colcon.colcon_core.package_identification:_identify(backup/Quanser_Academic_Resources/5_research/multi_agent/QBP_multi-line_following) by extensions ['colcon_meta']
[2.630s] Level 1:colcon.colcon_core.package_identification:_identify(backup/Quanser_Academic_Resources/5_research/multi_agent/QBP_multi-line_following) by extension 'colcon_meta'
[2.630s] Level 1:colcon.colcon_core.package_identification:_identify(backup/Quanser_Academic_Resources/5_research/multi_agent/QBP_multi-line_following) by extensions ['ros']
[2.630s] Level 1:colcon.colcon_core.package_identification:_identify(backup/Quanser_Academic_Resources/5_research/multi_agent/QBP_multi-line_following) by extension 'ros'
[2.630s] Level 1:colcon.colcon_core.package_identification:_identify(backup/Quanser_Academic_Resources/5_research/multi_agent/QBP_multi-line_following) by extensions ['cmake', 'python']
[2.630s] Level 1:colcon.colcon_core.package_identification:_identify(backup/Quanser_Academic_Resources/5_research/multi_agent/QBP_multi-line_following) by extension 'cmake'
[2.630s] Level 1:colcon.colcon_core.package_identification:_identify(backup/Quanser_Academic_Resources/5_research/multi_agent/QBP_multi-line_following) by extension 'python'
[2.630s] Level 1:colcon.colcon_core.package_identification:_identify(backup/Quanser_Academic_Resources/5_research/multi_agent/QBP_multi-line_following) by extensions ['python_setup_py']
[2.630s] Level 1:colcon.colcon_core.package_identification:_identify(backup/Quanser_Academic_Resources/5_research/multi_agent/QBP_multi-line_following) by extension 'python_setup_py'
[2.631s] Level 1:colcon.colcon_core.package_identification:_identify(backup/Quanser_Academic_Resources/5_research/multi_agent/QCar2_multi-vehicle_control) by extensions ['ignore', 'ignore_ament_install']
[2.631s] Level 1:colcon.colcon_core.package_identification:_identify(backup/Quanser_Academic_Resources/5_research/multi_agent/QCar2_multi-vehicle_control) by extension 'ignore'
[2.631s] Level 1:colcon.colcon_core.package_identification:_identify(backup/Quanser_Academic_Resources/5_research/multi_agent/QCar2_multi-vehicle_control) by extension 'ignore_ament_install'
[2.631s] Level 1:colcon.colcon_core.package_identification:_identify(backup/Quanser_Academic_Resources/5_research/multi_agent/QCar2_multi-vehicle_control) by extensions ['colcon_pkg']
[2.631s] Level 1:colcon.colcon_core.package_identification:_identify(backup/Quanser_Academic_Resources/5_research/multi_agent/QCar2_multi-vehicle_control) by extension 'colcon_pkg'
[2.631s] Level 1:colcon.colcon_core.package_identification:_identify(backup/Quanser_Academic_Resources/5_research/multi_agent/QCar2_multi-vehicle_control) by extensions ['colcon_meta']
[2.631s] Level 1:colcon.colcon_core.package_identification:_identify(backup/Quanser_Academic_Resources/5_research/multi_agent/QCar2_multi-vehicle_control) by extension 'colcon_meta'
[2.631s] Level 1:colcon.colcon_core.package_identification:_identify(backup/Quanser_Academic_Resources/5_research/multi_agent/QCar2_multi-vehicle_control) by extensions ['ros']
[2.631s] Level 1:colcon.colcon_core.package_identification:_identify(backup/Quanser_Academic_Resources/5_research/multi_agent/QCar2_multi-vehicle_control) by extension 'ros'
[2.631s] Level 1:colcon.colcon_core.package_identification:_identify(backup/Quanser_Academic_Resources/5_research/multi_agent/QCar2_multi-vehicle_control) by extensions ['cmake', 'python']
[2.631s] Level 1:colcon.colcon_core.package_identification:_identify(backup/Quanser_Academic_Resources/5_research/multi_agent/QCar2_multi-vehicle_control) by extension 'cmake'
[2.631s] Level 1:colcon.colcon_core.package_identification:_identify(backup/Quanser_Academic_Resources/5_research/multi_agent/QCar2_multi-vehicle_control) by extension 'python'
[2.631s] Level 1:colcon.colcon_core.package_identification:_identify(backup/Quanser_Academic_Resources/5_research/multi_agent/QCar2_multi-vehicle_control) by extensions ['python_setup_py']
[2.631s] Level 1:colcon.colcon_core.package_identification:_identify(backup/Quanser_Academic_Resources/5_research/multi_agent/QCar2_multi-vehicle_control) by extension 'python_setup_py'
[2.631s] Level 1:colcon.colcon_core.package_identification:_identify(backup/Quanser_Academic_Resources/5_research/pal_utilities) by extensions ['ignore', 'ignore_ament_install']
[2.631s] Level 1:colcon.colcon_core.package_identification:_identify(backup/Quanser_Academic_Resources/5_research/pal_utilities) by extension 'ignore'
[2.631s] Level 1:colcon.colcon_core.package_identification:_identify(backup/Quanser_Academic_Resources/5_research/pal_utilities) by extension 'ignore_ament_install'
[2.631s] Level 1:colcon.colcon_core.package_identification:_identify(backup/Quanser_Academic_Resources/5_research/pal_utilities) by extensions ['colcon_pkg']
[2.631s] Level 1:colcon.colcon_core.package_identification:_identify(backup/Quanser_Academic_Resources/5_research/pal_utilities) by extension 'colcon_pkg'
[2.631s] Level 1:colcon.colcon_core.package_identification:_identify(backup/Quanser_Academic_Resources/5_research/pal_utilities) by extensions ['colcon_meta']
[2.631s] Level 1:colcon.colcon_core.package_identification:_identify(backup/Quanser_Academic_Resources/5_research/pal_utilities) by extension 'colcon_meta'
[2.631s] Level 1:colcon.colcon_core.package_identification:_identify(backup/Quanser_Academic_Resources/5_research/pal_utilities) by extensions ['ros']
[2.631s] Level 1:colcon.colcon_core.package_identification:_identify(backup/Quanser_Academic_Resources/5_research/pal_utilities) by extension 'ros'
[2.631s] Level 1:colcon.colcon_core.package_identification:_identify(backup/Quanser_Academic_Resources/5_research/pal_utilities) by extensions ['cmake', 'python']
[2.631s] Level 1:colcon.colcon_core.package_identification:_identify(backup/Quanser_Academic_Resources/5_research/pal_utilities) by extension 'cmake'
[2.631s] Level 1:colcon.colcon_core.package_identification:_identify(backup/Quanser_Academic_Resources/5_research/pal_utilities) by extension 'python'
[2.631s] Level 1:colcon.colcon_core.package_identification:_identify(backup/Quanser_Academic_Resources/5_research/pal_utilities) by extensions ['python_setup_py']
[2.632s] Level 1:colcon.colcon_core.package_identification:_identify(backup/Quanser_Academic_Resources/5_research/pal_utilities) by extension 'python_setup_py'
[2.632s] Level 1:colcon.colcon_core.package_identification:_identify(backup/Quanser_Academic_Resources/5_research/pal_utilities/peripherals) by extensions ['ignore', 'ignore_ament_install']
[2.632s] Level 1:colcon.colcon_core.package_identification:_identify(backup/Quanser_Academic_Resources/5_research/pal_utilities/peripherals) by extension 'ignore'
[2.632s] Level 1:colcon.colcon_core.package_identification:_identify(backup/Quanser_Academic_Resources/5_research/pal_utilities/peripherals) by extension 'ignore_ament_install'
[2.632s] Level 1:colcon.colcon_core.package_identification:_identify(backup/Quanser_Academic_Resources/5_research/pal_utilities/peripherals) by extensions ['colcon_pkg']
[2.632s] Level 1:colcon.colcon_core.package_identification:_identify(backup/Quanser_Academic_Resources/5_research/pal_utilities/peripherals) by extension 'colcon_pkg'
[2.632s] Level 1:colcon.colcon_core.package_identification:_identify(backup/Quanser_Academic_Resources/5_research/pal_utilities/peripherals) by extensions ['colcon_meta']
[2.632s] Level 1:colcon.colcon_core.package_identification:_identify(backup/Quanser_Academic_Resources/5_research/pal_utilities/peripherals) by extension 'colcon_meta'
[2.632s] Level 1:colcon.colcon_core.package_identification:_identify(backup/Quanser_Academic_Resources/5_research/pal_utilities/peripherals) by extensions ['ros']
[2.632s] Level 1:colcon.colcon_core.package_identification:_identify(backup/Quanser_Academic_Resources/5_research/pal_utilities/peripherals) by extension 'ros'
[2.632s] Level 1:colcon.colcon_core.package_identification:_identify(backup/Quanser_Academic_Resources/5_research/pal_utilities/peripherals) by extensions ['cmake', 'python']
[2.632s] Level 1:colcon.colcon_core.package_identification:_identify(backup/Quanser_Academic_Resources/5_research/pal_utilities/peripherals) by extension 'cmake'
[2.632s] Level 1:colcon.colcon_core.package_identification:_identify(backup/Quanser_Academic_Resources/5_research/pal_utilities/peripherals) by extension 'python'
[2.632s] Level 1:colcon.colcon_core.package_identification:_identify(backup/Quanser_Academic_Resources/5_research/pal_utilities/peripherals) by extensions ['python_setup_py']
[2.632s] Level 1:colcon.colcon_core.package_identification:_identify(backup/Quanser_Academic_Resources/5_research/pal_utilities/peripherals) by extension 'python_setup_py'
[2.632s] Level 1:colcon.colcon_core.package_identification:_identify(backup/Quanser_Academic_Resources/5_research/pal_utilities/probe) by extensions ['ignore', 'ignore_ament_install']
[2.632s] Level 1:colcon.colcon_core.package_identification:_identify(backup/Quanser_Academic_Resources/5_research/pal_utilities/probe) by extension 'ignore'
[2.632s] Level 1:colcon.colcon_core.package_identification:_identify(backup/Quanser_Academic_Resources/5_research/pal_utilities/probe) by extension 'ignore_ament_install'
[2.632s] Level 1:colcon.colcon_core.package_identification:_identify(backup/Quanser_Academic_Resources/5_research/pal_utilities/probe) by extensions ['colcon_pkg']
[2.632s] Level 1:colcon.colcon_core.package_identification:_identify(backup/Quanser_Academic_Resources/5_research/pal_utilities/probe) by extension 'colcon_pkg'
[2.632s] Level 1:colcon.colcon_core.package_identification:_identify(backup/Quanser_Academic_Resources/5_research/pal_utilities/probe) by extensions ['colcon_meta']
[2.632s] Level 1:colcon.colcon_core.package_identification:_identify(backup/Quanser_Academic_Resources/5_research/pal_utilities/probe) by extension 'colcon_meta'
[2.632s] Level 1:colcon.colcon_core.package_identification:_identify(backup/Quanser_Academic_Resources/5_research/pal_utilities/probe) by extensions ['ros']
[2.632s] Level 1:colcon.colcon_core.package_identification:_identify(backup/Quanser_Academic_Resources/5_research/pal_utilities/probe) by extension 'ros'
[2.632s] Level 1:colcon.colcon_core.package_identification:_identify(backup/Quanser_Academic_Resources/5_research/pal_utilities/probe) by extensions ['cmake', 'python']
[2.632s] Level 1:colcon.colcon_core.package_identification:_identify(backup/Quanser_Academic_Resources/5_research/pal_utilities/probe) by extension 'cmake'
[2.632s] Level 1:colcon.colcon_core.package_identification:_identify(backup/Quanser_Academic_Resources/5_research/pal_utilities/probe) by extension 'python'
[2.632s] Level 1:colcon.colcon_core.package_identification:_identify(backup/Quanser_Academic_Resources/5_research/pal_utilities/probe) by extensions ['python_setup_py']
[2.632s] Level 1:colcon.colcon_core.package_identification:_identify(backup/Quanser_Academic_Resources/5_research/pal_utilities/probe) by extension 'python_setup_py'
[2.633s] Level 1:colcon.colcon_core.package_identification:_identify(backup/Quanser_Academic_Resources/5_research/pal_utilities/probe/Receive) by extensions ['ignore', 'ignore_ament_install']
[2.633s] Level 1:colcon.colcon_core.package_identification:_identify(backup/Quanser_Academic_Resources/5_research/pal_utilities/probe/Receive) by extension 'ignore'
[2.633s] Level 1:colcon.colcon_core.package_identification:_identify(backup/Quanser_Academic_Resources/5_research/pal_utilities/probe/Receive) by extension 'ignore_ament_install'
[2.633s] Level 1:colcon.colcon_core.package_identification:_identify(backup/Quanser_Academic_Resources/5_research/pal_utilities/probe/Receive) by extensions ['colcon_pkg']
[2.633s] Level 1:colcon.colcon_core.package_identification:_identify(backup/Quanser_Academic_Resources/5_research/pal_utilities/probe/Receive) by extension 'colcon_pkg'
[2.633s] Level 1:colcon.colcon_core.package_identification:_identify(backup/Quanser_Academic_Resources/5_research/pal_utilities/probe/Receive) by extensions ['colcon_meta']
[2.633s] Level 1:colcon.colcon_core.package_identification:_identify(backup/Quanser_Academic_Resources/5_research/pal_utilities/probe/Receive) by extension 'colcon_meta'
[2.633s] Level 1:colcon.colcon_core.package_identification:_identify(backup/Quanser_Academic_Resources/5_research/pal_utilities/probe/Receive) by extensions ['ros']
[2.633s] Level 1:colcon.colcon_core.package_identification:_identify(backup/Quanser_Academic_Resources/5_research/pal_utilities/probe/Receive) by extension 'ros'
[2.633s] Level 1:colcon.colcon_core.package_identification:_identify(backup/Quanser_Academic_Resources/5_research/pal_utilities/probe/Receive) by extensions ['cmake', 'python']
[2.633s] Level 1:colcon.colcon_core.package_identification:_identify(backup/Quanser_Academic_Resources/5_research/pal_utilities/probe/Receive) by extension 'cmake'
[2.633s] Level 1:colcon.colcon_core.package_identification:_identify(backup/Quanser_Academic_Resources/5_research/pal_utilities/probe/Receive) by extension 'python'
[2.633s] Level 1:colcon.colcon_core.package_identification:_identify(backup/Quanser_Academic_Resources/5_research/pal_utilities/probe/Receive) by extensions ['python_setup_py']
[2.633s] Level 1:colcon.colcon_core.package_identification:_identify(backup/Quanser_Academic_Resources/5_research/pal_utilities/probe/Receive) by extension 'python_setup_py'
[2.633s] Level 1:colcon.colcon_core.package_identification:_identify(backup/Quanser_Academic_Resources/5_research/pal_utilities/probe/Send) by extensions ['ignore', 'ignore_ament_install']
[2.633s] Level 1:colcon.colcon_core.package_identification:_identify(backup/Quanser_Academic_Resources/5_research/pal_utilities/probe/Send) by extension 'ignore'
[2.633s] Level 1:colcon.colcon_core.package_identification:_identify(backup/Quanser_Academic_Resources/5_research/pal_utilities/probe/Send) by extension 'ignore_ament_install'
[2.633s] Level 1:colcon.colcon_core.package_identification:_identify(backup/Quanser_Academic_Resources/5_research/pal_utilities/probe/Send) by extensions ['colcon_pkg']
[2.633s] Level 1:colcon.colcon_core.package_identification:_identify(backup/Quanser_Academic_Resources/5_research/pal_utilities/probe/Send) by extension 'colcon_pkg'
[2.633s] Level 1:colcon.colcon_core.package_identification:_identify(backup/Quanser_Academic_Resources/5_research/pal_utilities/probe/Send) by extensions ['colcon_meta']
[2.633s] Level 1:colcon.colcon_core.package_identification:_identify(backup/Quanser_Academic_Resources/5_research/pal_utilities/probe/Send) by extension 'colcon_meta'
[2.633s] Level 1:colcon.colcon_core.package_identification:_identify(backup/Quanser_Academic_Resources/5_research/pal_utilities/probe/Send) by extensions ['ros']
[2.633s] Level 1:colcon.colcon_core.package_identification:_identify(backup/Quanser_Academic_Resources/5_research/pal_utilities/probe/Send) by extension 'ros'
[2.633s] Level 1:colcon.colcon_core.package_identification:_identify(backup/Quanser_Academic_Resources/5_research/pal_utilities/probe/Send) by extensions ['cmake', 'python']
[2.633s] Level 1:colcon.colcon_core.package_identification:_identify(backup/Quanser_Academic_Resources/5_research/pal_utilities/probe/Send) by extension 'cmake'
[2.633s] Level 1:colcon.colcon_core.package_identification:_identify(backup/Quanser_Academic_Resources/5_research/pal_utilities/probe/Send) by extension 'python'
[2.633s] Level 1:colcon.colcon_core.package_identification:_identify(backup/Quanser_Academic_Resources/5_research/pal_utilities/probe/Send) by extensions ['python_setup_py']
[2.633s] Level 1:colcon.colcon_core.package_identification:_identify(backup/Quanser_Academic_Resources/5_research/pal_utilities/probe/Send) by extension 'python_setup_py'
[2.633s] Level 1:colcon.colcon_core.package_identification:_identify(backup/Quanser_Academic_Resources/5_research/pal_utilities/scope) by extensions ['ignore', 'ignore_ament_install']
[2.634s] Level 1:colcon.colcon_core.package_identification:_identify(backup/Quanser_Academic_Resources/5_research/pal_utilities/scope) by extension 'ignore'
[2.634s] Level 1:colcon.colcon_core.package_identification:_identify(backup/Quanser_Academic_Resources/5_research/pal_utilities/scope) by extension 'ignore_ament_install'
[2.634s] Level 1:colcon.colcon_core.package_identification:_identify(backup/Quanser_Academic_Resources/5_research/pal_utilities/scope) by extensions ['colcon_pkg']
[2.634s] Level 1:colcon.colcon_core.package_identification:_identify(backup/Quanser_Academic_Resources/5_research/pal_utilities/scope) by extension 'colcon_pkg'
[2.634s] Level 1:colcon.colcon_core.package_identification:_identify(backup/Quanser_Academic_Resources/5_research/pal_utilities/scope) by extensions ['colcon_meta']
[2.634s] Level 1:colcon.colcon_core.package_identification:_identify(backup/Quanser_Academic_Resources/5_research/pal_utilities/scope) by extension 'colcon_meta'
[2.634s] Level 1:colcon.colcon_core.package_identification:_identify(backup/Quanser_Academic_Resources/5_research/pal_utilities/scope) by extensions ['ros']
[2.634s] Level 1:colcon.colcon_core.package_identification:_identify(backup/Quanser_Academic_Resources/5_research/pal_utilities/scope) by extension 'ros'
[2.634s] Level 1:colcon.colcon_core.package_identification:_identify(backup/Quanser_Academic_Resources/5_research/pal_utilities/scope) by extensions ['cmake', 'python']
[2.634s] Level 1:colcon.colcon_core.package_identification:_identify(backup/Quanser_Academic_Resources/5_research/pal_utilities/scope) by extension 'cmake'
[2.634s] Level 1:colcon.colcon_core.package_identification:_identify(backup/Quanser_Academic_Resources/5_research/pal_utilities/scope) by extension 'python'
[2.634s] Level 1:colcon.colcon_core.package_identification:_identify(backup/Quanser_Academic_Resources/5_research/pal_utilities/scope) by extensions ['python_setup_py']
[2.634s] Level 1:colcon.colcon_core.package_identification:_identify(backup/Quanser_Academic_Resources/5_research/pal_utilities/scope) by extension 'python_setup_py'
[2.634s] Level 1:colcon.colcon_core.package_identification:_identify(backup/Quanser_Academic_Resources/5_research/pal_utilities/stream) by extensions ['ignore', 'ignore_ament_install']
[2.634s] Level 1:colcon.colcon_core.package_identification:_identify(backup/Quanser_Academic_Resources/5_research/pal_utilities/stream) by extension 'ignore'
[2.634s] Level 1:colcon.colcon_core.package_identification:_identify(backup/Quanser_Academic_Resources/5_research/pal_utilities/stream) by extension 'ignore_ament_install'
[2.634s] Level 1:colcon.colcon_core.package_identification:_identify(backup/Quanser_Academic_Resources/5_research/pal_utilities/stream) by extensions ['colcon_pkg']
[2.634s] Level 1:colcon.colcon_core.package_identification:_identify(backup/Quanser_Academic_Resources/5_research/pal_utilities/stream) by extension 'colcon_pkg'
[2.634s] Level 1:colcon.colcon_core.package_identification:_identify(backup/Quanser_Academic_Resources/5_research/pal_utilities/stream) by extensions ['colcon_meta']
[2.634s] Level 1:colcon.colcon_core.package_identification:_identify(backup/Quanser_Academic_Resources/5_research/pal_utilities/stream) by extension 'colcon_meta'
[2.634s] Level 1:colcon.colcon_core.package_identification:_identify(backup/Quanser_Academic_Resources/5_research/pal_utilities/stream) by extensions ['ros']
[2.634s] Level 1:colcon.colcon_core.package_identification:_identify(backup/Quanser_Academic_Resources/5_research/pal_utilities/stream) by extension 'ros'
[2.634s] Level 1:colcon.colcon_core.package_identification:_identify(backup/Quanser_Academic_Resources/5_research/pal_utilities/stream) by extensions ['cmake', 'python']
[2.634s] Level 1:colcon.colcon_core.package_identification:_identify(backup/Quanser_Academic_Resources/5_research/pal_utilities/stream) by extension 'cmake'
[2.634s] Level 1:colcon.colcon_core.package_identification:_identify(backup/Quanser_Academic_Resources/5_research/pal_utilities/stream) by extension 'python'
[2.634s] Level 1:colcon.colcon_core.package_identification:_identify(backup/Quanser_Academic_Resources/5_research/pal_utilities/stream) by extensions ['python_setup_py']
[2.634s] Level 1:colcon.colcon_core.package_identification:_identify(backup/Quanser_Academic_Resources/5_research/pal_utilities/stream) by extension 'python_setup_py'
[2.634s] Level 1:colcon.colcon_core.package_identification:_identify(backup/Quanser_Academic_Resources/5_research/pal_utilities/stream/python2Simulink) by extensions ['ignore', 'ignore_ament_install']
[2.635s] Level 1:colcon.colcon_core.package_identification:_identify(backup/Quanser_Academic_Resources/5_research/pal_utilities/stream/python2Simulink) by extension 'ignore'
[2.635s] Level 1:colcon.colcon_core.package_identification:_identify(backup/Quanser_Academic_Resources/5_research/pal_utilities/stream/python2Simulink) by extension 'ignore_ament_install'
[2.635s] Level 1:colcon.colcon_core.package_identification:_identify(backup/Quanser_Academic_Resources/5_research/pal_utilities/stream/python2Simulink) by extensions ['colcon_pkg']
[2.635s] Level 1:colcon.colcon_core.package_identification:_identify(backup/Quanser_Academic_Resources/5_research/pal_utilities/stream/python2Simulink) by extension 'colcon_pkg'
[2.635s] Level 1:colcon.colcon_core.package_identification:_identify(backup/Quanser_Academic_Resources/5_research/pal_utilities/stream/python2Simulink) by extensions ['colcon_meta']
[2.635s] Level 1:colcon.colcon_core.package_identification:_identify(backup/Quanser_Academic_Resources/5_research/pal_utilities/stream/python2Simulink) by extension 'colcon_meta'
[2.635s] Level 1:colcon.colcon_core.package_identification:_identify(backup/Quanser_Academic_Resources/5_research/pal_utilities/stream/python2Simulink) by extensions ['ros']
[2.635s] Level 1:colcon.colcon_core.package_identification:_identify(backup/Quanser_Academic_Resources/5_research/pal_utilities/stream/python2Simulink) by extension 'ros'
[2.635s] Level 1:colcon.colcon_core.package_identification:_identify(backup/Quanser_Academic_Resources/5_research/pal_utilities/stream/python2Simulink) by extensions ['cmake', 'python']
[2.635s] Level 1:colcon.colcon_core.package_identification:_identify(backup/Quanser_Academic_Resources/5_research/pal_utilities/stream/python2Simulink) by extension 'cmake'
[2.635s] Level 1:colcon.colcon_core.package_identification:_identify(backup/Quanser_Academic_Resources/5_research/pal_utilities/stream/python2Simulink) by extension 'python'
[2.635s] Level 1:colcon.colcon_core.package_identification:_identify(backup/Quanser_Academic_Resources/5_research/pal_utilities/stream/python2Simulink) by extensions ['python_setup_py']
[2.635s] Level 1:colcon.colcon_core.package_identification:_identify(backup/Quanser_Academic_Resources/5_research/pal_utilities/stream/python2Simulink) by extension 'python_setup_py'
[2.635s] Level 1:colcon.colcon_core.package_identification:_identify(backup/Quanser_Academic_Resources/5_research/pal_utilities/stream/simulink2python) by extensions ['ignore', 'ignore_ament_install']
[2.635s] Level 1:colcon.colcon_core.package_identification:_identify(backup/Quanser_Academic_Resources/5_research/pal_utilities/stream/simulink2python) by extension 'ignore'
[2.635s] Level 1:colcon.colcon_core.package_identification:_identify(backup/Quanser_Academic_Resources/5_research/pal_utilities/stream/simulink2python) by extension 'ignore_ament_install'
[2.635s] Level 1:colcon.colcon_core.package_identification:_identify(backup/Quanser_Academic_Resources/5_research/pal_utilities/stream/simulink2python) by extensions ['colcon_pkg']
[2.635s] Level 1:colcon.colcon_core.package_identification:_identify(backup/Quanser_Academic_Resources/5_research/pal_utilities/stream/simulink2python) by extension 'colcon_pkg'
[2.635s] Level 1:colcon.colcon_core.package_identification:_identify(backup/Quanser_Academic_Resources/5_research/pal_utilities/stream/simulink2python) by extensions ['colcon_meta']
[2.635s] Level 1:colcon.colcon_core.package_identification:_identify(backup/Quanser_Academic_Resources/5_research/pal_utilities/stream/simulink2python) by extension 'colcon_meta'
[2.635s] Level 1:colcon.colcon_core.package_identification:_identify(backup/Quanser_Academic_Resources/5_research/pal_utilities/stream/simulink2python) by extensions ['ros']
[2.635s] Level 1:colcon.colcon_core.package_identification:_identify(backup/Quanser_Academic_Resources/5_research/pal_utilities/stream/simulink2python) by extension 'ros'
[2.635s] Level 1:colcon.colcon_core.package_identification:_identify(backup/Quanser_Academic_Resources/5_research/pal_utilities/stream/simulink2python) by extensions ['cmake', 'python']
[2.635s] Level 1:colcon.colcon_core.package_identification:_identify(backup/Quanser_Academic_Resources/5_research/pal_utilities/stream/simulink2python) by extension 'cmake'
[2.635s] Level 1:colcon.colcon_core.package_identification:_identify(backup/Quanser_Academic_Resources/5_research/pal_utilities/stream/simulink2python) by extension 'python'
[2.635s] Level 1:colcon.colcon_core.package_identification:_identify(backup/Quanser_Academic_Resources/5_research/pal_utilities/stream/simulink2python) by extensions ['python_setup_py']
[2.635s] Level 1:colcon.colcon_core.package_identification:_identify(backup/Quanser_Academic_Resources/5_research/pal_utilities/stream/simulink2python) by extension 'python_setup_py'
[2.635s] Level 1:colcon.colcon_core.package_identification:_identify(backup/Quanser_Academic_Resources/5_research/pal_utilities/timing) by extensions ['ignore', 'ignore_ament_install']
[2.635s] Level 1:colcon.colcon_core.package_identification:_identify(backup/Quanser_Academic_Resources/5_research/pal_utilities/timing) by extension 'ignore'
[2.636s] Level 1:colcon.colcon_core.package_identification:_identify(backup/Quanser_Academic_Resources/5_research/pal_utilities/timing) by extension 'ignore_ament_install'
[2.636s] Level 1:colcon.colcon_core.package_identification:_identify(backup/Quanser_Academic_Resources/5_research/pal_utilities/timing) by extensions ['colcon_pkg']
[2.636s] Level 1:colcon.colcon_core.package_identification:_identify(backup/Quanser_Academic_Resources/5_research/pal_utilities/timing) by extension 'colcon_pkg'
[2.636s] Level 1:colcon.colcon_core.package_identification:_identify(backup/Quanser_Academic_Resources/5_research/pal_utilities/timing) by extensions ['colcon_meta']
[2.636s] Level 1:colcon.colcon_core.package_identification:_identify(backup/Quanser_Academic_Resources/5_research/pal_utilities/timing) by extension 'colcon_meta'
[2.636s] Level 1:colcon.colcon_core.package_identification:_identify(backup/Quanser_Academic_Resources/5_research/pal_utilities/timing) by extensions ['ros']
[2.636s] Level 1:colcon.colcon_core.package_identification:_identify(backup/Quanser_Academic_Resources/5_research/pal_utilities/timing) by extension 'ros'
[2.636s] Level 1:colcon.colcon_core.package_identification:_identify(backup/Quanser_Academic_Resources/5_research/pal_utilities/timing) by extensions ['cmake', 'python']
[2.636s] Level 1:colcon.colcon_core.package_identification:_identify(backup/Quanser_Academic_Resources/5_research/pal_utilities/timing) by extension 'cmake'
[2.636s] Level 1:colcon.colcon_core.package_identification:_identify(backup/Quanser_Academic_Resources/5_research/pal_utilities/timing) by extension 'python'
[2.636s] Level 1:colcon.colcon_core.package_identification:_identify(backup/Quanser_Academic_Resources/5_research/pal_utilities/timing) by extensions ['python_setup_py']
[2.636s] Level 1:colcon.colcon_core.package_identification:_identify(backup/Quanser_Academic_Resources/5_research/pal_utilities/timing) by extension 'python_setup_py'
[2.636s] Level 1:colcon.colcon_core.package_identification:_identify(backup/Quanser_Academic_Resources/5_research/pal_utilities/timing/timing) by extensions ['ignore', 'ignore_ament_install']
[2.636s] Level 1:colcon.colcon_core.package_identification:_identify(backup/Quanser_Academic_Resources/5_research/pal_utilities/timing/timing) by extension 'ignore'
[2.636s] Level 1:colcon.colcon_core.package_identification:_identify(backup/Quanser_Academic_Resources/5_research/pal_utilities/timing/timing) by extension 'ignore_ament_install'
[2.636s] Level 1:colcon.colcon_core.package_identification:_identify(backup/Quanser_Academic_Resources/5_research/pal_utilities/timing/timing) by extensions ['colcon_pkg']
[2.636s] Level 1:colcon.colcon_core.package_identification:_identify(backup/Quanser_Academic_Resources/5_research/pal_utilities/timing/timing) by extension 'colcon_pkg'
[2.636s] Level 1:colcon.colcon_core.package_identification:_identify(backup/Quanser_Academic_Resources/5_research/pal_utilities/timing/timing) by extensions ['colcon_meta']
[2.636s] Level 1:colcon.colcon_core.package_identification:_identify(backup/Quanser_Academic_Resources/5_research/pal_utilities/timing/timing) by extension 'colcon_meta'
[2.636s] Level 1:colcon.colcon_core.package_identification:_identify(backup/Quanser_Academic_Resources/5_research/pal_utilities/timing/timing) by extensions ['ros']
[2.636s] Level 1:colcon.colcon_core.package_identification:_identify(backup/Quanser_Academic_Resources/5_research/pal_utilities/timing/timing) by extension 'ros'
[2.636s] Level 1:colcon.colcon_core.package_identification:_identify(backup/Quanser_Academic_Resources/5_research/pal_utilities/timing/timing) by extensions ['cmake', 'python']
[2.636s] Level 1:colcon.colcon_core.package_identification:_identify(backup/Quanser_Academic_Resources/5_research/pal_utilities/timing/timing) by extension 'cmake'
[2.636s] Level 1:colcon.colcon_core.package_identification:_identify(backup/Quanser_Academic_Resources/5_research/pal_utilities/timing/timing) by extension 'python'
[2.636s] Level 1:colcon.colcon_core.package_identification:_identify(backup/Quanser_Academic_Resources/5_research/pal_utilities/timing/timing) by extensions ['python_setup_py']
[2.636s] Level 1:colcon.colcon_core.package_identification:_identify(backup/Quanser_Academic_Resources/5_research/pal_utilities/timing/timing) by extension 'python_setup_py'
[2.636s] Level 1:colcon.colcon_core.package_identification:_identify(backup/Quanser_Academic_Resources/5_research/pal_utilities/vision) by extensions ['ignore', 'ignore_ament_install']
[2.636s] Level 1:colcon.colcon_core.package_identification:_identify(backup/Quanser_Academic_Resources/5_research/pal_utilities/vision) by extension 'ignore'
[2.636s] Level 1:colcon.colcon_core.package_identification:_identify(backup/Quanser_Academic_Resources/5_research/pal_utilities/vision) by extension 'ignore_ament_install'
[2.636s] Level 1:colcon.colcon_core.package_identification:_identify(backup/Quanser_Academic_Resources/5_research/pal_utilities/vision) by extensions ['colcon_pkg']
[2.636s] Level 1:colcon.colcon_core.package_identification:_identify(backup/Quanser_Academic_Resources/5_research/pal_utilities/vision) by extension 'colcon_pkg'
[2.637s] Level 1:colcon.colcon_core.package_identification:_identify(backup/Quanser_Academic_Resources/5_research/pal_utilities/vision) by extensions ['colcon_meta']
[2.637s] Level 1:colcon.colcon_core.package_identification:_identify(backup/Quanser_Academic_Resources/5_research/pal_utilities/vision) by extension 'colcon_meta'
[2.637s] Level 1:colcon.colcon_core.package_identification:_identify(backup/Quanser_Academic_Resources/5_research/pal_utilities/vision) by extensions ['ros']
[2.637s] Level 1:colcon.colcon_core.package_identification:_identify(backup/Quanser_Academic_Resources/5_research/pal_utilities/vision) by extension 'ros'
[2.637s] Level 1:colcon.colcon_core.package_identification:_identify(backup/Quanser_Academic_Resources/5_research/pal_utilities/vision) by extensions ['cmake', 'python']
[2.637s] Level 1:colcon.colcon_core.package_identification:_identify(backup/Quanser_Academic_Resources/5_research/pal_utilities/vision) by extension 'cmake'
[2.637s] Level 1:colcon.colcon_core.package_identification:_identify(backup/Quanser_Academic_Resources/5_research/pal_utilities/vision) by extension 'python'
[2.637s] Level 1:colcon.colcon_core.package_identification:_identify(backup/Quanser_Academic_Resources/5_research/pal_utilities/vision) by extensions ['python_setup_py']
[2.637s] Level 1:colcon.colcon_core.package_identification:_identify(backup/Quanser_Academic_Resources/5_research/pal_utilities/vision) by extension 'python_setup_py'
[2.637s] Level 1:colcon.colcon_core.package_identification:_identify(backup/Quanser_Academic_Resources/5_research/sdcs) by extensions ['ignore', 'ignore_ament_install']
[2.637s] Level 1:colcon.colcon_core.package_identification:_identify(backup/Quanser_Academic_Resources/5_research/sdcs) by extension 'ignore'
[2.637s] Level 1:colcon.colcon_core.package_identification:_identify(backup/Quanser_Academic_Resources/5_research/sdcs) by extension 'ignore_ament_install'
[2.637s] Level 1:colcon.colcon_core.package_identification:_identify(backup/Quanser_Academic_Resources/5_research/sdcs) by extensions ['colcon_pkg']
[2.637s] Level 1:colcon.colcon_core.package_identification:_identify(backup/Quanser_Academic_Resources/5_research/sdcs) by extension 'colcon_pkg'
[2.637s] Level 1:colcon.colcon_core.package_identification:_identify(backup/Quanser_Academic_Resources/5_research/sdcs) by extensions ['colcon_meta']
[2.637s] Level 1:colcon.colcon_core.package_identification:_identify(backup/Quanser_Academic_Resources/5_research/sdcs) by extension 'colcon_meta'
[2.637s] Level 1:colcon.colcon_core.package_identification:_identify(backup/Quanser_Academic_Resources/5_research/sdcs) by extensions ['ros']
[2.637s] Level 1:colcon.colcon_core.package_identification:_identify(backup/Quanser_Academic_Resources/5_research/sdcs) by extension 'ros'
[2.637s] Level 1:colcon.colcon_core.package_identification:_identify(backup/Quanser_Academic_Resources/5_research/sdcs) by extensions ['cmake', 'python']
[2.637s] Level 1:colcon.colcon_core.package_identification:_identify(backup/Quanser_Academic_Resources/5_research/sdcs) by extension 'cmake'
[2.637s] Level 1:colcon.colcon_core.package_identification:_identify(backup/Quanser_Academic_Resources/5_research/sdcs) by extension 'python'
[2.637s] Level 1:colcon.colcon_core.package_identification:_identify(backup/Quanser_Academic_Resources/5_research/sdcs) by extensions ['python_setup_py']
[2.637s] Level 1:colcon.colcon_core.package_identification:_identify(backup/Quanser_Academic_Resources/5_research/sdcs) by extension 'python_setup_py'
[2.637s] Level 1:colcon.colcon_core.package_identification:_identify(backup/Quanser_Academic_Resources/5_research/sdcs/qcar) by extensions ['ignore', 'ignore_ament_install']
[2.637s] Level 1:colcon.colcon_core.package_identification:_identify(backup/Quanser_Academic_Resources/5_research/sdcs/qcar) by extension 'ignore'
[2.637s] Level 1:colcon.colcon_core.package_identification:_identify(backup/Quanser_Academic_Resources/5_research/sdcs/qcar) by extension 'ignore_ament_install'
[2.637s] Level 1:colcon.colcon_core.package_identification:_identify(backup/Quanser_Academic_Resources/5_research/sdcs/qcar) by extensions ['colcon_pkg']
[2.637s] Level 1:colcon.colcon_core.package_identification:_identify(backup/Quanser_Academic_Resources/5_research/sdcs/qcar) by extension 'colcon_pkg'
[2.637s] Level 1:colcon.colcon_core.package_identification:_identify(backup/Quanser_Academic_Resources/5_research/sdcs/qcar) by extensions ['colcon_meta']
[2.637s] Level 1:colcon.colcon_core.package_identification:_identify(backup/Quanser_Academic_Resources/5_research/sdcs/qcar) by extension 'colcon_meta'
[2.637s] Level 1:colcon.colcon_core.package_identification:_identify(backup/Quanser_Academic_Resources/5_research/sdcs/qcar) by extensions ['ros']
[2.637s] Level 1:colcon.colcon_core.package_identification:_identify(backup/Quanser_Academic_Resources/5_research/sdcs/qcar) by extension 'ros'
[2.638s] Level 1:colcon.colcon_core.package_identification:_identify(backup/Quanser_Academic_Resources/5_research/sdcs/qcar) by extensions ['cmake', 'python']
[2.638s] Level 1:colcon.colcon_core.package_identification:_identify(backup/Quanser_Academic_Resources/5_research/sdcs/qcar) by extension 'cmake'
[2.638s] Level 1:colcon.colcon_core.package_identification:_identify(backup/Quanser_Academic_Resources/5_research/sdcs/qcar) by extension 'python'
[2.638s] Level 1:colcon.colcon_core.package_identification:_identify(backup/Quanser_Academic_Resources/5_research/sdcs/qcar) by extensions ['python_setup_py']
[2.638s] Level 1:colcon.colcon_core.package_identification:_identify(backup/Quanser_Academic_Resources/5_research/sdcs/qcar) by extension 'python_setup_py'
[2.638s] Level 1:colcon.colcon_core.package_identification:_identify(backup/Quanser_Academic_Resources/5_research/sdcs/qcar/hardware) by extensions ['ignore', 'ignore_ament_install']
[2.638s] Level 1:colcon.colcon_core.package_identification:_identify(backup/Quanser_Academic_Resources/5_research/sdcs/qcar/hardware) by extension 'ignore'
[2.638s] Level 1:colcon.colcon_core.package_identification:_identify(backup/Quanser_Academic_Resources/5_research/sdcs/qcar/hardware) by extension 'ignore_ament_install'
[2.638s] Level 1:colcon.colcon_core.package_identification:_identify(backup/Quanser_Academic_Resources/5_research/sdcs/qcar/hardware) by extensions ['colcon_pkg']
[2.638s] Level 1:colcon.colcon_core.package_identification:_identify(backup/Quanser_Academic_Resources/5_research/sdcs/qcar/hardware) by extension 'colcon_pkg'
[2.638s] Level 1:colcon.colcon_core.package_identification:_identify(backup/Quanser_Academic_Resources/5_research/sdcs/qcar/hardware) by extensions ['colcon_meta']
[2.638s] Level 1:colcon.colcon_core.package_identification:_identify(backup/Quanser_Academic_Resources/5_research/sdcs/qcar/hardware) by extension 'colcon_meta'
[2.638s] Level 1:colcon.colcon_core.package_identification:_identify(backup/Quanser_Academic_Resources/5_research/sdcs/qcar/hardware) by extensions ['ros']
[2.638s] Level 1:colcon.colcon_core.package_identification:_identify(backup/Quanser_Academic_Resources/5_research/sdcs/qcar/hardware) by extension 'ros'
[2.638s] Level 1:colcon.colcon_core.package_identification:_identify(backup/Quanser_Academic_Resources/5_research/sdcs/qcar/hardware) by extensions ['cmake', 'python']
[2.638s] Level 1:colcon.colcon_core.package_identification:_identify(backup/Quanser_Academic_Resources/5_research/sdcs/qcar/hardware) by extension 'cmake'
[2.638s] Level 1:colcon.colcon_core.package_identification:_identify(backup/Quanser_Academic_Resources/5_research/sdcs/qcar/hardware) by extension 'python'
[2.638s] Level 1:colcon.colcon_core.package_identification:_identify(backup/Quanser_Academic_Resources/5_research/sdcs/qcar/hardware) by extensions ['python_setup_py']
[2.638s] Level 1:colcon.colcon_core.package_identification:_identify(backup/Quanser_Academic_Resources/5_research/sdcs/qcar/hardware) by extension 'python_setup_py'
[2.638s] Level 1:colcon.colcon_core.package_identification:_identify(backup/Quanser_Academic_Resources/5_research/sdcs/qcar/hardware/applications) by extensions ['ignore', 'ignore_ament_install']
[2.638s] Level 1:colcon.colcon_core.package_identification:_identify(backup/Quanser_Academic_Resources/5_research/sdcs/qcar/hardware/applications) by extension 'ignore'
[2.638s] Level 1:colcon.colcon_core.package_identification:_identify(backup/Quanser_Academic_Resources/5_research/sdcs/qcar/hardware/applications) by extension 'ignore_ament_install'
[2.638s] Level 1:colcon.colcon_core.package_identification:_identify(backup/Quanser_Academic_Resources/5_research/sdcs/qcar/hardware/applications) by extensions ['colcon_pkg']
[2.638s] Level 1:colcon.colcon_core.package_identification:_identify(backup/Quanser_Academic_Resources/5_research/sdcs/qcar/hardware/applications) by extension 'colcon_pkg'
[2.638s] Level 1:colcon.colcon_core.package_identification:_identify(backup/Quanser_Academic_Resources/5_research/sdcs/qcar/hardware/applications) by extensions ['colcon_meta']
[2.638s] Level 1:colcon.colcon_core.package_identification:_identify(backup/Quanser_Academic_Resources/5_research/sdcs/qcar/hardware/applications) by extension 'colcon_meta'
[2.638s] Level 1:colcon.colcon_core.package_identification:_identify(backup/Quanser_Academic_Resources/5_research/sdcs/qcar/hardware/applications) by extensions ['ros']
[2.638s] Level 1:colcon.colcon_core.package_identification:_identify(backup/Quanser_Academic_Resources/5_research/sdcs/qcar/hardware/applications) by extension 'ros'
[2.639s] Level 1:colcon.colcon_core.package_identification:_identify(backup/Quanser_Academic_Resources/5_research/sdcs/qcar/hardware/applications) by extensions ['cmake', 'python']
[2.639s] Level 1:colcon.colcon_core.package_identification:_identify(backup/Quanser_Academic_Resources/5_research/sdcs/qcar/hardware/applications) by extension 'cmake'
[2.639s] Level 1:colcon.colcon_core.package_identification:_identify(backup/Quanser_Academic_Resources/5_research/sdcs/qcar/hardware/applications) by extension 'python'
[2.639s] Level 1:colcon.colcon_core.package_identification:_identify(backup/Quanser_Academic_Resources/5_research/sdcs/qcar/hardware/applications) by extensions ['python_setup_py']
[2.639s] Level 1:colcon.colcon_core.package_identification:_identify(backup/Quanser_Academic_Resources/5_research/sdcs/qcar/hardware/applications) by extension 'python_setup_py'
[2.639s] Level 1:colcon.colcon_core.package_identification:_identify(backup/Quanser_Academic_Resources/5_research/sdcs/qcar/hardware/applications/360_vision) by extensions ['ignore', 'ignore_ament_install']
[2.639s] Level 1:colcon.colcon_core.package_identification:_identify(backup/Quanser_Academic_Resources/5_research/sdcs/qcar/hardware/applications/360_vision) by extension 'ignore'
[2.639s] Level 1:colcon.colcon_core.package_identification:_identify(backup/Quanser_Academic_Resources/5_research/sdcs/qcar/hardware/applications/360_vision) by extension 'ignore_ament_install'
[2.639s] Level 1:colcon.colcon_core.package_identification:_identify(backup/Quanser_Academic_Resources/5_research/sdcs/qcar/hardware/applications/360_vision) by extensions ['colcon_pkg']
[2.639s] Level 1:colcon.colcon_core.package_identification:_identify(backup/Quanser_Academic_Resources/5_research/sdcs/qcar/hardware/applications/360_vision) by extension 'colcon_pkg'
[2.639s] Level 1:colcon.colcon_core.package_identification:_identify(backup/Quanser_Academic_Resources/5_research/sdcs/qcar/hardware/applications/360_vision) by extensions ['colcon_meta']
[2.639s] Level 1:colcon.colcon_core.package_identification:_identify(backup/Quanser_Academic_Resources/5_research/sdcs/qcar/hardware/applications/360_vision) by extension 'colcon_meta'
[2.639s] Level 1:colcon.colcon_core.package_identification:_identify(backup/Quanser_Academic_Resources/5_research/sdcs/qcar/hardware/applications/360_vision) by extensions ['ros']
[2.639s] Level 1:colcon.colcon_core.package_identification:_identify(backup/Quanser_Academic_Resources/5_research/sdcs/qcar/hardware/applications/360_vision) by extension 'ros'
[2.639s] Level 1:colcon.colcon_core.package_identification:_identify(backup/Quanser_Academic_Resources/5_research/sdcs/qcar/hardware/applications/360_vision) by extensions ['cmake', 'python']
[2.639s] Level 1:colcon.colcon_core.package_identification:_identify(backup/Quanser_Academic_Resources/5_research/sdcs/qcar/hardware/applications/360_vision) by extension 'cmake'
[2.639s] Level 1:colcon.colcon_core.package_identification:_identify(backup/Quanser_Academic_Resources/5_research/sdcs/qcar/hardware/applications/360_vision) by extension 'python'
[2.639s] Level 1:colcon.colcon_core.package_identification:_identify(backup/Quanser_Academic_Resources/5_research/sdcs/qcar/hardware/applications/360_vision) by extensions ['python_setup_py']
[2.639s] Level 1:colcon.colcon_core.package_identification:_identify(backup/Quanser_Academic_Resources/5_research/sdcs/qcar/hardware/applications/360_vision) by extension 'python_setup_py'
[2.639s] Level 1:colcon.colcon_core.package_identification:_identify(backup/Quanser_Academic_Resources/5_research/sdcs/qcar/hardware/applications/lane_following) by extensions ['ignore', 'ignore_ament_install']
[2.639s] Level 1:colcon.colcon_core.package_identification:_identify(backup/Quanser_Academic_Resources/5_research/sdcs/qcar/hardware/applications/lane_following) by extension 'ignore'
[2.639s] Level 1:colcon.colcon_core.package_identification:_identify(backup/Quanser_Academic_Resources/5_research/sdcs/qcar/hardware/applications/lane_following) by extension 'ignore_ament_install'
[2.639s] Level 1:colcon.colcon_core.package_identification:_identify(backup/Quanser_Academic_Resources/5_research/sdcs/qcar/hardware/applications/lane_following) by extensions ['colcon_pkg']
[2.639s] Level 1:colcon.colcon_core.package_identification:_identify(backup/Quanser_Academic_Resources/5_research/sdcs/qcar/hardware/applications/lane_following) by extension 'colcon_pkg'
[2.639s] Level 1:colcon.colcon_core.package_identification:_identify(backup/Quanser_Academic_Resources/5_research/sdcs/qcar/hardware/applications/lane_following) by extensions ['colcon_meta']
[2.639s] Level 1:colcon.colcon_core.package_identification:_identify(backup/Quanser_Academic_Resources/5_research/sdcs/qcar/hardware/applications/lane_following) by extension 'colcon_meta'
[2.639s] Level 1:colcon.colcon_core.package_identification:_identify(backup/Quanser_Academic_Resources/5_research/sdcs/qcar/hardware/applications/lane_following) by extensions ['ros']
[2.639s] Level 1:colcon.colcon_core.package_identification:_identify(backup/Quanser_Academic_Resources/5_research/sdcs/qcar/hardware/applications/lane_following) by extension 'ros'
[2.640s] Level 1:colcon.colcon_core.package_identification:_identify(backup/Quanser_Academic_Resources/5_research/sdcs/qcar/hardware/applications/lane_following) by extensions ['cmake', 'python']
[2.640s] Level 1:colcon.colcon_core.package_identification:_identify(backup/Quanser_Academic_Resources/5_research/sdcs/qcar/hardware/applications/lane_following) by extension 'cmake'
[2.640s] Level 1:colcon.colcon_core.package_identification:_identify(backup/Quanser_Academic_Resources/5_research/sdcs/qcar/hardware/applications/lane_following) by extension 'python'
[2.640s] Level 1:colcon.colcon_core.package_identification:_identify(backup/Quanser_Academic_Resources/5_research/sdcs/qcar/hardware/applications/lane_following) by extensions ['python_setup_py']
[2.640s] Level 1:colcon.colcon_core.package_identification:_identify(backup/Quanser_Academic_Resources/5_research/sdcs/qcar/hardware/applications/lane_following) by extension 'python_setup_py'
[2.640s] Level 1:colcon.colcon_core.package_identification:_identify(backup/Quanser_Academic_Resources/5_research/sdcs/qcar/hardware/applications/manual_drive) by extensions ['ignore', 'ignore_ament_install']
[2.640s] Level 1:colcon.colcon_core.package_identification:_identify(backup/Quanser_Academic_Resources/5_research/sdcs/qcar/hardware/applications/manual_drive) by extension 'ignore'
[2.640s] Level 1:colcon.colcon_core.package_identification:_identify(backup/Quanser_Academic_Resources/5_research/sdcs/qcar/hardware/applications/manual_drive) by extension 'ignore_ament_install'
[2.640s] Level 1:colcon.colcon_core.package_identification:_identify(backup/Quanser_Academic_Resources/5_research/sdcs/qcar/hardware/applications/manual_drive) by extensions ['colcon_pkg']
[2.640s] Level 1:colcon.colcon_core.package_identification:_identify(backup/Quanser_Academic_Resources/5_research/sdcs/qcar/hardware/applications/manual_drive) by extension 'colcon_pkg'
[2.640s] Level 1:colcon.colcon_core.package_identification:_identify(backup/Quanser_Academic_Resources/5_research/sdcs/qcar/hardware/applications/manual_drive) by extensions ['colcon_meta']
[2.640s] Level 1:colcon.colcon_core.package_identification:_identify(backup/Quanser_Academic_Resources/5_research/sdcs/qcar/hardware/applications/manual_drive) by extension 'colcon_meta'
[2.640s] Level 1:colcon.colcon_core.package_identification:_identify(backup/Quanser_Academic_Resources/5_research/sdcs/qcar/hardware/applications/manual_drive) by extensions ['ros']
[2.640s] Level 1:colcon.colcon_core.package_identification:_identify(backup/Quanser_Academic_Resources/5_research/sdcs/qcar/hardware/applications/manual_drive) by extension 'ros'
[2.640s] Level 1:colcon.colcon_core.package_identification:_identify(backup/Quanser_Academic_Resources/5_research/sdcs/qcar/hardware/applications/manual_drive) by extensions ['cmake', 'python']
[2.640s] Level 1:colcon.colcon_core.package_identification:_identify(backup/Quanser_Academic_Resources/5_research/sdcs/qcar/hardware/applications/manual_drive) by extension 'cmake'
[2.640s] Level 1:colcon.colcon_core.package_identification:_identify(backup/Quanser_Academic_Resources/5_research/sdcs/qcar/hardware/applications/manual_drive) by extension 'python'
[2.640s] Level 1:colcon.colcon_core.package_identification:_identify(backup/Quanser_Academic_Resources/5_research/sdcs/qcar/hardware/applications/manual_drive) by extensions ['python_setup_py']
[2.640s] Level 1:colcon.colcon_core.package_identification:_identify(backup/Quanser_Academic_Resources/5_research/sdcs/qcar/hardware/applications/manual_drive) by extension 'python_setup_py'
[2.640s] Level 1:colcon.colcon_core.package_identification:_identify(backup/Quanser_Academic_Resources/5_research/sdcs/qcar/hardware/applications/point_cloud_generation) by extensions ['ignore', 'ignore_ament_install']
[2.640s] Level 1:colcon.colcon_core.package_identification:_identify(backup/Quanser_Academic_Resources/5_research/sdcs/qcar/hardware/applications/point_cloud_generation) by extension 'ignore'
[2.640s] Level 1:colcon.colcon_core.package_identification:_identify(backup/Quanser_Academic_Resources/5_research/sdcs/qcar/hardware/applications/point_cloud_generation) by extension 'ignore_ament_install'
[2.640s] Level 1:colcon.colcon_core.package_identification:_identify(backup/Quanser_Academic_Resources/5_research/sdcs/qcar/hardware/applications/point_cloud_generation) by extensions ['colcon_pkg']
[2.640s] Level 1:colcon.colcon_core.package_identification:_identify(backup/Quanser_Academic_Resources/5_research/sdcs/qcar/hardware/applications/point_cloud_generation) by extension 'colcon_pkg'
[2.640s] Level 1:colcon.colcon_core.package_identification:_identify(backup/Quanser_Academic_Resources/5_research/sdcs/qcar/hardware/applications/point_cloud_generation) by extensions ['colcon_meta']
[2.640s] Level 1:colcon.colcon_core.package_identification:_identify(backup/Quanser_Academic_Resources/5_research/sdcs/qcar/hardware/applications/point_cloud_generation) by extension 'colcon_meta'
[2.640s] Level 1:colcon.colcon_core.package_identification:_identify(backup/Quanser_Academic_Resources/5_research/sdcs/qcar/hardware/applications/point_cloud_generation) by extensions ['ros']
[2.640s] Level 1:colcon.colcon_core.package_identification:_identify(backup/Quanser_Academic_Resources/5_research/sdcs/qcar/hardware/applications/point_cloud_generation) by extension 'ros'
[2.640s] Level 1:colcon.colcon_core.package_identification:_identify(backup/Quanser_Academic_Resources/5_research/sdcs/qcar/hardware/applications/point_cloud_generation) by extensions ['cmake', 'python']
[2.640s] Level 1:colcon.colcon_core.package_identification:_identify(backup/Quanser_Academic_Resources/5_research/sdcs/qcar/hardware/applications/point_cloud_generation) by extension 'cmake'
[2.641s] Level 1:colcon.colcon_core.package_identification:_identify(backup/Quanser_Academic_Resources/5_research/sdcs/qcar/hardware/applications/point_cloud_generation) by extension 'python'
[2.641s] Level 1:colcon.colcon_core.package_identification:_identify(backup/Quanser_Academic_Resources/5_research/sdcs/qcar/hardware/applications/point_cloud_generation) by extensions ['python_setup_py']
[2.641s] Level 1:colcon.colcon_core.package_identification:_identify(backup/Quanser_Academic_Resources/5_research/sdcs/qcar/hardware/applications/point_cloud_generation) by extension 'python_setup_py'
[2.641s] Level 1:colcon.colcon_core.package_identification:_identify(backup/Quanser_Academic_Resources/5_research/sdcs/qcar/hardware/applications/rgbd_imaging) by extensions ['ignore', 'ignore_ament_install']
[2.641s] Level 1:colcon.colcon_core.package_identification:_identify(backup/Quanser_Academic_Resources/5_research/sdcs/qcar/hardware/applications/rgbd_imaging) by extension 'ignore'
[2.641s] Level 1:colcon.colcon_core.package_identification:_identify(backup/Quanser_Academic_Resources/5_research/sdcs/qcar/hardware/applications/rgbd_imaging) by extension 'ignore_ament_install'
[2.641s] Level 1:colcon.colcon_core.package_identification:_identify(backup/Quanser_Academic_Resources/5_research/sdcs/qcar/hardware/applications/rgbd_imaging) by extensions ['colcon_pkg']
[2.641s] Level 1:colcon.colcon_core.package_identification:_identify(backup/Quanser_Academic_Resources/5_research/sdcs/qcar/hardware/applications/rgbd_imaging) by extension 'colcon_pkg'
[2.641s] Level 1:colcon.colcon_core.package_identification:_identify(backup/Quanser_Academic_Resources/5_research/sdcs/qcar/hardware/applications/rgbd_imaging) by extensions ['colcon_meta']
[2.641s] Level 1:colcon.colcon_core.package_identification:_identify(backup/Quanser_Academic_Resources/5_research/sdcs/qcar/hardware/applications/rgbd_imaging) by extension 'colcon_meta'
[2.641s] Level 1:colcon.colcon_core.package_identification:_identify(backup/Quanser_Academic_Resources/5_research/sdcs/qcar/hardware/applications/rgbd_imaging) by extensions ['ros']
[2.641s] Level 1:colcon.colcon_core.package_identification:_identify(backup/Quanser_Academic_Resources/5_research/sdcs/qcar/hardware/applications/rgbd_imaging) by extension 'ros'
[2.641s] Level 1:colcon.colcon_core.package_identification:_identify(backup/Quanser_Academic_Resources/5_research/sdcs/qcar/hardware/applications/rgbd_imaging) by extensions ['cmake', 'python']
[2.641s] Level 1:colcon.colcon_core.package_identification:_identify(backup/Quanser_Academic_Resources/5_research/sdcs/qcar/hardware/applications/rgbd_imaging) by extension 'cmake'
[2.641s] Level 1:colcon.colcon_core.package_identification:_identify(backup/Quanser_Academic_Resources/5_research/sdcs/qcar/hardware/applications/rgbd_imaging) by extension 'python'
[2.641s] Level 1:colcon.colcon_core.package_identification:_identify(backup/Quanser_Academic_Resources/5_research/sdcs/qcar/hardware/applications/rgbd_imaging) by extensions ['python_setup_py']
[2.641s] Level 1:colcon.colcon_core.package_identification:_identify(backup/Quanser_Academic_Resources/5_research/sdcs/qcar/hardware/applications/rgbd_imaging) by extension 'python_setup_py'
[2.641s] Level 1:colcon.colcon_core.package_identification:_identify(backup/Quanser_Academic_Resources/5_research/sdcs/qcar/hardware/hardware_tests) by extensions ['ignore', 'ignore_ament_install']
[2.641s] Level 1:colcon.colcon_core.package_identification:_identify(backup/Quanser_Academic_Resources/5_research/sdcs/qcar/hardware/hardware_tests) by extension 'ignore'
[2.641s] Level 1:colcon.colcon_core.package_identification:_identify(backup/Quanser_Academic_Resources/5_research/sdcs/qcar/hardware/hardware_tests) by extension 'ignore_ament_install'
[2.641s] Level 1:colcon.colcon_core.package_identification:_identify(backup/Quanser_Academic_Resources/5_research/sdcs/qcar/hardware/hardware_tests) by extensions ['colcon_pkg']
[2.641s] Level 1:colcon.colcon_core.package_identification:_identify(backup/Quanser_Academic_Resources/5_research/sdcs/qcar/hardware/hardware_tests) by extension 'colcon_pkg'
[2.641s] Level 1:colcon.colcon_core.package_identification:_identify(backup/Quanser_Academic_Resources/5_research/sdcs/qcar/hardware/hardware_tests) by extensions ['colcon_meta']
[2.641s] Level 1:colcon.colcon_core.package_identification:_identify(backup/Quanser_Academic_Resources/5_research/sdcs/qcar/hardware/hardware_tests) by extension 'colcon_meta'
[2.641s] Level 1:colcon.colcon_core.package_identification:_identify(backup/Quanser_Academic_Resources/5_research/sdcs/qcar/hardware/hardware_tests) by extensions ['ros']
[2.641s] Level 1:colcon.colcon_core.package_identification:_identify(backup/Quanser_Academic_Resources/5_research/sdcs/qcar/hardware/hardware_tests) by extension 'ros'
[2.641s] Level 1:colcon.colcon_core.package_identification:_identify(backup/Quanser_Academic_Resources/5_research/sdcs/qcar/hardware/hardware_tests) by extensions ['cmake', 'python']
[2.641s] Level 1:colcon.colcon_core.package_identification:_identify(backup/Quanser_Academic_Resources/5_research/sdcs/qcar/hardware/hardware_tests) by extension 'cmake'
[2.642s] Level 1:colcon.colcon_core.package_identification:_identify(backup/Quanser_Academic_Resources/5_research/sdcs/qcar/hardware/hardware_tests) by extension 'python'
[2.642s] Level 1:colcon.colcon_core.package_identification:_identify(backup/Quanser_Academic_Resources/5_research/sdcs/qcar/hardware/hardware_tests) by extensions ['python_setup_py']
[2.642s] Level 1:colcon.colcon_core.package_identification:_identify(backup/Quanser_Academic_Resources/5_research/sdcs/qcar/hardware/hardware_tests) by extension 'python_setup_py'
[2.642s] Level 1:colcon.colcon_core.package_identification:_identify(backup/Quanser_Academic_Resources/5_research/sdcs/qcar/hardware/ros1_cpp) by extensions ['ignore', 'ignore_ament_install']
[2.642s] Level 1:colcon.colcon_core.package_identification:_identify(backup/Quanser_Academic_Resources/5_research/sdcs/qcar/hardware/ros1_cpp) by extension 'ignore'
[2.642s] Level 1:colcon.colcon_core.package_identification:_identify(backup/Quanser_Academic_Resources/5_research/sdcs/qcar/hardware/ros1_cpp) by extension 'ignore_ament_install'
[2.642s] Level 1:colcon.colcon_core.package_identification:_identify(backup/Quanser_Academic_Resources/5_research/sdcs/qcar/hardware/ros1_cpp) by extensions ['colcon_pkg']
[2.642s] Level 1:colcon.colcon_core.package_identification:_identify(backup/Quanser_Academic_Resources/5_research/sdcs/qcar/hardware/ros1_cpp) by extension 'colcon_pkg'
[2.642s] Level 1:colcon.colcon_core.package_identification:_identify(backup/Quanser_Academic_Resources/5_research/sdcs/qcar/hardware/ros1_cpp) by extensions ['colcon_meta']
[2.642s] Level 1:colcon.colcon_core.package_identification:_identify(backup/Quanser_Academic_Resources/5_research/sdcs/qcar/hardware/ros1_cpp) by extension 'colcon_meta'
[2.642s] Level 1:colcon.colcon_core.package_identification:_identify(backup/Quanser_Academic_Resources/5_research/sdcs/qcar/hardware/ros1_cpp) by extensions ['ros']
[2.642s] Level 1:colcon.colcon_core.package_identification:_identify(backup/Quanser_Academic_Resources/5_research/sdcs/qcar/hardware/ros1_cpp) by extension 'ros'
[2.642s] Level 1:colcon.colcon_core.package_identification:_identify(backup/Quanser_Academic_Resources/5_research/sdcs/qcar/hardware/ros1_cpp) by extensions ['cmake', 'python']
[2.642s] Level 1:colcon.colcon_core.package_identification:_identify(backup/Quanser_Academic_Resources/5_research/sdcs/qcar/hardware/ros1_cpp) by extension 'cmake'
[2.642s] Level 1:colcon.colcon_core.package_identification:_identify(backup/Quanser_Academic_Resources/5_research/sdcs/qcar/hardware/ros1_cpp) by extension 'python'
[2.642s] Level 1:colcon.colcon_core.package_identification:_identify(backup/Quanser_Academic_Resources/5_research/sdcs/qcar/hardware/ros1_cpp) by extensions ['python_setup_py']
[2.642s] Level 1:colcon.colcon_core.package_identification:_identify(backup/Quanser_Academic_Resources/5_research/sdcs/qcar/hardware/ros1_cpp) by extension 'python_setup_py'
[2.642s] Level 1:colcon.colcon_core.package_identification:_identify(backup/Quanser_Academic_Resources/5_research/sdcs/qcar/hardware/ros1_cpp/src) by extensions ['ignore', 'ignore_ament_install']
[2.642s] Level 1:colcon.colcon_core.package_identification:_identify(backup/Quanser_Academic_Resources/5_research/sdcs/qcar/hardware/ros1_cpp/src) by extension 'ignore'
[2.642s] Level 1:colcon.colcon_core.package_identification:_identify(backup/Quanser_Academic_Resources/5_research/sdcs/qcar/hardware/ros1_cpp/src) by extension 'ignore_ament_install'
[2.642s] Level 1:colcon.colcon_core.package_identification:_identify(backup/Quanser_Academic_Resources/5_research/sdcs/qcar/hardware/ros1_cpp/src) by extensions ['colcon_pkg']
[2.642s] Level 1:colcon.colcon_core.package_identification:_identify(backup/Quanser_Academic_Resources/5_research/sdcs/qcar/hardware/ros1_cpp/src) by extension 'colcon_pkg'
[2.642s] Level 1:colcon.colcon_core.package_identification:_identify(backup/Quanser_Academic_Resources/5_research/sdcs/qcar/hardware/ros1_cpp/src) by extensions ['colcon_meta']
[2.642s] Level 1:colcon.colcon_core.package_identification:_identify(backup/Quanser_Academic_Resources/5_research/sdcs/qcar/hardware/ros1_cpp/src) by extension 'colcon_meta'
[2.642s] Level 1:colcon.colcon_core.package_identification:_identify(backup/Quanser_Academic_Resources/5_research/sdcs/qcar/hardware/ros1_cpp/src) by extensions ['ros']
[2.642s] Level 1:colcon.colcon_core.package_identification:_identify(backup/Quanser_Academic_Resources/5_research/sdcs/qcar/hardware/ros1_cpp/src) by extension 'ros'
[2.642s] Level 1:colcon.colcon_core.package_identification:_identify(backup/Quanser_Academic_Resources/5_research/sdcs/qcar/hardware/ros1_cpp/src) by extensions ['cmake', 'python']
[2.642s] Level 1:colcon.colcon_core.package_identification:_identify(backup/Quanser_Academic_Resources/5_research/sdcs/qcar/hardware/ros1_cpp/src) by extension 'cmake'
[2.643s] Level 1:colcon.colcon_core.package_identification:_identify(backup/Quanser_Academic_Resources/5_research/sdcs/qcar/hardware/ros1_cpp/src) by extension 'python'
[2.643s] Level 1:colcon.colcon_core.package_identification:_identify(backup/Quanser_Academic_Resources/5_research/sdcs/qcar/hardware/ros1_cpp/src) by extensions ['python_setup_py']
[2.643s] Level 1:colcon.colcon_core.package_identification:_identify(backup/Quanser_Academic_Resources/5_research/sdcs/qcar/hardware/ros1_cpp/src) by extension 'python_setup_py'
[2.643s] Level 1:colcon.colcon_core.package_identification:_identify(backup/Quanser_Academic_Resources/5_research/sdcs/qcar/hardware/ros1_cpp/src/qcar) by extensions ['ignore', 'ignore_ament_install']
[2.643s] Level 1:colcon.colcon_core.package_identification:_identify(backup/Quanser_Academic_Resources/5_research/sdcs/qcar/hardware/ros1_cpp/src/qcar) by extension 'ignore'
[2.643s] Level 1:colcon.colcon_core.package_identification:_identify(backup/Quanser_Academic_Resources/5_research/sdcs/qcar/hardware/ros1_cpp/src/qcar) by extension 'ignore_ament_install'
[2.643s] Level 1:colcon.colcon_core.package_identification:_identify(backup/Quanser_Academic_Resources/5_research/sdcs/qcar/hardware/ros1_cpp/src/qcar) by extensions ['colcon_pkg']
[2.643s] Level 1:colcon.colcon_core.package_identification:_identify(backup/Quanser_Academic_Resources/5_research/sdcs/qcar/hardware/ros1_cpp/src/qcar) by extension 'colcon_pkg'
[2.643s] Level 1:colcon.colcon_core.package_identification:_identify(backup/Quanser_Academic_Resources/5_research/sdcs/qcar/hardware/ros1_cpp/src/qcar) by extensions ['colcon_meta']
[2.643s] Level 1:colcon.colcon_core.package_identification:_identify(backup/Quanser_Academic_Resources/5_research/sdcs/qcar/hardware/ros1_cpp/src/qcar) by extension 'colcon_meta'
[2.643s] Level 1:colcon.colcon_core.package_identification:_identify(backup/Quanser_Academic_Resources/5_research/sdcs/qcar/hardware/ros1_cpp/src/qcar) by extensions ['ros']
[2.643s] Level 1:colcon.colcon_core.package_identification:_identify(backup/Quanser_Academic_Resources/5_research/sdcs/qcar/hardware/ros1_cpp/src/qcar) by extension 'ros'
[2.645s] DEBUG:colcon.colcon_core.package_identification:Package 'backup/Quanser_Academic_Resources/5_research/sdcs/qcar/hardware/ros1_cpp/src/qcar' with type 'ros.catkin' and name 'qcar'
[2.645s] Level 1:colcon.colcon_core.package_identification:_identify(backup/Quanser_Academic_Resources/5_research/sdcs/qcar/hardware/ros1_python) by extensions ['ignore', 'ignore_ament_install']
[2.645s] Level 1:colcon.colcon_core.package_identification:_identify(backup/Quanser_Academic_Resources/5_research/sdcs/qcar/hardware/ros1_python) by extension 'ignore'
[2.645s] Level 1:colcon.colcon_core.package_identification:_identify(backup/Quanser_Academic_Resources/5_research/sdcs/qcar/hardware/ros1_python) by extension 'ignore_ament_install'
[2.645s] Level 1:colcon.colcon_core.package_identification:_identify(backup/Quanser_Academic_Resources/5_research/sdcs/qcar/hardware/ros1_python) by extensions ['colcon_pkg']
[2.645s] Level 1:colcon.colcon_core.package_identification:_identify(backup/Quanser_Academic_Resources/5_research/sdcs/qcar/hardware/ros1_python) by extension 'colcon_pkg'
[2.645s] Level 1:colcon.colcon_core.package_identification:_identify(backup/Quanser_Academic_Resources/5_research/sdcs/qcar/hardware/ros1_python) by extensions ['colcon_meta']
[2.645s] Level 1:colcon.colcon_core.package_identification:_identify(backup/Quanser_Academic_Resources/5_research/sdcs/qcar/hardware/ros1_python) by extension 'colcon_meta'
[2.645s] Level 1:colcon.colcon_core.package_identification:_identify(backup/Quanser_Academic_Resources/5_research/sdcs/qcar/hardware/ros1_python) by extensions ['ros']
[2.645s] Level 1:colcon.colcon_core.package_identification:_identify(backup/Quanser_Academic_Resources/5_research/sdcs/qcar/hardware/ros1_python) by extension 'ros'
[2.645s] Level 1:colcon.colcon_core.package_identification:_identify(backup/Quanser_Academic_Resources/5_research/sdcs/qcar/hardware/ros1_python) by extensions ['cmake', 'python']
[2.645s] Level 1:colcon.colcon_core.package_identification:_identify(backup/Quanser_Academic_Resources/5_research/sdcs/qcar/hardware/ros1_python) by extension 'cmake'
[2.645s] Level 1:colcon.colcon_core.package_identification:_identify(backup/Quanser_Academic_Resources/5_research/sdcs/qcar/hardware/ros1_python) by extension 'python'
[2.646s] Level 1:colcon.colcon_core.package_identification:_identify(backup/Quanser_Academic_Resources/5_research/sdcs/qcar/hardware/ros1_python) by extensions ['python_setup_py']
[2.646s] Level 1:colcon.colcon_core.package_identification:_identify(backup/Quanser_Academic_Resources/5_research/sdcs/qcar/hardware/ros1_python) by extension 'python_setup_py'
[2.646s] Level 1:colcon.colcon_core.package_identification:_identify(backup/Quanser_Academic_Resources/5_research/sdcs/qcar/hardware/ros1_python/src) by extensions ['ignore', 'ignore_ament_install']
[2.646s] Level 1:colcon.colcon_core.package_identification:_identify(backup/Quanser_Academic_Resources/5_research/sdcs/qcar/hardware/ros1_python/src) by extension 'ignore'
[2.646s] Level 1:colcon.colcon_core.package_identification:_identify(backup/Quanser_Academic_Resources/5_research/sdcs/qcar/hardware/ros1_python/src) by extension 'ignore_ament_install'
[2.646s] Level 1:colcon.colcon_core.package_identification:_identify(backup/Quanser_Academic_Resources/5_research/sdcs/qcar/hardware/ros1_python/src) by extensions ['colcon_pkg']
[2.646s] Level 1:colcon.colcon_core.package_identification:_identify(backup/Quanser_Academic_Resources/5_research/sdcs/qcar/hardware/ros1_python/src) by extension 'colcon_pkg'
[2.646s] Level 1:colcon.colcon_core.package_identification:_identify(backup/Quanser_Academic_Resources/5_research/sdcs/qcar/hardware/ros1_python/src) by extensions ['colcon_meta']
[2.646s] Level 1:colcon.colcon_core.package_identification:_identify(backup/Quanser_Academic_Resources/5_research/sdcs/qcar/hardware/ros1_python/src) by extension 'colcon_meta'
[2.646s] Level 1:colcon.colcon_core.package_identification:_identify(backup/Quanser_Academic_Resources/5_research/sdcs/qcar/hardware/ros1_python/src) by extensions ['ros']
[2.646s] Level 1:colcon.colcon_core.package_identification:_identify(backup/Quanser_Academic_Resources/5_research/sdcs/qcar/hardware/ros1_python/src) by extension 'ros'
[2.646s] Level 1:colcon.colcon_core.package_identification:_identify(backup/Quanser_Academic_Resources/5_research/sdcs/qcar/hardware/ros1_python/src) by extensions ['cmake', 'python']
[2.646s] Level 1:colcon.colcon_core.package_identification:_identify(backup/Quanser_Academic_Resources/5_research/sdcs/qcar/hardware/ros1_python/src) by extension 'cmake'
[2.646s] Level 1:colcon.colcon_core.package_identification:_identify(backup/Quanser_Academic_Resources/5_research/sdcs/qcar/hardware/ros1_python/src) by extension 'python'
[2.646s] Level 1:colcon.colcon_core.package_identification:_identify(backup/Quanser_Academic_Resources/5_research/sdcs/qcar/hardware/ros1_python/src) by extensions ['python_setup_py']
[2.646s] Level 1:colcon.colcon_core.package_identification:_identify(backup/Quanser_Academic_Resources/5_research/sdcs/qcar/hardware/ros1_python/src) by extension 'python_setup_py'
[2.646s] Level 1:colcon.colcon_core.package_identification:_identify(backup/Quanser_Academic_Resources/5_research/sdcs/qcar/hardware/ros1_python/src/qcar) by extensions ['ignore', 'ignore_ament_install']
[2.646s] Level 1:colcon.colcon_core.package_identification:_identify(backup/Quanser_Academic_Resources/5_research/sdcs/qcar/hardware/ros1_python/src/qcar) by extension 'ignore'
[2.646s] Level 1:colcon.colcon_core.package_identification:_identify(backup/Quanser_Academic_Resources/5_research/sdcs/qcar/hardware/ros1_python/src/qcar) by extension 'ignore_ament_install'
[2.646s] Level 1:colcon.colcon_core.package_identification:_identify(backup/Quanser_Academic_Resources/5_research/sdcs/qcar/hardware/ros1_python/src/qcar) by extensions ['colcon_pkg']
[2.646s] Level 1:colcon.colcon_core.package_identification:_identify(backup/Quanser_Academic_Resources/5_research/sdcs/qcar/hardware/ros1_python/src/qcar) by extension 'colcon_pkg'
[2.646s] Level 1:colcon.colcon_core.package_identification:_identify(backup/Quanser_Academic_Resources/5_research/sdcs/qcar/hardware/ros1_python/src/qcar) by extensions ['colcon_meta']
[2.646s] Level 1:colcon.colcon_core.package_identification:_identify(backup/Quanser_Academic_Resources/5_research/sdcs/qcar/hardware/ros1_python/src/qcar) by extension 'colcon_meta'
[2.646s] Level 1:colcon.colcon_core.package_identification:_identify(backup/Quanser_Academic_Resources/5_research/sdcs/qcar/hardware/ros1_python/src/qcar) by extensions ['ros']
[2.647s] Level 1:colcon.colcon_core.package_identification:_identify(backup/Quanser_Academic_Resources/5_research/sdcs/qcar/hardware/ros1_python/src/qcar) by extension 'ros'
[2.648s] DEBUG:colcon.colcon_core.package_identification:Package 'backup/Quanser_Academic_Resources/5_research/sdcs/qcar/hardware/ros1_python/src/qcar' with type 'ros.catkin' and name 'qcar'
[2.648s] Level 1:colcon.colcon_core.package_identification:_identify(backup/Quanser_Academic_Resources/5_research/sdcs/qcar/hardware/ros1_python/src/rplidar_ros) by extensions ['ignore', 'ignore_ament_install']
[2.648s] Level 1:colcon.colcon_core.package_identification:_identify(backup/Quanser_Academic_Resources/5_research/sdcs/qcar/hardware/ros1_python/src/rplidar_ros) by extension 'ignore'
[2.648s] Level 1:colcon.colcon_core.package_identification:_identify(backup/Quanser_Academic_Resources/5_research/sdcs/qcar/hardware/ros1_python/src/rplidar_ros) by extension 'ignore_ament_install'
[2.648s] Level 1:colcon.colcon_core.package_identification:_identify(backup/Quanser_Academic_Resources/5_research/sdcs/qcar/hardware/ros1_python/src/rplidar_ros) by extensions ['colcon_pkg']
[2.648s] Level 1:colcon.colcon_core.package_identification:_identify(backup/Quanser_Academic_Resources/5_research/sdcs/qcar/hardware/ros1_python/src/rplidar_ros) by extension 'colcon_pkg'
[2.648s] Level 1:colcon.colcon_core.package_identification:_identify(backup/Quanser_Academic_Resources/5_research/sdcs/qcar/hardware/ros1_python/src/rplidar_ros) by extensions ['colcon_meta']
[2.648s] Level 1:colcon.colcon_core.package_identification:_identify(backup/Quanser_Academic_Resources/5_research/sdcs/qcar/hardware/ros1_python/src/rplidar_ros) by extension 'colcon_meta'
[2.648s] Level 1:colcon.colcon_core.package_identification:_identify(backup/Quanser_Academic_Resources/5_research/sdcs/qcar/hardware/ros1_python/src/rplidar_ros) by extensions ['ros']
[2.648s] Level 1:colcon.colcon_core.package_identification:_identify(backup/Quanser_Academic_Resources/5_research/sdcs/qcar/hardware/ros1_python/src/rplidar_ros) by extension 'ros'
[2.649s] DEBUG:colcon.colcon_core.package_identification:Package 'backup/Quanser_Academic_Resources/5_research/sdcs/qcar/hardware/ros1_python/src/rplidar_ros' with type 'ros.catkin' and name 'rplidar_ros'
[2.649s] Level 1:colcon.colcon_core.package_identification:_identify(backup/Quanser_Academic_Resources/5_research/sdcs/qcar/hardware/ros1_python/src/vision_opencv) by extensions ['ignore', 'ignore_ament_install']
[2.649s] Level 1:colcon.colcon_core.package_identification:_identify(backup/Quanser_Academic_Resources/5_research/sdcs/qcar/hardware/ros1_python/src/vision_opencv) by extension 'ignore'
[2.649s] Level 1:colcon.colcon_core.package_identification:_identify(backup/Quanser_Academic_Resources/5_research/sdcs/qcar/hardware/ros1_python/src/vision_opencv) by extension 'ignore_ament_install'
[2.649s] Level 1:colcon.colcon_core.package_identification:_identify(backup/Quanser_Academic_Resources/5_research/sdcs/qcar/hardware/ros1_python/src/vision_opencv) by extensions ['colcon_pkg']
[2.649s] Level 1:colcon.colcon_core.package_identification:_identify(backup/Quanser_Academic_Resources/5_research/sdcs/qcar/hardware/ros1_python/src/vision_opencv) by extension 'colcon_pkg'
[2.649s] Level 1:colcon.colcon_core.package_identification:_identify(backup/Quanser_Academic_Resources/5_research/sdcs/qcar/hardware/ros1_python/src/vision_opencv) by extensions ['colcon_meta']
[2.649s] Level 1:colcon.colcon_core.package_identification:_identify(backup/Quanser_Academic_Resources/5_research/sdcs/qcar/hardware/ros1_python/src/vision_opencv) by extension 'colcon_meta'
[2.649s] Level 1:colcon.colcon_core.package_identification:_identify(backup/Quanser_Academic_Resources/5_research/sdcs/qcar/hardware/ros1_python/src/vision_opencv) by extensions ['ros']
[2.649s] Level 1:colcon.colcon_core.package_identification:_identify(backup/Quanser_Academic_Resources/5_research/sdcs/qcar/hardware/ros1_python/src/vision_opencv) by extension 'ros'
[2.649s] Level 1:colcon.colcon_core.package_identification:_identify(backup/Quanser_Academic_Resources/5_research/sdcs/qcar/hardware/ros1_python/src/vision_opencv) by extensions ['cmake', 'python']
[2.649s] Level 1:colcon.colcon_core.package_identification:_identify(backup/Quanser_Academic_Resources/5_research/sdcs/qcar/hardware/ros1_python/src/vision_opencv) by extension 'cmake'
[2.649s] Level 1:colcon.colcon_core.package_identification:_identify(backup/Quanser_Academic_Resources/5_research/sdcs/qcar/hardware/ros1_python/src/vision_opencv) by extension 'python'
[2.649s] Level 1:colcon.colcon_core.package_identification:_identify(backup/Quanser_Academic_Resources/5_research/sdcs/qcar/hardware/ros1_python/src/vision_opencv) by extensions ['python_setup_py']
[2.649s] Level 1:colcon.colcon_core.package_identification:_identify(backup/Quanser_Academic_Resources/5_research/sdcs/qcar/hardware/ros1_python/src/vision_opencv) by extension 'python_setup_py'
[2.649s] Level 1:colcon.colcon_core.package_identification:_identify(backup/Quanser_Academic_Resources/5_research/sdcs/qcar/hardware/ros1_python/src/vision_opencv/cv_bridge) by extensions ['ignore', 'ignore_ament_install']
[2.649s] Level 1:colcon.colcon_core.package_identification:_identify(backup/Quanser_Academic_Resources/5_research/sdcs/qcar/hardware/ros1_python/src/vision_opencv/cv_bridge) by extension 'ignore'
[2.649s] Level 1:colcon.colcon_core.package_identification:_identify(backup/Quanser_Academic_Resources/5_research/sdcs/qcar/hardware/ros1_python/src/vision_opencv/cv_bridge) by extension 'ignore_ament_install'
[2.649s] Level 1:colcon.colcon_core.package_identification:_identify(backup/Quanser_Academic_Resources/5_research/sdcs/qcar/hardware/ros1_python/src/vision_opencv/cv_bridge) by extensions ['colcon_pkg']
[2.650s] Level 1:colcon.colcon_core.package_identification:_identify(backup/Quanser_Academic_Resources/5_research/sdcs/qcar/hardware/ros1_python/src/vision_opencv/cv_bridge) by extension 'colcon_pkg'
[2.650s] Level 1:colcon.colcon_core.package_identification:_identify(backup/Quanser_Academic_Resources/5_research/sdcs/qcar/hardware/ros1_python/src/vision_opencv/cv_bridge) by extensions ['colcon_meta']
[2.650s] Level 1:colcon.colcon_core.package_identification:_identify(backup/Quanser_Academic_Resources/5_research/sdcs/qcar/hardware/ros1_python/src/vision_opencv/cv_bridge) by extension 'colcon_meta'
[2.650s] Level 1:colcon.colcon_core.package_identification:_identify(backup/Quanser_Academic_Resources/5_research/sdcs/qcar/hardware/ros1_python/src/vision_opencv/cv_bridge) by extensions ['ros']
[2.650s] Level 1:colcon.colcon_core.package_identification:_identify(backup/Quanser_Academic_Resources/5_research/sdcs/qcar/hardware/ros1_python/src/vision_opencv/cv_bridge) by extension 'ros'
[2.650s] DEBUG:colcon.colcon_core.package_identification:Package 'backup/Quanser_Academic_Resources/5_research/sdcs/qcar/hardware/ros1_python/src/vision_opencv/cv_bridge' with type 'ros.catkin' and name 'cv_bridge'
[2.650s] Level 1:colcon.colcon_core.package_identification:_identify(backup/Quanser_Academic_Resources/5_research/sdcs/qcar/hardware/ros1_python/src/vision_opencv/image_geometry) by extensions ['ignore', 'ignore_ament_install']
[2.650s] Level 1:colcon.colcon_core.package_identification:_identify(backup/Quanser_Academic_Resources/5_research/sdcs/qcar/hardware/ros1_python/src/vision_opencv/image_geometry) by extension 'ignore'
[2.651s] Level 1:colcon.colcon_core.package_identification:_identify(backup/Quanser_Academic_Resources/5_research/sdcs/qcar/hardware/ros1_python/src/vision_opencv/image_geometry) by extension 'ignore_ament_install'
[2.651s] Level 1:colcon.colcon_core.package_identification:_identify(backup/Quanser_Academic_Resources/5_research/sdcs/qcar/hardware/ros1_python/src/vision_opencv/image_geometry) by extensions ['colcon_pkg']
[2.651s] Level 1:colcon.colcon_core.package_identification:_identify(backup/Quanser_Academic_Resources/5_research/sdcs/qcar/hardware/ros1_python/src/vision_opencv/image_geometry) by extension 'colcon_pkg'
[2.651s] Level 1:colcon.colcon_core.package_identification:_identify(backup/Quanser_Academic_Resources/5_research/sdcs/qcar/hardware/ros1_python/src/vision_opencv/image_geometry) by extensions ['colcon_meta']
[2.651s] Level 1:colcon.colcon_core.package_identification:_identify(backup/Quanser_Academic_Resources/5_research/sdcs/qcar/hardware/ros1_python/src/vision_opencv/image_geometry) by extension 'colcon_meta'
[2.651s] Level 1:colcon.colcon_core.package_identification:_identify(backup/Quanser_Academic_Resources/5_research/sdcs/qcar/hardware/ros1_python/src/vision_opencv/image_geometry) by extensions ['ros']
[2.651s] Level 1:colcon.colcon_core.package_identification:_identify(backup/Quanser_Academic_Resources/5_research/sdcs/qcar/hardware/ros1_python/src/vision_opencv/image_geometry) by extension 'ros'
[2.651s] DEBUG:colcon.colcon_core.package_identification:Package 'backup/Quanser_Academic_Resources/5_research/sdcs/qcar/hardware/ros1_python/src/vision_opencv/image_geometry' with type 'ros.catkin' and name 'image_geometry'
[2.651s] Level 1:colcon.colcon_core.package_identification:_identify(backup/Quanser_Academic_Resources/5_research/sdcs/qcar/hardware/ros1_python/src/vision_opencv/opencv_tests) by extensions ['ignore', 'ignore_ament_install']
[2.651s] Level 1:colcon.colcon_core.package_identification:_identify(backup/Quanser_Academic_Resources/5_research/sdcs/qcar/hardware/ros1_python/src/vision_opencv/opencv_tests) by extension 'ignore'
[2.651s] Level 1:colcon.colcon_core.package_identification:_identify(backup/Quanser_Academic_Resources/5_research/sdcs/qcar/hardware/ros1_python/src/vision_opencv/opencv_tests) by extension 'ignore_ament_install'
[2.652s] Level 1:colcon.colcon_core.package_identification:_identify(backup/Quanser_Academic_Resources/5_research/sdcs/qcar/hardware/ros1_python/src/vision_opencv/opencv_tests) by extensions ['colcon_pkg']
[2.652s] Level 1:colcon.colcon_core.package_identification:_identify(backup/Quanser_Academic_Resources/5_research/sdcs/qcar/hardware/ros1_python/src/vision_opencv/opencv_tests) by extension 'colcon_pkg'
[2.652s] Level 1:colcon.colcon_core.package_identification:_identify(backup/Quanser_Academic_Resources/5_research/sdcs/qcar/hardware/ros1_python/src/vision_opencv/opencv_tests) by extensions ['colcon_meta']
[2.652s] Level 1:colcon.colcon_core.package_identification:_identify(backup/Quanser_Academic_Resources/5_research/sdcs/qcar/hardware/ros1_python/src/vision_opencv/opencv_tests) by extension 'colcon_meta'
[2.652s] Level 1:colcon.colcon_core.package_identification:_identify(backup/Quanser_Academic_Resources/5_research/sdcs/qcar/hardware/ros1_python/src/vision_opencv/opencv_tests) by extensions ['ros']
[2.652s] Level 1:colcon.colcon_core.package_identification:_identify(backup/Quanser_Academic_Resources/5_research/sdcs/qcar/hardware/ros1_python/src/vision_opencv/opencv_tests) by extension 'ros'
[2.652s] DEBUG:colcon.colcon_core.package_identification:Package 'backup/Quanser_Academic_Resources/5_research/sdcs/qcar/hardware/ros1_python/src/vision_opencv/opencv_tests' with type 'ros.catkin' and name 'opencv_tests'
[2.652s] Level 1:colcon.colcon_core.package_identification:_identify(backup/Quanser_Academic_Resources/5_research/sdcs/qcar/hardware/ros1_python/src/vision_opencv/vision_opencv) by extensions ['ignore', 'ignore_ament_install']
[2.652s] Level 1:colcon.colcon_core.package_identification:_identify(backup/Quanser_Academic_Resources/5_research/sdcs/qcar/hardware/ros1_python/src/vision_opencv/vision_opencv) by extension 'ignore'
[2.652s] Level 1:colcon.colcon_core.package_identification:_identify(backup/Quanser_Academic_Resources/5_research/sdcs/qcar/hardware/ros1_python/src/vision_opencv/vision_opencv) by extension 'ignore_ament_install'
[2.652s] Level 1:colcon.colcon_core.package_identification:_identify(backup/Quanser_Academic_Resources/5_research/sdcs/qcar/hardware/ros1_python/src/vision_opencv/vision_opencv) by extensions ['colcon_pkg']
[2.652s] Level 1:colcon.colcon_core.package_identification:_identify(backup/Quanser_Academic_Resources/5_research/sdcs/qcar/hardware/ros1_python/src/vision_opencv/vision_opencv) by extension 'colcon_pkg'
[2.652s] Level 1:colcon.colcon_core.package_identification:_identify(backup/Quanser_Academic_Resources/5_research/sdcs/qcar/hardware/ros1_python/src/vision_opencv/vision_opencv) by extensions ['colcon_meta']
[2.652s] Level 1:colcon.colcon_core.package_identification:_identify(backup/Quanser_Academic_Resources/5_research/sdcs/qcar/hardware/ros1_python/src/vision_opencv/vision_opencv) by extension 'colcon_meta'
[2.653s] Level 1:colcon.colcon_core.package_identification:_identify(backup/Quanser_Academic_Resources/5_research/sdcs/qcar/hardware/ros1_python/src/vision_opencv/vision_opencv) by extensions ['ros']
[2.653s] Level 1:colcon.colcon_core.package_identification:_identify(backup/Quanser_Academic_Resources/5_research/sdcs/qcar/hardware/ros1_python/src/vision_opencv/vision_opencv) by extension 'ros'
[2.653s] DEBUG:colcon.colcon_core.package_identification:Package 'backup/Quanser_Academic_Resources/5_research/sdcs/qcar/hardware/ros1_python/src/vision_opencv/vision_opencv' with type 'ros.catkin' and name 'vision_opencv'
[2.653s] Level 1:colcon.colcon_core.package_identification:_identify(backup/Quanser_Academic_Resources/5_research/sdcs/qcar/hardware/ros2) by extensions ['ignore', 'ignore_ament_install']
[2.653s] Level 1:colcon.colcon_core.package_identification:_identify(backup/Quanser_Academic_Resources/5_research/sdcs/qcar/hardware/ros2) by extension 'ignore'
[2.653s] Level 1:colcon.colcon_core.package_identification:_identify(backup/Quanser_Academic_Resources/5_research/sdcs/qcar/hardware/ros2) by extension 'ignore_ament_install'
[2.653s] Level 1:colcon.colcon_core.package_identification:_identify(backup/Quanser_Academic_Resources/5_research/sdcs/qcar/hardware/ros2) by extensions ['colcon_pkg']
[2.653s] Level 1:colcon.colcon_core.package_identification:_identify(backup/Quanser_Academic_Resources/5_research/sdcs/qcar/hardware/ros2) by extension 'colcon_pkg'
[2.653s] Level 1:colcon.colcon_core.package_identification:_identify(backup/Quanser_Academic_Resources/5_research/sdcs/qcar/hardware/ros2) by extensions ['colcon_meta']
[2.653s] Level 1:colcon.colcon_core.package_identification:_identify(backup/Quanser_Academic_Resources/5_research/sdcs/qcar/hardware/ros2) by extension 'colcon_meta'
[2.653s] Level 1:colcon.colcon_core.package_identification:_identify(backup/Quanser_Academic_Resources/5_research/sdcs/qcar/hardware/ros2) by extensions ['ros']
[2.653s] Level 1:colcon.colcon_core.package_identification:_identify(backup/Quanser_Academic_Resources/5_research/sdcs/qcar/hardware/ros2) by extension 'ros'
[2.653s] Level 1:colcon.colcon_core.package_identification:_identify(backup/Quanser_Academic_Resources/5_research/sdcs/qcar/hardware/ros2) by extensions ['cmake', 'python']
[2.653s] Level 1:colcon.colcon_core.package_identification:_identify(backup/Quanser_Academic_Resources/5_research/sdcs/qcar/hardware/ros2) by extension 'cmake'
[2.654s] Level 1:colcon.colcon_core.package_identification:_identify(backup/Quanser_Academic_Resources/5_research/sdcs/qcar/hardware/ros2) by extension 'python'
[2.654s] Level 1:colcon.colcon_core.package_identification:_identify(backup/Quanser_Academic_Resources/5_research/sdcs/qcar/hardware/ros2) by extensions ['python_setup_py']
[2.654s] Level 1:colcon.colcon_core.package_identification:_identify(backup/Quanser_Academic_Resources/5_research/sdcs/qcar/hardware/ros2) by extension 'python_setup_py'
[2.654s] Level 1:colcon.colcon_core.package_identification:_identify(backup/Quanser_Academic_Resources/5_research/sdcs/qcar/hardware/ros2/src) by extensions ['ignore', 'ignore_ament_install']
[2.654s] Level 1:colcon.colcon_core.package_identification:_identify(backup/Quanser_Academic_Resources/5_research/sdcs/qcar/hardware/ros2/src) by extension 'ignore'
[2.654s] Level 1:colcon.colcon_core.package_identification:_identify(backup/Quanser_Academic_Resources/5_research/sdcs/qcar/hardware/ros2/src) by extension 'ignore_ament_install'
[2.654s] Level 1:colcon.colcon_core.package_identification:_identify(backup/Quanser_Academic_Resources/5_research/sdcs/qcar/hardware/ros2/src) by extensions ['colcon_pkg']
[2.654s] Level 1:colcon.colcon_core.package_identification:_identify(backup/Quanser_Academic_Resources/5_research/sdcs/qcar/hardware/ros2/src) by extension 'colcon_pkg'
[2.654s] Level 1:colcon.colcon_core.package_identification:_identify(backup/Quanser_Academic_Resources/5_research/sdcs/qcar/hardware/ros2/src) by extensions ['colcon_meta']
[2.654s] Level 1:colcon.colcon_core.package_identification:_identify(backup/Quanser_Academic_Resources/5_research/sdcs/qcar/hardware/ros2/src) by extension 'colcon_meta'
[2.654s] Level 1:colcon.colcon_core.package_identification:_identify(backup/Quanser_Academic_Resources/5_research/sdcs/qcar/hardware/ros2/src) by extensions ['ros']
[2.654s] Level 1:colcon.colcon_core.package_identification:_identify(backup/Quanser_Academic_Resources/5_research/sdcs/qcar/hardware/ros2/src) by extension 'ros'
[2.654s] Level 1:colcon.colcon_core.package_identification:_identify(backup/Quanser_Academic_Resources/5_research/sdcs/qcar/hardware/ros2/src) by extensions ['cmake', 'python']
[2.654s] Level 1:colcon.colcon_core.package_identification:_identify(backup/Quanser_Academic_Resources/5_research/sdcs/qcar/hardware/ros2/src) by extension 'cmake'
[2.654s] Level 1:colcon.colcon_core.package_identification:_identify(backup/Quanser_Academic_Resources/5_research/sdcs/qcar/hardware/ros2/src) by extension 'python'
[2.654s] Level 1:colcon.colcon_core.package_identification:_identify(backup/Quanser_Academic_Resources/5_research/sdcs/qcar/hardware/ros2/src) by extensions ['python_setup_py']
[2.654s] Level 1:colcon.colcon_core.package_identification:_identify(backup/Quanser_Academic_Resources/5_research/sdcs/qcar/hardware/ros2/src) by extension 'python_setup_py'
[2.654s] Level 1:colcon.colcon_core.package_identification:_identify(backup/Quanser_Academic_Resources/5_research/sdcs/qcar/hardware/ros2/src/qcar) by extensions ['ignore', 'ignore_ament_install']
[2.654s] Level 1:colcon.colcon_core.package_identification:_identify(backup/Quanser_Academic_Resources/5_research/sdcs/qcar/hardware/ros2/src/qcar) by extension 'ignore'
[2.654s] Level 1:colcon.colcon_core.package_identification:_identify(backup/Quanser_Academic_Resources/5_research/sdcs/qcar/hardware/ros2/src/qcar) by extension 'ignore_ament_install'
[2.654s] Level 1:colcon.colcon_core.package_identification:_identify(backup/Quanser_Academic_Resources/5_research/sdcs/qcar/hardware/ros2/src/qcar) by extensions ['colcon_pkg']
[2.654s] Level 1:colcon.colcon_core.package_identification:_identify(backup/Quanser_Academic_Resources/5_research/sdcs/qcar/hardware/ros2/src/qcar) by extension 'colcon_pkg'
[2.654s] Level 1:colcon.colcon_core.package_identification:_identify(backup/Quanser_Academic_Resources/5_research/sdcs/qcar/hardware/ros2/src/qcar) by extensions ['colcon_meta']
[2.654s] Level 1:colcon.colcon_core.package_identification:_identify(backup/Quanser_Academic_Resources/5_research/sdcs/qcar/hardware/ros2/src/qcar) by extension 'colcon_meta'
[2.654s] Level 1:colcon.colcon_core.package_identification:_identify(backup/Quanser_Academic_Resources/5_research/sdcs/qcar/hardware/ros2/src/qcar) by extensions ['ros']
[2.654s] Level 1:colcon.colcon_core.package_identification:_identify(backup/Quanser_Academic_Resources/5_research/sdcs/qcar/hardware/ros2/src/qcar) by extension 'ros'
[2.655s] DEBUG:colcon.colcon_core.package_identification:Package 'backup/Quanser_Academic_Resources/5_research/sdcs/qcar/hardware/ros2/src/qcar' with type 'ros.ament_python' and name 'qcar'
[2.655s] Level 1:colcon.colcon_core.package_identification:_identify(backup/Quanser_Academic_Resources/5_research/sdcs/qcar/virtual) by extensions ['ignore', 'ignore_ament_install']
[2.655s] Level 1:colcon.colcon_core.package_identification:_identify(backup/Quanser_Academic_Resources/5_research/sdcs/qcar/virtual) by extension 'ignore'
[2.655s] Level 1:colcon.colcon_core.package_identification:_identify(backup/Quanser_Academic_Resources/5_research/sdcs/qcar/virtual) by extension 'ignore_ament_install'
[2.655s] Level 1:colcon.colcon_core.package_identification:_identify(backup/Quanser_Academic_Resources/5_research/sdcs/qcar/virtual) by extensions ['colcon_pkg']
[2.655s] Level 1:colcon.colcon_core.package_identification:_identify(backup/Quanser_Academic_Resources/5_research/sdcs/qcar/virtual) by extension 'colcon_pkg'
[2.655s] Level 1:colcon.colcon_core.package_identification:_identify(backup/Quanser_Academic_Resources/5_research/sdcs/qcar/virtual) by extensions ['colcon_meta']
[2.655s] Level 1:colcon.colcon_core.package_identification:_identify(backup/Quanser_Academic_Resources/5_research/sdcs/qcar/virtual) by extension 'colcon_meta'
[2.655s] Level 1:colcon.colcon_core.package_identification:_identify(backup/Quanser_Academic_Resources/5_research/sdcs/qcar/virtual) by extensions ['ros']
[2.655s] Level 1:colcon.colcon_core.package_identification:_identify(backup/Quanser_Academic_Resources/5_research/sdcs/qcar/virtual) by extension 'ros'
[2.655s] Level 1:colcon.colcon_core.package_identification:_identify(backup/Quanser_Academic_Resources/5_research/sdcs/qcar/virtual) by extensions ['cmake', 'python']
[2.655s] Level 1:colcon.colcon_core.package_identification:_identify(backup/Quanser_Academic_Resources/5_research/sdcs/qcar/virtual) by extension 'cmake'
[2.655s] Level 1:colcon.colcon_core.package_identification:_identify(backup/Quanser_Academic_Resources/5_research/sdcs/qcar/virtual) by extension 'python'
[2.656s] Level 1:colcon.colcon_core.package_identification:_identify(backup/Quanser_Academic_Resources/5_research/sdcs/qcar/virtual) by extensions ['python_setup_py']
[2.656s] Level 1:colcon.colcon_core.package_identification:_identify(backup/Quanser_Academic_Resources/5_research/sdcs/qcar/virtual) by extension 'python_setup_py'
[2.656s] Level 1:colcon.colcon_core.package_identification:_identify(backup/Quanser_Academic_Resources/5_research/sdcs/qcar/virtual/applications) by extensions ['ignore', 'ignore_ament_install']
[2.656s] Level 1:colcon.colcon_core.package_identification:_identify(backup/Quanser_Academic_Resources/5_research/sdcs/qcar/virtual/applications) by extension 'ignore'
[2.656s] Level 1:colcon.colcon_core.package_identification:_identify(backup/Quanser_Academic_Resources/5_research/sdcs/qcar/virtual/applications) by extension 'ignore_ament_install'
[2.656s] Level 1:colcon.colcon_core.package_identification:_identify(backup/Quanser_Academic_Resources/5_research/sdcs/qcar/virtual/applications) by extensions ['colcon_pkg']
[2.656s] Level 1:colcon.colcon_core.package_identification:_identify(backup/Quanser_Academic_Resources/5_research/sdcs/qcar/virtual/applications) by extension 'colcon_pkg'
[2.656s] Level 1:colcon.colcon_core.package_identification:_identify(backup/Quanser_Academic_Resources/5_research/sdcs/qcar/virtual/applications) by extensions ['colcon_meta']
[2.656s] Level 1:colcon.colcon_core.package_identification:_identify(backup/Quanser_Academic_Resources/5_research/sdcs/qcar/virtual/applications) by extension 'colcon_meta'
[2.656s] Level 1:colcon.colcon_core.package_identification:_identify(backup/Quanser_Academic_Resources/5_research/sdcs/qcar/virtual/applications) by extensions ['ros']
[2.656s] Level 1:colcon.colcon_core.package_identification:_identify(backup/Quanser_Academic_Resources/5_research/sdcs/qcar/virtual/applications) by extension 'ros'
[2.656s] Level 1:colcon.colcon_core.package_identification:_identify(backup/Quanser_Academic_Resources/5_research/sdcs/qcar/virtual/applications) by extensions ['cmake', 'python']
[2.656s] Level 1:colcon.colcon_core.package_identification:_identify(backup/Quanser_Academic_Resources/5_research/sdcs/qcar/virtual/applications) by extension 'cmake'
[2.656s] Level 1:colcon.colcon_core.package_identification:_identify(backup/Quanser_Academic_Resources/5_research/sdcs/qcar/virtual/applications) by extension 'python'
[2.656s] Level 1:colcon.colcon_core.package_identification:_identify(backup/Quanser_Academic_Resources/5_research/sdcs/qcar/virtual/applications) by extensions ['python_setup_py']
[2.656s] Level 1:colcon.colcon_core.package_identification:_identify(backup/Quanser_Academic_Resources/5_research/sdcs/qcar/virtual/applications) by extension 'python_setup_py'
[2.656s] Level 1:colcon.colcon_core.package_identification:_identify(backup/Quanser_Academic_Resources/5_research/sdcs/qcar/virtual/applications/360_vision) by extensions ['ignore', 'ignore_ament_install']
[2.656s] Level 1:colcon.colcon_core.package_identification:_identify(backup/Quanser_Academic_Resources/5_research/sdcs/qcar/virtual/applications/360_vision) by extension 'ignore'
[2.656s] Level 1:colcon.colcon_core.package_identification:_identify(backup/Quanser_Academic_Resources/5_research/sdcs/qcar/virtual/applications/360_vision) by extension 'ignore_ament_install'
[2.656s] Level 1:colcon.colcon_core.package_identification:_identify(backup/Quanser_Academic_Resources/5_research/sdcs/qcar/virtual/applications/360_vision) by extensions ['colcon_pkg']
[2.656s] Level 1:colcon.colcon_core.package_identification:_identify(backup/Quanser_Academic_Resources/5_research/sdcs/qcar/virtual/applications/360_vision) by extension 'colcon_pkg'
[2.656s] Level 1:colcon.colcon_core.package_identification:_identify(backup/Quanser_Academic_Resources/5_research/sdcs/qcar/virtual/applications/360_vision) by extensions ['colcon_meta']
[2.656s] Level 1:colcon.colcon_core.package_identification:_identify(backup/Quanser_Academic_Resources/5_research/sdcs/qcar/virtual/applications/360_vision) by extension 'colcon_meta'
[2.656s] Level 1:colcon.colcon_core.package_identification:_identify(backup/Quanser_Academic_Resources/5_research/sdcs/qcar/virtual/applications/360_vision) by extensions ['ros']
[2.656s] Level 1:colcon.colcon_core.package_identification:_identify(backup/Quanser_Academic_Resources/5_research/sdcs/qcar/virtual/applications/360_vision) by extension 'ros'
[2.656s] Level 1:colcon.colcon_core.package_identification:_identify(backup/Quanser_Academic_Resources/5_research/sdcs/qcar/virtual/applications/360_vision) by extensions ['cmake', 'python']
[2.656s] Level 1:colcon.colcon_core.package_identification:_identify(backup/Quanser_Academic_Resources/5_research/sdcs/qcar/virtual/applications/360_vision) by extension 'cmake'
[2.657s] Level 1:colcon.colcon_core.package_identification:_identify(backup/Quanser_Academic_Resources/5_research/sdcs/qcar/virtual/applications/360_vision) by extension 'python'
[2.657s] Level 1:colcon.colcon_core.package_identification:_identify(backup/Quanser_Academic_Resources/5_research/sdcs/qcar/virtual/applications/360_vision) by extensions ['python_setup_py']
[2.657s] Level 1:colcon.colcon_core.package_identification:_identify(backup/Quanser_Academic_Resources/5_research/sdcs/qcar/virtual/applications/360_vision) by extension 'python_setup_py'
[2.657s] Level 1:colcon.colcon_core.package_identification:_identify(backup/Quanser_Academic_Resources/5_research/sdcs/qcar/virtual/applications/lane_following) by extensions ['ignore', 'ignore_ament_install']
[2.657s] Level 1:colcon.colcon_core.package_identification:_identify(backup/Quanser_Academic_Resources/5_research/sdcs/qcar/virtual/applications/lane_following) by extension 'ignore'
[2.657s] Level 1:colcon.colcon_core.package_identification:_identify(backup/Quanser_Academic_Resources/5_research/sdcs/qcar/virtual/applications/lane_following) by extension 'ignore_ament_install'
[2.657s] Level 1:colcon.colcon_core.package_identification:_identify(backup/Quanser_Academic_Resources/5_research/sdcs/qcar/virtual/applications/lane_following) by extensions ['colcon_pkg']
[2.657s] Level 1:colcon.colcon_core.package_identification:_identify(backup/Quanser_Academic_Resources/5_research/sdcs/qcar/virtual/applications/lane_following) by extension 'colcon_pkg'
[2.657s] Level 1:colcon.colcon_core.package_identification:_identify(backup/Quanser_Academic_Resources/5_research/sdcs/qcar/virtual/applications/lane_following) by extensions ['colcon_meta']
[2.657s] Level 1:colcon.colcon_core.package_identification:_identify(backup/Quanser_Academic_Resources/5_research/sdcs/qcar/virtual/applications/lane_following) by extension 'colcon_meta'
[2.657s] Level 1:colcon.colcon_core.package_identification:_identify(backup/Quanser_Academic_Resources/5_research/sdcs/qcar/virtual/applications/lane_following) by extensions ['ros']
[2.657s] Level 1:colcon.colcon_core.package_identification:_identify(backup/Quanser_Academic_Resources/5_research/sdcs/qcar/virtual/applications/lane_following) by extension 'ros'
[2.657s] Level 1:colcon.colcon_core.package_identification:_identify(backup/Quanser_Academic_Resources/5_research/sdcs/qcar/virtual/applications/lane_following) by extensions ['cmake', 'python']
[2.657s] Level 1:colcon.colcon_core.package_identification:_identify(backup/Quanser_Academic_Resources/5_research/sdcs/qcar/virtual/applications/lane_following) by extension 'cmake'
[2.657s] Level 1:colcon.colcon_core.package_identification:_identify(backup/Quanser_Academic_Resources/5_research/sdcs/qcar/virtual/applications/lane_following) by extension 'python'
[2.657s] Level 1:colcon.colcon_core.package_identification:_identify(backup/Quanser_Academic_Resources/5_research/sdcs/qcar/virtual/applications/lane_following) by extensions ['python_setup_py']
[2.657s] Level 1:colcon.colcon_core.package_identification:_identify(backup/Quanser_Academic_Resources/5_research/sdcs/qcar/virtual/applications/lane_following) by extension 'python_setup_py'
[2.657s] Level 1:colcon.colcon_core.package_identification:_identify(backup/Quanser_Academic_Resources/5_research/sdcs/qcar/virtual/applications/manual_drive) by extensions ['ignore', 'ignore_ament_install']
[2.657s] Level 1:colcon.colcon_core.package_identification:_identify(backup/Quanser_Academic_Resources/5_research/sdcs/qcar/virtual/applications/manual_drive) by extension 'ignore'
[2.657s] Level 1:colcon.colcon_core.package_identification:_identify(backup/Quanser_Academic_Resources/5_research/sdcs/qcar/virtual/applications/manual_drive) by extension 'ignore_ament_install'
[2.657s] Level 1:colcon.colcon_core.package_identification:_identify(backup/Quanser_Academic_Resources/5_research/sdcs/qcar/virtual/applications/manual_drive) by extensions ['colcon_pkg']
[2.657s] Level 1:colcon.colcon_core.package_identification:_identify(backup/Quanser_Academic_Resources/5_research/sdcs/qcar/virtual/applications/manual_drive) by extension 'colcon_pkg'
[2.657s] Level 1:colcon.colcon_core.package_identification:_identify(backup/Quanser_Academic_Resources/5_research/sdcs/qcar/virtual/applications/manual_drive) by extensions ['colcon_meta']
[2.657s] Level 1:colcon.colcon_core.package_identification:_identify(backup/Quanser_Academic_Resources/5_research/sdcs/qcar/virtual/applications/manual_drive) by extension 'colcon_meta'
[2.657s] Level 1:colcon.colcon_core.package_identification:_identify(backup/Quanser_Academic_Resources/5_research/sdcs/qcar/virtual/applications/manual_drive) by extensions ['ros']
[2.657s] Level 1:colcon.colcon_core.package_identification:_identify(backup/Quanser_Academic_Resources/5_research/sdcs/qcar/virtual/applications/manual_drive) by extension 'ros'
[2.658s] Level 1:colcon.colcon_core.package_identification:_identify(backup/Quanser_Academic_Resources/5_research/sdcs/qcar/virtual/applications/manual_drive) by extensions ['cmake', 'python']
[2.658s] Level 1:colcon.colcon_core.package_identification:_identify(backup/Quanser_Academic_Resources/5_research/sdcs/qcar/virtual/applications/manual_drive) by extension 'cmake'
[2.658s] Level 1:colcon.colcon_core.package_identification:_identify(backup/Quanser_Academic_Resources/5_research/sdcs/qcar/virtual/applications/manual_drive) by extension 'python'
[2.658s] Level 1:colcon.colcon_core.package_identification:_identify(backup/Quanser_Academic_Resources/5_research/sdcs/qcar/virtual/applications/manual_drive) by extensions ['python_setup_py']
[2.658s] Level 1:colcon.colcon_core.package_identification:_identify(backup/Quanser_Academic_Resources/5_research/sdcs/qcar/virtual/applications/manual_drive) by extension 'python_setup_py'
[2.658s] Level 1:colcon.colcon_core.package_identification:_identify(backup/Quanser_Academic_Resources/5_research/sdcs/qcar/virtual/applications/point_cloud_generation) by extensions ['ignore', 'ignore_ament_install']
[2.658s] Level 1:colcon.colcon_core.package_identification:_identify(backup/Quanser_Academic_Resources/5_research/sdcs/qcar/virtual/applications/point_cloud_generation) by extension 'ignore'
[2.658s] Level 1:colcon.colcon_core.package_identification:_identify(backup/Quanser_Academic_Resources/5_research/sdcs/qcar/virtual/applications/point_cloud_generation) by extension 'ignore_ament_install'
[2.658s] Level 1:colcon.colcon_core.package_identification:_identify(backup/Quanser_Academic_Resources/5_research/sdcs/qcar/virtual/applications/point_cloud_generation) by extensions ['colcon_pkg']
[2.658s] Level 1:colcon.colcon_core.package_identification:_identify(backup/Quanser_Academic_Resources/5_research/sdcs/qcar/virtual/applications/point_cloud_generation) by extension 'colcon_pkg'
[2.658s] Level 1:colcon.colcon_core.package_identification:_identify(backup/Quanser_Academic_Resources/5_research/sdcs/qcar/virtual/applications/point_cloud_generation) by extensions ['colcon_meta']
[2.658s] Level 1:colcon.colcon_core.package_identification:_identify(backup/Quanser_Academic_Resources/5_research/sdcs/qcar/virtual/applications/point_cloud_generation) by extension 'colcon_meta'
[2.658s] Level 1:colcon.colcon_core.package_identification:_identify(backup/Quanser_Academic_Resources/5_research/sdcs/qcar/virtual/applications/point_cloud_generation) by extensions ['ros']
[2.658s] Level 1:colcon.colcon_core.package_identification:_identify(backup/Quanser_Academic_Resources/5_research/sdcs/qcar/virtual/applications/point_cloud_generation) by extension 'ros'
[2.658s] Level 1:colcon.colcon_core.package_identification:_identify(backup/Quanser_Academic_Resources/5_research/sdcs/qcar/virtual/applications/point_cloud_generation) by extensions ['cmake', 'python']
[2.658s] Level 1:colcon.colcon_core.package_identification:_identify(backup/Quanser_Academic_Resources/5_research/sdcs/qcar/virtual/applications/point_cloud_generation) by extension 'cmake'
[2.658s] Level 1:colcon.colcon_core.package_identification:_identify(backup/Quanser_Academic_Resources/5_research/sdcs/qcar/virtual/applications/point_cloud_generation) by extension 'python'
[2.658s] Level 1:colcon.colcon_core.package_identification:_identify(backup/Quanser_Academic_Resources/5_research/sdcs/qcar/virtual/applications/point_cloud_generation) by extensions ['python_setup_py']
[2.658s] Level 1:colcon.colcon_core.package_identification:_identify(backup/Quanser_Academic_Resources/5_research/sdcs/qcar/virtual/applications/point_cloud_generation) by extension 'python_setup_py'
[2.658s] Level 1:colcon.colcon_core.package_identification:_identify(backup/Quanser_Academic_Resources/5_research/sdcs/qcar/virtual/applications/rgbd_imaging) by extensions ['ignore', 'ignore_ament_install']
[2.658s] Level 1:colcon.colcon_core.package_identification:_identify(backup/Quanser_Academic_Resources/5_research/sdcs/qcar/virtual/applications/rgbd_imaging) by extension 'ignore'
[2.658s] Level 1:colcon.colcon_core.package_identification:_identify(backup/Quanser_Academic_Resources/5_research/sdcs/qcar/virtual/applications/rgbd_imaging) by extension 'ignore_ament_install'
[2.658s] Level 1:colcon.colcon_core.package_identification:_identify(backup/Quanser_Academic_Resources/5_research/sdcs/qcar/virtual/applications/rgbd_imaging) by extensions ['colcon_pkg']
[2.658s] Level 1:colcon.colcon_core.package_identification:_identify(backup/Quanser_Academic_Resources/5_research/sdcs/qcar/virtual/applications/rgbd_imaging) by extension 'colcon_pkg'
[2.658s] Level 1:colcon.colcon_core.package_identification:_identify(backup/Quanser_Academic_Resources/5_research/sdcs/qcar/virtual/applications/rgbd_imaging) by extensions ['colcon_meta']
[2.658s] Level 1:colcon.colcon_core.package_identification:_identify(backup/Quanser_Academic_Resources/5_research/sdcs/qcar/virtual/applications/rgbd_imaging) by extension 'colcon_meta'
[2.658s] Level 1:colcon.colcon_core.package_identification:_identify(backup/Quanser_Academic_Resources/5_research/sdcs/qcar/virtual/applications/rgbd_imaging) by extensions ['ros']
[2.659s] Level 1:colcon.colcon_core.package_identification:_identify(backup/Quanser_Academic_Resources/5_research/sdcs/qcar/virtual/applications/rgbd_imaging) by extension 'ros'
[2.659s] Level 1:colcon.colcon_core.package_identification:_identify(backup/Quanser_Academic_Resources/5_research/sdcs/qcar/virtual/applications/rgbd_imaging) by extensions ['cmake', 'python']
[2.659s] Level 1:colcon.colcon_core.package_identification:_identify(backup/Quanser_Academic_Resources/5_research/sdcs/qcar/virtual/applications/rgbd_imaging) by extension 'cmake'
[2.659s] Level 1:colcon.colcon_core.package_identification:_identify(backup/Quanser_Academic_Resources/5_research/sdcs/qcar/virtual/applications/rgbd_imaging) by extension 'python'
[2.659s] Level 1:colcon.colcon_core.package_identification:_identify(backup/Quanser_Academic_Resources/5_research/sdcs/qcar/virtual/applications/rgbd_imaging) by extensions ['python_setup_py']
[2.659s] Level 1:colcon.colcon_core.package_identification:_identify(backup/Quanser_Academic_Resources/5_research/sdcs/qcar/virtual/applications/rgbd_imaging) by extension 'python_setup_py'
[2.659s] Level 1:colcon.colcon_core.package_identification:_identify(backup/Quanser_Academic_Resources/5_research/sdcs/qcar/virtual/hardware_tests) by extensions ['ignore', 'ignore_ament_install']
[2.659s] Level 1:colcon.colcon_core.package_identification:_identify(backup/Quanser_Academic_Resources/5_research/sdcs/qcar/virtual/hardware_tests) by extension 'ignore'
[2.659s] Level 1:colcon.colcon_core.package_identification:_identify(backup/Quanser_Academic_Resources/5_research/sdcs/qcar/virtual/hardware_tests) by extension 'ignore_ament_install'
[2.659s] Level 1:colcon.colcon_core.package_identification:_identify(backup/Quanser_Academic_Resources/5_research/sdcs/qcar/virtual/hardware_tests) by extensions ['colcon_pkg']
[2.659s] Level 1:colcon.colcon_core.package_identification:_identify(backup/Quanser_Academic_Resources/5_research/sdcs/qcar/virtual/hardware_tests) by extension 'colcon_pkg'
[2.659s] Level 1:colcon.colcon_core.package_identification:_identify(backup/Quanser_Academic_Resources/5_research/sdcs/qcar/virtual/hardware_tests) by extensions ['colcon_meta']
[2.659s] Level 1:colcon.colcon_core.package_identification:_identify(backup/Quanser_Academic_Resources/5_research/sdcs/qcar/virtual/hardware_tests) by extension 'colcon_meta'
[2.659s] Level 1:colcon.colcon_core.package_identification:_identify(backup/Quanser_Academic_Resources/5_research/sdcs/qcar/virtual/hardware_tests) by extensions ['ros']
[2.659s] Level 1:colcon.colcon_core.package_identification:_identify(backup/Quanser_Academic_Resources/5_research/sdcs/qcar/virtual/hardware_tests) by extension 'ros'
[2.659s] Level 1:colcon.colcon_core.package_identification:_identify(backup/Quanser_Academic_Resources/5_research/sdcs/qcar/virtual/hardware_tests) by extensions ['cmake', 'python']
[2.659s] Level 1:colcon.colcon_core.package_identification:_identify(backup/Quanser_Academic_Resources/5_research/sdcs/qcar/virtual/hardware_tests) by extension 'cmake'
[2.659s] Level 1:colcon.colcon_core.package_identification:_identify(backup/Quanser_Academic_Resources/5_research/sdcs/qcar/virtual/hardware_tests) by extension 'python'
[2.659s] Level 1:colcon.colcon_core.package_identification:_identify(backup/Quanser_Academic_Resources/5_research/sdcs/qcar/virtual/hardware_tests) by extensions ['python_setup_py']
[2.659s] Level 1:colcon.colcon_core.package_identification:_identify(backup/Quanser_Academic_Resources/5_research/sdcs/qcar/virtual/hardware_tests) by extension 'python_setup_py'
[2.659s] Level 1:colcon.colcon_core.package_identification:_identify(backup/Quanser_Academic_Resources/5_research/sdcs/qcar2) by extensions ['ignore', 'ignore_ament_install']
[2.659s] Level 1:colcon.colcon_core.package_identification:_identify(backup/Quanser_Academic_Resources/5_research/sdcs/qcar2) by extension 'ignore'
[2.659s] Level 1:colcon.colcon_core.package_identification:_identify(backup/Quanser_Academic_Resources/5_research/sdcs/qcar2) by extension 'ignore_ament_install'
[2.659s] Level 1:colcon.colcon_core.package_identification:_identify(backup/Quanser_Academic_Resources/5_research/sdcs/qcar2) by extensions ['colcon_pkg']
[2.659s] Level 1:colcon.colcon_core.package_identification:_identify(backup/Quanser_Academic_Resources/5_research/sdcs/qcar2) by extension 'colcon_pkg'
[2.659s] Level 1:colcon.colcon_core.package_identification:_identify(backup/Quanser_Academic_Resources/5_research/sdcs/qcar2) by extensions ['colcon_meta']
[2.659s] Level 1:colcon.colcon_core.package_identification:_identify(backup/Quanser_Academic_Resources/5_research/sdcs/qcar2) by extension 'colcon_meta'
[2.659s] Level 1:colcon.colcon_core.package_identification:_identify(backup/Quanser_Academic_Resources/5_research/sdcs/qcar2) by extensions ['ros']
[2.659s] Level 1:colcon.colcon_core.package_identification:_identify(backup/Quanser_Academic_Resources/5_research/sdcs/qcar2) by extension 'ros'
[2.660s] Level 1:colcon.colcon_core.package_identification:_identify(backup/Quanser_Academic_Resources/5_research/sdcs/qcar2) by extensions ['cmake', 'python']
[2.660s] Level 1:colcon.colcon_core.package_identification:_identify(backup/Quanser_Academic_Resources/5_research/sdcs/qcar2) by extension 'cmake'
[2.660s] Level 1:colcon.colcon_core.package_identification:_identify(backup/Quanser_Academic_Resources/5_research/sdcs/qcar2) by extension 'python'
[2.660s] Level 1:colcon.colcon_core.package_identification:_identify(backup/Quanser_Academic_Resources/5_research/sdcs/qcar2) by extensions ['python_setup_py']
[2.660s] Level 1:colcon.colcon_core.package_identification:_identify(backup/Quanser_Academic_Resources/5_research/sdcs/qcar2) by extension 'python_setup_py'
[2.660s] Level 1:colcon.colcon_core.package_identification:_identify(backup/Quanser_Academic_Resources/5_research/sdcs/qcar2/hardware) by extensions ['ignore', 'ignore_ament_install']
[2.660s] Level 1:colcon.colcon_core.package_identification:_identify(backup/Quanser_Academic_Resources/5_research/sdcs/qcar2/hardware) by extension 'ignore'
[2.660s] Level 1:colcon.colcon_core.package_identification:_identify(backup/Quanser_Academic_Resources/5_research/sdcs/qcar2/hardware) by extension 'ignore_ament_install'
[2.660s] Level 1:colcon.colcon_core.package_identification:_identify(backup/Quanser_Academic_Resources/5_research/sdcs/qcar2/hardware) by extensions ['colcon_pkg']
[2.660s] Level 1:colcon.colcon_core.package_identification:_identify(backup/Quanser_Academic_Resources/5_research/sdcs/qcar2/hardware) by extension 'colcon_pkg'
[2.660s] Level 1:colcon.colcon_core.package_identification:_identify(backup/Quanser_Academic_Resources/5_research/sdcs/qcar2/hardware) by extensions ['colcon_meta']
[2.660s] Level 1:colcon.colcon_core.package_identification:_identify(backup/Quanser_Academic_Resources/5_research/sdcs/qcar2/hardware) by extension 'colcon_meta'
[2.660s] Level 1:colcon.colcon_core.package_identification:_identify(backup/Quanser_Academic_Resources/5_research/sdcs/qcar2/hardware) by extensions ['ros']
[2.660s] Level 1:colcon.colcon_core.package_identification:_identify(backup/Quanser_Academic_Resources/5_research/sdcs/qcar2/hardware) by extension 'ros'
[2.660s] Level 1:colcon.colcon_core.package_identification:_identify(backup/Quanser_Academic_Resources/5_research/sdcs/qcar2/hardware) by extensions ['cmake', 'python']
[2.660s] Level 1:colcon.colcon_core.package_identification:_identify(backup/Quanser_Academic_Resources/5_research/sdcs/qcar2/hardware) by extension 'cmake'
[2.660s] Level 1:colcon.colcon_core.package_identification:_identify(backup/Quanser_Academic_Resources/5_research/sdcs/qcar2/hardware) by extension 'python'
[2.660s] Level 1:colcon.colcon_core.package_identification:_identify(backup/Quanser_Academic_Resources/5_research/sdcs/qcar2/hardware) by extensions ['python_setup_py']
[2.660s] Level 1:colcon.colcon_core.package_identification:_identify(backup/Quanser_Academic_Resources/5_research/sdcs/qcar2/hardware) by extension 'python_setup_py'
[2.660s] Level 1:colcon.colcon_core.package_identification:_identify(backup/Quanser_Academic_Resources/5_research/sdcs/qcar2/hardware/applications) by extensions ['ignore', 'ignore_ament_install']
[2.660s] Level 1:colcon.colcon_core.package_identification:_identify(backup/Quanser_Academic_Resources/5_research/sdcs/qcar2/hardware/applications) by extension 'ignore'
[2.660s] Level 1:colcon.colcon_core.package_identification:_identify(backup/Quanser_Academic_Resources/5_research/sdcs/qcar2/hardware/applications) by extension 'ignore_ament_install'
[2.660s] Level 1:colcon.colcon_core.package_identification:_identify(backup/Quanser_Academic_Resources/5_research/sdcs/qcar2/hardware/applications) by extensions ['colcon_pkg']
[2.660s] Level 1:colcon.colcon_core.package_identification:_identify(backup/Quanser_Academic_Resources/5_research/sdcs/qcar2/hardware/applications) by extension 'colcon_pkg'
[2.660s] Level 1:colcon.colcon_core.package_identification:_identify(backup/Quanser_Academic_Resources/5_research/sdcs/qcar2/hardware/applications) by extensions ['colcon_meta']
[2.660s] Level 1:colcon.colcon_core.package_identification:_identify(backup/Quanser_Academic_Resources/5_research/sdcs/qcar2/hardware/applications) by extension 'colcon_meta'
[2.660s] Level 1:colcon.colcon_core.package_identification:_identify(backup/Quanser_Academic_Resources/5_research/sdcs/qcar2/hardware/applications) by extensions ['ros']
[2.661s] Level 1:colcon.colcon_core.package_identification:_identify(backup/Quanser_Academic_Resources/5_research/sdcs/qcar2/hardware/applications) by extension 'ros'
[2.661s] Level 1:colcon.colcon_core.package_identification:_identify(backup/Quanser_Academic_Resources/5_research/sdcs/qcar2/hardware/applications) by extensions ['cmake', 'python']
[2.661s] Level 1:colcon.colcon_core.package_identification:_identify(backup/Quanser_Academic_Resources/5_research/sdcs/qcar2/hardware/applications) by extension 'cmake'
[2.661s] Level 1:colcon.colcon_core.package_identification:_identify(backup/Quanser_Academic_Resources/5_research/sdcs/qcar2/hardware/applications) by extension 'python'
[2.661s] Level 1:colcon.colcon_core.package_identification:_identify(backup/Quanser_Academic_Resources/5_research/sdcs/qcar2/hardware/applications) by extensions ['python_setup_py']
[2.661s] Level 1:colcon.colcon_core.package_identification:_identify(backup/Quanser_Academic_Resources/5_research/sdcs/qcar2/hardware/applications) by extension 'python_setup_py'
[2.661s] Level 1:colcon.colcon_core.package_identification:_identify(backup/Quanser_Academic_Resources/5_research/sdcs/qcar2/hardware/applications/360_vision) by extensions ['ignore', 'ignore_ament_install']
[2.661s] Level 1:colcon.colcon_core.package_identification:_identify(backup/Quanser_Academic_Resources/5_research/sdcs/qcar2/hardware/applications/360_vision) by extension 'ignore'
[2.661s] Level 1:colcon.colcon_core.package_identification:_identify(backup/Quanser_Academic_Resources/5_research/sdcs/qcar2/hardware/applications/360_vision) by extension 'ignore_ament_install'
[2.661s] Level 1:colcon.colcon_core.package_identification:_identify(backup/Quanser_Academic_Resources/5_research/sdcs/qcar2/hardware/applications/360_vision) by extensions ['colcon_pkg']
[2.661s] Level 1:colcon.colcon_core.package_identification:_identify(backup/Quanser_Academic_Resources/5_research/sdcs/qcar2/hardware/applications/360_vision) by extension 'colcon_pkg'
[2.661s] Level 1:colcon.colcon_core.package_identification:_identify(backup/Quanser_Academic_Resources/5_research/sdcs/qcar2/hardware/applications/360_vision) by extensions ['colcon_meta']
[2.661s] Level 1:colcon.colcon_core.package_identification:_identify(backup/Quanser_Academic_Resources/5_research/sdcs/qcar2/hardware/applications/360_vision) by extension 'colcon_meta'
[2.661s] Level 1:colcon.colcon_core.package_identification:_identify(backup/Quanser_Academic_Resources/5_research/sdcs/qcar2/hardware/applications/360_vision) by extensions ['ros']
[2.661s] Level 1:colcon.colcon_core.package_identification:_identify(backup/Quanser_Academic_Resources/5_research/sdcs/qcar2/hardware/applications/360_vision) by extension 'ros'
[2.661s] Level 1:colcon.colcon_core.package_identification:_identify(backup/Quanser_Academic_Resources/5_research/sdcs/qcar2/hardware/applications/360_vision) by extensions ['cmake', 'python']
[2.661s] Level 1:colcon.colcon_core.package_identification:_identify(backup/Quanser_Academic_Resources/5_research/sdcs/qcar2/hardware/applications/360_vision) by extension 'cmake'
[2.661s] Level 1:colcon.colcon_core.package_identification:_identify(backup/Quanser_Academic_Resources/5_research/sdcs/qcar2/hardware/applications/360_vision) by extension 'python'
[2.661s] Level 1:colcon.colcon_core.package_identification:_identify(backup/Quanser_Academic_Resources/5_research/sdcs/qcar2/hardware/applications/360_vision) by extensions ['python_setup_py']
[2.661s] Level 1:colcon.colcon_core.package_identification:_identify(backup/Quanser_Academic_Resources/5_research/sdcs/qcar2/hardware/applications/360_vision) by extension 'python_setup_py'
[2.661s] Level 1:colcon.colcon_core.package_identification:_identify(backup/Quanser_Academic_Resources/5_research/sdcs/qcar2/hardware/applications/lane_following) by extensions ['ignore', 'ignore_ament_install']
[2.661s] Level 1:colcon.colcon_core.package_identification:_identify(backup/Quanser_Academic_Resources/5_research/sdcs/qcar2/hardware/applications/lane_following) by extension 'ignore'
[2.661s] Level 1:colcon.colcon_core.package_identification:_identify(backup/Quanser_Academic_Resources/5_research/sdcs/qcar2/hardware/applications/lane_following) by extension 'ignore_ament_install'
[2.661s] Level 1:colcon.colcon_core.package_identification:_identify(backup/Quanser_Academic_Resources/5_research/sdcs/qcar2/hardware/applications/lane_following) by extensions ['colcon_pkg']
[2.661s] Level 1:colcon.colcon_core.package_identification:_identify(backup/Quanser_Academic_Resources/5_research/sdcs/qcar2/hardware/applications/lane_following) by extension 'colcon_pkg'
[2.661s] Level 1:colcon.colcon_core.package_identification:_identify(backup/Quanser_Academic_Resources/5_research/sdcs/qcar2/hardware/applications/lane_following) by extensions ['colcon_meta']
[2.661s] Level 1:colcon.colcon_core.package_identification:_identify(backup/Quanser_Academic_Resources/5_research/sdcs/qcar2/hardware/applications/lane_following) by extension 'colcon_meta'
[2.661s] Level 1:colcon.colcon_core.package_identification:_identify(backup/Quanser_Academic_Resources/5_research/sdcs/qcar2/hardware/applications/lane_following) by extensions ['ros']
[2.662s] Level 1:colcon.colcon_core.package_identification:_identify(backup/Quanser_Academic_Resources/5_research/sdcs/qcar2/hardware/applications/lane_following) by extension 'ros'
[2.662s] Level 1:colcon.colcon_core.package_identification:_identify(backup/Quanser_Academic_Resources/5_research/sdcs/qcar2/hardware/applications/lane_following) by extensions ['cmake', 'python']
[2.662s] Level 1:colcon.colcon_core.package_identification:_identify(backup/Quanser_Academic_Resources/5_research/sdcs/qcar2/hardware/applications/lane_following) by extension 'cmake'
[2.662s] Level 1:colcon.colcon_core.package_identification:_identify(backup/Quanser_Academic_Resources/5_research/sdcs/qcar2/hardware/applications/lane_following) by extension 'python'
[2.662s] Level 1:colcon.colcon_core.package_identification:_identify(backup/Quanser_Academic_Resources/5_research/sdcs/qcar2/hardware/applications/lane_following) by extensions ['python_setup_py']
[2.662s] Level 1:colcon.colcon_core.package_identification:_identify(backup/Quanser_Academic_Resources/5_research/sdcs/qcar2/hardware/applications/lane_following) by extension 'python_setup_py'
[2.662s] Level 1:colcon.colcon_core.package_identification:_identify(backup/Quanser_Academic_Resources/5_research/sdcs/qcar2/hardware/applications/lanenet) by extensions ['ignore', 'ignore_ament_install']
[2.662s] Level 1:colcon.colcon_core.package_identification:_identify(backup/Quanser_Academic_Resources/5_research/sdcs/qcar2/hardware/applications/lanenet) by extension 'ignore'
[2.662s] Level 1:colcon.colcon_core.package_identification:_identify(backup/Quanser_Academic_Resources/5_research/sdcs/qcar2/hardware/applications/lanenet) by extension 'ignore_ament_install'
[2.662s] Level 1:colcon.colcon_core.package_identification:_identify(backup/Quanser_Academic_Resources/5_research/sdcs/qcar2/hardware/applications/lanenet) by extensions ['colcon_pkg']
[2.662s] Level 1:colcon.colcon_core.package_identification:_identify(backup/Quanser_Academic_Resources/5_research/sdcs/qcar2/hardware/applications/lanenet) by extension 'colcon_pkg'
[2.662s] Level 1:colcon.colcon_core.package_identification:_identify(backup/Quanser_Academic_Resources/5_research/sdcs/qcar2/hardware/applications/lanenet) by extensions ['colcon_meta']
[2.662s] Level 1:colcon.colcon_core.package_identification:_identify(backup/Quanser_Academic_Resources/5_research/sdcs/qcar2/hardware/applications/lanenet) by extension 'colcon_meta'
[2.662s] Level 1:colcon.colcon_core.package_identification:_identify(backup/Quanser_Academic_Resources/5_research/sdcs/qcar2/hardware/applications/lanenet) by extensions ['ros']
[2.662s] Level 1:colcon.colcon_core.package_identification:_identify(backup/Quanser_Academic_Resources/5_research/sdcs/qcar2/hardware/applications/lanenet) by extension 'ros'
[2.662s] Level 1:colcon.colcon_core.package_identification:_identify(backup/Quanser_Academic_Resources/5_research/sdcs/qcar2/hardware/applications/lanenet) by extensions ['cmake', 'python']
[2.662s] Level 1:colcon.colcon_core.package_identification:_identify(backup/Quanser_Academic_Resources/5_research/sdcs/qcar2/hardware/applications/lanenet) by extension 'cmake'
[2.662s] Level 1:colcon.colcon_core.package_identification:_identify(backup/Quanser_Academic_Resources/5_research/sdcs/qcar2/hardware/applications/lanenet) by extension 'python'
[2.662s] Level 1:colcon.colcon_core.package_identification:_identify(backup/Quanser_Academic_Resources/5_research/sdcs/qcar2/hardware/applications/lanenet) by extensions ['python_setup_py']
[2.662s] Level 1:colcon.colcon_core.package_identification:_identify(backup/Quanser_Academic_Resources/5_research/sdcs/qcar2/hardware/applications/lanenet) by extension 'python_setup_py'
[2.662s] Level 1:colcon.colcon_core.package_identification:_identify(backup/Quanser_Academic_Resources/5_research/sdcs/qcar2/hardware/applications/manual_drive) by extensions ['ignore', 'ignore_ament_install']
[2.662s] Level 1:colcon.colcon_core.package_identification:_identify(backup/Quanser_Academic_Resources/5_research/sdcs/qcar2/hardware/applications/manual_drive) by extension 'ignore'
[2.662s] Level 1:colcon.colcon_core.package_identification:_identify(backup/Quanser_Academic_Resources/5_research/sdcs/qcar2/hardware/applications/manual_drive) by extension 'ignore_ament_install'
[2.662s] Level 1:colcon.colcon_core.package_identification:_identify(backup/Quanser_Academic_Resources/5_research/sdcs/qcar2/hardware/applications/manual_drive) by extensions ['colcon_pkg']
[2.662s] Level 1:colcon.colcon_core.package_identification:_identify(backup/Quanser_Academic_Resources/5_research/sdcs/qcar2/hardware/applications/manual_drive) by extension 'colcon_pkg'
[2.662s] Level 1:colcon.colcon_core.package_identification:_identify(backup/Quanser_Academic_Resources/5_research/sdcs/qcar2/hardware/applications/manual_drive) by extensions ['colcon_meta']
[2.662s] Level 1:colcon.colcon_core.package_identification:_identify(backup/Quanser_Academic_Resources/5_research/sdcs/qcar2/hardware/applications/manual_drive) by extension 'colcon_meta'
[2.663s] Level 1:colcon.colcon_core.package_identification:_identify(backup/Quanser_Academic_Resources/5_research/sdcs/qcar2/hardware/applications/manual_drive) by extensions ['ros']
[2.663s] Level 1:colcon.colcon_core.package_identification:_identify(backup/Quanser_Academic_Resources/5_research/sdcs/qcar2/hardware/applications/manual_drive) by extension 'ros'
[2.663s] Level 1:colcon.colcon_core.package_identification:_identify(backup/Quanser_Academic_Resources/5_research/sdcs/qcar2/hardware/applications/manual_drive) by extensions ['cmake', 'python']
[2.663s] Level 1:colcon.colcon_core.package_identification:_identify(backup/Quanser_Academic_Resources/5_research/sdcs/qcar2/hardware/applications/manual_drive) by extension 'cmake'
[2.663s] Level 1:colcon.colcon_core.package_identification:_identify(backup/Quanser_Academic_Resources/5_research/sdcs/qcar2/hardware/applications/manual_drive) by extension 'python'
[2.663s] Level 1:colcon.colcon_core.package_identification:_identify(backup/Quanser_Academic_Resources/5_research/sdcs/qcar2/hardware/applications/manual_drive) by extensions ['python_setup_py']
[2.663s] Level 1:colcon.colcon_core.package_identification:_identify(backup/Quanser_Academic_Resources/5_research/sdcs/qcar2/hardware/applications/manual_drive) by extension 'python_setup_py'
[2.663s] Level 1:colcon.colcon_core.package_identification:_identify(backup/Quanser_Academic_Resources/5_research/sdcs/qcar2/hardware/applications/multi_vehicle_self_driving) by extensions ['ignore', 'ignore_ament_install']
[2.663s] Level 1:colcon.colcon_core.package_identification:_identify(backup/Quanser_Academic_Resources/5_research/sdcs/qcar2/hardware/applications/multi_vehicle_self_driving) by extension 'ignore'
[2.663s] Level 1:colcon.colcon_core.package_identification:_identify(backup/Quanser_Academic_Resources/5_research/sdcs/qcar2/hardware/applications/multi_vehicle_self_driving) by extension 'ignore_ament_install'
[2.663s] Level 1:colcon.colcon_core.package_identification:_identify(backup/Quanser_Academic_Resources/5_research/sdcs/qcar2/hardware/applications/multi_vehicle_self_driving) by extensions ['colcon_pkg']
[2.663s] Level 1:colcon.colcon_core.package_identification:_identify(backup/Quanser_Academic_Resources/5_research/sdcs/qcar2/hardware/applications/multi_vehicle_self_driving) by extension 'colcon_pkg'
[2.663s] Level 1:colcon.colcon_core.package_identification:_identify(backup/Quanser_Academic_Resources/5_research/sdcs/qcar2/hardware/applications/multi_vehicle_self_driving) by extensions ['colcon_meta']
[2.663s] Level 1:colcon.colcon_core.package_identification:_identify(backup/Quanser_Academic_Resources/5_research/sdcs/qcar2/hardware/applications/multi_vehicle_self_driving) by extension 'colcon_meta'
[2.663s] Level 1:colcon.colcon_core.package_identification:_identify(backup/Quanser_Academic_Resources/5_research/sdcs/qcar2/hardware/applications/multi_vehicle_self_driving) by extensions ['ros']
[2.663s] Level 1:colcon.colcon_core.package_identification:_identify(backup/Quanser_Academic_Resources/5_research/sdcs/qcar2/hardware/applications/multi_vehicle_self_driving) by extension 'ros'
[2.663s] Level 1:colcon.colcon_core.package_identification:_identify(backup/Quanser_Academic_Resources/5_research/sdcs/qcar2/hardware/applications/multi_vehicle_self_driving) by extensions ['cmake', 'python']
[2.663s] Level 1:colcon.colcon_core.package_identification:_identify(backup/Quanser_Academic_Resources/5_research/sdcs/qcar2/hardware/applications/multi_vehicle_self_driving) by extension 'cmake'
[2.663s] Level 1:colcon.colcon_core.package_identification:_identify(backup/Quanser_Academic_Resources/5_research/sdcs/qcar2/hardware/applications/multi_vehicle_self_driving) by extension 'python'
[2.663s] Level 1:colcon.colcon_core.package_identification:_identify(backup/Quanser_Academic_Resources/5_research/sdcs/qcar2/hardware/applications/multi_vehicle_self_driving) by extensions ['python_setup_py']
[2.663s] Level 1:colcon.colcon_core.package_identification:_identify(backup/Quanser_Academic_Resources/5_research/sdcs/qcar2/hardware/applications/multi_vehicle_self_driving) by extension 'python_setup_py'
[2.663s] Level 1:colcon.colcon_core.package_identification:_identify(backup/Quanser_Academic_Resources/5_research/sdcs/qcar2/hardware/applications/multi_vehicle_self_driving/python) by extensions ['ignore', 'ignore_ament_install']
[2.663s] Level 1:colcon.colcon_core.package_identification:_identify(backup/Quanser_Academic_Resources/5_research/sdcs/qcar2/hardware/applications/multi_vehicle_self_driving/python) by extension 'ignore'
[2.663s] Level 1:colcon.colcon_core.package_identification:_identify(backup/Quanser_Academic_Resources/5_research/sdcs/qcar2/hardware/applications/multi_vehicle_self_driving/python) by extension 'ignore_ament_install'
[2.663s] Level 1:colcon.colcon_core.package_identification:_identify(backup/Quanser_Academic_Resources/5_research/sdcs/qcar2/hardware/applications/multi_vehicle_self_driving/python) by extensions ['colcon_pkg']
[2.663s] Level 1:colcon.colcon_core.package_identification:_identify(backup/Quanser_Academic_Resources/5_research/sdcs/qcar2/hardware/applications/multi_vehicle_self_driving/python) by extension 'colcon_pkg'
[2.663s] Level 1:colcon.colcon_core.package_identification:_identify(backup/Quanser_Academic_Resources/5_research/sdcs/qcar2/hardware/applications/multi_vehicle_self_driving/python) by extensions ['colcon_meta']
[2.663s] Level 1:colcon.colcon_core.package_identification:_identify(backup/Quanser_Academic_Resources/5_research/sdcs/qcar2/hardware/applications/multi_vehicle_self_driving/python) by extension 'colcon_meta'
[2.664s] Level 1:colcon.colcon_core.package_identification:_identify(backup/Quanser_Academic_Resources/5_research/sdcs/qcar2/hardware/applications/multi_vehicle_self_driving/python) by extensions ['ros']
[2.664s] Level 1:colcon.colcon_core.package_identification:_identify(backup/Quanser_Academic_Resources/5_research/sdcs/qcar2/hardware/applications/multi_vehicle_self_driving/python) by extension 'ros'
[2.664s] Level 1:colcon.colcon_core.package_identification:_identify(backup/Quanser_Academic_Resources/5_research/sdcs/qcar2/hardware/applications/multi_vehicle_self_driving/python) by extensions ['cmake', 'python']
[2.664s] Level 1:colcon.colcon_core.package_identification:_identify(backup/Quanser_Academic_Resources/5_research/sdcs/qcar2/hardware/applications/multi_vehicle_self_driving/python) by extension 'cmake'
[2.664s] Level 1:colcon.colcon_core.package_identification:_identify(backup/Quanser_Academic_Resources/5_research/sdcs/qcar2/hardware/applications/multi_vehicle_self_driving/python) by extension 'python'
[2.664s] Level 1:colcon.colcon_core.package_identification:_identify(backup/Quanser_Academic_Resources/5_research/sdcs/qcar2/hardware/applications/multi_vehicle_self_driving/python) by extensions ['python_setup_py']
[2.664s] Level 1:colcon.colcon_core.package_identification:_identify(backup/Quanser_Academic_Resources/5_research/sdcs/qcar2/hardware/applications/multi_vehicle_self_driving/python) by extension 'python_setup_py'
[2.664s] Level 1:colcon.colcon_core.package_identification:_identify(backup/Quanser_Academic_Resources/5_research/sdcs/qcar2/hardware/applications/multi_vehicle_self_driving/qcar) by extensions ['ignore', 'ignore_ament_install']
[2.664s] Level 1:colcon.colcon_core.package_identification:_identify(backup/Quanser_Academic_Resources/5_research/sdcs/qcar2/hardware/applications/multi_vehicle_self_driving/qcar) by extension 'ignore'
[2.664s] Level 1:colcon.colcon_core.package_identification:_identify(backup/Quanser_Academic_Resources/5_research/sdcs/qcar2/hardware/applications/multi_vehicle_self_driving/qcar) by extension 'ignore_ament_install'
[2.664s] Level 1:colcon.colcon_core.package_identification:_identify(backup/Quanser_Academic_Resources/5_research/sdcs/qcar2/hardware/applications/multi_vehicle_self_driving/qcar) by extensions ['colcon_pkg']
[2.664s] Level 1:colcon.colcon_core.package_identification:_identify(backup/Quanser_Academic_Resources/5_research/sdcs/qcar2/hardware/applications/multi_vehicle_self_driving/qcar) by extension 'colcon_pkg'
[2.664s] Level 1:colcon.colcon_core.package_identification:_identify(backup/Quanser_Academic_Resources/5_research/sdcs/qcar2/hardware/applications/multi_vehicle_self_driving/qcar) by extensions ['colcon_meta']
[2.664s] Level 1:colcon.colcon_core.package_identification:_identify(backup/Quanser_Academic_Resources/5_research/sdcs/qcar2/hardware/applications/multi_vehicle_self_driving/qcar) by extension 'colcon_meta'
[2.664s] Level 1:colcon.colcon_core.package_identification:_identify(backup/Quanser_Academic_Resources/5_research/sdcs/qcar2/hardware/applications/multi_vehicle_self_driving/qcar) by extensions ['ros']
[2.664s] Level 1:colcon.colcon_core.package_identification:_identify(backup/Quanser_Academic_Resources/5_research/sdcs/qcar2/hardware/applications/multi_vehicle_self_driving/qcar) by extension 'ros'
[2.664s] Level 1:colcon.colcon_core.package_identification:_identify(backup/Quanser_Academic_Resources/5_research/sdcs/qcar2/hardware/applications/multi_vehicle_self_driving/qcar) by extensions ['cmake', 'python']
[2.664s] Level 1:colcon.colcon_core.package_identification:_identify(backup/Quanser_Academic_Resources/5_research/sdcs/qcar2/hardware/applications/multi_vehicle_self_driving/qcar) by extension 'cmake'
[2.664s] Level 1:colcon.colcon_core.package_identification:_identify(backup/Quanser_Academic_Resources/5_research/sdcs/qcar2/hardware/applications/multi_vehicle_self_driving/qcar) by extension 'python'
[2.664s] Level 1:colcon.colcon_core.package_identification:_identify(backup/Quanser_Academic_Resources/5_research/sdcs/qcar2/hardware/applications/multi_vehicle_self_driving/qcar) by extensions ['python_setup_py']
[2.664s] Level 1:colcon.colcon_core.package_identification:_identify(backup/Quanser_Academic_Resources/5_research/sdcs/qcar2/hardware/applications/multi_vehicle_self_driving/qcar) by extension 'python_setup_py'
[2.664s] Level 1:colcon.colcon_core.package_identification:_identify(backup/Quanser_Academic_Resources/5_research/sdcs/qcar2/hardware/applications/multi_vehicle_self_driving/reference_scan) by extensions ['ignore', 'ignore_ament_install']
[2.664s] Level 1:colcon.colcon_core.package_identification:_identify(backup/Quanser_Academic_Resources/5_research/sdcs/qcar2/hardware/applications/multi_vehicle_self_driving/reference_scan) by extension 'ignore'
[2.664s] Level 1:colcon.colcon_core.package_identification:_identify(backup/Quanser_Academic_Resources/5_research/sdcs/qcar2/hardware/applications/multi_vehicle_self_driving/reference_scan) by extension 'ignore_ament_install'
[2.664s] Level 1:colcon.colcon_core.package_identification:_identify(backup/Quanser_Academic_Resources/5_research/sdcs/qcar2/hardware/applications/multi_vehicle_self_driving/reference_scan) by extensions ['colcon_pkg']
[2.664s] Level 1:colcon.colcon_core.package_identification:_identify(backup/Quanser_Academic_Resources/5_research/sdcs/qcar2/hardware/applications/multi_vehicle_self_driving/reference_scan) by extension 'colcon_pkg'
[2.664s] Level 1:colcon.colcon_core.package_identification:_identify(backup/Quanser_Academic_Resources/5_research/sdcs/qcar2/hardware/applications/multi_vehicle_self_driving/reference_scan) by extensions ['colcon_meta']
[2.664s] Level 1:colcon.colcon_core.package_identification:_identify(backup/Quanser_Academic_Resources/5_research/sdcs/qcar2/hardware/applications/multi_vehicle_self_driving/reference_scan) by extension 'colcon_meta'
[2.665s] Level 1:colcon.colcon_core.package_identification:_identify(backup/Quanser_Academic_Resources/5_research/sdcs/qcar2/hardware/applications/multi_vehicle_self_driving/reference_scan) by extensions ['ros']
[2.665s] Level 1:colcon.colcon_core.package_identification:_identify(backup/Quanser_Academic_Resources/5_research/sdcs/qcar2/hardware/applications/multi_vehicle_self_driving/reference_scan) by extension 'ros'
[2.665s] Level 1:colcon.colcon_core.package_identification:_identify(backup/Quanser_Academic_Resources/5_research/sdcs/qcar2/hardware/applications/multi_vehicle_self_driving/reference_scan) by extensions ['cmake', 'python']
[2.665s] Level 1:colcon.colcon_core.package_identification:_identify(backup/Quanser_Academic_Resources/5_research/sdcs/qcar2/hardware/applications/multi_vehicle_self_driving/reference_scan) by extension 'cmake'
[2.665s] Level 1:colcon.colcon_core.package_identification:_identify(backup/Quanser_Academic_Resources/5_research/sdcs/qcar2/hardware/applications/multi_vehicle_self_driving/reference_scan) by extension 'python'
[2.665s] Level 1:colcon.colcon_core.package_identification:_identify(backup/Quanser_Academic_Resources/5_research/sdcs/qcar2/hardware/applications/multi_vehicle_self_driving/reference_scan) by extensions ['python_setup_py']
[2.665s] Level 1:colcon.colcon_core.package_identification:_identify(backup/Quanser_Academic_Resources/5_research/sdcs/qcar2/hardware/applications/multi_vehicle_self_driving/reference_scan) by extension 'python_setup_py'
[2.665s] Level 1:colcon.colcon_core.package_identification:_identify(backup/Quanser_Academic_Resources/5_research/sdcs/qcar2/hardware/applications/point_cloud_generation) by extensions ['ignore', 'ignore_ament_install']
[2.665s] Level 1:colcon.colcon_core.package_identification:_identify(backup/Quanser_Academic_Resources/5_research/sdcs/qcar2/hardware/applications/point_cloud_generation) by extension 'ignore'
[2.665s] Level 1:colcon.colcon_core.package_identification:_identify(backup/Quanser_Academic_Resources/5_research/sdcs/qcar2/hardware/applications/point_cloud_generation) by extension 'ignore_ament_install'
[2.665s] Level 1:colcon.colcon_core.package_identification:_identify(backup/Quanser_Academic_Resources/5_research/sdcs/qcar2/hardware/applications/point_cloud_generation) by extensions ['colcon_pkg']
[2.665s] Level 1:colcon.colcon_core.package_identification:_identify(backup/Quanser_Academic_Resources/5_research/sdcs/qcar2/hardware/applications/point_cloud_generation) by extension 'colcon_pkg'
[2.665s] Level 1:colcon.colcon_core.package_identification:_identify(backup/Quanser_Academic_Resources/5_research/sdcs/qcar2/hardware/applications/point_cloud_generation) by extensions ['colcon_meta']
[2.665s] Level 1:colcon.colcon_core.package_identification:_identify(backup/Quanser_Academic_Resources/5_research/sdcs/qcar2/hardware/applications/point_cloud_generation) by extension 'colcon_meta'
[2.665s] Level 1:colcon.colcon_core.package_identification:_identify(backup/Quanser_Academic_Resources/5_research/sdcs/qcar2/hardware/applications/point_cloud_generation) by extensions ['ros']
[2.665s] Level 1:colcon.colcon_core.package_identification:_identify(backup/Quanser_Academic_Resources/5_research/sdcs/qcar2/hardware/applications/point_cloud_generation) by extension 'ros'
[2.665s] Level 1:colcon.colcon_core.package_identification:_identify(backup/Quanser_Academic_Resources/5_research/sdcs/qcar2/hardware/applications/point_cloud_generation) by extensions ['cmake', 'python']
[2.665s] Level 1:colcon.colcon_core.package_identification:_identify(backup/Quanser_Academic_Resources/5_research/sdcs/qcar2/hardware/applications/point_cloud_generation) by extension 'cmake'
[2.665s] Level 1:colcon.colcon_core.package_identification:_identify(backup/Quanser_Academic_Resources/5_research/sdcs/qcar2/hardware/applications/point_cloud_generation) by extension 'python'
[2.665s] Level 1:colcon.colcon_core.package_identification:_identify(backup/Quanser_Academic_Resources/5_research/sdcs/qcar2/hardware/applications/point_cloud_generation) by extensions ['python_setup_py']
[2.665s] Level 1:colcon.colcon_core.package_identification:_identify(backup/Quanser_Academic_Resources/5_research/sdcs/qcar2/hardware/applications/point_cloud_generation) by extension 'python_setup_py'
[2.665s] Level 1:colcon.colcon_core.package_identification:_identify(backup/Quanser_Academic_Resources/5_research/sdcs/qcar2/hardware/applications/rgbd_imaging) by extensions ['ignore', 'ignore_ament_install']
[2.665s] Level 1:colcon.colcon_core.package_identification:_identify(backup/Quanser_Academic_Resources/5_research/sdcs/qcar2/hardware/applications/rgbd_imaging) by extension 'ignore'
[2.665s] Level 1:colcon.colcon_core.package_identification:_identify(backup/Quanser_Academic_Resources/5_research/sdcs/qcar2/hardware/applications/rgbd_imaging) by extension 'ignore_ament_install'
[2.665s] Level 1:colcon.colcon_core.package_identification:_identify(backup/Quanser_Academic_Resources/5_research/sdcs/qcar2/hardware/applications/rgbd_imaging) by extensions ['colcon_pkg']
[2.665s] Level 1:colcon.colcon_core.package_identification:_identify(backup/Quanser_Academic_Resources/5_research/sdcs/qcar2/hardware/applications/rgbd_imaging) by extension 'colcon_pkg'
[2.665s] Level 1:colcon.colcon_core.package_identification:_identify(backup/Quanser_Academic_Resources/5_research/sdcs/qcar2/hardware/applications/rgbd_imaging) by extensions ['colcon_meta']
[2.665s] Level 1:colcon.colcon_core.package_identification:_identify(backup/Quanser_Academic_Resources/5_research/sdcs/qcar2/hardware/applications/rgbd_imaging) by extension 'colcon_meta'
[2.665s] Level 1:colcon.colcon_core.package_identification:_identify(backup/Quanser_Academic_Resources/5_research/sdcs/qcar2/hardware/applications/rgbd_imaging) by extensions ['ros']
[2.665s] Level 1:colcon.colcon_core.package_identification:_identify(backup/Quanser_Academic_Resources/5_research/sdcs/qcar2/hardware/applications/rgbd_imaging) by extension 'ros'
[2.666s] Level 1:colcon.colcon_core.package_identification:_identify(backup/Quanser_Academic_Resources/5_research/sdcs/qcar2/hardware/applications/rgbd_imaging) by extensions ['cmake', 'python']
[2.666s] Level 1:colcon.colcon_core.package_identification:_identify(backup/Quanser_Academic_Resources/5_research/sdcs/qcar2/hardware/applications/rgbd_imaging) by extension 'cmake'
[2.666s] Level 1:colcon.colcon_core.package_identification:_identify(backup/Quanser_Academic_Resources/5_research/sdcs/qcar2/hardware/applications/rgbd_imaging) by extension 'python'
[2.666s] Level 1:colcon.colcon_core.package_identification:_identify(backup/Quanser_Academic_Resources/5_research/sdcs/qcar2/hardware/applications/rgbd_imaging) by extensions ['python_setup_py']
[2.666s] Level 1:colcon.colcon_core.package_identification:_identify(backup/Quanser_Academic_Resources/5_research/sdcs/qcar2/hardware/applications/rgbd_imaging) by extension 'python_setup_py'
[2.666s] Level 1:colcon.colcon_core.package_identification:_identify(backup/Quanser_Academic_Resources/5_research/sdcs/qcar2/hardware/applications/yolo) by extensions ['ignore', 'ignore_ament_install']
[2.666s] Level 1:colcon.colcon_core.package_identification:_identify(backup/Quanser_Academic_Resources/5_research/sdcs/qcar2/hardware/applications/yolo) by extension 'ignore'
[2.666s] Level 1:colcon.colcon_core.package_identification:_identify(backup/Quanser_Academic_Resources/5_research/sdcs/qcar2/hardware/applications/yolo) by extension 'ignore_ament_install'
[2.666s] Level 1:colcon.colcon_core.package_identification:_identify(backup/Quanser_Academic_Resources/5_research/sdcs/qcar2/hardware/applications/yolo) by extensions ['colcon_pkg']
[2.666s] Level 1:colcon.colcon_core.package_identification:_identify(backup/Quanser_Academic_Resources/5_research/sdcs/qcar2/hardware/applications/yolo) by extension 'colcon_pkg'
[2.666s] Level 1:colcon.colcon_core.package_identification:_identify(backup/Quanser_Academic_Resources/5_research/sdcs/qcar2/hardware/applications/yolo) by extensions ['colcon_meta']
[2.666s] Level 1:colcon.colcon_core.package_identification:_identify(backup/Quanser_Academic_Resources/5_research/sdcs/qcar2/hardware/applications/yolo) by extension 'colcon_meta'
[2.666s] Level 1:colcon.colcon_core.package_identification:_identify(backup/Quanser_Academic_Resources/5_research/sdcs/qcar2/hardware/applications/yolo) by extensions ['ros']
[2.666s] Level 1:colcon.colcon_core.package_identification:_identify(backup/Quanser_Academic_Resources/5_research/sdcs/qcar2/hardware/applications/yolo) by extension 'ros'
[2.666s] Level 1:colcon.colcon_core.package_identification:_identify(backup/Quanser_Academic_Resources/5_research/sdcs/qcar2/hardware/applications/yolo) by extensions ['cmake', 'python']
[2.666s] Level 1:colcon.colcon_core.package_identification:_identify(backup/Quanser_Academic_Resources/5_research/sdcs/qcar2/hardware/applications/yolo) by extension 'cmake'
[2.666s] Level 1:colcon.colcon_core.package_identification:_identify(backup/Quanser_Academic_Resources/5_research/sdcs/qcar2/hardware/applications/yolo) by extension 'python'
[2.666s] Level 1:colcon.colcon_core.package_identification:_identify(backup/Quanser_Academic_Resources/5_research/sdcs/qcar2/hardware/applications/yolo) by extensions ['python_setup_py']
[2.666s] Level 1:colcon.colcon_core.package_identification:_identify(backup/Quanser_Academic_Resources/5_research/sdcs/qcar2/hardware/applications/yolo) by extension 'python_setup_py'
[2.666s] Level 1:colcon.colcon_core.package_identification:_identify(backup/Quanser_Academic_Resources/5_research/sdcs/qcar2/hardware/hardware_tests) by extensions ['ignore', 'ignore_ament_install']
[2.666s] Level 1:colcon.colcon_core.package_identification:_identify(backup/Quanser_Academic_Resources/5_research/sdcs/qcar2/hardware/hardware_tests) by extension 'ignore'
[2.666s] Level 1:colcon.colcon_core.package_identification:_identify(backup/Quanser_Academic_Resources/5_research/sdcs/qcar2/hardware/hardware_tests) by extension 'ignore_ament_install'
[2.666s] Level 1:colcon.colcon_core.package_identification:_identify(backup/Quanser_Academic_Resources/5_research/sdcs/qcar2/hardware/hardware_tests) by extensions ['colcon_pkg']
[2.666s] Level 1:colcon.colcon_core.package_identification:_identify(backup/Quanser_Academic_Resources/5_research/sdcs/qcar2/hardware/hardware_tests) by extension 'colcon_pkg'
[2.666s] Level 1:colcon.colcon_core.package_identification:_identify(backup/Quanser_Academic_Resources/5_research/sdcs/qcar2/hardware/hardware_tests) by extensions ['colcon_meta']
[2.666s] Level 1:colcon.colcon_core.package_identification:_identify(backup/Quanser_Academic_Resources/5_research/sdcs/qcar2/hardware/hardware_tests) by extension 'colcon_meta'
[2.666s] Level 1:colcon.colcon_core.package_identification:_identify(backup/Quanser_Academic_Resources/5_research/sdcs/qcar2/hardware/hardware_tests) by extensions ['ros']
[2.666s] Level 1:colcon.colcon_core.package_identification:_identify(backup/Quanser_Academic_Resources/5_research/sdcs/qcar2/hardware/hardware_tests) by extension 'ros'
[2.667s] Level 1:colcon.colcon_core.package_identification:_identify(backup/Quanser_Academic_Resources/5_research/sdcs/qcar2/hardware/hardware_tests) by extensions ['cmake', 'python']
[2.667s] Level 1:colcon.colcon_core.package_identification:_identify(backup/Quanser_Academic_Resources/5_research/sdcs/qcar2/hardware/hardware_tests) by extension 'cmake'
[2.667s] Level 1:colcon.colcon_core.package_identification:_identify(backup/Quanser_Academic_Resources/5_research/sdcs/qcar2/hardware/hardware_tests) by extension 'python'
[2.667s] Level 1:colcon.colcon_core.package_identification:_identify(backup/Quanser_Academic_Resources/5_research/sdcs/qcar2/hardware/hardware_tests) by extensions ['python_setup_py']
[2.667s] Level 1:colcon.colcon_core.package_identification:_identify(backup/Quanser_Academic_Resources/5_research/sdcs/qcar2/hardware/hardware_tests) by extension 'python_setup_py'
[2.667s] Level 1:colcon.colcon_core.package_identification:_identify(backup/Quanser_Academic_Resources/5_research/sdcs/qcar2/ros2) by extensions ['ignore', 'ignore_ament_install']
[2.667s] Level 1:colcon.colcon_core.package_identification:_identify(backup/Quanser_Academic_Resources/5_research/sdcs/qcar2/ros2) by extension 'ignore'
[2.667s] Level 1:colcon.colcon_core.package_identification:_identify(backup/Quanser_Academic_Resources/5_research/sdcs/qcar2/ros2) by extension 'ignore_ament_install'
[2.667s] Level 1:colcon.colcon_core.package_identification:_identify(backup/Quanser_Academic_Resources/5_research/sdcs/qcar2/ros2) by extensions ['colcon_pkg']
[2.667s] Level 1:colcon.colcon_core.package_identification:_identify(backup/Quanser_Academic_Resources/5_research/sdcs/qcar2/ros2) by extension 'colcon_pkg'
[2.667s] Level 1:colcon.colcon_core.package_identification:_identify(backup/Quanser_Academic_Resources/5_research/sdcs/qcar2/ros2) by extensions ['colcon_meta']
[2.667s] Level 1:colcon.colcon_core.package_identification:_identify(backup/Quanser_Academic_Resources/5_research/sdcs/qcar2/ros2) by extension 'colcon_meta'
[2.667s] Level 1:colcon.colcon_core.package_identification:_identify(backup/Quanser_Academic_Resources/5_research/sdcs/qcar2/ros2) by extensions ['ros']
[2.667s] Level 1:colcon.colcon_core.package_identification:_identify(backup/Quanser_Academic_Resources/5_research/sdcs/qcar2/ros2) by extension 'ros'
[2.667s] Level 1:colcon.colcon_core.package_identification:_identify(backup/Quanser_Academic_Resources/5_research/sdcs/qcar2/ros2) by extensions ['cmake', 'python']
[2.667s] Level 1:colcon.colcon_core.package_identification:_identify(backup/Quanser_Academic_Resources/5_research/sdcs/qcar2/ros2) by extension 'cmake'
[2.667s] Level 1:colcon.colcon_core.package_identification:_identify(backup/Quanser_Academic_Resources/5_research/sdcs/qcar2/ros2) by extension 'python'
[2.667s] Level 1:colcon.colcon_core.package_identification:_identify(backup/Quanser_Academic_Resources/5_research/sdcs/qcar2/ros2) by extensions ['python_setup_py']
[2.667s] Level 1:colcon.colcon_core.package_identification:_identify(backup/Quanser_Academic_Resources/5_research/sdcs/qcar2/ros2) by extension 'python_setup_py'
[2.667s] Level 1:colcon.colcon_core.package_identification:_identify(backup/Quanser_Academic_Resources/5_research/sdcs/qcar2/ros2/src) by extensions ['ignore', 'ignore_ament_install']
[2.667s] Level 1:colcon.colcon_core.package_identification:_identify(backup/Quanser_Academic_Resources/5_research/sdcs/qcar2/ros2/src) by extension 'ignore'
[2.667s] Level 1:colcon.colcon_core.package_identification:_identify(backup/Quanser_Academic_Resources/5_research/sdcs/qcar2/ros2/src) by extension 'ignore_ament_install'
[2.667s] Level 1:colcon.colcon_core.package_identification:_identify(backup/Quanser_Academic_Resources/5_research/sdcs/qcar2/ros2/src) by extensions ['colcon_pkg']
[2.667s] Level 1:colcon.colcon_core.package_identification:_identify(backup/Quanser_Academic_Resources/5_research/sdcs/qcar2/ros2/src) by extension 'colcon_pkg'
[2.667s] Level 1:colcon.colcon_core.package_identification:_identify(backup/Quanser_Academic_Resources/5_research/sdcs/qcar2/ros2/src) by extensions ['colcon_meta']
[2.667s] Level 1:colcon.colcon_core.package_identification:_identify(backup/Quanser_Academic_Resources/5_research/sdcs/qcar2/ros2/src) by extension 'colcon_meta'
[2.667s] Level 1:colcon.colcon_core.package_identification:_identify(backup/Quanser_Academic_Resources/5_research/sdcs/qcar2/ros2/src) by extensions ['ros']
[2.667s] Level 1:colcon.colcon_core.package_identification:_identify(backup/Quanser_Academic_Resources/5_research/sdcs/qcar2/ros2/src) by extension 'ros'
[2.668s] Level 1:colcon.colcon_core.package_identification:_identify(backup/Quanser_Academic_Resources/5_research/sdcs/qcar2/ros2/src) by extensions ['cmake', 'python']
[2.668s] Level 1:colcon.colcon_core.package_identification:_identify(backup/Quanser_Academic_Resources/5_research/sdcs/qcar2/ros2/src) by extension 'cmake'
[2.668s] Level 1:colcon.colcon_core.package_identification:_identify(backup/Quanser_Academic_Resources/5_research/sdcs/qcar2/ros2/src) by extension 'python'
[2.668s] Level 1:colcon.colcon_core.package_identification:_identify(backup/Quanser_Academic_Resources/5_research/sdcs/qcar2/ros2/src) by extensions ['python_setup_py']
[2.668s] Level 1:colcon.colcon_core.package_identification:_identify(backup/Quanser_Academic_Resources/5_research/sdcs/qcar2/ros2/src) by extension 'python_setup_py'
[2.668s] Level 1:colcon.colcon_core.package_identification:_identify(backup/Quanser_Academic_Resources/5_research/sdcs/qcar2/ros2/src/qcar2_autonomy) by extensions ['ignore', 'ignore_ament_install']
[2.668s] Level 1:colcon.colcon_core.package_identification:_identify(backup/Quanser_Academic_Resources/5_research/sdcs/qcar2/ros2/src/qcar2_autonomy) by extension 'ignore'
[2.668s] Level 1:colcon.colcon_core.package_identification:_identify(backup/Quanser_Academic_Resources/5_research/sdcs/qcar2/ros2/src/qcar2_autonomy) by extension 'ignore_ament_install'
[2.668s] Level 1:colcon.colcon_core.package_identification:_identify(backup/Quanser_Academic_Resources/5_research/sdcs/qcar2/ros2/src/qcar2_autonomy) by extensions ['colcon_pkg']
[2.668s] Level 1:colcon.colcon_core.package_identification:_identify(backup/Quanser_Academic_Resources/5_research/sdcs/qcar2/ros2/src/qcar2_autonomy) by extension 'colcon_pkg'
[2.668s] Level 1:colcon.colcon_core.package_identification:_identify(backup/Quanser_Academic_Resources/5_research/sdcs/qcar2/ros2/src/qcar2_autonomy) by extensions ['colcon_meta']
[2.668s] Level 1:colcon.colcon_core.package_identification:_identify(backup/Quanser_Academic_Resources/5_research/sdcs/qcar2/ros2/src/qcar2_autonomy) by extension 'colcon_meta'
[2.668s] Level 1:colcon.colcon_core.package_identification:_identify(backup/Quanser_Academic_Resources/5_research/sdcs/qcar2/ros2/src/qcar2_autonomy) by extensions ['ros']
[2.668s] Level 1:colcon.colcon_core.package_identification:_identify(backup/Quanser_Academic_Resources/5_research/sdcs/qcar2/ros2/src/qcar2_autonomy) by extension 'ros'
[2.669s] DEBUG:colcon.colcon_core.package_identification:Package 'backup/Quanser_Academic_Resources/5_research/sdcs/qcar2/ros2/src/qcar2_autonomy' with type 'ros.ament_python' and name 'qcar2_autonomy'
[2.669s] Level 1:colcon.colcon_core.package_identification:_identify(backup/Quanser_Academic_Resources/5_research/sdcs/qcar2/ros2/src/qcar2_interfaces) by extensions ['ignore', 'ignore_ament_install']
[2.669s] Level 1:colcon.colcon_core.package_identification:_identify(backup/Quanser_Academic_Resources/5_research/sdcs/qcar2/ros2/src/qcar2_interfaces) by extension 'ignore'
[2.669s] Level 1:colcon.colcon_core.package_identification:_identify(backup/Quanser_Academic_Resources/5_research/sdcs/qcar2/ros2/src/qcar2_interfaces) by extension 'ignore_ament_install'
[2.669s] Level 1:colcon.colcon_core.package_identification:_identify(backup/Quanser_Academic_Resources/5_research/sdcs/qcar2/ros2/src/qcar2_interfaces) by extensions ['colcon_pkg']
[2.669s] Level 1:colcon.colcon_core.package_identification:_identify(backup/Quanser_Academic_Resources/5_research/sdcs/qcar2/ros2/src/qcar2_interfaces) by extension 'colcon_pkg'
[2.669s] Level 1:colcon.colcon_core.package_identification:_identify(backup/Quanser_Academic_Resources/5_research/sdcs/qcar2/ros2/src/qcar2_interfaces) by extensions ['colcon_meta']
[2.669s] Level 1:colcon.colcon_core.package_identification:_identify(backup/Quanser_Academic_Resources/5_research/sdcs/qcar2/ros2/src/qcar2_interfaces) by extension 'colcon_meta'
[2.669s] Level 1:colcon.colcon_core.package_identification:_identify(backup/Quanser_Academic_Resources/5_research/sdcs/qcar2/ros2/src/qcar2_interfaces) by extensions ['ros']
[2.669s] Level 1:colcon.colcon_core.package_identification:_identify(backup/Quanser_Academic_Resources/5_research/sdcs/qcar2/ros2/src/qcar2_interfaces) by extension 'ros'
[2.670s] DEBUG:colcon.colcon_core.package_identification:Package 'backup/Quanser_Academic_Resources/5_research/sdcs/qcar2/ros2/src/qcar2_interfaces' with type 'ros.ament_cmake' and name 'qcar2_interfaces'
[2.670s] Level 1:colcon.colcon_core.package_identification:_identify(backup/Quanser_Academic_Resources/5_research/sdcs/qcar2/ros2/src/qcar2_nodes) by extensions ['ignore', 'ignore_ament_install']
[2.670s] Level 1:colcon.colcon_core.package_identification:_identify(backup/Quanser_Academic_Resources/5_research/sdcs/qcar2/ros2/src/qcar2_nodes) by extension 'ignore'
[2.670s] Level 1:colcon.colcon_core.package_identification:_identify(backup/Quanser_Academic_Resources/5_research/sdcs/qcar2/ros2/src/qcar2_nodes) by extension 'ignore_ament_install'
[2.670s] Level 1:colcon.colcon_core.package_identification:_identify(backup/Quanser_Academic_Resources/5_research/sdcs/qcar2/ros2/src/qcar2_nodes) by extensions ['colcon_pkg']
[2.670s] Level 1:colcon.colcon_core.package_identification:_identify(backup/Quanser_Academic_Resources/5_research/sdcs/qcar2/ros2/src/qcar2_nodes) by extension 'colcon_pkg'
[2.670s] Level 1:colcon.colcon_core.package_identification:_identify(backup/Quanser_Academic_Resources/5_research/sdcs/qcar2/ros2/src/qcar2_nodes) by extensions ['colcon_meta']
[2.670s] Level 1:colcon.colcon_core.package_identification:_identify(backup/Quanser_Academic_Resources/5_research/sdcs/qcar2/ros2/src/qcar2_nodes) by extension 'colcon_meta'
[2.670s] Level 1:colcon.colcon_core.package_identification:_identify(backup/Quanser_Academic_Resources/5_research/sdcs/qcar2/ros2/src/qcar2_nodes) by extensions ['ros']
[2.670s] Level 1:colcon.colcon_core.package_identification:_identify(backup/Quanser_Academic_Resources/5_research/sdcs/qcar2/ros2/src/qcar2_nodes) by extension 'ros'
[2.671s] DEBUG:colcon.colcon_core.package_identification:Package 'backup/Quanser_Academic_Resources/5_research/sdcs/qcar2/ros2/src/qcar2_nodes' with type 'ros.ament_cmake' and name 'qcar2_nodes'
[2.671s] Level 1:colcon.colcon_core.package_identification:_identify(backup/Quanser_Academic_Resources/5_research/sdcs/qcar2/virtual) by extensions ['ignore', 'ignore_ament_install']
[2.671s] Level 1:colcon.colcon_core.package_identification:_identify(backup/Quanser_Academic_Resources/5_research/sdcs/qcar2/virtual) by extension 'ignore'
[2.672s] Level 1:colcon.colcon_core.package_identification:_identify(backup/Quanser_Academic_Resources/5_research/sdcs/qcar2/virtual) by extension 'ignore_ament_install'
[2.672s] Level 1:colcon.colcon_core.package_identification:_identify(backup/Quanser_Academic_Resources/5_research/sdcs/qcar2/virtual) by extensions ['colcon_pkg']
[2.672s] Level 1:colcon.colcon_core.package_identification:_identify(backup/Quanser_Academic_Resources/5_research/sdcs/qcar2/virtual) by extension 'colcon_pkg'
[2.672s] Level 1:colcon.colcon_core.package_identification:_identify(backup/Quanser_Academic_Resources/5_research/sdcs/qcar2/virtual) by extensions ['colcon_meta']
[2.672s] Level 1:colcon.colcon_core.package_identification:_identify(backup/Quanser_Academic_Resources/5_research/sdcs/qcar2/virtual) by extension 'colcon_meta'
[2.672s] Level 1:colcon.colcon_core.package_identification:_identify(backup/Quanser_Academic_Resources/5_research/sdcs/qcar2/virtual) by extensions ['ros']
[2.672s] Level 1:colcon.colcon_core.package_identification:_identify(backup/Quanser_Academic_Resources/5_research/sdcs/qcar2/virtual) by extension 'ros'
[2.672s] Level 1:colcon.colcon_core.package_identification:_identify(backup/Quanser_Academic_Resources/5_research/sdcs/qcar2/virtual) by extensions ['cmake', 'python']
[2.672s] Level 1:colcon.colcon_core.package_identification:_identify(backup/Quanser_Academic_Resources/5_research/sdcs/qcar2/virtual) by extension 'cmake'
[2.672s] Level 1:colcon.colcon_core.package_identification:_identify(backup/Quanser_Academic_Resources/5_research/sdcs/qcar2/virtual) by extension 'python'
[2.672s] Level 1:colcon.colcon_core.package_identification:_identify(backup/Quanser_Academic_Resources/5_research/sdcs/qcar2/virtual) by extensions ['python_setup_py']
[2.672s] Level 1:colcon.colcon_core.package_identification:_identify(backup/Quanser_Academic_Resources/5_research/sdcs/qcar2/virtual) by extension 'python_setup_py'
[2.672s] Level 1:colcon.colcon_core.package_identification:_identify(backup/Quanser_Academic_Resources/5_research/sdcs/qcar2/virtual/applications) by extensions ['ignore', 'ignore_ament_install']
[2.672s] Level 1:colcon.colcon_core.package_identification:_identify(backup/Quanser_Academic_Resources/5_research/sdcs/qcar2/virtual/applications) by extension 'ignore'
[2.672s] Level 1:colcon.colcon_core.package_identification:_identify(backup/Quanser_Academic_Resources/5_research/sdcs/qcar2/virtual/applications) by extension 'ignore_ament_install'
[2.672s] Level 1:colcon.colcon_core.package_identification:_identify(backup/Quanser_Academic_Resources/5_research/sdcs/qcar2/virtual/applications) by extensions ['colcon_pkg']
[2.672s] Level 1:colcon.colcon_core.package_identification:_identify(backup/Quanser_Academic_Resources/5_research/sdcs/qcar2/virtual/applications) by extension 'colcon_pkg'
[2.672s] Level 1:colcon.colcon_core.package_identification:_identify(backup/Quanser_Academic_Resources/5_research/sdcs/qcar2/virtual/applications) by extensions ['colcon_meta']
[2.672s] Level 1:colcon.colcon_core.package_identification:_identify(backup/Quanser_Academic_Resources/5_research/sdcs/qcar2/virtual/applications) by extension 'colcon_meta'
[2.672s] Level 1:colcon.colcon_core.package_identification:_identify(backup/Quanser_Academic_Resources/5_research/sdcs/qcar2/virtual/applications) by extensions ['ros']
[2.672s] Level 1:colcon.colcon_core.package_identification:_identify(backup/Quanser_Academic_Resources/5_research/sdcs/qcar2/virtual/applications) by extension 'ros'
[2.672s] Level 1:colcon.colcon_core.package_identification:_identify(backup/Quanser_Academic_Resources/5_research/sdcs/qcar2/virtual/applications) by extensions ['cmake', 'python']
[2.672s] Level 1:colcon.colcon_core.package_identification:_identify(backup/Quanser_Academic_Resources/5_research/sdcs/qcar2/virtual/applications) by extension 'cmake'
[2.672s] Level 1:colcon.colcon_core.package_identification:_identify(backup/Quanser_Academic_Resources/5_research/sdcs/qcar2/virtual/applications) by extension 'python'
[2.672s] Level 1:colcon.colcon_core.package_identification:_identify(backup/Quanser_Academic_Resources/5_research/sdcs/qcar2/virtual/applications) by extensions ['python_setup_py']
[2.672s] Level 1:colcon.colcon_core.package_identification:_identify(backup/Quanser_Academic_Resources/5_research/sdcs/qcar2/virtual/applications) by extension 'python_setup_py'
[2.672s] Level 1:colcon.colcon_core.package_identification:_identify(backup/Quanser_Academic_Resources/5_research/sdcs/qcar2/virtual/applications/360_vision) by extensions ['ignore', 'ignore_ament_install']
[2.672s] Level 1:colcon.colcon_core.package_identification:_identify(backup/Quanser_Academic_Resources/5_research/sdcs/qcar2/virtual/applications/360_vision) by extension 'ignore'
[2.673s] Level 1:colcon.colcon_core.package_identification:_identify(backup/Quanser_Academic_Resources/5_research/sdcs/qcar2/virtual/applications/360_vision) by extension 'ignore_ament_install'
[2.673s] Level 1:colcon.colcon_core.package_identification:_identify(backup/Quanser_Academic_Resources/5_research/sdcs/qcar2/virtual/applications/360_vision) by extensions ['colcon_pkg']
[2.673s] Level 1:colcon.colcon_core.package_identification:_identify(backup/Quanser_Academic_Resources/5_research/sdcs/qcar2/virtual/applications/360_vision) by extension 'colcon_pkg'
[2.673s] Level 1:colcon.colcon_core.package_identification:_identify(backup/Quanser_Academic_Resources/5_research/sdcs/qcar2/virtual/applications/360_vision) by extensions ['colcon_meta']
[2.673s] Level 1:colcon.colcon_core.package_identification:_identify(backup/Quanser_Academic_Resources/5_research/sdcs/qcar2/virtual/applications/360_vision) by extension 'colcon_meta'
[2.673s] Level 1:colcon.colcon_core.package_identification:_identify(backup/Quanser_Academic_Resources/5_research/sdcs/qcar2/virtual/applications/360_vision) by extensions ['ros']
[2.673s] Level 1:colcon.colcon_core.package_identification:_identify(backup/Quanser_Academic_Resources/5_research/sdcs/qcar2/virtual/applications/360_vision) by extension 'ros'
[2.673s] Level 1:colcon.colcon_core.package_identification:_identify(backup/Quanser_Academic_Resources/5_research/sdcs/qcar2/virtual/applications/360_vision) by extensions ['cmake', 'python']
[2.673s] Level 1:colcon.colcon_core.package_identification:_identify(backup/Quanser_Academic_Resources/5_research/sdcs/qcar2/virtual/applications/360_vision) by extension 'cmake'
[2.673s] Level 1:colcon.colcon_core.package_identification:_identify(backup/Quanser_Academic_Resources/5_research/sdcs/qcar2/virtual/applications/360_vision) by extension 'python'
[2.673s] Level 1:colcon.colcon_core.package_identification:_identify(backup/Quanser_Academic_Resources/5_research/sdcs/qcar2/virtual/applications/360_vision) by extensions ['python_setup_py']
[2.673s] Level 1:colcon.colcon_core.package_identification:_identify(backup/Quanser_Academic_Resources/5_research/sdcs/qcar2/virtual/applications/360_vision) by extension 'python_setup_py'
[2.673s] Level 1:colcon.colcon_core.package_identification:_identify(backup/Quanser_Academic_Resources/5_research/sdcs/qcar2/virtual/applications/lane_following) by extensions ['ignore', 'ignore_ament_install']
[2.673s] Level 1:colcon.colcon_core.package_identification:_identify(backup/Quanser_Academic_Resources/5_research/sdcs/qcar2/virtual/applications/lane_following) by extension 'ignore'
[2.673s] Level 1:colcon.colcon_core.package_identification:_identify(backup/Quanser_Academic_Resources/5_research/sdcs/qcar2/virtual/applications/lane_following) by extension 'ignore_ament_install'
[2.673s] Level 1:colcon.colcon_core.package_identification:_identify(backup/Quanser_Academic_Resources/5_research/sdcs/qcar2/virtual/applications/lane_following) by extensions ['colcon_pkg']
[2.673s] Level 1:colcon.colcon_core.package_identification:_identify(backup/Quanser_Academic_Resources/5_research/sdcs/qcar2/virtual/applications/lane_following) by extension 'colcon_pkg'
[2.673s] Level 1:colcon.colcon_core.package_identification:_identify(backup/Quanser_Academic_Resources/5_research/sdcs/qcar2/virtual/applications/lane_following) by extensions ['colcon_meta']
[2.673s] Level 1:colcon.colcon_core.package_identification:_identify(backup/Quanser_Academic_Resources/5_research/sdcs/qcar2/virtual/applications/lane_following) by extension 'colcon_meta'
[2.673s] Level 1:colcon.colcon_core.package_identification:_identify(backup/Quanser_Academic_Resources/5_research/sdcs/qcar2/virtual/applications/lane_following) by extensions ['ros']
[2.673s] Level 1:colcon.colcon_core.package_identification:_identify(backup/Quanser_Academic_Resources/5_research/sdcs/qcar2/virtual/applications/lane_following) by extension 'ros'
[2.673s] Level 1:colcon.colcon_core.package_identification:_identify(backup/Quanser_Academic_Resources/5_research/sdcs/qcar2/virtual/applications/lane_following) by extensions ['cmake', 'python']
[2.673s] Level 1:colcon.colcon_core.package_identification:_identify(backup/Quanser_Academic_Resources/5_research/sdcs/qcar2/virtual/applications/lane_following) by extension 'cmake'
[2.673s] Level 1:colcon.colcon_core.package_identification:_identify(backup/Quanser_Academic_Resources/5_research/sdcs/qcar2/virtual/applications/lane_following) by extension 'python'
[2.673s] Level 1:colcon.colcon_core.package_identification:_identify(backup/Quanser_Academic_Resources/5_research/sdcs/qcar2/virtual/applications/lane_following) by extensions ['python_setup_py']
[2.673s] Level 1:colcon.colcon_core.package_identification:_identify(backup/Quanser_Academic_Resources/5_research/sdcs/qcar2/virtual/applications/lane_following) by extension 'python_setup_py'
[2.673s] Level 1:colcon.colcon_core.package_identification:_identify(backup/Quanser_Academic_Resources/5_research/sdcs/qcar2/virtual/applications/manual_drive) by extensions ['ignore', 'ignore_ament_install']
[2.673s] Level 1:colcon.colcon_core.package_identification:_identify(backup/Quanser_Academic_Resources/5_research/sdcs/qcar2/virtual/applications/manual_drive) by extension 'ignore'
[2.674s] Level 1:colcon.colcon_core.package_identification:_identify(backup/Quanser_Academic_Resources/5_research/sdcs/qcar2/virtual/applications/manual_drive) by extension 'ignore_ament_install'
[2.674s] Level 1:colcon.colcon_core.package_identification:_identify(backup/Quanser_Academic_Resources/5_research/sdcs/qcar2/virtual/applications/manual_drive) by extensions ['colcon_pkg']
[2.674s] Level 1:colcon.colcon_core.package_identification:_identify(backup/Quanser_Academic_Resources/5_research/sdcs/qcar2/virtual/applications/manual_drive) by extension 'colcon_pkg'
[2.674s] Level 1:colcon.colcon_core.package_identification:_identify(backup/Quanser_Academic_Resources/5_research/sdcs/qcar2/virtual/applications/manual_drive) by extensions ['colcon_meta']
[2.674s] Level 1:colcon.colcon_core.package_identification:_identify(backup/Quanser_Academic_Resources/5_research/sdcs/qcar2/virtual/applications/manual_drive) by extension 'colcon_meta'
[2.674s] Level 1:colcon.colcon_core.package_identification:_identify(backup/Quanser_Academic_Resources/5_research/sdcs/qcar2/virtual/applications/manual_drive) by extensions ['ros']
[2.674s] Level 1:colcon.colcon_core.package_identification:_identify(backup/Quanser_Academic_Resources/5_research/sdcs/qcar2/virtual/applications/manual_drive) by extension 'ros'
[2.674s] Level 1:colcon.colcon_core.package_identification:_identify(backup/Quanser_Academic_Resources/5_research/sdcs/qcar2/virtual/applications/manual_drive) by extensions ['cmake', 'python']
[2.674s] Level 1:colcon.colcon_core.package_identification:_identify(backup/Quanser_Academic_Resources/5_research/sdcs/qcar2/virtual/applications/manual_drive) by extension 'cmake'
[2.674s] Level 1:colcon.colcon_core.package_identification:_identify(backup/Quanser_Academic_Resources/5_research/sdcs/qcar2/virtual/applications/manual_drive) by extension 'python'
[2.674s] Level 1:colcon.colcon_core.package_identification:_identify(backup/Quanser_Academic_Resources/5_research/sdcs/qcar2/virtual/applications/manual_drive) by extensions ['python_setup_py']
[2.674s] Level 1:colcon.colcon_core.package_identification:_identify(backup/Quanser_Academic_Resources/5_research/sdcs/qcar2/virtual/applications/manual_drive) by extension 'python_setup_py'
[2.674s] Level 1:colcon.colcon_core.package_identification:_identify(backup/Quanser_Academic_Resources/5_research/sdcs/qcar2/virtual/applications/point_cloud_generation) by extensions ['ignore', 'ignore_ament_install']
[2.674s] Level 1:colcon.colcon_core.package_identification:_identify(backup/Quanser_Academic_Resources/5_research/sdcs/qcar2/virtual/applications/point_cloud_generation) by extension 'ignore'
[2.674s] Level 1:colcon.colcon_core.package_identification:_identify(backup/Quanser_Academic_Resources/5_research/sdcs/qcar2/virtual/applications/point_cloud_generation) by extension 'ignore_ament_install'
[2.674s] Level 1:colcon.colcon_core.package_identification:_identify(backup/Quanser_Academic_Resources/5_research/sdcs/qcar2/virtual/applications/point_cloud_generation) by extensions ['colcon_pkg']
[2.674s] Level 1:colcon.colcon_core.package_identification:_identify(backup/Quanser_Academic_Resources/5_research/sdcs/qcar2/virtual/applications/point_cloud_generation) by extension 'colcon_pkg'
[2.674s] Level 1:colcon.colcon_core.package_identification:_identify(backup/Quanser_Academic_Resources/5_research/sdcs/qcar2/virtual/applications/point_cloud_generation) by extensions ['colcon_meta']
[2.674s] Level 1:colcon.colcon_core.package_identification:_identify(backup/Quanser_Academic_Resources/5_research/sdcs/qcar2/virtual/applications/point_cloud_generation) by extension 'colcon_meta'
[2.674s] Level 1:colcon.colcon_core.package_identification:_identify(backup/Quanser_Academic_Resources/5_research/sdcs/qcar2/virtual/applications/point_cloud_generation) by extensions ['ros']
[2.674s] Level 1:colcon.colcon_core.package_identification:_identify(backup/Quanser_Academic_Resources/5_research/sdcs/qcar2/virtual/applications/point_cloud_generation) by extension 'ros'
[2.674s] Level 1:colcon.colcon_core.package_identification:_identify(backup/Quanser_Academic_Resources/5_research/sdcs/qcar2/virtual/applications/point_cloud_generation) by extensions ['cmake', 'python']
[2.674s] Level 1:colcon.colcon_core.package_identification:_identify(backup/Quanser_Academic_Resources/5_research/sdcs/qcar2/virtual/applications/point_cloud_generation) by extension 'cmake'
[2.674s] Level 1:colcon.colcon_core.package_identification:_identify(backup/Quanser_Academic_Resources/5_research/sdcs/qcar2/virtual/applications/point_cloud_generation) by extension 'python'
[2.674s] Level 1:colcon.colcon_core.package_identification:_identify(backup/Quanser_Academic_Resources/5_research/sdcs/qcar2/virtual/applications/point_cloud_generation) by extensions ['python_setup_py']
[2.674s] Level 1:colcon.colcon_core.package_identification:_identify(backup/Quanser_Academic_Resources/5_research/sdcs/qcar2/virtual/applications/point_cloud_generation) by extension 'python_setup_py'
[2.674s] Level 1:colcon.colcon_core.package_identification:_identify(backup/Quanser_Academic_Resources/5_research/sdcs/qcar2/virtual/applications/rgbd_imaging) by extensions ['ignore', 'ignore_ament_install']
[2.674s] Level 1:colcon.colcon_core.package_identification:_identify(backup/Quanser_Academic_Resources/5_research/sdcs/qcar2/virtual/applications/rgbd_imaging) by extension 'ignore'
[2.675s] Level 1:colcon.colcon_core.package_identification:_identify(backup/Quanser_Academic_Resources/5_research/sdcs/qcar2/virtual/applications/rgbd_imaging) by extension 'ignore_ament_install'
[2.675s] Level 1:colcon.colcon_core.package_identification:_identify(backup/Quanser_Academic_Resources/5_research/sdcs/qcar2/virtual/applications/rgbd_imaging) by extensions ['colcon_pkg']
[2.675s] Level 1:colcon.colcon_core.package_identification:_identify(backup/Quanser_Academic_Resources/5_research/sdcs/qcar2/virtual/applications/rgbd_imaging) by extension 'colcon_pkg'
[2.675s] Level 1:colcon.colcon_core.package_identification:_identify(backup/Quanser_Academic_Resources/5_research/sdcs/qcar2/virtual/applications/rgbd_imaging) by extensions ['colcon_meta']
[2.675s] Level 1:colcon.colcon_core.package_identification:_identify(backup/Quanser_Academic_Resources/5_research/sdcs/qcar2/virtual/applications/rgbd_imaging) by extension 'colcon_meta'
[2.675s] Level 1:colcon.colcon_core.package_identification:_identify(backup/Quanser_Academic_Resources/5_research/sdcs/qcar2/virtual/applications/rgbd_imaging) by extensions ['ros']
[2.675s] Level 1:colcon.colcon_core.package_identification:_identify(backup/Quanser_Academic_Resources/5_research/sdcs/qcar2/virtual/applications/rgbd_imaging) by extension 'ros'
[2.675s] Level 1:colcon.colcon_core.package_identification:_identify(backup/Quanser_Academic_Resources/5_research/sdcs/qcar2/virtual/applications/rgbd_imaging) by extensions ['cmake', 'python']
[2.675s] Level 1:colcon.colcon_core.package_identification:_identify(backup/Quanser_Academic_Resources/5_research/sdcs/qcar2/virtual/applications/rgbd_imaging) by extension 'cmake'
[2.675s] Level 1:colcon.colcon_core.package_identification:_identify(backup/Quanser_Academic_Resources/5_research/sdcs/qcar2/virtual/applications/rgbd_imaging) by extension 'python'
[2.675s] Level 1:colcon.colcon_core.package_identification:_identify(backup/Quanser_Academic_Resources/5_research/sdcs/qcar2/virtual/applications/rgbd_imaging) by extensions ['python_setup_py']
[2.675s] Level 1:colcon.colcon_core.package_identification:_identify(backup/Quanser_Academic_Resources/5_research/sdcs/qcar2/virtual/applications/rgbd_imaging) by extension 'python_setup_py'
[2.675s] Level 1:colcon.colcon_core.package_identification:_identify(backup/Quanser_Academic_Resources/5_research/sdcs/qcar2/virtual/hardware_tests) by extensions ['ignore', 'ignore_ament_install']
[2.675s] Level 1:colcon.colcon_core.package_identification:_identify(backup/Quanser_Academic_Resources/5_research/sdcs/qcar2/virtual/hardware_tests) by extension 'ignore'
[2.675s] Level 1:colcon.colcon_core.package_identification:_identify(backup/Quanser_Academic_Resources/5_research/sdcs/qcar2/virtual/hardware_tests) by extension 'ignore_ament_install'
[2.675s] Level 1:colcon.colcon_core.package_identification:_identify(backup/Quanser_Academic_Resources/5_research/sdcs/qcar2/virtual/hardware_tests) by extensions ['colcon_pkg']
[2.675s] Level 1:colcon.colcon_core.package_identification:_identify(backup/Quanser_Academic_Resources/5_research/sdcs/qcar2/virtual/hardware_tests) by extension 'colcon_pkg'
[2.675s] Level 1:colcon.colcon_core.package_identification:_identify(backup/Quanser_Academic_Resources/5_research/sdcs/qcar2/virtual/hardware_tests) by extensions ['colcon_meta']
[2.675s] Level 1:colcon.colcon_core.package_identification:_identify(backup/Quanser_Academic_Resources/5_research/sdcs/qcar2/virtual/hardware_tests) by extension 'colcon_meta'
[2.675s] Level 1:colcon.colcon_core.package_identification:_identify(backup/Quanser_Academic_Resources/5_research/sdcs/qcar2/virtual/hardware_tests) by extensions ['ros']
[2.675s] Level 1:colcon.colcon_core.package_identification:_identify(backup/Quanser_Academic_Resources/5_research/sdcs/qcar2/virtual/hardware_tests) by extension 'ros'
[2.675s] Level 1:colcon.colcon_core.package_identification:_identify(backup/Quanser_Academic_Resources/5_research/sdcs/qcar2/virtual/hardware_tests) by extensions ['cmake', 'python']
[2.675s] Level 1:colcon.colcon_core.package_identification:_identify(backup/Quanser_Academic_Resources/5_research/sdcs/qcar2/virtual/hardware_tests) by extension 'cmake'
[2.675s] Level 1:colcon.colcon_core.package_identification:_identify(backup/Quanser_Academic_Resources/5_research/sdcs/qcar2/virtual/hardware_tests) by extension 'python'
[2.675s] Level 1:colcon.colcon_core.package_identification:_identify(backup/Quanser_Academic_Resources/5_research/sdcs/qcar2/virtual/hardware_tests) by extensions ['python_setup_py']
[2.675s] Level 1:colcon.colcon_core.package_identification:_identify(backup/Quanser_Academic_Resources/5_research/sdcs/qcar2/virtual/hardware_tests) by extension 'python_setup_py'
[2.675s] Level 1:colcon.colcon_core.package_identification:_identify(backup/Quanser_Academic_Resources/5_research/sdcs/roadmap) by extensions ['ignore', 'ignore_ament_install']
[2.675s] Level 1:colcon.colcon_core.package_identification:_identify(backup/Quanser_Academic_Resources/5_research/sdcs/roadmap) by extension 'ignore'
[2.675s] Level 1:colcon.colcon_core.package_identification:_identify(backup/Quanser_Academic_Resources/5_research/sdcs/roadmap) by extension 'ignore_ament_install'
[2.676s] Level 1:colcon.colcon_core.package_identification:_identify(backup/Quanser_Academic_Resources/5_research/sdcs/roadmap) by extensions ['colcon_pkg']
[2.676s] Level 1:colcon.colcon_core.package_identification:_identify(backup/Quanser_Academic_Resources/5_research/sdcs/roadmap) by extension 'colcon_pkg'
[2.676s] Level 1:colcon.colcon_core.package_identification:_identify(backup/Quanser_Academic_Resources/5_research/sdcs/roadmap) by extensions ['colcon_meta']
[2.676s] Level 1:colcon.colcon_core.package_identification:_identify(backup/Quanser_Academic_Resources/5_research/sdcs/roadmap) by extension 'colcon_meta'
[2.676s] Level 1:colcon.colcon_core.package_identification:_identify(backup/Quanser_Academic_Resources/5_research/sdcs/roadmap) by extensions ['ros']
[2.676s] Level 1:colcon.colcon_core.package_identification:_identify(backup/Quanser_Academic_Resources/5_research/sdcs/roadmap) by extension 'ros'
[2.676s] Level 1:colcon.colcon_core.package_identification:_identify(backup/Quanser_Academic_Resources/5_research/sdcs/roadmap) by extensions ['cmake', 'python']
[2.676s] Level 1:colcon.colcon_core.package_identification:_identify(backup/Quanser_Academic_Resources/5_research/sdcs/roadmap) by extension 'cmake'
[2.676s] Level 1:colcon.colcon_core.package_identification:_identify(backup/Quanser_Academic_Resources/5_research/sdcs/roadmap) by extension 'python'
[2.676s] Level 1:colcon.colcon_core.package_identification:_identify(backup/Quanser_Academic_Resources/5_research/sdcs/roadmap) by extensions ['python_setup_py']
[2.676s] Level 1:colcon.colcon_core.package_identification:_identify(backup/Quanser_Academic_Resources/5_research/sdcs/roadmap) by extension 'python_setup_py'
[2.676s] Level 1:colcon.colcon_core.package_identification:_identify(backup/Quanser_Academic_Resources/5_research/sdcs/traffic_light) by extensions ['ignore', 'ignore_ament_install']
[2.676s] Level 1:colcon.colcon_core.package_identification:_identify(backup/Quanser_Academic_Resources/5_research/sdcs/traffic_light) by extension 'ignore'
[2.676s] Level 1:colcon.colcon_core.package_identification:_identify(backup/Quanser_Academic_Resources/5_research/sdcs/traffic_light) by extension 'ignore_ament_install'
[2.676s] Level 1:colcon.colcon_core.package_identification:_identify(backup/Quanser_Academic_Resources/5_research/sdcs/traffic_light) by extensions ['colcon_pkg']
[2.676s] Level 1:colcon.colcon_core.package_identification:_identify(backup/Quanser_Academic_Resources/5_research/sdcs/traffic_light) by extension 'colcon_pkg'
[2.676s] Level 1:colcon.colcon_core.package_identification:_identify(backup/Quanser_Academic_Resources/5_research/sdcs/traffic_light) by extensions ['colcon_meta']
[2.676s] Level 1:colcon.colcon_core.package_identification:_identify(backup/Quanser_Academic_Resources/5_research/sdcs/traffic_light) by extension 'colcon_meta'
[2.676s] Level 1:colcon.colcon_core.package_identification:_identify(backup/Quanser_Academic_Resources/5_research/sdcs/traffic_light) by extensions ['ros']
[2.676s] Level 1:colcon.colcon_core.package_identification:_identify(backup/Quanser_Academic_Resources/5_research/sdcs/traffic_light) by extension 'ros'
[2.676s] Level 1:colcon.colcon_core.package_identification:_identify(backup/Quanser_Academic_Resources/5_research/sdcs/traffic_light) by extensions ['cmake', 'python']
[2.676s] Level 1:colcon.colcon_core.package_identification:_identify(backup/Quanser_Academic_Resources/5_research/sdcs/traffic_light) by extension 'cmake'
[2.676s] Level 1:colcon.colcon_core.package_identification:_identify(backup/Quanser_Academic_Resources/5_research/sdcs/traffic_light) by extension 'python'
[2.676s] Level 1:colcon.colcon_core.package_identification:_identify(backup/Quanser_Academic_Resources/5_research/sdcs/traffic_light) by extensions ['python_setup_py']
[2.676s] Level 1:colcon.colcon_core.package_identification:_identify(backup/Quanser_Academic_Resources/5_research/sdcs/traffic_light) by extension 'python_setup_py'
[2.676s] Level 1:colcon.colcon_core.package_identification:_identify(backup/Quanser_Academic_Resources/6_teaching) by extensions ['ignore', 'ignore_ament_install']
[2.676s] Level 1:colcon.colcon_core.package_identification:_identify(backup/Quanser_Academic_Resources/6_teaching) by extension 'ignore'
[2.676s] Level 1:colcon.colcon_core.package_identification:_identify(backup/Quanser_Academic_Resources/6_teaching) by extension 'ignore_ament_install'
[2.676s] Level 1:colcon.colcon_core.package_identification:_identify(backup/Quanser_Academic_Resources/6_teaching) by extensions ['colcon_pkg']
[2.677s] Level 1:colcon.colcon_core.package_identification:_identify(backup/Quanser_Academic_Resources/6_teaching) by extension 'colcon_pkg'
[2.677s] Level 1:colcon.colcon_core.package_identification:_identify(backup/Quanser_Academic_Resources/6_teaching) by extensions ['colcon_meta']
[2.677s] Level 1:colcon.colcon_core.package_identification:_identify(backup/Quanser_Academic_Resources/6_teaching) by extension 'colcon_meta'
[2.677s] Level 1:colcon.colcon_core.package_identification:_identify(backup/Quanser_Academic_Resources/6_teaching) by extensions ['ros']
[2.677s] Level 1:colcon.colcon_core.package_identification:_identify(backup/Quanser_Academic_Resources/6_teaching) by extension 'ros'
[2.677s] Level 1:colcon.colcon_core.package_identification:_identify(backup/Quanser_Academic_Resources/6_teaching) by extensions ['cmake', 'python']
[2.677s] Level 1:colcon.colcon_core.package_identification:_identify(backup/Quanser_Academic_Resources/6_teaching) by extension 'cmake'
[2.677s] Level 1:colcon.colcon_core.package_identification:_identify(backup/Quanser_Academic_Resources/6_teaching) by extension 'python'
[2.677s] Level 1:colcon.colcon_core.package_identification:_identify(backup/Quanser_Academic_Resources/6_teaching) by extensions ['python_setup_py']
[2.677s] Level 1:colcon.colcon_core.package_identification:_identify(backup/Quanser_Academic_Resources/6_teaching) by extension 'python_setup_py'
[2.677s] Level 1:colcon.colcon_core.package_identification:_identify(backup/Quanser_Academic_Resources/6_teaching/4_Autonomous_Systems) by extensions ['ignore', 'ignore_ament_install']
[2.677s] Level 1:colcon.colcon_core.package_identification:_identify(backup/Quanser_Academic_Resources/6_teaching/4_Autonomous_Systems) by extension 'ignore'
[2.677s] Level 1:colcon.colcon_core.package_identification:_identify(backup/Quanser_Academic_Resources/6_teaching/4_Autonomous_Systems) by extension 'ignore_ament_install'
[2.677s] Level 1:colcon.colcon_core.package_identification:_identify(backup/Quanser_Academic_Resources/6_teaching/4_Autonomous_Systems) by extensions ['colcon_pkg']
[2.677s] Level 1:colcon.colcon_core.package_identification:_identify(backup/Quanser_Academic_Resources/6_teaching/4_Autonomous_Systems) by extension 'colcon_pkg'
[2.677s] Level 1:colcon.colcon_core.package_identification:_identify(backup/Quanser_Academic_Resources/6_teaching/4_Autonomous_Systems) by extensions ['colcon_meta']
[2.677s] Level 1:colcon.colcon_core.package_identification:_identify(backup/Quanser_Academic_Resources/6_teaching/4_Autonomous_Systems) by extension 'colcon_meta'
[2.677s] Level 1:colcon.colcon_core.package_identification:_identify(backup/Quanser_Academic_Resources/6_teaching/4_Autonomous_Systems) by extensions ['ros']
[2.677s] Level 1:colcon.colcon_core.package_identification:_identify(backup/Quanser_Academic_Resources/6_teaching/4_Autonomous_Systems) by extension 'ros'
[2.677s] Level 1:colcon.colcon_core.package_identification:_identify(backup/Quanser_Academic_Resources/6_teaching/4_Autonomous_Systems) by extensions ['cmake', 'python']
[2.677s] Level 1:colcon.colcon_core.package_identification:_identify(backup/Quanser_Academic_Resources/6_teaching/4_Autonomous_Systems) by extension 'cmake'
[2.677s] Level 1:colcon.colcon_core.package_identification:_identify(backup/Quanser_Academic_Resources/6_teaching/4_Autonomous_Systems) by extension 'python'
[2.677s] Level 1:colcon.colcon_core.package_identification:_identify(backup/Quanser_Academic_Resources/6_teaching/4_Autonomous_Systems) by extensions ['python_setup_py']
[2.677s] Level 1:colcon.colcon_core.package_identification:_identify(backup/Quanser_Academic_Resources/6_teaching/4_Autonomous_Systems) by extension 'python_setup_py'
[2.677s] Level 1:colcon.colcon_core.package_identification:_identify(backup/Quanser_Academic_Resources/6_teaching/4_Autonomous_Systems/SDCS) by extensions ['ignore', 'ignore_ament_install']
[2.677s] Level 1:colcon.colcon_core.package_identification:_identify(backup/Quanser_Academic_Resources/6_teaching/4_Autonomous_Systems/SDCS) by extension 'ignore'
[2.677s] Level 1:colcon.colcon_core.package_identification:_identify(backup/Quanser_Academic_Resources/6_teaching/4_Autonomous_Systems/SDCS) by extension 'ignore_ament_install'
[2.677s] Level 1:colcon.colcon_core.package_identification:_identify(backup/Quanser_Academic_Resources/6_teaching/4_Autonomous_Systems/SDCS) by extensions ['colcon_pkg']
[2.677s] Level 1:colcon.colcon_core.package_identification:_identify(backup/Quanser_Academic_Resources/6_teaching/4_Autonomous_Systems/SDCS) by extension 'colcon_pkg'
[2.677s] Level 1:colcon.colcon_core.package_identification:_identify(backup/Quanser_Academic_Resources/6_teaching/4_Autonomous_Systems/SDCS) by extensions ['colcon_meta']
[2.677s] Level 1:colcon.colcon_core.package_identification:_identify(backup/Quanser_Academic_Resources/6_teaching/4_Autonomous_Systems/SDCS) by extension 'colcon_meta'
[2.678s] Level 1:colcon.colcon_core.package_identification:_identify(backup/Quanser_Academic_Resources/6_teaching/4_Autonomous_Systems/SDCS) by extensions ['ros']
[2.678s] Level 1:colcon.colcon_core.package_identification:_identify(backup/Quanser_Academic_Resources/6_teaching/4_Autonomous_Systems/SDCS) by extension 'ros'
[2.678s] Level 1:colcon.colcon_core.package_identification:_identify(backup/Quanser_Academic_Resources/6_teaching/4_Autonomous_Systems/SDCS) by extensions ['cmake', 'python']
[2.678s] Level 1:colcon.colcon_core.package_identification:_identify(backup/Quanser_Academic_Resources/6_teaching/4_Autonomous_Systems/SDCS) by extension 'cmake'
[2.678s] Level 1:colcon.colcon_core.package_identification:_identify(backup/Quanser_Academic_Resources/6_teaching/4_Autonomous_Systems/SDCS) by extension 'python'
[2.678s] Level 1:colcon.colcon_core.package_identification:_identify(backup/Quanser_Academic_Resources/6_teaching/4_Autonomous_Systems/SDCS) by extensions ['python_setup_py']
[2.678s] Level 1:colcon.colcon_core.package_identification:_identify(backup/Quanser_Academic_Resources/6_teaching/4_Autonomous_Systems/SDCS) by extension 'python_setup_py'
[2.678s] Level 1:colcon.colcon_core.package_identification:_identify(backup/Quanser_Academic_Resources/6_teaching/4_Autonomous_Systems/SDCS/skills_activities) by extensions ['ignore', 'ignore_ament_install']
[2.678s] Level 1:colcon.colcon_core.package_identification:_identify(backup/Quanser_Academic_Resources/6_teaching/4_Autonomous_Systems/SDCS/skills_activities) by extension 'ignore'
[2.678s] Level 1:colcon.colcon_core.package_identification:_identify(backup/Quanser_Academic_Resources/6_teaching/4_Autonomous_Systems/SDCS/skills_activities) by extension 'ignore_ament_install'
[2.678s] Level 1:colcon.colcon_core.package_identification:_identify(backup/Quanser_Academic_Resources/6_teaching/4_Autonomous_Systems/SDCS/skills_activities) by extensions ['colcon_pkg']
[2.678s] Level 1:colcon.colcon_core.package_identification:_identify(backup/Quanser_Academic_Resources/6_teaching/4_Autonomous_Systems/SDCS/skills_activities) by extension 'colcon_pkg'
[2.678s] Level 1:colcon.colcon_core.package_identification:_identify(backup/Quanser_Academic_Resources/6_teaching/4_Autonomous_Systems/SDCS/skills_activities) by extensions ['colcon_meta']
[2.678s] Level 1:colcon.colcon_core.package_identification:_identify(backup/Quanser_Academic_Resources/6_teaching/4_Autonomous_Systems/SDCS/skills_activities) by extension 'colcon_meta'
[2.678s] Level 1:colcon.colcon_core.package_identification:_identify(backup/Quanser_Academic_Resources/6_teaching/4_Autonomous_Systems/SDCS/skills_activities) by extensions ['ros']
[2.678s] Level 1:colcon.colcon_core.package_identification:_identify(backup/Quanser_Academic_Resources/6_teaching/4_Autonomous_Systems/SDCS/skills_activities) by extension 'ros'
[2.678s] Level 1:colcon.colcon_core.package_identification:_identify(backup/Quanser_Academic_Resources/6_teaching/4_Autonomous_Systems/SDCS/skills_activities) by extensions ['cmake', 'python']
[2.678s] Level 1:colcon.colcon_core.package_identification:_identify(backup/Quanser_Academic_Resources/6_teaching/4_Autonomous_Systems/SDCS/skills_activities) by extension 'cmake'
[2.678s] Level 1:colcon.colcon_core.package_identification:_identify(backup/Quanser_Academic_Resources/6_teaching/4_Autonomous_Systems/SDCS/skills_activities) by extension 'python'
[2.678s] Level 1:colcon.colcon_core.package_identification:_identify(backup/Quanser_Academic_Resources/6_teaching/4_Autonomous_Systems/SDCS/skills_activities) by extensions ['python_setup_py']
[2.678s] Level 1:colcon.colcon_core.package_identification:_identify(backup/Quanser_Academic_Resources/6_teaching/4_Autonomous_Systems/SDCS/skills_activities) by extension 'python_setup_py'
[2.678s] Level 1:colcon.colcon_core.package_identification:_identify(backup/Quanser_Academic_Resources/6_teaching/4_Autonomous_Systems/SDCS/skills_activities/01-sensor_interfacing) by extensions ['ignore', 'ignore_ament_install']
[2.678s] Level 1:colcon.colcon_core.package_identification:_identify(backup/Quanser_Academic_Resources/6_teaching/4_Autonomous_Systems/SDCS/skills_activities/01-sensor_interfacing) by extension 'ignore'
[2.678s] Level 1:colcon.colcon_core.package_identification:_identify(backup/Quanser_Academic_Resources/6_teaching/4_Autonomous_Systems/SDCS/skills_activities/01-sensor_interfacing) by extension 'ignore_ament_install'
[2.678s] Level 1:colcon.colcon_core.package_identification:_identify(backup/Quanser_Academic_Resources/6_teaching/4_Autonomous_Systems/SDCS/skills_activities/01-sensor_interfacing) by extensions ['colcon_pkg']
[2.678s] Level 1:colcon.colcon_core.package_identification:_identify(backup/Quanser_Academic_Resources/6_teaching/4_Autonomous_Systems/SDCS/skills_activities/01-sensor_interfacing) by extension 'colcon_pkg'
[2.678s] Level 1:colcon.colcon_core.package_identification:_identify(backup/Quanser_Academic_Resources/6_teaching/4_Autonomous_Systems/SDCS/skills_activities/01-sensor_interfacing) by extensions ['colcon_meta']
[2.678s] Level 1:colcon.colcon_core.package_identification:_identify(backup/Quanser_Academic_Resources/6_teaching/4_Autonomous_Systems/SDCS/skills_activities/01-sensor_interfacing) by extension 'colcon_meta'
[2.679s] Level 1:colcon.colcon_core.package_identification:_identify(backup/Quanser_Academic_Resources/6_teaching/4_Autonomous_Systems/SDCS/skills_activities/01-sensor_interfacing) by extensions ['ros']
[2.679s] Level 1:colcon.colcon_core.package_identification:_identify(backup/Quanser_Academic_Resources/6_teaching/4_Autonomous_Systems/SDCS/skills_activities/01-sensor_interfacing) by extension 'ros'
[2.679s] Level 1:colcon.colcon_core.package_identification:_identify(backup/Quanser_Academic_Resources/6_teaching/4_Autonomous_Systems/SDCS/skills_activities/01-sensor_interfacing) by extensions ['cmake', 'python']
[2.679s] Level 1:colcon.colcon_core.package_identification:_identify(backup/Quanser_Academic_Resources/6_teaching/4_Autonomous_Systems/SDCS/skills_activities/01-sensor_interfacing) by extension 'cmake'
[2.679s] Level 1:colcon.colcon_core.package_identification:_identify(backup/Quanser_Academic_Resources/6_teaching/4_Autonomous_Systems/SDCS/skills_activities/01-sensor_interfacing) by extension 'python'
[2.679s] Level 1:colcon.colcon_core.package_identification:_identify(backup/Quanser_Academic_Resources/6_teaching/4_Autonomous_Systems/SDCS/skills_activities/01-sensor_interfacing) by extensions ['python_setup_py']
[2.679s] Level 1:colcon.colcon_core.package_identification:_identify(backup/Quanser_Academic_Resources/6_teaching/4_Autonomous_Systems/SDCS/skills_activities/01-sensor_interfacing) by extension 'python_setup_py'
[2.679s] Level 1:colcon.colcon_core.package_identification:_identify(backup/Quanser_Academic_Resources/6_teaching/4_Autonomous_Systems/SDCS/skills_activities/02-image_interpretation) by extensions ['ignore', 'ignore_ament_install']
[2.679s] Level 1:colcon.colcon_core.package_identification:_identify(backup/Quanser_Academic_Resources/6_teaching/4_Autonomous_Systems/SDCS/skills_activities/02-image_interpretation) by extension 'ignore'
[2.679s] Level 1:colcon.colcon_core.package_identification:_identify(backup/Quanser_Academic_Resources/6_teaching/4_Autonomous_Systems/SDCS/skills_activities/02-image_interpretation) by extension 'ignore_ament_install'
[2.679s] Level 1:colcon.colcon_core.package_identification:_identify(backup/Quanser_Academic_Resources/6_teaching/4_Autonomous_Systems/SDCS/skills_activities/02-image_interpretation) by extensions ['colcon_pkg']
[2.679s] Level 1:colcon.colcon_core.package_identification:_identify(backup/Quanser_Academic_Resources/6_teaching/4_Autonomous_Systems/SDCS/skills_activities/02-image_interpretation) by extension 'colcon_pkg'
[2.679s] Level 1:colcon.colcon_core.package_identification:_identify(backup/Quanser_Academic_Resources/6_teaching/4_Autonomous_Systems/SDCS/skills_activities/02-image_interpretation) by extensions ['colcon_meta']
[2.679s] Level 1:colcon.colcon_core.package_identification:_identify(backup/Quanser_Academic_Resources/6_teaching/4_Autonomous_Systems/SDCS/skills_activities/02-image_interpretation) by extension 'colcon_meta'
[2.679s] Level 1:colcon.colcon_core.package_identification:_identify(backup/Quanser_Academic_Resources/6_teaching/4_Autonomous_Systems/SDCS/skills_activities/02-image_interpretation) by extensions ['ros']
[2.679s] Level 1:colcon.colcon_core.package_identification:_identify(backup/Quanser_Academic_Resources/6_teaching/4_Autonomous_Systems/SDCS/skills_activities/02-image_interpretation) by extension 'ros'
[2.679s] Level 1:colcon.colcon_core.package_identification:_identify(backup/Quanser_Academic_Resources/6_teaching/4_Autonomous_Systems/SDCS/skills_activities/02-image_interpretation) by extensions ['cmake', 'python']
[2.679s] Level 1:colcon.colcon_core.package_identification:_identify(backup/Quanser_Academic_Resources/6_teaching/4_Autonomous_Systems/SDCS/skills_activities/02-image_interpretation) by extension 'cmake'
[2.679s] Level 1:colcon.colcon_core.package_identification:_identify(backup/Quanser_Academic_Resources/6_teaching/4_Autonomous_Systems/SDCS/skills_activities/02-image_interpretation) by extension 'python'
[2.679s] Level 1:colcon.colcon_core.package_identification:_identify(backup/Quanser_Academic_Resources/6_teaching/4_Autonomous_Systems/SDCS/skills_activities/02-image_interpretation) by extensions ['python_setup_py']
[2.679s] Level 1:colcon.colcon_core.package_identification:_identify(backup/Quanser_Academic_Resources/6_teaching/4_Autonomous_Systems/SDCS/skills_activities/02-image_interpretation) by extension 'python_setup_py'
[2.679s] Level 1:colcon.colcon_core.package_identification:_identify(backup/Quanser_Academic_Resources/6_teaching/4_Autonomous_Systems/SDCS/skills_activities/03-state_estimation) by extensions ['ignore', 'ignore_ament_install']
[2.679s] Level 1:colcon.colcon_core.package_identification:_identify(backup/Quanser_Academic_Resources/6_teaching/4_Autonomous_Systems/SDCS/skills_activities/03-state_estimation) by extension 'ignore'
[2.679s] Level 1:colcon.colcon_core.package_identification:_identify(backup/Quanser_Academic_Resources/6_teaching/4_Autonomous_Systems/SDCS/skills_activities/03-state_estimation) by extension 'ignore_ament_install'
[2.679s] Level 1:colcon.colcon_core.package_identification:_identify(backup/Quanser_Academic_Resources/6_teaching/4_Autonomous_Systems/SDCS/skills_activities/03-state_estimation) by extensions ['colcon_pkg']
[2.679s] Level 1:colcon.colcon_core.package_identification:_identify(backup/Quanser_Academic_Resources/6_teaching/4_Autonomous_Systems/SDCS/skills_activities/03-state_estimation) by extension 'colcon_pkg'
[2.679s] Level 1:colcon.colcon_core.package_identification:_identify(backup/Quanser_Academic_Resources/6_teaching/4_Autonomous_Systems/SDCS/skills_activities/03-state_estimation) by extensions ['colcon_meta']
[2.679s] Level 1:colcon.colcon_core.package_identification:_identify(backup/Quanser_Academic_Resources/6_teaching/4_Autonomous_Systems/SDCS/skills_activities/03-state_estimation) by extension 'colcon_meta'
[2.679s] Level 1:colcon.colcon_core.package_identification:_identify(backup/Quanser_Academic_Resources/6_teaching/4_Autonomous_Systems/SDCS/skills_activities/03-state_estimation) by extensions ['ros']
[2.680s] Level 1:colcon.colcon_core.package_identification:_identify(backup/Quanser_Academic_Resources/6_teaching/4_Autonomous_Systems/SDCS/skills_activities/03-state_estimation) by extension 'ros'
[2.680s] Level 1:colcon.colcon_core.package_identification:_identify(backup/Quanser_Academic_Resources/6_teaching/4_Autonomous_Systems/SDCS/skills_activities/03-state_estimation) by extensions ['cmake', 'python']
[2.680s] Level 1:colcon.colcon_core.package_identification:_identify(backup/Quanser_Academic_Resources/6_teaching/4_Autonomous_Systems/SDCS/skills_activities/03-state_estimation) by extension 'cmake'
[2.680s] Level 1:colcon.colcon_core.package_identification:_identify(backup/Quanser_Academic_Resources/6_teaching/4_Autonomous_Systems/SDCS/skills_activities/03-state_estimation) by extension 'python'
[2.680s] Level 1:colcon.colcon_core.package_identification:_identify(backup/Quanser_Academic_Resources/6_teaching/4_Autonomous_Systems/SDCS/skills_activities/03-state_estimation) by extensions ['python_setup_py']
[2.680s] Level 1:colcon.colcon_core.package_identification:_identify(backup/Quanser_Academic_Resources/6_teaching/4_Autonomous_Systems/SDCS/skills_activities/03-state_estimation) by extension 'python_setup_py'
[2.680s] Level 1:colcon.colcon_core.package_identification:_identify(backup/Quanser_Academic_Resources/6_teaching/4_Autonomous_Systems/SDCS/skills_activities/04-vehicle_control) by extensions ['ignore', 'ignore_ament_install']
[2.680s] Level 1:colcon.colcon_core.package_identification:_identify(backup/Quanser_Academic_Resources/6_teaching/4_Autonomous_Systems/SDCS/skills_activities/04-vehicle_control) by extension 'ignore'
[2.680s] Level 1:colcon.colcon_core.package_identification:_identify(backup/Quanser_Academic_Resources/6_teaching/4_Autonomous_Systems/SDCS/skills_activities/04-vehicle_control) by extension 'ignore_ament_install'
[2.680s] Level 1:colcon.colcon_core.package_identification:_identify(backup/Quanser_Academic_Resources/6_teaching/4_Autonomous_Systems/SDCS/skills_activities/04-vehicle_control) by extensions ['colcon_pkg']
[2.680s] Level 1:colcon.colcon_core.package_identification:_identify(backup/Quanser_Academic_Resources/6_teaching/4_Autonomous_Systems/SDCS/skills_activities/04-vehicle_control) by extension 'colcon_pkg'
[2.680s] Level 1:colcon.colcon_core.package_identification:_identify(backup/Quanser_Academic_Resources/6_teaching/4_Autonomous_Systems/SDCS/skills_activities/04-vehicle_control) by extensions ['colcon_meta']
[2.680s] Level 1:colcon.colcon_core.package_identification:_identify(backup/Quanser_Academic_Resources/6_teaching/4_Autonomous_Systems/SDCS/skills_activities/04-vehicle_control) by extension 'colcon_meta'
[2.680s] Level 1:colcon.colcon_core.package_identification:_identify(backup/Quanser_Academic_Resources/6_teaching/4_Autonomous_Systems/SDCS/skills_activities/04-vehicle_control) by extensions ['ros']
[2.680s] Level 1:colcon.colcon_core.package_identification:_identify(backup/Quanser_Academic_Resources/6_teaching/4_Autonomous_Systems/SDCS/skills_activities/04-vehicle_control) by extension 'ros'
[2.680s] Level 1:colcon.colcon_core.package_identification:_identify(backup/Quanser_Academic_Resources/6_teaching/4_Autonomous_Systems/SDCS/skills_activities/04-vehicle_control) by extensions ['cmake', 'python']
[2.680s] Level 1:colcon.colcon_core.package_identification:_identify(backup/Quanser_Academic_Resources/6_teaching/4_Autonomous_Systems/SDCS/skills_activities/04-vehicle_control) by extension 'cmake'
[2.680s] Level 1:colcon.colcon_core.package_identification:_identify(backup/Quanser_Academic_Resources/6_teaching/4_Autonomous_Systems/SDCS/skills_activities/04-vehicle_control) by extension 'python'
[2.680s] Level 1:colcon.colcon_core.package_identification:_identify(backup/Quanser_Academic_Resources/6_teaching/4_Autonomous_Systems/SDCS/skills_activities/04-vehicle_control) by extensions ['python_setup_py']
[2.680s] Level 1:colcon.colcon_core.package_identification:_identify(backup/Quanser_Academic_Resources/6_teaching/4_Autonomous_Systems/SDCS/skills_activities/04-vehicle_control) by extension 'python_setup_py'
[2.680s] Level 1:colcon.colcon_core.package_identification:_identify(backup/Quanser_Academic_Resources/6_teaching/4_Autonomous_Systems/SDCS/skills_activities/05-environment_interpretation) by extensions ['ignore', 'ignore_ament_install']
[2.680s] Level 1:colcon.colcon_core.package_identification:_identify(backup/Quanser_Academic_Resources/6_teaching/4_Autonomous_Systems/SDCS/skills_activities/05-environment_interpretation) by extension 'ignore'
[2.680s] Level 1:colcon.colcon_core.package_identification:_identify(backup/Quanser_Academic_Resources/6_teaching/4_Autonomous_Systems/SDCS/skills_activities/05-environment_interpretation) by extension 'ignore_ament_install'
[2.680s] Level 1:colcon.colcon_core.package_identification:_identify(backup/Quanser_Academic_Resources/6_teaching/4_Autonomous_Systems/SDCS/skills_activities/05-environment_interpretation) by extensions ['colcon_pkg']
[2.680s] Level 1:colcon.colcon_core.package_identification:_identify(backup/Quanser_Academic_Resources/6_teaching/4_Autonomous_Systems/SDCS/skills_activities/05-environment_interpretation) by extension 'colcon_pkg'
[2.680s] Level 1:colcon.colcon_core.package_identification:_identify(backup/Quanser_Academic_Resources/6_teaching/4_Autonomous_Systems/SDCS/skills_activities/05-environment_interpretation) by extensions ['colcon_meta']
[2.680s] Level 1:colcon.colcon_core.package_identification:_identify(backup/Quanser_Academic_Resources/6_teaching/4_Autonomous_Systems/SDCS/skills_activities/05-environment_interpretation) by extension 'colcon_meta'
[2.680s] Level 1:colcon.colcon_core.package_identification:_identify(backup/Quanser_Academic_Resources/6_teaching/4_Autonomous_Systems/SDCS/skills_activities/05-environment_interpretation) by extensions ['ros']
[2.680s] Level 1:colcon.colcon_core.package_identification:_identify(backup/Quanser_Academic_Resources/6_teaching/4_Autonomous_Systems/SDCS/skills_activities/05-environment_interpretation) by extension 'ros'
[2.681s] Level 1:colcon.colcon_core.package_identification:_identify(backup/Quanser_Academic_Resources/6_teaching/4_Autonomous_Systems/SDCS/skills_activities/05-environment_interpretation) by extensions ['cmake', 'python']
[2.681s] Level 1:colcon.colcon_core.package_identification:_identify(backup/Quanser_Academic_Resources/6_teaching/4_Autonomous_Systems/SDCS/skills_activities/05-environment_interpretation) by extension 'cmake'
[2.681s] Level 1:colcon.colcon_core.package_identification:_identify(backup/Quanser_Academic_Resources/6_teaching/4_Autonomous_Systems/SDCS/skills_activities/05-environment_interpretation) by extension 'python'
[2.681s] Level 1:colcon.colcon_core.package_identification:_identify(backup/Quanser_Academic_Resources/6_teaching/4_Autonomous_Systems/SDCS/skills_activities/05-environment_interpretation) by extensions ['python_setup_py']
[2.681s] Level 1:colcon.colcon_core.package_identification:_identify(backup/Quanser_Academic_Resources/6_teaching/4_Autonomous_Systems/SDCS/skills_activities/05-environment_interpretation) by extension 'python_setup_py'
[2.681s] Level 1:colcon.colcon_core.package_identification:_identify(backup/Quanser_Academic_Resources/6_teaching/4_Autonomous_Systems/SDCS/skills_activities/06-lane_keeping) by extensions ['ignore', 'ignore_ament_install']
[2.681s] Level 1:colcon.colcon_core.package_identification:_identify(backup/Quanser_Academic_Resources/6_teaching/4_Autonomous_Systems/SDCS/skills_activities/06-lane_keeping) by extension 'ignore'
[2.681s] Level 1:colcon.colcon_core.package_identification:_identify(backup/Quanser_Academic_Resources/6_teaching/4_Autonomous_Systems/SDCS/skills_activities/06-lane_keeping) by extension 'ignore_ament_install'
[2.681s] Level 1:colcon.colcon_core.package_identification:_identify(backup/Quanser_Academic_Resources/6_teaching/4_Autonomous_Systems/SDCS/skills_activities/06-lane_keeping) by extensions ['colcon_pkg']
[2.681s] Level 1:colcon.colcon_core.package_identification:_identify(backup/Quanser_Academic_Resources/6_teaching/4_Autonomous_Systems/SDCS/skills_activities/06-lane_keeping) by extension 'colcon_pkg'
[2.681s] Level 1:colcon.colcon_core.package_identification:_identify(backup/Quanser_Academic_Resources/6_teaching/4_Autonomous_Systems/SDCS/skills_activities/06-lane_keeping) by extensions ['colcon_meta']
[2.681s] Level 1:colcon.colcon_core.package_identification:_identify(backup/Quanser_Academic_Resources/6_teaching/4_Autonomous_Systems/SDCS/skills_activities/06-lane_keeping) by extension 'colcon_meta'
[2.681s] Level 1:colcon.colcon_core.package_identification:_identify(backup/Quanser_Academic_Resources/6_teaching/4_Autonomous_Systems/SDCS/skills_activities/06-lane_keeping) by extensions ['ros']
[2.681s] Level 1:colcon.colcon_core.package_identification:_identify(backup/Quanser_Academic_Resources/6_teaching/4_Autonomous_Systems/SDCS/skills_activities/06-lane_keeping) by extension 'ros'
[2.681s] Level 1:colcon.colcon_core.package_identification:_identify(backup/Quanser_Academic_Resources/6_teaching/4_Autonomous_Systems/SDCS/skills_activities/06-lane_keeping) by extensions ['cmake', 'python']
[2.681s] Level 1:colcon.colcon_core.package_identification:_identify(backup/Quanser_Academic_Resources/6_teaching/4_Autonomous_Systems/SDCS/skills_activities/06-lane_keeping) by extension 'cmake'
[2.681s] Level 1:colcon.colcon_core.package_identification:_identify(backup/Quanser_Academic_Resources/6_teaching/4_Autonomous_Systems/SDCS/skills_activities/06-lane_keeping) by extension 'python'
[2.681s] Level 1:colcon.colcon_core.package_identification:_identify(backup/Quanser_Academic_Resources/6_teaching/4_Autonomous_Systems/SDCS/skills_activities/06-lane_keeping) by extensions ['python_setup_py']
[2.681s] Level 1:colcon.colcon_core.package_identification:_identify(backup/Quanser_Academic_Resources/6_teaching/4_Autonomous_Systems/SDCS/skills_activities/06-lane_keeping) by extension 'python_setup_py'
[2.681s] Level 1:colcon.colcon_core.package_identification:_identify(backup/Quanser_Academic_Resources/6_teaching/4_Autonomous_Systems/SDCS/skills_activities/07-object_detection) by extensions ['ignore', 'ignore_ament_install']
[2.681s] Level 1:colcon.colcon_core.package_identification:_identify(backup/Quanser_Academic_Resources/6_teaching/4_Autonomous_Systems/SDCS/skills_activities/07-object_detection) by extension 'ignore'
[2.681s] Level 1:colcon.colcon_core.package_identification:_identify(backup/Quanser_Academic_Resources/6_teaching/4_Autonomous_Systems/SDCS/skills_activities/07-object_detection) by extension 'ignore_ament_install'
[2.681s] Level 1:colcon.colcon_core.package_identification:_identify(backup/Quanser_Academic_Resources/6_teaching/4_Autonomous_Systems/SDCS/skills_activities/07-object_detection) by extensions ['colcon_pkg']
[2.681s] Level 1:colcon.colcon_core.package_identification:_identify(backup/Quanser_Academic_Resources/6_teaching/4_Autonomous_Systems/SDCS/skills_activities/07-object_detection) by extension 'colcon_pkg'
[2.681s] Level 1:colcon.colcon_core.package_identification:_identify(backup/Quanser_Academic_Resources/6_teaching/4_Autonomous_Systems/SDCS/skills_activities/07-object_detection) by extensions ['colcon_meta']
[2.681s] Level 1:colcon.colcon_core.package_identification:_identify(backup/Quanser_Academic_Resources/6_teaching/4_Autonomous_Systems/SDCS/skills_activities/07-object_detection) by extension 'colcon_meta'
[2.681s] Level 1:colcon.colcon_core.package_identification:_identify(backup/Quanser_Academic_Resources/6_teaching/4_Autonomous_Systems/SDCS/skills_activities/07-object_detection) by extensions ['ros']
[2.681s] Level 1:colcon.colcon_core.package_identification:_identify(backup/Quanser_Academic_Resources/6_teaching/4_Autonomous_Systems/SDCS/skills_activities/07-object_detection) by extension 'ros'
[2.681s] Level 1:colcon.colcon_core.package_identification:_identify(backup/Quanser_Academic_Resources/6_teaching/4_Autonomous_Systems/SDCS/skills_activities/07-object_detection) by extensions ['cmake', 'python']
[2.681s] Level 1:colcon.colcon_core.package_identification:_identify(backup/Quanser_Academic_Resources/6_teaching/4_Autonomous_Systems/SDCS/skills_activities/07-object_detection) by extension 'cmake'
[2.681s] Level 1:colcon.colcon_core.package_identification:_identify(backup/Quanser_Academic_Resources/6_teaching/4_Autonomous_Systems/SDCS/skills_activities/07-object_detection) by extension 'python'
[2.682s] Level 1:colcon.colcon_core.package_identification:_identify(backup/Quanser_Academic_Resources/6_teaching/4_Autonomous_Systems/SDCS/skills_activities/07-object_detection) by extensions ['python_setup_py']
[2.682s] Level 1:colcon.colcon_core.package_identification:_identify(backup/Quanser_Academic_Resources/6_teaching/4_Autonomous_Systems/SDCS/skills_activities/07-object_detection) by extension 'python_setup_py'
[2.682s] Level 1:colcon.colcon_core.package_identification:_identify(backup/Quanser_Academic_Resources/docs) by extensions ['ignore', 'ignore_ament_install']
[2.682s] Level 1:colcon.colcon_core.package_identification:_identify(backup/Quanser_Academic_Resources/docs) by extension 'ignore'
[2.682s] Level 1:colcon.colcon_core.package_identification:_identify(backup/Quanser_Academic_Resources/docs) by extension 'ignore_ament_install'
[2.682s] Level 1:colcon.colcon_core.package_identification:_identify(backup/Quanser_Academic_Resources/docs) by extensions ['colcon_pkg']
[2.682s] Level 1:colcon.colcon_core.package_identification:_identify(backup/Quanser_Academic_Resources/docs) by extension 'colcon_pkg'
[2.682s] Level 1:colcon.colcon_core.package_identification:_identify(backup/Quanser_Academic_Resources/docs) by extensions ['colcon_meta']
[2.682s] Level 1:colcon.colcon_core.package_identification:_identify(backup/Quanser_Academic_Resources/docs) by extension 'colcon_meta'
[2.682s] Level 1:colcon.colcon_core.package_identification:_identify(backup/Quanser_Academic_Resources/docs) by extensions ['ros']
[2.682s] Level 1:colcon.colcon_core.package_identification:_identify(backup/Quanser_Academic_Resources/docs) by extension 'ros'
[2.682s] Level 1:colcon.colcon_core.package_identification:_identify(backup/Quanser_Academic_Resources/docs) by extensions ['cmake', 'python']
[2.682s] Level 1:colcon.colcon_core.package_identification:_identify(backup/Quanser_Academic_Resources/docs) by extension 'cmake'
[2.682s] Level 1:colcon.colcon_core.package_identification:_identify(backup/Quanser_Academic_Resources/docs) by extension 'python'
[2.682s] Level 1:colcon.colcon_core.package_identification:_identify(backup/Quanser_Academic_Resources/docs) by extensions ['python_setup_py']
[2.682s] Level 1:colcon.colcon_core.package_identification:_identify(backup/Quanser_Academic_Resources/docs) by extension 'python_setup_py'
[2.682s] Level 1:colcon.colcon_core.package_identification:_identify(backup/Quanser_Academic_Resources/docs/images) by extensions ['ignore', 'ignore_ament_install']
[2.682s] Level 1:colcon.colcon_core.package_identification:_identify(backup/Quanser_Academic_Resources/docs/images) by extension 'ignore'
[2.682s] Level 1:colcon.colcon_core.package_identification:_identify(backup/Quanser_Academic_Resources/docs/images) by extension 'ignore_ament_install'
[2.682s] Level 1:colcon.colcon_core.package_identification:_identify(backup/Quanser_Academic_Resources/docs/images) by extensions ['colcon_pkg']
[2.682s] Level 1:colcon.colcon_core.package_identification:_identify(backup/Quanser_Academic_Resources/docs/images) by extension 'colcon_pkg'
[2.682s] Level 1:colcon.colcon_core.package_identification:_identify(backup/Quanser_Academic_Resources/docs/images) by extensions ['colcon_meta']
[2.682s] Level 1:colcon.colcon_core.package_identification:_identify(backup/Quanser_Academic_Resources/docs/images) by extension 'colcon_meta'
[2.682s] Level 1:colcon.colcon_core.package_identification:_identify(backup/Quanser_Academic_Resources/docs/images) by extensions ['ros']
[2.682s] Level 1:colcon.colcon_core.package_identification:_identify(backup/Quanser_Academic_Resources/docs/images) by extension 'ros'
[2.682s] Level 1:colcon.colcon_core.package_identification:_identify(backup/Quanser_Academic_Resources/docs/images) by extensions ['cmake', 'python']
[2.682s] Level 1:colcon.colcon_core.package_identification:_identify(backup/Quanser_Academic_Resources/docs/images) by extension 'cmake'
[2.682s] Level 1:colcon.colcon_core.package_identification:_identify(backup/Quanser_Academic_Resources/docs/images) by extension 'python'
[2.682s] Level 1:colcon.colcon_core.package_identification:_identify(backup/Quanser_Academic_Resources/docs/images) by extensions ['python_setup_py']
[2.682s] Level 1:colcon.colcon_core.package_identification:_identify(backup/Quanser_Academic_Resources/docs/images) by extension 'python_setup_py'
[2.683s] Level 1:colcon.colcon_core.package_identification:_identify(backup/student-competition-resources-ros) by extensions ['ignore', 'ignore_ament_install']
[2.683s] Level 1:colcon.colcon_core.package_identification:_identify(backup/student-competition-resources-ros) by extension 'ignore'
[2.683s] Level 1:colcon.colcon_core.package_identification:_identify(backup/student-competition-resources-ros) by extension 'ignore_ament_install'
[2.683s] Level 1:colcon.colcon_core.package_identification:_identify(backup/student-competition-resources-ros) by extensions ['colcon_pkg']
[2.683s] Level 1:colcon.colcon_core.package_identification:_identify(backup/student-competition-resources-ros) by extension 'colcon_pkg'
[2.683s] Level 1:colcon.colcon_core.package_identification:_identify(backup/student-competition-resources-ros) by extensions ['colcon_meta']
[2.683s] Level 1:colcon.colcon_core.package_identification:_identify(backup/student-competition-resources-ros) by extension 'colcon_meta'
[2.683s] Level 1:colcon.colcon_core.package_identification:_identify(backup/student-competition-resources-ros) by extensions ['ros']
[2.683s] Level 1:colcon.colcon_core.package_identification:_identify(backup/student-competition-resources-ros) by extension 'ros'
[2.683s] Level 1:colcon.colcon_core.package_identification:_identify(backup/student-competition-resources-ros) by extensions ['cmake', 'python']
[2.683s] Level 1:colcon.colcon_core.package_identification:_identify(backup/student-competition-resources-ros) by extension 'cmake'
[2.683s] Level 1:colcon.colcon_core.package_identification:_identify(backup/student-competition-resources-ros) by extension 'python'
[2.683s] Level 1:colcon.colcon_core.package_identification:_identify(backup/student-competition-resources-ros) by extensions ['python_setup_py']
[2.683s] Level 1:colcon.colcon_core.package_identification:_identify(backup/student-competition-resources-ros) by extension 'python_setup_py'
[2.683s] Level 1:colcon.colcon_core.package_identification:_identify(backup/student-competition-resources-ros/Pictures) by extensions ['ignore', 'ignore_ament_install']
[2.683s] Level 1:colcon.colcon_core.package_identification:_identify(backup/student-competition-resources-ros/Pictures) by extension 'ignore'
[2.683s] Level 1:colcon.colcon_core.package_identification:_identify(backup/student-competition-resources-ros/Pictures) by extension 'ignore_ament_install'
[2.683s] Level 1:colcon.colcon_core.package_identification:_identify(backup/student-competition-resources-ros/Pictures) by extensions ['colcon_pkg']
[2.683s] Level 1:colcon.colcon_core.package_identification:_identify(backup/student-competition-resources-ros/Pictures) by extension 'colcon_pkg'
[2.683s] Level 1:colcon.colcon_core.package_identification:_identify(backup/student-competition-resources-ros/Pictures) by extensions ['colcon_meta']
[2.683s] Level 1:colcon.colcon_core.package_identification:_identify(backup/student-competition-resources-ros/Pictures) by extension 'colcon_meta'
[2.683s] Level 1:colcon.colcon_core.package_identification:_identify(backup/student-competition-resources-ros/Pictures) by extensions ['ros']
[2.683s] Level 1:colcon.colcon_core.package_identification:_identify(backup/student-competition-resources-ros/Pictures) by extension 'ros'
[2.683s] Level 1:colcon.colcon_core.package_identification:_identify(backup/student-competition-resources-ros/Pictures) by extensions ['cmake', 'python']
[2.683s] Level 1:colcon.colcon_core.package_identification:_identify(backup/student-competition-resources-ros/Pictures) by extension 'cmake'
[2.683s] Level 1:colcon.colcon_core.package_identification:_identify(backup/student-competition-resources-ros/Pictures) by extension 'python'
[2.683s] Level 1:colcon.colcon_core.package_identification:_identify(backup/student-competition-resources-ros/Pictures) by extensions ['python_setup_py']
[2.683s] Level 1:colcon.colcon_core.package_identification:_identify(backup/student-competition-resources-ros/Pictures) by extension 'python_setup_py'
[2.684s] Level 1:colcon.colcon_core.package_identification:_identify(backup/student-competition-resources-ros/Virtual_ROS_Resources) by extensions ['ignore', 'ignore_ament_install']
[2.684s] Level 1:colcon.colcon_core.package_identification:_identify(backup/student-competition-resources-ros/Virtual_ROS_Resources) by extension 'ignore'
[2.684s] Level 1:colcon.colcon_core.package_identification:_identify(backup/student-competition-resources-ros/Virtual_ROS_Resources) by extension 'ignore_ament_install'
[2.684s] Level 1:colcon.colcon_core.package_identification:_identify(backup/student-competition-resources-ros/Virtual_ROS_Resources) by extensions ['colcon_pkg']
[2.684s] Level 1:colcon.colcon_core.package_identification:_identify(backup/student-competition-resources-ros/Virtual_ROS_Resources) by extension 'colcon_pkg'
[2.684s] Level 1:colcon.colcon_core.package_identification:_identify(backup/student-competition-resources-ros/Virtual_ROS_Resources) by extensions ['colcon_meta']
[2.684s] Level 1:colcon.colcon_core.package_identification:_identify(backup/student-competition-resources-ros/Virtual_ROS_Resources) by extension 'colcon_meta'
[2.684s] Level 1:colcon.colcon_core.package_identification:_identify(backup/student-competition-resources-ros/Virtual_ROS_Resources) by extensions ['ros']
[2.684s] Level 1:colcon.colcon_core.package_identification:_identify(backup/student-competition-resources-ros/Virtual_ROS_Resources) by extension 'ros'
[2.684s] Level 1:colcon.colcon_core.package_identification:_identify(backup/student-competition-resources-ros/Virtual_ROS_Resources) by extensions ['cmake', 'python']
[2.684s] Level 1:colcon.colcon_core.package_identification:_identify(backup/student-competition-resources-ros/Virtual_ROS_Resources) by extension 'cmake'
[2.684s] Level 1:colcon.colcon_core.package_identification:_identify(backup/student-competition-resources-ros/Virtual_ROS_Resources) by extension 'python'
[2.684s] Level 1:colcon.colcon_core.package_identification:_identify(backup/student-competition-resources-ros/Virtual_ROS_Resources) by extensions ['python_setup_py']
[2.684s] Level 1:colcon.colcon_core.package_identification:_identify(backup/student-competition-resources-ros/Virtual_ROS_Resources) by extension 'python_setup_py'
[2.684s] Level 1:colcon.colcon_core.package_identification:_identify(backup/student-competition-resources-ros/Virtual_ROS_Resources/env_setup) by extensions ['ignore', 'ignore_ament_install']
[2.684s] Level 1:colcon.colcon_core.package_identification:_identify(backup/student-competition-resources-ros/Virtual_ROS_Resources/env_setup) by extension 'ignore'
[2.684s] Level 1:colcon.colcon_core.package_identification:_identify(backup/student-competition-resources-ros/Virtual_ROS_Resources/env_setup) by extension 'ignore_ament_install'
[2.684s] Level 1:colcon.colcon_core.package_identification:_identify(backup/student-competition-resources-ros/Virtual_ROS_Resources/env_setup) by extensions ['colcon_pkg']
[2.684s] Level 1:colcon.colcon_core.package_identification:_identify(backup/student-competition-resources-ros/Virtual_ROS_Resources/env_setup) by extension 'colcon_pkg'
[2.684s] Level 1:colcon.colcon_core.package_identification:_identify(backup/student-competition-resources-ros/Virtual_ROS_Resources/env_setup) by extensions ['colcon_meta']
[2.684s] Level 1:colcon.colcon_core.package_identification:_identify(backup/student-competition-resources-ros/Virtual_ROS_Resources/env_setup) by extension 'colcon_meta'
[2.684s] Level 1:colcon.colcon_core.package_identification:_identify(backup/student-competition-resources-ros/Virtual_ROS_Resources/env_setup) by extensions ['ros']
[2.684s] Level 1:colcon.colcon_core.package_identification:_identify(backup/student-competition-resources-ros/Virtual_ROS_Resources/env_setup) by extension 'ros'
[2.684s] Level 1:colcon.colcon_core.package_identification:_identify(backup/student-competition-resources-ros/Virtual_ROS_Resources/env_setup) by extensions ['cmake', 'python']
[2.684s] Level 1:colcon.colcon_core.package_identification:_identify(backup/student-competition-resources-ros/Virtual_ROS_Resources/env_setup) by extension 'cmake'
[2.684s] Level 1:colcon.colcon_core.package_identification:_identify(backup/student-competition-resources-ros/Virtual_ROS_Resources/env_setup) by extension 'python'
[2.684s] Level 1:colcon.colcon_core.package_identification:_identify(backup/student-competition-resources-ros/Virtual_ROS_Resources/env_setup) by extensions ['python_setup_py']
[2.684s] Level 1:colcon.colcon_core.package_identification:_identify(backup/student-competition-resources-ros/Virtual_ROS_Resources/env_setup) by extension 'python_setup_py'
[2.684s] Level 1:colcon.colcon_core.package_identification:_identify(backup/student-competition-resources-ros/Virtual_ROS_Resources/env_setup/docker_resources) by extensions ['ignore', 'ignore_ament_install']
[2.685s] Level 1:colcon.colcon_core.package_identification:_identify(backup/student-competition-resources-ros/Virtual_ROS_Resources/env_setup/docker_resources) by extension 'ignore'
[2.685s] Level 1:colcon.colcon_core.package_identification:_identify(backup/student-competition-resources-ros/Virtual_ROS_Resources/env_setup/docker_resources) by extension 'ignore_ament_install'
[2.685s] Level 1:colcon.colcon_core.package_identification:_identify(backup/student-competition-resources-ros/Virtual_ROS_Resources/env_setup/docker_resources) by extensions ['colcon_pkg']
[2.685s] Level 1:colcon.colcon_core.package_identification:_identify(backup/student-competition-resources-ros/Virtual_ROS_Resources/env_setup/docker_resources) by extension 'colcon_pkg'
[2.685s] Level 1:colcon.colcon_core.package_identification:_identify(backup/student-competition-resources-ros/Virtual_ROS_Resources/env_setup/docker_resources) by extensions ['colcon_meta']
[2.685s] Level 1:colcon.colcon_core.package_identification:_identify(backup/student-competition-resources-ros/Virtual_ROS_Resources/env_setup/docker_resources) by extension 'colcon_meta'
[2.685s] Level 1:colcon.colcon_core.package_identification:_identify(backup/student-competition-resources-ros/Virtual_ROS_Resources/env_setup/docker_resources) by extensions ['ros']
[2.685s] Level 1:colcon.colcon_core.package_identification:_identify(backup/student-competition-resources-ros/Virtual_ROS_Resources/env_setup/docker_resources) by extension 'ros'
[2.685s] Level 1:colcon.colcon_core.package_identification:_identify(backup/student-competition-resources-ros/Virtual_ROS_Resources/env_setup/docker_resources) by extensions ['cmake', 'python']
[2.685s] Level 1:colcon.colcon_core.package_identification:_identify(backup/student-competition-resources-ros/Virtual_ROS_Resources/env_setup/docker_resources) by extension 'cmake'
[2.685s] Level 1:colcon.colcon_core.package_identification:_identify(backup/student-competition-resources-ros/Virtual_ROS_Resources/env_setup/docker_resources) by extension 'python'
[2.685s] Level 1:colcon.colcon_core.package_identification:_identify(backup/student-competition-resources-ros/Virtual_ROS_Resources/env_setup/docker_resources) by extensions ['python_setup_py']
[2.685s] Level 1:colcon.colcon_core.package_identification:_identify(backup/student-competition-resources-ros/Virtual_ROS_Resources/env_setup/docker_resources) by extension 'python_setup_py'
[2.685s] Level 1:colcon.colcon_core.package_identification:_identify(backup/student-competition-resources-ros/Virtual_ROS_Resources/env_setup/docker_resources/development_docker) by extensions ['ignore', 'ignore_ament_install']
[2.685s] Level 1:colcon.colcon_core.package_identification:_identify(backup/student-competition-resources-ros/Virtual_ROS_Resources/env_setup/docker_resources/development_docker) by extension 'ignore'
[2.685s] Level 1:colcon.colcon_core.package_identification:_identify(backup/student-competition-resources-ros/Virtual_ROS_Resources/env_setup/docker_resources/development_docker) by extension 'ignore_ament_install'
[2.685s] Level 1:colcon.colcon_core.package_identification:_identify(backup/student-competition-resources-ros/Virtual_ROS_Resources/env_setup/docker_resources/development_docker) by extensions ['colcon_pkg']
[2.685s] Level 1:colcon.colcon_core.package_identification:_identify(backup/student-competition-resources-ros/Virtual_ROS_Resources/env_setup/docker_resources/development_docker) by extension 'colcon_pkg'
[2.685s] Level 1:colcon.colcon_core.package_identification:_identify(backup/student-competition-resources-ros/Virtual_ROS_Resources/env_setup/docker_resources/development_docker) by extensions ['colcon_meta']
[2.685s] Level 1:colcon.colcon_core.package_identification:_identify(backup/student-competition-resources-ros/Virtual_ROS_Resources/env_setup/docker_resources/development_docker) by extension 'colcon_meta'
[2.685s] Level 1:colcon.colcon_core.package_identification:_identify(backup/student-competition-resources-ros/Virtual_ROS_Resources/env_setup/docker_resources/development_docker) by extensions ['ros']
[2.685s] Level 1:colcon.colcon_core.package_identification:_identify(backup/student-competition-resources-ros/Virtual_ROS_Resources/env_setup/docker_resources/development_docker) by extension 'ros'
[2.685s] Level 1:colcon.colcon_core.package_identification:_identify(backup/student-competition-resources-ros/Virtual_ROS_Resources/env_setup/docker_resources/development_docker) by extensions ['cmake', 'python']
[2.685s] Level 1:colcon.colcon_core.package_identification:_identify(backup/student-competition-resources-ros/Virtual_ROS_Resources/env_setup/docker_resources/development_docker) by extension 'cmake'
[2.685s] Level 1:colcon.colcon_core.package_identification:_identify(backup/student-competition-resources-ros/Virtual_ROS_Resources/env_setup/docker_resources/development_docker) by extension 'python'
[2.685s] Level 1:colcon.colcon_core.package_identification:_identify(backup/student-competition-resources-ros/Virtual_ROS_Resources/env_setup/docker_resources/development_docker) by extensions ['python_setup_py']
[2.685s] Level 1:colcon.colcon_core.package_identification:_identify(backup/student-competition-resources-ros/Virtual_ROS_Resources/env_setup/docker_resources/development_docker) by extension 'python_setup_py'
[2.685s] Level 1:colcon.colcon_core.package_identification:_identify(backup/student-competition-resources-ros/Virtual_ROS_Resources/env_setup/docker_resources/development_docker/debian) by extensions ['ignore', 'ignore_ament_install']
[2.685s] Level 1:colcon.colcon_core.package_identification:_identify(backup/student-competition-resources-ros/Virtual_ROS_Resources/env_setup/docker_resources/development_docker/debian) by extension 'ignore'
[2.685s] Level 1:colcon.colcon_core.package_identification:_identify(backup/student-competition-resources-ros/Virtual_ROS_Resources/env_setup/docker_resources/development_docker/debian) by extension 'ignore_ament_install'
[2.686s] Level 1:colcon.colcon_core.package_identification:_identify(backup/student-competition-resources-ros/Virtual_ROS_Resources/env_setup/docker_resources/development_docker/debian) by extensions ['colcon_pkg']
[2.686s] Level 1:colcon.colcon_core.package_identification:_identify(backup/student-competition-resources-ros/Virtual_ROS_Resources/env_setup/docker_resources/development_docker/debian) by extension 'colcon_pkg'
[2.686s] Level 1:colcon.colcon_core.package_identification:_identify(backup/student-competition-resources-ros/Virtual_ROS_Resources/env_setup/docker_resources/development_docker/debian) by extensions ['colcon_meta']
[2.686s] Level 1:colcon.colcon_core.package_identification:_identify(backup/student-competition-resources-ros/Virtual_ROS_Resources/env_setup/docker_resources/development_docker/debian) by extension 'colcon_meta'
[2.686s] Level 1:colcon.colcon_core.package_identification:_identify(backup/student-competition-resources-ros/Virtual_ROS_Resources/env_setup/docker_resources/development_docker/debian) by extensions ['ros']
[2.686s] Level 1:colcon.colcon_core.package_identification:_identify(backup/student-competition-resources-ros/Virtual_ROS_Resources/env_setup/docker_resources/development_docker/debian) by extension 'ros'
[2.686s] Level 1:colcon.colcon_core.package_identification:_identify(backup/student-competition-resources-ros/Virtual_ROS_Resources/env_setup/docker_resources/development_docker/debian) by extensions ['cmake', 'python']
[2.686s] Level 1:colcon.colcon_core.package_identification:_identify(backup/student-competition-resources-ros/Virtual_ROS_Resources/env_setup/docker_resources/development_docker/debian) by extension 'cmake'
[2.686s] Level 1:colcon.colcon_core.package_identification:_identify(backup/student-competition-resources-ros/Virtual_ROS_Resources/env_setup/docker_resources/development_docker/debian) by extension 'python'
[2.686s] Level 1:colcon.colcon_core.package_identification:_identify(backup/student-competition-resources-ros/Virtual_ROS_Resources/env_setup/docker_resources/development_docker/debian) by extensions ['python_setup_py']
[2.686s] Level 1:colcon.colcon_core.package_identification:_identify(backup/student-competition-resources-ros/Virtual_ROS_Resources/env_setup/docker_resources/development_docker/debian) by extension 'python_setup_py'
[2.686s] Level 1:colcon.colcon_core.package_identification:_identify(backup/student-competition-resources-ros/Virtual_ROS_Resources/env_setup/docker_resources/development_docker/isaac_ros_common_config) by extensions ['ignore', 'ignore_ament_install']
[2.686s] Level 1:colcon.colcon_core.package_identification:_identify(backup/student-competition-resources-ros/Virtual_ROS_Resources/env_setup/docker_resources/development_docker/isaac_ros_common_config) by extension 'ignore'
[2.686s] Level 1:colcon.colcon_core.package_identification:_identify(backup/student-competition-resources-ros/Virtual_ROS_Resources/env_setup/docker_resources/development_docker/isaac_ros_common_config) by extension 'ignore_ament_install'
[2.686s] Level 1:colcon.colcon_core.package_identification:_identify(backup/student-competition-resources-ros/Virtual_ROS_Resources/env_setup/docker_resources/development_docker/isaac_ros_common_config) by extensions ['colcon_pkg']
[2.686s] Level 1:colcon.colcon_core.package_identification:_identify(backup/student-competition-resources-ros/Virtual_ROS_Resources/env_setup/docker_resources/development_docker/isaac_ros_common_config) by extension 'colcon_pkg'
[2.686s] Level 1:colcon.colcon_core.package_identification:_identify(backup/student-competition-resources-ros/Virtual_ROS_Resources/env_setup/docker_resources/development_docker/isaac_ros_common_config) by extensions ['colcon_meta']
[2.686s] Level 1:colcon.colcon_core.package_identification:_identify(backup/student-competition-resources-ros/Virtual_ROS_Resources/env_setup/docker_resources/development_docker/isaac_ros_common_config) by extension 'colcon_meta'
[2.686s] Level 1:colcon.colcon_core.package_identification:_identify(backup/student-competition-resources-ros/Virtual_ROS_Resources/env_setup/docker_resources/development_docker/isaac_ros_common_config) by extensions ['ros']
[2.686s] Level 1:colcon.colcon_core.package_identification:_identify(backup/student-competition-resources-ros/Virtual_ROS_Resources/env_setup/docker_resources/development_docker/isaac_ros_common_config) by extension 'ros'
[2.686s] Level 1:colcon.colcon_core.package_identification:_identify(backup/student-competition-resources-ros/Virtual_ROS_Resources/env_setup/docker_resources/development_docker/isaac_ros_common_config) by extensions ['cmake', 'python']
[2.686s] Level 1:colcon.colcon_core.package_identification:_identify(backup/student-competition-resources-ros/Virtual_ROS_Resources/env_setup/docker_resources/development_docker/isaac_ros_common_config) by extension 'cmake'
[2.686s] Level 1:colcon.colcon_core.package_identification:_identify(backup/student-competition-resources-ros/Virtual_ROS_Resources/env_setup/docker_resources/development_docker/isaac_ros_common_config) by extension 'python'
[2.686s] Level 1:colcon.colcon_core.package_identification:_identify(backup/student-competition-resources-ros/Virtual_ROS_Resources/env_setup/docker_resources/development_docker/isaac_ros_common_config) by extensions ['python_setup_py']
[2.686s] Level 1:colcon.colcon_core.package_identification:_identify(backup/student-competition-resources-ros/Virtual_ROS_Resources/env_setup/docker_resources/development_docker/isaac_ros_common_config) by extension 'python_setup_py'
[2.686s] Level 1:colcon.colcon_core.package_identification:_identify(backup/student-competition-resources-ros/Virtual_ROS_Resources/env_setup/docker_resources/development_docker/quanser_dev_docker_files) by extensions ['ignore', 'ignore_ament_install']
[2.686s] Level 1:colcon.colcon_core.package_identification:_identify(backup/student-competition-resources-ros/Virtual_ROS_Resources/env_setup/docker_resources/development_docker/quanser_dev_docker_files) by extension 'ignore'
[2.686s] Level 1:colcon.colcon_core.package_identification:_identify(backup/student-competition-resources-ros/Virtual_ROS_Resources/env_setup/docker_resources/development_docker/quanser_dev_docker_files) by extension 'ignore_ament_install'
[2.686s] Level 1:colcon.colcon_core.package_identification:_identify(backup/student-competition-resources-ros/Virtual_ROS_Resources/env_setup/docker_resources/development_docker/quanser_dev_docker_files) by extensions ['colcon_pkg']
[2.686s] Level 1:colcon.colcon_core.package_identification:_identify(backup/student-competition-resources-ros/Virtual_ROS_Resources/env_setup/docker_resources/development_docker/quanser_dev_docker_files) by extension 'colcon_pkg'
[2.687s] Level 1:colcon.colcon_core.package_identification:_identify(backup/student-competition-resources-ros/Virtual_ROS_Resources/env_setup/docker_resources/development_docker/quanser_dev_docker_files) by extensions ['colcon_meta']
[2.687s] Level 1:colcon.colcon_core.package_identification:_identify(backup/student-competition-resources-ros/Virtual_ROS_Resources/env_setup/docker_resources/development_docker/quanser_dev_docker_files) by extension 'colcon_meta'
[2.687s] Level 1:colcon.colcon_core.package_identification:_identify(backup/student-competition-resources-ros/Virtual_ROS_Resources/env_setup/docker_resources/development_docker/quanser_dev_docker_files) by extensions ['ros']
[2.687s] Level 1:colcon.colcon_core.package_identification:_identify(backup/student-competition-resources-ros/Virtual_ROS_Resources/env_setup/docker_resources/development_docker/quanser_dev_docker_files) by extension 'ros'
[2.687s] Level 1:colcon.colcon_core.package_identification:_identify(backup/student-competition-resources-ros/Virtual_ROS_Resources/env_setup/docker_resources/development_docker/quanser_dev_docker_files) by extensions ['cmake', 'python']
[2.687s] Level 1:colcon.colcon_core.package_identification:_identify(backup/student-competition-resources-ros/Virtual_ROS_Resources/env_setup/docker_resources/development_docker/quanser_dev_docker_files) by extension 'cmake'
[2.687s] Level 1:colcon.colcon_core.package_identification:_identify(backup/student-competition-resources-ros/Virtual_ROS_Resources/env_setup/docker_resources/development_docker/quanser_dev_docker_files) by extension 'python'
[2.687s] Level 1:colcon.colcon_core.package_identification:_identify(backup/student-competition-resources-ros/Virtual_ROS_Resources/env_setup/docker_resources/development_docker/quanser_dev_docker_files) by extensions ['python_setup_py']
[2.687s] Level 1:colcon.colcon_core.package_identification:_identify(backup/student-competition-resources-ros/Virtual_ROS_Resources/env_setup/docker_resources/development_docker/quanser_dev_docker_files) by extension 'python_setup_py'
[2.687s] Level 1:colcon.colcon_core.package_identification:_identify(backup/student-competition-resources-ros/Virtual_ROS_Resources/env_setup/docker_resources/development_docker/quanser_dev_docker_files/debian) by extensions ['ignore', 'ignore_ament_install']
[2.687s] Level 1:colcon.colcon_core.package_identification:_identify(backup/student-competition-resources-ros/Virtual_ROS_Resources/env_setup/docker_resources/development_docker/quanser_dev_docker_files/debian) by extension 'ignore'
[2.687s] Level 1:colcon.colcon_core.package_identification:_identify(backup/student-competition-resources-ros/Virtual_ROS_Resources/env_setup/docker_resources/development_docker/quanser_dev_docker_files/debian) by extension 'ignore_ament_install'
[2.687s] Level 1:colcon.colcon_core.package_identification:_identify(backup/student-competition-resources-ros/Virtual_ROS_Resources/env_setup/docker_resources/development_docker/quanser_dev_docker_files/debian) by extensions ['colcon_pkg']
[2.687s] Level 1:colcon.colcon_core.package_identification:_identify(backup/student-competition-resources-ros/Virtual_ROS_Resources/env_setup/docker_resources/development_docker/quanser_dev_docker_files/debian) by extension 'colcon_pkg'
[2.687s] Level 1:colcon.colcon_core.package_identification:_identify(backup/student-competition-resources-ros/Virtual_ROS_Resources/env_setup/docker_resources/development_docker/quanser_dev_docker_files/debian) by extensions ['colcon_meta']
[2.687s] Level 1:colcon.colcon_core.package_identification:_identify(backup/student-competition-resources-ros/Virtual_ROS_Resources/env_setup/docker_resources/development_docker/quanser_dev_docker_files/debian) by extension 'colcon_meta'
[2.687s] Level 1:colcon.colcon_core.package_identification:_identify(backup/student-competition-resources-ros/Virtual_ROS_Resources/env_setup/docker_resources/development_docker/quanser_dev_docker_files/debian) by extensions ['ros']
[2.687s] Level 1:colcon.colcon_core.package_identification:_identify(backup/student-competition-resources-ros/Virtual_ROS_Resources/env_setup/docker_resources/development_docker/quanser_dev_docker_files/debian) by extension 'ros'
[2.687s] Level 1:colcon.colcon_core.package_identification:_identify(backup/student-competition-resources-ros/Virtual_ROS_Resources/env_setup/docker_resources/development_docker/quanser_dev_docker_files/debian) by extensions ['cmake', 'python']
[2.687s] Level 1:colcon.colcon_core.package_identification:_identify(backup/student-competition-resources-ros/Virtual_ROS_Resources/env_setup/docker_resources/development_docker/quanser_dev_docker_files/debian) by extension 'cmake'
[2.687s] Level 1:colcon.colcon_core.package_identification:_identify(backup/student-competition-resources-ros/Virtual_ROS_Resources/env_setup/docker_resources/development_docker/quanser_dev_docker_files/debian) by extension 'python'
[2.687s] Level 1:colcon.colcon_core.package_identification:_identify(backup/student-competition-resources-ros/Virtual_ROS_Resources/env_setup/docker_resources/development_docker/quanser_dev_docker_files/debian) by extensions ['python_setup_py']
[2.687s] Level 1:colcon.colcon_core.package_identification:_identify(backup/student-competition-resources-ros/Virtual_ROS_Resources/env_setup/docker_resources/development_docker/quanser_dev_docker_files/debian) by extension 'python_setup_py'
[2.687s] Level 1:colcon.colcon_core.package_identification:_identify(backup/student-competition-resources-ros/Virtual_ROS_Resources/env_setup/docker_resources/development_docker/quanser_dev_docker_files/miscs) by extensions ['ignore', 'ignore_ament_install']
[2.687s] Level 1:colcon.colcon_core.package_identification:_identify(backup/student-competition-resources-ros/Virtual_ROS_Resources/env_setup/docker_resources/development_docker/quanser_dev_docker_files/miscs) by extension 'ignore'
[2.687s] Level 1:colcon.colcon_core.package_identification:_identify(backup/student-competition-resources-ros/Virtual_ROS_Resources/env_setup/docker_resources/development_docker/quanser_dev_docker_files/miscs) by extension 'ignore_ament_install'
[2.687s] Level 1:colcon.colcon_core.package_identification:_identify(backup/student-competition-resources-ros/Virtual_ROS_Resources/env_setup/docker_resources/development_docker/quanser_dev_docker_files/miscs) by extensions ['colcon_pkg']
[2.687s] Level 1:colcon.colcon_core.package_identification:_identify(backup/student-competition-resources-ros/Virtual_ROS_Resources/env_setup/docker_resources/development_docker/quanser_dev_docker_files/miscs) by extension 'colcon_pkg'
[2.687s] Level 1:colcon.colcon_core.package_identification:_identify(backup/student-competition-resources-ros/Virtual_ROS_Resources/env_setup/docker_resources/development_docker/quanser_dev_docker_files/miscs) by extensions ['colcon_meta']
[2.687s] Level 1:colcon.colcon_core.package_identification:_identify(backup/student-competition-resources-ros/Virtual_ROS_Resources/env_setup/docker_resources/development_docker/quanser_dev_docker_files/miscs) by extension 'colcon_meta'
[2.688s] Level 1:colcon.colcon_core.package_identification:_identify(backup/student-competition-resources-ros/Virtual_ROS_Resources/env_setup/docker_resources/development_docker/quanser_dev_docker_files/miscs) by extensions ['ros']
[2.688s] Level 1:colcon.colcon_core.package_identification:_identify(backup/student-competition-resources-ros/Virtual_ROS_Resources/env_setup/docker_resources/development_docker/quanser_dev_docker_files/miscs) by extension 'ros'
[2.688s] Level 1:colcon.colcon_core.package_identification:_identify(backup/student-competition-resources-ros/Virtual_ROS_Resources/env_setup/docker_resources/development_docker/quanser_dev_docker_files/miscs) by extensions ['cmake', 'python']
[2.688s] Level 1:colcon.colcon_core.package_identification:_identify(backup/student-competition-resources-ros/Virtual_ROS_Resources/env_setup/docker_resources/development_docker/quanser_dev_docker_files/miscs) by extension 'cmake'
[2.688s] Level 1:colcon.colcon_core.package_identification:_identify(backup/student-competition-resources-ros/Virtual_ROS_Resources/env_setup/docker_resources/development_docker/quanser_dev_docker_files/miscs) by extension 'python'
[2.688s] Level 1:colcon.colcon_core.package_identification:_identify(backup/student-competition-resources-ros/Virtual_ROS_Resources/env_setup/docker_resources/development_docker/quanser_dev_docker_files/miscs) by extensions ['python_setup_py']
[2.688s] Level 1:colcon.colcon_core.package_identification:_identify(backup/student-competition-resources-ros/Virtual_ROS_Resources/env_setup/docker_resources/development_docker/quanser_dev_docker_files/miscs) by extension 'python_setup_py'
[2.688s] Level 1:colcon.colcon_core.package_identification:_identify(backup/student-competition-resources-ros/Virtual_ROS_Resources/env_setup/docker_resources/development_docker/scripts) by extensions ['ignore', 'ignore_ament_install']
[2.688s] Level 1:colcon.colcon_core.package_identification:_identify(backup/student-competition-resources-ros/Virtual_ROS_Resources/env_setup/docker_resources/development_docker/scripts) by extension 'ignore'
[2.688s] Level 1:colcon.colcon_core.package_identification:_identify(backup/student-competition-resources-ros/Virtual_ROS_Resources/env_setup/docker_resources/development_docker/scripts) by extension 'ignore_ament_install'
[2.688s] Level 1:colcon.colcon_core.package_identification:_identify(backup/student-competition-resources-ros/Virtual_ROS_Resources/env_setup/docker_resources/development_docker/scripts) by extensions ['colcon_pkg']
[2.688s] Level 1:colcon.colcon_core.package_identification:_identify(backup/student-competition-resources-ros/Virtual_ROS_Resources/env_setup/docker_resources/development_docker/scripts) by extension 'colcon_pkg'
[2.688s] Level 1:colcon.colcon_core.package_identification:_identify(backup/student-competition-resources-ros/Virtual_ROS_Resources/env_setup/docker_resources/development_docker/scripts) by extensions ['colcon_meta']
[2.688s] Level 1:colcon.colcon_core.package_identification:_identify(backup/student-competition-resources-ros/Virtual_ROS_Resources/env_setup/docker_resources/development_docker/scripts) by extension 'colcon_meta'
[2.688s] Level 1:colcon.colcon_core.package_identification:_identify(backup/student-competition-resources-ros/Virtual_ROS_Resources/env_setup/docker_resources/development_docker/scripts) by extensions ['ros']
[2.688s] Level 1:colcon.colcon_core.package_identification:_identify(backup/student-competition-resources-ros/Virtual_ROS_Resources/env_setup/docker_resources/development_docker/scripts) by extension 'ros'
[2.688s] Level 1:colcon.colcon_core.package_identification:_identify(backup/student-competition-resources-ros/Virtual_ROS_Resources/env_setup/docker_resources/development_docker/scripts) by extensions ['cmake', 'python']
[2.688s] Level 1:colcon.colcon_core.package_identification:_identify(backup/student-competition-resources-ros/Virtual_ROS_Resources/env_setup/docker_resources/development_docker/scripts) by extension 'cmake'
[2.688s] Level 1:colcon.colcon_core.package_identification:_identify(backup/student-competition-resources-ros/Virtual_ROS_Resources/env_setup/docker_resources/development_docker/scripts) by extension 'python'
[2.688s] Level 1:colcon.colcon_core.package_identification:_identify(backup/student-competition-resources-ros/Virtual_ROS_Resources/env_setup/docker_resources/development_docker/scripts) by extensions ['python_setup_py']
[2.688s] Level 1:colcon.colcon_core.package_identification:_identify(backup/student-competition-resources-ros/Virtual_ROS_Resources/env_setup/docker_resources/development_docker/scripts) by extension 'python_setup_py'
[2.688s] Level 1:colcon.colcon_core.package_identification:_identify(backup/student-competition-resources-ros/Virtual_ROS_Resources/env_setup/docker_resources/quanser_docker) by extensions ['ignore', 'ignore_ament_install']
[2.688s] Level 1:colcon.colcon_core.package_identification:_identify(backup/student-competition-resources-ros/Virtual_ROS_Resources/env_setup/docker_resources/quanser_docker) by extension 'ignore'
[2.688s] Level 1:colcon.colcon_core.package_identification:_identify(backup/student-competition-resources-ros/Virtual_ROS_Resources/env_setup/docker_resources/quanser_docker) by extension 'ignore_ament_install'
[2.688s] Level 1:colcon.colcon_core.package_identification:_identify(backup/student-competition-resources-ros/Virtual_ROS_Resources/env_setup/docker_resources/quanser_docker) by extensions ['colcon_pkg']
[2.688s] Level 1:colcon.colcon_core.package_identification:_identify(backup/student-competition-resources-ros/Virtual_ROS_Resources/env_setup/docker_resources/quanser_docker) by extension 'colcon_pkg'
[2.688s] Level 1:colcon.colcon_core.package_identification:_identify(backup/student-competition-resources-ros/Virtual_ROS_Resources/env_setup/docker_resources/quanser_docker) by extensions ['colcon_meta']
[2.688s] Level 1:colcon.colcon_core.package_identification:_identify(backup/student-competition-resources-ros/Virtual_ROS_Resources/env_setup/docker_resources/quanser_docker) by extension 'colcon_meta'
[2.688s] Level 1:colcon.colcon_core.package_identification:_identify(backup/student-competition-resources-ros/Virtual_ROS_Resources/env_setup/docker_resources/quanser_docker) by extensions ['ros']
[2.689s] Level 1:colcon.colcon_core.package_identification:_identify(backup/student-competition-resources-ros/Virtual_ROS_Resources/env_setup/docker_resources/quanser_docker) by extension 'ros'
[2.689s] Level 1:colcon.colcon_core.package_identification:_identify(backup/student-competition-resources-ros/Virtual_ROS_Resources/env_setup/docker_resources/quanser_docker) by extensions ['cmake', 'python']
[2.689s] Level 1:colcon.colcon_core.package_identification:_identify(backup/student-competition-resources-ros/Virtual_ROS_Resources/env_setup/docker_resources/quanser_docker) by extension 'cmake'
[2.689s] Level 1:colcon.colcon_core.package_identification:_identify(backup/student-competition-resources-ros/Virtual_ROS_Resources/env_setup/docker_resources/quanser_docker) by extension 'python'
[2.689s] Level 1:colcon.colcon_core.package_identification:_identify(backup/student-competition-resources-ros/Virtual_ROS_Resources/env_setup/docker_resources/quanser_docker) by extensions ['python_setup_py']
[2.689s] Level 1:colcon.colcon_core.package_identification:_identify(backup/student-competition-resources-ros/Virtual_ROS_Resources/env_setup/docker_resources/quanser_docker) by extension 'python_setup_py'
[2.689s] Level 1:colcon.colcon_core.package_identification:_identify(backup/student-competition-resources-ros/Virtual_ROS_Resources/env_setup/docker_resources/quanser_docker/misc) by extensions ['ignore', 'ignore_ament_install']
[2.689s] Level 1:colcon.colcon_core.package_identification:_identify(backup/student-competition-resources-ros/Virtual_ROS_Resources/env_setup/docker_resources/quanser_docker/misc) by extension 'ignore'
[2.689s] Level 1:colcon.colcon_core.package_identification:_identify(backup/student-competition-resources-ros/Virtual_ROS_Resources/env_setup/docker_resources/quanser_docker/misc) by extension 'ignore_ament_install'
[2.689s] Level 1:colcon.colcon_core.package_identification:_identify(backup/student-competition-resources-ros/Virtual_ROS_Resources/env_setup/docker_resources/quanser_docker/misc) by extensions ['colcon_pkg']
[2.689s] Level 1:colcon.colcon_core.package_identification:_identify(backup/student-competition-resources-ros/Virtual_ROS_Resources/env_setup/docker_resources/quanser_docker/misc) by extension 'colcon_pkg'
[2.689s] Level 1:colcon.colcon_core.package_identification:_identify(backup/student-competition-resources-ros/Virtual_ROS_Resources/env_setup/docker_resources/quanser_docker/misc) by extensions ['colcon_meta']
[2.689s] Level 1:colcon.colcon_core.package_identification:_identify(backup/student-competition-resources-ros/Virtual_ROS_Resources/env_setup/docker_resources/quanser_docker/misc) by extension 'colcon_meta'
[2.689s] Level 1:colcon.colcon_core.package_identification:_identify(backup/student-competition-resources-ros/Virtual_ROS_Resources/env_setup/docker_resources/quanser_docker/misc) by extensions ['ros']
[2.689s] Level 1:colcon.colcon_core.package_identification:_identify(backup/student-competition-resources-ros/Virtual_ROS_Resources/env_setup/docker_resources/quanser_docker/misc) by extension 'ros'
[2.689s] Level 1:colcon.colcon_core.package_identification:_identify(backup/student-competition-resources-ros/Virtual_ROS_Resources/env_setup/docker_resources/quanser_docker/misc) by extensions ['cmake', 'python']
[2.689s] Level 1:colcon.colcon_core.package_identification:_identify(backup/student-competition-resources-ros/Virtual_ROS_Resources/env_setup/docker_resources/quanser_docker/misc) by extension 'cmake'
[2.689s] Level 1:colcon.colcon_core.package_identification:_identify(backup/student-competition-resources-ros/Virtual_ROS_Resources/env_setup/docker_resources/quanser_docker/misc) by extension 'python'
[2.689s] Level 1:colcon.colcon_core.package_identification:_identify(backup/student-competition-resources-ros/Virtual_ROS_Resources/env_setup/docker_resources/quanser_docker/misc) by extensions ['python_setup_py']
[2.689s] Level 1:colcon.colcon_core.package_identification:_identify(backup/student-competition-resources-ros/Virtual_ROS_Resources/env_setup/docker_resources/quanser_docker/misc) by extension 'python_setup_py'
[2.689s] Level 1:colcon.colcon_core.package_identification:_identify(backup/student-competition-resources-ros/Virtual_ROS_Resources/env_setup/docker_resources/quanser_docker/python) by extensions ['ignore', 'ignore_ament_install']
[2.689s] Level 1:colcon.colcon_core.package_identification:_identify(backup/student-competition-resources-ros/Virtual_ROS_Resources/env_setup/docker_resources/quanser_docker/python) by extension 'ignore'
[2.689s] Level 1:colcon.colcon_core.package_identification:_identify(backup/student-competition-resources-ros/Virtual_ROS_Resources/env_setup/docker_resources/quanser_docker/python) by extension 'ignore_ament_install'
[2.689s] Level 1:colcon.colcon_core.package_identification:_identify(backup/student-competition-resources-ros/Virtual_ROS_Resources/env_setup/docker_resources/quanser_docker/python) by extensions ['colcon_pkg']
[2.689s] Level 1:colcon.colcon_core.package_identification:_identify(backup/student-competition-resources-ros/Virtual_ROS_Resources/env_setup/docker_resources/quanser_docker/python) by extension 'colcon_pkg'
[2.689s] Level 1:colcon.colcon_core.package_identification:_identify(backup/student-competition-resources-ros/Virtual_ROS_Resources/env_setup/docker_resources/quanser_docker/python) by extensions ['colcon_meta']
[2.689s] Level 1:colcon.colcon_core.package_identification:_identify(backup/student-competition-resources-ros/Virtual_ROS_Resources/env_setup/docker_resources/quanser_docker/python) by extension 'colcon_meta'
[2.690s] Level 1:colcon.colcon_core.package_identification:_identify(backup/student-competition-resources-ros/Virtual_ROS_Resources/env_setup/docker_resources/quanser_docker/python) by extensions ['ros']
[2.690s] Level 1:colcon.colcon_core.package_identification:_identify(backup/student-competition-resources-ros/Virtual_ROS_Resources/env_setup/docker_resources/quanser_docker/python) by extension 'ros'
[2.690s] Level 1:colcon.colcon_core.package_identification:_identify(backup/student-competition-resources-ros/Virtual_ROS_Resources/env_setup/docker_resources/quanser_docker/python) by extensions ['cmake', 'python']
[2.690s] Level 1:colcon.colcon_core.package_identification:_identify(backup/student-competition-resources-ros/Virtual_ROS_Resources/env_setup/docker_resources/quanser_docker/python) by extension 'cmake'
[2.690s] Level 1:colcon.colcon_core.package_identification:_identify(backup/student-competition-resources-ros/Virtual_ROS_Resources/env_setup/docker_resources/quanser_docker/python) by extension 'python'
[2.690s] Level 1:colcon.colcon_core.package_identification:_identify(backup/student-competition-resources-ros/Virtual_ROS_Resources/env_setup/docker_resources/quanser_docker/python) by extensions ['python_setup_py']
[2.690s] Level 1:colcon.colcon_core.package_identification:_identify(backup/student-competition-resources-ros/Virtual_ROS_Resources/env_setup/docker_resources/quanser_docker/python) by extension 'python_setup_py'
[2.690s] Level 1:colcon.colcon_core.package_identification:_identify(backup/student-competition-resources-ros/Virtual_ROS_Resources/env_setup/docker_resources/quanser_docker/python/Base_Scenarios_Python) by extensions ['ignore', 'ignore_ament_install']
[2.690s] Level 1:colcon.colcon_core.package_identification:_identify(backup/student-competition-resources-ros/Virtual_ROS_Resources/env_setup/docker_resources/quanser_docker/python/Base_Scenarios_Python) by extension 'ignore'
[2.690s] Level 1:colcon.colcon_core.package_identification:_identify(backup/student-competition-resources-ros/Virtual_ROS_Resources/env_setup/docker_resources/quanser_docker/python/Base_Scenarios_Python) by extension 'ignore_ament_install'
[2.690s] Level 1:colcon.colcon_core.package_identification:_identify(backup/student-competition-resources-ros/Virtual_ROS_Resources/env_setup/docker_resources/quanser_docker/python/Base_Scenarios_Python) by extensions ['colcon_pkg']
[2.690s] Level 1:colcon.colcon_core.package_identification:_identify(backup/student-competition-resources-ros/Virtual_ROS_Resources/env_setup/docker_resources/quanser_docker/python/Base_Scenarios_Python) by extension 'colcon_pkg'
[2.690s] Level 1:colcon.colcon_core.package_identification:_identify(backup/student-competition-resources-ros/Virtual_ROS_Resources/env_setup/docker_resources/quanser_docker/python/Base_Scenarios_Python) by extensions ['colcon_meta']
[2.690s] Level 1:colcon.colcon_core.package_identification:_identify(backup/student-competition-resources-ros/Virtual_ROS_Resources/env_setup/docker_resources/quanser_docker/python/Base_Scenarios_Python) by extension 'colcon_meta'
[2.690s] Level 1:colcon.colcon_core.package_identification:_identify(backup/student-competition-resources-ros/Virtual_ROS_Resources/env_setup/docker_resources/quanser_docker/python/Base_Scenarios_Python) by extensions ['ros']
[2.690s] Level 1:colcon.colcon_core.package_identification:_identify(backup/student-competition-resources-ros/Virtual_ROS_Resources/env_setup/docker_resources/quanser_docker/python/Base_Scenarios_Python) by extension 'ros'
[2.690s] Level 1:colcon.colcon_core.package_identification:_identify(backup/student-competition-resources-ros/Virtual_ROS_Resources/env_setup/docker_resources/quanser_docker/python/Base_Scenarios_Python) by extensions ['cmake', 'python']
[2.690s] Level 1:colcon.colcon_core.package_identification:_identify(backup/student-competition-resources-ros/Virtual_ROS_Resources/env_setup/docker_resources/quanser_docker/python/Base_Scenarios_Python) by extension 'cmake'
[2.690s] Level 1:colcon.colcon_core.package_identification:_identify(backup/student-competition-resources-ros/Virtual_ROS_Resources/env_setup/docker_resources/quanser_docker/python/Base_Scenarios_Python) by extension 'python'
[2.690s] Level 1:colcon.colcon_core.package_identification:_identify(backup/student-competition-resources-ros/Virtual_ROS_Resources/env_setup/docker_resources/quanser_docker/python/Base_Scenarios_Python) by extensions ['python_setup_py']
[2.690s] Level 1:colcon.colcon_core.package_identification:_identify(backup/student-competition-resources-ros/Virtual_ROS_Resources/env_setup/docker_resources/quanser_docker/python/Base_Scenarios_Python) by extension 'python_setup_py'
[2.690s] Level 1:colcon.colcon_core.package_identification:_identify(backup/student-competition-resources-ros/Virtual_ROS_Resources/env_setup/docker_resources/quanser_docker/qvl) by extensions ['ignore', 'ignore_ament_install']
[2.690s] Level 1:colcon.colcon_core.package_identification:_identify(backup/student-competition-resources-ros/Virtual_ROS_Resources/env_setup/docker_resources/quanser_docker/qvl) by extension 'ignore'
[2.690s] Level 1:colcon.colcon_core.package_identification:_identify(backup/student-competition-resources-ros/Virtual_ROS_Resources/env_setup/docker_resources/quanser_docker/qvl) by extension 'ignore_ament_install'
[2.690s] Level 1:colcon.colcon_core.package_identification:_identify(backup/student-competition-resources-ros/Virtual_ROS_Resources/env_setup/docker_resources/quanser_docker/qvl) by extensions ['colcon_pkg']
[2.690s] Level 1:colcon.colcon_core.package_identification:_identify(backup/student-competition-resources-ros/Virtual_ROS_Resources/env_setup/docker_resources/quanser_docker/qvl) by extension 'colcon_pkg'
[2.690s] Level 1:colcon.colcon_core.package_identification:_identify(backup/student-competition-resources-ros/Virtual_ROS_Resources/env_setup/docker_resources/quanser_docker/qvl) by extensions ['colcon_meta']
[2.690s] Level 1:colcon.colcon_core.package_identification:_identify(backup/student-competition-resources-ros/Virtual_ROS_Resources/env_setup/docker_resources/quanser_docker/qvl) by extension 'colcon_meta'
[2.691s] Level 1:colcon.colcon_core.package_identification:_identify(backup/student-competition-resources-ros/Virtual_ROS_Resources/env_setup/docker_resources/quanser_docker/qvl) by extensions ['ros']
[2.691s] Level 1:colcon.colcon_core.package_identification:_identify(backup/student-competition-resources-ros/Virtual_ROS_Resources/env_setup/docker_resources/quanser_docker/qvl) by extension 'ros'
[2.691s] Level 1:colcon.colcon_core.package_identification:_identify(backup/student-competition-resources-ros/Virtual_ROS_Resources/env_setup/docker_resources/quanser_docker/qvl) by extensions ['cmake', 'python']
[2.691s] Level 1:colcon.colcon_core.package_identification:_identify(backup/student-competition-resources-ros/Virtual_ROS_Resources/env_setup/docker_resources/quanser_docker/qvl) by extension 'cmake'
[2.691s] Level 1:colcon.colcon_core.package_identification:_identify(backup/student-competition-resources-ros/Virtual_ROS_Resources/env_setup/docker_resources/quanser_docker/qvl) by extension 'python'
[2.691s] Level 1:colcon.colcon_core.package_identification:_identify(backup/student-competition-resources-ros/Virtual_ROS_Resources/env_setup/docker_resources/quanser_docker/qvl) by extensions ['python_setup_py']
[2.691s] Level 1:colcon.colcon_core.package_identification:_identify(backup/student-competition-resources-ros/Virtual_ROS_Resources/env_setup/docker_resources/quanser_docker/qvl) by extension 'python_setup_py'
[2.691s] Level 1:colcon.colcon_core.package_identification:_identify(backup/student-competition-resources-ros/Virtual_ROS_Resources/env_setup/isaac_ros_common) by extensions ['ignore', 'ignore_ament_install']
[2.691s] Level 1:colcon.colcon_core.package_identification:_identify(backup/student-competition-resources-ros/Virtual_ROS_Resources/env_setup/isaac_ros_common) by extension 'ignore'
[2.691s] Level 1:colcon.colcon_core.package_identification:_identify(backup/student-competition-resources-ros/Virtual_ROS_Resources/env_setup/isaac_ros_common) by extension 'ignore_ament_install'
[2.691s] Level 1:colcon.colcon_core.package_identification:_identify(backup/student-competition-resources-ros/Virtual_ROS_Resources/env_setup/isaac_ros_common) by extensions ['colcon_pkg']
[2.691s] Level 1:colcon.colcon_core.package_identification:_identify(backup/student-competition-resources-ros/Virtual_ROS_Resources/env_setup/isaac_ros_common) by extension 'colcon_pkg'
[2.691s] Level 1:colcon.colcon_core.package_identification:_identify(backup/student-competition-resources-ros/Virtual_ROS_Resources/env_setup/isaac_ros_common) by extensions ['colcon_meta']
[2.691s] Level 1:colcon.colcon_core.package_identification:_identify(backup/student-competition-resources-ros/Virtual_ROS_Resources/env_setup/isaac_ros_common) by extension 'colcon_meta'
[2.691s] Level 1:colcon.colcon_core.package_identification:_identify(backup/student-competition-resources-ros/Virtual_ROS_Resources/env_setup/isaac_ros_common) by extensions ['ros']
[2.691s] Level 1:colcon.colcon_core.package_identification:_identify(backup/student-competition-resources-ros/Virtual_ROS_Resources/env_setup/isaac_ros_common) by extension 'ros'
[2.691s] Level 1:colcon.colcon_core.package_identification:_identify(backup/student-competition-resources-ros/Virtual_ROS_Resources/env_setup/isaac_ros_common) by extensions ['cmake', 'python']
[2.691s] Level 1:colcon.colcon_core.package_identification:_identify(backup/student-competition-resources-ros/Virtual_ROS_Resources/env_setup/isaac_ros_common) by extension 'cmake'
[2.691s] Level 1:colcon.colcon_core.package_identification:_identify(backup/student-competition-resources-ros/Virtual_ROS_Resources/env_setup/isaac_ros_common) by extension 'python'
[2.691s] Level 1:colcon.colcon_core.package_identification:_identify(backup/student-competition-resources-ros/Virtual_ROS_Resources/env_setup/isaac_ros_common) by extensions ['python_setup_py']
[2.691s] Level 1:colcon.colcon_core.package_identification:_identify(backup/student-competition-resources-ros/Virtual_ROS_Resources/env_setup/isaac_ros_common) by extension 'python_setup_py'
[2.691s] Level 1:colcon.colcon_core.package_identification:_identify(backup/student-competition-resources-ros/Virtual_ROS_Resources/env_setup/isaac_ros_common/docker) by extensions ['ignore', 'ignore_ament_install']
[2.691s] Level 1:colcon.colcon_core.package_identification:_identify(backup/student-competition-resources-ros/Virtual_ROS_Resources/env_setup/isaac_ros_common/docker) by extension 'ignore'
[2.691s] Level 1:colcon.colcon_core.package_identification:_identify(backup/student-competition-resources-ros/Virtual_ROS_Resources/env_setup/isaac_ros_common/docker) by extension 'ignore_ament_install'
[2.691s] Level 1:colcon.colcon_core.package_identification:_identify(backup/student-competition-resources-ros/Virtual_ROS_Resources/env_setup/isaac_ros_common/docker) by extensions ['colcon_pkg']
[2.691s] Level 1:colcon.colcon_core.package_identification:_identify(backup/student-competition-resources-ros/Virtual_ROS_Resources/env_setup/isaac_ros_common/docker) by extension 'colcon_pkg'
[2.691s] Level 1:colcon.colcon_core.package_identification:_identify(backup/student-competition-resources-ros/Virtual_ROS_Resources/env_setup/isaac_ros_common/docker) by extensions ['colcon_meta']
[2.691s] Level 1:colcon.colcon_core.package_identification:_identify(backup/student-competition-resources-ros/Virtual_ROS_Resources/env_setup/isaac_ros_common/docker) by extension 'colcon_meta'
[2.692s] Level 1:colcon.colcon_core.package_identification:_identify(backup/student-competition-resources-ros/Virtual_ROS_Resources/env_setup/isaac_ros_common/docker) by extensions ['ros']
[2.692s] Level 1:colcon.colcon_core.package_identification:_identify(backup/student-competition-resources-ros/Virtual_ROS_Resources/env_setup/isaac_ros_common/docker) by extension 'ros'
[2.692s] Level 1:colcon.colcon_core.package_identification:_identify(backup/student-competition-resources-ros/Virtual_ROS_Resources/env_setup/isaac_ros_common/docker) by extensions ['cmake', 'python']
[2.692s] Level 1:colcon.colcon_core.package_identification:_identify(backup/student-competition-resources-ros/Virtual_ROS_Resources/env_setup/isaac_ros_common/docker) by extension 'cmake'
[2.692s] Level 1:colcon.colcon_core.package_identification:_identify(backup/student-competition-resources-ros/Virtual_ROS_Resources/env_setup/isaac_ros_common/docker) by extension 'python'
[2.692s] Level 1:colcon.colcon_core.package_identification:_identify(backup/student-competition-resources-ros/Virtual_ROS_Resources/env_setup/isaac_ros_common/docker) by extensions ['python_setup_py']
[2.692s] Level 1:colcon.colcon_core.package_identification:_identify(backup/student-competition-resources-ros/Virtual_ROS_Resources/env_setup/isaac_ros_common/docker) by extension 'python_setup_py'
[2.692s] Level 1:colcon.colcon_core.package_identification:_identify(backup/student-competition-resources-ros/Virtual_ROS_Resources/env_setup/isaac_ros_common/docker/middleware_profiles) by extensions ['ignore', 'ignore_ament_install']
[2.692s] Level 1:colcon.colcon_core.package_identification:_identify(backup/student-competition-resources-ros/Virtual_ROS_Resources/env_setup/isaac_ros_common/docker/middleware_profiles) by extension 'ignore'
[2.692s] Level 1:colcon.colcon_core.package_identification:_identify(backup/student-competition-resources-ros/Virtual_ROS_Resources/env_setup/isaac_ros_common/docker/middleware_profiles) by extension 'ignore_ament_install'
[2.692s] Level 1:colcon.colcon_core.package_identification:_identify(backup/student-competition-resources-ros/Virtual_ROS_Resources/env_setup/isaac_ros_common/docker/middleware_profiles) by extensions ['colcon_pkg']
[2.692s] Level 1:colcon.colcon_core.package_identification:_identify(backup/student-competition-resources-ros/Virtual_ROS_Resources/env_setup/isaac_ros_common/docker/middleware_profiles) by extension 'colcon_pkg'
[2.692s] Level 1:colcon.colcon_core.package_identification:_identify(backup/student-competition-resources-ros/Virtual_ROS_Resources/env_setup/isaac_ros_common/docker/middleware_profiles) by extensions ['colcon_meta']
[2.692s] Level 1:colcon.colcon_core.package_identification:_identify(backup/student-competition-resources-ros/Virtual_ROS_Resources/env_setup/isaac_ros_common/docker/middleware_profiles) by extension 'colcon_meta'
[2.692s] Level 1:colcon.colcon_core.package_identification:_identify(backup/student-competition-resources-ros/Virtual_ROS_Resources/env_setup/isaac_ros_common/docker/middleware_profiles) by extensions ['ros']
[2.692s] Level 1:colcon.colcon_core.package_identification:_identify(backup/student-competition-resources-ros/Virtual_ROS_Resources/env_setup/isaac_ros_common/docker/middleware_profiles) by extension 'ros'
[2.692s] Level 1:colcon.colcon_core.package_identification:_identify(backup/student-competition-resources-ros/Virtual_ROS_Resources/env_setup/isaac_ros_common/docker/middleware_profiles) by extensions ['cmake', 'python']
[2.692s] Level 1:colcon.colcon_core.package_identification:_identify(backup/student-competition-resources-ros/Virtual_ROS_Resources/env_setup/isaac_ros_common/docker/middleware_profiles) by extension 'cmake'
[2.692s] Level 1:colcon.colcon_core.package_identification:_identify(backup/student-competition-resources-ros/Virtual_ROS_Resources/env_setup/isaac_ros_common/docker/middleware_profiles) by extension 'python'
[2.692s] Level 1:colcon.colcon_core.package_identification:_identify(backup/student-competition-resources-ros/Virtual_ROS_Resources/env_setup/isaac_ros_common/docker/middleware_profiles) by extensions ['python_setup_py']
[2.692s] Level 1:colcon.colcon_core.package_identification:_identify(backup/student-competition-resources-ros/Virtual_ROS_Resources/env_setup/isaac_ros_common/docker/middleware_profiles) by extension 'python_setup_py'
[2.692s] Level 1:colcon.colcon_core.package_identification:_identify(backup/student-competition-resources-ros/Virtual_ROS_Resources/env_setup/isaac_ros_common/docker/patches) by extensions ['ignore', 'ignore_ament_install']
[2.692s] Level 1:colcon.colcon_core.package_identification:_identify(backup/student-competition-resources-ros/Virtual_ROS_Resources/env_setup/isaac_ros_common/docker/patches) by extension 'ignore'
[2.692s] Level 1:colcon.colcon_core.package_identification:_identify(backup/student-competition-resources-ros/Virtual_ROS_Resources/env_setup/isaac_ros_common/docker/patches) by extension 'ignore_ament_install'
[2.692s] Level 1:colcon.colcon_core.package_identification:_identify(backup/student-competition-resources-ros/Virtual_ROS_Resources/env_setup/isaac_ros_common/docker/patches) by extensions ['colcon_pkg']
[2.692s] Level 1:colcon.colcon_core.package_identification:_identify(backup/student-competition-resources-ros/Virtual_ROS_Resources/env_setup/isaac_ros_common/docker/patches) by extension 'colcon_pkg'
[2.692s] Level 1:colcon.colcon_core.package_identification:_identify(backup/student-competition-resources-ros/Virtual_ROS_Resources/env_setup/isaac_ros_common/docker/patches) by extensions ['colcon_meta']
[2.692s] Level 1:colcon.colcon_core.package_identification:_identify(backup/student-competition-resources-ros/Virtual_ROS_Resources/env_setup/isaac_ros_common/docker/patches) by extension 'colcon_meta'
[2.692s] Level 1:colcon.colcon_core.package_identification:_identify(backup/student-competition-resources-ros/Virtual_ROS_Resources/env_setup/isaac_ros_common/docker/patches) by extensions ['ros']
[2.693s] Level 1:colcon.colcon_core.package_identification:_identify(backup/student-competition-resources-ros/Virtual_ROS_Resources/env_setup/isaac_ros_common/docker/patches) by extension 'ros'
[2.693s] Level 1:colcon.colcon_core.package_identification:_identify(backup/student-competition-resources-ros/Virtual_ROS_Resources/env_setup/isaac_ros_common/docker/patches) by extensions ['cmake', 'python']
[2.693s] Level 1:colcon.colcon_core.package_identification:_identify(backup/student-competition-resources-ros/Virtual_ROS_Resources/env_setup/isaac_ros_common/docker/patches) by extension 'cmake'
[2.693s] Level 1:colcon.colcon_core.package_identification:_identify(backup/student-competition-resources-ros/Virtual_ROS_Resources/env_setup/isaac_ros_common/docker/patches) by extension 'python'
[2.693s] Level 1:colcon.colcon_core.package_identification:_identify(backup/student-competition-resources-ros/Virtual_ROS_Resources/env_setup/isaac_ros_common/docker/patches) by extensions ['python_setup_py']
[2.693s] Level 1:colcon.colcon_core.package_identification:_identify(backup/student-competition-resources-ros/Virtual_ROS_Resources/env_setup/isaac_ros_common/docker/patches) by extension 'python_setup_py'
[2.693s] Level 1:colcon.colcon_core.package_identification:_identify(backup/student-competition-resources-ros/Virtual_ROS_Resources/env_setup/isaac_ros_common/docker/scripts) by extensions ['ignore', 'ignore_ament_install']
[2.693s] Level 1:colcon.colcon_core.package_identification:_identify(backup/student-competition-resources-ros/Virtual_ROS_Resources/env_setup/isaac_ros_common/docker/scripts) by extension 'ignore'
[2.693s] Level 1:colcon.colcon_core.package_identification:_identify(backup/student-competition-resources-ros/Virtual_ROS_Resources/env_setup/isaac_ros_common/docker/scripts) by extension 'ignore_ament_install'
[2.693s] Level 1:colcon.colcon_core.package_identification:_identify(backup/student-competition-resources-ros/Virtual_ROS_Resources/env_setup/isaac_ros_common/docker/scripts) by extensions ['colcon_pkg']
[2.693s] Level 1:colcon.colcon_core.package_identification:_identify(backup/student-competition-resources-ros/Virtual_ROS_Resources/env_setup/isaac_ros_common/docker/scripts) by extension 'colcon_pkg'
[2.693s] Level 1:colcon.colcon_core.package_identification:_identify(backup/student-competition-resources-ros/Virtual_ROS_Resources/env_setup/isaac_ros_common/docker/scripts) by extensions ['colcon_meta']
[2.693s] Level 1:colcon.colcon_core.package_identification:_identify(backup/student-competition-resources-ros/Virtual_ROS_Resources/env_setup/isaac_ros_common/docker/scripts) by extension 'colcon_meta'
[2.693s] Level 1:colcon.colcon_core.package_identification:_identify(backup/student-competition-resources-ros/Virtual_ROS_Resources/env_setup/isaac_ros_common/docker/scripts) by extensions ['ros']
[2.693s] Level 1:colcon.colcon_core.package_identification:_identify(backup/student-competition-resources-ros/Virtual_ROS_Resources/env_setup/isaac_ros_common/docker/scripts) by extension 'ros'
[2.693s] Level 1:colcon.colcon_core.package_identification:_identify(backup/student-competition-resources-ros/Virtual_ROS_Resources/env_setup/isaac_ros_common/docker/scripts) by extensions ['cmake', 'python']
[2.693s] Level 1:colcon.colcon_core.package_identification:_identify(backup/student-competition-resources-ros/Virtual_ROS_Resources/env_setup/isaac_ros_common/docker/scripts) by extension 'cmake'
[2.693s] Level 1:colcon.colcon_core.package_identification:_identify(backup/student-competition-resources-ros/Virtual_ROS_Resources/env_setup/isaac_ros_common/docker/scripts) by extension 'python'
[2.693s] Level 1:colcon.colcon_core.package_identification:_identify(backup/student-competition-resources-ros/Virtual_ROS_Resources/env_setup/isaac_ros_common/docker/scripts) by extensions ['python_setup_py']
[2.693s] Level 1:colcon.colcon_core.package_identification:_identify(backup/student-competition-resources-ros/Virtual_ROS_Resources/env_setup/isaac_ros_common/docker/scripts) by extension 'python_setup_py'
[2.693s] Level 1:colcon.colcon_core.package_identification:_identify(backup/student-competition-resources-ros/Virtual_ROS_Resources/env_setup/isaac_ros_common/docker/tao) by extensions ['ignore', 'ignore_ament_install']
[2.693s] Level 1:colcon.colcon_core.package_identification:_identify(backup/student-competition-resources-ros/Virtual_ROS_Resources/env_setup/isaac_ros_common/docker/tao) by extension 'ignore'
[2.693s] Level 1:colcon.colcon_core.package_identification:_identify(backup/student-competition-resources-ros/Virtual_ROS_Resources/env_setup/isaac_ros_common/docker/tao) by extension 'ignore_ament_install'
[2.693s] Level 1:colcon.colcon_core.package_identification:_identify(backup/student-competition-resources-ros/Virtual_ROS_Resources/env_setup/isaac_ros_common/docker/tao) by extensions ['colcon_pkg']
[2.693s] Level 1:colcon.colcon_core.package_identification:_identify(backup/student-competition-resources-ros/Virtual_ROS_Resources/env_setup/isaac_ros_common/docker/tao) by extension 'colcon_pkg'
[2.693s] Level 1:colcon.colcon_core.package_identification:_identify(backup/student-competition-resources-ros/Virtual_ROS_Resources/env_setup/isaac_ros_common/docker/tao) by extensions ['colcon_meta']
[2.693s] Level 1:colcon.colcon_core.package_identification:_identify(backup/student-competition-resources-ros/Virtual_ROS_Resources/env_setup/isaac_ros_common/docker/tao) by extension 'colcon_meta'
[2.693s] Level 1:colcon.colcon_core.package_identification:_identify(backup/student-competition-resources-ros/Virtual_ROS_Resources/env_setup/isaac_ros_common/docker/tao) by extensions ['ros']
[2.693s] Level 1:colcon.colcon_core.package_identification:_identify(backup/student-competition-resources-ros/Virtual_ROS_Resources/env_setup/isaac_ros_common/docker/tao) by extension 'ros'
[2.694s] Level 1:colcon.colcon_core.package_identification:_identify(backup/student-competition-resources-ros/Virtual_ROS_Resources/env_setup/isaac_ros_common/docker/tao) by extensions ['cmake', 'python']
[2.694s] Level 1:colcon.colcon_core.package_identification:_identify(backup/student-competition-resources-ros/Virtual_ROS_Resources/env_setup/isaac_ros_common/docker/tao) by extension 'cmake'
[2.694s] Level 1:colcon.colcon_core.package_identification:_identify(backup/student-competition-resources-ros/Virtual_ROS_Resources/env_setup/isaac_ros_common/docker/tao) by extension 'python'
[2.694s] Level 1:colcon.colcon_core.package_identification:_identify(backup/student-competition-resources-ros/Virtual_ROS_Resources/env_setup/isaac_ros_common/docker/tao) by extensions ['python_setup_py']
[2.694s] Level 1:colcon.colcon_core.package_identification:_identify(backup/student-competition-resources-ros/Virtual_ROS_Resources/env_setup/isaac_ros_common/docker/tao) by extension 'python_setup_py'
[2.694s] Level 1:colcon.colcon_core.package_identification:_identify(backup/student-competition-resources-ros/Virtual_ROS_Resources/env_setup/isaac_ros_common/docker/udev_rules) by extensions ['ignore', 'ignore_ament_install']
[2.694s] Level 1:colcon.colcon_core.package_identification:_identify(backup/student-competition-resources-ros/Virtual_ROS_Resources/env_setup/isaac_ros_common/docker/udev_rules) by extension 'ignore'
[2.694s] Level 1:colcon.colcon_core.package_identification:_identify(backup/student-competition-resources-ros/Virtual_ROS_Resources/env_setup/isaac_ros_common/docker/udev_rules) by extension 'ignore_ament_install'
[2.694s] Level 1:colcon.colcon_core.package_identification:_identify(backup/student-competition-resources-ros/Virtual_ROS_Resources/env_setup/isaac_ros_common/docker/udev_rules) by extensions ['colcon_pkg']
[2.694s] Level 1:colcon.colcon_core.package_identification:_identify(backup/student-competition-resources-ros/Virtual_ROS_Resources/env_setup/isaac_ros_common/docker/udev_rules) by extension 'colcon_pkg'
[2.694s] Level 1:colcon.colcon_core.package_identification:_identify(backup/student-competition-resources-ros/Virtual_ROS_Resources/env_setup/isaac_ros_common/docker/udev_rules) by extensions ['colcon_meta']
[2.694s] Level 1:colcon.colcon_core.package_identification:_identify(backup/student-competition-resources-ros/Virtual_ROS_Resources/env_setup/isaac_ros_common/docker/udev_rules) by extension 'colcon_meta'
[2.694s] Level 1:colcon.colcon_core.package_identification:_identify(backup/student-competition-resources-ros/Virtual_ROS_Resources/env_setup/isaac_ros_common/docker/udev_rules) by extensions ['ros']
[2.694s] Level 1:colcon.colcon_core.package_identification:_identify(backup/student-competition-resources-ros/Virtual_ROS_Resources/env_setup/isaac_ros_common/docker/udev_rules) by extension 'ros'
[2.694s] Level 1:colcon.colcon_core.package_identification:_identify(backup/student-competition-resources-ros/Virtual_ROS_Resources/env_setup/isaac_ros_common/docker/udev_rules) by extensions ['cmake', 'python']
[2.694s] Level 1:colcon.colcon_core.package_identification:_identify(backup/student-competition-resources-ros/Virtual_ROS_Resources/env_setup/isaac_ros_common/docker/udev_rules) by extension 'cmake'
[2.694s] Level 1:colcon.colcon_core.package_identification:_identify(backup/student-competition-resources-ros/Virtual_ROS_Resources/env_setup/isaac_ros_common/docker/udev_rules) by extension 'python'
[2.694s] Level 1:colcon.colcon_core.package_identification:_identify(backup/student-competition-resources-ros/Virtual_ROS_Resources/env_setup/isaac_ros_common/docker/udev_rules) by extensions ['python_setup_py']
[2.694s] Level 1:colcon.colcon_core.package_identification:_identify(backup/student-competition-resources-ros/Virtual_ROS_Resources/env_setup/isaac_ros_common/docker/udev_rules) by extension 'python_setup_py'
[2.694s] Level 1:colcon.colcon_core.package_identification:_identify(backup/student-competition-resources-ros/Virtual_ROS_Resources/env_setup/isaac_ros_common/isaac_ros_apriltag_interfaces) by extensions ['ignore', 'ignore_ament_install']
[2.694s] Level 1:colcon.colcon_core.package_identification:_identify(backup/student-competition-resources-ros/Virtual_ROS_Resources/env_setup/isaac_ros_common/isaac_ros_apriltag_interfaces) by extension 'ignore'
[2.694s] Level 1:colcon.colcon_core.package_identification:_identify(backup/student-competition-resources-ros/Virtual_ROS_Resources/env_setup/isaac_ros_common/isaac_ros_apriltag_interfaces) by extension 'ignore_ament_install'
[2.694s] Level 1:colcon.colcon_core.package_identification:_identify(backup/student-competition-resources-ros/Virtual_ROS_Resources/env_setup/isaac_ros_common/isaac_ros_apriltag_interfaces) by extensions ['colcon_pkg']
[2.694s] Level 1:colcon.colcon_core.package_identification:_identify(backup/student-competition-resources-ros/Virtual_ROS_Resources/env_setup/isaac_ros_common/isaac_ros_apriltag_interfaces) by extension 'colcon_pkg'
[2.694s] Level 1:colcon.colcon_core.package_identification:_identify(backup/student-competition-resources-ros/Virtual_ROS_Resources/env_setup/isaac_ros_common/isaac_ros_apriltag_interfaces) by extensions ['colcon_meta']
[2.694s] Level 1:colcon.colcon_core.package_identification:_identify(backup/student-competition-resources-ros/Virtual_ROS_Resources/env_setup/isaac_ros_common/isaac_ros_apriltag_interfaces) by extension 'colcon_meta'
[2.694s] Level 1:colcon.colcon_core.package_identification:_identify(backup/student-competition-resources-ros/Virtual_ROS_Resources/env_setup/isaac_ros_common/isaac_ros_apriltag_interfaces) by extensions ['ros']
[2.694s] Level 1:colcon.colcon_core.package_identification:_identify(backup/student-competition-resources-ros/Virtual_ROS_Resources/env_setup/isaac_ros_common/isaac_ros_apriltag_interfaces) by extension 'ros'
[2.696s] DEBUG:colcon.colcon_core.package_identification:Package 'backup/student-competition-resources-ros/Virtual_ROS_Resources/env_setup/isaac_ros_common/isaac_ros_apriltag_interfaces' with type 'ros.ament_cmake' and name 'isaac_ros_apriltag_interfaces'
[2.696s] Level 1:colcon.colcon_core.package_identification:_identify(backup/student-competition-resources-ros/Virtual_ROS_Resources/env_setup/isaac_ros_common/isaac_ros_bi3d_interfaces) by extensions ['ignore', 'ignore_ament_install']
[2.696s] Level 1:colcon.colcon_core.package_identification:_identify(backup/student-competition-resources-ros/Virtual_ROS_Resources/env_setup/isaac_ros_common/isaac_ros_bi3d_interfaces) by extension 'ignore'
[2.696s] Level 1:colcon.colcon_core.package_identification:_identify(backup/student-competition-resources-ros/Virtual_ROS_Resources/env_setup/isaac_ros_common/isaac_ros_bi3d_interfaces) by extension 'ignore_ament_install'
[2.696s] Level 1:colcon.colcon_core.package_identification:_identify(backup/student-competition-resources-ros/Virtual_ROS_Resources/env_setup/isaac_ros_common/isaac_ros_bi3d_interfaces) by extensions ['colcon_pkg']
[2.696s] Level 1:colcon.colcon_core.package_identification:_identify(backup/student-competition-resources-ros/Virtual_ROS_Resources/env_setup/isaac_ros_common/isaac_ros_bi3d_interfaces) by extension 'colcon_pkg'
[2.696s] Level 1:colcon.colcon_core.package_identification:_identify(backup/student-competition-resources-ros/Virtual_ROS_Resources/env_setup/isaac_ros_common/isaac_ros_bi3d_interfaces) by extensions ['colcon_meta']
[2.696s] Level 1:colcon.colcon_core.package_identification:_identify(backup/student-competition-resources-ros/Virtual_ROS_Resources/env_setup/isaac_ros_common/isaac_ros_bi3d_interfaces) by extension 'colcon_meta'
[2.696s] Level 1:colcon.colcon_core.package_identification:_identify(backup/student-competition-resources-ros/Virtual_ROS_Resources/env_setup/isaac_ros_common/isaac_ros_bi3d_interfaces) by extensions ['ros']
[2.696s] Level 1:colcon.colcon_core.package_identification:_identify(backup/student-competition-resources-ros/Virtual_ROS_Resources/env_setup/isaac_ros_common/isaac_ros_bi3d_interfaces) by extension 'ros'
[2.697s] DEBUG:colcon.colcon_core.package_identification:Package 'backup/student-competition-resources-ros/Virtual_ROS_Resources/env_setup/isaac_ros_common/isaac_ros_bi3d_interfaces' with type 'ros.ament_cmake' and name 'isaac_ros_bi3d_interfaces'
[2.697s] Level 1:colcon.colcon_core.package_identification:_identify(backup/student-competition-resources-ros/Virtual_ROS_Resources/env_setup/isaac_ros_common/isaac_ros_common) by extensions ['ignore', 'ignore_ament_install']
[2.697s] Level 1:colcon.colcon_core.package_identification:_identify(backup/student-competition-resources-ros/Virtual_ROS_Resources/env_setup/isaac_ros_common/isaac_ros_common) by extension 'ignore'
[2.697s] Level 1:colcon.colcon_core.package_identification:_identify(backup/student-competition-resources-ros/Virtual_ROS_Resources/env_setup/isaac_ros_common/isaac_ros_common) by extension 'ignore_ament_install'
[2.697s] Level 1:colcon.colcon_core.package_identification:_identify(backup/student-competition-resources-ros/Virtual_ROS_Resources/env_setup/isaac_ros_common/isaac_ros_common) by extensions ['colcon_pkg']
[2.697s] Level 1:colcon.colcon_core.package_identification:_identify(backup/student-competition-resources-ros/Virtual_ROS_Resources/env_setup/isaac_ros_common/isaac_ros_common) by extension 'colcon_pkg'
[2.697s] Level 1:colcon.colcon_core.package_identification:_identify(backup/student-competition-resources-ros/Virtual_ROS_Resources/env_setup/isaac_ros_common/isaac_ros_common) by extensions ['colcon_meta']
[2.697s] Level 1:colcon.colcon_core.package_identification:_identify(backup/student-competition-resources-ros/Virtual_ROS_Resources/env_setup/isaac_ros_common/isaac_ros_common) by extension 'colcon_meta'
[2.697s] Level 1:colcon.colcon_core.package_identification:_identify(backup/student-competition-resources-ros/Virtual_ROS_Resources/env_setup/isaac_ros_common/isaac_ros_common) by extensions ['ros']
[2.697s] Level 1:colcon.colcon_core.package_identification:_identify(backup/student-competition-resources-ros/Virtual_ROS_Resources/env_setup/isaac_ros_common/isaac_ros_common) by extension 'ros'
[2.698s] DEBUG:colcon.colcon_core.package_identification:Package 'backup/student-competition-resources-ros/Virtual_ROS_Resources/env_setup/isaac_ros_common/isaac_ros_common' with type 'ros.ament_cmake' and name 'isaac_ros_common'
[2.698s] Level 1:colcon.colcon_core.package_identification:_identify(backup/student-competition-resources-ros/Virtual_ROS_Resources/env_setup/isaac_ros_common/isaac_ros_nitros_bridge_interfaces) by extensions ['ignore', 'ignore_ament_install']
[2.698s] Level 1:colcon.colcon_core.package_identification:_identify(backup/student-competition-resources-ros/Virtual_ROS_Resources/env_setup/isaac_ros_common/isaac_ros_nitros_bridge_interfaces) by extension 'ignore'
[2.698s] Level 1:colcon.colcon_core.package_identification:_identify(backup/student-competition-resources-ros/Virtual_ROS_Resources/env_setup/isaac_ros_common/isaac_ros_nitros_bridge_interfaces) by extension 'ignore_ament_install'
[2.698s] Level 1:colcon.colcon_core.package_identification:_identify(backup/student-competition-resources-ros/Virtual_ROS_Resources/env_setup/isaac_ros_common/isaac_ros_nitros_bridge_interfaces) by extensions ['colcon_pkg']
[2.698s] Level 1:colcon.colcon_core.package_identification:_identify(backup/student-competition-resources-ros/Virtual_ROS_Resources/env_setup/isaac_ros_common/isaac_ros_nitros_bridge_interfaces) by extension 'colcon_pkg'
[2.698s] Level 1:colcon.colcon_core.package_identification:_identify(backup/student-competition-resources-ros/Virtual_ROS_Resources/env_setup/isaac_ros_common/isaac_ros_nitros_bridge_interfaces) by extensions ['colcon_meta']
[2.698s] Level 1:colcon.colcon_core.package_identification:_identify(backup/student-competition-resources-ros/Virtual_ROS_Resources/env_setup/isaac_ros_common/isaac_ros_nitros_bridge_interfaces) by extension 'colcon_meta'
[2.698s] Level 1:colcon.colcon_core.package_identification:_identify(backup/student-competition-resources-ros/Virtual_ROS_Resources/env_setup/isaac_ros_common/isaac_ros_nitros_bridge_interfaces) by extensions ['ros']
[2.698s] Level 1:colcon.colcon_core.package_identification:_identify(backup/student-competition-resources-ros/Virtual_ROS_Resources/env_setup/isaac_ros_common/isaac_ros_nitros_bridge_interfaces) by extension 'ros'
[2.699s] DEBUG:colcon.colcon_core.package_identification:Package 'backup/student-competition-resources-ros/Virtual_ROS_Resources/env_setup/isaac_ros_common/isaac_ros_nitros_bridge_interfaces' with type 'ros.ament_cmake' and name 'isaac_ros_nitros_bridge_interfaces'
[2.699s] Level 1:colcon.colcon_core.package_identification:_identify(backup/student-competition-resources-ros/Virtual_ROS_Resources/env_setup/isaac_ros_common/isaac_ros_nova_interfaces) by extensions ['ignore', 'ignore_ament_install']
[2.699s] Level 1:colcon.colcon_core.package_identification:_identify(backup/student-competition-resources-ros/Virtual_ROS_Resources/env_setup/isaac_ros_common/isaac_ros_nova_interfaces) by extension 'ignore'
[2.699s] Level 1:colcon.colcon_core.package_identification:_identify(backup/student-competition-resources-ros/Virtual_ROS_Resources/env_setup/isaac_ros_common/isaac_ros_nova_interfaces) by extension 'ignore_ament_install'
[2.699s] Level 1:colcon.colcon_core.package_identification:_identify(backup/student-competition-resources-ros/Virtual_ROS_Resources/env_setup/isaac_ros_common/isaac_ros_nova_interfaces) by extensions ['colcon_pkg']
[2.699s] Level 1:colcon.colcon_core.package_identification:_identify(backup/student-competition-resources-ros/Virtual_ROS_Resources/env_setup/isaac_ros_common/isaac_ros_nova_interfaces) by extension 'colcon_pkg'
[2.699s] Level 1:colcon.colcon_core.package_identification:_identify(backup/student-competition-resources-ros/Virtual_ROS_Resources/env_setup/isaac_ros_common/isaac_ros_nova_interfaces) by extensions ['colcon_meta']
[2.699s] Level 1:colcon.colcon_core.package_identification:_identify(backup/student-competition-resources-ros/Virtual_ROS_Resources/env_setup/isaac_ros_common/isaac_ros_nova_interfaces) by extension 'colcon_meta'
[2.699s] Level 1:colcon.colcon_core.package_identification:_identify(backup/student-competition-resources-ros/Virtual_ROS_Resources/env_setup/isaac_ros_common/isaac_ros_nova_interfaces) by extensions ['ros']
[2.699s] Level 1:colcon.colcon_core.package_identification:_identify(backup/student-competition-resources-ros/Virtual_ROS_Resources/env_setup/isaac_ros_common/isaac_ros_nova_interfaces) by extension 'ros'
[2.700s] DEBUG:colcon.colcon_core.package_identification:Package 'backup/student-competition-resources-ros/Virtual_ROS_Resources/env_setup/isaac_ros_common/isaac_ros_nova_interfaces' with type 'ros.ament_cmake' and name 'isaac_ros_nova_interfaces'
[2.700s] Level 1:colcon.colcon_core.package_identification:_identify(backup/student-competition-resources-ros/Virtual_ROS_Resources/env_setup/isaac_ros_common/isaac_ros_pointcloud_interfaces) by extensions ['ignore', 'ignore_ament_install']
[2.700s] Level 1:colcon.colcon_core.package_identification:_identify(backup/student-competition-resources-ros/Virtual_ROS_Resources/env_setup/isaac_ros_common/isaac_ros_pointcloud_interfaces) by extension 'ignore'
[2.700s] Level 1:colcon.colcon_core.package_identification:_identify(backup/student-competition-resources-ros/Virtual_ROS_Resources/env_setup/isaac_ros_common/isaac_ros_pointcloud_interfaces) by extension 'ignore_ament_install'
[2.700s] Level 1:colcon.colcon_core.package_identification:_identify(backup/student-competition-resources-ros/Virtual_ROS_Resources/env_setup/isaac_ros_common/isaac_ros_pointcloud_interfaces) by extensions ['colcon_pkg']
[2.700s] Level 1:colcon.colcon_core.package_identification:_identify(backup/student-competition-resources-ros/Virtual_ROS_Resources/env_setup/isaac_ros_common/isaac_ros_pointcloud_interfaces) by extension 'colcon_pkg'
[2.700s] Level 1:colcon.colcon_core.package_identification:_identify(backup/student-competition-resources-ros/Virtual_ROS_Resources/env_setup/isaac_ros_common/isaac_ros_pointcloud_interfaces) by extensions ['colcon_meta']
[2.700s] Level 1:colcon.colcon_core.package_identification:_identify(backup/student-competition-resources-ros/Virtual_ROS_Resources/env_setup/isaac_ros_common/isaac_ros_pointcloud_interfaces) by extension 'colcon_meta'
[2.700s] Level 1:colcon.colcon_core.package_identification:_identify(backup/student-competition-resources-ros/Virtual_ROS_Resources/env_setup/isaac_ros_common/isaac_ros_pointcloud_interfaces) by extensions ['ros']
[2.700s] Level 1:colcon.colcon_core.package_identification:_identify(backup/student-competition-resources-ros/Virtual_ROS_Resources/env_setup/isaac_ros_common/isaac_ros_pointcloud_interfaces) by extension 'ros'
[2.700s] DEBUG:colcon.colcon_core.package_identification:Package 'backup/student-competition-resources-ros/Virtual_ROS_Resources/env_setup/isaac_ros_common/isaac_ros_pointcloud_interfaces' with type 'ros.ament_cmake' and name 'isaac_ros_pointcloud_interfaces'
[2.701s] Level 1:colcon.colcon_core.package_identification:_identify(backup/student-competition-resources-ros/Virtual_ROS_Resources/env_setup/isaac_ros_common/isaac_ros_tensor_list_interfaces) by extensions ['ignore', 'ignore_ament_install']
[2.701s] Level 1:colcon.colcon_core.package_identification:_identify(backup/student-competition-resources-ros/Virtual_ROS_Resources/env_setup/isaac_ros_common/isaac_ros_tensor_list_interfaces) by extension 'ignore'
[2.701s] Level 1:colcon.colcon_core.package_identification:_identify(backup/student-competition-resources-ros/Virtual_ROS_Resources/env_setup/isaac_ros_common/isaac_ros_tensor_list_interfaces) by extension 'ignore_ament_install'
[2.701s] Level 1:colcon.colcon_core.package_identification:_identify(backup/student-competition-resources-ros/Virtual_ROS_Resources/env_setup/isaac_ros_common/isaac_ros_tensor_list_interfaces) by extensions ['colcon_pkg']
[2.701s] Level 1:colcon.colcon_core.package_identification:_identify(backup/student-competition-resources-ros/Virtual_ROS_Resources/env_setup/isaac_ros_common/isaac_ros_tensor_list_interfaces) by extension 'colcon_pkg'
[2.701s] Level 1:colcon.colcon_core.package_identification:_identify(backup/student-competition-resources-ros/Virtual_ROS_Resources/env_setup/isaac_ros_common/isaac_ros_tensor_list_interfaces) by extensions ['colcon_meta']
[2.701s] Level 1:colcon.colcon_core.package_identification:_identify(backup/student-competition-resources-ros/Virtual_ROS_Resources/env_setup/isaac_ros_common/isaac_ros_tensor_list_interfaces) by extension 'colcon_meta'
[2.701s] Level 1:colcon.colcon_core.package_identification:_identify(backup/student-competition-resources-ros/Virtual_ROS_Resources/env_setup/isaac_ros_common/isaac_ros_tensor_list_interfaces) by extensions ['ros']
[2.701s] Level 1:colcon.colcon_core.package_identification:_identify(backup/student-competition-resources-ros/Virtual_ROS_Resources/env_setup/isaac_ros_common/isaac_ros_tensor_list_interfaces) by extension 'ros'
[2.701s] DEBUG:colcon.colcon_core.package_identification:Package 'backup/student-competition-resources-ros/Virtual_ROS_Resources/env_setup/isaac_ros_common/isaac_ros_tensor_list_interfaces' with type 'ros.ament_cmake' and name 'isaac_ros_tensor_list_interfaces'
[2.702s] Level 1:colcon.colcon_core.package_identification:_identify(backup/student-competition-resources-ros/Virtual_ROS_Resources/env_setup/isaac_ros_common/isaac_ros_test) by extensions ['ignore', 'ignore_ament_install']
[2.702s] Level 1:colcon.colcon_core.package_identification:_identify(backup/student-competition-resources-ros/Virtual_ROS_Resources/env_setup/isaac_ros_common/isaac_ros_test) by extension 'ignore'
[2.702s] Level 1:colcon.colcon_core.package_identification:_identify(backup/student-competition-resources-ros/Virtual_ROS_Resources/env_setup/isaac_ros_common/isaac_ros_test) by extension 'ignore_ament_install'
[2.702s] Level 1:colcon.colcon_core.package_identification:_identify(backup/student-competition-resources-ros/Virtual_ROS_Resources/env_setup/isaac_ros_common/isaac_ros_test) by extensions ['colcon_pkg']
[2.702s] Level 1:colcon.colcon_core.package_identification:_identify(backup/student-competition-resources-ros/Virtual_ROS_Resources/env_setup/isaac_ros_common/isaac_ros_test) by extension 'colcon_pkg'
[2.702s] Level 1:colcon.colcon_core.package_identification:_identify(backup/student-competition-resources-ros/Virtual_ROS_Resources/env_setup/isaac_ros_common/isaac_ros_test) by extensions ['colcon_meta']
[2.702s] Level 1:colcon.colcon_core.package_identification:_identify(backup/student-competition-resources-ros/Virtual_ROS_Resources/env_setup/isaac_ros_common/isaac_ros_test) by extension 'colcon_meta'
[2.702s] Level 1:colcon.colcon_core.package_identification:_identify(backup/student-competition-resources-ros/Virtual_ROS_Resources/env_setup/isaac_ros_common/isaac_ros_test) by extensions ['ros']
[2.702s] Level 1:colcon.colcon_core.package_identification:_identify(backup/student-competition-resources-ros/Virtual_ROS_Resources/env_setup/isaac_ros_common/isaac_ros_test) by extension 'ros'
[2.702s] DEBUG:colcon.colcon_core.package_identification:Package 'backup/student-competition-resources-ros/Virtual_ROS_Resources/env_setup/isaac_ros_common/isaac_ros_test' with type 'ros.ament_python' and name 'isaac_ros_test'
[2.702s] Level 1:colcon.colcon_core.package_identification:_identify(backup/student-competition-resources-ros/Virtual_ROS_Resources/env_setup/isaac_ros_common/scripts) by extensions ['ignore', 'ignore_ament_install']
[2.703s] Level 1:colcon.colcon_core.package_identification:_identify(backup/student-competition-resources-ros/Virtual_ROS_Resources/env_setup/isaac_ros_common/scripts) by extension 'ignore'
[2.703s] Level 1:colcon.colcon_core.package_identification:_identify(backup/student-competition-resources-ros/Virtual_ROS_Resources/env_setup/isaac_ros_common/scripts) by extension 'ignore_ament_install'
[2.703s] Level 1:colcon.colcon_core.package_identification:_identify(backup/student-competition-resources-ros/Virtual_ROS_Resources/env_setup/isaac_ros_common/scripts) by extensions ['colcon_pkg']
[2.703s] Level 1:colcon.colcon_core.package_identification:_identify(backup/student-competition-resources-ros/Virtual_ROS_Resources/env_setup/isaac_ros_common/scripts) by extension 'colcon_pkg'
[2.703s] Level 1:colcon.colcon_core.package_identification:_identify(backup/student-competition-resources-ros/Virtual_ROS_Resources/env_setup/isaac_ros_common/scripts) by extensions ['colcon_meta']
[2.703s] Level 1:colcon.colcon_core.package_identification:_identify(backup/student-competition-resources-ros/Virtual_ROS_Resources/env_setup/isaac_ros_common/scripts) by extension 'colcon_meta'
[2.703s] Level 1:colcon.colcon_core.package_identification:_identify(backup/student-competition-resources-ros/Virtual_ROS_Resources/env_setup/isaac_ros_common/scripts) by extensions ['ros']
[2.703s] Level 1:colcon.colcon_core.package_identification:_identify(backup/student-competition-resources-ros/Virtual_ROS_Resources/env_setup/isaac_ros_common/scripts) by extension 'ros'
[2.703s] Level 1:colcon.colcon_core.package_identification:_identify(backup/student-competition-resources-ros/Virtual_ROS_Resources/env_setup/isaac_ros_common/scripts) by extensions ['cmake', 'python']
[2.703s] Level 1:colcon.colcon_core.package_identification:_identify(backup/student-competition-resources-ros/Virtual_ROS_Resources/env_setup/isaac_ros_common/scripts) by extension 'cmake'
[2.703s] Level 1:colcon.colcon_core.package_identification:_identify(backup/student-competition-resources-ros/Virtual_ROS_Resources/env_setup/isaac_ros_common/scripts) by extension 'python'
[2.703s] Level 1:colcon.colcon_core.package_identification:_identify(backup/student-competition-resources-ros/Virtual_ROS_Resources/env_setup/isaac_ros_common/scripts) by extensions ['python_setup_py']
[2.703s] Level 1:colcon.colcon_core.package_identification:_identify(backup/student-competition-resources-ros/Virtual_ROS_Resources/env_setup/isaac_ros_common/scripts) by extension 'python_setup_py'
[2.703s] Level 1:colcon.colcon_core.package_identification:_identify(backup/student-competition-resources-ros/Virtual_ROS_Resources/env_setup/isaac_ros_common/scripts/utils) by extensions ['ignore', 'ignore_ament_install']
[2.703s] Level 1:colcon.colcon_core.package_identification:_identify(backup/student-competition-resources-ros/Virtual_ROS_Resources/env_setup/isaac_ros_common/scripts/utils) by extension 'ignore'
[2.703s] Level 1:colcon.colcon_core.package_identification:_identify(backup/student-competition-resources-ros/Virtual_ROS_Resources/env_setup/isaac_ros_common/scripts/utils) by extension 'ignore_ament_install'
[2.703s] Level 1:colcon.colcon_core.package_identification:_identify(backup/student-competition-resources-ros/Virtual_ROS_Resources/env_setup/isaac_ros_common/scripts/utils) by extensions ['colcon_pkg']
[2.703s] Level 1:colcon.colcon_core.package_identification:_identify(backup/student-competition-resources-ros/Virtual_ROS_Resources/env_setup/isaac_ros_common/scripts/utils) by extension 'colcon_pkg'
[2.703s] Level 1:colcon.colcon_core.package_identification:_identify(backup/student-competition-resources-ros/Virtual_ROS_Resources/env_setup/isaac_ros_common/scripts/utils) by extensions ['colcon_meta']
[2.703s] Level 1:colcon.colcon_core.package_identification:_identify(backup/student-competition-resources-ros/Virtual_ROS_Resources/env_setup/isaac_ros_common/scripts/utils) by extension 'colcon_meta'
[2.703s] Level 1:colcon.colcon_core.package_identification:_identify(backup/student-competition-resources-ros/Virtual_ROS_Resources/env_setup/isaac_ros_common/scripts/utils) by extensions ['ros']
[2.703s] Level 1:colcon.colcon_core.package_identification:_identify(backup/student-competition-resources-ros/Virtual_ROS_Resources/env_setup/isaac_ros_common/scripts/utils) by extension 'ros'
[2.703s] Level 1:colcon.colcon_core.package_identification:_identify(backup/student-competition-resources-ros/Virtual_ROS_Resources/env_setup/isaac_ros_common/scripts/utils) by extensions ['cmake', 'python']
[2.703s] Level 1:colcon.colcon_core.package_identification:_identify(backup/student-competition-resources-ros/Virtual_ROS_Resources/env_setup/isaac_ros_common/scripts/utils) by extension 'cmake'
[2.703s] Level 1:colcon.colcon_core.package_identification:_identify(backup/student-competition-resources-ros/Virtual_ROS_Resources/env_setup/isaac_ros_common/scripts/utils) by extension 'python'
[2.703s] Level 1:colcon.colcon_core.package_identification:_identify(backup/student-competition-resources-ros/Virtual_ROS_Resources/env_setup/isaac_ros_common/scripts/utils) by extensions ['python_setup_py']
[2.703s] Level 1:colcon.colcon_core.package_identification:_identify(backup/student-competition-resources-ros/Virtual_ROS_Resources/env_setup/isaac_ros_common/scripts/utils) by extension 'python_setup_py'
[2.704s] Level 1:colcon.colcon_core.package_identification:_identify(backup/student-competition-resources-ros/assets) by extensions ['ignore', 'ignore_ament_install']
[2.704s] Level 1:colcon.colcon_core.package_identification:_identify(backup/student-competition-resources-ros/assets) by extension 'ignore'
[2.704s] Level 1:colcon.colcon_core.package_identification:_identify(backup/student-competition-resources-ros/assets) by extension 'ignore_ament_install'
[2.704s] Level 1:colcon.colcon_core.package_identification:_identify(backup/student-competition-resources-ros/assets) by extensions ['colcon_pkg']
[2.704s] Level 1:colcon.colcon_core.package_identification:_identify(backup/student-competition-resources-ros/assets) by extension 'colcon_pkg'
[2.704s] Level 1:colcon.colcon_core.package_identification:_identify(backup/student-competition-resources-ros/assets) by extensions ['colcon_meta']
[2.704s] Level 1:colcon.colcon_core.package_identification:_identify(backup/student-competition-resources-ros/assets) by extension 'colcon_meta'
[2.704s] Level 1:colcon.colcon_core.package_identification:_identify(backup/student-competition-resources-ros/assets) by extensions ['ros']
[2.704s] Level 1:colcon.colcon_core.package_identification:_identify(backup/student-competition-resources-ros/assets) by extension 'ros'
[2.704s] Level 1:colcon.colcon_core.package_identification:_identify(backup/student-competition-resources-ros/assets) by extensions ['cmake', 'python']
[2.704s] Level 1:colcon.colcon_core.package_identification:_identify(backup/student-competition-resources-ros/assets) by extension 'cmake'
[2.704s] Level 1:colcon.colcon_core.package_identification:_identify(backup/student-competition-resources-ros/assets) by extension 'python'
[2.704s] Level 1:colcon.colcon_core.package_identification:_identify(backup/student-competition-resources-ros/assets) by extensions ['python_setup_py']
[2.704s] Level 1:colcon.colcon_core.package_identification:_identify(backup/student-competition-resources-ros/assets) by extension 'python_setup_py'
[2.704s] Level 1:colcon.colcon_core.package_identification:_identify(backup/student-competition-resources-ros/assets/banners) by extensions ['ignore', 'ignore_ament_install']
[2.704s] Level 1:colcon.colcon_core.package_identification:_identify(backup/student-competition-resources-ros/assets/banners) by extension 'ignore'
[2.704s] Level 1:colcon.colcon_core.package_identification:_identify(backup/student-competition-resources-ros/assets/banners) by extension 'ignore_ament_install'
[2.704s] Level 1:colcon.colcon_core.package_identification:_identify(backup/student-competition-resources-ros/assets/banners) by extensions ['colcon_pkg']
[2.704s] Level 1:colcon.colcon_core.package_identification:_identify(backup/student-competition-resources-ros/assets/banners) by extension 'colcon_pkg'
[2.704s] Level 1:colcon.colcon_core.package_identification:_identify(backup/student-competition-resources-ros/assets/banners) by extensions ['colcon_meta']
[2.704s] Level 1:colcon.colcon_core.package_identification:_identify(backup/student-competition-resources-ros/assets/banners) by extension 'colcon_meta'
[2.704s] Level 1:colcon.colcon_core.package_identification:_identify(backup/student-competition-resources-ros/assets/banners) by extensions ['ros']
[2.704s] Level 1:colcon.colcon_core.package_identification:_identify(backup/student-competition-resources-ros/assets/banners) by extension 'ros'
[2.704s] Level 1:colcon.colcon_core.package_identification:_identify(backup/student-competition-resources-ros/assets/banners) by extensions ['cmake', 'python']
[2.704s] Level 1:colcon.colcon_core.package_identification:_identify(backup/student-competition-resources-ros/assets/banners) by extension 'cmake'
[2.704s] Level 1:colcon.colcon_core.package_identification:_identify(backup/student-competition-resources-ros/assets/banners) by extension 'python'
[2.704s] Level 1:colcon.colcon_core.package_identification:_identify(backup/student-competition-resources-ros/assets/banners) by extensions ['python_setup_py']
[2.704s] Level 1:colcon.colcon_core.package_identification:_identify(backup/student-competition-resources-ros/assets/banners) by extension 'python_setup_py'
[2.704s] Level 1:colcon.colcon_core.package_identification:_identify(backup/student-competition-resources-ros/assets/logos) by extensions ['ignore', 'ignore_ament_install']
[2.705s] Level 1:colcon.colcon_core.package_identification:_identify(backup/student-competition-resources-ros/assets/logos) by extension 'ignore'
[2.705s] Level 1:colcon.colcon_core.package_identification:_identify(backup/student-competition-resources-ros/assets/logos) by extension 'ignore_ament_install'
[2.705s] Level 1:colcon.colcon_core.package_identification:_identify(backup/student-competition-resources-ros/assets/logos) by extensions ['colcon_pkg']
[2.705s] Level 1:colcon.colcon_core.package_identification:_identify(backup/student-competition-resources-ros/assets/logos) by extension 'colcon_pkg'
[2.705s] Level 1:colcon.colcon_core.package_identification:_identify(backup/student-competition-resources-ros/assets/logos) by extensions ['colcon_meta']
[2.705s] Level 1:colcon.colcon_core.package_identification:_identify(backup/student-competition-resources-ros/assets/logos) by extension 'colcon_meta'
[2.705s] Level 1:colcon.colcon_core.package_identification:_identify(backup/student-competition-resources-ros/assets/logos) by extensions ['ros']
[2.705s] Level 1:colcon.colcon_core.package_identification:_identify(backup/student-competition-resources-ros/assets/logos) by extension 'ros'
[2.705s] Level 1:colcon.colcon_core.package_identification:_identify(backup/student-competition-resources-ros/assets/logos) by extensions ['cmake', 'python']
[2.705s] Level 1:colcon.colcon_core.package_identification:_identify(backup/student-competition-resources-ros/assets/logos) by extension 'cmake'
[2.705s] Level 1:colcon.colcon_core.package_identification:_identify(backup/student-competition-resources-ros/assets/logos) by extension 'python'
[2.705s] Level 1:colcon.colcon_core.package_identification:_identify(backup/student-competition-resources-ros/assets/logos) by extensions ['python_setup_py']
[2.705s] Level 1:colcon.colcon_core.package_identification:_identify(backup/student-competition-resources-ros/assets/logos) by extension 'python_setup_py'
[2.705s] Level 1:colcon.colcon_core.package_identification:_identify(build) by extensions ['ignore', 'ignore_ament_install']
[2.705s] Level 1:colcon.colcon_core.package_identification:_identify(build) by extension 'ignore'
[2.705s] Level 1:colcon.colcon_core.package_identification:_identify(build) ignored
[2.705s] Level 1:colcon.colcon_core.package_identification:_identify(docker) by extensions ['ignore', 'ignore_ament_install']
[2.705s] Level 1:colcon.colcon_core.package_identification:_identify(docker) by extension 'ignore'
[2.705s] Level 1:colcon.colcon_core.package_identification:_identify(docker) by extension 'ignore_ament_install'
[2.705s] Level 1:colcon.colcon_core.package_identification:_identify(docker) by extensions ['colcon_pkg']
[2.705s] Level 1:colcon.colcon_core.package_identification:_identify(docker) by extension 'colcon_pkg'
[2.705s] Level 1:colcon.colcon_core.package_identification:_identify(docker) by extensions ['colcon_meta']
[2.705s] Level 1:colcon.colcon_core.package_identification:_identify(docker) by extension 'colcon_meta'
[2.705s] Level 1:colcon.colcon_core.package_identification:_identify(docker) by extensions ['ros']
[2.705s] Level 1:colcon.colcon_core.package_identification:_identify(docker) by extension 'ros'
[2.705s] Level 1:colcon.colcon_core.package_identification:_identify(docker) by extensions ['cmake', 'python']
[2.705s] Level 1:colcon.colcon_core.package_identification:_identify(docker) by extension 'cmake'
[2.705s] Level 1:colcon.colcon_core.package_identification:_identify(docker) by extension 'python'
[2.705s] Level 1:colcon.colcon_core.package_identification:_identify(docker) by extensions ['python_setup_py']
[2.705s] Level 1:colcon.colcon_core.package_identification:_identify(docker) by extension 'python_setup_py'
[2.706s] Level 1:colcon.colcon_core.package_identification:_identify(docker/0_libraries) by extensions ['ignore', 'ignore_ament_install']
[2.706s] Level 1:colcon.colcon_core.package_identification:_identify(docker/0_libraries) by extension 'ignore'
[2.706s] Level 1:colcon.colcon_core.package_identification:_identify(docker/0_libraries) by extension 'ignore_ament_install'
[2.706s] Level 1:colcon.colcon_core.package_identification:_identify(docker/0_libraries) by extensions ['colcon_pkg']
[2.706s] Level 1:colcon.colcon_core.package_identification:_identify(docker/0_libraries) by extension 'colcon_pkg'
[2.706s] Level 1:colcon.colcon_core.package_identification:_identify(docker/0_libraries) by extensions ['colcon_meta']
[2.706s] Level 1:colcon.colcon_core.package_identification:_identify(docker/0_libraries) by extension 'colcon_meta'
[2.706s] Level 1:colcon.colcon_core.package_identification:_identify(docker/0_libraries) by extensions ['ros']
[2.706s] Level 1:colcon.colcon_core.package_identification:_identify(docker/0_libraries) by extension 'ros'
[2.706s] Level 1:colcon.colcon_core.package_identification:_identify(docker/0_libraries) by extensions ['cmake', 'python']
[2.706s] Level 1:colcon.colcon_core.package_identification:_identify(docker/0_libraries) by extension 'cmake'
[2.706s] Level 1:colcon.colcon_core.package_identification:_identify(docker/0_libraries) by extension 'python'
[2.706s] Level 1:colcon.colcon_core.package_identification:_identify(docker/0_libraries) by extensions ['python_setup_py']
[2.706s] Level 1:colcon.colcon_core.package_identification:_identify(docker/0_libraries) by extension 'python_setup_py'
[2.706s] Level 1:colcon.colcon_core.package_identification:_identify(docker/0_libraries/python) by extensions ['ignore', 'ignore_ament_install']
[2.706s] Level 1:colcon.colcon_core.package_identification:_identify(docker/0_libraries/python) by extension 'ignore'
[2.706s] Level 1:colcon.colcon_core.package_identification:_identify(docker/0_libraries/python) by extension 'ignore_ament_install'
[2.706s] Level 1:colcon.colcon_core.package_identification:_identify(docker/0_libraries/python) by extensions ['colcon_pkg']
[2.706s] Level 1:colcon.colcon_core.package_identification:_identify(docker/0_libraries/python) by extension 'colcon_pkg'
[2.706s] Level 1:colcon.colcon_core.package_identification:_identify(docker/0_libraries/python) by extensions ['colcon_meta']
[2.706s] Level 1:colcon.colcon_core.package_identification:_identify(docker/0_libraries/python) by extension 'colcon_meta'
[2.706s] Level 1:colcon.colcon_core.package_identification:_identify(docker/0_libraries/python) by extensions ['ros']
[2.706s] Level 1:colcon.colcon_core.package_identification:_identify(docker/0_libraries/python) by extension 'ros'
[2.706s] Level 1:colcon.colcon_core.package_identification:_identify(docker/0_libraries/python) by extensions ['cmake', 'python']
[2.706s] Level 1:colcon.colcon_core.package_identification:_identify(docker/0_libraries/python) by extension 'cmake'
[2.706s] Level 1:colcon.colcon_core.package_identification:_identify(docker/0_libraries/python) by extension 'python'
[2.706s] Level 1:colcon.colcon_core.package_identification:_identify(docker/0_libraries/python) by extensions ['python_setup_py']
[2.706s] Level 1:colcon.colcon_core.package_identification:_identify(docker/0_libraries/python) by extension 'python_setup_py'
[2.706s] Level 1:colcon.colcon_core.package_identification:_identify(docker/0_libraries/python/hal) by extensions ['ignore', 'ignore_ament_install']
[2.707s] Level 1:colcon.colcon_core.package_identification:_identify(docker/0_libraries/python/hal) by extension 'ignore'
[2.707s] Level 1:colcon.colcon_core.package_identification:_identify(docker/0_libraries/python/hal) by extension 'ignore_ament_install'
[2.707s] Level 1:colcon.colcon_core.package_identification:_identify(docker/0_libraries/python/hal) by extensions ['colcon_pkg']
[2.707s] Level 1:colcon.colcon_core.package_identification:_identify(docker/0_libraries/python/hal) by extension 'colcon_pkg'
[2.707s] Level 1:colcon.colcon_core.package_identification:_identify(docker/0_libraries/python/hal) by extensions ['colcon_meta']
[2.707s] Level 1:colcon.colcon_core.package_identification:_identify(docker/0_libraries/python/hal) by extension 'colcon_meta'
[2.707s] Level 1:colcon.colcon_core.package_identification:_identify(docker/0_libraries/python/hal) by extensions ['ros']
[2.707s] Level 1:colcon.colcon_core.package_identification:_identify(docker/0_libraries/python/hal) by extension 'ros'
[2.707s] Level 1:colcon.colcon_core.package_identification:_identify(docker/0_libraries/python/hal) by extensions ['cmake', 'python']
[2.707s] Level 1:colcon.colcon_core.package_identification:_identify(docker/0_libraries/python/hal) by extension 'cmake'
[2.707s] Level 1:colcon.colcon_core.package_identification:_identify(docker/0_libraries/python/hal) by extension 'python'
[2.707s] Level 1:colcon.colcon_core.package_identification:_identify(docker/0_libraries/python/hal) by extensions ['python_setup_py']
[2.707s] Level 1:colcon.colcon_core.package_identification:_identify(docker/0_libraries/python/hal) by extension 'python_setup_py'
[2.707s] Level 1:colcon.colcon_core.package_identification:_identify(docker/0_libraries/python/hal/content) by extensions ['ignore', 'ignore_ament_install']
[2.707s] Level 1:colcon.colcon_core.package_identification:_identify(docker/0_libraries/python/hal/content) by extension 'ignore'
[2.707s] Level 1:colcon.colcon_core.package_identification:_identify(docker/0_libraries/python/hal/content) by extension 'ignore_ament_install'
[2.707s] Level 1:colcon.colcon_core.package_identification:_identify(docker/0_libraries/python/hal/content) by extensions ['colcon_pkg']
[2.707s] Level 1:colcon.colcon_core.package_identification:_identify(docker/0_libraries/python/hal/content) by extension 'colcon_pkg'
[2.707s] Level 1:colcon.colcon_core.package_identification:_identify(docker/0_libraries/python/hal/content) by extensions ['colcon_meta']
[2.707s] Level 1:colcon.colcon_core.package_identification:_identify(docker/0_libraries/python/hal/content) by extension 'colcon_meta'
[2.707s] Level 1:colcon.colcon_core.package_identification:_identify(docker/0_libraries/python/hal/content) by extensions ['ros']
[2.707s] Level 1:colcon.colcon_core.package_identification:_identify(docker/0_libraries/python/hal/content) by extension 'ros'
[2.707s] Level 1:colcon.colcon_core.package_identification:_identify(docker/0_libraries/python/hal/content) by extensions ['cmake', 'python']
[2.707s] Level 1:colcon.colcon_core.package_identification:_identify(docker/0_libraries/python/hal/content) by extension 'cmake'
[2.707s] Level 1:colcon.colcon_core.package_identification:_identify(docker/0_libraries/python/hal/content) by extension 'python'
[2.707s] Level 1:colcon.colcon_core.package_identification:_identify(docker/0_libraries/python/hal/content) by extensions ['python_setup_py']
[2.707s] Level 1:colcon.colcon_core.package_identification:_identify(docker/0_libraries/python/hal/content) by extension 'python_setup_py'
[2.707s] Level 1:colcon.colcon_core.package_identification:_identify(docker/0_libraries/python/hal/products) by extensions ['ignore', 'ignore_ament_install']
[2.708s] Level 1:colcon.colcon_core.package_identification:_identify(docker/0_libraries/python/hal/products) by extension 'ignore'
[2.708s] Level 1:colcon.colcon_core.package_identification:_identify(docker/0_libraries/python/hal/products) by extension 'ignore_ament_install'
[2.708s] Level 1:colcon.colcon_core.package_identification:_identify(docker/0_libraries/python/hal/products) by extensions ['colcon_pkg']
[2.708s] Level 1:colcon.colcon_core.package_identification:_identify(docker/0_libraries/python/hal/products) by extension 'colcon_pkg'
[2.708s] Level 1:colcon.colcon_core.package_identification:_identify(docker/0_libraries/python/hal/products) by extensions ['colcon_meta']
[2.708s] Level 1:colcon.colcon_core.package_identification:_identify(docker/0_libraries/python/hal/products) by extension 'colcon_meta'
[2.708s] Level 1:colcon.colcon_core.package_identification:_identify(docker/0_libraries/python/hal/products) by extensions ['ros']
[2.708s] Level 1:colcon.colcon_core.package_identification:_identify(docker/0_libraries/python/hal/products) by extension 'ros'
[2.708s] Level 1:colcon.colcon_core.package_identification:_identify(docker/0_libraries/python/hal/products) by extensions ['cmake', 'python']
[2.708s] Level 1:colcon.colcon_core.package_identification:_identify(docker/0_libraries/python/hal/products) by extension 'cmake'
[2.708s] Level 1:colcon.colcon_core.package_identification:_identify(docker/0_libraries/python/hal/products) by extension 'python'
[2.708s] Level 1:colcon.colcon_core.package_identification:_identify(docker/0_libraries/python/hal/products) by extensions ['python_setup_py']
[2.708s] Level 1:colcon.colcon_core.package_identification:_identify(docker/0_libraries/python/hal/products) by extension 'python_setup_py'
[2.708s] Level 1:colcon.colcon_core.package_identification:_identify(docker/0_libraries/python/hal/utilities) by extensions ['ignore', 'ignore_ament_install']
[2.708s] Level 1:colcon.colcon_core.package_identification:_identify(docker/0_libraries/python/hal/utilities) by extension 'ignore'
[2.708s] Level 1:colcon.colcon_core.package_identification:_identify(docker/0_libraries/python/hal/utilities) by extension 'ignore_ament_install'
[2.708s] Level 1:colcon.colcon_core.package_identification:_identify(docker/0_libraries/python/hal/utilities) by extensions ['colcon_pkg']
[2.708s] Level 1:colcon.colcon_core.package_identification:_identify(docker/0_libraries/python/hal/utilities) by extension 'colcon_pkg'
[2.708s] Level 1:colcon.colcon_core.package_identification:_identify(docker/0_libraries/python/hal/utilities) by extensions ['colcon_meta']
[2.708s] Level 1:colcon.colcon_core.package_identification:_identify(docker/0_libraries/python/hal/utilities) by extension 'colcon_meta'
[2.708s] Level 1:colcon.colcon_core.package_identification:_identify(docker/0_libraries/python/hal/utilities) by extensions ['ros']
[2.708s] Level 1:colcon.colcon_core.package_identification:_identify(docker/0_libraries/python/hal/utilities) by extension 'ros'
[2.708s] Level 1:colcon.colcon_core.package_identification:_identify(docker/0_libraries/python/hal/utilities) by extensions ['cmake', 'python']
[2.708s] Level 1:colcon.colcon_core.package_identification:_identify(docker/0_libraries/python/hal/utilities) by extension 'cmake'
[2.708s] Level 1:colcon.colcon_core.package_identification:_identify(docker/0_libraries/python/hal/utilities) by extension 'python'
[2.708s] Level 1:colcon.colcon_core.package_identification:_identify(docker/0_libraries/python/hal/utilities) by extensions ['python_setup_py']
[2.708s] Level 1:colcon.colcon_core.package_identification:_identify(docker/0_libraries/python/hal/utilities) by extension 'python_setup_py'
[2.708s] Level 1:colcon.colcon_core.package_identification:_identify(docker/0_libraries/python/pal) by extensions ['ignore', 'ignore_ament_install']
[2.708s] Level 1:colcon.colcon_core.package_identification:_identify(docker/0_libraries/python/pal) by extension 'ignore'
[2.708s] Level 1:colcon.colcon_core.package_identification:_identify(docker/0_libraries/python/pal) by extension 'ignore_ament_install'
[2.709s] Level 1:colcon.colcon_core.package_identification:_identify(docker/0_libraries/python/pal) by extensions ['colcon_pkg']
[2.709s] Level 1:colcon.colcon_core.package_identification:_identify(docker/0_libraries/python/pal) by extension 'colcon_pkg'
[2.709s] Level 1:colcon.colcon_core.package_identification:_identify(docker/0_libraries/python/pal) by extensions ['colcon_meta']
[2.709s] Level 1:colcon.colcon_core.package_identification:_identify(docker/0_libraries/python/pal) by extension 'colcon_meta'
[2.709s] Level 1:colcon.colcon_core.package_identification:_identify(docker/0_libraries/python/pal) by extensions ['ros']
[2.709s] Level 1:colcon.colcon_core.package_identification:_identify(docker/0_libraries/python/pal) by extension 'ros'
[2.709s] Level 1:colcon.colcon_core.package_identification:_identify(docker/0_libraries/python/pal) by extensions ['cmake', 'python']
[2.709s] Level 1:colcon.colcon_core.package_identification:_identify(docker/0_libraries/python/pal) by extension 'cmake'
[2.709s] Level 1:colcon.colcon_core.package_identification:_identify(docker/0_libraries/python/pal) by extension 'python'
[2.709s] Level 1:colcon.colcon_core.package_identification:_identify(docker/0_libraries/python/pal) by extensions ['python_setup_py']
[2.709s] Level 1:colcon.colcon_core.package_identification:_identify(docker/0_libraries/python/pal) by extension 'python_setup_py'
[2.709s] Level 1:colcon.colcon_core.package_identification:_identify(docker/0_libraries/python/pal/products) by extensions ['ignore', 'ignore_ament_install']
[2.709s] Level 1:colcon.colcon_core.package_identification:_identify(docker/0_libraries/python/pal/products) by extension 'ignore'
[2.709s] Level 1:colcon.colcon_core.package_identification:_identify(docker/0_libraries/python/pal/products) by extension 'ignore_ament_install'
[2.709s] Level 1:colcon.colcon_core.package_identification:_identify(docker/0_libraries/python/pal/products) by extensions ['colcon_pkg']
[2.709s] Level 1:colcon.colcon_core.package_identification:_identify(docker/0_libraries/python/pal/products) by extension 'colcon_pkg'
[2.709s] Level 1:colcon.colcon_core.package_identification:_identify(docker/0_libraries/python/pal/products) by extensions ['colcon_meta']
[2.709s] Level 1:colcon.colcon_core.package_identification:_identify(docker/0_libraries/python/pal/products) by extension 'colcon_meta'
[2.709s] Level 1:colcon.colcon_core.package_identification:_identify(docker/0_libraries/python/pal/products) by extensions ['ros']
[2.709s] Level 1:colcon.colcon_core.package_identification:_identify(docker/0_libraries/python/pal/products) by extension 'ros'
[2.709s] Level 1:colcon.colcon_core.package_identification:_identify(docker/0_libraries/python/pal/products) by extensions ['cmake', 'python']
[2.709s] Level 1:colcon.colcon_core.package_identification:_identify(docker/0_libraries/python/pal/products) by extension 'cmake'
[2.709s] Level 1:colcon.colcon_core.package_identification:_identify(docker/0_libraries/python/pal/products) by extension 'python'
[2.709s] Level 1:colcon.colcon_core.package_identification:_identify(docker/0_libraries/python/pal/products) by extensions ['python_setup_py']
[2.709s] Level 1:colcon.colcon_core.package_identification:_identify(docker/0_libraries/python/pal/products) by extension 'python_setup_py'
[2.709s] Level 1:colcon.colcon_core.package_identification:_identify(docker/0_libraries/python/pal/resources) by extensions ['ignore', 'ignore_ament_install']
[2.709s] Level 1:colcon.colcon_core.package_identification:_identify(docker/0_libraries/python/pal/resources) by extension 'ignore'
[2.709s] Level 1:colcon.colcon_core.package_identification:_identify(docker/0_libraries/python/pal/resources) by extension 'ignore_ament_install'
[2.709s] Level 1:colcon.colcon_core.package_identification:_identify(docker/0_libraries/python/pal/resources) by extensions ['colcon_pkg']
[2.709s] Level 1:colcon.colcon_core.package_identification:_identify(docker/0_libraries/python/pal/resources) by extension 'colcon_pkg'
[2.709s] Level 1:colcon.colcon_core.package_identification:_identify(docker/0_libraries/python/pal/resources) by extensions ['colcon_meta']
[2.709s] Level 1:colcon.colcon_core.package_identification:_identify(docker/0_libraries/python/pal/resources) by extension 'colcon_meta'
[2.710s] Level 1:colcon.colcon_core.package_identification:_identify(docker/0_libraries/python/pal/resources) by extensions ['ros']
[2.710s] Level 1:colcon.colcon_core.package_identification:_identify(docker/0_libraries/python/pal/resources) by extension 'ros'
[2.710s] Level 1:colcon.colcon_core.package_identification:_identify(docker/0_libraries/python/pal/resources) by extensions ['cmake', 'python']
[2.710s] Level 1:colcon.colcon_core.package_identification:_identify(docker/0_libraries/python/pal/resources) by extension 'cmake'
[2.710s] Level 1:colcon.colcon_core.package_identification:_identify(docker/0_libraries/python/pal/resources) by extension 'python'
[2.710s] Level 1:colcon.colcon_core.package_identification:_identify(docker/0_libraries/python/pal/resources) by extensions ['python_setup_py']
[2.710s] Level 1:colcon.colcon_core.package_identification:_identify(docker/0_libraries/python/pal/resources) by extension 'python_setup_py'
[2.710s] Level 1:colcon.colcon_core.package_identification:_identify(docker/0_libraries/python/pal/utilities) by extensions ['ignore', 'ignore_ament_install']
[2.710s] Level 1:colcon.colcon_core.package_identification:_identify(docker/0_libraries/python/pal/utilities) by extension 'ignore'
[2.710s] Level 1:colcon.colcon_core.package_identification:_identify(docker/0_libraries/python/pal/utilities) by extension 'ignore_ament_install'
[2.710s] Level 1:colcon.colcon_core.package_identification:_identify(docker/0_libraries/python/pal/utilities) by extensions ['colcon_pkg']
[2.710s] Level 1:colcon.colcon_core.package_identification:_identify(docker/0_libraries/python/pal/utilities) by extension 'colcon_pkg'
[2.710s] Level 1:colcon.colcon_core.package_identification:_identify(docker/0_libraries/python/pal/utilities) by extensions ['colcon_meta']
[2.710s] Level 1:colcon.colcon_core.package_identification:_identify(docker/0_libraries/python/pal/utilities) by extension 'colcon_meta'
[2.710s] Level 1:colcon.colcon_core.package_identification:_identify(docker/0_libraries/python/pal/utilities) by extensions ['ros']
[2.710s] Level 1:colcon.colcon_core.package_identification:_identify(docker/0_libraries/python/pal/utilities) by extension 'ros'
[2.710s] Level 1:colcon.colcon_core.package_identification:_identify(docker/0_libraries/python/pal/utilities) by extensions ['cmake', 'python']
[2.710s] Level 1:colcon.colcon_core.package_identification:_identify(docker/0_libraries/python/pal/utilities) by extension 'cmake'
[2.710s] Level 1:colcon.colcon_core.package_identification:_identify(docker/0_libraries/python/pal/utilities) by extension 'python'
[2.710s] Level 1:colcon.colcon_core.package_identification:_identify(docker/0_libraries/python/pal/utilities) by extensions ['python_setup_py']
[2.710s] Level 1:colcon.colcon_core.package_identification:_identify(docker/0_libraries/python/pal/utilities) by extension 'python_setup_py'
[2.710s] Level 1:colcon.colcon_core.package_identification:_identify(docker/0_libraries/python/pit) by extensions ['ignore', 'ignore_ament_install']
[2.710s] Level 1:colcon.colcon_core.package_identification:_identify(docker/0_libraries/python/pit) by extension 'ignore'
[2.710s] Level 1:colcon.colcon_core.package_identification:_identify(docker/0_libraries/python/pit) by extension 'ignore_ament_install'
[2.710s] Level 1:colcon.colcon_core.package_identification:_identify(docker/0_libraries/python/pit) by extensions ['colcon_pkg']
[2.710s] Level 1:colcon.colcon_core.package_identification:_identify(docker/0_libraries/python/pit) by extension 'colcon_pkg'
[2.710s] Level 1:colcon.colcon_core.package_identification:_identify(docker/0_libraries/python/pit) by extensions ['colcon_meta']
[2.710s] Level 1:colcon.colcon_core.package_identification:_identify(docker/0_libraries/python/pit) by extension 'colcon_meta'
[2.710s] Level 1:colcon.colcon_core.package_identification:_identify(docker/0_libraries/python/pit) by extensions ['ros']
[2.711s] Level 1:colcon.colcon_core.package_identification:_identify(docker/0_libraries/python/pit) by extension 'ros'
[2.711s] Level 1:colcon.colcon_core.package_identification:_identify(docker/0_libraries/python/pit) by extensions ['cmake', 'python']
[2.711s] Level 1:colcon.colcon_core.package_identification:_identify(docker/0_libraries/python/pit) by extension 'cmake'
[2.711s] Level 1:colcon.colcon_core.package_identification:_identify(docker/0_libraries/python/pit) by extension 'python'
[2.711s] Level 1:colcon.colcon_core.package_identification:_identify(docker/0_libraries/python/pit) by extensions ['python_setup_py']
[2.711s] Level 1:colcon.colcon_core.package_identification:_identify(docker/0_libraries/python/pit) by extension 'python_setup_py'
[2.711s] Level 1:colcon.colcon_core.package_identification:_identify(docker/0_libraries/python/pit/LaneNet) by extensions ['ignore', 'ignore_ament_install']
[2.711s] Level 1:colcon.colcon_core.package_identification:_identify(docker/0_libraries/python/pit/LaneNet) by extension 'ignore'
[2.711s] Level 1:colcon.colcon_core.package_identification:_identify(docker/0_libraries/python/pit/LaneNet) by extension 'ignore_ament_install'
[2.711s] Level 1:colcon.colcon_core.package_identification:_identify(docker/0_libraries/python/pit/LaneNet) by extensions ['colcon_pkg']
[2.711s] Level 1:colcon.colcon_core.package_identification:_identify(docker/0_libraries/python/pit/LaneNet) by extension 'colcon_pkg'
[2.711s] Level 1:colcon.colcon_core.package_identification:_identify(docker/0_libraries/python/pit/LaneNet) by extensions ['colcon_meta']
[2.711s] Level 1:colcon.colcon_core.package_identification:_identify(docker/0_libraries/python/pit/LaneNet) by extension 'colcon_meta'
[2.711s] Level 1:colcon.colcon_core.package_identification:_identify(docker/0_libraries/python/pit/LaneNet) by extensions ['ros']
[2.711s] Level 1:colcon.colcon_core.package_identification:_identify(docker/0_libraries/python/pit/LaneNet) by extension 'ros'
[2.711s] Level 1:colcon.colcon_core.package_identification:_identify(docker/0_libraries/python/pit/LaneNet) by extensions ['cmake', 'python']
[2.711s] Level 1:colcon.colcon_core.package_identification:_identify(docker/0_libraries/python/pit/LaneNet) by extension 'cmake'
[2.711s] Level 1:colcon.colcon_core.package_identification:_identify(docker/0_libraries/python/pit/LaneNet) by extension 'python'
[2.711s] Level 1:colcon.colcon_core.package_identification:_identify(docker/0_libraries/python/pit/LaneNet) by extensions ['python_setup_py']
[2.711s] Level 1:colcon.colcon_core.package_identification:_identify(docker/0_libraries/python/pit/LaneNet) by extension 'python_setup_py'
[2.711s] Level 1:colcon.colcon_core.package_identification:_identify(docker/0_libraries/python/pit/LaneNet/architecture) by extensions ['ignore', 'ignore_ament_install']
[2.711s] Level 1:colcon.colcon_core.package_identification:_identify(docker/0_libraries/python/pit/LaneNet/architecture) by extension 'ignore'
[2.711s] Level 1:colcon.colcon_core.package_identification:_identify(docker/0_libraries/python/pit/LaneNet/architecture) by extension 'ignore_ament_install'
[2.711s] Level 1:colcon.colcon_core.package_identification:_identify(docker/0_libraries/python/pit/LaneNet/architecture) by extensions ['colcon_pkg']
[2.711s] Level 1:colcon.colcon_core.package_identification:_identify(docker/0_libraries/python/pit/LaneNet/architecture) by extension 'colcon_pkg'
[2.711s] Level 1:colcon.colcon_core.package_identification:_identify(docker/0_libraries/python/pit/LaneNet/architecture) by extensions ['colcon_meta']
[2.711s] Level 1:colcon.colcon_core.package_identification:_identify(docker/0_libraries/python/pit/LaneNet/architecture) by extension 'colcon_meta'
[2.711s] Level 1:colcon.colcon_core.package_identification:_identify(docker/0_libraries/python/pit/LaneNet/architecture) by extensions ['ros']
[2.711s] Level 1:colcon.colcon_core.package_identification:_identify(docker/0_libraries/python/pit/LaneNet/architecture) by extension 'ros'
[2.711s] Level 1:colcon.colcon_core.package_identification:_identify(docker/0_libraries/python/pit/LaneNet/architecture) by extensions ['cmake', 'python']
[2.712s] Level 1:colcon.colcon_core.package_identification:_identify(docker/0_libraries/python/pit/LaneNet/architecture) by extension 'cmake'
[2.712s] Level 1:colcon.colcon_core.package_identification:_identify(docker/0_libraries/python/pit/LaneNet/architecture) by extension 'python'
[2.712s] Level 1:colcon.colcon_core.package_identification:_identify(docker/0_libraries/python/pit/LaneNet/architecture) by extensions ['python_setup_py']
[2.712s] Level 1:colcon.colcon_core.package_identification:_identify(docker/0_libraries/python/pit/LaneNet/architecture) by extension 'python_setup_py'
[2.712s] Level 1:colcon.colcon_core.package_identification:_identify(docker/0_libraries/python/pit/LaneNet/architecture/backbone) by extensions ['ignore', 'ignore_ament_install']
[2.712s] Level 1:colcon.colcon_core.package_identification:_identify(docker/0_libraries/python/pit/LaneNet/architecture/backbone) by extension 'ignore'
[2.712s] Level 1:colcon.colcon_core.package_identification:_identify(docker/0_libraries/python/pit/LaneNet/architecture/backbone) by extension 'ignore_ament_install'
[2.712s] Level 1:colcon.colcon_core.package_identification:_identify(docker/0_libraries/python/pit/LaneNet/architecture/backbone) by extensions ['colcon_pkg']
[2.712s] Level 1:colcon.colcon_core.package_identification:_identify(docker/0_libraries/python/pit/LaneNet/architecture/backbone) by extension 'colcon_pkg'
[2.712s] Level 1:colcon.colcon_core.package_identification:_identify(docker/0_libraries/python/pit/LaneNet/architecture/backbone) by extensions ['colcon_meta']
[2.712s] Level 1:colcon.colcon_core.package_identification:_identify(docker/0_libraries/python/pit/LaneNet/architecture/backbone) by extension 'colcon_meta'
[2.712s] Level 1:colcon.colcon_core.package_identification:_identify(docker/0_libraries/python/pit/LaneNet/architecture/backbone) by extensions ['ros']
[2.712s] Level 1:colcon.colcon_core.package_identification:_identify(docker/0_libraries/python/pit/LaneNet/architecture/backbone) by extension 'ros'
[2.712s] Level 1:colcon.colcon_core.package_identification:_identify(docker/0_libraries/python/pit/LaneNet/architecture/backbone) by extensions ['cmake', 'python']
[2.712s] Level 1:colcon.colcon_core.package_identification:_identify(docker/0_libraries/python/pit/LaneNet/architecture/backbone) by extension 'cmake'
[2.712s] Level 1:colcon.colcon_core.package_identification:_identify(docker/0_libraries/python/pit/LaneNet/architecture/backbone) by extension 'python'
[2.712s] Level 1:colcon.colcon_core.package_identification:_identify(docker/0_libraries/python/pit/LaneNet/architecture/backbone) by extensions ['python_setup_py']
[2.712s] Level 1:colcon.colcon_core.package_identification:_identify(docker/0_libraries/python/pit/LaneNet/architecture/backbone) by extension 'python_setup_py'
[2.712s] Level 1:colcon.colcon_core.package_identification:_identify(docker/0_libraries/python/pit/LaneNet/architecture/backbone/deeplabv3_plus) by extensions ['ignore', 'ignore_ament_install']
[2.712s] Level 1:colcon.colcon_core.package_identification:_identify(docker/0_libraries/python/pit/LaneNet/architecture/backbone/deeplabv3_plus) by extension 'ignore'
[2.712s] Level 1:colcon.colcon_core.package_identification:_identify(docker/0_libraries/python/pit/LaneNet/architecture/backbone/deeplabv3_plus) by extension 'ignore_ament_install'
[2.712s] Level 1:colcon.colcon_core.package_identification:_identify(docker/0_libraries/python/pit/LaneNet/architecture/backbone/deeplabv3_plus) by extensions ['colcon_pkg']
[2.712s] Level 1:colcon.colcon_core.package_identification:_identify(docker/0_libraries/python/pit/LaneNet/architecture/backbone/deeplabv3_plus) by extension 'colcon_pkg'
[2.712s] Level 1:colcon.colcon_core.package_identification:_identify(docker/0_libraries/python/pit/LaneNet/architecture/backbone/deeplabv3_plus) by extensions ['colcon_meta']
[2.712s] Level 1:colcon.colcon_core.package_identification:_identify(docker/0_libraries/python/pit/LaneNet/architecture/backbone/deeplabv3_plus) by extension 'colcon_meta'
[2.712s] Level 1:colcon.colcon_core.package_identification:_identify(docker/0_libraries/python/pit/LaneNet/architecture/backbone/deeplabv3_plus) by extensions ['ros']
[2.712s] Level 1:colcon.colcon_core.package_identification:_identify(docker/0_libraries/python/pit/LaneNet/architecture/backbone/deeplabv3_plus) by extension 'ros'
[2.712s] Level 1:colcon.colcon_core.package_identification:_identify(docker/0_libraries/python/pit/LaneNet/architecture/backbone/deeplabv3_plus) by extensions ['cmake', 'python']
[2.712s] Level 1:colcon.colcon_core.package_identification:_identify(docker/0_libraries/python/pit/LaneNet/architecture/backbone/deeplabv3_plus) by extension 'cmake'
[2.713s] Level 1:colcon.colcon_core.package_identification:_identify(docker/0_libraries/python/pit/LaneNet/architecture/backbone/deeplabv3_plus) by extension 'python'
[2.713s] Level 1:colcon.colcon_core.package_identification:_identify(docker/0_libraries/python/pit/LaneNet/architecture/backbone/deeplabv3_plus) by extensions ['python_setup_py']
[2.713s] Level 1:colcon.colcon_core.package_identification:_identify(docker/0_libraries/python/pit/LaneNet/architecture/backbone/deeplabv3_plus) by extension 'python_setup_py'
[2.713s] Level 1:colcon.colcon_core.package_identification:_identify(docker/0_libraries/python/pit/LaneNet/architecture/backbone/deeplabv3_plus/sync_batchnorm) by extensions ['ignore', 'ignore_ament_install']
[2.713s] Level 1:colcon.colcon_core.package_identification:_identify(docker/0_libraries/python/pit/LaneNet/architecture/backbone/deeplabv3_plus/sync_batchnorm) by extension 'ignore'
[2.713s] Level 1:colcon.colcon_core.package_identification:_identify(docker/0_libraries/python/pit/LaneNet/architecture/backbone/deeplabv3_plus/sync_batchnorm) by extension 'ignore_ament_install'
[2.713s] Level 1:colcon.colcon_core.package_identification:_identify(docker/0_libraries/python/pit/LaneNet/architecture/backbone/deeplabv3_plus/sync_batchnorm) by extensions ['colcon_pkg']
[2.713s] Level 1:colcon.colcon_core.package_identification:_identify(docker/0_libraries/python/pit/LaneNet/architecture/backbone/deeplabv3_plus/sync_batchnorm) by extension 'colcon_pkg'
[2.713s] Level 1:colcon.colcon_core.package_identification:_identify(docker/0_libraries/python/pit/LaneNet/architecture/backbone/deeplabv3_plus/sync_batchnorm) by extensions ['colcon_meta']
[2.713s] Level 1:colcon.colcon_core.package_identification:_identify(docker/0_libraries/python/pit/LaneNet/architecture/backbone/deeplabv3_plus/sync_batchnorm) by extension 'colcon_meta'
[2.713s] Level 1:colcon.colcon_core.package_identification:_identify(docker/0_libraries/python/pit/LaneNet/architecture/backbone/deeplabv3_plus/sync_batchnorm) by extensions ['ros']
[2.713s] Level 1:colcon.colcon_core.package_identification:_identify(docker/0_libraries/python/pit/LaneNet/architecture/backbone/deeplabv3_plus/sync_batchnorm) by extension 'ros'
[2.713s] Level 1:colcon.colcon_core.package_identification:_identify(docker/0_libraries/python/pit/LaneNet/architecture/backbone/deeplabv3_plus/sync_batchnorm) by extensions ['cmake', 'python']
[2.713s] Level 1:colcon.colcon_core.package_identification:_identify(docker/0_libraries/python/pit/LaneNet/architecture/backbone/deeplabv3_plus/sync_batchnorm) by extension 'cmake'
[2.713s] Level 1:colcon.colcon_core.package_identification:_identify(docker/0_libraries/python/pit/LaneNet/architecture/backbone/deeplabv3_plus/sync_batchnorm) by extension 'python'
[2.713s] Level 1:colcon.colcon_core.package_identification:_identify(docker/0_libraries/python/pit/LaneNet/architecture/backbone/deeplabv3_plus/sync_batchnorm) by extensions ['python_setup_py']
[2.713s] Level 1:colcon.colcon_core.package_identification:_identify(docker/0_libraries/python/pit/LaneNet/architecture/backbone/deeplabv3_plus/sync_batchnorm) by extension 'python_setup_py'
[2.713s] Level 1:colcon.colcon_core.package_identification:_identify(docker/0_libraries/python/pit/YOLO) by extensions ['ignore', 'ignore_ament_install']
[2.713s] Level 1:colcon.colcon_core.package_identification:_identify(docker/0_libraries/python/pit/YOLO) by extension 'ignore'
[2.713s] Level 1:colcon.colcon_core.package_identification:_identify(docker/0_libraries/python/pit/YOLO) by extension 'ignore_ament_install'
[2.713s] Level 1:colcon.colcon_core.package_identification:_identify(docker/0_libraries/python/pit/YOLO) by extensions ['colcon_pkg']
[2.713s] Level 1:colcon.colcon_core.package_identification:_identify(docker/0_libraries/python/pit/YOLO) by extension 'colcon_pkg'
[2.713s] Level 1:colcon.colcon_core.package_identification:_identify(docker/0_libraries/python/pit/YOLO) by extensions ['colcon_meta']
[2.713s] Level 1:colcon.colcon_core.package_identification:_identify(docker/0_libraries/python/pit/YOLO) by extension 'colcon_meta'
[2.713s] Level 1:colcon.colcon_core.package_identification:_identify(docker/0_libraries/python/pit/YOLO) by extensions ['ros']
[2.713s] Level 1:colcon.colcon_core.package_identification:_identify(docker/0_libraries/python/pit/YOLO) by extension 'ros'
[2.713s] Level 1:colcon.colcon_core.package_identification:_identify(docker/0_libraries/python/pit/YOLO) by extensions ['cmake', 'python']
[2.713s] Level 1:colcon.colcon_core.package_identification:_identify(docker/0_libraries/python/pit/YOLO) by extension 'cmake'
[2.713s] Level 1:colcon.colcon_core.package_identification:_identify(docker/0_libraries/python/pit/YOLO) by extension 'python'
[2.713s] Level 1:colcon.colcon_core.package_identification:_identify(docker/0_libraries/python/pit/YOLO) by extensions ['python_setup_py']
[2.713s] Level 1:colcon.colcon_core.package_identification:_identify(docker/0_libraries/python/pit/YOLO) by extension 'python_setup_py'
[2.714s] Level 1:colcon.colcon_core.package_identification:_identify(docker/0_libraries/python/pit/haar) by extensions ['ignore', 'ignore_ament_install']
[2.714s] Level 1:colcon.colcon_core.package_identification:_identify(docker/0_libraries/python/pit/haar) by extension 'ignore'
[2.714s] Level 1:colcon.colcon_core.package_identification:_identify(docker/0_libraries/python/pit/haar) by extension 'ignore_ament_install'
[2.714s] Level 1:colcon.colcon_core.package_identification:_identify(docker/0_libraries/python/pit/haar) by extensions ['colcon_pkg']
[2.714s] Level 1:colcon.colcon_core.package_identification:_identify(docker/0_libraries/python/pit/haar) by extension 'colcon_pkg'
[2.714s] Level 1:colcon.colcon_core.package_identification:_identify(docker/0_libraries/python/pit/haar) by extensions ['colcon_meta']
[2.714s] Level 1:colcon.colcon_core.package_identification:_identify(docker/0_libraries/python/pit/haar) by extension 'colcon_meta'
[2.714s] Level 1:colcon.colcon_core.package_identification:_identify(docker/0_libraries/python/pit/haar) by extensions ['ros']
[2.714s] Level 1:colcon.colcon_core.package_identification:_identify(docker/0_libraries/python/pit/haar) by extension 'ros'
[2.714s] Level 1:colcon.colcon_core.package_identification:_identify(docker/0_libraries/python/pit/haar) by extensions ['cmake', 'python']
[2.714s] Level 1:colcon.colcon_core.package_identification:_identify(docker/0_libraries/python/pit/haar) by extension 'cmake'
[2.714s] Level 1:colcon.colcon_core.package_identification:_identify(docker/0_libraries/python/pit/haar) by extension 'python'
[2.714s] Level 1:colcon.colcon_core.package_identification:_identify(docker/0_libraries/python/pit/haar) by extensions ['python_setup_py']
[2.714s] Level 1:colcon.colcon_core.package_identification:_identify(docker/0_libraries/python/pit/haar) by extension 'python_setup_py'
[2.714s] Level 1:colcon.colcon_core.package_identification:_identify(docker/0_libraries/python/pit/jetson) by extensions ['ignore', 'ignore_ament_install']
[2.714s] Level 1:colcon.colcon_core.package_identification:_identify(docker/0_libraries/python/pit/jetson) by extension 'ignore'
[2.714s] Level 1:colcon.colcon_core.package_identification:_identify(docker/0_libraries/python/pit/jetson) by extension 'ignore_ament_install'
[2.714s] Level 1:colcon.colcon_core.package_identification:_identify(docker/0_libraries/python/pit/jetson) by extensions ['colcon_pkg']
[2.714s] Level 1:colcon.colcon_core.package_identification:_identify(docker/0_libraries/python/pit/jetson) by extension 'colcon_pkg'
[2.714s] Level 1:colcon.colcon_core.package_identification:_identify(docker/0_libraries/python/pit/jetson) by extensions ['colcon_meta']
[2.714s] Level 1:colcon.colcon_core.package_identification:_identify(docker/0_libraries/python/pit/jetson) by extension 'colcon_meta'
[2.714s] Level 1:colcon.colcon_core.package_identification:_identify(docker/0_libraries/python/pit/jetson) by extensions ['ros']
[2.714s] Level 1:colcon.colcon_core.package_identification:_identify(docker/0_libraries/python/pit/jetson) by extension 'ros'
[2.714s] Level 1:colcon.colcon_core.package_identification:_identify(docker/0_libraries/python/pit/jetson) by extensions ['cmake', 'python']
[2.714s] Level 1:colcon.colcon_core.package_identification:_identify(docker/0_libraries/python/pit/jetson) by extension 'cmake'
[2.714s] Level 1:colcon.colcon_core.package_identification:_identify(docker/0_libraries/python/pit/jetson) by extension 'python'
[2.714s] Level 1:colcon.colcon_core.package_identification:_identify(docker/0_libraries/python/pit/jetson) by extensions ['python_setup_py']
[2.714s] Level 1:colcon.colcon_core.package_identification:_identify(docker/0_libraries/python/pit/jetson) by extension 'python_setup_py'
[2.715s] Level 1:colcon.colcon_core.package_identification:_identify(docker/0_libraries/python/qvl) by extensions ['ignore', 'ignore_ament_install']
[2.715s] Level 1:colcon.colcon_core.package_identification:_identify(docker/0_libraries/python/qvl) by extension 'ignore'
[2.715s] Level 1:colcon.colcon_core.package_identification:_identify(docker/0_libraries/python/qvl) by extension 'ignore_ament_install'
[2.715s] Level 1:colcon.colcon_core.package_identification:_identify(docker/0_libraries/python/qvl) by extensions ['colcon_pkg']
[2.715s] Level 1:colcon.colcon_core.package_identification:_identify(docker/0_libraries/python/qvl) by extension 'colcon_pkg'
[2.715s] Level 1:colcon.colcon_core.package_identification:_identify(docker/0_libraries/python/qvl) by extensions ['colcon_meta']
[2.715s] Level 1:colcon.colcon_core.package_identification:_identify(docker/0_libraries/python/qvl) by extension 'colcon_meta'
[2.715s] Level 1:colcon.colcon_core.package_identification:_identify(docker/0_libraries/python/qvl) by extensions ['ros']
[2.715s] Level 1:colcon.colcon_core.package_identification:_identify(docker/0_libraries/python/qvl) by extension 'ros'
[2.715s] Level 1:colcon.colcon_core.package_identification:_identify(docker/0_libraries/python/qvl) by extensions ['cmake', 'python']
[2.715s] Level 1:colcon.colcon_core.package_identification:_identify(docker/0_libraries/python/qvl) by extension 'cmake'
[2.715s] Level 1:colcon.colcon_core.package_identification:_identify(docker/0_libraries/python/qvl) by extension 'python'
[2.715s] Level 1:colcon.colcon_core.package_identification:_identify(docker/0_libraries/python/qvl) by extensions ['python_setup_py']
[2.715s] Level 1:colcon.colcon_core.package_identification:_identify(docker/0_libraries/python/qvl) by extension 'python_setup_py'
[2.715s] Level 1:colcon.colcon_core.package_identification:_identify(docker/0_libraries/resources) by extensions ['ignore', 'ignore_ament_install']
[2.715s] Level 1:colcon.colcon_core.package_identification:_identify(docker/0_libraries/resources) by extension 'ignore'
[2.715s] Level 1:colcon.colcon_core.package_identification:_identify(docker/0_libraries/resources) by extension 'ignore_ament_install'
[2.715s] Level 1:colcon.colcon_core.package_identification:_identify(docker/0_libraries/resources) by extensions ['colcon_pkg']
[2.715s] Level 1:colcon.colcon_core.package_identification:_identify(docker/0_libraries/resources) by extension 'colcon_pkg'
[2.715s] Level 1:colcon.colcon_core.package_identification:_identify(docker/0_libraries/resources) by extensions ['colcon_meta']
[2.715s] Level 1:colcon.colcon_core.package_identification:_identify(docker/0_libraries/resources) by extension 'colcon_meta'
[2.715s] Level 1:colcon.colcon_core.package_identification:_identify(docker/0_libraries/resources) by extensions ['ros']
[2.715s] Level 1:colcon.colcon_core.package_identification:_identify(docker/0_libraries/resources) by extension 'ros'
[2.715s] Level 1:colcon.colcon_core.package_identification:_identify(docker/0_libraries/resources) by extensions ['cmake', 'python']
[2.715s] Level 1:colcon.colcon_core.package_identification:_identify(docker/0_libraries/resources) by extension 'cmake'
[2.715s] Level 1:colcon.colcon_core.package_identification:_identify(docker/0_libraries/resources) by extension 'python'
[2.715s] Level 1:colcon.colcon_core.package_identification:_identify(docker/0_libraries/resources) by extensions ['python_setup_py']
[2.715s] Level 1:colcon.colcon_core.package_identification:_identify(docker/0_libraries/resources) by extension 'python_setup_py'
[2.715s] Level 1:colcon.colcon_core.package_identification:_identify(docker/0_libraries/resources/applications) by extensions ['ignore', 'ignore_ament_install']
[2.715s] Level 1:colcon.colcon_core.package_identification:_identify(docker/0_libraries/resources/applications) by extension 'ignore'
[2.716s] Level 1:colcon.colcon_core.package_identification:_identify(docker/0_libraries/resources/applications) by extension 'ignore_ament_install'
[2.716s] Level 1:colcon.colcon_core.package_identification:_identify(docker/0_libraries/resources/applications) by extensions ['colcon_pkg']
[2.716s] Level 1:colcon.colcon_core.package_identification:_identify(docker/0_libraries/resources/applications) by extension 'colcon_pkg'
[2.716s] Level 1:colcon.colcon_core.package_identification:_identify(docker/0_libraries/resources/applications) by extensions ['colcon_meta']
[2.716s] Level 1:colcon.colcon_core.package_identification:_identify(docker/0_libraries/resources/applications) by extension 'colcon_meta'
[2.716s] Level 1:colcon.colcon_core.package_identification:_identify(docker/0_libraries/resources/applications) by extensions ['ros']
[2.716s] Level 1:colcon.colcon_core.package_identification:_identify(docker/0_libraries/resources/applications) by extension 'ros'
[2.716s] Level 1:colcon.colcon_core.package_identification:_identify(docker/0_libraries/resources/applications) by extensions ['cmake', 'python']
[2.716s] Level 1:colcon.colcon_core.package_identification:_identify(docker/0_libraries/resources/applications) by extension 'cmake'
[2.716s] Level 1:colcon.colcon_core.package_identification:_identify(docker/0_libraries/resources/applications) by extension 'python'
[2.716s] Level 1:colcon.colcon_core.package_identification:_identify(docker/0_libraries/resources/applications) by extensions ['python_setup_py']
[2.716s] Level 1:colcon.colcon_core.package_identification:_identify(docker/0_libraries/resources/applications) by extension 'python_setup_py'
[2.716s] Level 1:colcon.colcon_core.package_identification:_identify(docker/0_libraries/resources/applications/KeyboardDriver) by extensions ['ignore', 'ignore_ament_install']
[2.716s] Level 1:colcon.colcon_core.package_identification:_identify(docker/0_libraries/resources/applications/KeyboardDriver) by extension 'ignore'
[2.716s] Level 1:colcon.colcon_core.package_identification:_identify(docker/0_libraries/resources/applications/KeyboardDriver) by extension 'ignore_ament_install'
[2.716s] Level 1:colcon.colcon_core.package_identification:_identify(docker/0_libraries/resources/applications/KeyboardDriver) by extensions ['colcon_pkg']
[2.716s] Level 1:colcon.colcon_core.package_identification:_identify(docker/0_libraries/resources/applications/KeyboardDriver) by extension 'colcon_pkg'
[2.716s] Level 1:colcon.colcon_core.package_identification:_identify(docker/0_libraries/resources/applications/KeyboardDriver) by extensions ['colcon_meta']
[2.716s] Level 1:colcon.colcon_core.package_identification:_identify(docker/0_libraries/resources/applications/KeyboardDriver) by extension 'colcon_meta'
[2.716s] Level 1:colcon.colcon_core.package_identification:_identify(docker/0_libraries/resources/applications/KeyboardDriver) by extensions ['ros']
[2.716s] Level 1:colcon.colcon_core.package_identification:_identify(docker/0_libraries/resources/applications/KeyboardDriver) by extension 'ros'
[2.716s] Level 1:colcon.colcon_core.package_identification:_identify(docker/0_libraries/resources/applications/KeyboardDriver) by extensions ['cmake', 'python']
[2.716s] Level 1:colcon.colcon_core.package_identification:_identify(docker/0_libraries/resources/applications/KeyboardDriver) by extension 'cmake'
[2.716s] Level 1:colcon.colcon_core.package_identification:_identify(docker/0_libraries/resources/applications/KeyboardDriver) by extension 'python'
[2.716s] Level 1:colcon.colcon_core.package_identification:_identify(docker/0_libraries/resources/applications/KeyboardDriver) by extensions ['python_setup_py']
[2.716s] Level 1:colcon.colcon_core.package_identification:_identify(docker/0_libraries/resources/applications/KeyboardDriver) by extension 'python_setup_py'
[2.716s] Level 1:colcon.colcon_core.package_identification:_identify(docker/0_libraries/resources/applications/QCarDepthAlign) by extensions ['ignore', 'ignore_ament_install']
[2.716s] Level 1:colcon.colcon_core.package_identification:_identify(docker/0_libraries/resources/applications/QCarDepthAlign) by extension 'ignore'
[2.716s] Level 1:colcon.colcon_core.package_identification:_identify(docker/0_libraries/resources/applications/QCarDepthAlign) by extension 'ignore_ament_install'
[2.716s] Level 1:colcon.colcon_core.package_identification:_identify(docker/0_libraries/resources/applications/QCarDepthAlign) by extensions ['colcon_pkg']
[2.716s] Level 1:colcon.colcon_core.package_identification:_identify(docker/0_libraries/resources/applications/QCarDepthAlign) by extension 'colcon_pkg'
[2.716s] Level 1:colcon.colcon_core.package_identification:_identify(docker/0_libraries/resources/applications/QCarDepthAlign) by extensions ['colcon_meta']
[2.717s] Level 1:colcon.colcon_core.package_identification:_identify(docker/0_libraries/resources/applications/QCarDepthAlign) by extension 'colcon_meta'
[2.717s] Level 1:colcon.colcon_core.package_identification:_identify(docker/0_libraries/resources/applications/QCarDepthAlign) by extensions ['ros']
[2.717s] Level 1:colcon.colcon_core.package_identification:_identify(docker/0_libraries/resources/applications/QCarDepthAlign) by extension 'ros'
[2.717s] Level 1:colcon.colcon_core.package_identification:_identify(docker/0_libraries/resources/applications/QCarDepthAlign) by extensions ['cmake', 'python']
[2.717s] Level 1:colcon.colcon_core.package_identification:_identify(docker/0_libraries/resources/applications/QCarDepthAlign) by extension 'cmake'
[2.717s] Level 1:colcon.colcon_core.package_identification:_identify(docker/0_libraries/resources/applications/QCarDepthAlign) by extension 'python'
[2.717s] Level 1:colcon.colcon_core.package_identification:_identify(docker/0_libraries/resources/applications/QCarDepthAlign) by extensions ['python_setup_py']
[2.717s] Level 1:colcon.colcon_core.package_identification:_identify(docker/0_libraries/resources/applications/QCarDepthAlign) by extension 'python_setup_py'
[2.717s] Level 1:colcon.colcon_core.package_identification:_identify(docker/0_libraries/resources/applications/QCarScanMatching) by extensions ['ignore', 'ignore_ament_install']
[2.717s] Level 1:colcon.colcon_core.package_identification:_identify(docker/0_libraries/resources/applications/QCarScanMatching) by extension 'ignore'
[2.717s] Level 1:colcon.colcon_core.package_identification:_identify(docker/0_libraries/resources/applications/QCarScanMatching) by extension 'ignore_ament_install'
[2.717s] Level 1:colcon.colcon_core.package_identification:_identify(docker/0_libraries/resources/applications/QCarScanMatching) by extensions ['colcon_pkg']
[2.717s] Level 1:colcon.colcon_core.package_identification:_identify(docker/0_libraries/resources/applications/QCarScanMatching) by extension 'colcon_pkg'
[2.717s] Level 1:colcon.colcon_core.package_identification:_identify(docker/0_libraries/resources/applications/QCarScanMatching) by extensions ['colcon_meta']
[2.717s] Level 1:colcon.colcon_core.package_identification:_identify(docker/0_libraries/resources/applications/QCarScanMatching) by extension 'colcon_meta'
[2.717s] Level 1:colcon.colcon_core.package_identification:_identify(docker/0_libraries/resources/applications/QCarScanMatching) by extensions ['ros']
[2.717s] Level 1:colcon.colcon_core.package_identification:_identify(docker/0_libraries/resources/applications/QCarScanMatching) by extension 'ros'
[2.717s] Level 1:colcon.colcon_core.package_identification:_identify(docker/0_libraries/resources/applications/QCarScanMatching) by extensions ['cmake', 'python']
[2.717s] Level 1:colcon.colcon_core.package_identification:_identify(docker/0_libraries/resources/applications/QCarScanMatching) by extension 'cmake'
[2.717s] Level 1:colcon.colcon_core.package_identification:_identify(docker/0_libraries/resources/applications/QCarScanMatching) by extension 'python'
[2.717s] Level 1:colcon.colcon_core.package_identification:_identify(docker/0_libraries/resources/applications/QCarScanMatching) by extensions ['python_setup_py']
[2.717s] Level 1:colcon.colcon_core.package_identification:_identify(docker/0_libraries/resources/applications/QCarScanMatching) by extension 'python_setup_py'
[2.717s] Level 1:colcon.colcon_core.package_identification:_identify(docker/0_libraries/resources/applications/QLabsVRPNServer) by extensions ['ignore', 'ignore_ament_install']
[2.717s] Level 1:colcon.colcon_core.package_identification:_identify(docker/0_libraries/resources/applications/QLabsVRPNServer) by extension 'ignore'
[2.717s] Level 1:colcon.colcon_core.package_identification:_identify(docker/0_libraries/resources/applications/QLabsVRPNServer) by extension 'ignore_ament_install'
[2.717s] Level 1:colcon.colcon_core.package_identification:_identify(docker/0_libraries/resources/applications/QLabsVRPNServer) by extensions ['colcon_pkg']
[2.717s] Level 1:colcon.colcon_core.package_identification:_identify(docker/0_libraries/resources/applications/QLabsVRPNServer) by extension 'colcon_pkg'
[2.717s] Level 1:colcon.colcon_core.package_identification:_identify(docker/0_libraries/resources/applications/QLabsVRPNServer) by extensions ['colcon_meta']
[2.717s] Level 1:colcon.colcon_core.package_identification:_identify(docker/0_libraries/resources/applications/QLabsVRPNServer) by extension 'colcon_meta'
[2.717s] Level 1:colcon.colcon_core.package_identification:_identify(docker/0_libraries/resources/applications/QLabsVRPNServer) by extensions ['ros']
[2.717s] Level 1:colcon.colcon_core.package_identification:_identify(docker/0_libraries/resources/applications/QLabsVRPNServer) by extension 'ros'
[2.718s] Level 1:colcon.colcon_core.package_identification:_identify(docker/0_libraries/resources/applications/QLabsVRPNServer) by extensions ['cmake', 'python']
[2.718s] Level 1:colcon.colcon_core.package_identification:_identify(docker/0_libraries/resources/applications/QLabsVRPNServer) by extension 'cmake'
[2.718s] Level 1:colcon.colcon_core.package_identification:_identify(docker/0_libraries/resources/applications/QLabsVRPNServer) by extension 'python'
[2.718s] Level 1:colcon.colcon_core.package_identification:_identify(docker/0_libraries/resources/applications/QLabsVRPNServer) by extensions ['python_setup_py']
[2.718s] Level 1:colcon.colcon_core.package_identification:_identify(docker/0_libraries/resources/applications/QLabsVRPNServer) by extension 'python_setup_py'
[2.718s] Level 1:colcon.colcon_core.package_identification:_identify(docker/0_libraries/resources/applications/QLabsVRPNServer/src) by extensions ['ignore', 'ignore_ament_install']
[2.718s] Level 1:colcon.colcon_core.package_identification:_identify(docker/0_libraries/resources/applications/QLabsVRPNServer/src) by extension 'ignore'
[2.718s] Level 1:colcon.colcon_core.package_identification:_identify(docker/0_libraries/resources/applications/QLabsVRPNServer/src) by extension 'ignore_ament_install'
[2.718s] Level 1:colcon.colcon_core.package_identification:_identify(docker/0_libraries/resources/applications/QLabsVRPNServer/src) by extensions ['colcon_pkg']
[2.718s] Level 1:colcon.colcon_core.package_identification:_identify(docker/0_libraries/resources/applications/QLabsVRPNServer/src) by extension 'colcon_pkg'
[2.718s] Level 1:colcon.colcon_core.package_identification:_identify(docker/0_libraries/resources/applications/QLabsVRPNServer/src) by extensions ['colcon_meta']
[2.718s] Level 1:colcon.colcon_core.package_identification:_identify(docker/0_libraries/resources/applications/QLabsVRPNServer/src) by extension 'colcon_meta'
[2.718s] Level 1:colcon.colcon_core.package_identification:_identify(docker/0_libraries/resources/applications/QLabsVRPNServer/src) by extensions ['ros']
[2.718s] Level 1:colcon.colcon_core.package_identification:_identify(docker/0_libraries/resources/applications/QLabsVRPNServer/src) by extension 'ros'
[2.718s] Level 1:colcon.colcon_core.package_identification:_identify(docker/0_libraries/resources/applications/QLabsVRPNServer/src) by extensions ['cmake', 'python']
[2.718s] Level 1:colcon.colcon_core.package_identification:_identify(docker/0_libraries/resources/applications/QLabsVRPNServer/src) by extension 'cmake'
[2.718s] Level 1:colcon.colcon_core.package_identification:_identify(docker/0_libraries/resources/applications/QLabsVRPNServer/src) by extension 'python'
[2.718s] Level 1:colcon.colcon_core.package_identification:_identify(docker/0_libraries/resources/applications/QLabsVRPNServer/src) by extensions ['python_setup_py']
[2.718s] Level 1:colcon.colcon_core.package_identification:_identify(docker/0_libraries/resources/applications/QLabsVRPNServer/src) by extension 'python_setup_py'
[2.718s] Level 1:colcon.colcon_core.package_identification:_identify(docker/0_libraries/resources/images) by extensions ['ignore', 'ignore_ament_install']
[2.718s] Level 1:colcon.colcon_core.package_identification:_identify(docker/0_libraries/resources/images) by extension 'ignore'
[2.718s] Level 1:colcon.colcon_core.package_identification:_identify(docker/0_libraries/resources/images) by extension 'ignore_ament_install'
[2.718s] Level 1:colcon.colcon_core.package_identification:_identify(docker/0_libraries/resources/images) by extensions ['colcon_pkg']
[2.718s] Level 1:colcon.colcon_core.package_identification:_identify(docker/0_libraries/resources/images) by extension 'colcon_pkg'
[2.718s] Level 1:colcon.colcon_core.package_identification:_identify(docker/0_libraries/resources/images) by extensions ['colcon_meta']
[2.718s] Level 1:colcon.colcon_core.package_identification:_identify(docker/0_libraries/resources/images) by extension 'colcon_meta'
[2.718s] Level 1:colcon.colcon_core.package_identification:_identify(docker/0_libraries/resources/images) by extensions ['ros']
[2.718s] Level 1:colcon.colcon_core.package_identification:_identify(docker/0_libraries/resources/images) by extension 'ros'
[2.718s] Level 1:colcon.colcon_core.package_identification:_identify(docker/0_libraries/resources/images) by extensions ['cmake', 'python']
[2.718s] Level 1:colcon.colcon_core.package_identification:_identify(docker/0_libraries/resources/images) by extension 'cmake'
[2.719s] Level 1:colcon.colcon_core.package_identification:_identify(docker/0_libraries/resources/images) by extension 'python'
[2.719s] Level 1:colcon.colcon_core.package_identification:_identify(docker/0_libraries/resources/images) by extensions ['python_setup_py']
[2.719s] Level 1:colcon.colcon_core.package_identification:_identify(docker/0_libraries/resources/images) by extension 'python_setup_py'
[2.719s] Level 1:colcon.colcon_core.package_identification:_identify(docker/0_libraries/resources/pretrained_models) by extensions ['ignore', 'ignore_ament_install']
[2.719s] Level 1:colcon.colcon_core.package_identification:_identify(docker/0_libraries/resources/pretrained_models) by extension 'ignore'
[2.719s] Level 1:colcon.colcon_core.package_identification:_identify(docker/0_libraries/resources/pretrained_models) by extension 'ignore_ament_install'
[2.719s] Level 1:colcon.colcon_core.package_identification:_identify(docker/0_libraries/resources/pretrained_models) by extensions ['colcon_pkg']
[2.719s] Level 1:colcon.colcon_core.package_identification:_identify(docker/0_libraries/resources/pretrained_models) by extension 'colcon_pkg'
[2.719s] Level 1:colcon.colcon_core.package_identification:_identify(docker/0_libraries/resources/pretrained_models) by extensions ['colcon_meta']
[2.719s] Level 1:colcon.colcon_core.package_identification:_identify(docker/0_libraries/resources/pretrained_models) by extension 'colcon_meta'
[2.719s] Level 1:colcon.colcon_core.package_identification:_identify(docker/0_libraries/resources/pretrained_models) by extensions ['ros']
[2.719s] Level 1:colcon.colcon_core.package_identification:_identify(docker/0_libraries/resources/pretrained_models) by extension 'ros'
[2.719s] Level 1:colcon.colcon_core.package_identification:_identify(docker/0_libraries/resources/pretrained_models) by extensions ['cmake', 'python']
[2.719s] Level 1:colcon.colcon_core.package_identification:_identify(docker/0_libraries/resources/pretrained_models) by extension 'cmake'
[2.719s] Level 1:colcon.colcon_core.package_identification:_identify(docker/0_libraries/resources/pretrained_models) by extension 'python'
[2.719s] Level 1:colcon.colcon_core.package_identification:_identify(docker/0_libraries/resources/pretrained_models) by extensions ['python_setup_py']
[2.719s] Level 1:colcon.colcon_core.package_identification:_identify(docker/0_libraries/resources/pretrained_models) by extension 'python_setup_py'
[2.719s] Level 1:colcon.colcon_core.package_identification:_identify(docker/0_libraries/resources/rt_models) by extensions ['ignore', 'ignore_ament_install']
[2.719s] Level 1:colcon.colcon_core.package_identification:_identify(docker/0_libraries/resources/rt_models) by extension 'ignore'
[2.719s] Level 1:colcon.colcon_core.package_identification:_identify(docker/0_libraries/resources/rt_models) by extension 'ignore_ament_install'
[2.719s] Level 1:colcon.colcon_core.package_identification:_identify(docker/0_libraries/resources/rt_models) by extensions ['colcon_pkg']
[2.719s] Level 1:colcon.colcon_core.package_identification:_identify(docker/0_libraries/resources/rt_models) by extension 'colcon_pkg'
[2.719s] Level 1:colcon.colcon_core.package_identification:_identify(docker/0_libraries/resources/rt_models) by extensions ['colcon_meta']
[2.719s] Level 1:colcon.colcon_core.package_identification:_identify(docker/0_libraries/resources/rt_models) by extension 'colcon_meta'
[2.719s] Level 1:colcon.colcon_core.package_identification:_identify(docker/0_libraries/resources/rt_models) by extensions ['ros']
[2.719s] Level 1:colcon.colcon_core.package_identification:_identify(docker/0_libraries/resources/rt_models) by extension 'ros'
[2.719s] Level 1:colcon.colcon_core.package_identification:_identify(docker/0_libraries/resources/rt_models) by extensions ['cmake', 'python']
[2.719s] Level 1:colcon.colcon_core.package_identification:_identify(docker/0_libraries/resources/rt_models) by extension 'cmake'
[2.719s] Level 1:colcon.colcon_core.package_identification:_identify(docker/0_libraries/resources/rt_models) by extension 'python'
[2.719s] Level 1:colcon.colcon_core.package_identification:_identify(docker/0_libraries/resources/rt_models) by extensions ['python_setup_py']
[2.719s] Level 1:colcon.colcon_core.package_identification:_identify(docker/0_libraries/resources/rt_models) by extension 'python_setup_py'
[2.720s] Level 1:colcon.colcon_core.package_identification:_identify(docker/0_libraries/resources/rt_models/QArm) by extensions ['ignore', 'ignore_ament_install']
[2.720s] Level 1:colcon.colcon_core.package_identification:_identify(docker/0_libraries/resources/rt_models/QArm) by extension 'ignore'
[2.720s] Level 1:colcon.colcon_core.package_identification:_identify(docker/0_libraries/resources/rt_models/QArm) by extension 'ignore_ament_install'
[2.720s] Level 1:colcon.colcon_core.package_identification:_identify(docker/0_libraries/resources/rt_models/QArm) by extensions ['colcon_pkg']
[2.720s] Level 1:colcon.colcon_core.package_identification:_identify(docker/0_libraries/resources/rt_models/QArm) by extension 'colcon_pkg'
[2.720s] Level 1:colcon.colcon_core.package_identification:_identify(docker/0_libraries/resources/rt_models/QArm) by extensions ['colcon_meta']
[2.720s] Level 1:colcon.colcon_core.package_identification:_identify(docker/0_libraries/resources/rt_models/QArm) by extension 'colcon_meta'
[2.720s] Level 1:colcon.colcon_core.package_identification:_identify(docker/0_libraries/resources/rt_models/QArm) by extensions ['ros']
[2.720s] Level 1:colcon.colcon_core.package_identification:_identify(docker/0_libraries/resources/rt_models/QArm) by extension 'ros'
[2.720s] Level 1:colcon.colcon_core.package_identification:_identify(docker/0_libraries/resources/rt_models/QArm) by extensions ['cmake', 'python']
[2.720s] Level 1:colcon.colcon_core.package_identification:_identify(docker/0_libraries/resources/rt_models/QArm) by extension 'cmake'
[2.720s] Level 1:colcon.colcon_core.package_identification:_identify(docker/0_libraries/resources/rt_models/QArm) by extension 'python'
[2.720s] Level 1:colcon.colcon_core.package_identification:_identify(docker/0_libraries/resources/rt_models/QArm) by extensions ['python_setup_py']
[2.720s] Level 1:colcon.colcon_core.package_identification:_identify(docker/0_libraries/resources/rt_models/QArm) by extension 'python_setup_py'
[2.720s] Level 1:colcon.colcon_core.package_identification:_identify(docker/0_libraries/resources/rt_models/QBotPlatform) by extensions ['ignore', 'ignore_ament_install']
[2.720s] Level 1:colcon.colcon_core.package_identification:_identify(docker/0_libraries/resources/rt_models/QBotPlatform) by extension 'ignore'
[2.720s] Level 1:colcon.colcon_core.package_identification:_identify(docker/0_libraries/resources/rt_models/QBotPlatform) by extension 'ignore_ament_install'
[2.720s] Level 1:colcon.colcon_core.package_identification:_identify(docker/0_libraries/resources/rt_models/QBotPlatform) by extensions ['colcon_pkg']
[2.720s] Level 1:colcon.colcon_core.package_identification:_identify(docker/0_libraries/resources/rt_models/QBotPlatform) by extension 'colcon_pkg'
[2.720s] Level 1:colcon.colcon_core.package_identification:_identify(docker/0_libraries/resources/rt_models/QBotPlatform) by extensions ['colcon_meta']
[2.720s] Level 1:colcon.colcon_core.package_identification:_identify(docker/0_libraries/resources/rt_models/QBotPlatform) by extension 'colcon_meta'
[2.720s] Level 1:colcon.colcon_core.package_identification:_identify(docker/0_libraries/resources/rt_models/QBotPlatform) by extensions ['ros']
[2.720s] Level 1:colcon.colcon_core.package_identification:_identify(docker/0_libraries/resources/rt_models/QBotPlatform) by extension 'ros'
[2.720s] Level 1:colcon.colcon_core.package_identification:_identify(docker/0_libraries/resources/rt_models/QBotPlatform) by extensions ['cmake', 'python']
[2.720s] Level 1:colcon.colcon_core.package_identification:_identify(docker/0_libraries/resources/rt_models/QBotPlatform) by extension 'cmake'
[2.720s] Level 1:colcon.colcon_core.package_identification:_identify(docker/0_libraries/resources/rt_models/QBotPlatform) by extension 'python'
[2.720s] Level 1:colcon.colcon_core.package_identification:_identify(docker/0_libraries/resources/rt_models/QBotPlatform) by extensions ['python_setup_py']
[2.720s] Level 1:colcon.colcon_core.package_identification:_identify(docker/0_libraries/resources/rt_models/QBotPlatform) by extension 'python_setup_py'
[2.720s] Level 1:colcon.colcon_core.package_identification:_identify(docker/0_libraries/resources/rt_models/QCar) by extensions ['ignore', 'ignore_ament_install']
[2.720s] Level 1:colcon.colcon_core.package_identification:_identify(docker/0_libraries/resources/rt_models/QCar) by extension 'ignore'
[2.721s] Level 1:colcon.colcon_core.package_identification:_identify(docker/0_libraries/resources/rt_models/QCar) by extension 'ignore_ament_install'
[2.721s] Level 1:colcon.colcon_core.package_identification:_identify(docker/0_libraries/resources/rt_models/QCar) by extensions ['colcon_pkg']
[2.721s] Level 1:colcon.colcon_core.package_identification:_identify(docker/0_libraries/resources/rt_models/QCar) by extension 'colcon_pkg'
[2.721s] Level 1:colcon.colcon_core.package_identification:_identify(docker/0_libraries/resources/rt_models/QCar) by extensions ['colcon_meta']
[2.721s] Level 1:colcon.colcon_core.package_identification:_identify(docker/0_libraries/resources/rt_models/QCar) by extension 'colcon_meta'
[2.721s] Level 1:colcon.colcon_core.package_identification:_identify(docker/0_libraries/resources/rt_models/QCar) by extensions ['ros']
[2.721s] Level 1:colcon.colcon_core.package_identification:_identify(docker/0_libraries/resources/rt_models/QCar) by extension 'ros'
[2.721s] Level 1:colcon.colcon_core.package_identification:_identify(docker/0_libraries/resources/rt_models/QCar) by extensions ['cmake', 'python']
[2.721s] Level 1:colcon.colcon_core.package_identification:_identify(docker/0_libraries/resources/rt_models/QCar) by extension 'cmake'
[2.721s] Level 1:colcon.colcon_core.package_identification:_identify(docker/0_libraries/resources/rt_models/QCar) by extension 'python'
[2.721s] Level 1:colcon.colcon_core.package_identification:_identify(docker/0_libraries/resources/rt_models/QCar) by extensions ['python_setup_py']
[2.721s] Level 1:colcon.colcon_core.package_identification:_identify(docker/0_libraries/resources/rt_models/QCar) by extension 'python_setup_py'
[2.721s] Level 1:colcon.colcon_core.package_identification:_identify(docker/0_libraries/resources/rt_models/QCar2) by extensions ['ignore', 'ignore_ament_install']
[2.721s] Level 1:colcon.colcon_core.package_identification:_identify(docker/0_libraries/resources/rt_models/QCar2) by extension 'ignore'
[2.721s] Level 1:colcon.colcon_core.package_identification:_identify(docker/0_libraries/resources/rt_models/QCar2) by extension 'ignore_ament_install'
[2.721s] Level 1:colcon.colcon_core.package_identification:_identify(docker/0_libraries/resources/rt_models/QCar2) by extensions ['colcon_pkg']
[2.721s] Level 1:colcon.colcon_core.package_identification:_identify(docker/0_libraries/resources/rt_models/QCar2) by extension 'colcon_pkg'
[2.721s] Level 1:colcon.colcon_core.package_identification:_identify(docker/0_libraries/resources/rt_models/QCar2) by extensions ['colcon_meta']
[2.721s] Level 1:colcon.colcon_core.package_identification:_identify(docker/0_libraries/resources/rt_models/QCar2) by extension 'colcon_meta'
[2.721s] Level 1:colcon.colcon_core.package_identification:_identify(docker/0_libraries/resources/rt_models/QCar2) by extensions ['ros']
[2.721s] Level 1:colcon.colcon_core.package_identification:_identify(docker/0_libraries/resources/rt_models/QCar2) by extension 'ros'
[2.721s] Level 1:colcon.colcon_core.package_identification:_identify(docker/0_libraries/resources/rt_models/QCar2) by extensions ['cmake', 'python']
[2.721s] Level 1:colcon.colcon_core.package_identification:_identify(docker/0_libraries/resources/rt_models/QCar2) by extension 'cmake'
[2.721s] Level 1:colcon.colcon_core.package_identification:_identify(docker/0_libraries/resources/rt_models/QCar2) by extension 'python'
[2.721s] Level 1:colcon.colcon_core.package_identification:_identify(docker/0_libraries/resources/rt_models/QCar2) by extensions ['python_setup_py']
[2.721s] Level 1:colcon.colcon_core.package_identification:_identify(docker/0_libraries/resources/rt_models/QCar2) by extension 'python_setup_py'
[2.721s] Level 1:colcon.colcon_core.package_identification:_identify(docker/0_libraries/resources/rt_models/QDrone2) by extensions ['ignore', 'ignore_ament_install']
[2.721s] Level 1:colcon.colcon_core.package_identification:_identify(docker/0_libraries/resources/rt_models/QDrone2) by extension 'ignore'
[2.721s] Level 1:colcon.colcon_core.package_identification:_identify(docker/0_libraries/resources/rt_models/QDrone2) by extension 'ignore_ament_install'
[2.722s] Level 1:colcon.colcon_core.package_identification:_identify(docker/0_libraries/resources/rt_models/QDrone2) by extensions ['colcon_pkg']
[2.722s] Level 1:colcon.colcon_core.package_identification:_identify(docker/0_libraries/resources/rt_models/QDrone2) by extension 'colcon_pkg'
[2.722s] Level 1:colcon.colcon_core.package_identification:_identify(docker/0_libraries/resources/rt_models/QDrone2) by extensions ['colcon_meta']
[2.722s] Level 1:colcon.colcon_core.package_identification:_identify(docker/0_libraries/resources/rt_models/QDrone2) by extension 'colcon_meta'
[2.722s] Level 1:colcon.colcon_core.package_identification:_identify(docker/0_libraries/resources/rt_models/QDrone2) by extensions ['ros']
[2.722s] Level 1:colcon.colcon_core.package_identification:_identify(docker/0_libraries/resources/rt_models/QDrone2) by extension 'ros'
[2.722s] Level 1:colcon.colcon_core.package_identification:_identify(docker/0_libraries/resources/rt_models/QDrone2) by extensions ['cmake', 'python']
[2.722s] Level 1:colcon.colcon_core.package_identification:_identify(docker/0_libraries/resources/rt_models/QDrone2) by extension 'cmake'
[2.722s] Level 1:colcon.colcon_core.package_identification:_identify(docker/0_libraries/resources/rt_models/QDrone2) by extension 'python'
[2.722s] Level 1:colcon.colcon_core.package_identification:_identify(docker/0_libraries/resources/rt_models/QDrone2) by extensions ['python_setup_py']
[2.722s] Level 1:colcon.colcon_core.package_identification:_identify(docker/0_libraries/resources/rt_models/QDrone2) by extension 'python_setup_py'
[2.722s] Level 1:colcon.colcon_core.package_identification:_identify(docker/development_docker) by extensions ['ignore', 'ignore_ament_install']
[2.722s] Level 1:colcon.colcon_core.package_identification:_identify(docker/development_docker) by extension 'ignore'
[2.722s] Level 1:colcon.colcon_core.package_identification:_identify(docker/development_docker) by extension 'ignore_ament_install'
[2.722s] Level 1:colcon.colcon_core.package_identification:_identify(docker/development_docker) by extensions ['colcon_pkg']
[2.722s] Level 1:colcon.colcon_core.package_identification:_identify(docker/development_docker) by extension 'colcon_pkg'
[2.722s] Level 1:colcon.colcon_core.package_identification:_identify(docker/development_docker) by extensions ['colcon_meta']
[2.722s] Level 1:colcon.colcon_core.package_identification:_identify(docker/development_docker) by extension 'colcon_meta'
[2.722s] Level 1:colcon.colcon_core.package_identification:_identify(docker/development_docker) by extensions ['ros']
[2.722s] Level 1:colcon.colcon_core.package_identification:_identify(docker/development_docker) by extension 'ros'
[2.722s] Level 1:colcon.colcon_core.package_identification:_identify(docker/development_docker) by extensions ['cmake', 'python']
[2.722s] Level 1:colcon.colcon_core.package_identification:_identify(docker/development_docker) by extension 'cmake'
[2.722s] Level 1:colcon.colcon_core.package_identification:_identify(docker/development_docker) by extension 'python'
[2.722s] Level 1:colcon.colcon_core.package_identification:_identify(docker/development_docker) by extensions ['python_setup_py']
[2.722s] Level 1:colcon.colcon_core.package_identification:_identify(docker/development_docker) by extension 'python_setup_py'
[2.722s] Level 1:colcon.colcon_core.package_identification:_identify(docker/development_docker/debian) by extensions ['ignore', 'ignore_ament_install']
[2.722s] Level 1:colcon.colcon_core.package_identification:_identify(docker/development_docker/debian) by extension 'ignore'
[2.722s] Level 1:colcon.colcon_core.package_identification:_identify(docker/development_docker/debian) by extension 'ignore_ament_install'
[2.722s] Level 1:colcon.colcon_core.package_identification:_identify(docker/development_docker/debian) by extensions ['colcon_pkg']
[2.723s] Level 1:colcon.colcon_core.package_identification:_identify(docker/development_docker/debian) by extension 'colcon_pkg'
[2.723s] Level 1:colcon.colcon_core.package_identification:_identify(docker/development_docker/debian) by extensions ['colcon_meta']
[2.723s] Level 1:colcon.colcon_core.package_identification:_identify(docker/development_docker/debian) by extension 'colcon_meta'
[2.723s] Level 1:colcon.colcon_core.package_identification:_identify(docker/development_docker/debian) by extensions ['ros']
[2.723s] Level 1:colcon.colcon_core.package_identification:_identify(docker/development_docker/debian) by extension 'ros'
[2.723s] Level 1:colcon.colcon_core.package_identification:_identify(docker/development_docker/debian) by extensions ['cmake', 'python']
[2.723s] Level 1:colcon.colcon_core.package_identification:_identify(docker/development_docker/debian) by extension 'cmake'
[2.723s] Level 1:colcon.colcon_core.package_identification:_identify(docker/development_docker/debian) by extension 'python'
[2.723s] Level 1:colcon.colcon_core.package_identification:_identify(docker/development_docker/debian) by extensions ['python_setup_py']
[2.723s] Level 1:colcon.colcon_core.package_identification:_identify(docker/development_docker/debian) by extension 'python_setup_py'
[2.723s] Level 1:colcon.colcon_core.package_identification:_identify(docker/development_docker/isaac_ros_common_config) by extensions ['ignore', 'ignore_ament_install']
[2.723s] Level 1:colcon.colcon_core.package_identification:_identify(docker/development_docker/isaac_ros_common_config) by extension 'ignore'
[2.723s] Level 1:colcon.colcon_core.package_identification:_identify(docker/development_docker/isaac_ros_common_config) by extension 'ignore_ament_install'
[2.723s] Level 1:colcon.colcon_core.package_identification:_identify(docker/development_docker/isaac_ros_common_config) by extensions ['colcon_pkg']
[2.723s] Level 1:colcon.colcon_core.package_identification:_identify(docker/development_docker/isaac_ros_common_config) by extension 'colcon_pkg'
[2.723s] Level 1:colcon.colcon_core.package_identification:_identify(docker/development_docker/isaac_ros_common_config) by extensions ['colcon_meta']
[2.723s] Level 1:colcon.colcon_core.package_identification:_identify(docker/development_docker/isaac_ros_common_config) by extension 'colcon_meta'
[2.723s] Level 1:colcon.colcon_core.package_identification:_identify(docker/development_docker/isaac_ros_common_config) by extensions ['ros']
[2.723s] Level 1:colcon.colcon_core.package_identification:_identify(docker/development_docker/isaac_ros_common_config) by extension 'ros'
[2.723s] Level 1:colcon.colcon_core.package_identification:_identify(docker/development_docker/isaac_ros_common_config) by extensions ['cmake', 'python']
[2.723s] Level 1:colcon.colcon_core.package_identification:_identify(docker/development_docker/isaac_ros_common_config) by extension 'cmake'
[2.723s] Level 1:colcon.colcon_core.package_identification:_identify(docker/development_docker/isaac_ros_common_config) by extension 'python'
[2.723s] Level 1:colcon.colcon_core.package_identification:_identify(docker/development_docker/isaac_ros_common_config) by extensions ['python_setup_py']
[2.723s] Level 1:colcon.colcon_core.package_identification:_identify(docker/development_docker/isaac_ros_common_config) by extension 'python_setup_py'
[2.723s] Level 1:colcon.colcon_core.package_identification:_identify(docker/development_docker/quanser_dev_docker_files) by extensions ['ignore', 'ignore_ament_install']
[2.723s] Level 1:colcon.colcon_core.package_identification:_identify(docker/development_docker/quanser_dev_docker_files) by extension 'ignore'
[2.723s] Level 1:colcon.colcon_core.package_identification:_identify(docker/development_docker/quanser_dev_docker_files) by extension 'ignore_ament_install'
[2.723s] Level 1:colcon.colcon_core.package_identification:_identify(docker/development_docker/quanser_dev_docker_files) by extensions ['colcon_pkg']
[2.723s] Level 1:colcon.colcon_core.package_identification:_identify(docker/development_docker/quanser_dev_docker_files) by extension 'colcon_pkg'
[2.723s] Level 1:colcon.colcon_core.package_identification:_identify(docker/development_docker/quanser_dev_docker_files) by extensions ['colcon_meta']
[2.723s] Level 1:colcon.colcon_core.package_identification:_identify(docker/development_docker/quanser_dev_docker_files) by extension 'colcon_meta'
[2.724s] Level 1:colcon.colcon_core.package_identification:_identify(docker/development_docker/quanser_dev_docker_files) by extensions ['ros']
[2.724s] Level 1:colcon.colcon_core.package_identification:_identify(docker/development_docker/quanser_dev_docker_files) by extension 'ros'
[2.724s] Level 1:colcon.colcon_core.package_identification:_identify(docker/development_docker/quanser_dev_docker_files) by extensions ['cmake', 'python']
[2.724s] Level 1:colcon.colcon_core.package_identification:_identify(docker/development_docker/quanser_dev_docker_files) by extension 'cmake'
[2.724s] Level 1:colcon.colcon_core.package_identification:_identify(docker/development_docker/quanser_dev_docker_files) by extension 'python'
[2.724s] Level 1:colcon.colcon_core.package_identification:_identify(docker/development_docker/quanser_dev_docker_files) by extensions ['python_setup_py']
[2.724s] Level 1:colcon.colcon_core.package_identification:_identify(docker/development_docker/quanser_dev_docker_files) by extension 'python_setup_py'
[2.724s] Level 1:colcon.colcon_core.package_identification:_identify(docker/development_docker/quanser_dev_docker_files/0_libraries) by extensions ['ignore', 'ignore_ament_install']
[2.724s] Level 1:colcon.colcon_core.package_identification:_identify(docker/development_docker/quanser_dev_docker_files/0_libraries) by extension 'ignore'
[2.724s] Level 1:colcon.colcon_core.package_identification:_identify(docker/development_docker/quanser_dev_docker_files/0_libraries) by extension 'ignore_ament_install'
[2.724s] Level 1:colcon.colcon_core.package_identification:_identify(docker/development_docker/quanser_dev_docker_files/0_libraries) by extensions ['colcon_pkg']
[2.724s] Level 1:colcon.colcon_core.package_identification:_identify(docker/development_docker/quanser_dev_docker_files/0_libraries) by extension 'colcon_pkg'
[2.724s] Level 1:colcon.colcon_core.package_identification:_identify(docker/development_docker/quanser_dev_docker_files/0_libraries) by extensions ['colcon_meta']
[2.724s] Level 1:colcon.colcon_core.package_identification:_identify(docker/development_docker/quanser_dev_docker_files/0_libraries) by extension 'colcon_meta'
[2.724s] Level 1:colcon.colcon_core.package_identification:_identify(docker/development_docker/quanser_dev_docker_files/0_libraries) by extensions ['ros']
[2.724s] Level 1:colcon.colcon_core.package_identification:_identify(docker/development_docker/quanser_dev_docker_files/0_libraries) by extension 'ros'
[2.724s] Level 1:colcon.colcon_core.package_identification:_identify(docker/development_docker/quanser_dev_docker_files/0_libraries) by extensions ['cmake', 'python']
[2.724s] Level 1:colcon.colcon_core.package_identification:_identify(docker/development_docker/quanser_dev_docker_files/0_libraries) by extension 'cmake'
[2.724s] Level 1:colcon.colcon_core.package_identification:_identify(docker/development_docker/quanser_dev_docker_files/0_libraries) by extension 'python'
[2.724s] Level 1:colcon.colcon_core.package_identification:_identify(docker/development_docker/quanser_dev_docker_files/0_libraries) by extensions ['python_setup_py']
[2.724s] Level 1:colcon.colcon_core.package_identification:_identify(docker/development_docker/quanser_dev_docker_files/0_libraries) by extension 'python_setup_py'
[2.724s] Level 1:colcon.colcon_core.package_identification:_identify(docker/development_docker/quanser_dev_docker_files/0_libraries/python) by extensions ['ignore', 'ignore_ament_install']
[2.724s] Level 1:colcon.colcon_core.package_identification:_identify(docker/development_docker/quanser_dev_docker_files/0_libraries/python) by extension 'ignore'
[2.724s] Level 1:colcon.colcon_core.package_identification:_identify(docker/development_docker/quanser_dev_docker_files/0_libraries/python) by extension 'ignore_ament_install'
[2.724s] Level 1:colcon.colcon_core.package_identification:_identify(docker/development_docker/quanser_dev_docker_files/0_libraries/python) by extensions ['colcon_pkg']
[2.724s] Level 1:colcon.colcon_core.package_identification:_identify(docker/development_docker/quanser_dev_docker_files/0_libraries/python) by extension 'colcon_pkg'
[2.724s] Level 1:colcon.colcon_core.package_identification:_identify(docker/development_docker/quanser_dev_docker_files/0_libraries/python) by extensions ['colcon_meta']
[2.724s] Level 1:colcon.colcon_core.package_identification:_identify(docker/development_docker/quanser_dev_docker_files/0_libraries/python) by extension 'colcon_meta'
[2.724s] Level 1:colcon.colcon_core.package_identification:_identify(docker/development_docker/quanser_dev_docker_files/0_libraries/python) by extensions ['ros']
[2.724s] Level 1:colcon.colcon_core.package_identification:_identify(docker/development_docker/quanser_dev_docker_files/0_libraries/python) by extension 'ros'
[2.725s] Level 1:colcon.colcon_core.package_identification:_identify(docker/development_docker/quanser_dev_docker_files/0_libraries/python) by extensions ['cmake', 'python']
[2.725s] Level 1:colcon.colcon_core.package_identification:_identify(docker/development_docker/quanser_dev_docker_files/0_libraries/python) by extension 'cmake'
[2.725s] Level 1:colcon.colcon_core.package_identification:_identify(docker/development_docker/quanser_dev_docker_files/0_libraries/python) by extension 'python'
[2.725s] Level 1:colcon.colcon_core.package_identification:_identify(docker/development_docker/quanser_dev_docker_files/0_libraries/python) by extensions ['python_setup_py']
[2.725s] Level 1:colcon.colcon_core.package_identification:_identify(docker/development_docker/quanser_dev_docker_files/0_libraries/python) by extension 'python_setup_py'
[2.725s] Level 1:colcon.colcon_core.package_identification:_identify(docker/development_docker/quanser_dev_docker_files/0_libraries/python/hal) by extensions ['ignore', 'ignore_ament_install']
[2.725s] Level 1:colcon.colcon_core.package_identification:_identify(docker/development_docker/quanser_dev_docker_files/0_libraries/python/hal) by extension 'ignore'
[2.725s] Level 1:colcon.colcon_core.package_identification:_identify(docker/development_docker/quanser_dev_docker_files/0_libraries/python/hal) by extension 'ignore_ament_install'
[2.725s] Level 1:colcon.colcon_core.package_identification:_identify(docker/development_docker/quanser_dev_docker_files/0_libraries/python/hal) by extensions ['colcon_pkg']
[2.725s] Level 1:colcon.colcon_core.package_identification:_identify(docker/development_docker/quanser_dev_docker_files/0_libraries/python/hal) by extension 'colcon_pkg'
[2.725s] Level 1:colcon.colcon_core.package_identification:_identify(docker/development_docker/quanser_dev_docker_files/0_libraries/python/hal) by extensions ['colcon_meta']
[2.725s] Level 1:colcon.colcon_core.package_identification:_identify(docker/development_docker/quanser_dev_docker_files/0_libraries/python/hal) by extension 'colcon_meta'
[2.725s] Level 1:colcon.colcon_core.package_identification:_identify(docker/development_docker/quanser_dev_docker_files/0_libraries/python/hal) by extensions ['ros']
[2.725s] Level 1:colcon.colcon_core.package_identification:_identify(docker/development_docker/quanser_dev_docker_files/0_libraries/python/hal) by extension 'ros'
[2.725s] Level 1:colcon.colcon_core.package_identification:_identify(docker/development_docker/quanser_dev_docker_files/0_libraries/python/hal) by extensions ['cmake', 'python']
[2.725s] Level 1:colcon.colcon_core.package_identification:_identify(docker/development_docker/quanser_dev_docker_files/0_libraries/python/hal) by extension 'cmake'
[2.725s] Level 1:colcon.colcon_core.package_identification:_identify(docker/development_docker/quanser_dev_docker_files/0_libraries/python/hal) by extension 'python'
[2.725s] Level 1:colcon.colcon_core.package_identification:_identify(docker/development_docker/quanser_dev_docker_files/0_libraries/python/hal) by extensions ['python_setup_py']
[2.725s] Level 1:colcon.colcon_core.package_identification:_identify(docker/development_docker/quanser_dev_docker_files/0_libraries/python/hal) by extension 'python_setup_py'
[2.725s] Level 1:colcon.colcon_core.package_identification:_identify(docker/development_docker/quanser_dev_docker_files/0_libraries/python/hal/content) by extensions ['ignore', 'ignore_ament_install']
[2.725s] Level 1:colcon.colcon_core.package_identification:_identify(docker/development_docker/quanser_dev_docker_files/0_libraries/python/hal/content) by extension 'ignore'
[2.725s] Level 1:colcon.colcon_core.package_identification:_identify(docker/development_docker/quanser_dev_docker_files/0_libraries/python/hal/content) by extension 'ignore_ament_install'
[2.725s] Level 1:colcon.colcon_core.package_identification:_identify(docker/development_docker/quanser_dev_docker_files/0_libraries/python/hal/content) by extensions ['colcon_pkg']
[2.725s] Level 1:colcon.colcon_core.package_identification:_identify(docker/development_docker/quanser_dev_docker_files/0_libraries/python/hal/content) by extension 'colcon_pkg'
[2.725s] Level 1:colcon.colcon_core.package_identification:_identify(docker/development_docker/quanser_dev_docker_files/0_libraries/python/hal/content) by extensions ['colcon_meta']
[2.725s] Level 1:colcon.colcon_core.package_identification:_identify(docker/development_docker/quanser_dev_docker_files/0_libraries/python/hal/content) by extension 'colcon_meta'
[2.725s] Level 1:colcon.colcon_core.package_identification:_identify(docker/development_docker/quanser_dev_docker_files/0_libraries/python/hal/content) by extensions ['ros']
[2.725s] Level 1:colcon.colcon_core.package_identification:_identify(docker/development_docker/quanser_dev_docker_files/0_libraries/python/hal/content) by extension 'ros'
[2.726s] Level 1:colcon.colcon_core.package_identification:_identify(docker/development_docker/quanser_dev_docker_files/0_libraries/python/hal/content) by extensions ['cmake', 'python']
[2.726s] Level 1:colcon.colcon_core.package_identification:_identify(docker/development_docker/quanser_dev_docker_files/0_libraries/python/hal/content) by extension 'cmake'
[2.726s] Level 1:colcon.colcon_core.package_identification:_identify(docker/development_docker/quanser_dev_docker_files/0_libraries/python/hal/content) by extension 'python'
[2.726s] Level 1:colcon.colcon_core.package_identification:_identify(docker/development_docker/quanser_dev_docker_files/0_libraries/python/hal/content) by extensions ['python_setup_py']
[2.726s] Level 1:colcon.colcon_core.package_identification:_identify(docker/development_docker/quanser_dev_docker_files/0_libraries/python/hal/content) by extension 'python_setup_py'
[2.726s] Level 1:colcon.colcon_core.package_identification:_identify(docker/development_docker/quanser_dev_docker_files/0_libraries/python/hal/products) by extensions ['ignore', 'ignore_ament_install']
[2.726s] Level 1:colcon.colcon_core.package_identification:_identify(docker/development_docker/quanser_dev_docker_files/0_libraries/python/hal/products) by extension 'ignore'
[2.726s] Level 1:colcon.colcon_core.package_identification:_identify(docker/development_docker/quanser_dev_docker_files/0_libraries/python/hal/products) by extension 'ignore_ament_install'
[2.726s] Level 1:colcon.colcon_core.package_identification:_identify(docker/development_docker/quanser_dev_docker_files/0_libraries/python/hal/products) by extensions ['colcon_pkg']
[2.726s] Level 1:colcon.colcon_core.package_identification:_identify(docker/development_docker/quanser_dev_docker_files/0_libraries/python/hal/products) by extension 'colcon_pkg'
[2.726s] Level 1:colcon.colcon_core.package_identification:_identify(docker/development_docker/quanser_dev_docker_files/0_libraries/python/hal/products) by extensions ['colcon_meta']
[2.726s] Level 1:colcon.colcon_core.package_identification:_identify(docker/development_docker/quanser_dev_docker_files/0_libraries/python/hal/products) by extension 'colcon_meta'
[2.726s] Level 1:colcon.colcon_core.package_identification:_identify(docker/development_docker/quanser_dev_docker_files/0_libraries/python/hal/products) by extensions ['ros']
[2.726s] Level 1:colcon.colcon_core.package_identification:_identify(docker/development_docker/quanser_dev_docker_files/0_libraries/python/hal/products) by extension 'ros'
[2.726s] Level 1:colcon.colcon_core.package_identification:_identify(docker/development_docker/quanser_dev_docker_files/0_libraries/python/hal/products) by extensions ['cmake', 'python']
[2.726s] Level 1:colcon.colcon_core.package_identification:_identify(docker/development_docker/quanser_dev_docker_files/0_libraries/python/hal/products) by extension 'cmake'
[2.726s] Level 1:colcon.colcon_core.package_identification:_identify(docker/development_docker/quanser_dev_docker_files/0_libraries/python/hal/products) by extension 'python'
[2.726s] Level 1:colcon.colcon_core.package_identification:_identify(docker/development_docker/quanser_dev_docker_files/0_libraries/python/hal/products) by extensions ['python_setup_py']
[2.726s] Level 1:colcon.colcon_core.package_identification:_identify(docker/development_docker/quanser_dev_docker_files/0_libraries/python/hal/products) by extension 'python_setup_py'
[2.726s] Level 1:colcon.colcon_core.package_identification:_identify(docker/development_docker/quanser_dev_docker_files/0_libraries/python/hal/utilities) by extensions ['ignore', 'ignore_ament_install']
[2.726s] Level 1:colcon.colcon_core.package_identification:_identify(docker/development_docker/quanser_dev_docker_files/0_libraries/python/hal/utilities) by extension 'ignore'
[2.726s] Level 1:colcon.colcon_core.package_identification:_identify(docker/development_docker/quanser_dev_docker_files/0_libraries/python/hal/utilities) by extension 'ignore_ament_install'
[2.726s] Level 1:colcon.colcon_core.package_identification:_identify(docker/development_docker/quanser_dev_docker_files/0_libraries/python/hal/utilities) by extensions ['colcon_pkg']
[2.726s] Level 1:colcon.colcon_core.package_identification:_identify(docker/development_docker/quanser_dev_docker_files/0_libraries/python/hal/utilities) by extension 'colcon_pkg'
[2.726s] Level 1:colcon.colcon_core.package_identification:_identify(docker/development_docker/quanser_dev_docker_files/0_libraries/python/hal/utilities) by extensions ['colcon_meta']
[2.726s] Level 1:colcon.colcon_core.package_identification:_identify(docker/development_docker/quanser_dev_docker_files/0_libraries/python/hal/utilities) by extension 'colcon_meta'
[2.726s] Level 1:colcon.colcon_core.package_identification:_identify(docker/development_docker/quanser_dev_docker_files/0_libraries/python/hal/utilities) by extensions ['ros']
[2.726s] Level 1:colcon.colcon_core.package_identification:_identify(docker/development_docker/quanser_dev_docker_files/0_libraries/python/hal/utilities) by extension 'ros'
[2.726s] Level 1:colcon.colcon_core.package_identification:_identify(docker/development_docker/quanser_dev_docker_files/0_libraries/python/hal/utilities) by extensions ['cmake', 'python']
[2.726s] Level 1:colcon.colcon_core.package_identification:_identify(docker/development_docker/quanser_dev_docker_files/0_libraries/python/hal/utilities) by extension 'cmake'
[2.727s] Level 1:colcon.colcon_core.package_identification:_identify(docker/development_docker/quanser_dev_docker_files/0_libraries/python/hal/utilities) by extension 'python'
[2.727s] Level 1:colcon.colcon_core.package_identification:_identify(docker/development_docker/quanser_dev_docker_files/0_libraries/python/hal/utilities) by extensions ['python_setup_py']
[2.727s] Level 1:colcon.colcon_core.package_identification:_identify(docker/development_docker/quanser_dev_docker_files/0_libraries/python/hal/utilities) by extension 'python_setup_py'
[2.727s] Level 1:colcon.colcon_core.package_identification:_identify(docker/development_docker/quanser_dev_docker_files/0_libraries/python/pal) by extensions ['ignore', 'ignore_ament_install']
[2.727s] Level 1:colcon.colcon_core.package_identification:_identify(docker/development_docker/quanser_dev_docker_files/0_libraries/python/pal) by extension 'ignore'
[2.727s] Level 1:colcon.colcon_core.package_identification:_identify(docker/development_docker/quanser_dev_docker_files/0_libraries/python/pal) by extension 'ignore_ament_install'
[2.727s] Level 1:colcon.colcon_core.package_identification:_identify(docker/development_docker/quanser_dev_docker_files/0_libraries/python/pal) by extensions ['colcon_pkg']
[2.727s] Level 1:colcon.colcon_core.package_identification:_identify(docker/development_docker/quanser_dev_docker_files/0_libraries/python/pal) by extension 'colcon_pkg'
[2.727s] Level 1:colcon.colcon_core.package_identification:_identify(docker/development_docker/quanser_dev_docker_files/0_libraries/python/pal) by extensions ['colcon_meta']
[2.727s] Level 1:colcon.colcon_core.package_identification:_identify(docker/development_docker/quanser_dev_docker_files/0_libraries/python/pal) by extension 'colcon_meta'
[2.727s] Level 1:colcon.colcon_core.package_identification:_identify(docker/development_docker/quanser_dev_docker_files/0_libraries/python/pal) by extensions ['ros']
[2.727s] Level 1:colcon.colcon_core.package_identification:_identify(docker/development_docker/quanser_dev_docker_files/0_libraries/python/pal) by extension 'ros'
[2.727s] Level 1:colcon.colcon_core.package_identification:_identify(docker/development_docker/quanser_dev_docker_files/0_libraries/python/pal) by extensions ['cmake', 'python']
[2.727s] Level 1:colcon.colcon_core.package_identification:_identify(docker/development_docker/quanser_dev_docker_files/0_libraries/python/pal) by extension 'cmake'
[2.727s] Level 1:colcon.colcon_core.package_identification:_identify(docker/development_docker/quanser_dev_docker_files/0_libraries/python/pal) by extension 'python'
[2.727s] Level 1:colcon.colcon_core.package_identification:_identify(docker/development_docker/quanser_dev_docker_files/0_libraries/python/pal) by extensions ['python_setup_py']
[2.727s] Level 1:colcon.colcon_core.package_identification:_identify(docker/development_docker/quanser_dev_docker_files/0_libraries/python/pal) by extension 'python_setup_py'
[2.727s] Level 1:colcon.colcon_core.package_identification:_identify(docker/development_docker/quanser_dev_docker_files/0_libraries/python/pal/products) by extensions ['ignore', 'ignore_ament_install']
[2.727s] Level 1:colcon.colcon_core.package_identification:_identify(docker/development_docker/quanser_dev_docker_files/0_libraries/python/pal/products) by extension 'ignore'
[2.727s] Level 1:colcon.colcon_core.package_identification:_identify(docker/development_docker/quanser_dev_docker_files/0_libraries/python/pal/products) by extension 'ignore_ament_install'
[2.727s] Level 1:colcon.colcon_core.package_identification:_identify(docker/development_docker/quanser_dev_docker_files/0_libraries/python/pal/products) by extensions ['colcon_pkg']
[2.727s] Level 1:colcon.colcon_core.package_identification:_identify(docker/development_docker/quanser_dev_docker_files/0_libraries/python/pal/products) by extension 'colcon_pkg'
[2.727s] Level 1:colcon.colcon_core.package_identification:_identify(docker/development_docker/quanser_dev_docker_files/0_libraries/python/pal/products) by extensions ['colcon_meta']
[2.727s] Level 1:colcon.colcon_core.package_identification:_identify(docker/development_docker/quanser_dev_docker_files/0_libraries/python/pal/products) by extension 'colcon_meta'
[2.727s] Level 1:colcon.colcon_core.package_identification:_identify(docker/development_docker/quanser_dev_docker_files/0_libraries/python/pal/products) by extensions ['ros']
[2.727s] Level 1:colcon.colcon_core.package_identification:_identify(docker/development_docker/quanser_dev_docker_files/0_libraries/python/pal/products) by extension 'ros'
[2.727s] Level 1:colcon.colcon_core.package_identification:_identify(docker/development_docker/quanser_dev_docker_files/0_libraries/python/pal/products) by extensions ['cmake', 'python']
[2.727s] Level 1:colcon.colcon_core.package_identification:_identify(docker/development_docker/quanser_dev_docker_files/0_libraries/python/pal/products) by extension 'cmake'
[2.727s] Level 1:colcon.colcon_core.package_identification:_identify(docker/development_docker/quanser_dev_docker_files/0_libraries/python/pal/products) by extension 'python'
[2.727s] Level 1:colcon.colcon_core.package_identification:_identify(docker/development_docker/quanser_dev_docker_files/0_libraries/python/pal/products) by extensions ['python_setup_py']
[2.727s] Level 1:colcon.colcon_core.package_identification:_identify(docker/development_docker/quanser_dev_docker_files/0_libraries/python/pal/products) by extension 'python_setup_py'
[2.728s] Level 1:colcon.colcon_core.package_identification:_identify(docker/development_docker/quanser_dev_docker_files/0_libraries/python/pal/resources) by extensions ['ignore', 'ignore_ament_install']
[2.728s] Level 1:colcon.colcon_core.package_identification:_identify(docker/development_docker/quanser_dev_docker_files/0_libraries/python/pal/resources) by extension 'ignore'
[2.728s] Level 1:colcon.colcon_core.package_identification:_identify(docker/development_docker/quanser_dev_docker_files/0_libraries/python/pal/resources) by extension 'ignore_ament_install'
[2.728s] Level 1:colcon.colcon_core.package_identification:_identify(docker/development_docker/quanser_dev_docker_files/0_libraries/python/pal/resources) by extensions ['colcon_pkg']
[2.728s] Level 1:colcon.colcon_core.package_identification:_identify(docker/development_docker/quanser_dev_docker_files/0_libraries/python/pal/resources) by extension 'colcon_pkg'
[2.728s] Level 1:colcon.colcon_core.package_identification:_identify(docker/development_docker/quanser_dev_docker_files/0_libraries/python/pal/resources) by extensions ['colcon_meta']
[2.728s] Level 1:colcon.colcon_core.package_identification:_identify(docker/development_docker/quanser_dev_docker_files/0_libraries/python/pal/resources) by extension 'colcon_meta'
[2.728s] Level 1:colcon.colcon_core.package_identification:_identify(docker/development_docker/quanser_dev_docker_files/0_libraries/python/pal/resources) by extensions ['ros']
[2.728s] Level 1:colcon.colcon_core.package_identification:_identify(docker/development_docker/quanser_dev_docker_files/0_libraries/python/pal/resources) by extension 'ros'
[2.728s] Level 1:colcon.colcon_core.package_identification:_identify(docker/development_docker/quanser_dev_docker_files/0_libraries/python/pal/resources) by extensions ['cmake', 'python']
[2.728s] Level 1:colcon.colcon_core.package_identification:_identify(docker/development_docker/quanser_dev_docker_files/0_libraries/python/pal/resources) by extension 'cmake'
[2.728s] Level 1:colcon.colcon_core.package_identification:_identify(docker/development_docker/quanser_dev_docker_files/0_libraries/python/pal/resources) by extension 'python'
[2.728s] Level 1:colcon.colcon_core.package_identification:_identify(docker/development_docker/quanser_dev_docker_files/0_libraries/python/pal/resources) by extensions ['python_setup_py']
[2.728s] Level 1:colcon.colcon_core.package_identification:_identify(docker/development_docker/quanser_dev_docker_files/0_libraries/python/pal/resources) by extension 'python_setup_py'
[2.728s] Level 1:colcon.colcon_core.package_identification:_identify(docker/development_docker/quanser_dev_docker_files/0_libraries/python/pal/utilities) by extensions ['ignore', 'ignore_ament_install']
[2.728s] Level 1:colcon.colcon_core.package_identification:_identify(docker/development_docker/quanser_dev_docker_files/0_libraries/python/pal/utilities) by extension 'ignore'
[2.728s] Level 1:colcon.colcon_core.package_identification:_identify(docker/development_docker/quanser_dev_docker_files/0_libraries/python/pal/utilities) by extension 'ignore_ament_install'
[2.728s] Level 1:colcon.colcon_core.package_identification:_identify(docker/development_docker/quanser_dev_docker_files/0_libraries/python/pal/utilities) by extensions ['colcon_pkg']
[2.728s] Level 1:colcon.colcon_core.package_identification:_identify(docker/development_docker/quanser_dev_docker_files/0_libraries/python/pal/utilities) by extension 'colcon_pkg'
[2.728s] Level 1:colcon.colcon_core.package_identification:_identify(docker/development_docker/quanser_dev_docker_files/0_libraries/python/pal/utilities) by extensions ['colcon_meta']
[2.728s] Level 1:colcon.colcon_core.package_identification:_identify(docker/development_docker/quanser_dev_docker_files/0_libraries/python/pal/utilities) by extension 'colcon_meta'
[2.728s] Level 1:colcon.colcon_core.package_identification:_identify(docker/development_docker/quanser_dev_docker_files/0_libraries/python/pal/utilities) by extensions ['ros']
[2.728s] Level 1:colcon.colcon_core.package_identification:_identify(docker/development_docker/quanser_dev_docker_files/0_libraries/python/pal/utilities) by extension 'ros'
[2.728s] Level 1:colcon.colcon_core.package_identification:_identify(docker/development_docker/quanser_dev_docker_files/0_libraries/python/pal/utilities) by extensions ['cmake', 'python']
[2.728s] Level 1:colcon.colcon_core.package_identification:_identify(docker/development_docker/quanser_dev_docker_files/0_libraries/python/pal/utilities) by extension 'cmake'
[2.728s] Level 1:colcon.colcon_core.package_identification:_identify(docker/development_docker/quanser_dev_docker_files/0_libraries/python/pal/utilities) by extension 'python'
[2.728s] Level 1:colcon.colcon_core.package_identification:_identify(docker/development_docker/quanser_dev_docker_files/0_libraries/python/pal/utilities) by extensions ['python_setup_py']
[2.728s] Level 1:colcon.colcon_core.package_identification:_identify(docker/development_docker/quanser_dev_docker_files/0_libraries/python/pal/utilities) by extension 'python_setup_py'
[2.729s] Level 1:colcon.colcon_core.package_identification:_identify(docker/development_docker/quanser_dev_docker_files/0_libraries/python/pit) by extensions ['ignore', 'ignore_ament_install']
[2.729s] Level 1:colcon.colcon_core.package_identification:_identify(docker/development_docker/quanser_dev_docker_files/0_libraries/python/pit) by extension 'ignore'
[2.729s] Level 1:colcon.colcon_core.package_identification:_identify(docker/development_docker/quanser_dev_docker_files/0_libraries/python/pit) by extension 'ignore_ament_install'
[2.729s] Level 1:colcon.colcon_core.package_identification:_identify(docker/development_docker/quanser_dev_docker_files/0_libraries/python/pit) by extensions ['colcon_pkg']
[2.729s] Level 1:colcon.colcon_core.package_identification:_identify(docker/development_docker/quanser_dev_docker_files/0_libraries/python/pit) by extension 'colcon_pkg'
[2.729s] Level 1:colcon.colcon_core.package_identification:_identify(docker/development_docker/quanser_dev_docker_files/0_libraries/python/pit) by extensions ['colcon_meta']
[2.729s] Level 1:colcon.colcon_core.package_identification:_identify(docker/development_docker/quanser_dev_docker_files/0_libraries/python/pit) by extension 'colcon_meta'
[2.729s] Level 1:colcon.colcon_core.package_identification:_identify(docker/development_docker/quanser_dev_docker_files/0_libraries/python/pit) by extensions ['ros']
[2.729s] Level 1:colcon.colcon_core.package_identification:_identify(docker/development_docker/quanser_dev_docker_files/0_libraries/python/pit) by extension 'ros'
[2.729s] Level 1:colcon.colcon_core.package_identification:_identify(docker/development_docker/quanser_dev_docker_files/0_libraries/python/pit) by extensions ['cmake', 'python']
[2.729s] Level 1:colcon.colcon_core.package_identification:_identify(docker/development_docker/quanser_dev_docker_files/0_libraries/python/pit) by extension 'cmake'
[2.729s] Level 1:colcon.colcon_core.package_identification:_identify(docker/development_docker/quanser_dev_docker_files/0_libraries/python/pit) by extension 'python'
[2.729s] Level 1:colcon.colcon_core.package_identification:_identify(docker/development_docker/quanser_dev_docker_files/0_libraries/python/pit) by extensions ['python_setup_py']
[2.729s] Level 1:colcon.colcon_core.package_identification:_identify(docker/development_docker/quanser_dev_docker_files/0_libraries/python/pit) by extension 'python_setup_py'
[2.729s] Level 1:colcon.colcon_core.package_identification:_identify(docker/development_docker/quanser_dev_docker_files/0_libraries/python/pit/LaneNet) by extensions ['ignore', 'ignore_ament_install']
[2.729s] Level 1:colcon.colcon_core.package_identification:_identify(docker/development_docker/quanser_dev_docker_files/0_libraries/python/pit/LaneNet) by extension 'ignore'
[2.729s] Level 1:colcon.colcon_core.package_identification:_identify(docker/development_docker/quanser_dev_docker_files/0_libraries/python/pit/LaneNet) by extension 'ignore_ament_install'
[2.729s] Level 1:colcon.colcon_core.package_identification:_identify(docker/development_docker/quanser_dev_docker_files/0_libraries/python/pit/LaneNet) by extensions ['colcon_pkg']
[2.729s] Level 1:colcon.colcon_core.package_identification:_identify(docker/development_docker/quanser_dev_docker_files/0_libraries/python/pit/LaneNet) by extension 'colcon_pkg'
[2.729s] Level 1:colcon.colcon_core.package_identification:_identify(docker/development_docker/quanser_dev_docker_files/0_libraries/python/pit/LaneNet) by extensions ['colcon_meta']
[2.729s] Level 1:colcon.colcon_core.package_identification:_identify(docker/development_docker/quanser_dev_docker_files/0_libraries/python/pit/LaneNet) by extension 'colcon_meta'
[2.729s] Level 1:colcon.colcon_core.package_identification:_identify(docker/development_docker/quanser_dev_docker_files/0_libraries/python/pit/LaneNet) by extensions ['ros']
[2.729s] Level 1:colcon.colcon_core.package_identification:_identify(docker/development_docker/quanser_dev_docker_files/0_libraries/python/pit/LaneNet) by extension 'ros'
[2.729s] Level 1:colcon.colcon_core.package_identification:_identify(docker/development_docker/quanser_dev_docker_files/0_libraries/python/pit/LaneNet) by extensions ['cmake', 'python']
[2.729s] Level 1:colcon.colcon_core.package_identification:_identify(docker/development_docker/quanser_dev_docker_files/0_libraries/python/pit/LaneNet) by extension 'cmake'
[2.729s] Level 1:colcon.colcon_core.package_identification:_identify(docker/development_docker/quanser_dev_docker_files/0_libraries/python/pit/LaneNet) by extension 'python'
[2.729s] Level 1:colcon.colcon_core.package_identification:_identify(docker/development_docker/quanser_dev_docker_files/0_libraries/python/pit/LaneNet) by extensions ['python_setup_py']
[2.729s] Level 1:colcon.colcon_core.package_identification:_identify(docker/development_docker/quanser_dev_docker_files/0_libraries/python/pit/LaneNet) by extension 'python_setup_py'
[2.730s] Level 1:colcon.colcon_core.package_identification:_identify(docker/development_docker/quanser_dev_docker_files/0_libraries/python/pit/LaneNet/architecture) by extensions ['ignore', 'ignore_ament_install']
[2.730s] Level 1:colcon.colcon_core.package_identification:_identify(docker/development_docker/quanser_dev_docker_files/0_libraries/python/pit/LaneNet/architecture) by extension 'ignore'
[2.730s] Level 1:colcon.colcon_core.package_identification:_identify(docker/development_docker/quanser_dev_docker_files/0_libraries/python/pit/LaneNet/architecture) by extension 'ignore_ament_install'
[2.730s] Level 1:colcon.colcon_core.package_identification:_identify(docker/development_docker/quanser_dev_docker_files/0_libraries/python/pit/LaneNet/architecture) by extensions ['colcon_pkg']
[2.730s] Level 1:colcon.colcon_core.package_identification:_identify(docker/development_docker/quanser_dev_docker_files/0_libraries/python/pit/LaneNet/architecture) by extension 'colcon_pkg'
[2.730s] Level 1:colcon.colcon_core.package_identification:_identify(docker/development_docker/quanser_dev_docker_files/0_libraries/python/pit/LaneNet/architecture) by extensions ['colcon_meta']
[2.730s] Level 1:colcon.colcon_core.package_identification:_identify(docker/development_docker/quanser_dev_docker_files/0_libraries/python/pit/LaneNet/architecture) by extension 'colcon_meta'
[2.730s] Level 1:colcon.colcon_core.package_identification:_identify(docker/development_docker/quanser_dev_docker_files/0_libraries/python/pit/LaneNet/architecture) by extensions ['ros']
[2.730s] Level 1:colcon.colcon_core.package_identification:_identify(docker/development_docker/quanser_dev_docker_files/0_libraries/python/pit/LaneNet/architecture) by extension 'ros'
[2.730s] Level 1:colcon.colcon_core.package_identification:_identify(docker/development_docker/quanser_dev_docker_files/0_libraries/python/pit/LaneNet/architecture) by extensions ['cmake', 'python']
[2.730s] Level 1:colcon.colcon_core.package_identification:_identify(docker/development_docker/quanser_dev_docker_files/0_libraries/python/pit/LaneNet/architecture) by extension 'cmake'
[2.730s] Level 1:colcon.colcon_core.package_identification:_identify(docker/development_docker/quanser_dev_docker_files/0_libraries/python/pit/LaneNet/architecture) by extension 'python'
[2.730s] Level 1:colcon.colcon_core.package_identification:_identify(docker/development_docker/quanser_dev_docker_files/0_libraries/python/pit/LaneNet/architecture) by extensions ['python_setup_py']
[2.730s] Level 1:colcon.colcon_core.package_identification:_identify(docker/development_docker/quanser_dev_docker_files/0_libraries/python/pit/LaneNet/architecture) by extension 'python_setup_py'
[2.730s] Level 1:colcon.colcon_core.package_identification:_identify(docker/development_docker/quanser_dev_docker_files/0_libraries/python/pit/LaneNet/architecture/backbone) by extensions ['ignore', 'ignore_ament_install']
[2.730s] Level 1:colcon.colcon_core.package_identification:_identify(docker/development_docker/quanser_dev_docker_files/0_libraries/python/pit/LaneNet/architecture/backbone) by extension 'ignore'
[2.730s] Level 1:colcon.colcon_core.package_identification:_identify(docker/development_docker/quanser_dev_docker_files/0_libraries/python/pit/LaneNet/architecture/backbone) by extension 'ignore_ament_install'
[2.730s] Level 1:colcon.colcon_core.package_identification:_identify(docker/development_docker/quanser_dev_docker_files/0_libraries/python/pit/LaneNet/architecture/backbone) by extensions ['colcon_pkg']
[2.730s] Level 1:colcon.colcon_core.package_identification:_identify(docker/development_docker/quanser_dev_docker_files/0_libraries/python/pit/LaneNet/architecture/backbone) by extension 'colcon_pkg'
[2.730s] Level 1:colcon.colcon_core.package_identification:_identify(docker/development_docker/quanser_dev_docker_files/0_libraries/python/pit/LaneNet/architecture/backbone) by extensions ['colcon_meta']
[2.730s] Level 1:colcon.colcon_core.package_identification:_identify(docker/development_docker/quanser_dev_docker_files/0_libraries/python/pit/LaneNet/architecture/backbone) by extension 'colcon_meta'
[2.730s] Level 1:colcon.colcon_core.package_identification:_identify(docker/development_docker/quanser_dev_docker_files/0_libraries/python/pit/LaneNet/architecture/backbone) by extensions ['ros']
[2.730s] Level 1:colcon.colcon_core.package_identification:_identify(docker/development_docker/quanser_dev_docker_files/0_libraries/python/pit/LaneNet/architecture/backbone) by extension 'ros'
[2.730s] Level 1:colcon.colcon_core.package_identification:_identify(docker/development_docker/quanser_dev_docker_files/0_libraries/python/pit/LaneNet/architecture/backbone) by extensions ['cmake', 'python']
[2.730s] Level 1:colcon.colcon_core.package_identification:_identify(docker/development_docker/quanser_dev_docker_files/0_libraries/python/pit/LaneNet/architecture/backbone) by extension 'cmake'
[2.730s] Level 1:colcon.colcon_core.package_identification:_identify(docker/development_docker/quanser_dev_docker_files/0_libraries/python/pit/LaneNet/architecture/backbone) by extension 'python'
[2.730s] Level 1:colcon.colcon_core.package_identification:_identify(docker/development_docker/quanser_dev_docker_files/0_libraries/python/pit/LaneNet/architecture/backbone) by extensions ['python_setup_py']
[2.730s] Level 1:colcon.colcon_core.package_identification:_identify(docker/development_docker/quanser_dev_docker_files/0_libraries/python/pit/LaneNet/architecture/backbone) by extension 'python_setup_py'
[2.731s] Level 1:colcon.colcon_core.package_identification:_identify(docker/development_docker/quanser_dev_docker_files/0_libraries/python/pit/LaneNet/architecture/backbone/deeplabv3_plus) by extensions ['ignore', 'ignore_ament_install']
[2.731s] Level 1:colcon.colcon_core.package_identification:_identify(docker/development_docker/quanser_dev_docker_files/0_libraries/python/pit/LaneNet/architecture/backbone/deeplabv3_plus) by extension 'ignore'
[2.731s] Level 1:colcon.colcon_core.package_identification:_identify(docker/development_docker/quanser_dev_docker_files/0_libraries/python/pit/LaneNet/architecture/backbone/deeplabv3_plus) by extension 'ignore_ament_install'
[2.731s] Level 1:colcon.colcon_core.package_identification:_identify(docker/development_docker/quanser_dev_docker_files/0_libraries/python/pit/LaneNet/architecture/backbone/deeplabv3_plus) by extensions ['colcon_pkg']
[2.731s] Level 1:colcon.colcon_core.package_identification:_identify(docker/development_docker/quanser_dev_docker_files/0_libraries/python/pit/LaneNet/architecture/backbone/deeplabv3_plus) by extension 'colcon_pkg'
[2.731s] Level 1:colcon.colcon_core.package_identification:_identify(docker/development_docker/quanser_dev_docker_files/0_libraries/python/pit/LaneNet/architecture/backbone/deeplabv3_plus) by extensions ['colcon_meta']
[2.731s] Level 1:colcon.colcon_core.package_identification:_identify(docker/development_docker/quanser_dev_docker_files/0_libraries/python/pit/LaneNet/architecture/backbone/deeplabv3_plus) by extension 'colcon_meta'
[2.731s] Level 1:colcon.colcon_core.package_identification:_identify(docker/development_docker/quanser_dev_docker_files/0_libraries/python/pit/LaneNet/architecture/backbone/deeplabv3_plus) by extensions ['ros']
[2.731s] Level 1:colcon.colcon_core.package_identification:_identify(docker/development_docker/quanser_dev_docker_files/0_libraries/python/pit/LaneNet/architecture/backbone/deeplabv3_plus) by extension 'ros'
[2.731s] Level 1:colcon.colcon_core.package_identification:_identify(docker/development_docker/quanser_dev_docker_files/0_libraries/python/pit/LaneNet/architecture/backbone/deeplabv3_plus) by extensions ['cmake', 'python']
[2.731s] Level 1:colcon.colcon_core.package_identification:_identify(docker/development_docker/quanser_dev_docker_files/0_libraries/python/pit/LaneNet/architecture/backbone/deeplabv3_plus) by extension 'cmake'
[2.731s] Level 1:colcon.colcon_core.package_identification:_identify(docker/development_docker/quanser_dev_docker_files/0_libraries/python/pit/LaneNet/architecture/backbone/deeplabv3_plus) by extension 'python'
[2.731s] Level 1:colcon.colcon_core.package_identification:_identify(docker/development_docker/quanser_dev_docker_files/0_libraries/python/pit/LaneNet/architecture/backbone/deeplabv3_plus) by extensions ['python_setup_py']
[2.731s] Level 1:colcon.colcon_core.package_identification:_identify(docker/development_docker/quanser_dev_docker_files/0_libraries/python/pit/LaneNet/architecture/backbone/deeplabv3_plus) by extension 'python_setup_py'
[2.731s] Level 1:colcon.colcon_core.package_identification:_identify(docker/development_docker/quanser_dev_docker_files/0_libraries/python/pit/LaneNet/architecture/backbone/deeplabv3_plus/sync_batchnorm) by extensions ['ignore', 'ignore_ament_install']
[2.731s] Level 1:colcon.colcon_core.package_identification:_identify(docker/development_docker/quanser_dev_docker_files/0_libraries/python/pit/LaneNet/architecture/backbone/deeplabv3_plus/sync_batchnorm) by extension 'ignore'
[2.731s] Level 1:colcon.colcon_core.package_identification:_identify(docker/development_docker/quanser_dev_docker_files/0_libraries/python/pit/LaneNet/architecture/backbone/deeplabv3_plus/sync_batchnorm) by extension 'ignore_ament_install'
[2.731s] Level 1:colcon.colcon_core.package_identification:_identify(docker/development_docker/quanser_dev_docker_files/0_libraries/python/pit/LaneNet/architecture/backbone/deeplabv3_plus/sync_batchnorm) by extensions ['colcon_pkg']
[2.731s] Level 1:colcon.colcon_core.package_identification:_identify(docker/development_docker/quanser_dev_docker_files/0_libraries/python/pit/LaneNet/architecture/backbone/deeplabv3_plus/sync_batchnorm) by extension 'colcon_pkg'
[2.731s] Level 1:colcon.colcon_core.package_identification:_identify(docker/development_docker/quanser_dev_docker_files/0_libraries/python/pit/LaneNet/architecture/backbone/deeplabv3_plus/sync_batchnorm) by extensions ['colcon_meta']
[2.731s] Level 1:colcon.colcon_core.package_identification:_identify(docker/development_docker/quanser_dev_docker_files/0_libraries/python/pit/LaneNet/architecture/backbone/deeplabv3_plus/sync_batchnorm) by extension 'colcon_meta'
[2.731s] Level 1:colcon.colcon_core.package_identification:_identify(docker/development_docker/quanser_dev_docker_files/0_libraries/python/pit/LaneNet/architecture/backbone/deeplabv3_plus/sync_batchnorm) by extensions ['ros']
[2.731s] Level 1:colcon.colcon_core.package_identification:_identify(docker/development_docker/quanser_dev_docker_files/0_libraries/python/pit/LaneNet/architecture/backbone/deeplabv3_plus/sync_batchnorm) by extension 'ros'
[2.731s] Level 1:colcon.colcon_core.package_identification:_identify(docker/development_docker/quanser_dev_docker_files/0_libraries/python/pit/LaneNet/architecture/backbone/deeplabv3_plus/sync_batchnorm) by extensions ['cmake', 'python']
[2.731s] Level 1:colcon.colcon_core.package_identification:_identify(docker/development_docker/quanser_dev_docker_files/0_libraries/python/pit/LaneNet/architecture/backbone/deeplabv3_plus/sync_batchnorm) by extension 'cmake'
[2.731s] Level 1:colcon.colcon_core.package_identification:_identify(docker/development_docker/quanser_dev_docker_files/0_libraries/python/pit/LaneNet/architecture/backbone/deeplabv3_plus/sync_batchnorm) by extension 'python'
[2.732s] Level 1:colcon.colcon_core.package_identification:_identify(docker/development_docker/quanser_dev_docker_files/0_libraries/python/pit/LaneNet/architecture/backbone/deeplabv3_plus/sync_batchnorm) by extensions ['python_setup_py']
[2.732s] Level 1:colcon.colcon_core.package_identification:_identify(docker/development_docker/quanser_dev_docker_files/0_libraries/python/pit/LaneNet/architecture/backbone/deeplabv3_plus/sync_batchnorm) by extension 'python_setup_py'
[2.732s] Level 1:colcon.colcon_core.package_identification:_identify(docker/development_docker/quanser_dev_docker_files/0_libraries/python/pit/YOLO) by extensions ['ignore', 'ignore_ament_install']
[2.732s] Level 1:colcon.colcon_core.package_identification:_identify(docker/development_docker/quanser_dev_docker_files/0_libraries/python/pit/YOLO) by extension 'ignore'
[2.732s] Level 1:colcon.colcon_core.package_identification:_identify(docker/development_docker/quanser_dev_docker_files/0_libraries/python/pit/YOLO) by extension 'ignore_ament_install'
[2.732s] Level 1:colcon.colcon_core.package_identification:_identify(docker/development_docker/quanser_dev_docker_files/0_libraries/python/pit/YOLO) by extensions ['colcon_pkg']
[2.732s] Level 1:colcon.colcon_core.package_identification:_identify(docker/development_docker/quanser_dev_docker_files/0_libraries/python/pit/YOLO) by extension 'colcon_pkg'
[2.732s] Level 1:colcon.colcon_core.package_identification:_identify(docker/development_docker/quanser_dev_docker_files/0_libraries/python/pit/YOLO) by extensions ['colcon_meta']
[2.732s] Level 1:colcon.colcon_core.package_identification:_identify(docker/development_docker/quanser_dev_docker_files/0_libraries/python/pit/YOLO) by extension 'colcon_meta'
[2.732s] Level 1:colcon.colcon_core.package_identification:_identify(docker/development_docker/quanser_dev_docker_files/0_libraries/python/pit/YOLO) by extensions ['ros']
[2.732s] Level 1:colcon.colcon_core.package_identification:_identify(docker/development_docker/quanser_dev_docker_files/0_libraries/python/pit/YOLO) by extension 'ros'
[2.732s] Level 1:colcon.colcon_core.package_identification:_identify(docker/development_docker/quanser_dev_docker_files/0_libraries/python/pit/YOLO) by extensions ['cmake', 'python']
[2.732s] Level 1:colcon.colcon_core.package_identification:_identify(docker/development_docker/quanser_dev_docker_files/0_libraries/python/pit/YOLO) by extension 'cmake'
[2.732s] Level 1:colcon.colcon_core.package_identification:_identify(docker/development_docker/quanser_dev_docker_files/0_libraries/python/pit/YOLO) by extension 'python'
[2.732s] Level 1:colcon.colcon_core.package_identification:_identify(docker/development_docker/quanser_dev_docker_files/0_libraries/python/pit/YOLO) by extensions ['python_setup_py']
[2.732s] Level 1:colcon.colcon_core.package_identification:_identify(docker/development_docker/quanser_dev_docker_files/0_libraries/python/pit/YOLO) by extension 'python_setup_py'
[2.732s] Level 1:colcon.colcon_core.package_identification:_identify(docker/development_docker/quanser_dev_docker_files/0_libraries/python/pit/haar) by extensions ['ignore', 'ignore_ament_install']
[2.732s] Level 1:colcon.colcon_core.package_identification:_identify(docker/development_docker/quanser_dev_docker_files/0_libraries/python/pit/haar) by extension 'ignore'
[2.732s] Level 1:colcon.colcon_core.package_identification:_identify(docker/development_docker/quanser_dev_docker_files/0_libraries/python/pit/haar) by extension 'ignore_ament_install'
[2.732s] Level 1:colcon.colcon_core.package_identification:_identify(docker/development_docker/quanser_dev_docker_files/0_libraries/python/pit/haar) by extensions ['colcon_pkg']
[2.732s] Level 1:colcon.colcon_core.package_identification:_identify(docker/development_docker/quanser_dev_docker_files/0_libraries/python/pit/haar) by extension 'colcon_pkg'
[2.732s] Level 1:colcon.colcon_core.package_identification:_identify(docker/development_docker/quanser_dev_docker_files/0_libraries/python/pit/haar) by extensions ['colcon_meta']
[2.732s] Level 1:colcon.colcon_core.package_identification:_identify(docker/development_docker/quanser_dev_docker_files/0_libraries/python/pit/haar) by extension 'colcon_meta'
[2.732s] Level 1:colcon.colcon_core.package_identification:_identify(docker/development_docker/quanser_dev_docker_files/0_libraries/python/pit/haar) by extensions ['ros']
[2.732s] Level 1:colcon.colcon_core.package_identification:_identify(docker/development_docker/quanser_dev_docker_files/0_libraries/python/pit/haar) by extension 'ros'
[2.732s] Level 1:colcon.colcon_core.package_identification:_identify(docker/development_docker/quanser_dev_docker_files/0_libraries/python/pit/haar) by extensions ['cmake', 'python']
[2.732s] Level 1:colcon.colcon_core.package_identification:_identify(docker/development_docker/quanser_dev_docker_files/0_libraries/python/pit/haar) by extension 'cmake'
[2.732s] Level 1:colcon.colcon_core.package_identification:_identify(docker/development_docker/quanser_dev_docker_files/0_libraries/python/pit/haar) by extension 'python'
[2.732s] Level 1:colcon.colcon_core.package_identification:_identify(docker/development_docker/quanser_dev_docker_files/0_libraries/python/pit/haar) by extensions ['python_setup_py']
[2.732s] Level 1:colcon.colcon_core.package_identification:_identify(docker/development_docker/quanser_dev_docker_files/0_libraries/python/pit/haar) by extension 'python_setup_py'
[2.733s] Level 1:colcon.colcon_core.package_identification:_identify(docker/development_docker/quanser_dev_docker_files/0_libraries/python/pit/jetson) by extensions ['ignore', 'ignore_ament_install']
[2.733s] Level 1:colcon.colcon_core.package_identification:_identify(docker/development_docker/quanser_dev_docker_files/0_libraries/python/pit/jetson) by extension 'ignore'
[2.733s] Level 1:colcon.colcon_core.package_identification:_identify(docker/development_docker/quanser_dev_docker_files/0_libraries/python/pit/jetson) by extension 'ignore_ament_install'
[2.733s] Level 1:colcon.colcon_core.package_identification:_identify(docker/development_docker/quanser_dev_docker_files/0_libraries/python/pit/jetson) by extensions ['colcon_pkg']
[2.733s] Level 1:colcon.colcon_core.package_identification:_identify(docker/development_docker/quanser_dev_docker_files/0_libraries/python/pit/jetson) by extension 'colcon_pkg'
[2.733s] Level 1:colcon.colcon_core.package_identification:_identify(docker/development_docker/quanser_dev_docker_files/0_libraries/python/pit/jetson) by extensions ['colcon_meta']
[2.733s] Level 1:colcon.colcon_core.package_identification:_identify(docker/development_docker/quanser_dev_docker_files/0_libraries/python/pit/jetson) by extension 'colcon_meta'
[2.733s] Level 1:colcon.colcon_core.package_identification:_identify(docker/development_docker/quanser_dev_docker_files/0_libraries/python/pit/jetson) by extensions ['ros']
[2.733s] Level 1:colcon.colcon_core.package_identification:_identify(docker/development_docker/quanser_dev_docker_files/0_libraries/python/pit/jetson) by extension 'ros'
[2.733s] Level 1:colcon.colcon_core.package_identification:_identify(docker/development_docker/quanser_dev_docker_files/0_libraries/python/pit/jetson) by extensions ['cmake', 'python']
[2.733s] Level 1:colcon.colcon_core.package_identification:_identify(docker/development_docker/quanser_dev_docker_files/0_libraries/python/pit/jetson) by extension 'cmake'
[2.733s] Level 1:colcon.colcon_core.package_identification:_identify(docker/development_docker/quanser_dev_docker_files/0_libraries/python/pit/jetson) by extension 'python'
[2.733s] Level 1:colcon.colcon_core.package_identification:_identify(docker/development_docker/quanser_dev_docker_files/0_libraries/python/pit/jetson) by extensions ['python_setup_py']
[2.733s] Level 1:colcon.colcon_core.package_identification:_identify(docker/development_docker/quanser_dev_docker_files/0_libraries/python/pit/jetson) by extension 'python_setup_py'
[2.733s] Level 1:colcon.colcon_core.package_identification:_identify(docker/development_docker/quanser_dev_docker_files/0_libraries/python/qvl) by extensions ['ignore', 'ignore_ament_install']
[2.733s] Level 1:colcon.colcon_core.package_identification:_identify(docker/development_docker/quanser_dev_docker_files/0_libraries/python/qvl) by extension 'ignore'
[2.733s] Level 1:colcon.colcon_core.package_identification:_identify(docker/development_docker/quanser_dev_docker_files/0_libraries/python/qvl) by extension 'ignore_ament_install'
[2.733s] Level 1:colcon.colcon_core.package_identification:_identify(docker/development_docker/quanser_dev_docker_files/0_libraries/python/qvl) by extensions ['colcon_pkg']
[2.733s] Level 1:colcon.colcon_core.package_identification:_identify(docker/development_docker/quanser_dev_docker_files/0_libraries/python/qvl) by extension 'colcon_pkg'
[2.733s] Level 1:colcon.colcon_core.package_identification:_identify(docker/development_docker/quanser_dev_docker_files/0_libraries/python/qvl) by extensions ['colcon_meta']
[2.733s] Level 1:colcon.colcon_core.package_identification:_identify(docker/development_docker/quanser_dev_docker_files/0_libraries/python/qvl) by extension 'colcon_meta'
[2.733s] Level 1:colcon.colcon_core.package_identification:_identify(docker/development_docker/quanser_dev_docker_files/0_libraries/python/qvl) by extensions ['ros']
[2.733s] Level 1:colcon.colcon_core.package_identification:_identify(docker/development_docker/quanser_dev_docker_files/0_libraries/python/qvl) by extension 'ros'
[2.733s] Level 1:colcon.colcon_core.package_identification:_identify(docker/development_docker/quanser_dev_docker_files/0_libraries/python/qvl) by extensions ['cmake', 'python']
[2.733s] Level 1:colcon.colcon_core.package_identification:_identify(docker/development_docker/quanser_dev_docker_files/0_libraries/python/qvl) by extension 'cmake'
[2.733s] Level 1:colcon.colcon_core.package_identification:_identify(docker/development_docker/quanser_dev_docker_files/0_libraries/python/qvl) by extension 'python'
[2.733s] Level 1:colcon.colcon_core.package_identification:_identify(docker/development_docker/quanser_dev_docker_files/0_libraries/python/qvl) by extensions ['python_setup_py']
[2.733s] Level 1:colcon.colcon_core.package_identification:_identify(docker/development_docker/quanser_dev_docker_files/0_libraries/python/qvl) by extension 'python_setup_py'
[2.734s] Level 1:colcon.colcon_core.package_identification:_identify(docker/development_docker/quanser_dev_docker_files/0_libraries/resources) by extensions ['ignore', 'ignore_ament_install']
[2.734s] Level 1:colcon.colcon_core.package_identification:_identify(docker/development_docker/quanser_dev_docker_files/0_libraries/resources) by extension 'ignore'
[2.734s] Level 1:colcon.colcon_core.package_identification:_identify(docker/development_docker/quanser_dev_docker_files/0_libraries/resources) by extension 'ignore_ament_install'
[2.734s] Level 1:colcon.colcon_core.package_identification:_identify(docker/development_docker/quanser_dev_docker_files/0_libraries/resources) by extensions ['colcon_pkg']
[2.734s] Level 1:colcon.colcon_core.package_identification:_identify(docker/development_docker/quanser_dev_docker_files/0_libraries/resources) by extension 'colcon_pkg'
[2.734s] Level 1:colcon.colcon_core.package_identification:_identify(docker/development_docker/quanser_dev_docker_files/0_libraries/resources) by extensions ['colcon_meta']
[2.734s] Level 1:colcon.colcon_core.package_identification:_identify(docker/development_docker/quanser_dev_docker_files/0_libraries/resources) by extension 'colcon_meta'
[2.734s] Level 1:colcon.colcon_core.package_identification:_identify(docker/development_docker/quanser_dev_docker_files/0_libraries/resources) by extensions ['ros']
[2.734s] Level 1:colcon.colcon_core.package_identification:_identify(docker/development_docker/quanser_dev_docker_files/0_libraries/resources) by extension 'ros'
[2.734s] Level 1:colcon.colcon_core.package_identification:_identify(docker/development_docker/quanser_dev_docker_files/0_libraries/resources) by extensions ['cmake', 'python']
[2.734s] Level 1:colcon.colcon_core.package_identification:_identify(docker/development_docker/quanser_dev_docker_files/0_libraries/resources) by extension 'cmake'
[2.734s] Level 1:colcon.colcon_core.package_identification:_identify(docker/development_docker/quanser_dev_docker_files/0_libraries/resources) by extension 'python'
[2.734s] Level 1:colcon.colcon_core.package_identification:_identify(docker/development_docker/quanser_dev_docker_files/0_libraries/resources) by extensions ['python_setup_py']
[2.734s] Level 1:colcon.colcon_core.package_identification:_identify(docker/development_docker/quanser_dev_docker_files/0_libraries/resources) by extension 'python_setup_py'
[2.734s] Level 1:colcon.colcon_core.package_identification:_identify(docker/development_docker/quanser_dev_docker_files/0_libraries/resources/applications) by extensions ['ignore', 'ignore_ament_install']
[2.734s] Level 1:colcon.colcon_core.package_identification:_identify(docker/development_docker/quanser_dev_docker_files/0_libraries/resources/applications) by extension 'ignore'
[2.734s] Level 1:colcon.colcon_core.package_identification:_identify(docker/development_docker/quanser_dev_docker_files/0_libraries/resources/applications) by extension 'ignore_ament_install'
[2.734s] Level 1:colcon.colcon_core.package_identification:_identify(docker/development_docker/quanser_dev_docker_files/0_libraries/resources/applications) by extensions ['colcon_pkg']
[2.734s] Level 1:colcon.colcon_core.package_identification:_identify(docker/development_docker/quanser_dev_docker_files/0_libraries/resources/applications) by extension 'colcon_pkg'
[2.734s] Level 1:colcon.colcon_core.package_identification:_identify(docker/development_docker/quanser_dev_docker_files/0_libraries/resources/applications) by extensions ['colcon_meta']
[2.734s] Level 1:colcon.colcon_core.package_identification:_identify(docker/development_docker/quanser_dev_docker_files/0_libraries/resources/applications) by extension 'colcon_meta'
[2.734s] Level 1:colcon.colcon_core.package_identification:_identify(docker/development_docker/quanser_dev_docker_files/0_libraries/resources/applications) by extensions ['ros']
[2.734s] Level 1:colcon.colcon_core.package_identification:_identify(docker/development_docker/quanser_dev_docker_files/0_libraries/resources/applications) by extension 'ros'
[2.734s] Level 1:colcon.colcon_core.package_identification:_identify(docker/development_docker/quanser_dev_docker_files/0_libraries/resources/applications) by extensions ['cmake', 'python']
[2.734s] Level 1:colcon.colcon_core.package_identification:_identify(docker/development_docker/quanser_dev_docker_files/0_libraries/resources/applications) by extension 'cmake'
[2.734s] Level 1:colcon.colcon_core.package_identification:_identify(docker/development_docker/quanser_dev_docker_files/0_libraries/resources/applications) by extension 'python'
[2.734s] Level 1:colcon.colcon_core.package_identification:_identify(docker/development_docker/quanser_dev_docker_files/0_libraries/resources/applications) by extensions ['python_setup_py']
[2.734s] Level 1:colcon.colcon_core.package_identification:_identify(docker/development_docker/quanser_dev_docker_files/0_libraries/resources/applications) by extension 'python_setup_py'
[2.734s] Level 1:colcon.colcon_core.package_identification:_identify(docker/development_docker/quanser_dev_docker_files/0_libraries/resources/applications/KeyboardDriver) by extensions ['ignore', 'ignore_ament_install']
[2.734s] Level 1:colcon.colcon_core.package_identification:_identify(docker/development_docker/quanser_dev_docker_files/0_libraries/resources/applications/KeyboardDriver) by extension 'ignore'
[2.735s] Level 1:colcon.colcon_core.package_identification:_identify(docker/development_docker/quanser_dev_docker_files/0_libraries/resources/applications/KeyboardDriver) by extension 'ignore_ament_install'
[2.735s] Level 1:colcon.colcon_core.package_identification:_identify(docker/development_docker/quanser_dev_docker_files/0_libraries/resources/applications/KeyboardDriver) by extensions ['colcon_pkg']
[2.735s] Level 1:colcon.colcon_core.package_identification:_identify(docker/development_docker/quanser_dev_docker_files/0_libraries/resources/applications/KeyboardDriver) by extension 'colcon_pkg'
[2.735s] Level 1:colcon.colcon_core.package_identification:_identify(docker/development_docker/quanser_dev_docker_files/0_libraries/resources/applications/KeyboardDriver) by extensions ['colcon_meta']
[2.735s] Level 1:colcon.colcon_core.package_identification:_identify(docker/development_docker/quanser_dev_docker_files/0_libraries/resources/applications/KeyboardDriver) by extension 'colcon_meta'
[2.735s] Level 1:colcon.colcon_core.package_identification:_identify(docker/development_docker/quanser_dev_docker_files/0_libraries/resources/applications/KeyboardDriver) by extensions ['ros']
[2.735s] Level 1:colcon.colcon_core.package_identification:_identify(docker/development_docker/quanser_dev_docker_files/0_libraries/resources/applications/KeyboardDriver) by extension 'ros'
[2.735s] Level 1:colcon.colcon_core.package_identification:_identify(docker/development_docker/quanser_dev_docker_files/0_libraries/resources/applications/KeyboardDriver) by extensions ['cmake', 'python']
[2.735s] Level 1:colcon.colcon_core.package_identification:_identify(docker/development_docker/quanser_dev_docker_files/0_libraries/resources/applications/KeyboardDriver) by extension 'cmake'
[2.735s] Level 1:colcon.colcon_core.package_identification:_identify(docker/development_docker/quanser_dev_docker_files/0_libraries/resources/applications/KeyboardDriver) by extension 'python'
[2.735s] Level 1:colcon.colcon_core.package_identification:_identify(docker/development_docker/quanser_dev_docker_files/0_libraries/resources/applications/KeyboardDriver) by extensions ['python_setup_py']
[2.735s] Level 1:colcon.colcon_core.package_identification:_identify(docker/development_docker/quanser_dev_docker_files/0_libraries/resources/applications/KeyboardDriver) by extension 'python_setup_py'
[2.735s] Level 1:colcon.colcon_core.package_identification:_identify(docker/development_docker/quanser_dev_docker_files/0_libraries/resources/applications/QCarDepthAlign) by extensions ['ignore', 'ignore_ament_install']
[2.735s] Level 1:colcon.colcon_core.package_identification:_identify(docker/development_docker/quanser_dev_docker_files/0_libraries/resources/applications/QCarDepthAlign) by extension 'ignore'
[2.735s] Level 1:colcon.colcon_core.package_identification:_identify(docker/development_docker/quanser_dev_docker_files/0_libraries/resources/applications/QCarDepthAlign) by extension 'ignore_ament_install'
[2.735s] Level 1:colcon.colcon_core.package_identification:_identify(docker/development_docker/quanser_dev_docker_files/0_libraries/resources/applications/QCarDepthAlign) by extensions ['colcon_pkg']
[2.735s] Level 1:colcon.colcon_core.package_identification:_identify(docker/development_docker/quanser_dev_docker_files/0_libraries/resources/applications/QCarDepthAlign) by extension 'colcon_pkg'
[2.735s] Level 1:colcon.colcon_core.package_identification:_identify(docker/development_docker/quanser_dev_docker_files/0_libraries/resources/applications/QCarDepthAlign) by extensions ['colcon_meta']
[2.735s] Level 1:colcon.colcon_core.package_identification:_identify(docker/development_docker/quanser_dev_docker_files/0_libraries/resources/applications/QCarDepthAlign) by extension 'colcon_meta'
[2.735s] Level 1:colcon.colcon_core.package_identification:_identify(docker/development_docker/quanser_dev_docker_files/0_libraries/resources/applications/QCarDepthAlign) by extensions ['ros']
[2.735s] Level 1:colcon.colcon_core.package_identification:_identify(docker/development_docker/quanser_dev_docker_files/0_libraries/resources/applications/QCarDepthAlign) by extension 'ros'
[2.735s] Level 1:colcon.colcon_core.package_identification:_identify(docker/development_docker/quanser_dev_docker_files/0_libraries/resources/applications/QCarDepthAlign) by extensions ['cmake', 'python']
[2.735s] Level 1:colcon.colcon_core.package_identification:_identify(docker/development_docker/quanser_dev_docker_files/0_libraries/resources/applications/QCarDepthAlign) by extension 'cmake'
[2.735s] Level 1:colcon.colcon_core.package_identification:_identify(docker/development_docker/quanser_dev_docker_files/0_libraries/resources/applications/QCarDepthAlign) by extension 'python'
[2.735s] Level 1:colcon.colcon_core.package_identification:_identify(docker/development_docker/quanser_dev_docker_files/0_libraries/resources/applications/QCarDepthAlign) by extensions ['python_setup_py']
[2.735s] Level 1:colcon.colcon_core.package_identification:_identify(docker/development_docker/quanser_dev_docker_files/0_libraries/resources/applications/QCarDepthAlign) by extension 'python_setup_py'
[2.735s] Level 1:colcon.colcon_core.package_identification:_identify(docker/development_docker/quanser_dev_docker_files/0_libraries/resources/applications/QCarScanMatching) by extensions ['ignore', 'ignore_ament_install']
[2.735s] Level 1:colcon.colcon_core.package_identification:_identify(docker/development_docker/quanser_dev_docker_files/0_libraries/resources/applications/QCarScanMatching) by extension 'ignore'
[2.735s] Level 1:colcon.colcon_core.package_identification:_identify(docker/development_docker/quanser_dev_docker_files/0_libraries/resources/applications/QCarScanMatching) by extension 'ignore_ament_install'
[2.736s] Level 1:colcon.colcon_core.package_identification:_identify(docker/development_docker/quanser_dev_docker_files/0_libraries/resources/applications/QCarScanMatching) by extensions ['colcon_pkg']
[2.736s] Level 1:colcon.colcon_core.package_identification:_identify(docker/development_docker/quanser_dev_docker_files/0_libraries/resources/applications/QCarScanMatching) by extension 'colcon_pkg'
[2.736s] Level 1:colcon.colcon_core.package_identification:_identify(docker/development_docker/quanser_dev_docker_files/0_libraries/resources/applications/QCarScanMatching) by extensions ['colcon_meta']
[2.736s] Level 1:colcon.colcon_core.package_identification:_identify(docker/development_docker/quanser_dev_docker_files/0_libraries/resources/applications/QCarScanMatching) by extension 'colcon_meta'
[2.736s] Level 1:colcon.colcon_core.package_identification:_identify(docker/development_docker/quanser_dev_docker_files/0_libraries/resources/applications/QCarScanMatching) by extensions ['ros']
[2.736s] Level 1:colcon.colcon_core.package_identification:_identify(docker/development_docker/quanser_dev_docker_files/0_libraries/resources/applications/QCarScanMatching) by extension 'ros'
[2.736s] Level 1:colcon.colcon_core.package_identification:_identify(docker/development_docker/quanser_dev_docker_files/0_libraries/resources/applications/QCarScanMatching) by extensions ['cmake', 'python']
[2.736s] Level 1:colcon.colcon_core.package_identification:_identify(docker/development_docker/quanser_dev_docker_files/0_libraries/resources/applications/QCarScanMatching) by extension 'cmake'
[2.736s] Level 1:colcon.colcon_core.package_identification:_identify(docker/development_docker/quanser_dev_docker_files/0_libraries/resources/applications/QCarScanMatching) by extension 'python'
[2.736s] Level 1:colcon.colcon_core.package_identification:_identify(docker/development_docker/quanser_dev_docker_files/0_libraries/resources/applications/QCarScanMatching) by extensions ['python_setup_py']
[2.736s] Level 1:colcon.colcon_core.package_identification:_identify(docker/development_docker/quanser_dev_docker_files/0_libraries/resources/applications/QCarScanMatching) by extension 'python_setup_py'
[2.736s] Level 1:colcon.colcon_core.package_identification:_identify(docker/development_docker/quanser_dev_docker_files/0_libraries/resources/applications/QLabsVRPNServer) by extensions ['ignore', 'ignore_ament_install']
[2.736s] Level 1:colcon.colcon_core.package_identification:_identify(docker/development_docker/quanser_dev_docker_files/0_libraries/resources/applications/QLabsVRPNServer) by extension 'ignore'
[2.736s] Level 1:colcon.colcon_core.package_identification:_identify(docker/development_docker/quanser_dev_docker_files/0_libraries/resources/applications/QLabsVRPNServer) by extension 'ignore_ament_install'
[2.736s] Level 1:colcon.colcon_core.package_identification:_identify(docker/development_docker/quanser_dev_docker_files/0_libraries/resources/applications/QLabsVRPNServer) by extensions ['colcon_pkg']
[2.736s] Level 1:colcon.colcon_core.package_identification:_identify(docker/development_docker/quanser_dev_docker_files/0_libraries/resources/applications/QLabsVRPNServer) by extension 'colcon_pkg'
[2.736s] Level 1:colcon.colcon_core.package_identification:_identify(docker/development_docker/quanser_dev_docker_files/0_libraries/resources/applications/QLabsVRPNServer) by extensions ['colcon_meta']
[2.736s] Level 1:colcon.colcon_core.package_identification:_identify(docker/development_docker/quanser_dev_docker_files/0_libraries/resources/applications/QLabsVRPNServer) by extension 'colcon_meta'
[2.736s] Level 1:colcon.colcon_core.package_identification:_identify(docker/development_docker/quanser_dev_docker_files/0_libraries/resources/applications/QLabsVRPNServer) by extensions ['ros']
[2.736s] Level 1:colcon.colcon_core.package_identification:_identify(docker/development_docker/quanser_dev_docker_files/0_libraries/resources/applications/QLabsVRPNServer) by extension 'ros'
[2.736s] Level 1:colcon.colcon_core.package_identification:_identify(docker/development_docker/quanser_dev_docker_files/0_libraries/resources/applications/QLabsVRPNServer) by extensions ['cmake', 'python']
[2.736s] Level 1:colcon.colcon_core.package_identification:_identify(docker/development_docker/quanser_dev_docker_files/0_libraries/resources/applications/QLabsVRPNServer) by extension 'cmake'
[2.736s] Level 1:colcon.colcon_core.package_identification:_identify(docker/development_docker/quanser_dev_docker_files/0_libraries/resources/applications/QLabsVRPNServer) by extension 'python'
[2.736s] Level 1:colcon.colcon_core.package_identification:_identify(docker/development_docker/quanser_dev_docker_files/0_libraries/resources/applications/QLabsVRPNServer) by extensions ['python_setup_py']
[2.736s] Level 1:colcon.colcon_core.package_identification:_identify(docker/development_docker/quanser_dev_docker_files/0_libraries/resources/applications/QLabsVRPNServer) by extension 'python_setup_py'
[2.736s] Level 1:colcon.colcon_core.package_identification:_identify(docker/development_docker/quanser_dev_docker_files/0_libraries/resources/applications/QLabsVRPNServer/src) by extensions ['ignore', 'ignore_ament_install']
[2.736s] Level 1:colcon.colcon_core.package_identification:_identify(docker/development_docker/quanser_dev_docker_files/0_libraries/resources/applications/QLabsVRPNServer/src) by extension 'ignore'
[2.737s] Level 1:colcon.colcon_core.package_identification:_identify(docker/development_docker/quanser_dev_docker_files/0_libraries/resources/applications/QLabsVRPNServer/src) by extension 'ignore_ament_install'
[2.737s] Level 1:colcon.colcon_core.package_identification:_identify(docker/development_docker/quanser_dev_docker_files/0_libraries/resources/applications/QLabsVRPNServer/src) by extensions ['colcon_pkg']
[2.737s] Level 1:colcon.colcon_core.package_identification:_identify(docker/development_docker/quanser_dev_docker_files/0_libraries/resources/applications/QLabsVRPNServer/src) by extension 'colcon_pkg'
[2.737s] Level 1:colcon.colcon_core.package_identification:_identify(docker/development_docker/quanser_dev_docker_files/0_libraries/resources/applications/QLabsVRPNServer/src) by extensions ['colcon_meta']
[2.737s] Level 1:colcon.colcon_core.package_identification:_identify(docker/development_docker/quanser_dev_docker_files/0_libraries/resources/applications/QLabsVRPNServer/src) by extension 'colcon_meta'
[2.737s] Level 1:colcon.colcon_core.package_identification:_identify(docker/development_docker/quanser_dev_docker_files/0_libraries/resources/applications/QLabsVRPNServer/src) by extensions ['ros']
[2.737s] Level 1:colcon.colcon_core.package_identification:_identify(docker/development_docker/quanser_dev_docker_files/0_libraries/resources/applications/QLabsVRPNServer/src) by extension 'ros'
[2.737s] Level 1:colcon.colcon_core.package_identification:_identify(docker/development_docker/quanser_dev_docker_files/0_libraries/resources/applications/QLabsVRPNServer/src) by extensions ['cmake', 'python']
[2.737s] Level 1:colcon.colcon_core.package_identification:_identify(docker/development_docker/quanser_dev_docker_files/0_libraries/resources/applications/QLabsVRPNServer/src) by extension 'cmake'
[2.737s] Level 1:colcon.colcon_core.package_identification:_identify(docker/development_docker/quanser_dev_docker_files/0_libraries/resources/applications/QLabsVRPNServer/src) by extension 'python'
[2.737s] Level 1:colcon.colcon_core.package_identification:_identify(docker/development_docker/quanser_dev_docker_files/0_libraries/resources/applications/QLabsVRPNServer/src) by extensions ['python_setup_py']
[2.737s] Level 1:colcon.colcon_core.package_identification:_identify(docker/development_docker/quanser_dev_docker_files/0_libraries/resources/applications/QLabsVRPNServer/src) by extension 'python_setup_py'
[2.737s] Level 1:colcon.colcon_core.package_identification:_identify(docker/development_docker/quanser_dev_docker_files/0_libraries/resources/images) by extensions ['ignore', 'ignore_ament_install']
[2.737s] Level 1:colcon.colcon_core.package_identification:_identify(docker/development_docker/quanser_dev_docker_files/0_libraries/resources/images) by extension 'ignore'
[2.737s] Level 1:colcon.colcon_core.package_identification:_identify(docker/development_docker/quanser_dev_docker_files/0_libraries/resources/images) by extension 'ignore_ament_install'
[2.737s] Level 1:colcon.colcon_core.package_identification:_identify(docker/development_docker/quanser_dev_docker_files/0_libraries/resources/images) by extensions ['colcon_pkg']
[2.737s] Level 1:colcon.colcon_core.package_identification:_identify(docker/development_docker/quanser_dev_docker_files/0_libraries/resources/images) by extension 'colcon_pkg'
[2.737s] Level 1:colcon.colcon_core.package_identification:_identify(docker/development_docker/quanser_dev_docker_files/0_libraries/resources/images) by extensions ['colcon_meta']
[2.737s] Level 1:colcon.colcon_core.package_identification:_identify(docker/development_docker/quanser_dev_docker_files/0_libraries/resources/images) by extension 'colcon_meta'
[2.737s] Level 1:colcon.colcon_core.package_identification:_identify(docker/development_docker/quanser_dev_docker_files/0_libraries/resources/images) by extensions ['ros']
[2.737s] Level 1:colcon.colcon_core.package_identification:_identify(docker/development_docker/quanser_dev_docker_files/0_libraries/resources/images) by extension 'ros'
[2.737s] Level 1:colcon.colcon_core.package_identification:_identify(docker/development_docker/quanser_dev_docker_files/0_libraries/resources/images) by extensions ['cmake', 'python']
[2.737s] Level 1:colcon.colcon_core.package_identification:_identify(docker/development_docker/quanser_dev_docker_files/0_libraries/resources/images) by extension 'cmake'
[2.737s] Level 1:colcon.colcon_core.package_identification:_identify(docker/development_docker/quanser_dev_docker_files/0_libraries/resources/images) by extension 'python'
[2.737s] Level 1:colcon.colcon_core.package_identification:_identify(docker/development_docker/quanser_dev_docker_files/0_libraries/resources/images) by extensions ['python_setup_py']
[2.737s] Level 1:colcon.colcon_core.package_identification:_identify(docker/development_docker/quanser_dev_docker_files/0_libraries/resources/images) by extension 'python_setup_py'
[2.737s] Level 1:colcon.colcon_core.package_identification:_identify(docker/development_docker/quanser_dev_docker_files/0_libraries/resources/pretrained_models) by extensions ['ignore', 'ignore_ament_install']
[2.737s] Level 1:colcon.colcon_core.package_identification:_identify(docker/development_docker/quanser_dev_docker_files/0_libraries/resources/pretrained_models) by extension 'ignore'
[2.737s] Level 1:colcon.colcon_core.package_identification:_identify(docker/development_docker/quanser_dev_docker_files/0_libraries/resources/pretrained_models) by extension 'ignore_ament_install'
[2.737s] Level 1:colcon.colcon_core.package_identification:_identify(docker/development_docker/quanser_dev_docker_files/0_libraries/resources/pretrained_models) by extensions ['colcon_pkg']
[2.737s] Level 1:colcon.colcon_core.package_identification:_identify(docker/development_docker/quanser_dev_docker_files/0_libraries/resources/pretrained_models) by extension 'colcon_pkg'
[2.738s] Level 1:colcon.colcon_core.package_identification:_identify(docker/development_docker/quanser_dev_docker_files/0_libraries/resources/pretrained_models) by extensions ['colcon_meta']
[2.738s] Level 1:colcon.colcon_core.package_identification:_identify(docker/development_docker/quanser_dev_docker_files/0_libraries/resources/pretrained_models) by extension 'colcon_meta'
[2.738s] Level 1:colcon.colcon_core.package_identification:_identify(docker/development_docker/quanser_dev_docker_files/0_libraries/resources/pretrained_models) by extensions ['ros']
[2.738s] Level 1:colcon.colcon_core.package_identification:_identify(docker/development_docker/quanser_dev_docker_files/0_libraries/resources/pretrained_models) by extension 'ros'
[2.738s] Level 1:colcon.colcon_core.package_identification:_identify(docker/development_docker/quanser_dev_docker_files/0_libraries/resources/pretrained_models) by extensions ['cmake', 'python']
[2.738s] Level 1:colcon.colcon_core.package_identification:_identify(docker/development_docker/quanser_dev_docker_files/0_libraries/resources/pretrained_models) by extension 'cmake'
[2.738s] Level 1:colcon.colcon_core.package_identification:_identify(docker/development_docker/quanser_dev_docker_files/0_libraries/resources/pretrained_models) by extension 'python'
[2.738s] Level 1:colcon.colcon_core.package_identification:_identify(docker/development_docker/quanser_dev_docker_files/0_libraries/resources/pretrained_models) by extensions ['python_setup_py']
[2.738s] Level 1:colcon.colcon_core.package_identification:_identify(docker/development_docker/quanser_dev_docker_files/0_libraries/resources/pretrained_models) by extension 'python_setup_py'
[2.738s] Level 1:colcon.colcon_core.package_identification:_identify(docker/development_docker/quanser_dev_docker_files/0_libraries/resources/rt_models) by extensions ['ignore', 'ignore_ament_install']
[2.738s] Level 1:colcon.colcon_core.package_identification:_identify(docker/development_docker/quanser_dev_docker_files/0_libraries/resources/rt_models) by extension 'ignore'
[2.738s] Level 1:colcon.colcon_core.package_identification:_identify(docker/development_docker/quanser_dev_docker_files/0_libraries/resources/rt_models) by extension 'ignore_ament_install'
[2.738s] Level 1:colcon.colcon_core.package_identification:_identify(docker/development_docker/quanser_dev_docker_files/0_libraries/resources/rt_models) by extensions ['colcon_pkg']
[2.738s] Level 1:colcon.colcon_core.package_identification:_identify(docker/development_docker/quanser_dev_docker_files/0_libraries/resources/rt_models) by extension 'colcon_pkg'
[2.738s] Level 1:colcon.colcon_core.package_identification:_identify(docker/development_docker/quanser_dev_docker_files/0_libraries/resources/rt_models) by extensions ['colcon_meta']
[2.738s] Level 1:colcon.colcon_core.package_identification:_identify(docker/development_docker/quanser_dev_docker_files/0_libraries/resources/rt_models) by extension 'colcon_meta'
[2.738s] Level 1:colcon.colcon_core.package_identification:_identify(docker/development_docker/quanser_dev_docker_files/0_libraries/resources/rt_models) by extensions ['ros']
[2.738s] Level 1:colcon.colcon_core.package_identification:_identify(docker/development_docker/quanser_dev_docker_files/0_libraries/resources/rt_models) by extension 'ros'
[2.738s] Level 1:colcon.colcon_core.package_identification:_identify(docker/development_docker/quanser_dev_docker_files/0_libraries/resources/rt_models) by extensions ['cmake', 'python']
[2.738s] Level 1:colcon.colcon_core.package_identification:_identify(docker/development_docker/quanser_dev_docker_files/0_libraries/resources/rt_models) by extension 'cmake'
[2.738s] Level 1:colcon.colcon_core.package_identification:_identify(docker/development_docker/quanser_dev_docker_files/0_libraries/resources/rt_models) by extension 'python'
[2.738s] Level 1:colcon.colcon_core.package_identification:_identify(docker/development_docker/quanser_dev_docker_files/0_libraries/resources/rt_models) by extensions ['python_setup_py']
[2.738s] Level 1:colcon.colcon_core.package_identification:_identify(docker/development_docker/quanser_dev_docker_files/0_libraries/resources/rt_models) by extension 'python_setup_py'
[2.738s] Level 1:colcon.colcon_core.package_identification:_identify(docker/development_docker/quanser_dev_docker_files/0_libraries/resources/rt_models/QArm) by extensions ['ignore', 'ignore_ament_install']
[2.738s] Level 1:colcon.colcon_core.package_identification:_identify(docker/development_docker/quanser_dev_docker_files/0_libraries/resources/rt_models/QArm) by extension 'ignore'
[2.738s] Level 1:colcon.colcon_core.package_identification:_identify(docker/development_docker/quanser_dev_docker_files/0_libraries/resources/rt_models/QArm) by extension 'ignore_ament_install'
[2.738s] Level 1:colcon.colcon_core.package_identification:_identify(docker/development_docker/quanser_dev_docker_files/0_libraries/resources/rt_models/QArm) by extensions ['colcon_pkg']
[2.738s] Level 1:colcon.colcon_core.package_identification:_identify(docker/development_docker/quanser_dev_docker_files/0_libraries/resources/rt_models/QArm) by extension 'colcon_pkg'
[2.738s] Level 1:colcon.colcon_core.package_identification:_identify(docker/development_docker/quanser_dev_docker_files/0_libraries/resources/rt_models/QArm) by extensions ['colcon_meta']
[2.738s] Level 1:colcon.colcon_core.package_identification:_identify(docker/development_docker/quanser_dev_docker_files/0_libraries/resources/rt_models/QArm) by extension 'colcon_meta'
[2.739s] Level 1:colcon.colcon_core.package_identification:_identify(docker/development_docker/quanser_dev_docker_files/0_libraries/resources/rt_models/QArm) by extensions ['ros']
[2.739s] Level 1:colcon.colcon_core.package_identification:_identify(docker/development_docker/quanser_dev_docker_files/0_libraries/resources/rt_models/QArm) by extension 'ros'
[2.739s] Level 1:colcon.colcon_core.package_identification:_identify(docker/development_docker/quanser_dev_docker_files/0_libraries/resources/rt_models/QArm) by extensions ['cmake', 'python']
[2.739s] Level 1:colcon.colcon_core.package_identification:_identify(docker/development_docker/quanser_dev_docker_files/0_libraries/resources/rt_models/QArm) by extension 'cmake'
[2.739s] Level 1:colcon.colcon_core.package_identification:_identify(docker/development_docker/quanser_dev_docker_files/0_libraries/resources/rt_models/QArm) by extension 'python'
[2.739s] Level 1:colcon.colcon_core.package_identification:_identify(docker/development_docker/quanser_dev_docker_files/0_libraries/resources/rt_models/QArm) by extensions ['python_setup_py']
[2.739s] Level 1:colcon.colcon_core.package_identification:_identify(docker/development_docker/quanser_dev_docker_files/0_libraries/resources/rt_models/QArm) by extension 'python_setup_py'
[2.739s] Level 1:colcon.colcon_core.package_identification:_identify(docker/development_docker/quanser_dev_docker_files/0_libraries/resources/rt_models/QBotPlatform) by extensions ['ignore', 'ignore_ament_install']
[2.739s] Level 1:colcon.colcon_core.package_identification:_identify(docker/development_docker/quanser_dev_docker_files/0_libraries/resources/rt_models/QBotPlatform) by extension 'ignore'
[2.739s] Level 1:colcon.colcon_core.package_identification:_identify(docker/development_docker/quanser_dev_docker_files/0_libraries/resources/rt_models/QBotPlatform) by extension 'ignore_ament_install'
[2.739s] Level 1:colcon.colcon_core.package_identification:_identify(docker/development_docker/quanser_dev_docker_files/0_libraries/resources/rt_models/QBotPlatform) by extensions ['colcon_pkg']
[2.739s] Level 1:colcon.colcon_core.package_identification:_identify(docker/development_docker/quanser_dev_docker_files/0_libraries/resources/rt_models/QBotPlatform) by extension 'colcon_pkg'
[2.739s] Level 1:colcon.colcon_core.package_identification:_identify(docker/development_docker/quanser_dev_docker_files/0_libraries/resources/rt_models/QBotPlatform) by extensions ['colcon_meta']
[2.739s] Level 1:colcon.colcon_core.package_identification:_identify(docker/development_docker/quanser_dev_docker_files/0_libraries/resources/rt_models/QBotPlatform) by extension 'colcon_meta'
[2.739s] Level 1:colcon.colcon_core.package_identification:_identify(docker/development_docker/quanser_dev_docker_files/0_libraries/resources/rt_models/QBotPlatform) by extensions ['ros']
[2.739s] Level 1:colcon.colcon_core.package_identification:_identify(docker/development_docker/quanser_dev_docker_files/0_libraries/resources/rt_models/QBotPlatform) by extension 'ros'
[2.739s] Level 1:colcon.colcon_core.package_identification:_identify(docker/development_docker/quanser_dev_docker_files/0_libraries/resources/rt_models/QBotPlatform) by extensions ['cmake', 'python']
[2.739s] Level 1:colcon.colcon_core.package_identification:_identify(docker/development_docker/quanser_dev_docker_files/0_libraries/resources/rt_models/QBotPlatform) by extension 'cmake'
[2.739s] Level 1:colcon.colcon_core.package_identification:_identify(docker/development_docker/quanser_dev_docker_files/0_libraries/resources/rt_models/QBotPlatform) by extension 'python'
[2.739s] Level 1:colcon.colcon_core.package_identification:_identify(docker/development_docker/quanser_dev_docker_files/0_libraries/resources/rt_models/QBotPlatform) by extensions ['python_setup_py']
[2.739s] Level 1:colcon.colcon_core.package_identification:_identify(docker/development_docker/quanser_dev_docker_files/0_libraries/resources/rt_models/QBotPlatform) by extension 'python_setup_py'
[2.739s] Level 1:colcon.colcon_core.package_identification:_identify(docker/development_docker/quanser_dev_docker_files/0_libraries/resources/rt_models/QCar) by extensions ['ignore', 'ignore_ament_install']
[2.739s] Level 1:colcon.colcon_core.package_identification:_identify(docker/development_docker/quanser_dev_docker_files/0_libraries/resources/rt_models/QCar) by extension 'ignore'
[2.739s] Level 1:colcon.colcon_core.package_identification:_identify(docker/development_docker/quanser_dev_docker_files/0_libraries/resources/rt_models/QCar) by extension 'ignore_ament_install'
[2.739s] Level 1:colcon.colcon_core.package_identification:_identify(docker/development_docker/quanser_dev_docker_files/0_libraries/resources/rt_models/QCar) by extensions ['colcon_pkg']
[2.739s] Level 1:colcon.colcon_core.package_identification:_identify(docker/development_docker/quanser_dev_docker_files/0_libraries/resources/rt_models/QCar) by extension 'colcon_pkg'
[2.739s] Level 1:colcon.colcon_core.package_identification:_identify(docker/development_docker/quanser_dev_docker_files/0_libraries/resources/rt_models/QCar) by extensions ['colcon_meta']
[2.739s] Level 1:colcon.colcon_core.package_identification:_identify(docker/development_docker/quanser_dev_docker_files/0_libraries/resources/rt_models/QCar) by extension 'colcon_meta'
[2.739s] Level 1:colcon.colcon_core.package_identification:_identify(docker/development_docker/quanser_dev_docker_files/0_libraries/resources/rt_models/QCar) by extensions ['ros']
[2.739s] Level 1:colcon.colcon_core.package_identification:_identify(docker/development_docker/quanser_dev_docker_files/0_libraries/resources/rt_models/QCar) by extension 'ros'
[2.739s] Level 1:colcon.colcon_core.package_identification:_identify(docker/development_docker/quanser_dev_docker_files/0_libraries/resources/rt_models/QCar) by extensions ['cmake', 'python']
[2.740s] Level 1:colcon.colcon_core.package_identification:_identify(docker/development_docker/quanser_dev_docker_files/0_libraries/resources/rt_models/QCar) by extension 'cmake'
[2.740s] Level 1:colcon.colcon_core.package_identification:_identify(docker/development_docker/quanser_dev_docker_files/0_libraries/resources/rt_models/QCar) by extension 'python'
[2.740s] Level 1:colcon.colcon_core.package_identification:_identify(docker/development_docker/quanser_dev_docker_files/0_libraries/resources/rt_models/QCar) by extensions ['python_setup_py']
[2.740s] Level 1:colcon.colcon_core.package_identification:_identify(docker/development_docker/quanser_dev_docker_files/0_libraries/resources/rt_models/QCar) by extension 'python_setup_py'
[2.740s] Level 1:colcon.colcon_core.package_identification:_identify(docker/development_docker/quanser_dev_docker_files/0_libraries/resources/rt_models/QCar2) by extensions ['ignore', 'ignore_ament_install']
[2.740s] Level 1:colcon.colcon_core.package_identification:_identify(docker/development_docker/quanser_dev_docker_files/0_libraries/resources/rt_models/QCar2) by extension 'ignore'
[2.740s] Level 1:colcon.colcon_core.package_identification:_identify(docker/development_docker/quanser_dev_docker_files/0_libraries/resources/rt_models/QCar2) by extension 'ignore_ament_install'
[2.740s] Level 1:colcon.colcon_core.package_identification:_identify(docker/development_docker/quanser_dev_docker_files/0_libraries/resources/rt_models/QCar2) by extensions ['colcon_pkg']
[2.740s] Level 1:colcon.colcon_core.package_identification:_identify(docker/development_docker/quanser_dev_docker_files/0_libraries/resources/rt_models/QCar2) by extension 'colcon_pkg'
[2.740s] Level 1:colcon.colcon_core.package_identification:_identify(docker/development_docker/quanser_dev_docker_files/0_libraries/resources/rt_models/QCar2) by extensions ['colcon_meta']
[2.740s] Level 1:colcon.colcon_core.package_identification:_identify(docker/development_docker/quanser_dev_docker_files/0_libraries/resources/rt_models/QCar2) by extension 'colcon_meta'
[2.740s] Level 1:colcon.colcon_core.package_identification:_identify(docker/development_docker/quanser_dev_docker_files/0_libraries/resources/rt_models/QCar2) by extensions ['ros']
[2.740s] Level 1:colcon.colcon_core.package_identification:_identify(docker/development_docker/quanser_dev_docker_files/0_libraries/resources/rt_models/QCar2) by extension 'ros'
[2.740s] Level 1:colcon.colcon_core.package_identification:_identify(docker/development_docker/quanser_dev_docker_files/0_libraries/resources/rt_models/QCar2) by extensions ['cmake', 'python']
[2.740s] Level 1:colcon.colcon_core.package_identification:_identify(docker/development_docker/quanser_dev_docker_files/0_libraries/resources/rt_models/QCar2) by extension 'cmake'
[2.740s] Level 1:colcon.colcon_core.package_identification:_identify(docker/development_docker/quanser_dev_docker_files/0_libraries/resources/rt_models/QCar2) by extension 'python'
[2.740s] Level 1:colcon.colcon_core.package_identification:_identify(docker/development_docker/quanser_dev_docker_files/0_libraries/resources/rt_models/QCar2) by extensions ['python_setup_py']
[2.740s] Level 1:colcon.colcon_core.package_identification:_identify(docker/development_docker/quanser_dev_docker_files/0_libraries/resources/rt_models/QCar2) by extension 'python_setup_py'
[2.740s] Level 1:colcon.colcon_core.package_identification:_identify(docker/development_docker/quanser_dev_docker_files/0_libraries/resources/rt_models/QDrone2) by extensions ['ignore', 'ignore_ament_install']
[2.740s] Level 1:colcon.colcon_core.package_identification:_identify(docker/development_docker/quanser_dev_docker_files/0_libraries/resources/rt_models/QDrone2) by extension 'ignore'
[2.740s] Level 1:colcon.colcon_core.package_identification:_identify(docker/development_docker/quanser_dev_docker_files/0_libraries/resources/rt_models/QDrone2) by extension 'ignore_ament_install'
[2.740s] Level 1:colcon.colcon_core.package_identification:_identify(docker/development_docker/quanser_dev_docker_files/0_libraries/resources/rt_models/QDrone2) by extensions ['colcon_pkg']
[2.740s] Level 1:colcon.colcon_core.package_identification:_identify(docker/development_docker/quanser_dev_docker_files/0_libraries/resources/rt_models/QDrone2) by extension 'colcon_pkg'
[2.740s] Level 1:colcon.colcon_core.package_identification:_identify(docker/development_docker/quanser_dev_docker_files/0_libraries/resources/rt_models/QDrone2) by extensions ['colcon_meta']
[2.740s] Level 1:colcon.colcon_core.package_identification:_identify(docker/development_docker/quanser_dev_docker_files/0_libraries/resources/rt_models/QDrone2) by extension 'colcon_meta'
[2.740s] Level 1:colcon.colcon_core.package_identification:_identify(docker/development_docker/quanser_dev_docker_files/0_libraries/resources/rt_models/QDrone2) by extensions ['ros']
[2.740s] Level 1:colcon.colcon_core.package_identification:_identify(docker/development_docker/quanser_dev_docker_files/0_libraries/resources/rt_models/QDrone2) by extension 'ros'
[2.740s] Level 1:colcon.colcon_core.package_identification:_identify(docker/development_docker/quanser_dev_docker_files/0_libraries/resources/rt_models/QDrone2) by extensions ['cmake', 'python']
[2.740s] Level 1:colcon.colcon_core.package_identification:_identify(docker/development_docker/quanser_dev_docker_files/0_libraries/resources/rt_models/QDrone2) by extension 'cmake'
[2.740s] Level 1:colcon.colcon_core.package_identification:_identify(docker/development_docker/quanser_dev_docker_files/0_libraries/resources/rt_models/QDrone2) by extension 'python'
[2.740s] Level 1:colcon.colcon_core.package_identification:_identify(docker/development_docker/quanser_dev_docker_files/0_libraries/resources/rt_models/QDrone2) by extensions ['python_setup_py']
[2.741s] Level 1:colcon.colcon_core.package_identification:_identify(docker/development_docker/quanser_dev_docker_files/0_libraries/resources/rt_models/QDrone2) by extension 'python_setup_py'
[2.741s] Level 1:colcon.colcon_core.package_identification:_identify(docker/development_docker/quanser_dev_docker_files/debian) by extensions ['ignore', 'ignore_ament_install']
[2.741s] Level 1:colcon.colcon_core.package_identification:_identify(docker/development_docker/quanser_dev_docker_files/debian) by extension 'ignore'
[2.741s] Level 1:colcon.colcon_core.package_identification:_identify(docker/development_docker/quanser_dev_docker_files/debian) by extension 'ignore_ament_install'
[2.741s] Level 1:colcon.colcon_core.package_identification:_identify(docker/development_docker/quanser_dev_docker_files/debian) by extensions ['colcon_pkg']
[2.741s] Level 1:colcon.colcon_core.package_identification:_identify(docker/development_docker/quanser_dev_docker_files/debian) by extension 'colcon_pkg'
[2.741s] Level 1:colcon.colcon_core.package_identification:_identify(docker/development_docker/quanser_dev_docker_files/debian) by extensions ['colcon_meta']
[2.741s] Level 1:colcon.colcon_core.package_identification:_identify(docker/development_docker/quanser_dev_docker_files/debian) by extension 'colcon_meta'
[2.741s] Level 1:colcon.colcon_core.package_identification:_identify(docker/development_docker/quanser_dev_docker_files/debian) by extensions ['ros']
[2.741s] Level 1:colcon.colcon_core.package_identification:_identify(docker/development_docker/quanser_dev_docker_files/debian) by extension 'ros'
[2.741s] Level 1:colcon.colcon_core.package_identification:_identify(docker/development_docker/quanser_dev_docker_files/debian) by extensions ['cmake', 'python']
[2.741s] Level 1:colcon.colcon_core.package_identification:_identify(docker/development_docker/quanser_dev_docker_files/debian) by extension 'cmake'
[2.741s] Level 1:colcon.colcon_core.package_identification:_identify(docker/development_docker/quanser_dev_docker_files/debian) by extension 'python'
[2.741s] Level 1:colcon.colcon_core.package_identification:_identify(docker/development_docker/quanser_dev_docker_files/debian) by extensions ['python_setup_py']
[2.741s] Level 1:colcon.colcon_core.package_identification:_identify(docker/development_docker/quanser_dev_docker_files/debian) by extension 'python_setup_py'
[2.741s] Level 1:colcon.colcon_core.package_identification:_identify(docker/development_docker/quanser_dev_docker_files/miscs) by extensions ['ignore', 'ignore_ament_install']
[2.741s] Level 1:colcon.colcon_core.package_identification:_identify(docker/development_docker/quanser_dev_docker_files/miscs) by extension 'ignore'
[2.741s] Level 1:colcon.colcon_core.package_identification:_identify(docker/development_docker/quanser_dev_docker_files/miscs) by extension 'ignore_ament_install'
[2.741s] Level 1:colcon.colcon_core.package_identification:_identify(docker/development_docker/quanser_dev_docker_files/miscs) by extensions ['colcon_pkg']
[2.741s] Level 1:colcon.colcon_core.package_identification:_identify(docker/development_docker/quanser_dev_docker_files/miscs) by extension 'colcon_pkg'
[2.741s] Level 1:colcon.colcon_core.package_identification:_identify(docker/development_docker/quanser_dev_docker_files/miscs) by extensions ['colcon_meta']
[2.741s] Level 1:colcon.colcon_core.package_identification:_identify(docker/development_docker/quanser_dev_docker_files/miscs) by extension 'colcon_meta'
[2.741s] Level 1:colcon.colcon_core.package_identification:_identify(docker/development_docker/quanser_dev_docker_files/miscs) by extensions ['ros']
[2.741s] Level 1:colcon.colcon_core.package_identification:_identify(docker/development_docker/quanser_dev_docker_files/miscs) by extension 'ros'
[2.741s] Level 1:colcon.colcon_core.package_identification:_identify(docker/development_docker/quanser_dev_docker_files/miscs) by extensions ['cmake', 'python']
[2.741s] Level 1:colcon.colcon_core.package_identification:_identify(docker/development_docker/quanser_dev_docker_files/miscs) by extension 'cmake'
[2.741s] Level 1:colcon.colcon_core.package_identification:_identify(docker/development_docker/quanser_dev_docker_files/miscs) by extension 'python'
[2.741s] Level 1:colcon.colcon_core.package_identification:_identify(docker/development_docker/quanser_dev_docker_files/miscs) by extensions ['python_setup_py']
[2.741s] Level 1:colcon.colcon_core.package_identification:_identify(docker/development_docker/quanser_dev_docker_files/miscs) by extension 'python_setup_py'
[2.741s] Level 1:colcon.colcon_core.package_identification:_identify(docker/development_docker/scripts) by extensions ['ignore', 'ignore_ament_install']
[2.742s] Level 1:colcon.colcon_core.package_identification:_identify(docker/development_docker/scripts) by extension 'ignore'
[2.742s] Level 1:colcon.colcon_core.package_identification:_identify(docker/development_docker/scripts) by extension 'ignore_ament_install'
[2.742s] Level 1:colcon.colcon_core.package_identification:_identify(docker/development_docker/scripts) by extensions ['colcon_pkg']
[2.742s] Level 1:colcon.colcon_core.package_identification:_identify(docker/development_docker/scripts) by extension 'colcon_pkg'
[2.742s] Level 1:colcon.colcon_core.package_identification:_identify(docker/development_docker/scripts) by extensions ['colcon_meta']
[2.742s] Level 1:colcon.colcon_core.package_identification:_identify(docker/development_docker/scripts) by extension 'colcon_meta'
[2.742s] Level 1:colcon.colcon_core.package_identification:_identify(docker/development_docker/scripts) by extensions ['ros']
[2.742s] Level 1:colcon.colcon_core.package_identification:_identify(docker/development_docker/scripts) by extension 'ros'
[2.742s] Level 1:colcon.colcon_core.package_identification:_identify(docker/development_docker/scripts) by extensions ['cmake', 'python']
[2.742s] Level 1:colcon.colcon_core.package_identification:_identify(docker/development_docker/scripts) by extension 'cmake'
[2.742s] Level 1:colcon.colcon_core.package_identification:_identify(docker/development_docker/scripts) by extension 'python'
[2.742s] Level 1:colcon.colcon_core.package_identification:_identify(docker/development_docker/scripts) by extensions ['python_setup_py']
[2.742s] Level 1:colcon.colcon_core.package_identification:_identify(docker/development_docker/scripts) by extension 'python_setup_py'
[2.742s] Level 1:colcon.colcon_core.package_identification:_identify(docker/quanser_docker) by extensions ['ignore', 'ignore_ament_install']
[2.742s] Level 1:colcon.colcon_core.package_identification:_identify(docker/quanser_docker) by extension 'ignore'
[2.742s] Level 1:colcon.colcon_core.package_identification:_identify(docker/quanser_docker) by extension 'ignore_ament_install'
[2.742s] Level 1:colcon.colcon_core.package_identification:_identify(docker/quanser_docker) by extensions ['colcon_pkg']
[2.742s] Level 1:colcon.colcon_core.package_identification:_identify(docker/quanser_docker) by extension 'colcon_pkg'
[2.742s] Level 1:colcon.colcon_core.package_identification:_identify(docker/quanser_docker) by extensions ['colcon_meta']
[2.742s] Level 1:colcon.colcon_core.package_identification:_identify(docker/quanser_docker) by extension 'colcon_meta'
[2.742s] Level 1:colcon.colcon_core.package_identification:_identify(docker/quanser_docker) by extensions ['ros']
[2.742s] Level 1:colcon.colcon_core.package_identification:_identify(docker/quanser_docker) by extension 'ros'
[2.742s] Level 1:colcon.colcon_core.package_identification:_identify(docker/quanser_docker) by extensions ['cmake', 'python']
[2.742s] Level 1:colcon.colcon_core.package_identification:_identify(docker/quanser_docker) by extension 'cmake'
[2.742s] Level 1:colcon.colcon_core.package_identification:_identify(docker/quanser_docker) by extension 'python'
[2.742s] Level 1:colcon.colcon_core.package_identification:_identify(docker/quanser_docker) by extensions ['python_setup_py']
[2.742s] Level 1:colcon.colcon_core.package_identification:_identify(docker/quanser_docker) by extension 'python_setup_py'
[2.742s] Level 1:colcon.colcon_core.package_identification:_identify(docker/quanser_docker/misc) by extensions ['ignore', 'ignore_ament_install']
[2.742s] Level 1:colcon.colcon_core.package_identification:_identify(docker/quanser_docker/misc) by extension 'ignore'
[2.743s] Level 1:colcon.colcon_core.package_identification:_identify(docker/quanser_docker/misc) by extension 'ignore_ament_install'
[2.743s] Level 1:colcon.colcon_core.package_identification:_identify(docker/quanser_docker/misc) by extensions ['colcon_pkg']
[2.743s] Level 1:colcon.colcon_core.package_identification:_identify(docker/quanser_docker/misc) by extension 'colcon_pkg'
[2.743s] Level 1:colcon.colcon_core.package_identification:_identify(docker/quanser_docker/misc) by extensions ['colcon_meta']
[2.743s] Level 1:colcon.colcon_core.package_identification:_identify(docker/quanser_docker/misc) by extension 'colcon_meta'
[2.743s] Level 1:colcon.colcon_core.package_identification:_identify(docker/quanser_docker/misc) by extensions ['ros']
[2.743s] Level 1:colcon.colcon_core.package_identification:_identify(docker/quanser_docker/misc) by extension 'ros'
[2.743s] Level 1:colcon.colcon_core.package_identification:_identify(docker/quanser_docker/misc) by extensions ['cmake', 'python']
[2.743s] Level 1:colcon.colcon_core.package_identification:_identify(docker/quanser_docker/misc) by extension 'cmake'
[2.743s] Level 1:colcon.colcon_core.package_identification:_identify(docker/quanser_docker/misc) by extension 'python'
[2.743s] Level 1:colcon.colcon_core.package_identification:_identify(docker/quanser_docker/misc) by extensions ['python_setup_py']
[2.743s] Level 1:colcon.colcon_core.package_identification:_identify(docker/quanser_docker/misc) by extension 'python_setup_py'
[2.743s] Level 1:colcon.colcon_core.package_identification:_identify(docker/quanser_docker/python) by extensions ['ignore', 'ignore_ament_install']
[2.743s] Level 1:colcon.colcon_core.package_identification:_identify(docker/quanser_docker/python) by extension 'ignore'
[2.743s] Level 1:colcon.colcon_core.package_identification:_identify(docker/quanser_docker/python) by extension 'ignore_ament_install'
[2.743s] Level 1:colcon.colcon_core.package_identification:_identify(docker/quanser_docker/python) by extensions ['colcon_pkg']
[2.743s] Level 1:colcon.colcon_core.package_identification:_identify(docker/quanser_docker/python) by extension 'colcon_pkg'
[2.743s] Level 1:colcon.colcon_core.package_identification:_identify(docker/quanser_docker/python) by extensions ['colcon_meta']
[2.743s] Level 1:colcon.colcon_core.package_identification:_identify(docker/quanser_docker/python) by extension 'colcon_meta'
[2.743s] Level 1:colcon.colcon_core.package_identification:_identify(docker/quanser_docker/python) by extensions ['ros']
[2.743s] Level 1:colcon.colcon_core.package_identification:_identify(docker/quanser_docker/python) by extension 'ros'
[2.743s] Level 1:colcon.colcon_core.package_identification:_identify(docker/quanser_docker/python) by extensions ['cmake', 'python']
[2.743s] Level 1:colcon.colcon_core.package_identification:_identify(docker/quanser_docker/python) by extension 'cmake'
[2.743s] Level 1:colcon.colcon_core.package_identification:_identify(docker/quanser_docker/python) by extension 'python'
[2.743s] Level 1:colcon.colcon_core.package_identification:_identify(docker/quanser_docker/python) by extensions ['python_setup_py']
[2.743s] Level 1:colcon.colcon_core.package_identification:_identify(docker/quanser_docker/python) by extension 'python_setup_py'
[2.743s] Level 1:colcon.colcon_core.package_identification:_identify(docker/quanser_docker/python/Base_Scenarios_Python) by extensions ['ignore', 'ignore_ament_install']
[2.743s] Level 1:colcon.colcon_core.package_identification:_identify(docker/quanser_docker/python/Base_Scenarios_Python) by extension 'ignore'
[2.743s] Level 1:colcon.colcon_core.package_identification:_identify(docker/quanser_docker/python/Base_Scenarios_Python) by extension 'ignore_ament_install'
[2.743s] Level 1:colcon.colcon_core.package_identification:_identify(docker/quanser_docker/python/Base_Scenarios_Python) by extensions ['colcon_pkg']
[2.743s] Level 1:colcon.colcon_core.package_identification:_identify(docker/quanser_docker/python/Base_Scenarios_Python) by extension 'colcon_pkg'
[2.743s] Level 1:colcon.colcon_core.package_identification:_identify(docker/quanser_docker/python/Base_Scenarios_Python) by extensions ['colcon_meta']
[2.744s] Level 1:colcon.colcon_core.package_identification:_identify(docker/quanser_docker/python/Base_Scenarios_Python) by extension 'colcon_meta'
[2.744s] Level 1:colcon.colcon_core.package_identification:_identify(docker/quanser_docker/python/Base_Scenarios_Python) by extensions ['ros']
[2.744s] Level 1:colcon.colcon_core.package_identification:_identify(docker/quanser_docker/python/Base_Scenarios_Python) by extension 'ros'
[2.744s] Level 1:colcon.colcon_core.package_identification:_identify(docker/quanser_docker/python/Base_Scenarios_Python) by extensions ['cmake', 'python']
[2.744s] Level 1:colcon.colcon_core.package_identification:_identify(docker/quanser_docker/python/Base_Scenarios_Python) by extension 'cmake'
[2.744s] Level 1:colcon.colcon_core.package_identification:_identify(docker/quanser_docker/python/Base_Scenarios_Python) by extension 'python'
[2.744s] Level 1:colcon.colcon_core.package_identification:_identify(docker/quanser_docker/python/Base_Scenarios_Python) by extensions ['python_setup_py']
[2.744s] Level 1:colcon.colcon_core.package_identification:_identify(docker/quanser_docker/python/Base_Scenarios_Python) by extension 'python_setup_py'
[2.744s] Level 1:colcon.colcon_core.package_identification:_identify(docker/quanser_docker/qvl) by extensions ['ignore', 'ignore_ament_install']
[2.744s] Level 1:colcon.colcon_core.package_identification:_identify(docker/quanser_docker/qvl) by extension 'ignore'
[2.744s] Level 1:colcon.colcon_core.package_identification:_identify(docker/quanser_docker/qvl) by extension 'ignore_ament_install'
[2.744s] Level 1:colcon.colcon_core.package_identification:_identify(docker/quanser_docker/qvl) by extensions ['colcon_pkg']
[2.744s] Level 1:colcon.colcon_core.package_identification:_identify(docker/quanser_docker/qvl) by extension 'colcon_pkg'
[2.744s] Level 1:colcon.colcon_core.package_identification:_identify(docker/quanser_docker/qvl) by extensions ['colcon_meta']
[2.744s] Level 1:colcon.colcon_core.package_identification:_identify(docker/quanser_docker/qvl) by extension 'colcon_meta'
[2.744s] Level 1:colcon.colcon_core.package_identification:_identify(docker/quanser_docker/qvl) by extensions ['ros']
[2.744s] Level 1:colcon.colcon_core.package_identification:_identify(docker/quanser_docker/qvl) by extension 'ros'
[2.744s] Level 1:colcon.colcon_core.package_identification:_identify(docker/quanser_docker/qvl) by extensions ['cmake', 'python']
[2.744s] Level 1:colcon.colcon_core.package_identification:_identify(docker/quanser_docker/qvl) by extension 'cmake'
[2.744s] Level 1:colcon.colcon_core.package_identification:_identify(docker/quanser_docker/qvl) by extension 'python'
[2.744s] Level 1:colcon.colcon_core.package_identification:_identify(docker/quanser_docker/qvl) by extensions ['python_setup_py']
[2.744s] Level 1:colcon.colcon_core.package_identification:_identify(docker/quanser_docker/qvl) by extension 'python_setup_py'
[2.744s] Level 1:colcon.colcon_core.package_identification:_identify(install) by extensions ['ignore', 'ignore_ament_install']
[2.744s] Level 1:colcon.colcon_core.package_identification:_identify(install) by extension 'ignore'
[2.744s] Level 1:colcon.colcon_core.package_identification:_identify(install) ignored
[2.744s] Level 1:colcon.colcon_core.package_identification:_identify(isaac_ros_common) by extensions ['ignore', 'ignore_ament_install']
[2.744s] Level 1:colcon.colcon_core.package_identification:_identify(isaac_ros_common) by extension 'ignore'
[2.744s] Level 1:colcon.colcon_core.package_identification:_identify(isaac_ros_common) by extension 'ignore_ament_install'
[2.745s] Level 1:colcon.colcon_core.package_identification:_identify(isaac_ros_common) by extensions ['colcon_pkg']
[2.745s] Level 1:colcon.colcon_core.package_identification:_identify(isaac_ros_common) by extension 'colcon_pkg'
[2.745s] Level 1:colcon.colcon_core.package_identification:_identify(isaac_ros_common) by extensions ['colcon_meta']
[2.745s] Level 1:colcon.colcon_core.package_identification:_identify(isaac_ros_common) by extension 'colcon_meta'
[2.745s] Level 1:colcon.colcon_core.package_identification:_identify(isaac_ros_common) by extensions ['ros']
[2.745s] Level 1:colcon.colcon_core.package_identification:_identify(isaac_ros_common) by extension 'ros'
[2.745s] Level 1:colcon.colcon_core.package_identification:_identify(isaac_ros_common) by extensions ['cmake', 'python']
[2.745s] Level 1:colcon.colcon_core.package_identification:_identify(isaac_ros_common) by extension 'cmake'
[2.745s] Level 1:colcon.colcon_core.package_identification:_identify(isaac_ros_common) by extension 'python'
[2.745s] Level 1:colcon.colcon_core.package_identification:_identify(isaac_ros_common) by extensions ['python_setup_py']
[2.745s] Level 1:colcon.colcon_core.package_identification:_identify(isaac_ros_common) by extension 'python_setup_py'
[2.745s] Level 1:colcon.colcon_core.package_identification:_identify(isaac_ros_common/docker) by extensions ['ignore', 'ignore_ament_install']
[2.745s] Level 1:colcon.colcon_core.package_identification:_identify(isaac_ros_common/docker) by extension 'ignore'
[2.745s] Level 1:colcon.colcon_core.package_identification:_identify(isaac_ros_common/docker) by extension 'ignore_ament_install'
[2.745s] Level 1:colcon.colcon_core.package_identification:_identify(isaac_ros_common/docker) by extensions ['colcon_pkg']
[2.745s] Level 1:colcon.colcon_core.package_identification:_identify(isaac_ros_common/docker) by extension 'colcon_pkg'
[2.745s] Level 1:colcon.colcon_core.package_identification:_identify(isaac_ros_common/docker) by extensions ['colcon_meta']
[2.745s] Level 1:colcon.colcon_core.package_identification:_identify(isaac_ros_common/docker) by extension 'colcon_meta'
[2.745s] Level 1:colcon.colcon_core.package_identification:_identify(isaac_ros_common/docker) by extensions ['ros']
[2.745s] Level 1:colcon.colcon_core.package_identification:_identify(isaac_ros_common/docker) by extension 'ros'
[2.745s] Level 1:colcon.colcon_core.package_identification:_identify(isaac_ros_common/docker) by extensions ['cmake', 'python']
[2.745s] Level 1:colcon.colcon_core.package_identification:_identify(isaac_ros_common/docker) by extension 'cmake'
[2.745s] Level 1:colcon.colcon_core.package_identification:_identify(isaac_ros_common/docker) by extension 'python'
[2.745s] Level 1:colcon.colcon_core.package_identification:_identify(isaac_ros_common/docker) by extensions ['python_setup_py']
[2.745s] Level 1:colcon.colcon_core.package_identification:_identify(isaac_ros_common/docker) by extension 'python_setup_py'
[2.745s] Level 1:colcon.colcon_core.package_identification:_identify(isaac_ros_common/docker/middleware_profiles) by extensions ['ignore', 'ignore_ament_install']
[2.745s] Level 1:colcon.colcon_core.package_identification:_identify(isaac_ros_common/docker/middleware_profiles) by extension 'ignore'
[2.745s] Level 1:colcon.colcon_core.package_identification:_identify(isaac_ros_common/docker/middleware_profiles) by extension 'ignore_ament_install'
[2.745s] Level 1:colcon.colcon_core.package_identification:_identify(isaac_ros_common/docker/middleware_profiles) by extensions ['colcon_pkg']
[2.745s] Level 1:colcon.colcon_core.package_identification:_identify(isaac_ros_common/docker/middleware_profiles) by extension 'colcon_pkg'
[2.745s] Level 1:colcon.colcon_core.package_identification:_identify(isaac_ros_common/docker/middleware_profiles) by extensions ['colcon_meta']
[2.746s] Level 1:colcon.colcon_core.package_identification:_identify(isaac_ros_common/docker/middleware_profiles) by extension 'colcon_meta'
[2.746s] Level 1:colcon.colcon_core.package_identification:_identify(isaac_ros_common/docker/middleware_profiles) by extensions ['ros']
[2.746s] Level 1:colcon.colcon_core.package_identification:_identify(isaac_ros_common/docker/middleware_profiles) by extension 'ros'
[2.746s] Level 1:colcon.colcon_core.package_identification:_identify(isaac_ros_common/docker/middleware_profiles) by extensions ['cmake', 'python']
[2.746s] Level 1:colcon.colcon_core.package_identification:_identify(isaac_ros_common/docker/middleware_profiles) by extension 'cmake'
[2.746s] Level 1:colcon.colcon_core.package_identification:_identify(isaac_ros_common/docker/middleware_profiles) by extension 'python'
[2.746s] Level 1:colcon.colcon_core.package_identification:_identify(isaac_ros_common/docker/middleware_profiles) by extensions ['python_setup_py']
[2.746s] Level 1:colcon.colcon_core.package_identification:_identify(isaac_ros_common/docker/middleware_profiles) by extension 'python_setup_py'
[2.746s] Level 1:colcon.colcon_core.package_identification:_identify(isaac_ros_common/docker/patches) by extensions ['ignore', 'ignore_ament_install']
[2.746s] Level 1:colcon.colcon_core.package_identification:_identify(isaac_ros_common/docker/patches) by extension 'ignore'
[2.746s] Level 1:colcon.colcon_core.package_identification:_identify(isaac_ros_common/docker/patches) by extension 'ignore_ament_install'
[2.746s] Level 1:colcon.colcon_core.package_identification:_identify(isaac_ros_common/docker/patches) by extensions ['colcon_pkg']
[2.746s] Level 1:colcon.colcon_core.package_identification:_identify(isaac_ros_common/docker/patches) by extension 'colcon_pkg'
[2.746s] Level 1:colcon.colcon_core.package_identification:_identify(isaac_ros_common/docker/patches) by extensions ['colcon_meta']
[2.746s] Level 1:colcon.colcon_core.package_identification:_identify(isaac_ros_common/docker/patches) by extension 'colcon_meta'
[2.746s] Level 1:colcon.colcon_core.package_identification:_identify(isaac_ros_common/docker/patches) by extensions ['ros']
[2.746s] Level 1:colcon.colcon_core.package_identification:_identify(isaac_ros_common/docker/patches) by extension 'ros'
[2.746s] Level 1:colcon.colcon_core.package_identification:_identify(isaac_ros_common/docker/patches) by extensions ['cmake', 'python']
[2.746s] Level 1:colcon.colcon_core.package_identification:_identify(isaac_ros_common/docker/patches) by extension 'cmake'
[2.746s] Level 1:colcon.colcon_core.package_identification:_identify(isaac_ros_common/docker/patches) by extension 'python'
[2.746s] Level 1:colcon.colcon_core.package_identification:_identify(isaac_ros_common/docker/patches) by extensions ['python_setup_py']
[2.746s] Level 1:colcon.colcon_core.package_identification:_identify(isaac_ros_common/docker/patches) by extension 'python_setup_py'
[2.746s] Level 1:colcon.colcon_core.package_identification:_identify(isaac_ros_common/docker/scripts) by extensions ['ignore', 'ignore_ament_install']
[2.746s] Level 1:colcon.colcon_core.package_identification:_identify(isaac_ros_common/docker/scripts) by extension 'ignore'
[2.746s] Level 1:colcon.colcon_core.package_identification:_identify(isaac_ros_common/docker/scripts) by extension 'ignore_ament_install'
[2.746s] Level 1:colcon.colcon_core.package_identification:_identify(isaac_ros_common/docker/scripts) by extensions ['colcon_pkg']
[2.746s] Level 1:colcon.colcon_core.package_identification:_identify(isaac_ros_common/docker/scripts) by extension 'colcon_pkg'
[2.746s] Level 1:colcon.colcon_core.package_identification:_identify(isaac_ros_common/docker/scripts) by extensions ['colcon_meta']
[2.746s] Level 1:colcon.colcon_core.package_identification:_identify(isaac_ros_common/docker/scripts) by extension 'colcon_meta'
[2.746s] Level 1:colcon.colcon_core.package_identification:_identify(isaac_ros_common/docker/scripts) by extensions ['ros']
[2.746s] Level 1:colcon.colcon_core.package_identification:_identify(isaac_ros_common/docker/scripts) by extension 'ros'
[2.747s] Level 1:colcon.colcon_core.package_identification:_identify(isaac_ros_common/docker/scripts) by extensions ['cmake', 'python']
[2.747s] Level 1:colcon.colcon_core.package_identification:_identify(isaac_ros_common/docker/scripts) by extension 'cmake'
[2.747s] Level 1:colcon.colcon_core.package_identification:_identify(isaac_ros_common/docker/scripts) by extension 'python'
[2.747s] Level 1:colcon.colcon_core.package_identification:_identify(isaac_ros_common/docker/scripts) by extensions ['python_setup_py']
[2.747s] Level 1:colcon.colcon_core.package_identification:_identify(isaac_ros_common/docker/scripts) by extension 'python_setup_py'
[2.747s] Level 1:colcon.colcon_core.package_identification:_identify(isaac_ros_common/docker/tao) by extensions ['ignore', 'ignore_ament_install']
[2.747s] Level 1:colcon.colcon_core.package_identification:_identify(isaac_ros_common/docker/tao) by extension 'ignore'
[2.747s] Level 1:colcon.colcon_core.package_identification:_identify(isaac_ros_common/docker/tao) by extension 'ignore_ament_install'
[2.747s] Level 1:colcon.colcon_core.package_identification:_identify(isaac_ros_common/docker/tao) by extensions ['colcon_pkg']
[2.747s] Level 1:colcon.colcon_core.package_identification:_identify(isaac_ros_common/docker/tao) by extension 'colcon_pkg'
[2.747s] Level 1:colcon.colcon_core.package_identification:_identify(isaac_ros_common/docker/tao) by extensions ['colcon_meta']
[2.747s] Level 1:colcon.colcon_core.package_identification:_identify(isaac_ros_common/docker/tao) by extension 'colcon_meta'
[2.747s] Level 1:colcon.colcon_core.package_identification:_identify(isaac_ros_common/docker/tao) by extensions ['ros']
[2.747s] Level 1:colcon.colcon_core.package_identification:_identify(isaac_ros_common/docker/tao) by extension 'ros'
[2.747s] Level 1:colcon.colcon_core.package_identification:_identify(isaac_ros_common/docker/tao) by extensions ['cmake', 'python']
[2.747s] Level 1:colcon.colcon_core.package_identification:_identify(isaac_ros_common/docker/tao) by extension 'cmake'
[2.747s] Level 1:colcon.colcon_core.package_identification:_identify(isaac_ros_common/docker/tao) by extension 'python'
[2.747s] Level 1:colcon.colcon_core.package_identification:_identify(isaac_ros_common/docker/tao) by extensions ['python_setup_py']
[2.747s] Level 1:colcon.colcon_core.package_identification:_identify(isaac_ros_common/docker/tao) by extension 'python_setup_py'
[2.747s] Level 1:colcon.colcon_core.package_identification:_identify(isaac_ros_common/docker/udev_rules) by extensions ['ignore', 'ignore_ament_install']
[2.747s] Level 1:colcon.colcon_core.package_identification:_identify(isaac_ros_common/docker/udev_rules) by extension 'ignore'
[2.747s] Level 1:colcon.colcon_core.package_identification:_identify(isaac_ros_common/docker/udev_rules) by extension 'ignore_ament_install'
[2.747s] Level 1:colcon.colcon_core.package_identification:_identify(isaac_ros_common/docker/udev_rules) by extensions ['colcon_pkg']
[2.747s] Level 1:colcon.colcon_core.package_identification:_identify(isaac_ros_common/docker/udev_rules) by extension 'colcon_pkg'
[2.747s] Level 1:colcon.colcon_core.package_identification:_identify(isaac_ros_common/docker/udev_rules) by extensions ['colcon_meta']
[2.747s] Level 1:colcon.colcon_core.package_identification:_identify(isaac_ros_common/docker/udev_rules) by extension 'colcon_meta'
[2.747s] Level 1:colcon.colcon_core.package_identification:_identify(isaac_ros_common/docker/udev_rules) by extensions ['ros']
[2.747s] Level 1:colcon.colcon_core.package_identification:_identify(isaac_ros_common/docker/udev_rules) by extension 'ros'
[2.747s] Level 1:colcon.colcon_core.package_identification:_identify(isaac_ros_common/docker/udev_rules) by extensions ['cmake', 'python']
[2.747s] Level 1:colcon.colcon_core.package_identification:_identify(isaac_ros_common/docker/udev_rules) by extension 'cmake'
[2.747s] Level 1:colcon.colcon_core.package_identification:_identify(isaac_ros_common/docker/udev_rules) by extension 'python'
[2.747s] Level 1:colcon.colcon_core.package_identification:_identify(isaac_ros_common/docker/udev_rules) by extensions ['python_setup_py']
[2.747s] Level 1:colcon.colcon_core.package_identification:_identify(isaac_ros_common/docker/udev_rules) by extension 'python_setup_py'
[2.748s] Level 1:colcon.colcon_core.package_identification:_identify(isaac_ros_common/isaac_ros_apriltag_interfaces) by extensions ['ignore', 'ignore_ament_install']
[2.748s] Level 1:colcon.colcon_core.package_identification:_identify(isaac_ros_common/isaac_ros_apriltag_interfaces) by extension 'ignore'
[2.748s] Level 1:colcon.colcon_core.package_identification:_identify(isaac_ros_common/isaac_ros_apriltag_interfaces) by extension 'ignore_ament_install'
[2.748s] Level 1:colcon.colcon_core.package_identification:_identify(isaac_ros_common/isaac_ros_apriltag_interfaces) by extensions ['colcon_pkg']
[2.748s] Level 1:colcon.colcon_core.package_identification:_identify(isaac_ros_common/isaac_ros_apriltag_interfaces) by extension 'colcon_pkg'
[2.748s] Level 1:colcon.colcon_core.package_identification:_identify(isaac_ros_common/isaac_ros_apriltag_interfaces) by extensions ['colcon_meta']
[2.748s] Level 1:colcon.colcon_core.package_identification:_identify(isaac_ros_common/isaac_ros_apriltag_interfaces) by extension 'colcon_meta'
[2.748s] Level 1:colcon.colcon_core.package_identification:_identify(isaac_ros_common/isaac_ros_apriltag_interfaces) by extensions ['ros']
[2.748s] Level 1:colcon.colcon_core.package_identification:_identify(isaac_ros_common/isaac_ros_apriltag_interfaces) by extension 'ros'
[2.749s] DEBUG:colcon.colcon_core.package_identification:Package 'isaac_ros_common/isaac_ros_apriltag_interfaces' with type 'ros.ament_cmake' and name 'isaac_ros_apriltag_interfaces'
[2.749s] Level 1:colcon.colcon_core.package_identification:_identify(isaac_ros_common/isaac_ros_bi3d_interfaces) by extensions ['ignore', 'ignore_ament_install']
[2.749s] Level 1:colcon.colcon_core.package_identification:_identify(isaac_ros_common/isaac_ros_bi3d_interfaces) by extension 'ignore'
[2.749s] Level 1:colcon.colcon_core.package_identification:_identify(isaac_ros_common/isaac_ros_bi3d_interfaces) by extension 'ignore_ament_install'
[2.749s] Level 1:colcon.colcon_core.package_identification:_identify(isaac_ros_common/isaac_ros_bi3d_interfaces) by extensions ['colcon_pkg']
[2.749s] Level 1:colcon.colcon_core.package_identification:_identify(isaac_ros_common/isaac_ros_bi3d_interfaces) by extension 'colcon_pkg'
[2.749s] Level 1:colcon.colcon_core.package_identification:_identify(isaac_ros_common/isaac_ros_bi3d_interfaces) by extensions ['colcon_meta']
[2.750s] Level 1:colcon.colcon_core.package_identification:_identify(isaac_ros_common/isaac_ros_bi3d_interfaces) by extension 'colcon_meta'
[2.750s] Level 1:colcon.colcon_core.package_identification:_identify(isaac_ros_common/isaac_ros_bi3d_interfaces) by extensions ['ros']
[2.750s] Level 1:colcon.colcon_core.package_identification:_identify(isaac_ros_common/isaac_ros_bi3d_interfaces) by extension 'ros'
[2.750s] DEBUG:colcon.colcon_core.package_identification:Package 'isaac_ros_common/isaac_ros_bi3d_interfaces' with type 'ros.ament_cmake' and name 'isaac_ros_bi3d_interfaces'
[2.750s] Level 1:colcon.colcon_core.package_identification:_identify(isaac_ros_common/isaac_ros_common) by extensions ['ignore', 'ignore_ament_install']
[2.750s] Level 1:colcon.colcon_core.package_identification:_identify(isaac_ros_common/isaac_ros_common) by extension 'ignore'
[2.750s] Level 1:colcon.colcon_core.package_identification:_identify(isaac_ros_common/isaac_ros_common) by extension 'ignore_ament_install'
[2.750s] Level 1:colcon.colcon_core.package_identification:_identify(isaac_ros_common/isaac_ros_common) by extensions ['colcon_pkg']
[2.750s] Level 1:colcon.colcon_core.package_identification:_identify(isaac_ros_common/isaac_ros_common) by extension 'colcon_pkg'
[2.750s] Level 1:colcon.colcon_core.package_identification:_identify(isaac_ros_common/isaac_ros_common) by extensions ['colcon_meta']
[2.750s] Level 1:colcon.colcon_core.package_identification:_identify(isaac_ros_common/isaac_ros_common) by extension 'colcon_meta'
[2.751s] Level 1:colcon.colcon_core.package_identification:_identify(isaac_ros_common/isaac_ros_common) by extensions ['ros']
[2.751s] Level 1:colcon.colcon_core.package_identification:_identify(isaac_ros_common/isaac_ros_common) by extension 'ros'
[2.751s] DEBUG:colcon.colcon_core.package_identification:Package 'isaac_ros_common/isaac_ros_common' with type 'ros.ament_cmake' and name 'isaac_ros_common'
[2.751s] Level 1:colcon.colcon_core.package_identification:_identify(isaac_ros_common/isaac_ros_nitros_bridge_interfaces) by extensions ['ignore', 'ignore_ament_install']
[2.751s] Level 1:colcon.colcon_core.package_identification:_identify(isaac_ros_common/isaac_ros_nitros_bridge_interfaces) by extension 'ignore'
[2.751s] Level 1:colcon.colcon_core.package_identification:_identify(isaac_ros_common/isaac_ros_nitros_bridge_interfaces) by extension 'ignore_ament_install'
[2.751s] Level 1:colcon.colcon_core.package_identification:_identify(isaac_ros_common/isaac_ros_nitros_bridge_interfaces) by extensions ['colcon_pkg']
[2.751s] Level 1:colcon.colcon_core.package_identification:_identify(isaac_ros_common/isaac_ros_nitros_bridge_interfaces) by extension 'colcon_pkg'
[2.751s] Level 1:colcon.colcon_core.package_identification:_identify(isaac_ros_common/isaac_ros_nitros_bridge_interfaces) by extensions ['colcon_meta']
[2.751s] Level 1:colcon.colcon_core.package_identification:_identify(isaac_ros_common/isaac_ros_nitros_bridge_interfaces) by extension 'colcon_meta'
[2.751s] Level 1:colcon.colcon_core.package_identification:_identify(isaac_ros_common/isaac_ros_nitros_bridge_interfaces) by extensions ['ros']
[2.751s] Level 1:colcon.colcon_core.package_identification:_identify(isaac_ros_common/isaac_ros_nitros_bridge_interfaces) by extension 'ros'
[2.752s] DEBUG:colcon.colcon_core.package_identification:Package 'isaac_ros_common/isaac_ros_nitros_bridge_interfaces' with type 'ros.ament_cmake' and name 'isaac_ros_nitros_bridge_interfaces'
[2.752s] Level 1:colcon.colcon_core.package_identification:_identify(isaac_ros_common/isaac_ros_nova_interfaces) by extensions ['ignore', 'ignore_ament_install']
[2.752s] Level 1:colcon.colcon_core.package_identification:_identify(isaac_ros_common/isaac_ros_nova_interfaces) by extension 'ignore'
[2.752s] Level 1:colcon.colcon_core.package_identification:_identify(isaac_ros_common/isaac_ros_nova_interfaces) by extension 'ignore_ament_install'
[2.752s] Level 1:colcon.colcon_core.package_identification:_identify(isaac_ros_common/isaac_ros_nova_interfaces) by extensions ['colcon_pkg']
[2.752s] Level 1:colcon.colcon_core.package_identification:_identify(isaac_ros_common/isaac_ros_nova_interfaces) by extension 'colcon_pkg'
[2.752s] Level 1:colcon.colcon_core.package_identification:_identify(isaac_ros_common/isaac_ros_nova_interfaces) by extensions ['colcon_meta']
[2.752s] Level 1:colcon.colcon_core.package_identification:_identify(isaac_ros_common/isaac_ros_nova_interfaces) by extension 'colcon_meta'
[2.752s] Level 1:colcon.colcon_core.package_identification:_identify(isaac_ros_common/isaac_ros_nova_interfaces) by extensions ['ros']
[2.752s] Level 1:colcon.colcon_core.package_identification:_identify(isaac_ros_common/isaac_ros_nova_interfaces) by extension 'ros'
[2.753s] DEBUG:colcon.colcon_core.package_identification:Package 'isaac_ros_common/isaac_ros_nova_interfaces' with type 'ros.ament_cmake' and name 'isaac_ros_nova_interfaces'
[2.753s] Level 1:colcon.colcon_core.package_identification:_identify(isaac_ros_common/isaac_ros_pointcloud_interfaces) by extensions ['ignore', 'ignore_ament_install']
[2.753s] Level 1:colcon.colcon_core.package_identification:_identify(isaac_ros_common/isaac_ros_pointcloud_interfaces) by extension 'ignore'
[2.753s] Level 1:colcon.colcon_core.package_identification:_identify(isaac_ros_common/isaac_ros_pointcloud_interfaces) by extension 'ignore_ament_install'
[2.753s] Level 1:colcon.colcon_core.package_identification:_identify(isaac_ros_common/isaac_ros_pointcloud_interfaces) by extensions ['colcon_pkg']
[2.753s] Level 1:colcon.colcon_core.package_identification:_identify(isaac_ros_common/isaac_ros_pointcloud_interfaces) by extension 'colcon_pkg'
[2.753s] Level 1:colcon.colcon_core.package_identification:_identify(isaac_ros_common/isaac_ros_pointcloud_interfaces) by extensions ['colcon_meta']
[2.753s] Level 1:colcon.colcon_core.package_identification:_identify(isaac_ros_common/isaac_ros_pointcloud_interfaces) by extension 'colcon_meta'
[2.753s] Level 1:colcon.colcon_core.package_identification:_identify(isaac_ros_common/isaac_ros_pointcloud_interfaces) by extensions ['ros']
[2.753s] Level 1:colcon.colcon_core.package_identification:_identify(isaac_ros_common/isaac_ros_pointcloud_interfaces) by extension 'ros'
[2.754s] DEBUG:colcon.colcon_core.package_identification:Package 'isaac_ros_common/isaac_ros_pointcloud_interfaces' with type 'ros.ament_cmake' and name 'isaac_ros_pointcloud_interfaces'
[2.754s] Level 1:colcon.colcon_core.package_identification:_identify(isaac_ros_common/isaac_ros_tensor_list_interfaces) by extensions ['ignore', 'ignore_ament_install']
[2.754s] Level 1:colcon.colcon_core.package_identification:_identify(isaac_ros_common/isaac_ros_tensor_list_interfaces) by extension 'ignore'
[2.754s] Level 1:colcon.colcon_core.package_identification:_identify(isaac_ros_common/isaac_ros_tensor_list_interfaces) by extension 'ignore_ament_install'
[2.754s] Level 1:colcon.colcon_core.package_identification:_identify(isaac_ros_common/isaac_ros_tensor_list_interfaces) by extensions ['colcon_pkg']
[2.754s] Level 1:colcon.colcon_core.package_identification:_identify(isaac_ros_common/isaac_ros_tensor_list_interfaces) by extension 'colcon_pkg'
[2.754s] Level 1:colcon.colcon_core.package_identification:_identify(isaac_ros_common/isaac_ros_tensor_list_interfaces) by extensions ['colcon_meta']
[2.754s] Level 1:colcon.colcon_core.package_identification:_identify(isaac_ros_common/isaac_ros_tensor_list_interfaces) by extension 'colcon_meta'
[2.754s] Level 1:colcon.colcon_core.package_identification:_identify(isaac_ros_common/isaac_ros_tensor_list_interfaces) by extensions ['ros']
[2.754s] Level 1:colcon.colcon_core.package_identification:_identify(isaac_ros_common/isaac_ros_tensor_list_interfaces) by extension 'ros'
[2.755s] DEBUG:colcon.colcon_core.package_identification:Package 'isaac_ros_common/isaac_ros_tensor_list_interfaces' with type 'ros.ament_cmake' and name 'isaac_ros_tensor_list_interfaces'
[2.755s] Level 1:colcon.colcon_core.package_identification:_identify(isaac_ros_common/isaac_ros_test) by extensions ['ignore', 'ignore_ament_install']
[2.755s] Level 1:colcon.colcon_core.package_identification:_identify(isaac_ros_common/isaac_ros_test) by extension 'ignore'
[2.755s] Level 1:colcon.colcon_core.package_identification:_identify(isaac_ros_common/isaac_ros_test) by extension 'ignore_ament_install'
[2.755s] Level 1:colcon.colcon_core.package_identification:_identify(isaac_ros_common/isaac_ros_test) by extensions ['colcon_pkg']
[2.755s] Level 1:colcon.colcon_core.package_identification:_identify(isaac_ros_common/isaac_ros_test) by extension 'colcon_pkg'
[2.755s] Level 1:colcon.colcon_core.package_identification:_identify(isaac_ros_common/isaac_ros_test) by extensions ['colcon_meta']
[2.755s] Level 1:colcon.colcon_core.package_identification:_identify(isaac_ros_common/isaac_ros_test) by extension 'colcon_meta'
[2.755s] Level 1:colcon.colcon_core.package_identification:_identify(isaac_ros_common/isaac_ros_test) by extensions ['ros']
[2.755s] Level 1:colcon.colcon_core.package_identification:_identify(isaac_ros_common/isaac_ros_test) by extension 'ros'
[2.756s] DEBUG:colcon.colcon_core.package_identification:Package 'isaac_ros_common/isaac_ros_test' with type 'ros.ament_python' and name 'isaac_ros_test'
[2.756s] Level 1:colcon.colcon_core.package_identification:_identify(isaac_ros_common/scripts) by extensions ['ignore', 'ignore_ament_install']
[2.756s] Level 1:colcon.colcon_core.package_identification:_identify(isaac_ros_common/scripts) by extension 'ignore'
[2.756s] Level 1:colcon.colcon_core.package_identification:_identify(isaac_ros_common/scripts) by extension 'ignore_ament_install'
[2.756s] Level 1:colcon.colcon_core.package_identification:_identify(isaac_ros_common/scripts) by extensions ['colcon_pkg']
[2.756s] Level 1:colcon.colcon_core.package_identification:_identify(isaac_ros_common/scripts) by extension 'colcon_pkg'
[2.756s] Level 1:colcon.colcon_core.package_identification:_identify(isaac_ros_common/scripts) by extensions ['colcon_meta']
[2.756s] Level 1:colcon.colcon_core.package_identification:_identify(isaac_ros_common/scripts) by extension 'colcon_meta'
[2.756s] Level 1:colcon.colcon_core.package_identification:_identify(isaac_ros_common/scripts) by extensions ['ros']
[2.756s] Level 1:colcon.colcon_core.package_identification:_identify(isaac_ros_common/scripts) by extension 'ros'
[2.756s] Level 1:colcon.colcon_core.package_identification:_identify(isaac_ros_common/scripts) by extensions ['cmake', 'python']
[2.756s] Level 1:colcon.colcon_core.package_identification:_identify(isaac_ros_common/scripts) by extension 'cmake'
[2.756s] Level 1:colcon.colcon_core.package_identification:_identify(isaac_ros_common/scripts) by extension 'python'
[2.756s] Level 1:colcon.colcon_core.package_identification:_identify(isaac_ros_common/scripts) by extensions ['python_setup_py']
[2.756s] Level 1:colcon.colcon_core.package_identification:_identify(isaac_ros_common/scripts) by extension 'python_setup_py'
[2.756s] Level 1:colcon.colcon_core.package_identification:_identify(isaac_ros_common/scripts/utils) by extensions ['ignore', 'ignore_ament_install']
[2.756s] Level 1:colcon.colcon_core.package_identification:_identify(isaac_ros_common/scripts/utils) by extension 'ignore'
[2.757s] Level 1:colcon.colcon_core.package_identification:_identify(isaac_ros_common/scripts/utils) by extension 'ignore_ament_install'
[2.757s] Level 1:colcon.colcon_core.package_identification:_identify(isaac_ros_common/scripts/utils) by extensions ['colcon_pkg']
[2.757s] Level 1:colcon.colcon_core.package_identification:_identify(isaac_ros_common/scripts/utils) by extension 'colcon_pkg'
[2.757s] Level 1:colcon.colcon_core.package_identification:_identify(isaac_ros_common/scripts/utils) by extensions ['colcon_meta']
[2.757s] Level 1:colcon.colcon_core.package_identification:_identify(isaac_ros_common/scripts/utils) by extension 'colcon_meta'
[2.757s] Level 1:colcon.colcon_core.package_identification:_identify(isaac_ros_common/scripts/utils) by extensions ['ros']
[2.757s] Level 1:colcon.colcon_core.package_identification:_identify(isaac_ros_common/scripts/utils) by extension 'ros'
[2.757s] Level 1:colcon.colcon_core.package_identification:_identify(isaac_ros_common/scripts/utils) by extensions ['cmake', 'python']
[2.757s] Level 1:colcon.colcon_core.package_identification:_identify(isaac_ros_common/scripts/utils) by extension 'cmake'
[2.757s] Level 1:colcon.colcon_core.package_identification:_identify(isaac_ros_common/scripts/utils) by extension 'python'
[2.757s] Level 1:colcon.colcon_core.package_identification:_identify(isaac_ros_common/scripts/utils) by extensions ['python_setup_py']
[2.757s] Level 1:colcon.colcon_core.package_identification:_identify(isaac_ros_common/scripts/utils) by extension 'python_setup_py'
[2.757s] Level 1:colcon.colcon_core.package_identification:_identify(log) by extensions ['ignore', 'ignore_ament_install']
[2.757s] Level 1:colcon.colcon_core.package_identification:_identify(log) by extension 'ignore'
[2.757s] Level 1:colcon.colcon_core.package_identification:_identify(log) ignored
[2.757s] Level 1:colcon.colcon_core.package_discovery:discover_packages(recursive) using defaults
[2.757s] Level 1:colcon.colcon_core.package_discovery:discover_packages(ignore) discover
[2.757s] Level 1:colcon.colcon_core.package_discovery:discover_packages(ignore) using defaults
[2.757s] Level 1:colcon.colcon_core.package_discovery:discover_packages(path) discover
[2.757s] Level 1:colcon.colcon_core.package_discovery:discover_packages(path) using defaults
[2.834s] Level 1:colcon.colcon_core.package_discovery:discover_packages(prefix_path) check parameters
[2.835s] Level 1:colcon.colcon_core.package_discovery:discover_packages(prefix_path) discover
[2.854s] DEBUG:colcon.colcon_installed_package_information.package_discovery:Found 18 installed packages in /workspace/cartographer_ws/install
[2.863s] DEBUG:colcon.colcon_installed_package_information.package_discovery:Found 289 installed packages in /opt/ros/humble
[2.864s] Level 1:colcon.colcon_core.package_discovery:discover_packages(prefix_path) using defaults
[2.953s] WARNING:colcon.colcon_core.package_selection:Some selected packages are already built in one or more underlay workspaces:
	'image_geometry' is in: /opt/ros/humble
	'cv_bridge' is in: /opt/ros/humble
If a package in a merged underlay workspace is overridden and it installs headers, then all packages in the overlay must sort their include directories by workspace order. Failure to do so may result in build failures or undefined behavior at run time.
If the overridden package is used by another package in any underlay, then the overriding package in the overlay must be API and ABI compatible or undefined behavior at run time may occur.

If you understand the risks and want to override a package anyways, add the following to the command line:
	--allow-overriding cv_bridge image_geometry

This may be promoted to an error in a future release of colcon-override-check.
[2.953s] ERROR:colcon:colcon build: Duplicate package names not supported:
- isaac_ros_apriltag_interfaces:
  - backup/student-competition-resources-ros/Virtual_ROS_Resources/env_setup/isaac_ros_common/isaac_ros_apriltag_interfaces
  - isaac_ros_common/isaac_ros_apriltag_interfaces
- isaac_ros_bi3d_interfaces:
  - backup/student-competition-resources-ros/Virtual_ROS_Resources/env_setup/isaac_ros_common/isaac_ros_bi3d_interfaces
  - isaac_ros_common/isaac_ros_bi3d_interfaces
- isaac_ros_common:
  - backup/student-competition-resources-ros/Virtual_ROS_Resources/env_setup/isaac_ros_common/isaac_ros_common
  - isaac_ros_common/isaac_ros_common
- isaac_ros_nitros_bridge_interfaces:
  - backup/student-competition-resources-ros/Virtual_ROS_Resources/env_setup/isaac_ros_common/isaac_ros_nitros_bridge_interfaces
  - isaac_ros_common/isaac_ros_nitros_bridge_interfaces
- isaac_ros_nova_interfaces:
  - backup/student-competition-resources-ros/Virtual_ROS_Resources/env_setup/isaac_ros_common/isaac_ros_nova_interfaces
  - isaac_ros_common/isaac_ros_nova_interfaces
- isaac_ros_pointcloud_interfaces:
  - backup/student-competition-resources-ros/Virtual_ROS_Resources/env_setup/isaac_ros_common/isaac_ros_pointcloud_interfaces
  - isaac_ros_common/isaac_ros_pointcloud_interfaces
- isaac_ros_tensor_list_interfaces:
  - backup/student-competition-resources-ros/Virtual_ROS_Resources/env_setup/isaac_ros_common/isaac_ros_tensor_list_interfaces
  - isaac_ros_common/isaac_ros_tensor_list_interfaces
- isaac_ros_test:
  - backup/student-competition-resources-ros/Virtual_ROS_Resources/env_setup/isaac_ros_common/isaac_ros_test
  - isaac_ros_common/isaac_ros_test
- qcar:
  - backup/Quanser_Academic_Resources/5_research/sdcs/qcar/hardware/ros1_cpp/src/qcar
  - backup/Quanser_Academic_Resources/5_research/sdcs/qcar/hardware/ros1_python/src/qcar
  - backup/Quanser_Academic_Resources/5_research/sdcs/qcar/hardware/ros2/src/qcar
- qcar2_autonomy:
  - Development/ros2/src/qcar2_autonomy
  - backup/Quanser_Academic_Resources/5_research/sdcs/qcar2/ros2/src/qcar2_autonomy
- qcar2_interfaces:
  - Development/ros2/src/qcar2_interfaces
  - backup/Quanser_Academic_Resources/5_research/sdcs/qcar2/ros2/src/qcar2_interfaces
- qcar2_nodes:
  - Development/ros2/src/qcar2_nodes
  - backup/Quanser_Academic_Resources/5_research/sdcs/qcar2/ros2/src/qcar2_nodes
