[2.108s] DEBUG:colcon:Command line arguments: ['/usr/bin/colcon', 'build']
[2.108s] DEBUG:colcon:Parsed command line arguments: Namespace(allow_overriding=[], ament_cmake_args=None, base_paths=['.'], build_base='build', catkin_cmake_args=None, catkin_skip_building_tests=False, cmake_args=None, cmake_clean_cache=False, cmake_clean_first=False, cmake_force_configure=False, cmake_target=None, cmake_target_skip_unavailable=False, continue_on_error=False, event_handlers=None, executor='parallel', ignore_user_meta=False, install_base='install', log_base=None, log_level=None, main=<bound method BuildVerb.main of <colcon_core.verb.build.BuildVerb object at 0x774f7cd89280>>, merge_install=False, metas=['./colcon.meta'], packages_above=None, packages_above_and_dependencies=None, packages_above_depth=None, packages_end=None, packages_ignore=None, packages_ignore_regex=None, packages_select=None, packages_select_build_failed=False, packages_select_by_dep=None, packages_select_regex=None, packages_select_test_failures=False, packages_skip=None, packages_skip_build_finished=False, packages_skip_by_dep=None, packages_skip_regex=None, packages_skip_test_passed=False, packages_skip_up_to=None, packages_start=None, packages_up_to=None, packages_up_to_regex=None, parallel_workers=24, paths=None, symlink_install=False, test_result_base=None, verb_extension=<colcon_core.verb.build.BuildVerb object at 0x774f7cd89280>, verb_name='build', verb_parser=<colcon_defaults.argument_parser.defaults.DefaultArgumentsDecorator object at 0x774f7c6cf9a0>)
[2.200s] Level 1:colcon.colcon_core.package_discovery:discover_packages(colcon_meta) check parameters
[2.200s] Level 1:colcon.colcon_core.package_discovery:discover_packages(recursive) check parameters
[2.200s] Level 1:colcon.colcon_core.package_discovery:discover_packages(ignore) check parameters
[2.200s] Level 1:colcon.colcon_core.package_discovery:discover_packages(path) check parameters
[2.200s] Level 1:colcon.colcon_core.package_discovery:discover_packages(colcon_meta) discover
[2.200s] Level 1:colcon.colcon_core.package_discovery:discover_packages(recursive) discover
[2.201s] INFO:colcon.colcon_core.package_discovery:Crawling recursively for packages in '/workspaces/isaac_ros-dev'
[2.201s] Level 1:colcon.colcon_core.package_identification:_identify(.) by extensions ['ignore', 'ignore_ament_install']
[2.201s] Level 1:colcon.colcon_core.package_identification:_identify(.) by extension 'ignore'
[2.201s] Level 1:colcon.colcon_core.package_identification:_identify(.) by extension 'ignore_ament_install'
[2.201s] Level 1:colcon.colcon_core.package_identification:_identify(.) by extensions ['colcon_pkg']
[2.201s] Level 1:colcon.colcon_core.package_identification:_identify(.) by extension 'colcon_pkg'
[2.201s] Level 1:colcon.colcon_core.package_identification:_identify(.) by extensions ['colcon_meta']
[2.201s] Level 1:colcon.colcon_core.package_identification:_identify(.) by extension 'colcon_meta'
[2.201s] Level 1:colcon.colcon_core.package_identification:_identify(.) by extensions ['ros']
[2.201s] Level 1:colcon.colcon_core.package_identification:_identify(.) by extension 'ros'
[2.213s] Level 1:colcon.colcon_core.package_identification:_identify(.) by extensions ['cmake', 'python']
[2.213s] Level 1:colcon.colcon_core.package_identification:_identify(.) by extension 'cmake'
[2.213s] Level 1:colcon.colcon_core.package_identification:_identify(.) by extension 'python'
[2.213s] Level 1:colcon.colcon_core.package_identification:_identify(.) by extensions ['python_setup_py']
[2.213s] Level 1:colcon.colcon_core.package_identification:_identify(.) by extension 'python_setup_py'
[2.213s] Level 1:colcon.colcon_core.package_identification:_identify(Development) by extensions ['ignore', 'ignore_ament_install']
[2.213s] Level 1:colcon.colcon_core.package_identification:_identify(Development) by extension 'ignore'
[2.214s] Level 1:colcon.colcon_core.package_identification:_identify(Development) by extension 'ignore_ament_install'
[2.214s] Level 1:colcon.colcon_core.package_identification:_identify(Development) by extensions ['colcon_pkg']
[2.214s] Level 1:colcon.colcon_core.package_identification:_identify(Development) by extension 'colcon_pkg'
[2.214s] Level 1:colcon.colcon_core.package_identification:_identify(Development) by extensions ['colcon_meta']
[2.214s] Level 1:colcon.colcon_core.package_identification:_identify(Development) by extension 'colcon_meta'
[2.214s] Level 1:colcon.colcon_core.package_identification:_identify(Development) by extensions ['ros']
[2.214s] Level 1:colcon.colcon_core.package_identification:_identify(Development) by extension 'ros'
[2.214s] Level 1:colcon.colcon_core.package_identification:_identify(Development) by extensions ['cmake', 'python']
[2.214s] Level 1:colcon.colcon_core.package_identification:_identify(Development) by extension 'cmake'
[2.214s] Level 1:colcon.colcon_core.package_identification:_identify(Development) by extension 'python'
[2.214s] Level 1:colcon.colcon_core.package_identification:_identify(Development) by extensions ['python_setup_py']
[2.214s] Level 1:colcon.colcon_core.package_identification:_identify(Development) by extension 'python_setup_py'
[2.214s] Level 1:colcon.colcon_core.package_identification:_identify(Development/MDC_libraries) by extensions ['ignore', 'ignore_ament_install']
[2.214s] Level 1:colcon.colcon_core.package_identification:_identify(Development/MDC_libraries) by extension 'ignore'
[2.214s] Level 1:colcon.colcon_core.package_identification:_identify(Development/MDC_libraries) by extension 'ignore_ament_install'
[2.214s] Level 1:colcon.colcon_core.package_identification:_identify(Development/MDC_libraries) by extensions ['colcon_pkg']
[2.214s] Level 1:colcon.colcon_core.package_identification:_identify(Development/MDC_libraries) by extension 'colcon_pkg'
[2.214s] Level 1:colcon.colcon_core.package_identification:_identify(Development/MDC_libraries) by extensions ['colcon_meta']
[2.214s] Level 1:colcon.colcon_core.package_identification:_identify(Development/MDC_libraries) by extension 'colcon_meta'
[2.214s] Level 1:colcon.colcon_core.package_identification:_identify(Development/MDC_libraries) by extensions ['ros']
[2.214s] Level 1:colcon.colcon_core.package_identification:_identify(Development/MDC_libraries) by extension 'ros'
[2.214s] Level 1:colcon.colcon_core.package_identification:_identify(Development/MDC_libraries) by extensions ['cmake', 'python']
[2.214s] Level 1:colcon.colcon_core.package_identification:_identify(Development/MDC_libraries) by extension 'cmake'
[2.214s] Level 1:colcon.colcon_core.package_identification:_identify(Development/MDC_libraries) by extension 'python'
[2.214s] Level 1:colcon.colcon_core.package_identification:_identify(Development/MDC_libraries) by extensions ['python_setup_py']
[2.214s] Level 1:colcon.colcon_core.package_identification:_identify(Development/MDC_libraries) by extension 'python_setup_py'
[2.214s] Level 1:colcon.colcon_core.package_identification:_identify(Development/MDC_libraries/python) by extensions ['ignore', 'ignore_ament_install']
[2.214s] Level 1:colcon.colcon_core.package_identification:_identify(Development/MDC_libraries/python) by extension 'ignore'
[2.215s] Level 1:colcon.colcon_core.package_identification:_identify(Development/MDC_libraries/python) by extension 'ignore_ament_install'
[2.215s] Level 1:colcon.colcon_core.package_identification:_identify(Development/MDC_libraries/python) by extensions ['colcon_pkg']
[2.215s] Level 1:colcon.colcon_core.package_identification:_identify(Development/MDC_libraries/python) by extension 'colcon_pkg'
[2.215s] Level 1:colcon.colcon_core.package_identification:_identify(Development/MDC_libraries/python) by extensions ['colcon_meta']
[2.215s] Level 1:colcon.colcon_core.package_identification:_identify(Development/MDC_libraries/python) by extension 'colcon_meta'
[2.215s] Level 1:colcon.colcon_core.package_identification:_identify(Development/MDC_libraries/python) by extensions ['ros']
[2.215s] Level 1:colcon.colcon_core.package_identification:_identify(Development/MDC_libraries/python) by extension 'ros'
[2.215s] Level 1:colcon.colcon_core.package_identification:_identify(Development/MDC_libraries/python) by extensions ['cmake', 'python']
[2.215s] Level 1:colcon.colcon_core.package_identification:_identify(Development/MDC_libraries/python) by extension 'cmake'
[2.215s] Level 1:colcon.colcon_core.package_identification:_identify(Development/MDC_libraries/python) by extension 'python'
[2.215s] Level 1:colcon.colcon_core.package_identification:_identify(Development/MDC_libraries/python) by extensions ['python_setup_py']
[2.215s] Level 1:colcon.colcon_core.package_identification:_identify(Development/MDC_libraries/python) by extension 'python_setup_py'
[2.215s] Level 1:colcon.colcon_core.package_identification:_identify(Development/MDC_libraries/python/hal) by extensions ['ignore', 'ignore_ament_install']
[2.215s] Level 1:colcon.colcon_core.package_identification:_identify(Development/MDC_libraries/python/hal) by extension 'ignore'
[2.215s] Level 1:colcon.colcon_core.package_identification:_identify(Development/MDC_libraries/python/hal) by extension 'ignore_ament_install'
[2.215s] Level 1:colcon.colcon_core.package_identification:_identify(Development/MDC_libraries/python/hal) by extensions ['colcon_pkg']
[2.215s] Level 1:colcon.colcon_core.package_identification:_identify(Development/MDC_libraries/python/hal) by extension 'colcon_pkg'
[2.215s] Level 1:colcon.colcon_core.package_identification:_identify(Development/MDC_libraries/python/hal) by extensions ['colcon_meta']
[2.215s] Level 1:colcon.colcon_core.package_identification:_identify(Development/MDC_libraries/python/hal) by extension 'colcon_meta'
[2.215s] Level 1:colcon.colcon_core.package_identification:_identify(Development/MDC_libraries/python/hal) by extensions ['ros']
[2.215s] Level 1:colcon.colcon_core.package_identification:_identify(Development/MDC_libraries/python/hal) by extension 'ros'
[2.215s] Level 1:colcon.colcon_core.package_identification:_identify(Development/MDC_libraries/python/hal) by extensions ['cmake', 'python']
[2.215s] Level 1:colcon.colcon_core.package_identification:_identify(Development/MDC_libraries/python/hal) by extension 'cmake'
[2.215s] Level 1:colcon.colcon_core.package_identification:_identify(Development/MDC_libraries/python/hal) by extension 'python'
[2.215s] Level 1:colcon.colcon_core.package_identification:_identify(Development/MDC_libraries/python/hal) by extensions ['python_setup_py']
[2.215s] Level 1:colcon.colcon_core.package_identification:_identify(Development/MDC_libraries/python/hal) by extension 'python_setup_py'
[2.215s] Level 1:colcon.colcon_core.package_identification:_identify(Development/MDC_libraries/python/hal/content) by extensions ['ignore', 'ignore_ament_install']
[2.215s] Level 1:colcon.colcon_core.package_identification:_identify(Development/MDC_libraries/python/hal/content) by extension 'ignore'
[2.216s] Level 1:colcon.colcon_core.package_identification:_identify(Development/MDC_libraries/python/hal/content) by extension 'ignore_ament_install'
[2.216s] Level 1:colcon.colcon_core.package_identification:_identify(Development/MDC_libraries/python/hal/content) by extensions ['colcon_pkg']
[2.216s] Level 1:colcon.colcon_core.package_identification:_identify(Development/MDC_libraries/python/hal/content) by extension 'colcon_pkg'
[2.216s] Level 1:colcon.colcon_core.package_identification:_identify(Development/MDC_libraries/python/hal/content) by extensions ['colcon_meta']
[2.216s] Level 1:colcon.colcon_core.package_identification:_identify(Development/MDC_libraries/python/hal/content) by extension 'colcon_meta'
[2.216s] Level 1:colcon.colcon_core.package_identification:_identify(Development/MDC_libraries/python/hal/content) by extensions ['ros']
[2.216s] Level 1:colcon.colcon_core.package_identification:_identify(Development/MDC_libraries/python/hal/content) by extension 'ros'
[2.216s] Level 1:colcon.colcon_core.package_identification:_identify(Development/MDC_libraries/python/hal/content) by extensions ['cmake', 'python']
[2.216s] Level 1:colcon.colcon_core.package_identification:_identify(Development/MDC_libraries/python/hal/content) by extension 'cmake'
[2.216s] Level 1:colcon.colcon_core.package_identification:_identify(Development/MDC_libraries/python/hal/content) by extension 'python'
[2.216s] Level 1:colcon.colcon_core.package_identification:_identify(Development/MDC_libraries/python/hal/content) by extensions ['python_setup_py']
[2.216s] Level 1:colcon.colcon_core.package_identification:_identify(Development/MDC_libraries/python/hal/content) by extension 'python_setup_py'
[2.216s] Level 1:colcon.colcon_core.package_identification:_identify(Development/MDC_libraries/python/hal/products) by extensions ['ignore', 'ignore_ament_install']
[2.216s] Level 1:colcon.colcon_core.package_identification:_identify(Development/MDC_libraries/python/hal/products) by extension 'ignore'
[2.216s] Level 1:colcon.colcon_core.package_identification:_identify(Development/MDC_libraries/python/hal/products) by extension 'ignore_ament_install'
[2.216s] Level 1:colcon.colcon_core.package_identification:_identify(Development/MDC_libraries/python/hal/products) by extensions ['colcon_pkg']
[2.216s] Level 1:colcon.colcon_core.package_identification:_identify(Development/MDC_libraries/python/hal/products) by extension 'colcon_pkg'
[2.216s] Level 1:colcon.colcon_core.package_identification:_identify(Development/MDC_libraries/python/hal/products) by extensions ['colcon_meta']
[2.216s] Level 1:colcon.colcon_core.package_identification:_identify(Development/MDC_libraries/python/hal/products) by extension 'colcon_meta'
[2.216s] Level 1:colcon.colcon_core.package_identification:_identify(Development/MDC_libraries/python/hal/products) by extensions ['ros']
[2.216s] Level 1:colcon.colcon_core.package_identification:_identify(Development/MDC_libraries/python/hal/products) by extension 'ros'
[2.216s] Level 1:colcon.colcon_core.package_identification:_identify(Development/MDC_libraries/python/hal/products) by extensions ['cmake', 'python']
[2.216s] Level 1:colcon.colcon_core.package_identification:_identify(Development/MDC_libraries/python/hal/products) by extension 'cmake'
[2.216s] Level 1:colcon.colcon_core.package_identification:_identify(Development/MDC_libraries/python/hal/products) by extension 'python'
[2.216s] Level 1:colcon.colcon_core.package_identification:_identify(Development/MDC_libraries/python/hal/products) by extensions ['python_setup_py']
[2.216s] Level 1:colcon.colcon_core.package_identification:_identify(Development/MDC_libraries/python/hal/products) by extension 'python_setup_py'
[2.216s] Level 1:colcon.colcon_core.package_identification:_identify(Development/MDC_libraries/python/hal/utilities) by extensions ['ignore', 'ignore_ament_install']
[2.216s] Level 1:colcon.colcon_core.package_identification:_identify(Development/MDC_libraries/python/hal/utilities) by extension 'ignore'
[2.216s] Level 1:colcon.colcon_core.package_identification:_identify(Development/MDC_libraries/python/hal/utilities) by extension 'ignore_ament_install'
[2.217s] Level 1:colcon.colcon_core.package_identification:_identify(Development/MDC_libraries/python/hal/utilities) by extensions ['colcon_pkg']
[2.217s] Level 1:colcon.colcon_core.package_identification:_identify(Development/MDC_libraries/python/hal/utilities) by extension 'colcon_pkg'
[2.217s] Level 1:colcon.colcon_core.package_identification:_identify(Development/MDC_libraries/python/hal/utilities) by extensions ['colcon_meta']
[2.217s] Level 1:colcon.colcon_core.package_identification:_identify(Development/MDC_libraries/python/hal/utilities) by extension 'colcon_meta'
[2.217s] Level 1:colcon.colcon_core.package_identification:_identify(Development/MDC_libraries/python/hal/utilities) by extensions ['ros']
[2.217s] Level 1:colcon.colcon_core.package_identification:_identify(Development/MDC_libraries/python/hal/utilities) by extension 'ros'
[2.217s] Level 1:colcon.colcon_core.package_identification:_identify(Development/MDC_libraries/python/hal/utilities) by extensions ['cmake', 'python']
[2.217s] Level 1:colcon.colcon_core.package_identification:_identify(Development/MDC_libraries/python/hal/utilities) by extension 'cmake'
[2.217s] Level 1:colcon.colcon_core.package_identification:_identify(Development/MDC_libraries/python/hal/utilities) by extension 'python'
[2.217s] Level 1:colcon.colcon_core.package_identification:_identify(Development/MDC_libraries/python/hal/utilities) by extensions ['python_setup_py']
[2.217s] Level 1:colcon.colcon_core.package_identification:_identify(Development/MDC_libraries/python/hal/utilities) by extension 'python_setup_py'
[2.217s] Level 1:colcon.colcon_core.package_identification:_identify(Development/MDC_libraries/python/pit) by extensions ['ignore', 'ignore_ament_install']
[2.217s] Level 1:colcon.colcon_core.package_identification:_identify(Development/MDC_libraries/python/pit) by extension 'ignore'
[2.217s] Level 1:colcon.colcon_core.package_identification:_identify(Development/MDC_libraries/python/pit) by extension 'ignore_ament_install'
[2.217s] Level 1:colcon.colcon_core.package_identification:_identify(Development/MDC_libraries/python/pit) by extensions ['colcon_pkg']
[2.217s] Level 1:colcon.colcon_core.package_identification:_identify(Development/MDC_libraries/python/pit) by extension 'colcon_pkg'
[2.217s] Level 1:colcon.colcon_core.package_identification:_identify(Development/MDC_libraries/python/pit) by extensions ['colcon_meta']
[2.217s] Level 1:colcon.colcon_core.package_identification:_identify(Development/MDC_libraries/python/pit) by extension 'colcon_meta'
[2.217s] Level 1:colcon.colcon_core.package_identification:_identify(Development/MDC_libraries/python/pit) by extensions ['ros']
[2.217s] Level 1:colcon.colcon_core.package_identification:_identify(Development/MDC_libraries/python/pit) by extension 'ros'
[2.217s] Level 1:colcon.colcon_core.package_identification:_identify(Development/MDC_libraries/python/pit) by extensions ['cmake', 'python']
[2.217s] Level 1:colcon.colcon_core.package_identification:_identify(Development/MDC_libraries/python/pit) by extension 'cmake'
[2.217s] Level 1:colcon.colcon_core.package_identification:_identify(Development/MDC_libraries/python/pit) by extension 'python'
[2.217s] Level 1:colcon.colcon_core.package_identification:_identify(Development/MDC_libraries/python/pit) by extensions ['python_setup_py']
[2.217s] Level 1:colcon.colcon_core.package_identification:_identify(Development/MDC_libraries/python/pit) by extension 'python_setup_py'
[2.217s] Level 1:colcon.colcon_core.package_identification:_identify(Development/MDC_libraries/python/pit/LaneNet) by extensions ['ignore', 'ignore_ament_install']
[2.217s] Level 1:colcon.colcon_core.package_identification:_identify(Development/MDC_libraries/python/pit/LaneNet) by extension 'ignore'
[2.217s] Level 1:colcon.colcon_core.package_identification:_identify(Development/MDC_libraries/python/pit/LaneNet) by extension 'ignore_ament_install'
[2.218s] Level 1:colcon.colcon_core.package_identification:_identify(Development/MDC_libraries/python/pit/LaneNet) by extensions ['colcon_pkg']
[2.218s] Level 1:colcon.colcon_core.package_identification:_identify(Development/MDC_libraries/python/pit/LaneNet) by extension 'colcon_pkg'
[2.218s] Level 1:colcon.colcon_core.package_identification:_identify(Development/MDC_libraries/python/pit/LaneNet) by extensions ['colcon_meta']
[2.218s] Level 1:colcon.colcon_core.package_identification:_identify(Development/MDC_libraries/python/pit/LaneNet) by extension 'colcon_meta'
[2.218s] Level 1:colcon.colcon_core.package_identification:_identify(Development/MDC_libraries/python/pit/LaneNet) by extensions ['ros']
[2.218s] Level 1:colcon.colcon_core.package_identification:_identify(Development/MDC_libraries/python/pit/LaneNet) by extension 'ros'
[2.218s] Level 1:colcon.colcon_core.package_identification:_identify(Development/MDC_libraries/python/pit/LaneNet) by extensions ['cmake', 'python']
[2.218s] Level 1:colcon.colcon_core.package_identification:_identify(Development/MDC_libraries/python/pit/LaneNet) by extension 'cmake'
[2.218s] Level 1:colcon.colcon_core.package_identification:_identify(Development/MDC_libraries/python/pit/LaneNet) by extension 'python'
[2.218s] Level 1:colcon.colcon_core.package_identification:_identify(Development/MDC_libraries/python/pit/LaneNet) by extensions ['python_setup_py']
[2.218s] Level 1:colcon.colcon_core.package_identification:_identify(Development/MDC_libraries/python/pit/LaneNet) by extension 'python_setup_py'
[2.218s] Level 1:colcon.colcon_core.package_identification:_identify(Development/MDC_libraries/python/pit/LaneNet/architecture) by extensions ['ignore', 'ignore_ament_install']
[2.218s] Level 1:colcon.colcon_core.package_identification:_identify(Development/MDC_libraries/python/pit/LaneNet/architecture) by extension 'ignore'
[2.218s] Level 1:colcon.colcon_core.package_identification:_identify(Development/MDC_libraries/python/pit/LaneNet/architecture) by extension 'ignore_ament_install'
[2.218s] Level 1:colcon.colcon_core.package_identification:_identify(Development/MDC_libraries/python/pit/LaneNet/architecture) by extensions ['colcon_pkg']
[2.218s] Level 1:colcon.colcon_core.package_identification:_identify(Development/MDC_libraries/python/pit/LaneNet/architecture) by extension 'colcon_pkg'
[2.218s] Level 1:colcon.colcon_core.package_identification:_identify(Development/MDC_libraries/python/pit/LaneNet/architecture) by extensions ['colcon_meta']
[2.218s] Level 1:colcon.colcon_core.package_identification:_identify(Development/MDC_libraries/python/pit/LaneNet/architecture) by extension 'colcon_meta'
[2.218s] Level 1:colcon.colcon_core.package_identification:_identify(Development/MDC_libraries/python/pit/LaneNet/architecture) by extensions ['ros']
[2.218s] Level 1:colcon.colcon_core.package_identification:_identify(Development/MDC_libraries/python/pit/LaneNet/architecture) by extension 'ros'
[2.218s] Level 1:colcon.colcon_core.package_identification:_identify(Development/MDC_libraries/python/pit/LaneNet/architecture) by extensions ['cmake', 'python']
[2.218s] Level 1:colcon.colcon_core.package_identification:_identify(Development/MDC_libraries/python/pit/LaneNet/architecture) by extension 'cmake'
[2.218s] Level 1:colcon.colcon_core.package_identification:_identify(Development/MDC_libraries/python/pit/LaneNet/architecture) by extension 'python'
[2.218s] Level 1:colcon.colcon_core.package_identification:_identify(Development/MDC_libraries/python/pit/LaneNet/architecture) by extensions ['python_setup_py']
[2.218s] Level 1:colcon.colcon_core.package_identification:_identify(Development/MDC_libraries/python/pit/LaneNet/architecture) by extension 'python_setup_py'
[2.218s] Level 1:colcon.colcon_core.package_identification:_identify(Development/MDC_libraries/python/pit/LaneNet/architecture/backbone) by extensions ['ignore', 'ignore_ament_install']
[2.218s] Level 1:colcon.colcon_core.package_identification:_identify(Development/MDC_libraries/python/pit/LaneNet/architecture/backbone) by extension 'ignore'
[2.218s] Level 1:colcon.colcon_core.package_identification:_identify(Development/MDC_libraries/python/pit/LaneNet/architecture/backbone) by extension 'ignore_ament_install'
[2.218s] Level 1:colcon.colcon_core.package_identification:_identify(Development/MDC_libraries/python/pit/LaneNet/architecture/backbone) by extensions ['colcon_pkg']
[2.219s] Level 1:colcon.colcon_core.package_identification:_identify(Development/MDC_libraries/python/pit/LaneNet/architecture/backbone) by extension 'colcon_pkg'
[2.219s] Level 1:colcon.colcon_core.package_identification:_identify(Development/MDC_libraries/python/pit/LaneNet/architecture/backbone) by extensions ['colcon_meta']
[2.219s] Level 1:colcon.colcon_core.package_identification:_identify(Development/MDC_libraries/python/pit/LaneNet/architecture/backbone) by extension 'colcon_meta'
[2.219s] Level 1:colcon.colcon_core.package_identification:_identify(Development/MDC_libraries/python/pit/LaneNet/architecture/backbone) by extensions ['ros']
[2.219s] Level 1:colcon.colcon_core.package_identification:_identify(Development/MDC_libraries/python/pit/LaneNet/architecture/backbone) by extension 'ros'
[2.219s] Level 1:colcon.colcon_core.package_identification:_identify(Development/MDC_libraries/python/pit/LaneNet/architecture/backbone) by extensions ['cmake', 'python']
[2.219s] Level 1:colcon.colcon_core.package_identification:_identify(Development/MDC_libraries/python/pit/LaneNet/architecture/backbone) by extension 'cmake'
[2.219s] Level 1:colcon.colcon_core.package_identification:_identify(Development/MDC_libraries/python/pit/LaneNet/architecture/backbone) by extension 'python'
[2.219s] Level 1:colcon.colcon_core.package_identification:_identify(Development/MDC_libraries/python/pit/LaneNet/architecture/backbone) by extensions ['python_setup_py']
[2.219s] Level 1:colcon.colcon_core.package_identification:_identify(Development/MDC_libraries/python/pit/LaneNet/architecture/backbone) by extension 'python_setup_py'
[2.219s] Level 1:colcon.colcon_core.package_identification:_identify(Development/MDC_libraries/python/pit/LaneNet/architecture/backbone/deeplabv3_plus) by extensions ['ignore', 'ignore_ament_install']
[2.219s] Level 1:colcon.colcon_core.package_identification:_identify(Development/MDC_libraries/python/pit/LaneNet/architecture/backbone/deeplabv3_plus) by extension 'ignore'
[2.219s] Level 1:colcon.colcon_core.package_identification:_identify(Development/MDC_libraries/python/pit/LaneNet/architecture/backbone/deeplabv3_plus) by extension 'ignore_ament_install'
[2.219s] Level 1:colcon.colcon_core.package_identification:_identify(Development/MDC_libraries/python/pit/LaneNet/architecture/backbone/deeplabv3_plus) by extensions ['colcon_pkg']
[2.219s] Level 1:colcon.colcon_core.package_identification:_identify(Development/MDC_libraries/python/pit/LaneNet/architecture/backbone/deeplabv3_plus) by extension 'colcon_pkg'
[2.219s] Level 1:colcon.colcon_core.package_identification:_identify(Development/MDC_libraries/python/pit/LaneNet/architecture/backbone/deeplabv3_plus) by extensions ['colcon_meta']
[2.219s] Level 1:colcon.colcon_core.package_identification:_identify(Development/MDC_libraries/python/pit/LaneNet/architecture/backbone/deeplabv3_plus) by extension 'colcon_meta'
[2.219s] Level 1:colcon.colcon_core.package_identification:_identify(Development/MDC_libraries/python/pit/LaneNet/architecture/backbone/deeplabv3_plus) by extensions ['ros']
[2.219s] Level 1:colcon.colcon_core.package_identification:_identify(Development/MDC_libraries/python/pit/LaneNet/architecture/backbone/deeplabv3_plus) by extension 'ros'
[2.219s] Level 1:colcon.colcon_core.package_identification:_identify(Development/MDC_libraries/python/pit/LaneNet/architecture/backbone/deeplabv3_plus) by extensions ['cmake', 'python']
[2.219s] Level 1:colcon.colcon_core.package_identification:_identify(Development/MDC_libraries/python/pit/LaneNet/architecture/backbone/deeplabv3_plus) by extension 'cmake'
[2.219s] Level 1:colcon.colcon_core.package_identification:_identify(Development/MDC_libraries/python/pit/LaneNet/architecture/backbone/deeplabv3_plus) by extension 'python'
[2.219s] Level 1:colcon.colcon_core.package_identification:_identify(Development/MDC_libraries/python/pit/LaneNet/architecture/backbone/deeplabv3_plus) by extensions ['python_setup_py']
[2.219s] Level 1:colcon.colcon_core.package_identification:_identify(Development/MDC_libraries/python/pit/LaneNet/architecture/backbone/deeplabv3_plus) by extension 'python_setup_py'
[2.219s] Level 1:colcon.colcon_core.package_identification:_identify(Development/MDC_libraries/python/pit/LaneNet/architecture/backbone/deeplabv3_plus/sync_batchnorm) by extensions ['ignore', 'ignore_ament_install']
[2.219s] Level 1:colcon.colcon_core.package_identification:_identify(Development/MDC_libraries/python/pit/LaneNet/architecture/backbone/deeplabv3_plus/sync_batchnorm) by extension 'ignore'
[2.219s] Level 1:colcon.colcon_core.package_identification:_identify(Development/MDC_libraries/python/pit/LaneNet/architecture/backbone/deeplabv3_plus/sync_batchnorm) by extension 'ignore_ament_install'
[2.220s] Level 1:colcon.colcon_core.package_identification:_identify(Development/MDC_libraries/python/pit/LaneNet/architecture/backbone/deeplabv3_plus/sync_batchnorm) by extensions ['colcon_pkg']
[2.220s] Level 1:colcon.colcon_core.package_identification:_identify(Development/MDC_libraries/python/pit/LaneNet/architecture/backbone/deeplabv3_plus/sync_batchnorm) by extension 'colcon_pkg'
[2.220s] Level 1:colcon.colcon_core.package_identification:_identify(Development/MDC_libraries/python/pit/LaneNet/architecture/backbone/deeplabv3_plus/sync_batchnorm) by extensions ['colcon_meta']
[2.220s] Level 1:colcon.colcon_core.package_identification:_identify(Development/MDC_libraries/python/pit/LaneNet/architecture/backbone/deeplabv3_plus/sync_batchnorm) by extension 'colcon_meta'
[2.220s] Level 1:colcon.colcon_core.package_identification:_identify(Development/MDC_libraries/python/pit/LaneNet/architecture/backbone/deeplabv3_plus/sync_batchnorm) by extensions ['ros']
[2.220s] Level 1:colcon.colcon_core.package_identification:_identify(Development/MDC_libraries/python/pit/LaneNet/architecture/backbone/deeplabv3_plus/sync_batchnorm) by extension 'ros'
[2.220s] Level 1:colcon.colcon_core.package_identification:_identify(Development/MDC_libraries/python/pit/LaneNet/architecture/backbone/deeplabv3_plus/sync_batchnorm) by extensions ['cmake', 'python']
[2.220s] Level 1:colcon.colcon_core.package_identification:_identify(Development/MDC_libraries/python/pit/LaneNet/architecture/backbone/deeplabv3_plus/sync_batchnorm) by extension 'cmake'
[2.220s] Level 1:colcon.colcon_core.package_identification:_identify(Development/MDC_libraries/python/pit/LaneNet/architecture/backbone/deeplabv3_plus/sync_batchnorm) by extension 'python'
[2.220s] Level 1:colcon.colcon_core.package_identification:_identify(Development/MDC_libraries/python/pit/LaneNet/architecture/backbone/deeplabv3_plus/sync_batchnorm) by extensions ['python_setup_py']
[2.220s] Level 1:colcon.colcon_core.package_identification:_identify(Development/MDC_libraries/python/pit/LaneNet/architecture/backbone/deeplabv3_plus/sync_batchnorm) by extension 'python_setup_py'
[2.220s] Level 1:colcon.colcon_core.package_identification:_identify(Development/MDC_libraries/python/pit/YOLO) by extensions ['ignore', 'ignore_ament_install']
[2.220s] Level 1:colcon.colcon_core.package_identification:_identify(Development/MDC_libraries/python/pit/YOLO) by extension 'ignore'
[2.220s] Level 1:colcon.colcon_core.package_identification:_identify(Development/MDC_libraries/python/pit/YOLO) by extension 'ignore_ament_install'
[2.220s] Level 1:colcon.colcon_core.package_identification:_identify(Development/MDC_libraries/python/pit/YOLO) by extensions ['colcon_pkg']
[2.220s] Level 1:colcon.colcon_core.package_identification:_identify(Development/MDC_libraries/python/pit/YOLO) by extension 'colcon_pkg'
[2.220s] Level 1:colcon.colcon_core.package_identification:_identify(Development/MDC_libraries/python/pit/YOLO) by extensions ['colcon_meta']
[2.220s] Level 1:colcon.colcon_core.package_identification:_identify(Development/MDC_libraries/python/pit/YOLO) by extension 'colcon_meta'
[2.220s] Level 1:colcon.colcon_core.package_identification:_identify(Development/MDC_libraries/python/pit/YOLO) by extensions ['ros']
[2.220s] Level 1:colcon.colcon_core.package_identification:_identify(Development/MDC_libraries/python/pit/YOLO) by extension 'ros'
[2.220s] Level 1:colcon.colcon_core.package_identification:_identify(Development/MDC_libraries/python/pit/YOLO) by extensions ['cmake', 'python']
[2.220s] Level 1:colcon.colcon_core.package_identification:_identify(Development/MDC_libraries/python/pit/YOLO) by extension 'cmake'
[2.220s] Level 1:colcon.colcon_core.package_identification:_identify(Development/MDC_libraries/python/pit/YOLO) by extension 'python'
[2.220s] Level 1:colcon.colcon_core.package_identification:_identify(Development/MDC_libraries/python/pit/YOLO) by extensions ['python_setup_py']
[2.220s] Level 1:colcon.colcon_core.package_identification:_identify(Development/MDC_libraries/python/pit/YOLO) by extension 'python_setup_py'
[2.220s] Level 1:colcon.colcon_core.package_identification:_identify(Development/MDC_libraries/python/pit/YOLO/__pycache__) by extensions ['ignore', 'ignore_ament_install']
[2.220s] Level 1:colcon.colcon_core.package_identification:_identify(Development/MDC_libraries/python/pit/YOLO/__pycache__) by extension 'ignore'
[2.220s] Level 1:colcon.colcon_core.package_identification:_identify(Development/MDC_libraries/python/pit/YOLO/__pycache__) by extension 'ignore_ament_install'
[2.221s] Level 1:colcon.colcon_core.package_identification:_identify(Development/MDC_libraries/python/pit/YOLO/__pycache__) by extensions ['colcon_pkg']
[2.221s] Level 1:colcon.colcon_core.package_identification:_identify(Development/MDC_libraries/python/pit/YOLO/__pycache__) by extension 'colcon_pkg'
[2.221s] Level 1:colcon.colcon_core.package_identification:_identify(Development/MDC_libraries/python/pit/YOLO/__pycache__) by extensions ['colcon_meta']
[2.221s] Level 1:colcon.colcon_core.package_identification:_identify(Development/MDC_libraries/python/pit/YOLO/__pycache__) by extension 'colcon_meta'
[2.221s] Level 1:colcon.colcon_core.package_identification:_identify(Development/MDC_libraries/python/pit/YOLO/__pycache__) by extensions ['ros']
[2.221s] Level 1:colcon.colcon_core.package_identification:_identify(Development/MDC_libraries/python/pit/YOLO/__pycache__) by extension 'ros'
[2.221s] Level 1:colcon.colcon_core.package_identification:_identify(Development/MDC_libraries/python/pit/YOLO/__pycache__) by extensions ['cmake', 'python']
[2.221s] Level 1:colcon.colcon_core.package_identification:_identify(Development/MDC_libraries/python/pit/YOLO/__pycache__) by extension 'cmake'
[2.221s] Level 1:colcon.colcon_core.package_identification:_identify(Development/MDC_libraries/python/pit/YOLO/__pycache__) by extension 'python'
[2.221s] Level 1:colcon.colcon_core.package_identification:_identify(Development/MDC_libraries/python/pit/YOLO/__pycache__) by extensions ['python_setup_py']
[2.221s] Level 1:colcon.colcon_core.package_identification:_identify(Development/MDC_libraries/python/pit/YOLO/__pycache__) by extension 'python_setup_py'
[2.221s] Level 1:colcon.colcon_core.package_identification:_identify(Development/MDC_libraries/python/pit/haar) by extensions ['ignore', 'ignore_ament_install']
[2.221s] Level 1:colcon.colcon_core.package_identification:_identify(Development/MDC_libraries/python/pit/haar) by extension 'ignore'
[2.221s] Level 1:colcon.colcon_core.package_identification:_identify(Development/MDC_libraries/python/pit/haar) by extension 'ignore_ament_install'
[2.221s] Level 1:colcon.colcon_core.package_identification:_identify(Development/MDC_libraries/python/pit/haar) by extensions ['colcon_pkg']
[2.221s] Level 1:colcon.colcon_core.package_identification:_identify(Development/MDC_libraries/python/pit/haar) by extension 'colcon_pkg'
[2.221s] Level 1:colcon.colcon_core.package_identification:_identify(Development/MDC_libraries/python/pit/haar) by extensions ['colcon_meta']
[2.221s] Level 1:colcon.colcon_core.package_identification:_identify(Development/MDC_libraries/python/pit/haar) by extension 'colcon_meta'
[2.221s] Level 1:colcon.colcon_core.package_identification:_identify(Development/MDC_libraries/python/pit/haar) by extensions ['ros']
[2.221s] Level 1:colcon.colcon_core.package_identification:_identify(Development/MDC_libraries/python/pit/haar) by extension 'ros'
[2.221s] Level 1:colcon.colcon_core.package_identification:_identify(Development/MDC_libraries/python/pit/haar) by extensions ['cmake', 'python']
[2.221s] Level 1:colcon.colcon_core.package_identification:_identify(Development/MDC_libraries/python/pit/haar) by extension 'cmake'
[2.221s] Level 1:colcon.colcon_core.package_identification:_identify(Development/MDC_libraries/python/pit/haar) by extension 'python'
[2.221s] Level 1:colcon.colcon_core.package_identification:_identify(Development/MDC_libraries/python/pit/haar) by extensions ['python_setup_py']
[2.221s] Level 1:colcon.colcon_core.package_identification:_identify(Development/MDC_libraries/python/pit/haar) by extension 'python_setup_py'
[2.221s] Level 1:colcon.colcon_core.package_identification:_identify(Development/MDC_libraries/python/pit/jetson) by extensions ['ignore', 'ignore_ament_install']
[2.221s] Level 1:colcon.colcon_core.package_identification:_identify(Development/MDC_libraries/python/pit/jetson) by extension 'ignore'
[2.221s] Level 1:colcon.colcon_core.package_identification:_identify(Development/MDC_libraries/python/pit/jetson) by extension 'ignore_ament_install'
[2.221s] Level 1:colcon.colcon_core.package_identification:_identify(Development/MDC_libraries/python/pit/jetson) by extensions ['colcon_pkg']
[2.221s] Level 1:colcon.colcon_core.package_identification:_identify(Development/MDC_libraries/python/pit/jetson) by extension 'colcon_pkg'
[2.222s] Level 1:colcon.colcon_core.package_identification:_identify(Development/MDC_libraries/python/pit/jetson) by extensions ['colcon_meta']
[2.222s] Level 1:colcon.colcon_core.package_identification:_identify(Development/MDC_libraries/python/pit/jetson) by extension 'colcon_meta'
[2.222s] Level 1:colcon.colcon_core.package_identification:_identify(Development/MDC_libraries/python/pit/jetson) by extensions ['ros']
[2.222s] Level 1:colcon.colcon_core.package_identification:_identify(Development/MDC_libraries/python/pit/jetson) by extension 'ros'
[2.222s] Level 1:colcon.colcon_core.package_identification:_identify(Development/MDC_libraries/python/pit/jetson) by extensions ['cmake', 'python']
[2.222s] Level 1:colcon.colcon_core.package_identification:_identify(Development/MDC_libraries/python/pit/jetson) by extension 'cmake'
[2.222s] Level 1:colcon.colcon_core.package_identification:_identify(Development/MDC_libraries/python/pit/jetson) by extension 'python'
[2.222s] Level 1:colcon.colcon_core.package_identification:_identify(Development/MDC_libraries/python/pit/jetson) by extensions ['python_setup_py']
[2.222s] Level 1:colcon.colcon_core.package_identification:_identify(Development/MDC_libraries/python/pit/jetson) by extension 'python_setup_py'
[2.222s] Level 1:colcon.colcon_core.package_identification:_identify(Development/log) by extensions ['ignore', 'ignore_ament_install']
[2.222s] Level 1:colcon.colcon_core.package_identification:_identify(Development/log) by extension 'ignore'
[2.222s] Level 1:colcon.colcon_core.package_identification:_identify(Development/log) ignored
[2.222s] Level 1:colcon.colcon_core.package_identification:_identify(Development/python_resources) by extensions ['ignore', 'ignore_ament_install']
[2.222s] Level 1:colcon.colcon_core.package_identification:_identify(Development/python_resources) by extension 'ignore'
[2.222s] Level 1:colcon.colcon_core.package_identification:_identify(Development/python_resources) by extension 'ignore_ament_install'
[2.222s] Level 1:colcon.colcon_core.package_identification:_identify(Development/python_resources) by extensions ['colcon_pkg']
[2.222s] Level 1:colcon.colcon_core.package_identification:_identify(Development/python_resources) by extension 'colcon_pkg'
[2.222s] Level 1:colcon.colcon_core.package_identification:_identify(Development/python_resources) by extensions ['colcon_meta']
[2.222s] Level 1:colcon.colcon_core.package_identification:_identify(Development/python_resources) by extension 'colcon_meta'
[2.222s] Level 1:colcon.colcon_core.package_identification:_identify(Development/python_resources) by extensions ['ros']
[2.222s] Level 1:colcon.colcon_core.package_identification:_identify(Development/python_resources) by extension 'ros'
[2.222s] Level 1:colcon.colcon_core.package_identification:_identify(Development/python_resources) by extensions ['cmake', 'python']
[2.222s] Level 1:colcon.colcon_core.package_identification:_identify(Development/python_resources) by extension 'cmake'
[2.222s] Level 1:colcon.colcon_core.package_identification:_identify(Development/python_resources) by extension 'python'
[2.222s] Level 1:colcon.colcon_core.package_identification:_identify(Development/python_resources) by extensions ['python_setup_py']
[2.222s] Level 1:colcon.colcon_core.package_identification:_identify(Development/python_resources) by extension 'python_setup_py'
[2.223s] Level 1:colcon.colcon_core.package_identification:_identify(Development/python_resources/qcar) by extensions ['ignore', 'ignore_ament_install']
[2.223s] Level 1:colcon.colcon_core.package_identification:_identify(Development/python_resources/qcar) by extension 'ignore'
[2.223s] Level 1:colcon.colcon_core.package_identification:_identify(Development/python_resources/qcar) by extension 'ignore_ament_install'
[2.223s] Level 1:colcon.colcon_core.package_identification:_identify(Development/python_resources/qcar) by extensions ['colcon_pkg']
[2.223s] Level 1:colcon.colcon_core.package_identification:_identify(Development/python_resources/qcar) by extension 'colcon_pkg'
[2.223s] Level 1:colcon.colcon_core.package_identification:_identify(Development/python_resources/qcar) by extensions ['colcon_meta']
[2.223s] Level 1:colcon.colcon_core.package_identification:_identify(Development/python_resources/qcar) by extension 'colcon_meta'
[2.223s] Level 1:colcon.colcon_core.package_identification:_identify(Development/python_resources/qcar) by extensions ['ros']
[2.223s] Level 1:colcon.colcon_core.package_identification:_identify(Development/python_resources/qcar) by extension 'ros'
[2.223s] Level 1:colcon.colcon_core.package_identification:_identify(Development/python_resources/qcar) by extensions ['cmake', 'python']
[2.223s] Level 1:colcon.colcon_core.package_identification:_identify(Development/python_resources/qcar) by extension 'cmake'
[2.223s] Level 1:colcon.colcon_core.package_identification:_identify(Development/python_resources/qcar) by extension 'python'
[2.223s] Level 1:colcon.colcon_core.package_identification:_identify(Development/python_resources/qcar) by extensions ['python_setup_py']
[2.223s] Level 1:colcon.colcon_core.package_identification:_identify(Development/python_resources/qcar) by extension 'python_setup_py'
[2.223s] Level 1:colcon.colcon_core.package_identification:_identify(Development/python_resources/qcar/hardware) by extensions ['ignore', 'ignore_ament_install']
[2.223s] Level 1:colcon.colcon_core.package_identification:_identify(Development/python_resources/qcar/hardware) by extension 'ignore'
[2.223s] Level 1:colcon.colcon_core.package_identification:_identify(Development/python_resources/qcar/hardware) by extension 'ignore_ament_install'
[2.223s] Level 1:colcon.colcon_core.package_identification:_identify(Development/python_resources/qcar/hardware) by extensions ['colcon_pkg']
[2.223s] Level 1:colcon.colcon_core.package_identification:_identify(Development/python_resources/qcar/hardware) by extension 'colcon_pkg'
[2.223s] Level 1:colcon.colcon_core.package_identification:_identify(Development/python_resources/qcar/hardware) by extensions ['colcon_meta']
[2.223s] Level 1:colcon.colcon_core.package_identification:_identify(Development/python_resources/qcar/hardware) by extension 'colcon_meta'
[2.223s] Level 1:colcon.colcon_core.package_identification:_identify(Development/python_resources/qcar/hardware) by extensions ['ros']
[2.223s] Level 1:colcon.colcon_core.package_identification:_identify(Development/python_resources/qcar/hardware) by extension 'ros'
[2.223s] Level 1:colcon.colcon_core.package_identification:_identify(Development/python_resources/qcar/hardware) by extensions ['cmake', 'python']
[2.223s] Level 1:colcon.colcon_core.package_identification:_identify(Development/python_resources/qcar/hardware) by extension 'cmake'
[2.223s] Level 1:colcon.colcon_core.package_identification:_identify(Development/python_resources/qcar/hardware) by extension 'python'
[2.223s] Level 1:colcon.colcon_core.package_identification:_identify(Development/python_resources/qcar/hardware) by extensions ['python_setup_py']
[2.223s] Level 1:colcon.colcon_core.package_identification:_identify(Development/python_resources/qcar/hardware) by extension 'python_setup_py'
[2.224s] Level 1:colcon.colcon_core.package_identification:_identify(Development/python_resources/qcar/hardware/applications) by extensions ['ignore', 'ignore_ament_install']
[2.224s] Level 1:colcon.colcon_core.package_identification:_identify(Development/python_resources/qcar/hardware/applications) by extension 'ignore'
[2.224s] Level 1:colcon.colcon_core.package_identification:_identify(Development/python_resources/qcar/hardware/applications) by extension 'ignore_ament_install'
[2.224s] Level 1:colcon.colcon_core.package_identification:_identify(Development/python_resources/qcar/hardware/applications) by extensions ['colcon_pkg']
[2.224s] Level 1:colcon.colcon_core.package_identification:_identify(Development/python_resources/qcar/hardware/applications) by extension 'colcon_pkg'
[2.224s] Level 1:colcon.colcon_core.package_identification:_identify(Development/python_resources/qcar/hardware/applications) by extensions ['colcon_meta']
[2.224s] Level 1:colcon.colcon_core.package_identification:_identify(Development/python_resources/qcar/hardware/applications) by extension 'colcon_meta'
[2.224s] Level 1:colcon.colcon_core.package_identification:_identify(Development/python_resources/qcar/hardware/applications) by extensions ['ros']
[2.224s] Level 1:colcon.colcon_core.package_identification:_identify(Development/python_resources/qcar/hardware/applications) by extension 'ros'
[2.224s] Level 1:colcon.colcon_core.package_identification:_identify(Development/python_resources/qcar/hardware/applications) by extensions ['cmake', 'python']
[2.224s] Level 1:colcon.colcon_core.package_identification:_identify(Development/python_resources/qcar/hardware/applications) by extension 'cmake'
[2.224s] Level 1:colcon.colcon_core.package_identification:_identify(Development/python_resources/qcar/hardware/applications) by extension 'python'
[2.224s] Level 1:colcon.colcon_core.package_identification:_identify(Development/python_resources/qcar/hardware/applications) by extensions ['python_setup_py']
[2.224s] Level 1:colcon.colcon_core.package_identification:_identify(Development/python_resources/qcar/hardware/applications) by extension 'python_setup_py'
[2.224s] Level 1:colcon.colcon_core.package_identification:_identify(Development/python_resources/qcar/hardware/applications/360_vision) by extensions ['ignore', 'ignore_ament_install']
[2.224s] Level 1:colcon.colcon_core.package_identification:_identify(Development/python_resources/qcar/hardware/applications/360_vision) by extension 'ignore'
[2.224s] Level 1:colcon.colcon_core.package_identification:_identify(Development/python_resources/qcar/hardware/applications/360_vision) by extension 'ignore_ament_install'
[2.224s] Level 1:colcon.colcon_core.package_identification:_identify(Development/python_resources/qcar/hardware/applications/360_vision) by extensions ['colcon_pkg']
[2.224s] Level 1:colcon.colcon_core.package_identification:_identify(Development/python_resources/qcar/hardware/applications/360_vision) by extension 'colcon_pkg'
[2.224s] Level 1:colcon.colcon_core.package_identification:_identify(Development/python_resources/qcar/hardware/applications/360_vision) by extensions ['colcon_meta']
[2.224s] Level 1:colcon.colcon_core.package_identification:_identify(Development/python_resources/qcar/hardware/applications/360_vision) by extension 'colcon_meta'
[2.224s] Level 1:colcon.colcon_core.package_identification:_identify(Development/python_resources/qcar/hardware/applications/360_vision) by extensions ['ros']
[2.224s] Level 1:colcon.colcon_core.package_identification:_identify(Development/python_resources/qcar/hardware/applications/360_vision) by extension 'ros'
[2.224s] Level 1:colcon.colcon_core.package_identification:_identify(Development/python_resources/qcar/hardware/applications/360_vision) by extensions ['cmake', 'python']
[2.224s] Level 1:colcon.colcon_core.package_identification:_identify(Development/python_resources/qcar/hardware/applications/360_vision) by extension 'cmake'
[2.224s] Level 1:colcon.colcon_core.package_identification:_identify(Development/python_resources/qcar/hardware/applications/360_vision) by extension 'python'
[2.224s] Level 1:colcon.colcon_core.package_identification:_identify(Development/python_resources/qcar/hardware/applications/360_vision) by extensions ['python_setup_py']
[2.224s] Level 1:colcon.colcon_core.package_identification:_identify(Development/python_resources/qcar/hardware/applications/360_vision) by extension 'python_setup_py'
[2.224s] Level 1:colcon.colcon_core.package_identification:_identify(Development/python_resources/qcar/hardware/applications/lane_following) by extensions ['ignore', 'ignore_ament_install']
[2.225s] Level 1:colcon.colcon_core.package_identification:_identify(Development/python_resources/qcar/hardware/applications/lane_following) by extension 'ignore'
[2.225s] Level 1:colcon.colcon_core.package_identification:_identify(Development/python_resources/qcar/hardware/applications/lane_following) by extension 'ignore_ament_install'
[2.225s] Level 1:colcon.colcon_core.package_identification:_identify(Development/python_resources/qcar/hardware/applications/lane_following) by extensions ['colcon_pkg']
[2.225s] Level 1:colcon.colcon_core.package_identification:_identify(Development/python_resources/qcar/hardware/applications/lane_following) by extension 'colcon_pkg'
[2.225s] Level 1:colcon.colcon_core.package_identification:_identify(Development/python_resources/qcar/hardware/applications/lane_following) by extensions ['colcon_meta']
[2.225s] Level 1:colcon.colcon_core.package_identification:_identify(Development/python_resources/qcar/hardware/applications/lane_following) by extension 'colcon_meta'
[2.225s] Level 1:colcon.colcon_core.package_identification:_identify(Development/python_resources/qcar/hardware/applications/lane_following) by extensions ['ros']
[2.225s] Level 1:colcon.colcon_core.package_identification:_identify(Development/python_resources/qcar/hardware/applications/lane_following) by extension 'ros'
[2.225s] Level 1:colcon.colcon_core.package_identification:_identify(Development/python_resources/qcar/hardware/applications/lane_following) by extensions ['cmake', 'python']
[2.225s] Level 1:colcon.colcon_core.package_identification:_identify(Development/python_resources/qcar/hardware/applications/lane_following) by extension 'cmake'
[2.225s] Level 1:colcon.colcon_core.package_identification:_identify(Development/python_resources/qcar/hardware/applications/lane_following) by extension 'python'
[2.225s] Level 1:colcon.colcon_core.package_identification:_identify(Development/python_resources/qcar/hardware/applications/lane_following) by extensions ['python_setup_py']
[2.225s] Level 1:colcon.colcon_core.package_identification:_identify(Development/python_resources/qcar/hardware/applications/lane_following) by extension 'python_setup_py'
[2.225s] Level 1:colcon.colcon_core.package_identification:_identify(Development/python_resources/qcar/hardware/applications/manual_drive) by extensions ['ignore', 'ignore_ament_install']
[2.225s] Level 1:colcon.colcon_core.package_identification:_identify(Development/python_resources/qcar/hardware/applications/manual_drive) by extension 'ignore'
[2.225s] Level 1:colcon.colcon_core.package_identification:_identify(Development/python_resources/qcar/hardware/applications/manual_drive) by extension 'ignore_ament_install'
[2.225s] Level 1:colcon.colcon_core.package_identification:_identify(Development/python_resources/qcar/hardware/applications/manual_drive) by extensions ['colcon_pkg']
[2.225s] Level 1:colcon.colcon_core.package_identification:_identify(Development/python_resources/qcar/hardware/applications/manual_drive) by extension 'colcon_pkg'
[2.225s] Level 1:colcon.colcon_core.package_identification:_identify(Development/python_resources/qcar/hardware/applications/manual_drive) by extensions ['colcon_meta']
[2.225s] Level 1:colcon.colcon_core.package_identification:_identify(Development/python_resources/qcar/hardware/applications/manual_drive) by extension 'colcon_meta'
[2.225s] Level 1:colcon.colcon_core.package_identification:_identify(Development/python_resources/qcar/hardware/applications/manual_drive) by extensions ['ros']
[2.225s] Level 1:colcon.colcon_core.package_identification:_identify(Development/python_resources/qcar/hardware/applications/manual_drive) by extension 'ros'
[2.225s] Level 1:colcon.colcon_core.package_identification:_identify(Development/python_resources/qcar/hardware/applications/manual_drive) by extensions ['cmake', 'python']
[2.225s] Level 1:colcon.colcon_core.package_identification:_identify(Development/python_resources/qcar/hardware/applications/manual_drive) by extension 'cmake'
[2.225s] Level 1:colcon.colcon_core.package_identification:_identify(Development/python_resources/qcar/hardware/applications/manual_drive) by extension 'python'
[2.225s] Level 1:colcon.colcon_core.package_identification:_identify(Development/python_resources/qcar/hardware/applications/manual_drive) by extensions ['python_setup_py']
[2.225s] Level 1:colcon.colcon_core.package_identification:_identify(Development/python_resources/qcar/hardware/applications/manual_drive) by extension 'python_setup_py'
[2.225s] Level 1:colcon.colcon_core.package_identification:_identify(Development/python_resources/qcar/hardware/applications/point_cloud_generation) by extensions ['ignore', 'ignore_ament_install']
[2.226s] Level 1:colcon.colcon_core.package_identification:_identify(Development/python_resources/qcar/hardware/applications/point_cloud_generation) by extension 'ignore'
[2.226s] Level 1:colcon.colcon_core.package_identification:_identify(Development/python_resources/qcar/hardware/applications/point_cloud_generation) by extension 'ignore_ament_install'
[2.226s] Level 1:colcon.colcon_core.package_identification:_identify(Development/python_resources/qcar/hardware/applications/point_cloud_generation) by extensions ['colcon_pkg']
[2.226s] Level 1:colcon.colcon_core.package_identification:_identify(Development/python_resources/qcar/hardware/applications/point_cloud_generation) by extension 'colcon_pkg'
[2.226s] Level 1:colcon.colcon_core.package_identification:_identify(Development/python_resources/qcar/hardware/applications/point_cloud_generation) by extensions ['colcon_meta']
[2.226s] Level 1:colcon.colcon_core.package_identification:_identify(Development/python_resources/qcar/hardware/applications/point_cloud_generation) by extension 'colcon_meta'
[2.226s] Level 1:colcon.colcon_core.package_identification:_identify(Development/python_resources/qcar/hardware/applications/point_cloud_generation) by extensions ['ros']
[2.226s] Level 1:colcon.colcon_core.package_identification:_identify(Development/python_resources/qcar/hardware/applications/point_cloud_generation) by extension 'ros'
[2.226s] Level 1:colcon.colcon_core.package_identification:_identify(Development/python_resources/qcar/hardware/applications/point_cloud_generation) by extensions ['cmake', 'python']
[2.226s] Level 1:colcon.colcon_core.package_identification:_identify(Development/python_resources/qcar/hardware/applications/point_cloud_generation) by extension 'cmake'
[2.226s] Level 1:colcon.colcon_core.package_identification:_identify(Development/python_resources/qcar/hardware/applications/point_cloud_generation) by extension 'python'
[2.226s] Level 1:colcon.colcon_core.package_identification:_identify(Development/python_resources/qcar/hardware/applications/point_cloud_generation) by extensions ['python_setup_py']
[2.226s] Level 1:colcon.colcon_core.package_identification:_identify(Development/python_resources/qcar/hardware/applications/point_cloud_generation) by extension 'python_setup_py'
[2.226s] Level 1:colcon.colcon_core.package_identification:_identify(Development/python_resources/qcar/hardware/applications/rgbd_imaging) by extensions ['ignore', 'ignore_ament_install']
[2.226s] Level 1:colcon.colcon_core.package_identification:_identify(Development/python_resources/qcar/hardware/applications/rgbd_imaging) by extension 'ignore'
[2.226s] Level 1:colcon.colcon_core.package_identification:_identify(Development/python_resources/qcar/hardware/applications/rgbd_imaging) by extension 'ignore_ament_install'
[2.226s] Level 1:colcon.colcon_core.package_identification:_identify(Development/python_resources/qcar/hardware/applications/rgbd_imaging) by extensions ['colcon_pkg']
[2.226s] Level 1:colcon.colcon_core.package_identification:_identify(Development/python_resources/qcar/hardware/applications/rgbd_imaging) by extension 'colcon_pkg'
[2.226s] Level 1:colcon.colcon_core.package_identification:_identify(Development/python_resources/qcar/hardware/applications/rgbd_imaging) by extensions ['colcon_meta']
[2.226s] Level 1:colcon.colcon_core.package_identification:_identify(Development/python_resources/qcar/hardware/applications/rgbd_imaging) by extension 'colcon_meta'
[2.226s] Level 1:colcon.colcon_core.package_identification:_identify(Development/python_resources/qcar/hardware/applications/rgbd_imaging) by extensions ['ros']
[2.226s] Level 1:colcon.colcon_core.package_identification:_identify(Development/python_resources/qcar/hardware/applications/rgbd_imaging) by extension 'ros'
[2.226s] Level 1:colcon.colcon_core.package_identification:_identify(Development/python_resources/qcar/hardware/applications/rgbd_imaging) by extensions ['cmake', 'python']
[2.226s] Level 1:colcon.colcon_core.package_identification:_identify(Development/python_resources/qcar/hardware/applications/rgbd_imaging) by extension 'cmake'
[2.226s] Level 1:colcon.colcon_core.package_identification:_identify(Development/python_resources/qcar/hardware/applications/rgbd_imaging) by extension 'python'
[2.226s] Level 1:colcon.colcon_core.package_identification:_identify(Development/python_resources/qcar/hardware/applications/rgbd_imaging) by extensions ['python_setup_py']
[2.226s] Level 1:colcon.colcon_core.package_identification:_identify(Development/python_resources/qcar/hardware/applications/rgbd_imaging) by extension 'python_setup_py'
[2.226s] Level 1:colcon.colcon_core.package_identification:_identify(Development/python_resources/qcar/hardware/hardware_tests) by extensions ['ignore', 'ignore_ament_install']
[2.226s] Level 1:colcon.colcon_core.package_identification:_identify(Development/python_resources/qcar/hardware/hardware_tests) by extension 'ignore'
[2.227s] Level 1:colcon.colcon_core.package_identification:_identify(Development/python_resources/qcar/hardware/hardware_tests) by extension 'ignore_ament_install'
[2.227s] Level 1:colcon.colcon_core.package_identification:_identify(Development/python_resources/qcar/hardware/hardware_tests) by extensions ['colcon_pkg']
[2.227s] Level 1:colcon.colcon_core.package_identification:_identify(Development/python_resources/qcar/hardware/hardware_tests) by extension 'colcon_pkg'
[2.227s] Level 1:colcon.colcon_core.package_identification:_identify(Development/python_resources/qcar/hardware/hardware_tests) by extensions ['colcon_meta']
[2.227s] Level 1:colcon.colcon_core.package_identification:_identify(Development/python_resources/qcar/hardware/hardware_tests) by extension 'colcon_meta'
[2.227s] Level 1:colcon.colcon_core.package_identification:_identify(Development/python_resources/qcar/hardware/hardware_tests) by extensions ['ros']
[2.227s] Level 1:colcon.colcon_core.package_identification:_identify(Development/python_resources/qcar/hardware/hardware_tests) by extension 'ros'
[2.227s] Level 1:colcon.colcon_core.package_identification:_identify(Development/python_resources/qcar/hardware/hardware_tests) by extensions ['cmake', 'python']
[2.227s] Level 1:colcon.colcon_core.package_identification:_identify(Development/python_resources/qcar/hardware/hardware_tests) by extension 'cmake'
[2.227s] Level 1:colcon.colcon_core.package_identification:_identify(Development/python_resources/qcar/hardware/hardware_tests) by extension 'python'
[2.227s] Level 1:colcon.colcon_core.package_identification:_identify(Development/python_resources/qcar/hardware/hardware_tests) by extensions ['python_setup_py']
[2.227s] Level 1:colcon.colcon_core.package_identification:_identify(Development/python_resources/qcar/hardware/hardware_tests) by extension 'python_setup_py'
[2.227s] Level 1:colcon.colcon_core.package_identification:_identify(Development/python_resources/qcar/virtual) by extensions ['ignore', 'ignore_ament_install']
[2.227s] Level 1:colcon.colcon_core.package_identification:_identify(Development/python_resources/qcar/virtual) by extension 'ignore'
[2.227s] Level 1:colcon.colcon_core.package_identification:_identify(Development/python_resources/qcar/virtual) by extension 'ignore_ament_install'
[2.227s] Level 1:colcon.colcon_core.package_identification:_identify(Development/python_resources/qcar/virtual) by extensions ['colcon_pkg']
[2.227s] Level 1:colcon.colcon_core.package_identification:_identify(Development/python_resources/qcar/virtual) by extension 'colcon_pkg'
[2.227s] Level 1:colcon.colcon_core.package_identification:_identify(Development/python_resources/qcar/virtual) by extensions ['colcon_meta']
[2.227s] Level 1:colcon.colcon_core.package_identification:_identify(Development/python_resources/qcar/virtual) by extension 'colcon_meta'
[2.227s] Level 1:colcon.colcon_core.package_identification:_identify(Development/python_resources/qcar/virtual) by extensions ['ros']
[2.227s] Level 1:colcon.colcon_core.package_identification:_identify(Development/python_resources/qcar/virtual) by extension 'ros'
[2.227s] Level 1:colcon.colcon_core.package_identification:_identify(Development/python_resources/qcar/virtual) by extensions ['cmake', 'python']
[2.227s] Level 1:colcon.colcon_core.package_identification:_identify(Development/python_resources/qcar/virtual) by extension 'cmake'
[2.227s] Level 1:colcon.colcon_core.package_identification:_identify(Development/python_resources/qcar/virtual) by extension 'python'
[2.227s] Level 1:colcon.colcon_core.package_identification:_identify(Development/python_resources/qcar/virtual) by extensions ['python_setup_py']
[2.227s] Level 1:colcon.colcon_core.package_identification:_identify(Development/python_resources/qcar/virtual) by extension 'python_setup_py'
[2.227s] Level 1:colcon.colcon_core.package_identification:_identify(Development/python_resources/qcar/virtual/applications) by extensions ['ignore', 'ignore_ament_install']
[2.227s] Level 1:colcon.colcon_core.package_identification:_identify(Development/python_resources/qcar/virtual/applications) by extension 'ignore'
[2.227s] Level 1:colcon.colcon_core.package_identification:_identify(Development/python_resources/qcar/virtual/applications) by extension 'ignore_ament_install'
[2.228s] Level 1:colcon.colcon_core.package_identification:_identify(Development/python_resources/qcar/virtual/applications) by extensions ['colcon_pkg']
[2.228s] Level 1:colcon.colcon_core.package_identification:_identify(Development/python_resources/qcar/virtual/applications) by extension 'colcon_pkg'
[2.228s] Level 1:colcon.colcon_core.package_identification:_identify(Development/python_resources/qcar/virtual/applications) by extensions ['colcon_meta']
[2.228s] Level 1:colcon.colcon_core.package_identification:_identify(Development/python_resources/qcar/virtual/applications) by extension 'colcon_meta'
[2.228s] Level 1:colcon.colcon_core.package_identification:_identify(Development/python_resources/qcar/virtual/applications) by extensions ['ros']
[2.228s] Level 1:colcon.colcon_core.package_identification:_identify(Development/python_resources/qcar/virtual/applications) by extension 'ros'
[2.228s] Level 1:colcon.colcon_core.package_identification:_identify(Development/python_resources/qcar/virtual/applications) by extensions ['cmake', 'python']
[2.228s] Level 1:colcon.colcon_core.package_identification:_identify(Development/python_resources/qcar/virtual/applications) by extension 'cmake'
[2.228s] Level 1:colcon.colcon_core.package_identification:_identify(Development/python_resources/qcar/virtual/applications) by extension 'python'
[2.228s] Level 1:colcon.colcon_core.package_identification:_identify(Development/python_resources/qcar/virtual/applications) by extensions ['python_setup_py']
[2.228s] Level 1:colcon.colcon_core.package_identification:_identify(Development/python_resources/qcar/virtual/applications) by extension 'python_setup_py'
[2.228s] Level 1:colcon.colcon_core.package_identification:_identify(Development/python_resources/qcar/virtual/applications/360_vision) by extensions ['ignore', 'ignore_ament_install']
[2.228s] Level 1:colcon.colcon_core.package_identification:_identify(Development/python_resources/qcar/virtual/applications/360_vision) by extension 'ignore'
[2.228s] Level 1:colcon.colcon_core.package_identification:_identify(Development/python_resources/qcar/virtual/applications/360_vision) by extension 'ignore_ament_install'
[2.228s] Level 1:colcon.colcon_core.package_identification:_identify(Development/python_resources/qcar/virtual/applications/360_vision) by extensions ['colcon_pkg']
[2.228s] Level 1:colcon.colcon_core.package_identification:_identify(Development/python_resources/qcar/virtual/applications/360_vision) by extension 'colcon_pkg'
[2.228s] Level 1:colcon.colcon_core.package_identification:_identify(Development/python_resources/qcar/virtual/applications/360_vision) by extensions ['colcon_meta']
[2.228s] Level 1:colcon.colcon_core.package_identification:_identify(Development/python_resources/qcar/virtual/applications/360_vision) by extension 'colcon_meta'
[2.228s] Level 1:colcon.colcon_core.package_identification:_identify(Development/python_resources/qcar/virtual/applications/360_vision) by extensions ['ros']
[2.228s] Level 1:colcon.colcon_core.package_identification:_identify(Development/python_resources/qcar/virtual/applications/360_vision) by extension 'ros'
[2.228s] Level 1:colcon.colcon_core.package_identification:_identify(Development/python_resources/qcar/virtual/applications/360_vision) by extensions ['cmake', 'python']
[2.228s] Level 1:colcon.colcon_core.package_identification:_identify(Development/python_resources/qcar/virtual/applications/360_vision) by extension 'cmake'
[2.228s] Level 1:colcon.colcon_core.package_identification:_identify(Development/python_resources/qcar/virtual/applications/360_vision) by extension 'python'
[2.228s] Level 1:colcon.colcon_core.package_identification:_identify(Development/python_resources/qcar/virtual/applications/360_vision) by extensions ['python_setup_py']
[2.228s] Level 1:colcon.colcon_core.package_identification:_identify(Development/python_resources/qcar/virtual/applications/360_vision) by extension 'python_setup_py'
[2.228s] Level 1:colcon.colcon_core.package_identification:_identify(Development/python_resources/qcar/virtual/applications/lane_following) by extensions ['ignore', 'ignore_ament_install']
[2.228s] Level 1:colcon.colcon_core.package_identification:_identify(Development/python_resources/qcar/virtual/applications/lane_following) by extension 'ignore'
[2.228s] Level 1:colcon.colcon_core.package_identification:_identify(Development/python_resources/qcar/virtual/applications/lane_following) by extension 'ignore_ament_install'
[2.228s] Level 1:colcon.colcon_core.package_identification:_identify(Development/python_resources/qcar/virtual/applications/lane_following) by extensions ['colcon_pkg']
[2.228s] Level 1:colcon.colcon_core.package_identification:_identify(Development/python_resources/qcar/virtual/applications/lane_following) by extension 'colcon_pkg'
[2.229s] Level 1:colcon.colcon_core.package_identification:_identify(Development/python_resources/qcar/virtual/applications/lane_following) by extensions ['colcon_meta']
[2.229s] Level 1:colcon.colcon_core.package_identification:_identify(Development/python_resources/qcar/virtual/applications/lane_following) by extension 'colcon_meta'
[2.229s] Level 1:colcon.colcon_core.package_identification:_identify(Development/python_resources/qcar/virtual/applications/lane_following) by extensions ['ros']
[2.229s] Level 1:colcon.colcon_core.package_identification:_identify(Development/python_resources/qcar/virtual/applications/lane_following) by extension 'ros'
[2.229s] Level 1:colcon.colcon_core.package_identification:_identify(Development/python_resources/qcar/virtual/applications/lane_following) by extensions ['cmake', 'python']
[2.229s] Level 1:colcon.colcon_core.package_identification:_identify(Development/python_resources/qcar/virtual/applications/lane_following) by extension 'cmake'
[2.229s] Level 1:colcon.colcon_core.package_identification:_identify(Development/python_resources/qcar/virtual/applications/lane_following) by extension 'python'
[2.229s] Level 1:colcon.colcon_core.package_identification:_identify(Development/python_resources/qcar/virtual/applications/lane_following) by extensions ['python_setup_py']
[2.229s] Level 1:colcon.colcon_core.package_identification:_identify(Development/python_resources/qcar/virtual/applications/lane_following) by extension 'python_setup_py'
[2.229s] Level 1:colcon.colcon_core.package_identification:_identify(Development/python_resources/qcar/virtual/applications/manual_drive) by extensions ['ignore', 'ignore_ament_install']
[2.229s] Level 1:colcon.colcon_core.package_identification:_identify(Development/python_resources/qcar/virtual/applications/manual_drive) by extension 'ignore'
[2.229s] Level 1:colcon.colcon_core.package_identification:_identify(Development/python_resources/qcar/virtual/applications/manual_drive) by extension 'ignore_ament_install'
[2.229s] Level 1:colcon.colcon_core.package_identification:_identify(Development/python_resources/qcar/virtual/applications/manual_drive) by extensions ['colcon_pkg']
[2.229s] Level 1:colcon.colcon_core.package_identification:_identify(Development/python_resources/qcar/virtual/applications/manual_drive) by extension 'colcon_pkg'
[2.229s] Level 1:colcon.colcon_core.package_identification:_identify(Development/python_resources/qcar/virtual/applications/manual_drive) by extensions ['colcon_meta']
[2.229s] Level 1:colcon.colcon_core.package_identification:_identify(Development/python_resources/qcar/virtual/applications/manual_drive) by extension 'colcon_meta'
[2.229s] Level 1:colcon.colcon_core.package_identification:_identify(Development/python_resources/qcar/virtual/applications/manual_drive) by extensions ['ros']
[2.229s] Level 1:colcon.colcon_core.package_identification:_identify(Development/python_resources/qcar/virtual/applications/manual_drive) by extension 'ros'
[2.229s] Level 1:colcon.colcon_core.package_identification:_identify(Development/python_resources/qcar/virtual/applications/manual_drive) by extensions ['cmake', 'python']
[2.229s] Level 1:colcon.colcon_core.package_identification:_identify(Development/python_resources/qcar/virtual/applications/manual_drive) by extension 'cmake'
[2.229s] Level 1:colcon.colcon_core.package_identification:_identify(Development/python_resources/qcar/virtual/applications/manual_drive) by extension 'python'
[2.229s] Level 1:colcon.colcon_core.package_identification:_identify(Development/python_resources/qcar/virtual/applications/manual_drive) by extensions ['python_setup_py']
[2.229s] Level 1:colcon.colcon_core.package_identification:_identify(Development/python_resources/qcar/virtual/applications/manual_drive) by extension 'python_setup_py'
[2.229s] Level 1:colcon.colcon_core.package_identification:_identify(Development/python_resources/qcar/virtual/applications/point_cloud_generation) by extensions ['ignore', 'ignore_ament_install']
[2.229s] Level 1:colcon.colcon_core.package_identification:_identify(Development/python_resources/qcar/virtual/applications/point_cloud_generation) by extension 'ignore'
[2.229s] Level 1:colcon.colcon_core.package_identification:_identify(Development/python_resources/qcar/virtual/applications/point_cloud_generation) by extension 'ignore_ament_install'
[2.229s] Level 1:colcon.colcon_core.package_identification:_identify(Development/python_resources/qcar/virtual/applications/point_cloud_generation) by extensions ['colcon_pkg']
[2.229s] Level 1:colcon.colcon_core.package_identification:_identify(Development/python_resources/qcar/virtual/applications/point_cloud_generation) by extension 'colcon_pkg'
[2.229s] Level 1:colcon.colcon_core.package_identification:_identify(Development/python_resources/qcar/virtual/applications/point_cloud_generation) by extensions ['colcon_meta']
[2.229s] Level 1:colcon.colcon_core.package_identification:_identify(Development/python_resources/qcar/virtual/applications/point_cloud_generation) by extension 'colcon_meta'
[2.230s] Level 1:colcon.colcon_core.package_identification:_identify(Development/python_resources/qcar/virtual/applications/point_cloud_generation) by extensions ['ros']
[2.230s] Level 1:colcon.colcon_core.package_identification:_identify(Development/python_resources/qcar/virtual/applications/point_cloud_generation) by extension 'ros'
[2.230s] Level 1:colcon.colcon_core.package_identification:_identify(Development/python_resources/qcar/virtual/applications/point_cloud_generation) by extensions ['cmake', 'python']
[2.230s] Level 1:colcon.colcon_core.package_identification:_identify(Development/python_resources/qcar/virtual/applications/point_cloud_generation) by extension 'cmake'
[2.230s] Level 1:colcon.colcon_core.package_identification:_identify(Development/python_resources/qcar/virtual/applications/point_cloud_generation) by extension 'python'
[2.230s] Level 1:colcon.colcon_core.package_identification:_identify(Development/python_resources/qcar/virtual/applications/point_cloud_generation) by extensions ['python_setup_py']
[2.230s] Level 1:colcon.colcon_core.package_identification:_identify(Development/python_resources/qcar/virtual/applications/point_cloud_generation) by extension 'python_setup_py'
[2.230s] Level 1:colcon.colcon_core.package_identification:_identify(Development/python_resources/qcar/virtual/applications/rgbd_imaging) by extensions ['ignore', 'ignore_ament_install']
[2.230s] Level 1:colcon.colcon_core.package_identification:_identify(Development/python_resources/qcar/virtual/applications/rgbd_imaging) by extension 'ignore'
[2.230s] Level 1:colcon.colcon_core.package_identification:_identify(Development/python_resources/qcar/virtual/applications/rgbd_imaging) by extension 'ignore_ament_install'
[2.230s] Level 1:colcon.colcon_core.package_identification:_identify(Development/python_resources/qcar/virtual/applications/rgbd_imaging) by extensions ['colcon_pkg']
[2.230s] Level 1:colcon.colcon_core.package_identification:_identify(Development/python_resources/qcar/virtual/applications/rgbd_imaging) by extension 'colcon_pkg'
[2.230s] Level 1:colcon.colcon_core.package_identification:_identify(Development/python_resources/qcar/virtual/applications/rgbd_imaging) by extensions ['colcon_meta']
[2.230s] Level 1:colcon.colcon_core.package_identification:_identify(Development/python_resources/qcar/virtual/applications/rgbd_imaging) by extension 'colcon_meta'
[2.230s] Level 1:colcon.colcon_core.package_identification:_identify(Development/python_resources/qcar/virtual/applications/rgbd_imaging) by extensions ['ros']
[2.230s] Level 1:colcon.colcon_core.package_identification:_identify(Development/python_resources/qcar/virtual/applications/rgbd_imaging) by extension 'ros'
[2.230s] Level 1:colcon.colcon_core.package_identification:_identify(Development/python_resources/qcar/virtual/applications/rgbd_imaging) by extensions ['cmake', 'python']
[2.230s] Level 1:colcon.colcon_core.package_identification:_identify(Development/python_resources/qcar/virtual/applications/rgbd_imaging) by extension 'cmake'
[2.230s] Level 1:colcon.colcon_core.package_identification:_identify(Development/python_resources/qcar/virtual/applications/rgbd_imaging) by extension 'python'
[2.230s] Level 1:colcon.colcon_core.package_identification:_identify(Development/python_resources/qcar/virtual/applications/rgbd_imaging) by extensions ['python_setup_py']
[2.230s] Level 1:colcon.colcon_core.package_identification:_identify(Development/python_resources/qcar/virtual/applications/rgbd_imaging) by extension 'python_setup_py'
[2.230s] Level 1:colcon.colcon_core.package_identification:_identify(Development/python_resources/qcar/virtual/hardware_tests) by extensions ['ignore', 'ignore_ament_install']
[2.230s] Level 1:colcon.colcon_core.package_identification:_identify(Development/python_resources/qcar/virtual/hardware_tests) by extension 'ignore'
[2.230s] Level 1:colcon.colcon_core.package_identification:_identify(Development/python_resources/qcar/virtual/hardware_tests) by extension 'ignore_ament_install'
[2.230s] Level 1:colcon.colcon_core.package_identification:_identify(Development/python_resources/qcar/virtual/hardware_tests) by extensions ['colcon_pkg']
[2.230s] Level 1:colcon.colcon_core.package_identification:_identify(Development/python_resources/qcar/virtual/hardware_tests) by extension 'colcon_pkg'
[2.230s] Level 1:colcon.colcon_core.package_identification:_identify(Development/python_resources/qcar/virtual/hardware_tests) by extensions ['colcon_meta']
[2.230s] Level 1:colcon.colcon_core.package_identification:_identify(Development/python_resources/qcar/virtual/hardware_tests) by extension 'colcon_meta'
[2.230s] Level 1:colcon.colcon_core.package_identification:_identify(Development/python_resources/qcar/virtual/hardware_tests) by extensions ['ros']
[2.231s] Level 1:colcon.colcon_core.package_identification:_identify(Development/python_resources/qcar/virtual/hardware_tests) by extension 'ros'
[2.231s] Level 1:colcon.colcon_core.package_identification:_identify(Development/python_resources/qcar/virtual/hardware_tests) by extensions ['cmake', 'python']
[2.231s] Level 1:colcon.colcon_core.package_identification:_identify(Development/python_resources/qcar/virtual/hardware_tests) by extension 'cmake'
[2.231s] Level 1:colcon.colcon_core.package_identification:_identify(Development/python_resources/qcar/virtual/hardware_tests) by extension 'python'
[2.231s] Level 1:colcon.colcon_core.package_identification:_identify(Development/python_resources/qcar/virtual/hardware_tests) by extensions ['python_setup_py']
[2.231s] Level 1:colcon.colcon_core.package_identification:_identify(Development/python_resources/qcar/virtual/hardware_tests) by extension 'python_setup_py'
[2.231s] Level 1:colcon.colcon_core.package_identification:_identify(Development/python_resources/qcar2) by extensions ['ignore', 'ignore_ament_install']
[2.231s] Level 1:colcon.colcon_core.package_identification:_identify(Development/python_resources/qcar2) by extension 'ignore'
[2.231s] Level 1:colcon.colcon_core.package_identification:_identify(Development/python_resources/qcar2) by extension 'ignore_ament_install'
[2.231s] Level 1:colcon.colcon_core.package_identification:_identify(Development/python_resources/qcar2) by extensions ['colcon_pkg']
[2.231s] Level 1:colcon.colcon_core.package_identification:_identify(Development/python_resources/qcar2) by extension 'colcon_pkg'
[2.231s] Level 1:colcon.colcon_core.package_identification:_identify(Development/python_resources/qcar2) by extensions ['colcon_meta']
[2.231s] Level 1:colcon.colcon_core.package_identification:_identify(Development/python_resources/qcar2) by extension 'colcon_meta'
[2.231s] Level 1:colcon.colcon_core.package_identification:_identify(Development/python_resources/qcar2) by extensions ['ros']
[2.231s] Level 1:colcon.colcon_core.package_identification:_identify(Development/python_resources/qcar2) by extension 'ros'
[2.231s] Level 1:colcon.colcon_core.package_identification:_identify(Development/python_resources/qcar2) by extensions ['cmake', 'python']
[2.231s] Level 1:colcon.colcon_core.package_identification:_identify(Development/python_resources/qcar2) by extension 'cmake'
[2.231s] Level 1:colcon.colcon_core.package_identification:_identify(Development/python_resources/qcar2) by extension 'python'
[2.231s] Level 1:colcon.colcon_core.package_identification:_identify(Development/python_resources/qcar2) by extensions ['python_setup_py']
[2.231s] Level 1:colcon.colcon_core.package_identification:_identify(Development/python_resources/qcar2) by extension 'python_setup_py'
[2.231s] Level 1:colcon.colcon_core.package_identification:_identify(Development/python_resources/qcar2/hardware) by extensions ['ignore', 'ignore_ament_install']
[2.231s] Level 1:colcon.colcon_core.package_identification:_identify(Development/python_resources/qcar2/hardware) by extension 'ignore'
[2.231s] Level 1:colcon.colcon_core.package_identification:_identify(Development/python_resources/qcar2/hardware) by extension 'ignore_ament_install'
[2.231s] Level 1:colcon.colcon_core.package_identification:_identify(Development/python_resources/qcar2/hardware) by extensions ['colcon_pkg']
[2.231s] Level 1:colcon.colcon_core.package_identification:_identify(Development/python_resources/qcar2/hardware) by extension 'colcon_pkg'
[2.231s] Level 1:colcon.colcon_core.package_identification:_identify(Development/python_resources/qcar2/hardware) by extensions ['colcon_meta']
[2.231s] Level 1:colcon.colcon_core.package_identification:_identify(Development/python_resources/qcar2/hardware) by extension 'colcon_meta'
[2.231s] Level 1:colcon.colcon_core.package_identification:_identify(Development/python_resources/qcar2/hardware) by extensions ['ros']
[2.231s] Level 1:colcon.colcon_core.package_identification:_identify(Development/python_resources/qcar2/hardware) by extension 'ros'
[2.231s] Level 1:colcon.colcon_core.package_identification:_identify(Development/python_resources/qcar2/hardware) by extensions ['cmake', 'python']
[2.232s] Level 1:colcon.colcon_core.package_identification:_identify(Development/python_resources/qcar2/hardware) by extension 'cmake'
[2.232s] Level 1:colcon.colcon_core.package_identification:_identify(Development/python_resources/qcar2/hardware) by extension 'python'
[2.232s] Level 1:colcon.colcon_core.package_identification:_identify(Development/python_resources/qcar2/hardware) by extensions ['python_setup_py']
[2.232s] Level 1:colcon.colcon_core.package_identification:_identify(Development/python_resources/qcar2/hardware) by extension 'python_setup_py'
[2.232s] Level 1:colcon.colcon_core.package_identification:_identify(Development/python_resources/qcar2/hardware/applications) by extensions ['ignore', 'ignore_ament_install']
[2.232s] Level 1:colcon.colcon_core.package_identification:_identify(Development/python_resources/qcar2/hardware/applications) by extension 'ignore'
[2.232s] Level 1:colcon.colcon_core.package_identification:_identify(Development/python_resources/qcar2/hardware/applications) by extension 'ignore_ament_install'
[2.232s] Level 1:colcon.colcon_core.package_identification:_identify(Development/python_resources/qcar2/hardware/applications) by extensions ['colcon_pkg']
[2.232s] Level 1:colcon.colcon_core.package_identification:_identify(Development/python_resources/qcar2/hardware/applications) by extension 'colcon_pkg'
[2.232s] Level 1:colcon.colcon_core.package_identification:_identify(Development/python_resources/qcar2/hardware/applications) by extensions ['colcon_meta']
[2.232s] Level 1:colcon.colcon_core.package_identification:_identify(Development/python_resources/qcar2/hardware/applications) by extension 'colcon_meta'
[2.232s] Level 1:colcon.colcon_core.package_identification:_identify(Development/python_resources/qcar2/hardware/applications) by extensions ['ros']
[2.232s] Level 1:colcon.colcon_core.package_identification:_identify(Development/python_resources/qcar2/hardware/applications) by extension 'ros'
[2.232s] Level 1:colcon.colcon_core.package_identification:_identify(Development/python_resources/qcar2/hardware/applications) by extensions ['cmake', 'python']
[2.232s] Level 1:colcon.colcon_core.package_identification:_identify(Development/python_resources/qcar2/hardware/applications) by extension 'cmake'
[2.232s] Level 1:colcon.colcon_core.package_identification:_identify(Development/python_resources/qcar2/hardware/applications) by extension 'python'
[2.232s] Level 1:colcon.colcon_core.package_identification:_identify(Development/python_resources/qcar2/hardware/applications) by extensions ['python_setup_py']
[2.232s] Level 1:colcon.colcon_core.package_identification:_identify(Development/python_resources/qcar2/hardware/applications) by extension 'python_setup_py'
[2.232s] Level 1:colcon.colcon_core.package_identification:_identify(Development/python_resources/qcar2/hardware/applications/360_vision) by extensions ['ignore', 'ignore_ament_install']
[2.232s] Level 1:colcon.colcon_core.package_identification:_identify(Development/python_resources/qcar2/hardware/applications/360_vision) by extension 'ignore'
[2.232s] Level 1:colcon.colcon_core.package_identification:_identify(Development/python_resources/qcar2/hardware/applications/360_vision) by extension 'ignore_ament_install'
[2.232s] Level 1:colcon.colcon_core.package_identification:_identify(Development/python_resources/qcar2/hardware/applications/360_vision) by extensions ['colcon_pkg']
[2.232s] Level 1:colcon.colcon_core.package_identification:_identify(Development/python_resources/qcar2/hardware/applications/360_vision) by extension 'colcon_pkg'
[2.232s] Level 1:colcon.colcon_core.package_identification:_identify(Development/python_resources/qcar2/hardware/applications/360_vision) by extensions ['colcon_meta']
[2.232s] Level 1:colcon.colcon_core.package_identification:_identify(Development/python_resources/qcar2/hardware/applications/360_vision) by extension 'colcon_meta'
[2.232s] Level 1:colcon.colcon_core.package_identification:_identify(Development/python_resources/qcar2/hardware/applications/360_vision) by extensions ['ros']
[2.232s] Level 1:colcon.colcon_core.package_identification:_identify(Development/python_resources/qcar2/hardware/applications/360_vision) by extension 'ros'
[2.232s] Level 1:colcon.colcon_core.package_identification:_identify(Development/python_resources/qcar2/hardware/applications/360_vision) by extensions ['cmake', 'python']
[2.232s] Level 1:colcon.colcon_core.package_identification:_identify(Development/python_resources/qcar2/hardware/applications/360_vision) by extension 'cmake'
[2.233s] Level 1:colcon.colcon_core.package_identification:_identify(Development/python_resources/qcar2/hardware/applications/360_vision) by extension 'python'
[2.233s] Level 1:colcon.colcon_core.package_identification:_identify(Development/python_resources/qcar2/hardware/applications/360_vision) by extensions ['python_setup_py']
[2.233s] Level 1:colcon.colcon_core.package_identification:_identify(Development/python_resources/qcar2/hardware/applications/360_vision) by extension 'python_setup_py'
[2.233s] Level 1:colcon.colcon_core.package_identification:_identify(Development/python_resources/qcar2/hardware/applications/lane_following) by extensions ['ignore', 'ignore_ament_install']
[2.233s] Level 1:colcon.colcon_core.package_identification:_identify(Development/python_resources/qcar2/hardware/applications/lane_following) by extension 'ignore'
[2.233s] Level 1:colcon.colcon_core.package_identification:_identify(Development/python_resources/qcar2/hardware/applications/lane_following) by extension 'ignore_ament_install'
[2.233s] Level 1:colcon.colcon_core.package_identification:_identify(Development/python_resources/qcar2/hardware/applications/lane_following) by extensions ['colcon_pkg']
[2.233s] Level 1:colcon.colcon_core.package_identification:_identify(Development/python_resources/qcar2/hardware/applications/lane_following) by extension 'colcon_pkg'
[2.233s] Level 1:colcon.colcon_core.package_identification:_identify(Development/python_resources/qcar2/hardware/applications/lane_following) by extensions ['colcon_meta']
[2.233s] Level 1:colcon.colcon_core.package_identification:_identify(Development/python_resources/qcar2/hardware/applications/lane_following) by extension 'colcon_meta'
[2.233s] Level 1:colcon.colcon_core.package_identification:_identify(Development/python_resources/qcar2/hardware/applications/lane_following) by extensions ['ros']
[2.233s] Level 1:colcon.colcon_core.package_identification:_identify(Development/python_resources/qcar2/hardware/applications/lane_following) by extension 'ros'
[2.233s] Level 1:colcon.colcon_core.package_identification:_identify(Development/python_resources/qcar2/hardware/applications/lane_following) by extensions ['cmake', 'python']
[2.233s] Level 1:colcon.colcon_core.package_identification:_identify(Development/python_resources/qcar2/hardware/applications/lane_following) by extension 'cmake'
[2.233s] Level 1:colcon.colcon_core.package_identification:_identify(Development/python_resources/qcar2/hardware/applications/lane_following) by extension 'python'
[2.233s] Level 1:colcon.colcon_core.package_identification:_identify(Development/python_resources/qcar2/hardware/applications/lane_following) by extensions ['python_setup_py']
[2.233s] Level 1:colcon.colcon_core.package_identification:_identify(Development/python_resources/qcar2/hardware/applications/lane_following) by extension 'python_setup_py'
[2.233s] Level 1:colcon.colcon_core.package_identification:_identify(Development/python_resources/qcar2/hardware/applications/lanenet) by extensions ['ignore', 'ignore_ament_install']
[2.233s] Level 1:colcon.colcon_core.package_identification:_identify(Development/python_resources/qcar2/hardware/applications/lanenet) by extension 'ignore'
[2.233s] Level 1:colcon.colcon_core.package_identification:_identify(Development/python_resources/qcar2/hardware/applications/lanenet) by extension 'ignore_ament_install'
[2.233s] Level 1:colcon.colcon_core.package_identification:_identify(Development/python_resources/qcar2/hardware/applications/lanenet) by extensions ['colcon_pkg']
[2.233s] Level 1:colcon.colcon_core.package_identification:_identify(Development/python_resources/qcar2/hardware/applications/lanenet) by extension 'colcon_pkg'
[2.233s] Level 1:colcon.colcon_core.package_identification:_identify(Development/python_resources/qcar2/hardware/applications/lanenet) by extensions ['colcon_meta']
[2.233s] Level 1:colcon.colcon_core.package_identification:_identify(Development/python_resources/qcar2/hardware/applications/lanenet) by extension 'colcon_meta'
[2.233s] Level 1:colcon.colcon_core.package_identification:_identify(Development/python_resources/qcar2/hardware/applications/lanenet) by extensions ['ros']
[2.233s] Level 1:colcon.colcon_core.package_identification:_identify(Development/python_resources/qcar2/hardware/applications/lanenet) by extension 'ros'
[2.233s] Level 1:colcon.colcon_core.package_identification:_identify(Development/python_resources/qcar2/hardware/applications/lanenet) by extensions ['cmake', 'python']
[2.233s] Level 1:colcon.colcon_core.package_identification:_identify(Development/python_resources/qcar2/hardware/applications/lanenet) by extension 'cmake'
[2.233s] Level 1:colcon.colcon_core.package_identification:_identify(Development/python_resources/qcar2/hardware/applications/lanenet) by extension 'python'
[2.234s] Level 1:colcon.colcon_core.package_identification:_identify(Development/python_resources/qcar2/hardware/applications/lanenet) by extensions ['python_setup_py']
[2.234s] Level 1:colcon.colcon_core.package_identification:_identify(Development/python_resources/qcar2/hardware/applications/lanenet) by extension 'python_setup_py'
[2.234s] Level 1:colcon.colcon_core.package_identification:_identify(Development/python_resources/qcar2/hardware/applications/manual_drive) by extensions ['ignore', 'ignore_ament_install']
[2.234s] Level 1:colcon.colcon_core.package_identification:_identify(Development/python_resources/qcar2/hardware/applications/manual_drive) by extension 'ignore'
[2.234s] Level 1:colcon.colcon_core.package_identification:_identify(Development/python_resources/qcar2/hardware/applications/manual_drive) by extension 'ignore_ament_install'
[2.234s] Level 1:colcon.colcon_core.package_identification:_identify(Development/python_resources/qcar2/hardware/applications/manual_drive) by extensions ['colcon_pkg']
[2.234s] Level 1:colcon.colcon_core.package_identification:_identify(Development/python_resources/qcar2/hardware/applications/manual_drive) by extension 'colcon_pkg'
[2.234s] Level 1:colcon.colcon_core.package_identification:_identify(Development/python_resources/qcar2/hardware/applications/manual_drive) by extensions ['colcon_meta']
[2.234s] Level 1:colcon.colcon_core.package_identification:_identify(Development/python_resources/qcar2/hardware/applications/manual_drive) by extension 'colcon_meta'
[2.234s] Level 1:colcon.colcon_core.package_identification:_identify(Development/python_resources/qcar2/hardware/applications/manual_drive) by extensions ['ros']
[2.234s] Level 1:colcon.colcon_core.package_identification:_identify(Development/python_resources/qcar2/hardware/applications/manual_drive) by extension 'ros'
[2.234s] Level 1:colcon.colcon_core.package_identification:_identify(Development/python_resources/qcar2/hardware/applications/manual_drive) by extensions ['cmake', 'python']
[2.234s] Level 1:colcon.colcon_core.package_identification:_identify(Development/python_resources/qcar2/hardware/applications/manual_drive) by extension 'cmake'
[2.234s] Level 1:colcon.colcon_core.package_identification:_identify(Development/python_resources/qcar2/hardware/applications/manual_drive) by extension 'python'
[2.234s] Level 1:colcon.colcon_core.package_identification:_identify(Development/python_resources/qcar2/hardware/applications/manual_drive) by extensions ['python_setup_py']
[2.234s] Level 1:colcon.colcon_core.package_identification:_identify(Development/python_resources/qcar2/hardware/applications/manual_drive) by extension 'python_setup_py'
[2.234s] Level 1:colcon.colcon_core.package_identification:_identify(Development/python_resources/qcar2/hardware/applications/multi_vehicle_self_driving) by extensions ['ignore', 'ignore_ament_install']
[2.234s] Level 1:colcon.colcon_core.package_identification:_identify(Development/python_resources/qcar2/hardware/applications/multi_vehicle_self_driving) by extension 'ignore'
[2.234s] Level 1:colcon.colcon_core.package_identification:_identify(Development/python_resources/qcar2/hardware/applications/multi_vehicle_self_driving) by extension 'ignore_ament_install'
[2.234s] Level 1:colcon.colcon_core.package_identification:_identify(Development/python_resources/qcar2/hardware/applications/multi_vehicle_self_driving) by extensions ['colcon_pkg']
[2.234s] Level 1:colcon.colcon_core.package_identification:_identify(Development/python_resources/qcar2/hardware/applications/multi_vehicle_self_driving) by extension 'colcon_pkg'
[2.234s] Level 1:colcon.colcon_core.package_identification:_identify(Development/python_resources/qcar2/hardware/applications/multi_vehicle_self_driving) by extensions ['colcon_meta']
[2.234s] Level 1:colcon.colcon_core.package_identification:_identify(Development/python_resources/qcar2/hardware/applications/multi_vehicle_self_driving) by extension 'colcon_meta'
[2.234s] Level 1:colcon.colcon_core.package_identification:_identify(Development/python_resources/qcar2/hardware/applications/multi_vehicle_self_driving) by extensions ['ros']
[2.234s] Level 1:colcon.colcon_core.package_identification:_identify(Development/python_resources/qcar2/hardware/applications/multi_vehicle_self_driving) by extension 'ros'
[2.234s] Level 1:colcon.colcon_core.package_identification:_identify(Development/python_resources/qcar2/hardware/applications/multi_vehicle_self_driving) by extensions ['cmake', 'python']
[2.234s] Level 1:colcon.colcon_core.package_identification:_identify(Development/python_resources/qcar2/hardware/applications/multi_vehicle_self_driving) by extension 'cmake'
[2.234s] Level 1:colcon.colcon_core.package_identification:_identify(Development/python_resources/qcar2/hardware/applications/multi_vehicle_self_driving) by extension 'python'
[2.234s] Level 1:colcon.colcon_core.package_identification:_identify(Development/python_resources/qcar2/hardware/applications/multi_vehicle_self_driving) by extensions ['python_setup_py']
[2.235s] Level 1:colcon.colcon_core.package_identification:_identify(Development/python_resources/qcar2/hardware/applications/multi_vehicle_self_driving) by extension 'python_setup_py'
[2.235s] Level 1:colcon.colcon_core.package_identification:_identify(Development/python_resources/qcar2/hardware/applications/multi_vehicle_self_driving/python) by extensions ['ignore', 'ignore_ament_install']
[2.235s] Level 1:colcon.colcon_core.package_identification:_identify(Development/python_resources/qcar2/hardware/applications/multi_vehicle_self_driving/python) by extension 'ignore'
[2.235s] Level 1:colcon.colcon_core.package_identification:_identify(Development/python_resources/qcar2/hardware/applications/multi_vehicle_self_driving/python) by extension 'ignore_ament_install'
[2.235s] Level 1:colcon.colcon_core.package_identification:_identify(Development/python_resources/qcar2/hardware/applications/multi_vehicle_self_driving/python) by extensions ['colcon_pkg']
[2.235s] Level 1:colcon.colcon_core.package_identification:_identify(Development/python_resources/qcar2/hardware/applications/multi_vehicle_self_driving/python) by extension 'colcon_pkg'
[2.235s] Level 1:colcon.colcon_core.package_identification:_identify(Development/python_resources/qcar2/hardware/applications/multi_vehicle_self_driving/python) by extensions ['colcon_meta']
[2.235s] Level 1:colcon.colcon_core.package_identification:_identify(Development/python_resources/qcar2/hardware/applications/multi_vehicle_self_driving/python) by extension 'colcon_meta'
[2.235s] Level 1:colcon.colcon_core.package_identification:_identify(Development/python_resources/qcar2/hardware/applications/multi_vehicle_self_driving/python) by extensions ['ros']
[2.235s] Level 1:colcon.colcon_core.package_identification:_identify(Development/python_resources/qcar2/hardware/applications/multi_vehicle_self_driving/python) by extension 'ros'
[2.235s] Level 1:colcon.colcon_core.package_identification:_identify(Development/python_resources/qcar2/hardware/applications/multi_vehicle_self_driving/python) by extensions ['cmake', 'python']
[2.235s] Level 1:colcon.colcon_core.package_identification:_identify(Development/python_resources/qcar2/hardware/applications/multi_vehicle_self_driving/python) by extension 'cmake'
[2.235s] Level 1:colcon.colcon_core.package_identification:_identify(Development/python_resources/qcar2/hardware/applications/multi_vehicle_self_driving/python) by extension 'python'
[2.235s] Level 1:colcon.colcon_core.package_identification:_identify(Development/python_resources/qcar2/hardware/applications/multi_vehicle_self_driving/python) by extensions ['python_setup_py']
[2.235s] Level 1:colcon.colcon_core.package_identification:_identify(Development/python_resources/qcar2/hardware/applications/multi_vehicle_self_driving/python) by extension 'python_setup_py'
[2.235s] Level 1:colcon.colcon_core.package_identification:_identify(Development/python_resources/qcar2/hardware/applications/multi_vehicle_self_driving/qcar) by extensions ['ignore', 'ignore_ament_install']
[2.235s] Level 1:colcon.colcon_core.package_identification:_identify(Development/python_resources/qcar2/hardware/applications/multi_vehicle_self_driving/qcar) by extension 'ignore'
[2.235s] Level 1:colcon.colcon_core.package_identification:_identify(Development/python_resources/qcar2/hardware/applications/multi_vehicle_self_driving/qcar) by extension 'ignore_ament_install'
[2.235s] Level 1:colcon.colcon_core.package_identification:_identify(Development/python_resources/qcar2/hardware/applications/multi_vehicle_self_driving/qcar) by extensions ['colcon_pkg']
[2.235s] Level 1:colcon.colcon_core.package_identification:_identify(Development/python_resources/qcar2/hardware/applications/multi_vehicle_self_driving/qcar) by extension 'colcon_pkg'
[2.235s] Level 1:colcon.colcon_core.package_identification:_identify(Development/python_resources/qcar2/hardware/applications/multi_vehicle_self_driving/qcar) by extensions ['colcon_meta']
[2.235s] Level 1:colcon.colcon_core.package_identification:_identify(Development/python_resources/qcar2/hardware/applications/multi_vehicle_self_driving/qcar) by extension 'colcon_meta'
[2.235s] Level 1:colcon.colcon_core.package_identification:_identify(Development/python_resources/qcar2/hardware/applications/multi_vehicle_self_driving/qcar) by extensions ['ros']
[2.235s] Level 1:colcon.colcon_core.package_identification:_identify(Development/python_resources/qcar2/hardware/applications/multi_vehicle_self_driving/qcar) by extension 'ros'
[2.235s] Level 1:colcon.colcon_core.package_identification:_identify(Development/python_resources/qcar2/hardware/applications/multi_vehicle_self_driving/qcar) by extensions ['cmake', 'python']
[2.235s] Level 1:colcon.colcon_core.package_identification:_identify(Development/python_resources/qcar2/hardware/applications/multi_vehicle_self_driving/qcar) by extension 'cmake'
[2.235s] Level 1:colcon.colcon_core.package_identification:_identify(Development/python_resources/qcar2/hardware/applications/multi_vehicle_self_driving/qcar) by extension 'python'
[2.235s] Level 1:colcon.colcon_core.package_identification:_identify(Development/python_resources/qcar2/hardware/applications/multi_vehicle_self_driving/qcar) by extensions ['python_setup_py']
[2.235s] Level 1:colcon.colcon_core.package_identification:_identify(Development/python_resources/qcar2/hardware/applications/multi_vehicle_self_driving/qcar) by extension 'python_setup_py'
[2.236s] Level 1:colcon.colcon_core.package_identification:_identify(Development/python_resources/qcar2/hardware/applications/multi_vehicle_self_driving/reference_scan) by extensions ['ignore', 'ignore_ament_install']
[2.236s] Level 1:colcon.colcon_core.package_identification:_identify(Development/python_resources/qcar2/hardware/applications/multi_vehicle_self_driving/reference_scan) by extension 'ignore'
[2.236s] Level 1:colcon.colcon_core.package_identification:_identify(Development/python_resources/qcar2/hardware/applications/multi_vehicle_self_driving/reference_scan) by extension 'ignore_ament_install'
[2.236s] Level 1:colcon.colcon_core.package_identification:_identify(Development/python_resources/qcar2/hardware/applications/multi_vehicle_self_driving/reference_scan) by extensions ['colcon_pkg']
[2.236s] Level 1:colcon.colcon_core.package_identification:_identify(Development/python_resources/qcar2/hardware/applications/multi_vehicle_self_driving/reference_scan) by extension 'colcon_pkg'
[2.236s] Level 1:colcon.colcon_core.package_identification:_identify(Development/python_resources/qcar2/hardware/applications/multi_vehicle_self_driving/reference_scan) by extensions ['colcon_meta']
[2.236s] Level 1:colcon.colcon_core.package_identification:_identify(Development/python_resources/qcar2/hardware/applications/multi_vehicle_self_driving/reference_scan) by extension 'colcon_meta'
[2.236s] Level 1:colcon.colcon_core.package_identification:_identify(Development/python_resources/qcar2/hardware/applications/multi_vehicle_self_driving/reference_scan) by extensions ['ros']
[2.236s] Level 1:colcon.colcon_core.package_identification:_identify(Development/python_resources/qcar2/hardware/applications/multi_vehicle_self_driving/reference_scan) by extension 'ros'
[2.236s] Level 1:colcon.colcon_core.package_identification:_identify(Development/python_resources/qcar2/hardware/applications/multi_vehicle_self_driving/reference_scan) by extensions ['cmake', 'python']
[2.236s] Level 1:colcon.colcon_core.package_identification:_identify(Development/python_resources/qcar2/hardware/applications/multi_vehicle_self_driving/reference_scan) by extension 'cmake'
[2.236s] Level 1:colcon.colcon_core.package_identification:_identify(Development/python_resources/qcar2/hardware/applications/multi_vehicle_self_driving/reference_scan) by extension 'python'
[2.236s] Level 1:colcon.colcon_core.package_identification:_identify(Development/python_resources/qcar2/hardware/applications/multi_vehicle_self_driving/reference_scan) by extensions ['python_setup_py']
[2.236s] Level 1:colcon.colcon_core.package_identification:_identify(Development/python_resources/qcar2/hardware/applications/multi_vehicle_self_driving/reference_scan) by extension 'python_setup_py'
[2.236s] Level 1:colcon.colcon_core.package_identification:_identify(Development/python_resources/qcar2/hardware/applications/point_cloud_generation) by extensions ['ignore', 'ignore_ament_install']
[2.236s] Level 1:colcon.colcon_core.package_identification:_identify(Development/python_resources/qcar2/hardware/applications/point_cloud_generation) by extension 'ignore'
[2.236s] Level 1:colcon.colcon_core.package_identification:_identify(Development/python_resources/qcar2/hardware/applications/point_cloud_generation) by extension 'ignore_ament_install'
[2.236s] Level 1:colcon.colcon_core.package_identification:_identify(Development/python_resources/qcar2/hardware/applications/point_cloud_generation) by extensions ['colcon_pkg']
[2.236s] Level 1:colcon.colcon_core.package_identification:_identify(Development/python_resources/qcar2/hardware/applications/point_cloud_generation) by extension 'colcon_pkg'
[2.236s] Level 1:colcon.colcon_core.package_identification:_identify(Development/python_resources/qcar2/hardware/applications/point_cloud_generation) by extensions ['colcon_meta']
[2.236s] Level 1:colcon.colcon_core.package_identification:_identify(Development/python_resources/qcar2/hardware/applications/point_cloud_generation) by extension 'colcon_meta'
[2.236s] Level 1:colcon.colcon_core.package_identification:_identify(Development/python_resources/qcar2/hardware/applications/point_cloud_generation) by extensions ['ros']
[2.236s] Level 1:colcon.colcon_core.package_identification:_identify(Development/python_resources/qcar2/hardware/applications/point_cloud_generation) by extension 'ros'
[2.236s] Level 1:colcon.colcon_core.package_identification:_identify(Development/python_resources/qcar2/hardware/applications/point_cloud_generation) by extensions ['cmake', 'python']
[2.236s] Level 1:colcon.colcon_core.package_identification:_identify(Development/python_resources/qcar2/hardware/applications/point_cloud_generation) by extension 'cmake'
[2.236s] Level 1:colcon.colcon_core.package_identification:_identify(Development/python_resources/qcar2/hardware/applications/point_cloud_generation) by extension 'python'
[2.236s] Level 1:colcon.colcon_core.package_identification:_identify(Development/python_resources/qcar2/hardware/applications/point_cloud_generation) by extensions ['python_setup_py']
[2.236s] Level 1:colcon.colcon_core.package_identification:_identify(Development/python_resources/qcar2/hardware/applications/point_cloud_generation) by extension 'python_setup_py'
[2.236s] Level 1:colcon.colcon_core.package_identification:_identify(Development/python_resources/qcar2/hardware/applications/rgbd_imaging) by extensions ['ignore', 'ignore_ament_install']
[2.237s] Level 1:colcon.colcon_core.package_identification:_identify(Development/python_resources/qcar2/hardware/applications/rgbd_imaging) by extension 'ignore'
[2.237s] Level 1:colcon.colcon_core.package_identification:_identify(Development/python_resources/qcar2/hardware/applications/rgbd_imaging) by extension 'ignore_ament_install'
[2.237s] Level 1:colcon.colcon_core.package_identification:_identify(Development/python_resources/qcar2/hardware/applications/rgbd_imaging) by extensions ['colcon_pkg']
[2.237s] Level 1:colcon.colcon_core.package_identification:_identify(Development/python_resources/qcar2/hardware/applications/rgbd_imaging) by extension 'colcon_pkg'
[2.237s] Level 1:colcon.colcon_core.package_identification:_identify(Development/python_resources/qcar2/hardware/applications/rgbd_imaging) by extensions ['colcon_meta']
[2.237s] Level 1:colcon.colcon_core.package_identification:_identify(Development/python_resources/qcar2/hardware/applications/rgbd_imaging) by extension 'colcon_meta'
[2.237s] Level 1:colcon.colcon_core.package_identification:_identify(Development/python_resources/qcar2/hardware/applications/rgbd_imaging) by extensions ['ros']
[2.237s] Level 1:colcon.colcon_core.package_identification:_identify(Development/python_resources/qcar2/hardware/applications/rgbd_imaging) by extension 'ros'
[2.237s] Level 1:colcon.colcon_core.package_identification:_identify(Development/python_resources/qcar2/hardware/applications/rgbd_imaging) by extensions ['cmake', 'python']
[2.237s] Level 1:colcon.colcon_core.package_identification:_identify(Development/python_resources/qcar2/hardware/applications/rgbd_imaging) by extension 'cmake'
[2.237s] Level 1:colcon.colcon_core.package_identification:_identify(Development/python_resources/qcar2/hardware/applications/rgbd_imaging) by extension 'python'
[2.237s] Level 1:colcon.colcon_core.package_identification:_identify(Development/python_resources/qcar2/hardware/applications/rgbd_imaging) by extensions ['python_setup_py']
[2.237s] Level 1:colcon.colcon_core.package_identification:_identify(Development/python_resources/qcar2/hardware/applications/rgbd_imaging) by extension 'python_setup_py'
[2.237s] Level 1:colcon.colcon_core.package_identification:_identify(Development/python_resources/qcar2/hardware/applications/yolo) by extensions ['ignore', 'ignore_ament_install']
[2.237s] Level 1:colcon.colcon_core.package_identification:_identify(Development/python_resources/qcar2/hardware/applications/yolo) by extension 'ignore'
[2.237s] Level 1:colcon.colcon_core.package_identification:_identify(Development/python_resources/qcar2/hardware/applications/yolo) by extension 'ignore_ament_install'
[2.237s] Level 1:colcon.colcon_core.package_identification:_identify(Development/python_resources/qcar2/hardware/applications/yolo) by extensions ['colcon_pkg']
[2.237s] Level 1:colcon.colcon_core.package_identification:_identify(Development/python_resources/qcar2/hardware/applications/yolo) by extension 'colcon_pkg'
[2.237s] Level 1:colcon.colcon_core.package_identification:_identify(Development/python_resources/qcar2/hardware/applications/yolo) by extensions ['colcon_meta']
[2.237s] Level 1:colcon.colcon_core.package_identification:_identify(Development/python_resources/qcar2/hardware/applications/yolo) by extension 'colcon_meta'
[2.237s] Level 1:colcon.colcon_core.package_identification:_identify(Development/python_resources/qcar2/hardware/applications/yolo) by extensions ['ros']
[2.237s] Level 1:colcon.colcon_core.package_identification:_identify(Development/python_resources/qcar2/hardware/applications/yolo) by extension 'ros'
[2.237s] Level 1:colcon.colcon_core.package_identification:_identify(Development/python_resources/qcar2/hardware/applications/yolo) by extensions ['cmake', 'python']
[2.237s] Level 1:colcon.colcon_core.package_identification:_identify(Development/python_resources/qcar2/hardware/applications/yolo) by extension 'cmake'
[2.237s] Level 1:colcon.colcon_core.package_identification:_identify(Development/python_resources/qcar2/hardware/applications/yolo) by extension 'python'
[2.237s] Level 1:colcon.colcon_core.package_identification:_identify(Development/python_resources/qcar2/hardware/applications/yolo) by extensions ['python_setup_py']
[2.237s] Level 1:colcon.colcon_core.package_identification:_identify(Development/python_resources/qcar2/hardware/applications/yolo) by extension 'python_setup_py'
[2.237s] Level 1:colcon.colcon_core.package_identification:_identify(Development/python_resources/qcar2/hardware/hardware_tests) by extensions ['ignore', 'ignore_ament_install']
[2.238s] Level 1:colcon.colcon_core.package_identification:_identify(Development/python_resources/qcar2/hardware/hardware_tests) by extension 'ignore'
[2.238s] Level 1:colcon.colcon_core.package_identification:_identify(Development/python_resources/qcar2/hardware/hardware_tests) by extension 'ignore_ament_install'
[2.238s] Level 1:colcon.colcon_core.package_identification:_identify(Development/python_resources/qcar2/hardware/hardware_tests) by extensions ['colcon_pkg']
[2.238s] Level 1:colcon.colcon_core.package_identification:_identify(Development/python_resources/qcar2/hardware/hardware_tests) by extension 'colcon_pkg'
[2.238s] Level 1:colcon.colcon_core.package_identification:_identify(Development/python_resources/qcar2/hardware/hardware_tests) by extensions ['colcon_meta']
[2.238s] Level 1:colcon.colcon_core.package_identification:_identify(Development/python_resources/qcar2/hardware/hardware_tests) by extension 'colcon_meta'
[2.238s] Level 1:colcon.colcon_core.package_identification:_identify(Development/python_resources/qcar2/hardware/hardware_tests) by extensions ['ros']
[2.238s] Level 1:colcon.colcon_core.package_identification:_identify(Development/python_resources/qcar2/hardware/hardware_tests) by extension 'ros'
[2.238s] Level 1:colcon.colcon_core.package_identification:_identify(Development/python_resources/qcar2/hardware/hardware_tests) by extensions ['cmake', 'python']
[2.238s] Level 1:colcon.colcon_core.package_identification:_identify(Development/python_resources/qcar2/hardware/hardware_tests) by extension 'cmake'
[2.238s] Level 1:colcon.colcon_core.package_identification:_identify(Development/python_resources/qcar2/hardware/hardware_tests) by extension 'python'
[2.238s] Level 1:colcon.colcon_core.package_identification:_identify(Development/python_resources/qcar2/hardware/hardware_tests) by extensions ['python_setup_py']
[2.238s] Level 1:colcon.colcon_core.package_identification:_identify(Development/python_resources/qcar2/hardware/hardware_tests) by extension 'python_setup_py'
[2.238s] Level 1:colcon.colcon_core.package_identification:_identify(Development/python_resources/qcar2/virtual) by extensions ['ignore', 'ignore_ament_install']
[2.238s] Level 1:colcon.colcon_core.package_identification:_identify(Development/python_resources/qcar2/virtual) by extension 'ignore'
[2.238s] Level 1:colcon.colcon_core.package_identification:_identify(Development/python_resources/qcar2/virtual) by extension 'ignore_ament_install'
[2.238s] Level 1:colcon.colcon_core.package_identification:_identify(Development/python_resources/qcar2/virtual) by extensions ['colcon_pkg']
[2.238s] Level 1:colcon.colcon_core.package_identification:_identify(Development/python_resources/qcar2/virtual) by extension 'colcon_pkg'
[2.238s] Level 1:colcon.colcon_core.package_identification:_identify(Development/python_resources/qcar2/virtual) by extensions ['colcon_meta']
[2.238s] Level 1:colcon.colcon_core.package_identification:_identify(Development/python_resources/qcar2/virtual) by extension 'colcon_meta'
[2.238s] Level 1:colcon.colcon_core.package_identification:_identify(Development/python_resources/qcar2/virtual) by extensions ['ros']
[2.238s] Level 1:colcon.colcon_core.package_identification:_identify(Development/python_resources/qcar2/virtual) by extension 'ros'
[2.238s] Level 1:colcon.colcon_core.package_identification:_identify(Development/python_resources/qcar2/virtual) by extensions ['cmake', 'python']
[2.238s] Level 1:colcon.colcon_core.package_identification:_identify(Development/python_resources/qcar2/virtual) by extension 'cmake'
[2.238s] Level 1:colcon.colcon_core.package_identification:_identify(Development/python_resources/qcar2/virtual) by extension 'python'
[2.238s] Level 1:colcon.colcon_core.package_identification:_identify(Development/python_resources/qcar2/virtual) by extensions ['python_setup_py']
[2.238s] Level 1:colcon.colcon_core.package_identification:_identify(Development/python_resources/qcar2/virtual) by extension 'python_setup_py'
[2.238s] Level 1:colcon.colcon_core.package_identification:_identify(Development/python_resources/qcar2/virtual/applications) by extensions ['ignore', 'ignore_ament_install']
[2.238s] Level 1:colcon.colcon_core.package_identification:_identify(Development/python_resources/qcar2/virtual/applications) by extension 'ignore'
[2.238s] Level 1:colcon.colcon_core.package_identification:_identify(Development/python_resources/qcar2/virtual/applications) by extension 'ignore_ament_install'
[2.239s] Level 1:colcon.colcon_core.package_identification:_identify(Development/python_resources/qcar2/virtual/applications) by extensions ['colcon_pkg']
[2.239s] Level 1:colcon.colcon_core.package_identification:_identify(Development/python_resources/qcar2/virtual/applications) by extension 'colcon_pkg'
[2.239s] Level 1:colcon.colcon_core.package_identification:_identify(Development/python_resources/qcar2/virtual/applications) by extensions ['colcon_meta']
[2.239s] Level 1:colcon.colcon_core.package_identification:_identify(Development/python_resources/qcar2/virtual/applications) by extension 'colcon_meta'
[2.239s] Level 1:colcon.colcon_core.package_identification:_identify(Development/python_resources/qcar2/virtual/applications) by extensions ['ros']
[2.239s] Level 1:colcon.colcon_core.package_identification:_identify(Development/python_resources/qcar2/virtual/applications) by extension 'ros'
[2.239s] Level 1:colcon.colcon_core.package_identification:_identify(Development/python_resources/qcar2/virtual/applications) by extensions ['cmake', 'python']
[2.239s] Level 1:colcon.colcon_core.package_identification:_identify(Development/python_resources/qcar2/virtual/applications) by extension 'cmake'
[2.239s] Level 1:colcon.colcon_core.package_identification:_identify(Development/python_resources/qcar2/virtual/applications) by extension 'python'
[2.239s] Level 1:colcon.colcon_core.package_identification:_identify(Development/python_resources/qcar2/virtual/applications) by extensions ['python_setup_py']
[2.239s] Level 1:colcon.colcon_core.package_identification:_identify(Development/python_resources/qcar2/virtual/applications) by extension 'python_setup_py'
[2.239s] Level 1:colcon.colcon_core.package_identification:_identify(Development/python_resources/qcar2/virtual/applications/360_vision) by extensions ['ignore', 'ignore_ament_install']
[2.239s] Level 1:colcon.colcon_core.package_identification:_identify(Development/python_resources/qcar2/virtual/applications/360_vision) by extension 'ignore'
[2.239s] Level 1:colcon.colcon_core.package_identification:_identify(Development/python_resources/qcar2/virtual/applications/360_vision) by extension 'ignore_ament_install'
[2.239s] Level 1:colcon.colcon_core.package_identification:_identify(Development/python_resources/qcar2/virtual/applications/360_vision) by extensions ['colcon_pkg']
[2.239s] Level 1:colcon.colcon_core.package_identification:_identify(Development/python_resources/qcar2/virtual/applications/360_vision) by extension 'colcon_pkg'
[2.239s] Level 1:colcon.colcon_core.package_identification:_identify(Development/python_resources/qcar2/virtual/applications/360_vision) by extensions ['colcon_meta']
[2.239s] Level 1:colcon.colcon_core.package_identification:_identify(Development/python_resources/qcar2/virtual/applications/360_vision) by extension 'colcon_meta'
[2.239s] Level 1:colcon.colcon_core.package_identification:_identify(Development/python_resources/qcar2/virtual/applications/360_vision) by extensions ['ros']
[2.239s] Level 1:colcon.colcon_core.package_identification:_identify(Development/python_resources/qcar2/virtual/applications/360_vision) by extension 'ros'
[2.239s] Level 1:colcon.colcon_core.package_identification:_identify(Development/python_resources/qcar2/virtual/applications/360_vision) by extensions ['cmake', 'python']
[2.239s] Level 1:colcon.colcon_core.package_identification:_identify(Development/python_resources/qcar2/virtual/applications/360_vision) by extension 'cmake'
[2.239s] Level 1:colcon.colcon_core.package_identification:_identify(Development/python_resources/qcar2/virtual/applications/360_vision) by extension 'python'
[2.239s] Level 1:colcon.colcon_core.package_identification:_identify(Development/python_resources/qcar2/virtual/applications/360_vision) by extensions ['python_setup_py']
[2.239s] Level 1:colcon.colcon_core.package_identification:_identify(Development/python_resources/qcar2/virtual/applications/360_vision) by extension 'python_setup_py'
[2.239s] Level 1:colcon.colcon_core.package_identification:_identify(Development/python_resources/qcar2/virtual/applications/lane_following) by extensions ['ignore', 'ignore_ament_install']
[2.239s] Level 1:colcon.colcon_core.package_identification:_identify(Development/python_resources/qcar2/virtual/applications/lane_following) by extension 'ignore'
[2.239s] Level 1:colcon.colcon_core.package_identification:_identify(Development/python_resources/qcar2/virtual/applications/lane_following) by extension 'ignore_ament_install'
[2.239s] Level 1:colcon.colcon_core.package_identification:_identify(Development/python_resources/qcar2/virtual/applications/lane_following) by extensions ['colcon_pkg']
[2.240s] Level 1:colcon.colcon_core.package_identification:_identify(Development/python_resources/qcar2/virtual/applications/lane_following) by extension 'colcon_pkg'
[2.240s] Level 1:colcon.colcon_core.package_identification:_identify(Development/python_resources/qcar2/virtual/applications/lane_following) by extensions ['colcon_meta']
[2.240s] Level 1:colcon.colcon_core.package_identification:_identify(Development/python_resources/qcar2/virtual/applications/lane_following) by extension 'colcon_meta'
[2.240s] Level 1:colcon.colcon_core.package_identification:_identify(Development/python_resources/qcar2/virtual/applications/lane_following) by extensions ['ros']
[2.240s] Level 1:colcon.colcon_core.package_identification:_identify(Development/python_resources/qcar2/virtual/applications/lane_following) by extension 'ros'
[2.240s] Level 1:colcon.colcon_core.package_identification:_identify(Development/python_resources/qcar2/virtual/applications/lane_following) by extensions ['cmake', 'python']
[2.240s] Level 1:colcon.colcon_core.package_identification:_identify(Development/python_resources/qcar2/virtual/applications/lane_following) by extension 'cmake'
[2.240s] Level 1:colcon.colcon_core.package_identification:_identify(Development/python_resources/qcar2/virtual/applications/lane_following) by extension 'python'
[2.240s] Level 1:colcon.colcon_core.package_identification:_identify(Development/python_resources/qcar2/virtual/applications/lane_following) by extensions ['python_setup_py']
[2.240s] Level 1:colcon.colcon_core.package_identification:_identify(Development/python_resources/qcar2/virtual/applications/lane_following) by extension 'python_setup_py'
[2.240s] Level 1:colcon.colcon_core.package_identification:_identify(Development/python_resources/qcar2/virtual/applications/manual_drive) by extensions ['ignore', 'ignore_ament_install']
[2.240s] Level 1:colcon.colcon_core.package_identification:_identify(Development/python_resources/qcar2/virtual/applications/manual_drive) by extension 'ignore'
[2.240s] Level 1:colcon.colcon_core.package_identification:_identify(Development/python_resources/qcar2/virtual/applications/manual_drive) by extension 'ignore_ament_install'
[2.240s] Level 1:colcon.colcon_core.package_identification:_identify(Development/python_resources/qcar2/virtual/applications/manual_drive) by extensions ['colcon_pkg']
[2.240s] Level 1:colcon.colcon_core.package_identification:_identify(Development/python_resources/qcar2/virtual/applications/manual_drive) by extension 'colcon_pkg'
[2.240s] Level 1:colcon.colcon_core.package_identification:_identify(Development/python_resources/qcar2/virtual/applications/manual_drive) by extensions ['colcon_meta']
[2.240s] Level 1:colcon.colcon_core.package_identification:_identify(Development/python_resources/qcar2/virtual/applications/manual_drive) by extension 'colcon_meta'
[2.240s] Level 1:colcon.colcon_core.package_identification:_identify(Development/python_resources/qcar2/virtual/applications/manual_drive) by extensions ['ros']
[2.240s] Level 1:colcon.colcon_core.package_identification:_identify(Development/python_resources/qcar2/virtual/applications/manual_drive) by extension 'ros'
[2.240s] Level 1:colcon.colcon_core.package_identification:_identify(Development/python_resources/qcar2/virtual/applications/manual_drive) by extensions ['cmake', 'python']
[2.240s] Level 1:colcon.colcon_core.package_identification:_identify(Development/python_resources/qcar2/virtual/applications/manual_drive) by extension 'cmake'
[2.240s] Level 1:colcon.colcon_core.package_identification:_identify(Development/python_resources/qcar2/virtual/applications/manual_drive) by extension 'python'
[2.240s] Level 1:colcon.colcon_core.package_identification:_identify(Development/python_resources/qcar2/virtual/applications/manual_drive) by extensions ['python_setup_py']
[2.240s] Level 1:colcon.colcon_core.package_identification:_identify(Development/python_resources/qcar2/virtual/applications/manual_drive) by extension 'python_setup_py'
[2.240s] Level 1:colcon.colcon_core.package_identification:_identify(Development/python_resources/qcar2/virtual/applications/point_cloud_generation) by extensions ['ignore', 'ignore_ament_install']
[2.240s] Level 1:colcon.colcon_core.package_identification:_identify(Development/python_resources/qcar2/virtual/applications/point_cloud_generation) by extension 'ignore'
[2.240s] Level 1:colcon.colcon_core.package_identification:_identify(Development/python_resources/qcar2/virtual/applications/point_cloud_generation) by extension 'ignore_ament_install'
[2.240s] Level 1:colcon.colcon_core.package_identification:_identify(Development/python_resources/qcar2/virtual/applications/point_cloud_generation) by extensions ['colcon_pkg']
[2.240s] Level 1:colcon.colcon_core.package_identification:_identify(Development/python_resources/qcar2/virtual/applications/point_cloud_generation) by extension 'colcon_pkg'
[2.240s] Level 1:colcon.colcon_core.package_identification:_identify(Development/python_resources/qcar2/virtual/applications/point_cloud_generation) by extensions ['colcon_meta']
[2.241s] Level 1:colcon.colcon_core.package_identification:_identify(Development/python_resources/qcar2/virtual/applications/point_cloud_generation) by extension 'colcon_meta'
[2.241s] Level 1:colcon.colcon_core.package_identification:_identify(Development/python_resources/qcar2/virtual/applications/point_cloud_generation) by extensions ['ros']
[2.241s] Level 1:colcon.colcon_core.package_identification:_identify(Development/python_resources/qcar2/virtual/applications/point_cloud_generation) by extension 'ros'
[2.241s] Level 1:colcon.colcon_core.package_identification:_identify(Development/python_resources/qcar2/virtual/applications/point_cloud_generation) by extensions ['cmake', 'python']
[2.241s] Level 1:colcon.colcon_core.package_identification:_identify(Development/python_resources/qcar2/virtual/applications/point_cloud_generation) by extension 'cmake'
[2.241s] Level 1:colcon.colcon_core.package_identification:_identify(Development/python_resources/qcar2/virtual/applications/point_cloud_generation) by extension 'python'
[2.241s] Level 1:colcon.colcon_core.package_identification:_identify(Development/python_resources/qcar2/virtual/applications/point_cloud_generation) by extensions ['python_setup_py']
[2.241s] Level 1:colcon.colcon_core.package_identification:_identify(Development/python_resources/qcar2/virtual/applications/point_cloud_generation) by extension 'python_setup_py'
[2.241s] Level 1:colcon.colcon_core.package_identification:_identify(Development/python_resources/qcar2/virtual/applications/rgbd_imaging) by extensions ['ignore', 'ignore_ament_install']
[2.241s] Level 1:colcon.colcon_core.package_identification:_identify(Development/python_resources/qcar2/virtual/applications/rgbd_imaging) by extension 'ignore'
[2.241s] Level 1:colcon.colcon_core.package_identification:_identify(Development/python_resources/qcar2/virtual/applications/rgbd_imaging) by extension 'ignore_ament_install'
[2.241s] Level 1:colcon.colcon_core.package_identification:_identify(Development/python_resources/qcar2/virtual/applications/rgbd_imaging) by extensions ['colcon_pkg']
[2.241s] Level 1:colcon.colcon_core.package_identification:_identify(Development/python_resources/qcar2/virtual/applications/rgbd_imaging) by extension 'colcon_pkg'
[2.241s] Level 1:colcon.colcon_core.package_identification:_identify(Development/python_resources/qcar2/virtual/applications/rgbd_imaging) by extensions ['colcon_meta']
[2.241s] Level 1:colcon.colcon_core.package_identification:_identify(Development/python_resources/qcar2/virtual/applications/rgbd_imaging) by extension 'colcon_meta'
[2.241s] Level 1:colcon.colcon_core.package_identification:_identify(Development/python_resources/qcar2/virtual/applications/rgbd_imaging) by extensions ['ros']
[2.241s] Level 1:colcon.colcon_core.package_identification:_identify(Development/python_resources/qcar2/virtual/applications/rgbd_imaging) by extension 'ros'
[2.241s] Level 1:colcon.colcon_core.package_identification:_identify(Development/python_resources/qcar2/virtual/applications/rgbd_imaging) by extensions ['cmake', 'python']
[2.241s] Level 1:colcon.colcon_core.package_identification:_identify(Development/python_resources/qcar2/virtual/applications/rgbd_imaging) by extension 'cmake'
[2.241s] Level 1:colcon.colcon_core.package_identification:_identify(Development/python_resources/qcar2/virtual/applications/rgbd_imaging) by extension 'python'
[2.241s] Level 1:colcon.colcon_core.package_identification:_identify(Development/python_resources/qcar2/virtual/applications/rgbd_imaging) by extensions ['python_setup_py']
[2.241s] Level 1:colcon.colcon_core.package_identification:_identify(Development/python_resources/qcar2/virtual/applications/rgbd_imaging) by extension 'python_setup_py'
[2.241s] Level 1:colcon.colcon_core.package_identification:_identify(Development/python_resources/qcar2/virtual/hardware_tests) by extensions ['ignore', 'ignore_ament_install']
[2.241s] Level 1:colcon.colcon_core.package_identification:_identify(Development/python_resources/qcar2/virtual/hardware_tests) by extension 'ignore'
[2.241s] Level 1:colcon.colcon_core.package_identification:_identify(Development/python_resources/qcar2/virtual/hardware_tests) by extension 'ignore_ament_install'
[2.241s] Level 1:colcon.colcon_core.package_identification:_identify(Development/python_resources/qcar2/virtual/hardware_tests) by extensions ['colcon_pkg']
[2.241s] Level 1:colcon.colcon_core.package_identification:_identify(Development/python_resources/qcar2/virtual/hardware_tests) by extension 'colcon_pkg'
[2.241s] Level 1:colcon.colcon_core.package_identification:_identify(Development/python_resources/qcar2/virtual/hardware_tests) by extensions ['colcon_meta']
[2.241s] Level 1:colcon.colcon_core.package_identification:_identify(Development/python_resources/qcar2/virtual/hardware_tests) by extension 'colcon_meta'
[2.242s] Level 1:colcon.colcon_core.package_identification:_identify(Development/python_resources/qcar2/virtual/hardware_tests) by extensions ['ros']
[2.242s] Level 1:colcon.colcon_core.package_identification:_identify(Development/python_resources/qcar2/virtual/hardware_tests) by extension 'ros'
[2.242s] Level 1:colcon.colcon_core.package_identification:_identify(Development/python_resources/qcar2/virtual/hardware_tests) by extensions ['cmake', 'python']
[2.242s] Level 1:colcon.colcon_core.package_identification:_identify(Development/python_resources/qcar2/virtual/hardware_tests) by extension 'cmake'
[2.242s] Level 1:colcon.colcon_core.package_identification:_identify(Development/python_resources/qcar2/virtual/hardware_tests) by extension 'python'
[2.242s] Level 1:colcon.colcon_core.package_identification:_identify(Development/python_resources/qcar2/virtual/hardware_tests) by extensions ['python_setup_py']
[2.242s] Level 1:colcon.colcon_core.package_identification:_identify(Development/python_resources/qcar2/virtual/hardware_tests) by extension 'python_setup_py'
[2.242s] Level 1:colcon.colcon_core.package_identification:_identify(Development/python_resources/roadmap) by extensions ['ignore', 'ignore_ament_install']
[2.242s] Level 1:colcon.colcon_core.package_identification:_identify(Development/python_resources/roadmap) by extension 'ignore'
[2.242s] Level 1:colcon.colcon_core.package_identification:_identify(Development/python_resources/roadmap) by extension 'ignore_ament_install'
[2.242s] Level 1:colcon.colcon_core.package_identification:_identify(Development/python_resources/roadmap) by extensions ['colcon_pkg']
[2.242s] Level 1:colcon.colcon_core.package_identification:_identify(Development/python_resources/roadmap) by extension 'colcon_pkg'
[2.242s] Level 1:colcon.colcon_core.package_identification:_identify(Development/python_resources/roadmap) by extensions ['colcon_meta']
[2.242s] Level 1:colcon.colcon_core.package_identification:_identify(Development/python_resources/roadmap) by extension 'colcon_meta'
[2.242s] Level 1:colcon.colcon_core.package_identification:_identify(Development/python_resources/roadmap) by extensions ['ros']
[2.242s] Level 1:colcon.colcon_core.package_identification:_identify(Development/python_resources/roadmap) by extension 'ros'
[2.242s] Level 1:colcon.colcon_core.package_identification:_identify(Development/python_resources/roadmap) by extensions ['cmake', 'python']
[2.242s] Level 1:colcon.colcon_core.package_identification:_identify(Development/python_resources/roadmap) by extension 'cmake'
[2.242s] Level 1:colcon.colcon_core.package_identification:_identify(Development/python_resources/roadmap) by extension 'python'
[2.242s] Level 1:colcon.colcon_core.package_identification:_identify(Development/python_resources/roadmap) by extensions ['python_setup_py']
[2.242s] Level 1:colcon.colcon_core.package_identification:_identify(Development/python_resources/roadmap) by extension 'python_setup_py'
[2.242s] Level 1:colcon.colcon_core.package_identification:_identify(Development/python_resources/traffic_light) by extensions ['ignore', 'ignore_ament_install']
[2.242s] Level 1:colcon.colcon_core.package_identification:_identify(Development/python_resources/traffic_light) by extension 'ignore'
[2.242s] Level 1:colcon.colcon_core.package_identification:_identify(Development/python_resources/traffic_light) by extension 'ignore_ament_install'
[2.242s] Level 1:colcon.colcon_core.package_identification:_identify(Development/python_resources/traffic_light) by extensions ['colcon_pkg']
[2.242s] Level 1:colcon.colcon_core.package_identification:_identify(Development/python_resources/traffic_light) by extension 'colcon_pkg'
[2.242s] Level 1:colcon.colcon_core.package_identification:_identify(Development/python_resources/traffic_light) by extensions ['colcon_meta']
[2.242s] Level 1:colcon.colcon_core.package_identification:_identify(Development/python_resources/traffic_light) by extension 'colcon_meta'
[2.242s] Level 1:colcon.colcon_core.package_identification:_identify(Development/python_resources/traffic_light) by extensions ['ros']
[2.242s] Level 1:colcon.colcon_core.package_identification:_identify(Development/python_resources/traffic_light) by extension 'ros'
[2.243s] Level 1:colcon.colcon_core.package_identification:_identify(Development/python_resources/traffic_light) by extensions ['cmake', 'python']
[2.243s] Level 1:colcon.colcon_core.package_identification:_identify(Development/python_resources/traffic_light) by extension 'cmake'
[2.243s] Level 1:colcon.colcon_core.package_identification:_identify(Development/python_resources/traffic_light) by extension 'python'
[2.243s] Level 1:colcon.colcon_core.package_identification:_identify(Development/python_resources/traffic_light) by extensions ['python_setup_py']
[2.243s] Level 1:colcon.colcon_core.package_identification:_identify(Development/python_resources/traffic_light) by extension 'python_setup_py'
[2.243s] Level 1:colcon.colcon_core.package_identification:_identify(Development/ros2) by extensions ['ignore', 'ignore_ament_install']
[2.243s] Level 1:colcon.colcon_core.package_identification:_identify(Development/ros2) by extension 'ignore'
[2.243s] Level 1:colcon.colcon_core.package_identification:_identify(Development/ros2) by extension 'ignore_ament_install'
[2.243s] Level 1:colcon.colcon_core.package_identification:_identify(Development/ros2) by extensions ['colcon_pkg']
[2.243s] Level 1:colcon.colcon_core.package_identification:_identify(Development/ros2) by extension 'colcon_pkg'
[2.243s] Level 1:colcon.colcon_core.package_identification:_identify(Development/ros2) by extensions ['colcon_meta']
[2.243s] Level 1:colcon.colcon_core.package_identification:_identify(Development/ros2) by extension 'colcon_meta'
[2.243s] Level 1:colcon.colcon_core.package_identification:_identify(Development/ros2) by extensions ['ros']
[2.243s] Level 1:colcon.colcon_core.package_identification:_identify(Development/ros2) by extension 'ros'
[2.243s] Level 1:colcon.colcon_core.package_identification:_identify(Development/ros2) by extensions ['cmake', 'python']
[2.243s] Level 1:colcon.colcon_core.package_identification:_identify(Development/ros2) by extension 'cmake'
[2.243s] Level 1:colcon.colcon_core.package_identification:_identify(Development/ros2) by extension 'python'
[2.243s] Level 1:colcon.colcon_core.package_identification:_identify(Development/ros2) by extensions ['python_setup_py']
[2.243s] Level 1:colcon.colcon_core.package_identification:_identify(Development/ros2) by extension 'python_setup_py'
[2.243s] Level 1:colcon.colcon_core.package_identification:_identify(Development/ros2/build) by extensions ['ignore', 'ignore_ament_install']
[2.243s] Level 1:colcon.colcon_core.package_identification:_identify(Development/ros2/build) by extension 'ignore'
[2.243s] Level 1:colcon.colcon_core.package_identification:_identify(Development/ros2/build) ignored
[2.243s] Level 1:colcon.colcon_core.package_identification:_identify(Development/ros2/install) by extensions ['ignore', 'ignore_ament_install']
[2.243s] Level 1:colcon.colcon_core.package_identification:_identify(Development/ros2/install) by extension 'ignore'
[2.243s] Level 1:colcon.colcon_core.package_identification:_identify(Development/ros2/install) ignored
[2.243s] Level 1:colcon.colcon_core.package_identification:_identify(Development/ros2/log) by extensions ['ignore', 'ignore_ament_install']
[2.244s] Level 1:colcon.colcon_core.package_identification:_identify(Development/ros2/log) by extension 'ignore'
[2.244s] Level 1:colcon.colcon_core.package_identification:_identify(Development/ros2/log) ignored
[2.244s] Level 1:colcon.colcon_core.package_identification:_identify(Development/ros2/src) by extensions ['ignore', 'ignore_ament_install']
[2.244s] Level 1:colcon.colcon_core.package_identification:_identify(Development/ros2/src) by extension 'ignore'
[2.244s] Level 1:colcon.colcon_core.package_identification:_identify(Development/ros2/src) by extension 'ignore_ament_install'
[2.244s] Level 1:colcon.colcon_core.package_identification:_identify(Development/ros2/src) by extensions ['colcon_pkg']
[2.244s] Level 1:colcon.colcon_core.package_identification:_identify(Development/ros2/src) by extension 'colcon_pkg'
[2.244s] Level 1:colcon.colcon_core.package_identification:_identify(Development/ros2/src) by extensions ['colcon_meta']
[2.244s] Level 1:colcon.colcon_core.package_identification:_identify(Development/ros2/src) by extension 'colcon_meta'
[2.244s] Level 1:colcon.colcon_core.package_identification:_identify(Development/ros2/src) by extensions ['ros']
[2.244s] Level 1:colcon.colcon_core.package_identification:_identify(Development/ros2/src) by extension 'ros'
[2.244s] Level 1:colcon.colcon_core.package_identification:_identify(Development/ros2/src) by extensions ['cmake', 'python']
[2.244s] Level 1:colcon.colcon_core.package_identification:_identify(Development/ros2/src) by extension 'cmake'
[2.244s] Level 1:colcon.colcon_core.package_identification:_identify(Development/ros2/src) by extension 'python'
[2.244s] Level 1:colcon.colcon_core.package_identification:_identify(Development/ros2/src) by extensions ['python_setup_py']
[2.244s] Level 1:colcon.colcon_core.package_identification:_identify(Development/ros2/src) by extension 'python_setup_py'
[2.244s] Level 1:colcon.colcon_core.package_identification:_identify(Development/ros2/src/qcar2_autonomy) by extensions ['ignore', 'ignore_ament_install']
[2.244s] Level 1:colcon.colcon_core.package_identification:_identify(Development/ros2/src/qcar2_autonomy) by extension 'ignore'
[2.244s] Level 1:colcon.colcon_core.package_identification:_identify(Development/ros2/src/qcar2_autonomy) by extension 'ignore_ament_install'
[2.244s] Level 1:colcon.colcon_core.package_identification:_identify(Development/ros2/src/qcar2_autonomy) by extensions ['colcon_pkg']
[2.244s] Level 1:colcon.colcon_core.package_identification:_identify(Development/ros2/src/qcar2_autonomy) by extension 'colcon_pkg'
[2.244s] Level 1:colcon.colcon_core.package_identification:_identify(Development/ros2/src/qcar2_autonomy) by extensions ['colcon_meta']
[2.244s] Level 1:colcon.colcon_core.package_identification:_identify(Development/ros2/src/qcar2_autonomy) by extension 'colcon_meta'
[2.244s] Level 1:colcon.colcon_core.package_identification:_identify(Development/ros2/src/qcar2_autonomy) by extensions ['ros']
[2.244s] Level 1:colcon.colcon_core.package_identification:_identify(Development/ros2/src/qcar2_autonomy) by extension 'ros'
[2.247s] DEBUG:colcon.colcon_core.package_identification:Package 'Development/ros2/src/qcar2_autonomy' with type 'ros.ament_python' and name 'qcar2_autonomy'
[2.247s] Level 1:colcon.colcon_core.package_identification:_identify(Development/ros2/src/qcar2_interfaces) by extensions ['ignore', 'ignore_ament_install']
[2.247s] Level 1:colcon.colcon_core.package_identification:_identify(Development/ros2/src/qcar2_interfaces) by extension 'ignore'
[2.247s] Level 1:colcon.colcon_core.package_identification:_identify(Development/ros2/src/qcar2_interfaces) by extension 'ignore_ament_install'
[2.247s] Level 1:colcon.colcon_core.package_identification:_identify(Development/ros2/src/qcar2_interfaces) by extensions ['colcon_pkg']
[2.247s] Level 1:colcon.colcon_core.package_identification:_identify(Development/ros2/src/qcar2_interfaces) by extension 'colcon_pkg'
[2.247s] Level 1:colcon.colcon_core.package_identification:_identify(Development/ros2/src/qcar2_interfaces) by extensions ['colcon_meta']
[2.247s] Level 1:colcon.colcon_core.package_identification:_identify(Development/ros2/src/qcar2_interfaces) by extension 'colcon_meta'
[2.247s] Level 1:colcon.colcon_core.package_identification:_identify(Development/ros2/src/qcar2_interfaces) by extensions ['ros']
[2.247s] Level 1:colcon.colcon_core.package_identification:_identify(Development/ros2/src/qcar2_interfaces) by extension 'ros'
[2.248s] DEBUG:colcon.colcon_core.package_identification:Package 'Development/ros2/src/qcar2_interfaces' with type 'ros.ament_cmake' and name 'qcar2_interfaces'
[2.248s] Level 1:colcon.colcon_core.package_identification:_identify(Development/ros2/src/qcar2_nodes) by extensions ['ignore', 'ignore_ament_install']
[2.248s] Level 1:colcon.colcon_core.package_identification:_identify(Development/ros2/src/qcar2_nodes) by extension 'ignore'
[2.248s] Level 1:colcon.colcon_core.package_identification:_identify(Development/ros2/src/qcar2_nodes) by extension 'ignore_ament_install'
[2.248s] Level 1:colcon.colcon_core.package_identification:_identify(Development/ros2/src/qcar2_nodes) by extensions ['colcon_pkg']
[2.248s] Level 1:colcon.colcon_core.package_identification:_identify(Development/ros2/src/qcar2_nodes) by extension 'colcon_pkg'
[2.248s] Level 1:colcon.colcon_core.package_identification:_identify(Development/ros2/src/qcar2_nodes) by extensions ['colcon_meta']
[2.248s] Level 1:colcon.colcon_core.package_identification:_identify(Development/ros2/src/qcar2_nodes) by extension 'colcon_meta'
[2.248s] Level 1:colcon.colcon_core.package_identification:_identify(Development/ros2/src/qcar2_nodes) by extensions ['ros']
[2.248s] Level 1:colcon.colcon_core.package_identification:_identify(Development/ros2/src/qcar2_nodes) by extension 'ros'
[2.249s] DEBUG:colcon.colcon_core.package_identification:Package 'Development/ros2/src/qcar2_nodes' with type 'ros.ament_cmake' and name 'qcar2_nodes'
[2.249s] Level 1:colcon.colcon_core.package_identification:_identify(Development/ros2/src/qcar2_perception) by extensions ['ignore', 'ignore_ament_install']
[2.249s] Level 1:colcon.colcon_core.package_identification:_identify(Development/ros2/src/qcar2_perception) by extension 'ignore'
[2.249s] Level 1:colcon.colcon_core.package_identification:_identify(Development/ros2/src/qcar2_perception) by extension 'ignore_ament_install'
[2.249s] Level 1:colcon.colcon_core.package_identification:_identify(Development/ros2/src/qcar2_perception) by extensions ['colcon_pkg']
[2.249s] Level 1:colcon.colcon_core.package_identification:_identify(Development/ros2/src/qcar2_perception) by extension 'colcon_pkg'
[2.249s] Level 1:colcon.colcon_core.package_identification:_identify(Development/ros2/src/qcar2_perception) by extensions ['colcon_meta']
[2.249s] Level 1:colcon.colcon_core.package_identification:_identify(Development/ros2/src/qcar2_perception) by extension 'colcon_meta'
[2.249s] Level 1:colcon.colcon_core.package_identification:_identify(Development/ros2/src/qcar2_perception) by extensions ['ros']
[2.249s] Level 1:colcon.colcon_core.package_identification:_identify(Development/ros2/src/qcar2_perception) by extension 'ros'
[2.250s] DEBUG:colcon.colcon_core.package_identification:Package 'Development/ros2/src/qcar2_perception' with type 'ros.ament_python' and name 'qcar2_perception'
[2.250s] Level 1:colcon.colcon_core.package_identification:_identify(backup) by extensions ['ignore', 'ignore_ament_install']
[2.250s] Level 1:colcon.colcon_core.package_identification:_identify(backup) by extension 'ignore'
[2.250s] Level 1:colcon.colcon_core.package_identification:_identify(backup) ignored
[2.250s] Level 1:colcon.colcon_core.package_identification:_identify(build) by extensions ['ignore', 'ignore_ament_install']
[2.250s] Level 1:colcon.colcon_core.package_identification:_identify(build) by extension 'ignore'
[2.250s] Level 1:colcon.colcon_core.package_identification:_identify(build) ignored
[2.250s] Level 1:colcon.colcon_core.package_identification:_identify(docker) by extensions ['ignore', 'ignore_ament_install']
[2.251s] Level 1:colcon.colcon_core.package_identification:_identify(docker) by extension 'ignore'
[2.251s] Level 1:colcon.colcon_core.package_identification:_identify(docker) by extension 'ignore_ament_install'
[2.251s] Level 1:colcon.colcon_core.package_identification:_identify(docker) by extensions ['colcon_pkg']
[2.251s] Level 1:colcon.colcon_core.package_identification:_identify(docker) by extension 'colcon_pkg'
[2.251s] Level 1:colcon.colcon_core.package_identification:_identify(docker) by extensions ['colcon_meta']
[2.251s] Level 1:colcon.colcon_core.package_identification:_identify(docker) by extension 'colcon_meta'
[2.251s] Level 1:colcon.colcon_core.package_identification:_identify(docker) by extensions ['ros']
[2.251s] Level 1:colcon.colcon_core.package_identification:_identify(docker) by extension 'ros'
[2.251s] Level 1:colcon.colcon_core.package_identification:_identify(docker) by extensions ['cmake', 'python']
[2.251s] Level 1:colcon.colcon_core.package_identification:_identify(docker) by extension 'cmake'
[2.251s] Level 1:colcon.colcon_core.package_identification:_identify(docker) by extension 'python'
[2.251s] Level 1:colcon.colcon_core.package_identification:_identify(docker) by extensions ['python_setup_py']
[2.251s] Level 1:colcon.colcon_core.package_identification:_identify(docker) by extension 'python_setup_py'
[2.251s] Level 1:colcon.colcon_core.package_identification:_identify(docker/0_libraries) by extensions ['ignore', 'ignore_ament_install']
[2.251s] Level 1:colcon.colcon_core.package_identification:_identify(docker/0_libraries) by extension 'ignore'
[2.251s] Level 1:colcon.colcon_core.package_identification:_identify(docker/0_libraries) by extension 'ignore_ament_install'
[2.251s] Level 1:colcon.colcon_core.package_identification:_identify(docker/0_libraries) by extensions ['colcon_pkg']
[2.251s] Level 1:colcon.colcon_core.package_identification:_identify(docker/0_libraries) by extension 'colcon_pkg'
[2.251s] Level 1:colcon.colcon_core.package_identification:_identify(docker/0_libraries) by extensions ['colcon_meta']
[2.251s] Level 1:colcon.colcon_core.package_identification:_identify(docker/0_libraries) by extension 'colcon_meta'
[2.251s] Level 1:colcon.colcon_core.package_identification:_identify(docker/0_libraries) by extensions ['ros']
[2.251s] Level 1:colcon.colcon_core.package_identification:_identify(docker/0_libraries) by extension 'ros'
[2.251s] Level 1:colcon.colcon_core.package_identification:_identify(docker/0_libraries) by extensions ['cmake', 'python']
[2.251s] Level 1:colcon.colcon_core.package_identification:_identify(docker/0_libraries) by extension 'cmake'
[2.251s] Level 1:colcon.colcon_core.package_identification:_identify(docker/0_libraries) by extension 'python'
[2.251s] Level 1:colcon.colcon_core.package_identification:_identify(docker/0_libraries) by extensions ['python_setup_py']
[2.251s] Level 1:colcon.colcon_core.package_identification:_identify(docker/0_libraries) by extension 'python_setup_py'
[2.251s] Level 1:colcon.colcon_core.package_identification:_identify(docker/0_libraries/python) by extensions ['ignore', 'ignore_ament_install']
[2.251s] Level 1:colcon.colcon_core.package_identification:_identify(docker/0_libraries/python) by extension 'ignore'
[2.251s] Level 1:colcon.colcon_core.package_identification:_identify(docker/0_libraries/python) by extension 'ignore_ament_install'
[2.252s] Level 1:colcon.colcon_core.package_identification:_identify(docker/0_libraries/python) by extensions ['colcon_pkg']
[2.252s] Level 1:colcon.colcon_core.package_identification:_identify(docker/0_libraries/python) by extension 'colcon_pkg'
[2.252s] Level 1:colcon.colcon_core.package_identification:_identify(docker/0_libraries/python) by extensions ['colcon_meta']
[2.252s] Level 1:colcon.colcon_core.package_identification:_identify(docker/0_libraries/python) by extension 'colcon_meta'
[2.252s] Level 1:colcon.colcon_core.package_identification:_identify(docker/0_libraries/python) by extensions ['ros']
[2.252s] Level 1:colcon.colcon_core.package_identification:_identify(docker/0_libraries/python) by extension 'ros'
[2.252s] Level 1:colcon.colcon_core.package_identification:_identify(docker/0_libraries/python) by extensions ['cmake', 'python']
[2.252s] Level 1:colcon.colcon_core.package_identification:_identify(docker/0_libraries/python) by extension 'cmake'
[2.252s] Level 1:colcon.colcon_core.package_identification:_identify(docker/0_libraries/python) by extension 'python'
[2.252s] Level 1:colcon.colcon_core.package_identification:_identify(docker/0_libraries/python) by extensions ['python_setup_py']
[2.252s] Level 1:colcon.colcon_core.package_identification:_identify(docker/0_libraries/python) by extension 'python_setup_py'
[2.252s] Level 1:colcon.colcon_core.package_identification:_identify(docker/0_libraries/python/hal) by extensions ['ignore', 'ignore_ament_install']
[2.252s] Level 1:colcon.colcon_core.package_identification:_identify(docker/0_libraries/python/hal) by extension 'ignore'
[2.252s] Level 1:colcon.colcon_core.package_identification:_identify(docker/0_libraries/python/hal) by extension 'ignore_ament_install'
[2.252s] Level 1:colcon.colcon_core.package_identification:_identify(docker/0_libraries/python/hal) by extensions ['colcon_pkg']
[2.252s] Level 1:colcon.colcon_core.package_identification:_identify(docker/0_libraries/python/hal) by extension 'colcon_pkg'
[2.252s] Level 1:colcon.colcon_core.package_identification:_identify(docker/0_libraries/python/hal) by extensions ['colcon_meta']
[2.252s] Level 1:colcon.colcon_core.package_identification:_identify(docker/0_libraries/python/hal) by extension 'colcon_meta'
[2.252s] Level 1:colcon.colcon_core.package_identification:_identify(docker/0_libraries/python/hal) by extensions ['ros']
[2.252s] Level 1:colcon.colcon_core.package_identification:_identify(docker/0_libraries/python/hal) by extension 'ros'
[2.252s] Level 1:colcon.colcon_core.package_identification:_identify(docker/0_libraries/python/hal) by extensions ['cmake', 'python']
[2.252s] Level 1:colcon.colcon_core.package_identification:_identify(docker/0_libraries/python/hal) by extension 'cmake'
[2.252s] Level 1:colcon.colcon_core.package_identification:_identify(docker/0_libraries/python/hal) by extension 'python'
[2.252s] Level 1:colcon.colcon_core.package_identification:_identify(docker/0_libraries/python/hal) by extensions ['python_setup_py']
[2.252s] Level 1:colcon.colcon_core.package_identification:_identify(docker/0_libraries/python/hal) by extension 'python_setup_py'
[2.252s] Level 1:colcon.colcon_core.package_identification:_identify(docker/0_libraries/python/hal/content) by extensions ['ignore', 'ignore_ament_install']
[2.252s] Level 1:colcon.colcon_core.package_identification:_identify(docker/0_libraries/python/hal/content) by extension 'ignore'
[2.252s] Level 1:colcon.colcon_core.package_identification:_identify(docker/0_libraries/python/hal/content) by extension 'ignore_ament_install'
[2.252s] Level 1:colcon.colcon_core.package_identification:_identify(docker/0_libraries/python/hal/content) by extensions ['colcon_pkg']
[2.253s] Level 1:colcon.colcon_core.package_identification:_identify(docker/0_libraries/python/hal/content) by extension 'colcon_pkg'
[2.253s] Level 1:colcon.colcon_core.package_identification:_identify(docker/0_libraries/python/hal/content) by extensions ['colcon_meta']
[2.253s] Level 1:colcon.colcon_core.package_identification:_identify(docker/0_libraries/python/hal/content) by extension 'colcon_meta'
[2.253s] Level 1:colcon.colcon_core.package_identification:_identify(docker/0_libraries/python/hal/content) by extensions ['ros']
[2.253s] Level 1:colcon.colcon_core.package_identification:_identify(docker/0_libraries/python/hal/content) by extension 'ros'
[2.253s] Level 1:colcon.colcon_core.package_identification:_identify(docker/0_libraries/python/hal/content) by extensions ['cmake', 'python']
[2.253s] Level 1:colcon.colcon_core.package_identification:_identify(docker/0_libraries/python/hal/content) by extension 'cmake'
[2.253s] Level 1:colcon.colcon_core.package_identification:_identify(docker/0_libraries/python/hal/content) by extension 'python'
[2.253s] Level 1:colcon.colcon_core.package_identification:_identify(docker/0_libraries/python/hal/content) by extensions ['python_setup_py']
[2.253s] Level 1:colcon.colcon_core.package_identification:_identify(docker/0_libraries/python/hal/content) by extension 'python_setup_py'
[2.253s] Level 1:colcon.colcon_core.package_identification:_identify(docker/0_libraries/python/hal/products) by extensions ['ignore', 'ignore_ament_install']
[2.253s] Level 1:colcon.colcon_core.package_identification:_identify(docker/0_libraries/python/hal/products) by extension 'ignore'
[2.253s] Level 1:colcon.colcon_core.package_identification:_identify(docker/0_libraries/python/hal/products) by extension 'ignore_ament_install'
[2.253s] Level 1:colcon.colcon_core.package_identification:_identify(docker/0_libraries/python/hal/products) by extensions ['colcon_pkg']
[2.253s] Level 1:colcon.colcon_core.package_identification:_identify(docker/0_libraries/python/hal/products) by extension 'colcon_pkg'
[2.253s] Level 1:colcon.colcon_core.package_identification:_identify(docker/0_libraries/python/hal/products) by extensions ['colcon_meta']
[2.253s] Level 1:colcon.colcon_core.package_identification:_identify(docker/0_libraries/python/hal/products) by extension 'colcon_meta'
[2.253s] Level 1:colcon.colcon_core.package_identification:_identify(docker/0_libraries/python/hal/products) by extensions ['ros']
[2.253s] Level 1:colcon.colcon_core.package_identification:_identify(docker/0_libraries/python/hal/products) by extension 'ros'
[2.253s] Level 1:colcon.colcon_core.package_identification:_identify(docker/0_libraries/python/hal/products) by extensions ['cmake', 'python']
[2.253s] Level 1:colcon.colcon_core.package_identification:_identify(docker/0_libraries/python/hal/products) by extension 'cmake'
[2.253s] Level 1:colcon.colcon_core.package_identification:_identify(docker/0_libraries/python/hal/products) by extension 'python'
[2.253s] Level 1:colcon.colcon_core.package_identification:_identify(docker/0_libraries/python/hal/products) by extensions ['python_setup_py']
[2.253s] Level 1:colcon.colcon_core.package_identification:_identify(docker/0_libraries/python/hal/products) by extension 'python_setup_py'
[2.253s] Level 1:colcon.colcon_core.package_identification:_identify(docker/0_libraries/python/hal/utilities) by extensions ['ignore', 'ignore_ament_install']
[2.253s] Level 1:colcon.colcon_core.package_identification:_identify(docker/0_libraries/python/hal/utilities) by extension 'ignore'
[2.253s] Level 1:colcon.colcon_core.package_identification:_identify(docker/0_libraries/python/hal/utilities) by extension 'ignore_ament_install'
[2.253s] Level 1:colcon.colcon_core.package_identification:_identify(docker/0_libraries/python/hal/utilities) by extensions ['colcon_pkg']
[2.253s] Level 1:colcon.colcon_core.package_identification:_identify(docker/0_libraries/python/hal/utilities) by extension 'colcon_pkg'
[2.254s] Level 1:colcon.colcon_core.package_identification:_identify(docker/0_libraries/python/hal/utilities) by extensions ['colcon_meta']
[2.254s] Level 1:colcon.colcon_core.package_identification:_identify(docker/0_libraries/python/hal/utilities) by extension 'colcon_meta'
[2.254s] Level 1:colcon.colcon_core.package_identification:_identify(docker/0_libraries/python/hal/utilities) by extensions ['ros']
[2.254s] Level 1:colcon.colcon_core.package_identification:_identify(docker/0_libraries/python/hal/utilities) by extension 'ros'
[2.254s] Level 1:colcon.colcon_core.package_identification:_identify(docker/0_libraries/python/hal/utilities) by extensions ['cmake', 'python']
[2.254s] Level 1:colcon.colcon_core.package_identification:_identify(docker/0_libraries/python/hal/utilities) by extension 'cmake'
[2.254s] Level 1:colcon.colcon_core.package_identification:_identify(docker/0_libraries/python/hal/utilities) by extension 'python'
[2.254s] Level 1:colcon.colcon_core.package_identification:_identify(docker/0_libraries/python/hal/utilities) by extensions ['python_setup_py']
[2.254s] Level 1:colcon.colcon_core.package_identification:_identify(docker/0_libraries/python/hal/utilities) by extension 'python_setup_py'
[2.254s] Level 1:colcon.colcon_core.package_identification:_identify(docker/0_libraries/python/pal) by extensions ['ignore', 'ignore_ament_install']
[2.254s] Level 1:colcon.colcon_core.package_identification:_identify(docker/0_libraries/python/pal) by extension 'ignore'
[2.254s] Level 1:colcon.colcon_core.package_identification:_identify(docker/0_libraries/python/pal) by extension 'ignore_ament_install'
[2.254s] Level 1:colcon.colcon_core.package_identification:_identify(docker/0_libraries/python/pal) by extensions ['colcon_pkg']
[2.254s] Level 1:colcon.colcon_core.package_identification:_identify(docker/0_libraries/python/pal) by extension 'colcon_pkg'
[2.254s] Level 1:colcon.colcon_core.package_identification:_identify(docker/0_libraries/python/pal) by extensions ['colcon_meta']
[2.254s] Level 1:colcon.colcon_core.package_identification:_identify(docker/0_libraries/python/pal) by extension 'colcon_meta'
[2.254s] Level 1:colcon.colcon_core.package_identification:_identify(docker/0_libraries/python/pal) by extensions ['ros']
[2.254s] Level 1:colcon.colcon_core.package_identification:_identify(docker/0_libraries/python/pal) by extension 'ros'
[2.254s] Level 1:colcon.colcon_core.package_identification:_identify(docker/0_libraries/python/pal) by extensions ['cmake', 'python']
[2.254s] Level 1:colcon.colcon_core.package_identification:_identify(docker/0_libraries/python/pal) by extension 'cmake'
[2.254s] Level 1:colcon.colcon_core.package_identification:_identify(docker/0_libraries/python/pal) by extension 'python'
[2.254s] Level 1:colcon.colcon_core.package_identification:_identify(docker/0_libraries/python/pal) by extensions ['python_setup_py']
[2.254s] Level 1:colcon.colcon_core.package_identification:_identify(docker/0_libraries/python/pal) by extension 'python_setup_py'
[2.254s] Level 1:colcon.colcon_core.package_identification:_identify(docker/0_libraries/python/pal/products) by extensions ['ignore', 'ignore_ament_install']
[2.254s] Level 1:colcon.colcon_core.package_identification:_identify(docker/0_libraries/python/pal/products) by extension 'ignore'
[2.254s] Level 1:colcon.colcon_core.package_identification:_identify(docker/0_libraries/python/pal/products) by extension 'ignore_ament_install'
[2.254s] Level 1:colcon.colcon_core.package_identification:_identify(docker/0_libraries/python/pal/products) by extensions ['colcon_pkg']
[2.254s] Level 1:colcon.colcon_core.package_identification:_identify(docker/0_libraries/python/pal/products) by extension 'colcon_pkg'
[2.254s] Level 1:colcon.colcon_core.package_identification:_identify(docker/0_libraries/python/pal/products) by extensions ['colcon_meta']
[2.254s] Level 1:colcon.colcon_core.package_identification:_identify(docker/0_libraries/python/pal/products) by extension 'colcon_meta'
[2.255s] Level 1:colcon.colcon_core.package_identification:_identify(docker/0_libraries/python/pal/products) by extensions ['ros']
[2.255s] Level 1:colcon.colcon_core.package_identification:_identify(docker/0_libraries/python/pal/products) by extension 'ros'
[2.255s] Level 1:colcon.colcon_core.package_identification:_identify(docker/0_libraries/python/pal/products) by extensions ['cmake', 'python']
[2.255s] Level 1:colcon.colcon_core.package_identification:_identify(docker/0_libraries/python/pal/products) by extension 'cmake'
[2.255s] Level 1:colcon.colcon_core.package_identification:_identify(docker/0_libraries/python/pal/products) by extension 'python'
[2.255s] Level 1:colcon.colcon_core.package_identification:_identify(docker/0_libraries/python/pal/products) by extensions ['python_setup_py']
[2.255s] Level 1:colcon.colcon_core.package_identification:_identify(docker/0_libraries/python/pal/products) by extension 'python_setup_py'
[2.255s] Level 1:colcon.colcon_core.package_identification:_identify(docker/0_libraries/python/pal/resources) by extensions ['ignore', 'ignore_ament_install']
[2.255s] Level 1:colcon.colcon_core.package_identification:_identify(docker/0_libraries/python/pal/resources) by extension 'ignore'
[2.255s] Level 1:colcon.colcon_core.package_identification:_identify(docker/0_libraries/python/pal/resources) by extension 'ignore_ament_install'
[2.255s] Level 1:colcon.colcon_core.package_identification:_identify(docker/0_libraries/python/pal/resources) by extensions ['colcon_pkg']
[2.255s] Level 1:colcon.colcon_core.package_identification:_identify(docker/0_libraries/python/pal/resources) by extension 'colcon_pkg'
[2.255s] Level 1:colcon.colcon_core.package_identification:_identify(docker/0_libraries/python/pal/resources) by extensions ['colcon_meta']
[2.255s] Level 1:colcon.colcon_core.package_identification:_identify(docker/0_libraries/python/pal/resources) by extension 'colcon_meta'
[2.255s] Level 1:colcon.colcon_core.package_identification:_identify(docker/0_libraries/python/pal/resources) by extensions ['ros']
[2.255s] Level 1:colcon.colcon_core.package_identification:_identify(docker/0_libraries/python/pal/resources) by extension 'ros'
[2.255s] Level 1:colcon.colcon_core.package_identification:_identify(docker/0_libraries/python/pal/resources) by extensions ['cmake', 'python']
[2.255s] Level 1:colcon.colcon_core.package_identification:_identify(docker/0_libraries/python/pal/resources) by extension 'cmake'
[2.255s] Level 1:colcon.colcon_core.package_identification:_identify(docker/0_libraries/python/pal/resources) by extension 'python'
[2.255s] Level 1:colcon.colcon_core.package_identification:_identify(docker/0_libraries/python/pal/resources) by extensions ['python_setup_py']
[2.255s] Level 1:colcon.colcon_core.package_identification:_identify(docker/0_libraries/python/pal/resources) by extension 'python_setup_py'
[2.255s] Level 1:colcon.colcon_core.package_identification:_identify(docker/0_libraries/python/pal/utilities) by extensions ['ignore', 'ignore_ament_install']
[2.255s] Level 1:colcon.colcon_core.package_identification:_identify(docker/0_libraries/python/pal/utilities) by extension 'ignore'
[2.255s] Level 1:colcon.colcon_core.package_identification:_identify(docker/0_libraries/python/pal/utilities) by extension 'ignore_ament_install'
[2.255s] Level 1:colcon.colcon_core.package_identification:_identify(docker/0_libraries/python/pal/utilities) by extensions ['colcon_pkg']
[2.255s] Level 1:colcon.colcon_core.package_identification:_identify(docker/0_libraries/python/pal/utilities) by extension 'colcon_pkg'
[2.255s] Level 1:colcon.colcon_core.package_identification:_identify(docker/0_libraries/python/pal/utilities) by extensions ['colcon_meta']
[2.255s] Level 1:colcon.colcon_core.package_identification:_identify(docker/0_libraries/python/pal/utilities) by extension 'colcon_meta'
[2.255s] Level 1:colcon.colcon_core.package_identification:_identify(docker/0_libraries/python/pal/utilities) by extensions ['ros']
[2.255s] Level 1:colcon.colcon_core.package_identification:_identify(docker/0_libraries/python/pal/utilities) by extension 'ros'
[2.255s] Level 1:colcon.colcon_core.package_identification:_identify(docker/0_libraries/python/pal/utilities) by extensions ['cmake', 'python']
[2.256s] Level 1:colcon.colcon_core.package_identification:_identify(docker/0_libraries/python/pal/utilities) by extension 'cmake'
[2.256s] Level 1:colcon.colcon_core.package_identification:_identify(docker/0_libraries/python/pal/utilities) by extension 'python'
[2.256s] Level 1:colcon.colcon_core.package_identification:_identify(docker/0_libraries/python/pal/utilities) by extensions ['python_setup_py']
[2.256s] Level 1:colcon.colcon_core.package_identification:_identify(docker/0_libraries/python/pal/utilities) by extension 'python_setup_py'
[2.256s] Level 1:colcon.colcon_core.package_identification:_identify(docker/0_libraries/python/pit) by extensions ['ignore', 'ignore_ament_install']
[2.256s] Level 1:colcon.colcon_core.package_identification:_identify(docker/0_libraries/python/pit) by extension 'ignore'
[2.256s] Level 1:colcon.colcon_core.package_identification:_identify(docker/0_libraries/python/pit) by extension 'ignore_ament_install'
[2.256s] Level 1:colcon.colcon_core.package_identification:_identify(docker/0_libraries/python/pit) by extensions ['colcon_pkg']
[2.256s] Level 1:colcon.colcon_core.package_identification:_identify(docker/0_libraries/python/pit) by extension 'colcon_pkg'
[2.256s] Level 1:colcon.colcon_core.package_identification:_identify(docker/0_libraries/python/pit) by extensions ['colcon_meta']
[2.256s] Level 1:colcon.colcon_core.package_identification:_identify(docker/0_libraries/python/pit) by extension 'colcon_meta'
[2.256s] Level 1:colcon.colcon_core.package_identification:_identify(docker/0_libraries/python/pit) by extensions ['ros']
[2.256s] Level 1:colcon.colcon_core.package_identification:_identify(docker/0_libraries/python/pit) by extension 'ros'
[2.256s] Level 1:colcon.colcon_core.package_identification:_identify(docker/0_libraries/python/pit) by extensions ['cmake', 'python']
[2.256s] Level 1:colcon.colcon_core.package_identification:_identify(docker/0_libraries/python/pit) by extension 'cmake'
[2.256s] Level 1:colcon.colcon_core.package_identification:_identify(docker/0_libraries/python/pit) by extension 'python'
[2.256s] Level 1:colcon.colcon_core.package_identification:_identify(docker/0_libraries/python/pit) by extensions ['python_setup_py']
[2.256s] Level 1:colcon.colcon_core.package_identification:_identify(docker/0_libraries/python/pit) by extension 'python_setup_py'
[2.256s] Level 1:colcon.colcon_core.package_identification:_identify(docker/0_libraries/python/pit/LaneNet) by extensions ['ignore', 'ignore_ament_install']
[2.256s] Level 1:colcon.colcon_core.package_identification:_identify(docker/0_libraries/python/pit/LaneNet) by extension 'ignore'
[2.256s] Level 1:colcon.colcon_core.package_identification:_identify(docker/0_libraries/python/pit/LaneNet) by extension 'ignore_ament_install'
[2.256s] Level 1:colcon.colcon_core.package_identification:_identify(docker/0_libraries/python/pit/LaneNet) by extensions ['colcon_pkg']
[2.256s] Level 1:colcon.colcon_core.package_identification:_identify(docker/0_libraries/python/pit/LaneNet) by extension 'colcon_pkg'
[2.256s] Level 1:colcon.colcon_core.package_identification:_identify(docker/0_libraries/python/pit/LaneNet) by extensions ['colcon_meta']
[2.256s] Level 1:colcon.colcon_core.package_identification:_identify(docker/0_libraries/python/pit/LaneNet) by extension 'colcon_meta'
[2.256s] Level 1:colcon.colcon_core.package_identification:_identify(docker/0_libraries/python/pit/LaneNet) by extensions ['ros']
[2.256s] Level 1:colcon.colcon_core.package_identification:_identify(docker/0_libraries/python/pit/LaneNet) by extension 'ros'
[2.256s] Level 1:colcon.colcon_core.package_identification:_identify(docker/0_libraries/python/pit/LaneNet) by extensions ['cmake', 'python']
[2.256s] Level 1:colcon.colcon_core.package_identification:_identify(docker/0_libraries/python/pit/LaneNet) by extension 'cmake'
[2.256s] Level 1:colcon.colcon_core.package_identification:_identify(docker/0_libraries/python/pit/LaneNet) by extension 'python'
[2.256s] Level 1:colcon.colcon_core.package_identification:_identify(docker/0_libraries/python/pit/LaneNet) by extensions ['python_setup_py']
[2.257s] Level 1:colcon.colcon_core.package_identification:_identify(docker/0_libraries/python/pit/LaneNet) by extension 'python_setup_py'
[2.257s] Level 1:colcon.colcon_core.package_identification:_identify(docker/0_libraries/python/pit/LaneNet/architecture) by extensions ['ignore', 'ignore_ament_install']
[2.257s] Level 1:colcon.colcon_core.package_identification:_identify(docker/0_libraries/python/pit/LaneNet/architecture) by extension 'ignore'
[2.257s] Level 1:colcon.colcon_core.package_identification:_identify(docker/0_libraries/python/pit/LaneNet/architecture) by extension 'ignore_ament_install'
[2.257s] Level 1:colcon.colcon_core.package_identification:_identify(docker/0_libraries/python/pit/LaneNet/architecture) by extensions ['colcon_pkg']
[2.257s] Level 1:colcon.colcon_core.package_identification:_identify(docker/0_libraries/python/pit/LaneNet/architecture) by extension 'colcon_pkg'
[2.257s] Level 1:colcon.colcon_core.package_identification:_identify(docker/0_libraries/python/pit/LaneNet/architecture) by extensions ['colcon_meta']
[2.257s] Level 1:colcon.colcon_core.package_identification:_identify(docker/0_libraries/python/pit/LaneNet/architecture) by extension 'colcon_meta'
[2.257s] Level 1:colcon.colcon_core.package_identification:_identify(docker/0_libraries/python/pit/LaneNet/architecture) by extensions ['ros']
[2.257s] Level 1:colcon.colcon_core.package_identification:_identify(docker/0_libraries/python/pit/LaneNet/architecture) by extension 'ros'
[2.257s] Level 1:colcon.colcon_core.package_identification:_identify(docker/0_libraries/python/pit/LaneNet/architecture) by extensions ['cmake', 'python']
[2.257s] Level 1:colcon.colcon_core.package_identification:_identify(docker/0_libraries/python/pit/LaneNet/architecture) by extension 'cmake'
[2.257s] Level 1:colcon.colcon_core.package_identification:_identify(docker/0_libraries/python/pit/LaneNet/architecture) by extension 'python'
[2.257s] Level 1:colcon.colcon_core.package_identification:_identify(docker/0_libraries/python/pit/LaneNet/architecture) by extensions ['python_setup_py']
[2.257s] Level 1:colcon.colcon_core.package_identification:_identify(docker/0_libraries/python/pit/LaneNet/architecture) by extension 'python_setup_py'
[2.257s] Level 1:colcon.colcon_core.package_identification:_identify(docker/0_libraries/python/pit/LaneNet/architecture/backbone) by extensions ['ignore', 'ignore_ament_install']
[2.257s] Level 1:colcon.colcon_core.package_identification:_identify(docker/0_libraries/python/pit/LaneNet/architecture/backbone) by extension 'ignore'
[2.257s] Level 1:colcon.colcon_core.package_identification:_identify(docker/0_libraries/python/pit/LaneNet/architecture/backbone) by extension 'ignore_ament_install'
[2.257s] Level 1:colcon.colcon_core.package_identification:_identify(docker/0_libraries/python/pit/LaneNet/architecture/backbone) by extensions ['colcon_pkg']
[2.257s] Level 1:colcon.colcon_core.package_identification:_identify(docker/0_libraries/python/pit/LaneNet/architecture/backbone) by extension 'colcon_pkg'
[2.257s] Level 1:colcon.colcon_core.package_identification:_identify(docker/0_libraries/python/pit/LaneNet/architecture/backbone) by extensions ['colcon_meta']
[2.257s] Level 1:colcon.colcon_core.package_identification:_identify(docker/0_libraries/python/pit/LaneNet/architecture/backbone) by extension 'colcon_meta'
[2.257s] Level 1:colcon.colcon_core.package_identification:_identify(docker/0_libraries/python/pit/LaneNet/architecture/backbone) by extensions ['ros']
[2.257s] Level 1:colcon.colcon_core.package_identification:_identify(docker/0_libraries/python/pit/LaneNet/architecture/backbone) by extension 'ros'
[2.257s] Level 1:colcon.colcon_core.package_identification:_identify(docker/0_libraries/python/pit/LaneNet/architecture/backbone) by extensions ['cmake', 'python']
[2.257s] Level 1:colcon.colcon_core.package_identification:_identify(docker/0_libraries/python/pit/LaneNet/architecture/backbone) by extension 'cmake'
[2.257s] Level 1:colcon.colcon_core.package_identification:_identify(docker/0_libraries/python/pit/LaneNet/architecture/backbone) by extension 'python'
[2.257s] Level 1:colcon.colcon_core.package_identification:_identify(docker/0_libraries/python/pit/LaneNet/architecture/backbone) by extensions ['python_setup_py']
[2.257s] Level 1:colcon.colcon_core.package_identification:_identify(docker/0_libraries/python/pit/LaneNet/architecture/backbone) by extension 'python_setup_py'
[2.258s] Level 1:colcon.colcon_core.package_identification:_identify(docker/0_libraries/python/pit/LaneNet/architecture/backbone/deeplabv3_plus) by extensions ['ignore', 'ignore_ament_install']
[2.258s] Level 1:colcon.colcon_core.package_identification:_identify(docker/0_libraries/python/pit/LaneNet/architecture/backbone/deeplabv3_plus) by extension 'ignore'
[2.258s] Level 1:colcon.colcon_core.package_identification:_identify(docker/0_libraries/python/pit/LaneNet/architecture/backbone/deeplabv3_plus) by extension 'ignore_ament_install'
[2.258s] Level 1:colcon.colcon_core.package_identification:_identify(docker/0_libraries/python/pit/LaneNet/architecture/backbone/deeplabv3_plus) by extensions ['colcon_pkg']
[2.258s] Level 1:colcon.colcon_core.package_identification:_identify(docker/0_libraries/python/pit/LaneNet/architecture/backbone/deeplabv3_plus) by extension 'colcon_pkg'
[2.258s] Level 1:colcon.colcon_core.package_identification:_identify(docker/0_libraries/python/pit/LaneNet/architecture/backbone/deeplabv3_plus) by extensions ['colcon_meta']
[2.258s] Level 1:colcon.colcon_core.package_identification:_identify(docker/0_libraries/python/pit/LaneNet/architecture/backbone/deeplabv3_plus) by extension 'colcon_meta'
[2.258s] Level 1:colcon.colcon_core.package_identification:_identify(docker/0_libraries/python/pit/LaneNet/architecture/backbone/deeplabv3_plus) by extensions ['ros']
[2.258s] Level 1:colcon.colcon_core.package_identification:_identify(docker/0_libraries/python/pit/LaneNet/architecture/backbone/deeplabv3_plus) by extension 'ros'
[2.258s] Level 1:colcon.colcon_core.package_identification:_identify(docker/0_libraries/python/pit/LaneNet/architecture/backbone/deeplabv3_plus) by extensions ['cmake', 'python']
[2.258s] Level 1:colcon.colcon_core.package_identification:_identify(docker/0_libraries/python/pit/LaneNet/architecture/backbone/deeplabv3_plus) by extension 'cmake'
[2.258s] Level 1:colcon.colcon_core.package_identification:_identify(docker/0_libraries/python/pit/LaneNet/architecture/backbone/deeplabv3_plus) by extension 'python'
[2.258s] Level 1:colcon.colcon_core.package_identification:_identify(docker/0_libraries/python/pit/LaneNet/architecture/backbone/deeplabv3_plus) by extensions ['python_setup_py']
[2.258s] Level 1:colcon.colcon_core.package_identification:_identify(docker/0_libraries/python/pit/LaneNet/architecture/backbone/deeplabv3_plus) by extension 'python_setup_py'
[2.258s] Level 1:colcon.colcon_core.package_identification:_identify(docker/0_libraries/python/pit/LaneNet/architecture/backbone/deeplabv3_plus/sync_batchnorm) by extensions ['ignore', 'ignore_ament_install']
[2.258s] Level 1:colcon.colcon_core.package_identification:_identify(docker/0_libraries/python/pit/LaneNet/architecture/backbone/deeplabv3_plus/sync_batchnorm) by extension 'ignore'
[2.258s] Level 1:colcon.colcon_core.package_identification:_identify(docker/0_libraries/python/pit/LaneNet/architecture/backbone/deeplabv3_plus/sync_batchnorm) by extension 'ignore_ament_install'
[2.258s] Level 1:colcon.colcon_core.package_identification:_identify(docker/0_libraries/python/pit/LaneNet/architecture/backbone/deeplabv3_plus/sync_batchnorm) by extensions ['colcon_pkg']
[2.258s] Level 1:colcon.colcon_core.package_identification:_identify(docker/0_libraries/python/pit/LaneNet/architecture/backbone/deeplabv3_plus/sync_batchnorm) by extension 'colcon_pkg'
[2.258s] Level 1:colcon.colcon_core.package_identification:_identify(docker/0_libraries/python/pit/LaneNet/architecture/backbone/deeplabv3_plus/sync_batchnorm) by extensions ['colcon_meta']
[2.258s] Level 1:colcon.colcon_core.package_identification:_identify(docker/0_libraries/python/pit/LaneNet/architecture/backbone/deeplabv3_plus/sync_batchnorm) by extension 'colcon_meta'
[2.258s] Level 1:colcon.colcon_core.package_identification:_identify(docker/0_libraries/python/pit/LaneNet/architecture/backbone/deeplabv3_plus/sync_batchnorm) by extensions ['ros']
[2.258s] Level 1:colcon.colcon_core.package_identification:_identify(docker/0_libraries/python/pit/LaneNet/architecture/backbone/deeplabv3_plus/sync_batchnorm) by extension 'ros'
[2.258s] Level 1:colcon.colcon_core.package_identification:_identify(docker/0_libraries/python/pit/LaneNet/architecture/backbone/deeplabv3_plus/sync_batchnorm) by extensions ['cmake', 'python']
[2.258s] Level 1:colcon.colcon_core.package_identification:_identify(docker/0_libraries/python/pit/LaneNet/architecture/backbone/deeplabv3_plus/sync_batchnorm) by extension 'cmake'
[2.258s] Level 1:colcon.colcon_core.package_identification:_identify(docker/0_libraries/python/pit/LaneNet/architecture/backbone/deeplabv3_plus/sync_batchnorm) by extension 'python'
[2.258s] Level 1:colcon.colcon_core.package_identification:_identify(docker/0_libraries/python/pit/LaneNet/architecture/backbone/deeplabv3_plus/sync_batchnorm) by extensions ['python_setup_py']
[2.258s] Level 1:colcon.colcon_core.package_identification:_identify(docker/0_libraries/python/pit/LaneNet/architecture/backbone/deeplabv3_plus/sync_batchnorm) by extension 'python_setup_py'
[2.258s] Level 1:colcon.colcon_core.package_identification:_identify(docker/0_libraries/python/pit/YOLO) by extensions ['ignore', 'ignore_ament_install']
[2.259s] Level 1:colcon.colcon_core.package_identification:_identify(docker/0_libraries/python/pit/YOLO) by extension 'ignore'
[2.259s] Level 1:colcon.colcon_core.package_identification:_identify(docker/0_libraries/python/pit/YOLO) by extension 'ignore_ament_install'
[2.259s] Level 1:colcon.colcon_core.package_identification:_identify(docker/0_libraries/python/pit/YOLO) by extensions ['colcon_pkg']
[2.259s] Level 1:colcon.colcon_core.package_identification:_identify(docker/0_libraries/python/pit/YOLO) by extension 'colcon_pkg'
[2.259s] Level 1:colcon.colcon_core.package_identification:_identify(docker/0_libraries/python/pit/YOLO) by extensions ['colcon_meta']
[2.259s] Level 1:colcon.colcon_core.package_identification:_identify(docker/0_libraries/python/pit/YOLO) by extension 'colcon_meta'
[2.259s] Level 1:colcon.colcon_core.package_identification:_identify(docker/0_libraries/python/pit/YOLO) by extensions ['ros']
[2.259s] Level 1:colcon.colcon_core.package_identification:_identify(docker/0_libraries/python/pit/YOLO) by extension 'ros'
[2.259s] Level 1:colcon.colcon_core.package_identification:_identify(docker/0_libraries/python/pit/YOLO) by extensions ['cmake', 'python']
[2.259s] Level 1:colcon.colcon_core.package_identification:_identify(docker/0_libraries/python/pit/YOLO) by extension 'cmake'
[2.259s] Level 1:colcon.colcon_core.package_identification:_identify(docker/0_libraries/python/pit/YOLO) by extension 'python'
[2.259s] Level 1:colcon.colcon_core.package_identification:_identify(docker/0_libraries/python/pit/YOLO) by extensions ['python_setup_py']
[2.259s] Level 1:colcon.colcon_core.package_identification:_identify(docker/0_libraries/python/pit/YOLO) by extension 'python_setup_py'
[2.259s] Level 1:colcon.colcon_core.package_identification:_identify(docker/0_libraries/python/pit/haar) by extensions ['ignore', 'ignore_ament_install']
[2.259s] Level 1:colcon.colcon_core.package_identification:_identify(docker/0_libraries/python/pit/haar) by extension 'ignore'
[2.259s] Level 1:colcon.colcon_core.package_identification:_identify(docker/0_libraries/python/pit/haar) by extension 'ignore_ament_install'
[2.259s] Level 1:colcon.colcon_core.package_identification:_identify(docker/0_libraries/python/pit/haar) by extensions ['colcon_pkg']
[2.259s] Level 1:colcon.colcon_core.package_identification:_identify(docker/0_libraries/python/pit/haar) by extension 'colcon_pkg'
[2.259s] Level 1:colcon.colcon_core.package_identification:_identify(docker/0_libraries/python/pit/haar) by extensions ['colcon_meta']
[2.259s] Level 1:colcon.colcon_core.package_identification:_identify(docker/0_libraries/python/pit/haar) by extension 'colcon_meta'
[2.259s] Level 1:colcon.colcon_core.package_identification:_identify(docker/0_libraries/python/pit/haar) by extensions ['ros']
[2.259s] Level 1:colcon.colcon_core.package_identification:_identify(docker/0_libraries/python/pit/haar) by extension 'ros'
[2.259s] Level 1:colcon.colcon_core.package_identification:_identify(docker/0_libraries/python/pit/haar) by extensions ['cmake', 'python']
[2.259s] Level 1:colcon.colcon_core.package_identification:_identify(docker/0_libraries/python/pit/haar) by extension 'cmake'
[2.259s] Level 1:colcon.colcon_core.package_identification:_identify(docker/0_libraries/python/pit/haar) by extension 'python'
[2.259s] Level 1:colcon.colcon_core.package_identification:_identify(docker/0_libraries/python/pit/haar) by extensions ['python_setup_py']
[2.259s] Level 1:colcon.colcon_core.package_identification:_identify(docker/0_libraries/python/pit/haar) by extension 'python_setup_py'
[2.259s] Level 1:colcon.colcon_core.package_identification:_identify(docker/0_libraries/python/pit/jetson) by extensions ['ignore', 'ignore_ament_install']
[2.259s] Level 1:colcon.colcon_core.package_identification:_identify(docker/0_libraries/python/pit/jetson) by extension 'ignore'
[2.259s] Level 1:colcon.colcon_core.package_identification:_identify(docker/0_libraries/python/pit/jetson) by extension 'ignore_ament_install'
[2.260s] Level 1:colcon.colcon_core.package_identification:_identify(docker/0_libraries/python/pit/jetson) by extensions ['colcon_pkg']
[2.260s] Level 1:colcon.colcon_core.package_identification:_identify(docker/0_libraries/python/pit/jetson) by extension 'colcon_pkg'
[2.260s] Level 1:colcon.colcon_core.package_identification:_identify(docker/0_libraries/python/pit/jetson) by extensions ['colcon_meta']
[2.260s] Level 1:colcon.colcon_core.package_identification:_identify(docker/0_libraries/python/pit/jetson) by extension 'colcon_meta'
[2.260s] Level 1:colcon.colcon_core.package_identification:_identify(docker/0_libraries/python/pit/jetson) by extensions ['ros']
[2.260s] Level 1:colcon.colcon_core.package_identification:_identify(docker/0_libraries/python/pit/jetson) by extension 'ros'
[2.260s] Level 1:colcon.colcon_core.package_identification:_identify(docker/0_libraries/python/pit/jetson) by extensions ['cmake', 'python']
[2.260s] Level 1:colcon.colcon_core.package_identification:_identify(docker/0_libraries/python/pit/jetson) by extension 'cmake'
[2.260s] Level 1:colcon.colcon_core.package_identification:_identify(docker/0_libraries/python/pit/jetson) by extension 'python'
[2.260s] Level 1:colcon.colcon_core.package_identification:_identify(docker/0_libraries/python/pit/jetson) by extensions ['python_setup_py']
[2.260s] Level 1:colcon.colcon_core.package_identification:_identify(docker/0_libraries/python/pit/jetson) by extension 'python_setup_py'
[2.260s] Level 1:colcon.colcon_core.package_identification:_identify(docker/0_libraries/python/qvl) by extensions ['ignore', 'ignore_ament_install']
[2.260s] Level 1:colcon.colcon_core.package_identification:_identify(docker/0_libraries/python/qvl) by extension 'ignore'
[2.260s] Level 1:colcon.colcon_core.package_identification:_identify(docker/0_libraries/python/qvl) by extension 'ignore_ament_install'
[2.260s] Level 1:colcon.colcon_core.package_identification:_identify(docker/0_libraries/python/qvl) by extensions ['colcon_pkg']
[2.260s] Level 1:colcon.colcon_core.package_identification:_identify(docker/0_libraries/python/qvl) by extension 'colcon_pkg'
[2.260s] Level 1:colcon.colcon_core.package_identification:_identify(docker/0_libraries/python/qvl) by extensions ['colcon_meta']
[2.260s] Level 1:colcon.colcon_core.package_identification:_identify(docker/0_libraries/python/qvl) by extension 'colcon_meta'
[2.260s] Level 1:colcon.colcon_core.package_identification:_identify(docker/0_libraries/python/qvl) by extensions ['ros']
[2.260s] Level 1:colcon.colcon_core.package_identification:_identify(docker/0_libraries/python/qvl) by extension 'ros'
[2.260s] Level 1:colcon.colcon_core.package_identification:_identify(docker/0_libraries/python/qvl) by extensions ['cmake', 'python']
[2.260s] Level 1:colcon.colcon_core.package_identification:_identify(docker/0_libraries/python/qvl) by extension 'cmake'
[2.260s] Level 1:colcon.colcon_core.package_identification:_identify(docker/0_libraries/python/qvl) by extension 'python'
[2.260s] Level 1:colcon.colcon_core.package_identification:_identify(docker/0_libraries/python/qvl) by extensions ['python_setup_py']
[2.260s] Level 1:colcon.colcon_core.package_identification:_identify(docker/0_libraries/python/qvl) by extension 'python_setup_py'
[2.260s] Level 1:colcon.colcon_core.package_identification:_identify(docker/0_libraries/resources) by extensions ['ignore', 'ignore_ament_install']
[2.260s] Level 1:colcon.colcon_core.package_identification:_identify(docker/0_libraries/resources) by extension 'ignore'
[2.260s] Level 1:colcon.colcon_core.package_identification:_identify(docker/0_libraries/resources) by extension 'ignore_ament_install'
[2.261s] Level 1:colcon.colcon_core.package_identification:_identify(docker/0_libraries/resources) by extensions ['colcon_pkg']
[2.261s] Level 1:colcon.colcon_core.package_identification:_identify(docker/0_libraries/resources) by extension 'colcon_pkg'
[2.261s] Level 1:colcon.colcon_core.package_identification:_identify(docker/0_libraries/resources) by extensions ['colcon_meta']
[2.261s] Level 1:colcon.colcon_core.package_identification:_identify(docker/0_libraries/resources) by extension 'colcon_meta'
[2.261s] Level 1:colcon.colcon_core.package_identification:_identify(docker/0_libraries/resources) by extensions ['ros']
[2.261s] Level 1:colcon.colcon_core.package_identification:_identify(docker/0_libraries/resources) by extension 'ros'
[2.261s] Level 1:colcon.colcon_core.package_identification:_identify(docker/0_libraries/resources) by extensions ['cmake', 'python']
[2.261s] Level 1:colcon.colcon_core.package_identification:_identify(docker/0_libraries/resources) by extension 'cmake'
[2.261s] Level 1:colcon.colcon_core.package_identification:_identify(docker/0_libraries/resources) by extension 'python'
[2.261s] Level 1:colcon.colcon_core.package_identification:_identify(docker/0_libraries/resources) by extensions ['python_setup_py']
[2.261s] Level 1:colcon.colcon_core.package_identification:_identify(docker/0_libraries/resources) by extension 'python_setup_py'
[2.261s] Level 1:colcon.colcon_core.package_identification:_identify(docker/0_libraries/resources/applications) by extensions ['ignore', 'ignore_ament_install']
[2.261s] Level 1:colcon.colcon_core.package_identification:_identify(docker/0_libraries/resources/applications) by extension 'ignore'
[2.261s] Level 1:colcon.colcon_core.package_identification:_identify(docker/0_libraries/resources/applications) by extension 'ignore_ament_install'
[2.261s] Level 1:colcon.colcon_core.package_identification:_identify(docker/0_libraries/resources/applications) by extensions ['colcon_pkg']
[2.261s] Level 1:colcon.colcon_core.package_identification:_identify(docker/0_libraries/resources/applications) by extension 'colcon_pkg'
[2.261s] Level 1:colcon.colcon_core.package_identification:_identify(docker/0_libraries/resources/applications) by extensions ['colcon_meta']
[2.261s] Level 1:colcon.colcon_core.package_identification:_identify(docker/0_libraries/resources/applications) by extension 'colcon_meta'
[2.261s] Level 1:colcon.colcon_core.package_identification:_identify(docker/0_libraries/resources/applications) by extensions ['ros']
[2.261s] Level 1:colcon.colcon_core.package_identification:_identify(docker/0_libraries/resources/applications) by extension 'ros'
[2.261s] Level 1:colcon.colcon_core.package_identification:_identify(docker/0_libraries/resources/applications) by extensions ['cmake', 'python']
[2.261s] Level 1:colcon.colcon_core.package_identification:_identify(docker/0_libraries/resources/applications) by extension 'cmake'
[2.261s] Level 1:colcon.colcon_core.package_identification:_identify(docker/0_libraries/resources/applications) by extension 'python'
[2.261s] Level 1:colcon.colcon_core.package_identification:_identify(docker/0_libraries/resources/applications) by extensions ['python_setup_py']
[2.261s] Level 1:colcon.colcon_core.package_identification:_identify(docker/0_libraries/resources/applications) by extension 'python_setup_py'
[2.261s] Level 1:colcon.colcon_core.package_identification:_identify(docker/0_libraries/resources/applications/KeyboardDriver) by extensions ['ignore', 'ignore_ament_install']
[2.261s] Level 1:colcon.colcon_core.package_identification:_identify(docker/0_libraries/resources/applications/KeyboardDriver) by extension 'ignore'
[2.261s] Level 1:colcon.colcon_core.package_identification:_identify(docker/0_libraries/resources/applications/KeyboardDriver) by extension 'ignore_ament_install'
[2.261s] Level 1:colcon.colcon_core.package_identification:_identify(docker/0_libraries/resources/applications/KeyboardDriver) by extensions ['colcon_pkg']
[2.261s] Level 1:colcon.colcon_core.package_identification:_identify(docker/0_libraries/resources/applications/KeyboardDriver) by extension 'colcon_pkg'
[2.261s] Level 1:colcon.colcon_core.package_identification:_identify(docker/0_libraries/resources/applications/KeyboardDriver) by extensions ['colcon_meta']
[2.262s] Level 1:colcon.colcon_core.package_identification:_identify(docker/0_libraries/resources/applications/KeyboardDriver) by extension 'colcon_meta'
[2.262s] Level 1:colcon.colcon_core.package_identification:_identify(docker/0_libraries/resources/applications/KeyboardDriver) by extensions ['ros']
[2.262s] Level 1:colcon.colcon_core.package_identification:_identify(docker/0_libraries/resources/applications/KeyboardDriver) by extension 'ros'
[2.262s] Level 1:colcon.colcon_core.package_identification:_identify(docker/0_libraries/resources/applications/KeyboardDriver) by extensions ['cmake', 'python']
[2.262s] Level 1:colcon.colcon_core.package_identification:_identify(docker/0_libraries/resources/applications/KeyboardDriver) by extension 'cmake'
[2.262s] Level 1:colcon.colcon_core.package_identification:_identify(docker/0_libraries/resources/applications/KeyboardDriver) by extension 'python'
[2.262s] Level 1:colcon.colcon_core.package_identification:_identify(docker/0_libraries/resources/applications/KeyboardDriver) by extensions ['python_setup_py']
[2.262s] Level 1:colcon.colcon_core.package_identification:_identify(docker/0_libraries/resources/applications/KeyboardDriver) by extension 'python_setup_py'
[2.262s] Level 1:colcon.colcon_core.package_identification:_identify(docker/0_libraries/resources/applications/QCarDepthAlign) by extensions ['ignore', 'ignore_ament_install']
[2.262s] Level 1:colcon.colcon_core.package_identification:_identify(docker/0_libraries/resources/applications/QCarDepthAlign) by extension 'ignore'
[2.262s] Level 1:colcon.colcon_core.package_identification:_identify(docker/0_libraries/resources/applications/QCarDepthAlign) by extension 'ignore_ament_install'
[2.262s] Level 1:colcon.colcon_core.package_identification:_identify(docker/0_libraries/resources/applications/QCarDepthAlign) by extensions ['colcon_pkg']
[2.262s] Level 1:colcon.colcon_core.package_identification:_identify(docker/0_libraries/resources/applications/QCarDepthAlign) by extension 'colcon_pkg'
[2.262s] Level 1:colcon.colcon_core.package_identification:_identify(docker/0_libraries/resources/applications/QCarDepthAlign) by extensions ['colcon_meta']
[2.262s] Level 1:colcon.colcon_core.package_identification:_identify(docker/0_libraries/resources/applications/QCarDepthAlign) by extension 'colcon_meta'
[2.262s] Level 1:colcon.colcon_core.package_identification:_identify(docker/0_libraries/resources/applications/QCarDepthAlign) by extensions ['ros']
[2.262s] Level 1:colcon.colcon_core.package_identification:_identify(docker/0_libraries/resources/applications/QCarDepthAlign) by extension 'ros'
[2.262s] Level 1:colcon.colcon_core.package_identification:_identify(docker/0_libraries/resources/applications/QCarDepthAlign) by extensions ['cmake', 'python']
[2.262s] Level 1:colcon.colcon_core.package_identification:_identify(docker/0_libraries/resources/applications/QCarDepthAlign) by extension 'cmake'
[2.262s] Level 1:colcon.colcon_core.package_identification:_identify(docker/0_libraries/resources/applications/QCarDepthAlign) by extension 'python'
[2.262s] Level 1:colcon.colcon_core.package_identification:_identify(docker/0_libraries/resources/applications/QCarDepthAlign) by extensions ['python_setup_py']
[2.262s] Level 1:colcon.colcon_core.package_identification:_identify(docker/0_libraries/resources/applications/QCarDepthAlign) by extension 'python_setup_py'
[2.262s] Level 1:colcon.colcon_core.package_identification:_identify(docker/0_libraries/resources/applications/QCarScanMatching) by extensions ['ignore', 'ignore_ament_install']
[2.262s] Level 1:colcon.colcon_core.package_identification:_identify(docker/0_libraries/resources/applications/QCarScanMatching) by extension 'ignore'
[2.262s] Level 1:colcon.colcon_core.package_identification:_identify(docker/0_libraries/resources/applications/QCarScanMatching) by extension 'ignore_ament_install'
[2.262s] Level 1:colcon.colcon_core.package_identification:_identify(docker/0_libraries/resources/applications/QCarScanMatching) by extensions ['colcon_pkg']
[2.262s] Level 1:colcon.colcon_core.package_identification:_identify(docker/0_libraries/resources/applications/QCarScanMatching) by extension 'colcon_pkg'
[2.262s] Level 1:colcon.colcon_core.package_identification:_identify(docker/0_libraries/resources/applications/QCarScanMatching) by extensions ['colcon_meta']
[2.262s] Level 1:colcon.colcon_core.package_identification:_identify(docker/0_libraries/resources/applications/QCarScanMatching) by extension 'colcon_meta'
[2.262s] Level 1:colcon.colcon_core.package_identification:_identify(docker/0_libraries/resources/applications/QCarScanMatching) by extensions ['ros']
[2.262s] Level 1:colcon.colcon_core.package_identification:_identify(docker/0_libraries/resources/applications/QCarScanMatching) by extension 'ros'
[2.263s] Level 1:colcon.colcon_core.package_identification:_identify(docker/0_libraries/resources/applications/QCarScanMatching) by extensions ['cmake', 'python']
[2.263s] Level 1:colcon.colcon_core.package_identification:_identify(docker/0_libraries/resources/applications/QCarScanMatching) by extension 'cmake'
[2.263s] Level 1:colcon.colcon_core.package_identification:_identify(docker/0_libraries/resources/applications/QCarScanMatching) by extension 'python'
[2.263s] Level 1:colcon.colcon_core.package_identification:_identify(docker/0_libraries/resources/applications/QCarScanMatching) by extensions ['python_setup_py']
[2.263s] Level 1:colcon.colcon_core.package_identification:_identify(docker/0_libraries/resources/applications/QCarScanMatching) by extension 'python_setup_py'
[2.263s] Level 1:colcon.colcon_core.package_identification:_identify(docker/0_libraries/resources/applications/QLabsVRPNServer) by extensions ['ignore', 'ignore_ament_install']
[2.263s] Level 1:colcon.colcon_core.package_identification:_identify(docker/0_libraries/resources/applications/QLabsVRPNServer) by extension 'ignore'
[2.263s] Level 1:colcon.colcon_core.package_identification:_identify(docker/0_libraries/resources/applications/QLabsVRPNServer) by extension 'ignore_ament_install'
[2.263s] Level 1:colcon.colcon_core.package_identification:_identify(docker/0_libraries/resources/applications/QLabsVRPNServer) by extensions ['colcon_pkg']
[2.263s] Level 1:colcon.colcon_core.package_identification:_identify(docker/0_libraries/resources/applications/QLabsVRPNServer) by extension 'colcon_pkg'
[2.263s] Level 1:colcon.colcon_core.package_identification:_identify(docker/0_libraries/resources/applications/QLabsVRPNServer) by extensions ['colcon_meta']
[2.263s] Level 1:colcon.colcon_core.package_identification:_identify(docker/0_libraries/resources/applications/QLabsVRPNServer) by extension 'colcon_meta'
[2.263s] Level 1:colcon.colcon_core.package_identification:_identify(docker/0_libraries/resources/applications/QLabsVRPNServer) by extensions ['ros']
[2.263s] Level 1:colcon.colcon_core.package_identification:_identify(docker/0_libraries/resources/applications/QLabsVRPNServer) by extension 'ros'
[2.263s] Level 1:colcon.colcon_core.package_identification:_identify(docker/0_libraries/resources/applications/QLabsVRPNServer) by extensions ['cmake', 'python']
[2.263s] Level 1:colcon.colcon_core.package_identification:_identify(docker/0_libraries/resources/applications/QLabsVRPNServer) by extension 'cmake'
[2.263s] Level 1:colcon.colcon_core.package_identification:_identify(docker/0_libraries/resources/applications/QLabsVRPNServer) by extension 'python'
[2.263s] Level 1:colcon.colcon_core.package_identification:_identify(docker/0_libraries/resources/applications/QLabsVRPNServer) by extensions ['python_setup_py']
[2.263s] Level 1:colcon.colcon_core.package_identification:_identify(docker/0_libraries/resources/applications/QLabsVRPNServer) by extension 'python_setup_py'
[2.263s] Level 1:colcon.colcon_core.package_identification:_identify(docker/0_libraries/resources/applications/QLabsVRPNServer/src) by extensions ['ignore', 'ignore_ament_install']
[2.263s] Level 1:colcon.colcon_core.package_identification:_identify(docker/0_libraries/resources/applications/QLabsVRPNServer/src) by extension 'ignore'
[2.263s] Level 1:colcon.colcon_core.package_identification:_identify(docker/0_libraries/resources/applications/QLabsVRPNServer/src) by extension 'ignore_ament_install'
[2.263s] Level 1:colcon.colcon_core.package_identification:_identify(docker/0_libraries/resources/applications/QLabsVRPNServer/src) by extensions ['colcon_pkg']
[2.263s] Level 1:colcon.colcon_core.package_identification:_identify(docker/0_libraries/resources/applications/QLabsVRPNServer/src) by extension 'colcon_pkg'
[2.263s] Level 1:colcon.colcon_core.package_identification:_identify(docker/0_libraries/resources/applications/QLabsVRPNServer/src) by extensions ['colcon_meta']
[2.263s] Level 1:colcon.colcon_core.package_identification:_identify(docker/0_libraries/resources/applications/QLabsVRPNServer/src) by extension 'colcon_meta'
[2.263s] Level 1:colcon.colcon_core.package_identification:_identify(docker/0_libraries/resources/applications/QLabsVRPNServer/src) by extensions ['ros']
[2.263s] Level 1:colcon.colcon_core.package_identification:_identify(docker/0_libraries/resources/applications/QLabsVRPNServer/src) by extension 'ros'
[2.263s] Level 1:colcon.colcon_core.package_identification:_identify(docker/0_libraries/resources/applications/QLabsVRPNServer/src) by extensions ['cmake', 'python']
[2.263s] Level 1:colcon.colcon_core.package_identification:_identify(docker/0_libraries/resources/applications/QLabsVRPNServer/src) by extension 'cmake'
[2.264s] Level 1:colcon.colcon_core.package_identification:_identify(docker/0_libraries/resources/applications/QLabsVRPNServer/src) by extension 'python'
[2.264s] Level 1:colcon.colcon_core.package_identification:_identify(docker/0_libraries/resources/applications/QLabsVRPNServer/src) by extensions ['python_setup_py']
[2.264s] Level 1:colcon.colcon_core.package_identification:_identify(docker/0_libraries/resources/applications/QLabsVRPNServer/src) by extension 'python_setup_py'
[2.264s] Level 1:colcon.colcon_core.package_identification:_identify(docker/0_libraries/resources/images) by extensions ['ignore', 'ignore_ament_install']
[2.264s] Level 1:colcon.colcon_core.package_identification:_identify(docker/0_libraries/resources/images) by extension 'ignore'
[2.264s] Level 1:colcon.colcon_core.package_identification:_identify(docker/0_libraries/resources/images) by extension 'ignore_ament_install'
[2.264s] Level 1:colcon.colcon_core.package_identification:_identify(docker/0_libraries/resources/images) by extensions ['colcon_pkg']
[2.264s] Level 1:colcon.colcon_core.package_identification:_identify(docker/0_libraries/resources/images) by extension 'colcon_pkg'
[2.264s] Level 1:colcon.colcon_core.package_identification:_identify(docker/0_libraries/resources/images) by extensions ['colcon_meta']
[2.264s] Level 1:colcon.colcon_core.package_identification:_identify(docker/0_libraries/resources/images) by extension 'colcon_meta'
[2.264s] Level 1:colcon.colcon_core.package_identification:_identify(docker/0_libraries/resources/images) by extensions ['ros']
[2.264s] Level 1:colcon.colcon_core.package_identification:_identify(docker/0_libraries/resources/images) by extension 'ros'
[2.264s] Level 1:colcon.colcon_core.package_identification:_identify(docker/0_libraries/resources/images) by extensions ['cmake', 'python']
[2.264s] Level 1:colcon.colcon_core.package_identification:_identify(docker/0_libraries/resources/images) by extension 'cmake'
[2.264s] Level 1:colcon.colcon_core.package_identification:_identify(docker/0_libraries/resources/images) by extension 'python'
[2.264s] Level 1:colcon.colcon_core.package_identification:_identify(docker/0_libraries/resources/images) by extensions ['python_setup_py']
[2.264s] Level 1:colcon.colcon_core.package_identification:_identify(docker/0_libraries/resources/images) by extension 'python_setup_py'
[2.264s] Level 1:colcon.colcon_core.package_identification:_identify(docker/0_libraries/resources/pretrained_models) by extensions ['ignore', 'ignore_ament_install']
[2.264s] Level 1:colcon.colcon_core.package_identification:_identify(docker/0_libraries/resources/pretrained_models) by extension 'ignore'
[2.264s] Level 1:colcon.colcon_core.package_identification:_identify(docker/0_libraries/resources/pretrained_models) by extension 'ignore_ament_install'
[2.264s] Level 1:colcon.colcon_core.package_identification:_identify(docker/0_libraries/resources/pretrained_models) by extensions ['colcon_pkg']
[2.264s] Level 1:colcon.colcon_core.package_identification:_identify(docker/0_libraries/resources/pretrained_models) by extension 'colcon_pkg'
[2.264s] Level 1:colcon.colcon_core.package_identification:_identify(docker/0_libraries/resources/pretrained_models) by extensions ['colcon_meta']
[2.264s] Level 1:colcon.colcon_core.package_identification:_identify(docker/0_libraries/resources/pretrained_models) by extension 'colcon_meta'
[2.264s] Level 1:colcon.colcon_core.package_identification:_identify(docker/0_libraries/resources/pretrained_models) by extensions ['ros']
[2.264s] Level 1:colcon.colcon_core.package_identification:_identify(docker/0_libraries/resources/pretrained_models) by extension 'ros'
[2.264s] Level 1:colcon.colcon_core.package_identification:_identify(docker/0_libraries/resources/pretrained_models) by extensions ['cmake', 'python']
[2.264s] Level 1:colcon.colcon_core.package_identification:_identify(docker/0_libraries/resources/pretrained_models) by extension 'cmake'
[2.264s] Level 1:colcon.colcon_core.package_identification:_identify(docker/0_libraries/resources/pretrained_models) by extension 'python'
[2.264s] Level 1:colcon.colcon_core.package_identification:_identify(docker/0_libraries/resources/pretrained_models) by extensions ['python_setup_py']
[2.264s] Level 1:colcon.colcon_core.package_identification:_identify(docker/0_libraries/resources/pretrained_models) by extension 'python_setup_py'
[2.265s] Level 1:colcon.colcon_core.package_identification:_identify(docker/0_libraries/resources/rt_models) by extensions ['ignore', 'ignore_ament_install']
[2.265s] Level 1:colcon.colcon_core.package_identification:_identify(docker/0_libraries/resources/rt_models) by extension 'ignore'
[2.265s] Level 1:colcon.colcon_core.package_identification:_identify(docker/0_libraries/resources/rt_models) by extension 'ignore_ament_install'
[2.265s] Level 1:colcon.colcon_core.package_identification:_identify(docker/0_libraries/resources/rt_models) by extensions ['colcon_pkg']
[2.265s] Level 1:colcon.colcon_core.package_identification:_identify(docker/0_libraries/resources/rt_models) by extension 'colcon_pkg'
[2.265s] Level 1:colcon.colcon_core.package_identification:_identify(docker/0_libraries/resources/rt_models) by extensions ['colcon_meta']
[2.265s] Level 1:colcon.colcon_core.package_identification:_identify(docker/0_libraries/resources/rt_models) by extension 'colcon_meta'
[2.265s] Level 1:colcon.colcon_core.package_identification:_identify(docker/0_libraries/resources/rt_models) by extensions ['ros']
[2.265s] Level 1:colcon.colcon_core.package_identification:_identify(docker/0_libraries/resources/rt_models) by extension 'ros'
[2.265s] Level 1:colcon.colcon_core.package_identification:_identify(docker/0_libraries/resources/rt_models) by extensions ['cmake', 'python']
[2.265s] Level 1:colcon.colcon_core.package_identification:_identify(docker/0_libraries/resources/rt_models) by extension 'cmake'
[2.265s] Level 1:colcon.colcon_core.package_identification:_identify(docker/0_libraries/resources/rt_models) by extension 'python'
[2.265s] Level 1:colcon.colcon_core.package_identification:_identify(docker/0_libraries/resources/rt_models) by extensions ['python_setup_py']
[2.265s] Level 1:colcon.colcon_core.package_identification:_identify(docker/0_libraries/resources/rt_models) by extension 'python_setup_py'
[2.265s] Level 1:colcon.colcon_core.package_identification:_identify(docker/0_libraries/resources/rt_models/QArm) by extensions ['ignore', 'ignore_ament_install']
[2.265s] Level 1:colcon.colcon_core.package_identification:_identify(docker/0_libraries/resources/rt_models/QArm) by extension 'ignore'
[2.265s] Level 1:colcon.colcon_core.package_identification:_identify(docker/0_libraries/resources/rt_models/QArm) by extension 'ignore_ament_install'
[2.265s] Level 1:colcon.colcon_core.package_identification:_identify(docker/0_libraries/resources/rt_models/QArm) by extensions ['colcon_pkg']
[2.265s] Level 1:colcon.colcon_core.package_identification:_identify(docker/0_libraries/resources/rt_models/QArm) by extension 'colcon_pkg'
[2.265s] Level 1:colcon.colcon_core.package_identification:_identify(docker/0_libraries/resources/rt_models/QArm) by extensions ['colcon_meta']
[2.265s] Level 1:colcon.colcon_core.package_identification:_identify(docker/0_libraries/resources/rt_models/QArm) by extension 'colcon_meta'
[2.265s] Level 1:colcon.colcon_core.package_identification:_identify(docker/0_libraries/resources/rt_models/QArm) by extensions ['ros']
[2.265s] Level 1:colcon.colcon_core.package_identification:_identify(docker/0_libraries/resources/rt_models/QArm) by extension 'ros'
[2.265s] Level 1:colcon.colcon_core.package_identification:_identify(docker/0_libraries/resources/rt_models/QArm) by extensions ['cmake', 'python']
[2.265s] Level 1:colcon.colcon_core.package_identification:_identify(docker/0_libraries/resources/rt_models/QArm) by extension 'cmake'
[2.265s] Level 1:colcon.colcon_core.package_identification:_identify(docker/0_libraries/resources/rt_models/QArm) by extension 'python'
[2.265s] Level 1:colcon.colcon_core.package_identification:_identify(docker/0_libraries/resources/rt_models/QArm) by extensions ['python_setup_py']
[2.265s] Level 1:colcon.colcon_core.package_identification:_identify(docker/0_libraries/resources/rt_models/QArm) by extension 'python_setup_py'
[2.265s] Level 1:colcon.colcon_core.package_identification:_identify(docker/0_libraries/resources/rt_models/QBotPlatform) by extensions ['ignore', 'ignore_ament_install']
[2.265s] Level 1:colcon.colcon_core.package_identification:_identify(docker/0_libraries/resources/rt_models/QBotPlatform) by extension 'ignore'
[2.266s] Level 1:colcon.colcon_core.package_identification:_identify(docker/0_libraries/resources/rt_models/QBotPlatform) by extension 'ignore_ament_install'
[2.266s] Level 1:colcon.colcon_core.package_identification:_identify(docker/0_libraries/resources/rt_models/QBotPlatform) by extensions ['colcon_pkg']
[2.266s] Level 1:colcon.colcon_core.package_identification:_identify(docker/0_libraries/resources/rt_models/QBotPlatform) by extension 'colcon_pkg'
[2.266s] Level 1:colcon.colcon_core.package_identification:_identify(docker/0_libraries/resources/rt_models/QBotPlatform) by extensions ['colcon_meta']
[2.266s] Level 1:colcon.colcon_core.package_identification:_identify(docker/0_libraries/resources/rt_models/QBotPlatform) by extension 'colcon_meta'
[2.266s] Level 1:colcon.colcon_core.package_identification:_identify(docker/0_libraries/resources/rt_models/QBotPlatform) by extensions ['ros']
[2.266s] Level 1:colcon.colcon_core.package_identification:_identify(docker/0_libraries/resources/rt_models/QBotPlatform) by extension 'ros'
[2.266s] Level 1:colcon.colcon_core.package_identification:_identify(docker/0_libraries/resources/rt_models/QBotPlatform) by extensions ['cmake', 'python']
[2.266s] Level 1:colcon.colcon_core.package_identification:_identify(docker/0_libraries/resources/rt_models/QBotPlatform) by extension 'cmake'
[2.266s] Level 1:colcon.colcon_core.package_identification:_identify(docker/0_libraries/resources/rt_models/QBotPlatform) by extension 'python'
[2.266s] Level 1:colcon.colcon_core.package_identification:_identify(docker/0_libraries/resources/rt_models/QBotPlatform) by extensions ['python_setup_py']
[2.266s] Level 1:colcon.colcon_core.package_identification:_identify(docker/0_libraries/resources/rt_models/QBotPlatform) by extension 'python_setup_py'
[2.266s] Level 1:colcon.colcon_core.package_identification:_identify(docker/0_libraries/resources/rt_models/QCar) by extensions ['ignore', 'ignore_ament_install']
[2.266s] Level 1:colcon.colcon_core.package_identification:_identify(docker/0_libraries/resources/rt_models/QCar) by extension 'ignore'
[2.266s] Level 1:colcon.colcon_core.package_identification:_identify(docker/0_libraries/resources/rt_models/QCar) by extension 'ignore_ament_install'
[2.266s] Level 1:colcon.colcon_core.package_identification:_identify(docker/0_libraries/resources/rt_models/QCar) by extensions ['colcon_pkg']
[2.266s] Level 1:colcon.colcon_core.package_identification:_identify(docker/0_libraries/resources/rt_models/QCar) by extension 'colcon_pkg'
[2.266s] Level 1:colcon.colcon_core.package_identification:_identify(docker/0_libraries/resources/rt_models/QCar) by extensions ['colcon_meta']
[2.266s] Level 1:colcon.colcon_core.package_identification:_identify(docker/0_libraries/resources/rt_models/QCar) by extension 'colcon_meta'
[2.266s] Level 1:colcon.colcon_core.package_identification:_identify(docker/0_libraries/resources/rt_models/QCar) by extensions ['ros']
[2.266s] Level 1:colcon.colcon_core.package_identification:_identify(docker/0_libraries/resources/rt_models/QCar) by extension 'ros'
[2.266s] Level 1:colcon.colcon_core.package_identification:_identify(docker/0_libraries/resources/rt_models/QCar) by extensions ['cmake', 'python']
[2.266s] Level 1:colcon.colcon_core.package_identification:_identify(docker/0_libraries/resources/rt_models/QCar) by extension 'cmake'
[2.266s] Level 1:colcon.colcon_core.package_identification:_identify(docker/0_libraries/resources/rt_models/QCar) by extension 'python'
[2.266s] Level 1:colcon.colcon_core.package_identification:_identify(docker/0_libraries/resources/rt_models/QCar) by extensions ['python_setup_py']
[2.266s] Level 1:colcon.colcon_core.package_identification:_identify(docker/0_libraries/resources/rt_models/QCar) by extension 'python_setup_py'
[2.266s] Level 1:colcon.colcon_core.package_identification:_identify(docker/0_libraries/resources/rt_models/QCar2) by extensions ['ignore', 'ignore_ament_install']
[2.266s] Level 1:colcon.colcon_core.package_identification:_identify(docker/0_libraries/resources/rt_models/QCar2) by extension 'ignore'
[2.266s] Level 1:colcon.colcon_core.package_identification:_identify(docker/0_libraries/resources/rt_models/QCar2) by extension 'ignore_ament_install'
[2.266s] Level 1:colcon.colcon_core.package_identification:_identify(docker/0_libraries/resources/rt_models/QCar2) by extensions ['colcon_pkg']
[2.266s] Level 1:colcon.colcon_core.package_identification:_identify(docker/0_libraries/resources/rt_models/QCar2) by extension 'colcon_pkg'
[2.266s] Level 1:colcon.colcon_core.package_identification:_identify(docker/0_libraries/resources/rt_models/QCar2) by extensions ['colcon_meta']
[2.267s] Level 1:colcon.colcon_core.package_identification:_identify(docker/0_libraries/resources/rt_models/QCar2) by extension 'colcon_meta'
[2.267s] Level 1:colcon.colcon_core.package_identification:_identify(docker/0_libraries/resources/rt_models/QCar2) by extensions ['ros']
[2.267s] Level 1:colcon.colcon_core.package_identification:_identify(docker/0_libraries/resources/rt_models/QCar2) by extension 'ros'
[2.267s] Level 1:colcon.colcon_core.package_identification:_identify(docker/0_libraries/resources/rt_models/QCar2) by extensions ['cmake', 'python']
[2.267s] Level 1:colcon.colcon_core.package_identification:_identify(docker/0_libraries/resources/rt_models/QCar2) by extension 'cmake'
[2.267s] Level 1:colcon.colcon_core.package_identification:_identify(docker/0_libraries/resources/rt_models/QCar2) by extension 'python'
[2.267s] Level 1:colcon.colcon_core.package_identification:_identify(docker/0_libraries/resources/rt_models/QCar2) by extensions ['python_setup_py']
[2.267s] Level 1:colcon.colcon_core.package_identification:_identify(docker/0_libraries/resources/rt_models/QCar2) by extension 'python_setup_py'
[2.267s] Level 1:colcon.colcon_core.package_identification:_identify(docker/0_libraries/resources/rt_models/QDrone2) by extensions ['ignore', 'ignore_ament_install']
[2.267s] Level 1:colcon.colcon_core.package_identification:_identify(docker/0_libraries/resources/rt_models/QDrone2) by extension 'ignore'
[2.267s] Level 1:colcon.colcon_core.package_identification:_identify(docker/0_libraries/resources/rt_models/QDrone2) by extension 'ignore_ament_install'
[2.267s] Level 1:colcon.colcon_core.package_identification:_identify(docker/0_libraries/resources/rt_models/QDrone2) by extensions ['colcon_pkg']
[2.267s] Level 1:colcon.colcon_core.package_identification:_identify(docker/0_libraries/resources/rt_models/QDrone2) by extension 'colcon_pkg'
[2.267s] Level 1:colcon.colcon_core.package_identification:_identify(docker/0_libraries/resources/rt_models/QDrone2) by extensions ['colcon_meta']
[2.267s] Level 1:colcon.colcon_core.package_identification:_identify(docker/0_libraries/resources/rt_models/QDrone2) by extension 'colcon_meta'
[2.267s] Level 1:colcon.colcon_core.package_identification:_identify(docker/0_libraries/resources/rt_models/QDrone2) by extensions ['ros']
[2.267s] Level 1:colcon.colcon_core.package_identification:_identify(docker/0_libraries/resources/rt_models/QDrone2) by extension 'ros'
[2.267s] Level 1:colcon.colcon_core.package_identification:_identify(docker/0_libraries/resources/rt_models/QDrone2) by extensions ['cmake', 'python']
[2.267s] Level 1:colcon.colcon_core.package_identification:_identify(docker/0_libraries/resources/rt_models/QDrone2) by extension 'cmake'
[2.267s] Level 1:colcon.colcon_core.package_identification:_identify(docker/0_libraries/resources/rt_models/QDrone2) by extension 'python'
[2.267s] Level 1:colcon.colcon_core.package_identification:_identify(docker/0_libraries/resources/rt_models/QDrone2) by extensions ['python_setup_py']
[2.267s] Level 1:colcon.colcon_core.package_identification:_identify(docker/0_libraries/resources/rt_models/QDrone2) by extension 'python_setup_py'
[2.267s] Level 1:colcon.colcon_core.package_identification:_identify(docker/development_docker) by extensions ['ignore', 'ignore_ament_install']
[2.267s] Level 1:colcon.colcon_core.package_identification:_identify(docker/development_docker) by extension 'ignore'
[2.267s] Level 1:colcon.colcon_core.package_identification:_identify(docker/development_docker) by extension 'ignore_ament_install'
[2.267s] Level 1:colcon.colcon_core.package_identification:_identify(docker/development_docker) by extensions ['colcon_pkg']
[2.267s] Level 1:colcon.colcon_core.package_identification:_identify(docker/development_docker) by extension 'colcon_pkg'
[2.267s] Level 1:colcon.colcon_core.package_identification:_identify(docker/development_docker) by extensions ['colcon_meta']
[2.267s] Level 1:colcon.colcon_core.package_identification:_identify(docker/development_docker) by extension 'colcon_meta'
[2.267s] Level 1:colcon.colcon_core.package_identification:_identify(docker/development_docker) by extensions ['ros']
[2.267s] Level 1:colcon.colcon_core.package_identification:_identify(docker/development_docker) by extension 'ros'
[2.268s] Level 1:colcon.colcon_core.package_identification:_identify(docker/development_docker) by extensions ['cmake', 'python']
[2.268s] Level 1:colcon.colcon_core.package_identification:_identify(docker/development_docker) by extension 'cmake'
[2.268s] Level 1:colcon.colcon_core.package_identification:_identify(docker/development_docker) by extension 'python'
[2.268s] Level 1:colcon.colcon_core.package_identification:_identify(docker/development_docker) by extensions ['python_setup_py']
[2.268s] Level 1:colcon.colcon_core.package_identification:_identify(docker/development_docker) by extension 'python_setup_py'
[2.268s] Level 1:colcon.colcon_core.package_identification:_identify(docker/development_docker/debian) by extensions ['ignore', 'ignore_ament_install']
[2.268s] Level 1:colcon.colcon_core.package_identification:_identify(docker/development_docker/debian) by extension 'ignore'
[2.268s] Level 1:colcon.colcon_core.package_identification:_identify(docker/development_docker/debian) by extension 'ignore_ament_install'
[2.268s] Level 1:colcon.colcon_core.package_identification:_identify(docker/development_docker/debian) by extensions ['colcon_pkg']
[2.268s] Level 1:colcon.colcon_core.package_identification:_identify(docker/development_docker/debian) by extension 'colcon_pkg'
[2.268s] Level 1:colcon.colcon_core.package_identification:_identify(docker/development_docker/debian) by extensions ['colcon_meta']
[2.268s] Level 1:colcon.colcon_core.package_identification:_identify(docker/development_docker/debian) by extension 'colcon_meta'
[2.268s] Level 1:colcon.colcon_core.package_identification:_identify(docker/development_docker/debian) by extensions ['ros']
[2.268s] Level 1:colcon.colcon_core.package_identification:_identify(docker/development_docker/debian) by extension 'ros'
[2.268s] Level 1:colcon.colcon_core.package_identification:_identify(docker/development_docker/debian) by extensions ['cmake', 'python']
[2.268s] Level 1:colcon.colcon_core.package_identification:_identify(docker/development_docker/debian) by extension 'cmake'
[2.268s] Level 1:colcon.colcon_core.package_identification:_identify(docker/development_docker/debian) by extension 'python'
[2.268s] Level 1:colcon.colcon_core.package_identification:_identify(docker/development_docker/debian) by extensions ['python_setup_py']
[2.268s] Level 1:colcon.colcon_core.package_identification:_identify(docker/development_docker/debian) by extension 'python_setup_py'
[2.268s] Level 1:colcon.colcon_core.package_identification:_identify(docker/development_docker/isaac_ros_common_config) by extensions ['ignore', 'ignore_ament_install']
[2.268s] Level 1:colcon.colcon_core.package_identification:_identify(docker/development_docker/isaac_ros_common_config) by extension 'ignore'
[2.268s] Level 1:colcon.colcon_core.package_identification:_identify(docker/development_docker/isaac_ros_common_config) by extension 'ignore_ament_install'
[2.268s] Level 1:colcon.colcon_core.package_identification:_identify(docker/development_docker/isaac_ros_common_config) by extensions ['colcon_pkg']
[2.268s] Level 1:colcon.colcon_core.package_identification:_identify(docker/development_docker/isaac_ros_common_config) by extension 'colcon_pkg'
[2.268s] Level 1:colcon.colcon_core.package_identification:_identify(docker/development_docker/isaac_ros_common_config) by extensions ['colcon_meta']
[2.268s] Level 1:colcon.colcon_core.package_identification:_identify(docker/development_docker/isaac_ros_common_config) by extension 'colcon_meta'
[2.268s] Level 1:colcon.colcon_core.package_identification:_identify(docker/development_docker/isaac_ros_common_config) by extensions ['ros']
[2.268s] Level 1:colcon.colcon_core.package_identification:_identify(docker/development_docker/isaac_ros_common_config) by extension 'ros'
[2.268s] Level 1:colcon.colcon_core.package_identification:_identify(docker/development_docker/isaac_ros_common_config) by extensions ['cmake', 'python']
[2.268s] Level 1:colcon.colcon_core.package_identification:_identify(docker/development_docker/isaac_ros_common_config) by extension 'cmake'
[2.268s] Level 1:colcon.colcon_core.package_identification:_identify(docker/development_docker/isaac_ros_common_config) by extension 'python'
[2.268s] Level 1:colcon.colcon_core.package_identification:_identify(docker/development_docker/isaac_ros_common_config) by extensions ['python_setup_py']
[2.269s] Level 1:colcon.colcon_core.package_identification:_identify(docker/development_docker/isaac_ros_common_config) by extension 'python_setup_py'
[2.269s] Level 1:colcon.colcon_core.package_identification:_identify(docker/development_docker/quanser_dev_docker_files) by extensions ['ignore', 'ignore_ament_install']
[2.269s] Level 1:colcon.colcon_core.package_identification:_identify(docker/development_docker/quanser_dev_docker_files) by extension 'ignore'
[2.269s] Level 1:colcon.colcon_core.package_identification:_identify(docker/development_docker/quanser_dev_docker_files) by extension 'ignore_ament_install'
[2.269s] Level 1:colcon.colcon_core.package_identification:_identify(docker/development_docker/quanser_dev_docker_files) by extensions ['colcon_pkg']
[2.269s] Level 1:colcon.colcon_core.package_identification:_identify(docker/development_docker/quanser_dev_docker_files) by extension 'colcon_pkg'
[2.269s] Level 1:colcon.colcon_core.package_identification:_identify(docker/development_docker/quanser_dev_docker_files) by extensions ['colcon_meta']
[2.269s] Level 1:colcon.colcon_core.package_identification:_identify(docker/development_docker/quanser_dev_docker_files) by extension 'colcon_meta'
[2.269s] Level 1:colcon.colcon_core.package_identification:_identify(docker/development_docker/quanser_dev_docker_files) by extensions ['ros']
[2.269s] Level 1:colcon.colcon_core.package_identification:_identify(docker/development_docker/quanser_dev_docker_files) by extension 'ros'
[2.269s] Level 1:colcon.colcon_core.package_identification:_identify(docker/development_docker/quanser_dev_docker_files) by extensions ['cmake', 'python']
[2.269s] Level 1:colcon.colcon_core.package_identification:_identify(docker/development_docker/quanser_dev_docker_files) by extension 'cmake'
[2.269s] Level 1:colcon.colcon_core.package_identification:_identify(docker/development_docker/quanser_dev_docker_files) by extension 'python'
[2.269s] Level 1:colcon.colcon_core.package_identification:_identify(docker/development_docker/quanser_dev_docker_files) by extensions ['python_setup_py']
[2.269s] Level 1:colcon.colcon_core.package_identification:_identify(docker/development_docker/quanser_dev_docker_files) by extension 'python_setup_py'
[2.269s] Level 1:colcon.colcon_core.package_identification:_identify(docker/development_docker/quanser_dev_docker_files/0_libraries) by extensions ['ignore', 'ignore_ament_install']
[2.269s] Level 1:colcon.colcon_core.package_identification:_identify(docker/development_docker/quanser_dev_docker_files/0_libraries) by extension 'ignore'
[2.269s] Level 1:colcon.colcon_core.package_identification:_identify(docker/development_docker/quanser_dev_docker_files/0_libraries) by extension 'ignore_ament_install'
[2.269s] Level 1:colcon.colcon_core.package_identification:_identify(docker/development_docker/quanser_dev_docker_files/0_libraries) by extensions ['colcon_pkg']
[2.269s] Level 1:colcon.colcon_core.package_identification:_identify(docker/development_docker/quanser_dev_docker_files/0_libraries) by extension 'colcon_pkg'
[2.269s] Level 1:colcon.colcon_core.package_identification:_identify(docker/development_docker/quanser_dev_docker_files/0_libraries) by extensions ['colcon_meta']
[2.269s] Level 1:colcon.colcon_core.package_identification:_identify(docker/development_docker/quanser_dev_docker_files/0_libraries) by extension 'colcon_meta'
[2.269s] Level 1:colcon.colcon_core.package_identification:_identify(docker/development_docker/quanser_dev_docker_files/0_libraries) by extensions ['ros']
[2.269s] Level 1:colcon.colcon_core.package_identification:_identify(docker/development_docker/quanser_dev_docker_files/0_libraries) by extension 'ros'
[2.269s] Level 1:colcon.colcon_core.package_identification:_identify(docker/development_docker/quanser_dev_docker_files/0_libraries) by extensions ['cmake', 'python']
[2.269s] Level 1:colcon.colcon_core.package_identification:_identify(docker/development_docker/quanser_dev_docker_files/0_libraries) by extension 'cmake'
[2.269s] Level 1:colcon.colcon_core.package_identification:_identify(docker/development_docker/quanser_dev_docker_files/0_libraries) by extension 'python'
[2.269s] Level 1:colcon.colcon_core.package_identification:_identify(docker/development_docker/quanser_dev_docker_files/0_libraries) by extensions ['python_setup_py']
[2.269s] Level 1:colcon.colcon_core.package_identification:_identify(docker/development_docker/quanser_dev_docker_files/0_libraries) by extension 'python_setup_py'
[2.269s] Level 1:colcon.colcon_core.package_identification:_identify(docker/development_docker/quanser_dev_docker_files/0_libraries/python) by extensions ['ignore', 'ignore_ament_install']
[2.270s] Level 1:colcon.colcon_core.package_identification:_identify(docker/development_docker/quanser_dev_docker_files/0_libraries/python) by extension 'ignore'
[2.270s] Level 1:colcon.colcon_core.package_identification:_identify(docker/development_docker/quanser_dev_docker_files/0_libraries/python) by extension 'ignore_ament_install'
[2.270s] Level 1:colcon.colcon_core.package_identification:_identify(docker/development_docker/quanser_dev_docker_files/0_libraries/python) by extensions ['colcon_pkg']
[2.270s] Level 1:colcon.colcon_core.package_identification:_identify(docker/development_docker/quanser_dev_docker_files/0_libraries/python) by extension 'colcon_pkg'
[2.270s] Level 1:colcon.colcon_core.package_identification:_identify(docker/development_docker/quanser_dev_docker_files/0_libraries/python) by extensions ['colcon_meta']
[2.270s] Level 1:colcon.colcon_core.package_identification:_identify(docker/development_docker/quanser_dev_docker_files/0_libraries/python) by extension 'colcon_meta'
[2.270s] Level 1:colcon.colcon_core.package_identification:_identify(docker/development_docker/quanser_dev_docker_files/0_libraries/python) by extensions ['ros']
[2.270s] Level 1:colcon.colcon_core.package_identification:_identify(docker/development_docker/quanser_dev_docker_files/0_libraries/python) by extension 'ros'
[2.270s] Level 1:colcon.colcon_core.package_identification:_identify(docker/development_docker/quanser_dev_docker_files/0_libraries/python) by extensions ['cmake', 'python']
[2.270s] Level 1:colcon.colcon_core.package_identification:_identify(docker/development_docker/quanser_dev_docker_files/0_libraries/python) by extension 'cmake'
[2.270s] Level 1:colcon.colcon_core.package_identification:_identify(docker/development_docker/quanser_dev_docker_files/0_libraries/python) by extension 'python'
[2.270s] Level 1:colcon.colcon_core.package_identification:_identify(docker/development_docker/quanser_dev_docker_files/0_libraries/python) by extensions ['python_setup_py']
[2.270s] Level 1:colcon.colcon_core.package_identification:_identify(docker/development_docker/quanser_dev_docker_files/0_libraries/python) by extension 'python_setup_py'
[2.270s] Level 1:colcon.colcon_core.package_identification:_identify(docker/development_docker/quanser_dev_docker_files/0_libraries/python/hal) by extensions ['ignore', 'ignore_ament_install']
[2.270s] Level 1:colcon.colcon_core.package_identification:_identify(docker/development_docker/quanser_dev_docker_files/0_libraries/python/hal) by extension 'ignore'
[2.270s] Level 1:colcon.colcon_core.package_identification:_identify(docker/development_docker/quanser_dev_docker_files/0_libraries/python/hal) by extension 'ignore_ament_install'
[2.270s] Level 1:colcon.colcon_core.package_identification:_identify(docker/development_docker/quanser_dev_docker_files/0_libraries/python/hal) by extensions ['colcon_pkg']
[2.270s] Level 1:colcon.colcon_core.package_identification:_identify(docker/development_docker/quanser_dev_docker_files/0_libraries/python/hal) by extension 'colcon_pkg'
[2.270s] Level 1:colcon.colcon_core.package_identification:_identify(docker/development_docker/quanser_dev_docker_files/0_libraries/python/hal) by extensions ['colcon_meta']
[2.270s] Level 1:colcon.colcon_core.package_identification:_identify(docker/development_docker/quanser_dev_docker_files/0_libraries/python/hal) by extension 'colcon_meta'
[2.270s] Level 1:colcon.colcon_core.package_identification:_identify(docker/development_docker/quanser_dev_docker_files/0_libraries/python/hal) by extensions ['ros']
[2.270s] Level 1:colcon.colcon_core.package_identification:_identify(docker/development_docker/quanser_dev_docker_files/0_libraries/python/hal) by extension 'ros'
[2.270s] Level 1:colcon.colcon_core.package_identification:_identify(docker/development_docker/quanser_dev_docker_files/0_libraries/python/hal) by extensions ['cmake', 'python']
[2.270s] Level 1:colcon.colcon_core.package_identification:_identify(docker/development_docker/quanser_dev_docker_files/0_libraries/python/hal) by extension 'cmake'
[2.270s] Level 1:colcon.colcon_core.package_identification:_identify(docker/development_docker/quanser_dev_docker_files/0_libraries/python/hal) by extension 'python'
[2.270s] Level 1:colcon.colcon_core.package_identification:_identify(docker/development_docker/quanser_dev_docker_files/0_libraries/python/hal) by extensions ['python_setup_py']
[2.270s] Level 1:colcon.colcon_core.package_identification:_identify(docker/development_docker/quanser_dev_docker_files/0_libraries/python/hal) by extension 'python_setup_py'
[2.270s] Level 1:colcon.colcon_core.package_identification:_identify(docker/development_docker/quanser_dev_docker_files/0_libraries/python/hal/content) by extensions ['ignore', 'ignore_ament_install']
[2.270s] Level 1:colcon.colcon_core.package_identification:_identify(docker/development_docker/quanser_dev_docker_files/0_libraries/python/hal/content) by extension 'ignore'
[2.271s] Level 1:colcon.colcon_core.package_identification:_identify(docker/development_docker/quanser_dev_docker_files/0_libraries/python/hal/content) by extension 'ignore_ament_install'
[2.271s] Level 1:colcon.colcon_core.package_identification:_identify(docker/development_docker/quanser_dev_docker_files/0_libraries/python/hal/content) by extensions ['colcon_pkg']
[2.271s] Level 1:colcon.colcon_core.package_identification:_identify(docker/development_docker/quanser_dev_docker_files/0_libraries/python/hal/content) by extension 'colcon_pkg'
[2.271s] Level 1:colcon.colcon_core.package_identification:_identify(docker/development_docker/quanser_dev_docker_files/0_libraries/python/hal/content) by extensions ['colcon_meta']
[2.271s] Level 1:colcon.colcon_core.package_identification:_identify(docker/development_docker/quanser_dev_docker_files/0_libraries/python/hal/content) by extension 'colcon_meta'
[2.271s] Level 1:colcon.colcon_core.package_identification:_identify(docker/development_docker/quanser_dev_docker_files/0_libraries/python/hal/content) by extensions ['ros']
[2.271s] Level 1:colcon.colcon_core.package_identification:_identify(docker/development_docker/quanser_dev_docker_files/0_libraries/python/hal/content) by extension 'ros'
[2.271s] Level 1:colcon.colcon_core.package_identification:_identify(docker/development_docker/quanser_dev_docker_files/0_libraries/python/hal/content) by extensions ['cmake', 'python']
[2.271s] Level 1:colcon.colcon_core.package_identification:_identify(docker/development_docker/quanser_dev_docker_files/0_libraries/python/hal/content) by extension 'cmake'
[2.271s] Level 1:colcon.colcon_core.package_identification:_identify(docker/development_docker/quanser_dev_docker_files/0_libraries/python/hal/content) by extension 'python'
[2.271s] Level 1:colcon.colcon_core.package_identification:_identify(docker/development_docker/quanser_dev_docker_files/0_libraries/python/hal/content) by extensions ['python_setup_py']
[2.271s] Level 1:colcon.colcon_core.package_identification:_identify(docker/development_docker/quanser_dev_docker_files/0_libraries/python/hal/content) by extension 'python_setup_py'
[2.271s] Level 1:colcon.colcon_core.package_identification:_identify(docker/development_docker/quanser_dev_docker_files/0_libraries/python/hal/products) by extensions ['ignore', 'ignore_ament_install']
[2.271s] Level 1:colcon.colcon_core.package_identification:_identify(docker/development_docker/quanser_dev_docker_files/0_libraries/python/hal/products) by extension 'ignore'
[2.271s] Level 1:colcon.colcon_core.package_identification:_identify(docker/development_docker/quanser_dev_docker_files/0_libraries/python/hal/products) by extension 'ignore_ament_install'
[2.271s] Level 1:colcon.colcon_core.package_identification:_identify(docker/development_docker/quanser_dev_docker_files/0_libraries/python/hal/products) by extensions ['colcon_pkg']
[2.271s] Level 1:colcon.colcon_core.package_identification:_identify(docker/development_docker/quanser_dev_docker_files/0_libraries/python/hal/products) by extension 'colcon_pkg'
[2.271s] Level 1:colcon.colcon_core.package_identification:_identify(docker/development_docker/quanser_dev_docker_files/0_libraries/python/hal/products) by extensions ['colcon_meta']
[2.271s] Level 1:colcon.colcon_core.package_identification:_identify(docker/development_docker/quanser_dev_docker_files/0_libraries/python/hal/products) by extension 'colcon_meta'
[2.271s] Level 1:colcon.colcon_core.package_identification:_identify(docker/development_docker/quanser_dev_docker_files/0_libraries/python/hal/products) by extensions ['ros']
[2.271s] Level 1:colcon.colcon_core.package_identification:_identify(docker/development_docker/quanser_dev_docker_files/0_libraries/python/hal/products) by extension 'ros'
[2.271s] Level 1:colcon.colcon_core.package_identification:_identify(docker/development_docker/quanser_dev_docker_files/0_libraries/python/hal/products) by extensions ['cmake', 'python']
[2.271s] Level 1:colcon.colcon_core.package_identification:_identify(docker/development_docker/quanser_dev_docker_files/0_libraries/python/hal/products) by extension 'cmake'
[2.271s] Level 1:colcon.colcon_core.package_identification:_identify(docker/development_docker/quanser_dev_docker_files/0_libraries/python/hal/products) by extension 'python'
[2.271s] Level 1:colcon.colcon_core.package_identification:_identify(docker/development_docker/quanser_dev_docker_files/0_libraries/python/hal/products) by extensions ['python_setup_py']
[2.271s] Level 1:colcon.colcon_core.package_identification:_identify(docker/development_docker/quanser_dev_docker_files/0_libraries/python/hal/products) by extension 'python_setup_py'
[2.271s] Level 1:colcon.colcon_core.package_identification:_identify(docker/development_docker/quanser_dev_docker_files/0_libraries/python/hal/utilities) by extensions ['ignore', 'ignore_ament_install']
[2.271s] Level 1:colcon.colcon_core.package_identification:_identify(docker/development_docker/quanser_dev_docker_files/0_libraries/python/hal/utilities) by extension 'ignore'
[2.271s] Level 1:colcon.colcon_core.package_identification:_identify(docker/development_docker/quanser_dev_docker_files/0_libraries/python/hal/utilities) by extension 'ignore_ament_install'
[2.271s] Level 1:colcon.colcon_core.package_identification:_identify(docker/development_docker/quanser_dev_docker_files/0_libraries/python/hal/utilities) by extensions ['colcon_pkg']
[2.271s] Level 1:colcon.colcon_core.package_identification:_identify(docker/development_docker/quanser_dev_docker_files/0_libraries/python/hal/utilities) by extension 'colcon_pkg'
[2.272s] Level 1:colcon.colcon_core.package_identification:_identify(docker/development_docker/quanser_dev_docker_files/0_libraries/python/hal/utilities) by extensions ['colcon_meta']
[2.272s] Level 1:colcon.colcon_core.package_identification:_identify(docker/development_docker/quanser_dev_docker_files/0_libraries/python/hal/utilities) by extension 'colcon_meta'
[2.272s] Level 1:colcon.colcon_core.package_identification:_identify(docker/development_docker/quanser_dev_docker_files/0_libraries/python/hal/utilities) by extensions ['ros']
[2.272s] Level 1:colcon.colcon_core.package_identification:_identify(docker/development_docker/quanser_dev_docker_files/0_libraries/python/hal/utilities) by extension 'ros'
[2.272s] Level 1:colcon.colcon_core.package_identification:_identify(docker/development_docker/quanser_dev_docker_files/0_libraries/python/hal/utilities) by extensions ['cmake', 'python']
[2.272s] Level 1:colcon.colcon_core.package_identification:_identify(docker/development_docker/quanser_dev_docker_files/0_libraries/python/hal/utilities) by extension 'cmake'
[2.272s] Level 1:colcon.colcon_core.package_identification:_identify(docker/development_docker/quanser_dev_docker_files/0_libraries/python/hal/utilities) by extension 'python'
[2.272s] Level 1:colcon.colcon_core.package_identification:_identify(docker/development_docker/quanser_dev_docker_files/0_libraries/python/hal/utilities) by extensions ['python_setup_py']
[2.272s] Level 1:colcon.colcon_core.package_identification:_identify(docker/development_docker/quanser_dev_docker_files/0_libraries/python/hal/utilities) by extension 'python_setup_py'
[2.272s] Level 1:colcon.colcon_core.package_identification:_identify(docker/development_docker/quanser_dev_docker_files/0_libraries/python/pal) by extensions ['ignore', 'ignore_ament_install']
[2.272s] Level 1:colcon.colcon_core.package_identification:_identify(docker/development_docker/quanser_dev_docker_files/0_libraries/python/pal) by extension 'ignore'
[2.272s] Level 1:colcon.colcon_core.package_identification:_identify(docker/development_docker/quanser_dev_docker_files/0_libraries/python/pal) by extension 'ignore_ament_install'
[2.272s] Level 1:colcon.colcon_core.package_identification:_identify(docker/development_docker/quanser_dev_docker_files/0_libraries/python/pal) by extensions ['colcon_pkg']
[2.272s] Level 1:colcon.colcon_core.package_identification:_identify(docker/development_docker/quanser_dev_docker_files/0_libraries/python/pal) by extension 'colcon_pkg'
[2.272s] Level 1:colcon.colcon_core.package_identification:_identify(docker/development_docker/quanser_dev_docker_files/0_libraries/python/pal) by extensions ['colcon_meta']
[2.272s] Level 1:colcon.colcon_core.package_identification:_identify(docker/development_docker/quanser_dev_docker_files/0_libraries/python/pal) by extension 'colcon_meta'
[2.272s] Level 1:colcon.colcon_core.package_identification:_identify(docker/development_docker/quanser_dev_docker_files/0_libraries/python/pal) by extensions ['ros']
[2.272s] Level 1:colcon.colcon_core.package_identification:_identify(docker/development_docker/quanser_dev_docker_files/0_libraries/python/pal) by extension 'ros'
[2.272s] Level 1:colcon.colcon_core.package_identification:_identify(docker/development_docker/quanser_dev_docker_files/0_libraries/python/pal) by extensions ['cmake', 'python']
[2.272s] Level 1:colcon.colcon_core.package_identification:_identify(docker/development_docker/quanser_dev_docker_files/0_libraries/python/pal) by extension 'cmake'
[2.272s] Level 1:colcon.colcon_core.package_identification:_identify(docker/development_docker/quanser_dev_docker_files/0_libraries/python/pal) by extension 'python'
[2.272s] Level 1:colcon.colcon_core.package_identification:_identify(docker/development_docker/quanser_dev_docker_files/0_libraries/python/pal) by extensions ['python_setup_py']
[2.272s] Level 1:colcon.colcon_core.package_identification:_identify(docker/development_docker/quanser_dev_docker_files/0_libraries/python/pal) by extension 'python_setup_py'
[2.272s] Level 1:colcon.colcon_core.package_identification:_identify(docker/development_docker/quanser_dev_docker_files/0_libraries/python/pal/products) by extensions ['ignore', 'ignore_ament_install']
[2.272s] Level 1:colcon.colcon_core.package_identification:_identify(docker/development_docker/quanser_dev_docker_files/0_libraries/python/pal/products) by extension 'ignore'
[2.272s] Level 1:colcon.colcon_core.package_identification:_identify(docker/development_docker/quanser_dev_docker_files/0_libraries/python/pal/products) by extension 'ignore_ament_install'
[2.272s] Level 1:colcon.colcon_core.package_identification:_identify(docker/development_docker/quanser_dev_docker_files/0_libraries/python/pal/products) by extensions ['colcon_pkg']
[2.272s] Level 1:colcon.colcon_core.package_identification:_identify(docker/development_docker/quanser_dev_docker_files/0_libraries/python/pal/products) by extension 'colcon_pkg'
[2.272s] Level 1:colcon.colcon_core.package_identification:_identify(docker/development_docker/quanser_dev_docker_files/0_libraries/python/pal/products) by extensions ['colcon_meta']
[2.272s] Level 1:colcon.colcon_core.package_identification:_identify(docker/development_docker/quanser_dev_docker_files/0_libraries/python/pal/products) by extension 'colcon_meta'
[2.273s] Level 1:colcon.colcon_core.package_identification:_identify(docker/development_docker/quanser_dev_docker_files/0_libraries/python/pal/products) by extensions ['ros']
[2.273s] Level 1:colcon.colcon_core.package_identification:_identify(docker/development_docker/quanser_dev_docker_files/0_libraries/python/pal/products) by extension 'ros'
[2.273s] Level 1:colcon.colcon_core.package_identification:_identify(docker/development_docker/quanser_dev_docker_files/0_libraries/python/pal/products) by extensions ['cmake', 'python']
[2.273s] Level 1:colcon.colcon_core.package_identification:_identify(docker/development_docker/quanser_dev_docker_files/0_libraries/python/pal/products) by extension 'cmake'
[2.273s] Level 1:colcon.colcon_core.package_identification:_identify(docker/development_docker/quanser_dev_docker_files/0_libraries/python/pal/products) by extension 'python'
[2.273s] Level 1:colcon.colcon_core.package_identification:_identify(docker/development_docker/quanser_dev_docker_files/0_libraries/python/pal/products) by extensions ['python_setup_py']
[2.273s] Level 1:colcon.colcon_core.package_identification:_identify(docker/development_docker/quanser_dev_docker_files/0_libraries/python/pal/products) by extension 'python_setup_py'
[2.273s] Level 1:colcon.colcon_core.package_identification:_identify(docker/development_docker/quanser_dev_docker_files/0_libraries/python/pal/resources) by extensions ['ignore', 'ignore_ament_install']
[2.273s] Level 1:colcon.colcon_core.package_identification:_identify(docker/development_docker/quanser_dev_docker_files/0_libraries/python/pal/resources) by extension 'ignore'
[2.273s] Level 1:colcon.colcon_core.package_identification:_identify(docker/development_docker/quanser_dev_docker_files/0_libraries/python/pal/resources) by extension 'ignore_ament_install'
[2.273s] Level 1:colcon.colcon_core.package_identification:_identify(docker/development_docker/quanser_dev_docker_files/0_libraries/python/pal/resources) by extensions ['colcon_pkg']
[2.273s] Level 1:colcon.colcon_core.package_identification:_identify(docker/development_docker/quanser_dev_docker_files/0_libraries/python/pal/resources) by extension 'colcon_pkg'
[2.273s] Level 1:colcon.colcon_core.package_identification:_identify(docker/development_docker/quanser_dev_docker_files/0_libraries/python/pal/resources) by extensions ['colcon_meta']
[2.273s] Level 1:colcon.colcon_core.package_identification:_identify(docker/development_docker/quanser_dev_docker_files/0_libraries/python/pal/resources) by extension 'colcon_meta'
[2.273s] Level 1:colcon.colcon_core.package_identification:_identify(docker/development_docker/quanser_dev_docker_files/0_libraries/python/pal/resources) by extensions ['ros']
[2.273s] Level 1:colcon.colcon_core.package_identification:_identify(docker/development_docker/quanser_dev_docker_files/0_libraries/python/pal/resources) by extension 'ros'
[2.273s] Level 1:colcon.colcon_core.package_identification:_identify(docker/development_docker/quanser_dev_docker_files/0_libraries/python/pal/resources) by extensions ['cmake', 'python']
[2.273s] Level 1:colcon.colcon_core.package_identification:_identify(docker/development_docker/quanser_dev_docker_files/0_libraries/python/pal/resources) by extension 'cmake'
[2.273s] Level 1:colcon.colcon_core.package_identification:_identify(docker/development_docker/quanser_dev_docker_files/0_libraries/python/pal/resources) by extension 'python'
[2.273s] Level 1:colcon.colcon_core.package_identification:_identify(docker/development_docker/quanser_dev_docker_files/0_libraries/python/pal/resources) by extensions ['python_setup_py']
[2.273s] Level 1:colcon.colcon_core.package_identification:_identify(docker/development_docker/quanser_dev_docker_files/0_libraries/python/pal/resources) by extension 'python_setup_py'
[2.273s] Level 1:colcon.colcon_core.package_identification:_identify(docker/development_docker/quanser_dev_docker_files/0_libraries/python/pal/utilities) by extensions ['ignore', 'ignore_ament_install']
[2.273s] Level 1:colcon.colcon_core.package_identification:_identify(docker/development_docker/quanser_dev_docker_files/0_libraries/python/pal/utilities) by extension 'ignore'
[2.273s] Level 1:colcon.colcon_core.package_identification:_identify(docker/development_docker/quanser_dev_docker_files/0_libraries/python/pal/utilities) by extension 'ignore_ament_install'
[2.273s] Level 1:colcon.colcon_core.package_identification:_identify(docker/development_docker/quanser_dev_docker_files/0_libraries/python/pal/utilities) by extensions ['colcon_pkg']
[2.273s] Level 1:colcon.colcon_core.package_identification:_identify(docker/development_docker/quanser_dev_docker_files/0_libraries/python/pal/utilities) by extension 'colcon_pkg'
[2.273s] Level 1:colcon.colcon_core.package_identification:_identify(docker/development_docker/quanser_dev_docker_files/0_libraries/python/pal/utilities) by extensions ['colcon_meta']
[2.273s] Level 1:colcon.colcon_core.package_identification:_identify(docker/development_docker/quanser_dev_docker_files/0_libraries/python/pal/utilities) by extension 'colcon_meta'
[2.273s] Level 1:colcon.colcon_core.package_identification:_identify(docker/development_docker/quanser_dev_docker_files/0_libraries/python/pal/utilities) by extensions ['ros']
[2.273s] Level 1:colcon.colcon_core.package_identification:_identify(docker/development_docker/quanser_dev_docker_files/0_libraries/python/pal/utilities) by extension 'ros'
[2.274s] Level 1:colcon.colcon_core.package_identification:_identify(docker/development_docker/quanser_dev_docker_files/0_libraries/python/pal/utilities) by extensions ['cmake', 'python']
[2.274s] Level 1:colcon.colcon_core.package_identification:_identify(docker/development_docker/quanser_dev_docker_files/0_libraries/python/pal/utilities) by extension 'cmake'
[2.274s] Level 1:colcon.colcon_core.package_identification:_identify(docker/development_docker/quanser_dev_docker_files/0_libraries/python/pal/utilities) by extension 'python'
[2.274s] Level 1:colcon.colcon_core.package_identification:_identify(docker/development_docker/quanser_dev_docker_files/0_libraries/python/pal/utilities) by extensions ['python_setup_py']
[2.274s] Level 1:colcon.colcon_core.package_identification:_identify(docker/development_docker/quanser_dev_docker_files/0_libraries/python/pal/utilities) by extension 'python_setup_py'
[2.274s] Level 1:colcon.colcon_core.package_identification:_identify(docker/development_docker/quanser_dev_docker_files/0_libraries/python/pit) by extensions ['ignore', 'ignore_ament_install']
[2.274s] Level 1:colcon.colcon_core.package_identification:_identify(docker/development_docker/quanser_dev_docker_files/0_libraries/python/pit) by extension 'ignore'
[2.274s] Level 1:colcon.colcon_core.package_identification:_identify(docker/development_docker/quanser_dev_docker_files/0_libraries/python/pit) by extension 'ignore_ament_install'
[2.274s] Level 1:colcon.colcon_core.package_identification:_identify(docker/development_docker/quanser_dev_docker_files/0_libraries/python/pit) by extensions ['colcon_pkg']
[2.274s] Level 1:colcon.colcon_core.package_identification:_identify(docker/development_docker/quanser_dev_docker_files/0_libraries/python/pit) by extension 'colcon_pkg'
[2.274s] Level 1:colcon.colcon_core.package_identification:_identify(docker/development_docker/quanser_dev_docker_files/0_libraries/python/pit) by extensions ['colcon_meta']
[2.274s] Level 1:colcon.colcon_core.package_identification:_identify(docker/development_docker/quanser_dev_docker_files/0_libraries/python/pit) by extension 'colcon_meta'
[2.274s] Level 1:colcon.colcon_core.package_identification:_identify(docker/development_docker/quanser_dev_docker_files/0_libraries/python/pit) by extensions ['ros']
[2.274s] Level 1:colcon.colcon_core.package_identification:_identify(docker/development_docker/quanser_dev_docker_files/0_libraries/python/pit) by extension 'ros'
[2.274s] Level 1:colcon.colcon_core.package_identification:_identify(docker/development_docker/quanser_dev_docker_files/0_libraries/python/pit) by extensions ['cmake', 'python']
[2.274s] Level 1:colcon.colcon_core.package_identification:_identify(docker/development_docker/quanser_dev_docker_files/0_libraries/python/pit) by extension 'cmake'
[2.274s] Level 1:colcon.colcon_core.package_identification:_identify(docker/development_docker/quanser_dev_docker_files/0_libraries/python/pit) by extension 'python'
[2.274s] Level 1:colcon.colcon_core.package_identification:_identify(docker/development_docker/quanser_dev_docker_files/0_libraries/python/pit) by extensions ['python_setup_py']
[2.274s] Level 1:colcon.colcon_core.package_identification:_identify(docker/development_docker/quanser_dev_docker_files/0_libraries/python/pit) by extension 'python_setup_py'
[2.274s] Level 1:colcon.colcon_core.package_identification:_identify(docker/development_docker/quanser_dev_docker_files/0_libraries/python/pit/LaneNet) by extensions ['ignore', 'ignore_ament_install']
[2.274s] Level 1:colcon.colcon_core.package_identification:_identify(docker/development_docker/quanser_dev_docker_files/0_libraries/python/pit/LaneNet) by extension 'ignore'
[2.274s] Level 1:colcon.colcon_core.package_identification:_identify(docker/development_docker/quanser_dev_docker_files/0_libraries/python/pit/LaneNet) by extension 'ignore_ament_install'
[2.274s] Level 1:colcon.colcon_core.package_identification:_identify(docker/development_docker/quanser_dev_docker_files/0_libraries/python/pit/LaneNet) by extensions ['colcon_pkg']
[2.274s] Level 1:colcon.colcon_core.package_identification:_identify(docker/development_docker/quanser_dev_docker_files/0_libraries/python/pit/LaneNet) by extension 'colcon_pkg'
[2.274s] Level 1:colcon.colcon_core.package_identification:_identify(docker/development_docker/quanser_dev_docker_files/0_libraries/python/pit/LaneNet) by extensions ['colcon_meta']
[2.274s] Level 1:colcon.colcon_core.package_identification:_identify(docker/development_docker/quanser_dev_docker_files/0_libraries/python/pit/LaneNet) by extension 'colcon_meta'
[2.274s] Level 1:colcon.colcon_core.package_identification:_identify(docker/development_docker/quanser_dev_docker_files/0_libraries/python/pit/LaneNet) by extensions ['ros']
[2.274s] Level 1:colcon.colcon_core.package_identification:_identify(docker/development_docker/quanser_dev_docker_files/0_libraries/python/pit/LaneNet) by extension 'ros'
[2.274s] Level 1:colcon.colcon_core.package_identification:_identify(docker/development_docker/quanser_dev_docker_files/0_libraries/python/pit/LaneNet) by extensions ['cmake', 'python']
[2.274s] Level 1:colcon.colcon_core.package_identification:_identify(docker/development_docker/quanser_dev_docker_files/0_libraries/python/pit/LaneNet) by extension 'cmake'
[2.275s] Level 1:colcon.colcon_core.package_identification:_identify(docker/development_docker/quanser_dev_docker_files/0_libraries/python/pit/LaneNet) by extension 'python'
[2.275s] Level 1:colcon.colcon_core.package_identification:_identify(docker/development_docker/quanser_dev_docker_files/0_libraries/python/pit/LaneNet) by extensions ['python_setup_py']
[2.275s] Level 1:colcon.colcon_core.package_identification:_identify(docker/development_docker/quanser_dev_docker_files/0_libraries/python/pit/LaneNet) by extension 'python_setup_py'
[2.275s] Level 1:colcon.colcon_core.package_identification:_identify(docker/development_docker/quanser_dev_docker_files/0_libraries/python/pit/LaneNet/architecture) by extensions ['ignore', 'ignore_ament_install']
[2.275s] Level 1:colcon.colcon_core.package_identification:_identify(docker/development_docker/quanser_dev_docker_files/0_libraries/python/pit/LaneNet/architecture) by extension 'ignore'
[2.275s] Level 1:colcon.colcon_core.package_identification:_identify(docker/development_docker/quanser_dev_docker_files/0_libraries/python/pit/LaneNet/architecture) by extension 'ignore_ament_install'
[2.275s] Level 1:colcon.colcon_core.package_identification:_identify(docker/development_docker/quanser_dev_docker_files/0_libraries/python/pit/LaneNet/architecture) by extensions ['colcon_pkg']
[2.275s] Level 1:colcon.colcon_core.package_identification:_identify(docker/development_docker/quanser_dev_docker_files/0_libraries/python/pit/LaneNet/architecture) by extension 'colcon_pkg'
[2.275s] Level 1:colcon.colcon_core.package_identification:_identify(docker/development_docker/quanser_dev_docker_files/0_libraries/python/pit/LaneNet/architecture) by extensions ['colcon_meta']
[2.275s] Level 1:colcon.colcon_core.package_identification:_identify(docker/development_docker/quanser_dev_docker_files/0_libraries/python/pit/LaneNet/architecture) by extension 'colcon_meta'
[2.275s] Level 1:colcon.colcon_core.package_identification:_identify(docker/development_docker/quanser_dev_docker_files/0_libraries/python/pit/LaneNet/architecture) by extensions ['ros']
[2.275s] Level 1:colcon.colcon_core.package_identification:_identify(docker/development_docker/quanser_dev_docker_files/0_libraries/python/pit/LaneNet/architecture) by extension 'ros'
[2.275s] Level 1:colcon.colcon_core.package_identification:_identify(docker/development_docker/quanser_dev_docker_files/0_libraries/python/pit/LaneNet/architecture) by extensions ['cmake', 'python']
[2.275s] Level 1:colcon.colcon_core.package_identification:_identify(docker/development_docker/quanser_dev_docker_files/0_libraries/python/pit/LaneNet/architecture) by extension 'cmake'
[2.275s] Level 1:colcon.colcon_core.package_identification:_identify(docker/development_docker/quanser_dev_docker_files/0_libraries/python/pit/LaneNet/architecture) by extension 'python'
[2.275s] Level 1:colcon.colcon_core.package_identification:_identify(docker/development_docker/quanser_dev_docker_files/0_libraries/python/pit/LaneNet/architecture) by extensions ['python_setup_py']
[2.275s] Level 1:colcon.colcon_core.package_identification:_identify(docker/development_docker/quanser_dev_docker_files/0_libraries/python/pit/LaneNet/architecture) by extension 'python_setup_py'
[2.275s] Level 1:colcon.colcon_core.package_identification:_identify(docker/development_docker/quanser_dev_docker_files/0_libraries/python/pit/LaneNet/architecture/backbone) by extensions ['ignore', 'ignore_ament_install']
[2.275s] Level 1:colcon.colcon_core.package_identification:_identify(docker/development_docker/quanser_dev_docker_files/0_libraries/python/pit/LaneNet/architecture/backbone) by extension 'ignore'
[2.275s] Level 1:colcon.colcon_core.package_identification:_identify(docker/development_docker/quanser_dev_docker_files/0_libraries/python/pit/LaneNet/architecture/backbone) by extension 'ignore_ament_install'
[2.275s] Level 1:colcon.colcon_core.package_identification:_identify(docker/development_docker/quanser_dev_docker_files/0_libraries/python/pit/LaneNet/architecture/backbone) by extensions ['colcon_pkg']
[2.275s] Level 1:colcon.colcon_core.package_identification:_identify(docker/development_docker/quanser_dev_docker_files/0_libraries/python/pit/LaneNet/architecture/backbone) by extension 'colcon_pkg'
[2.275s] Level 1:colcon.colcon_core.package_identification:_identify(docker/development_docker/quanser_dev_docker_files/0_libraries/python/pit/LaneNet/architecture/backbone) by extensions ['colcon_meta']
[2.275s] Level 1:colcon.colcon_core.package_identification:_identify(docker/development_docker/quanser_dev_docker_files/0_libraries/python/pit/LaneNet/architecture/backbone) by extension 'colcon_meta'
[2.275s] Level 1:colcon.colcon_core.package_identification:_identify(docker/development_docker/quanser_dev_docker_files/0_libraries/python/pit/LaneNet/architecture/backbone) by extensions ['ros']
[2.275s] Level 1:colcon.colcon_core.package_identification:_identify(docker/development_docker/quanser_dev_docker_files/0_libraries/python/pit/LaneNet/architecture/backbone) by extension 'ros'
[2.275s] Level 1:colcon.colcon_core.package_identification:_identify(docker/development_docker/quanser_dev_docker_files/0_libraries/python/pit/LaneNet/architecture/backbone) by extensions ['cmake', 'python']
[2.275s] Level 1:colcon.colcon_core.package_identification:_identify(docker/development_docker/quanser_dev_docker_files/0_libraries/python/pit/LaneNet/architecture/backbone) by extension 'cmake'
[2.275s] Level 1:colcon.colcon_core.package_identification:_identify(docker/development_docker/quanser_dev_docker_files/0_libraries/python/pit/LaneNet/architecture/backbone) by extension 'python'
[2.275s] Level 1:colcon.colcon_core.package_identification:_identify(docker/development_docker/quanser_dev_docker_files/0_libraries/python/pit/LaneNet/architecture/backbone) by extensions ['python_setup_py']
[2.276s] Level 1:colcon.colcon_core.package_identification:_identify(docker/development_docker/quanser_dev_docker_files/0_libraries/python/pit/LaneNet/architecture/backbone) by extension 'python_setup_py'
[2.276s] Level 1:colcon.colcon_core.package_identification:_identify(docker/development_docker/quanser_dev_docker_files/0_libraries/python/pit/LaneNet/architecture/backbone/deeplabv3_plus) by extensions ['ignore', 'ignore_ament_install']
[2.276s] Level 1:colcon.colcon_core.package_identification:_identify(docker/development_docker/quanser_dev_docker_files/0_libraries/python/pit/LaneNet/architecture/backbone/deeplabv3_plus) by extension 'ignore'
[2.276s] Level 1:colcon.colcon_core.package_identification:_identify(docker/development_docker/quanser_dev_docker_files/0_libraries/python/pit/LaneNet/architecture/backbone/deeplabv3_plus) by extension 'ignore_ament_install'
[2.276s] Level 1:colcon.colcon_core.package_identification:_identify(docker/development_docker/quanser_dev_docker_files/0_libraries/python/pit/LaneNet/architecture/backbone/deeplabv3_plus) by extensions ['colcon_pkg']
[2.276s] Level 1:colcon.colcon_core.package_identification:_identify(docker/development_docker/quanser_dev_docker_files/0_libraries/python/pit/LaneNet/architecture/backbone/deeplabv3_plus) by extension 'colcon_pkg'
[2.276s] Level 1:colcon.colcon_core.package_identification:_identify(docker/development_docker/quanser_dev_docker_files/0_libraries/python/pit/LaneNet/architecture/backbone/deeplabv3_plus) by extensions ['colcon_meta']
[2.276s] Level 1:colcon.colcon_core.package_identification:_identify(docker/development_docker/quanser_dev_docker_files/0_libraries/python/pit/LaneNet/architecture/backbone/deeplabv3_plus) by extension 'colcon_meta'
[2.276s] Level 1:colcon.colcon_core.package_identification:_identify(docker/development_docker/quanser_dev_docker_files/0_libraries/python/pit/LaneNet/architecture/backbone/deeplabv3_plus) by extensions ['ros']
[2.276s] Level 1:colcon.colcon_core.package_identification:_identify(docker/development_docker/quanser_dev_docker_files/0_libraries/python/pit/LaneNet/architecture/backbone/deeplabv3_plus) by extension 'ros'
[2.276s] Level 1:colcon.colcon_core.package_identification:_identify(docker/development_docker/quanser_dev_docker_files/0_libraries/python/pit/LaneNet/architecture/backbone/deeplabv3_plus) by extensions ['cmake', 'python']
[2.276s] Level 1:colcon.colcon_core.package_identification:_identify(docker/development_docker/quanser_dev_docker_files/0_libraries/python/pit/LaneNet/architecture/backbone/deeplabv3_plus) by extension 'cmake'
[2.276s] Level 1:colcon.colcon_core.package_identification:_identify(docker/development_docker/quanser_dev_docker_files/0_libraries/python/pit/LaneNet/architecture/backbone/deeplabv3_plus) by extension 'python'
[2.276s] Level 1:colcon.colcon_core.package_identification:_identify(docker/development_docker/quanser_dev_docker_files/0_libraries/python/pit/LaneNet/architecture/backbone/deeplabv3_plus) by extensions ['python_setup_py']
[2.276s] Level 1:colcon.colcon_core.package_identification:_identify(docker/development_docker/quanser_dev_docker_files/0_libraries/python/pit/LaneNet/architecture/backbone/deeplabv3_plus) by extension 'python_setup_py'
[2.276s] Level 1:colcon.colcon_core.package_identification:_identify(docker/development_docker/quanser_dev_docker_files/0_libraries/python/pit/LaneNet/architecture/backbone/deeplabv3_plus/sync_batchnorm) by extensions ['ignore', 'ignore_ament_install']
[2.276s] Level 1:colcon.colcon_core.package_identification:_identify(docker/development_docker/quanser_dev_docker_files/0_libraries/python/pit/LaneNet/architecture/backbone/deeplabv3_plus/sync_batchnorm) by extension 'ignore'
[2.276s] Level 1:colcon.colcon_core.package_identification:_identify(docker/development_docker/quanser_dev_docker_files/0_libraries/python/pit/LaneNet/architecture/backbone/deeplabv3_plus/sync_batchnorm) by extension 'ignore_ament_install'
[2.276s] Level 1:colcon.colcon_core.package_identification:_identify(docker/development_docker/quanser_dev_docker_files/0_libraries/python/pit/LaneNet/architecture/backbone/deeplabv3_plus/sync_batchnorm) by extensions ['colcon_pkg']
[2.276s] Level 1:colcon.colcon_core.package_identification:_identify(docker/development_docker/quanser_dev_docker_files/0_libraries/python/pit/LaneNet/architecture/backbone/deeplabv3_plus/sync_batchnorm) by extension 'colcon_pkg'
[2.276s] Level 1:colcon.colcon_core.package_identification:_identify(docker/development_docker/quanser_dev_docker_files/0_libraries/python/pit/LaneNet/architecture/backbone/deeplabv3_plus/sync_batchnorm) by extensions ['colcon_meta']
[2.276s] Level 1:colcon.colcon_core.package_identification:_identify(docker/development_docker/quanser_dev_docker_files/0_libraries/python/pit/LaneNet/architecture/backbone/deeplabv3_plus/sync_batchnorm) by extension 'colcon_meta'
[2.276s] Level 1:colcon.colcon_core.package_identification:_identify(docker/development_docker/quanser_dev_docker_files/0_libraries/python/pit/LaneNet/architecture/backbone/deeplabv3_plus/sync_batchnorm) by extensions ['ros']
[2.276s] Level 1:colcon.colcon_core.package_identification:_identify(docker/development_docker/quanser_dev_docker_files/0_libraries/python/pit/LaneNet/architecture/backbone/deeplabv3_plus/sync_batchnorm) by extension 'ros'
[2.276s] Level 1:colcon.colcon_core.package_identification:_identify(docker/development_docker/quanser_dev_docker_files/0_libraries/python/pit/LaneNet/architecture/backbone/deeplabv3_plus/sync_batchnorm) by extensions ['cmake', 'python']
[2.276s] Level 1:colcon.colcon_core.package_identification:_identify(docker/development_docker/quanser_dev_docker_files/0_libraries/python/pit/LaneNet/architecture/backbone/deeplabv3_plus/sync_batchnorm) by extension 'cmake'
[2.276s] Level 1:colcon.colcon_core.package_identification:_identify(docker/development_docker/quanser_dev_docker_files/0_libraries/python/pit/LaneNet/architecture/backbone/deeplabv3_plus/sync_batchnorm) by extension 'python'
[2.276s] Level 1:colcon.colcon_core.package_identification:_identify(docker/development_docker/quanser_dev_docker_files/0_libraries/python/pit/LaneNet/architecture/backbone/deeplabv3_plus/sync_batchnorm) by extensions ['python_setup_py']
[2.277s] Level 1:colcon.colcon_core.package_identification:_identify(docker/development_docker/quanser_dev_docker_files/0_libraries/python/pit/LaneNet/architecture/backbone/deeplabv3_plus/sync_batchnorm) by extension 'python_setup_py'
[2.277s] Level 1:colcon.colcon_core.package_identification:_identify(docker/development_docker/quanser_dev_docker_files/0_libraries/python/pit/YOLO) by extensions ['ignore', 'ignore_ament_install']
[2.277s] Level 1:colcon.colcon_core.package_identification:_identify(docker/development_docker/quanser_dev_docker_files/0_libraries/python/pit/YOLO) by extension 'ignore'
[2.277s] Level 1:colcon.colcon_core.package_identification:_identify(docker/development_docker/quanser_dev_docker_files/0_libraries/python/pit/YOLO) by extension 'ignore_ament_install'
[2.277s] Level 1:colcon.colcon_core.package_identification:_identify(docker/development_docker/quanser_dev_docker_files/0_libraries/python/pit/YOLO) by extensions ['colcon_pkg']
[2.277s] Level 1:colcon.colcon_core.package_identification:_identify(docker/development_docker/quanser_dev_docker_files/0_libraries/python/pit/YOLO) by extension 'colcon_pkg'
[2.277s] Level 1:colcon.colcon_core.package_identification:_identify(docker/development_docker/quanser_dev_docker_files/0_libraries/python/pit/YOLO) by extensions ['colcon_meta']
[2.277s] Level 1:colcon.colcon_core.package_identification:_identify(docker/development_docker/quanser_dev_docker_files/0_libraries/python/pit/YOLO) by extension 'colcon_meta'
[2.277s] Level 1:colcon.colcon_core.package_identification:_identify(docker/development_docker/quanser_dev_docker_files/0_libraries/python/pit/YOLO) by extensions ['ros']
[2.277s] Level 1:colcon.colcon_core.package_identification:_identify(docker/development_docker/quanser_dev_docker_files/0_libraries/python/pit/YOLO) by extension 'ros'
[2.277s] Level 1:colcon.colcon_core.package_identification:_identify(docker/development_docker/quanser_dev_docker_files/0_libraries/python/pit/YOLO) by extensions ['cmake', 'python']
[2.277s] Level 1:colcon.colcon_core.package_identification:_identify(docker/development_docker/quanser_dev_docker_files/0_libraries/python/pit/YOLO) by extension 'cmake'
[2.277s] Level 1:colcon.colcon_core.package_identification:_identify(docker/development_docker/quanser_dev_docker_files/0_libraries/python/pit/YOLO) by extension 'python'
[2.277s] Level 1:colcon.colcon_core.package_identification:_identify(docker/development_docker/quanser_dev_docker_files/0_libraries/python/pit/YOLO) by extensions ['python_setup_py']
[2.277s] Level 1:colcon.colcon_core.package_identification:_identify(docker/development_docker/quanser_dev_docker_files/0_libraries/python/pit/YOLO) by extension 'python_setup_py'
[2.277s] Level 1:colcon.colcon_core.package_identification:_identify(docker/development_docker/quanser_dev_docker_files/0_libraries/python/pit/haar) by extensions ['ignore', 'ignore_ament_install']
[2.277s] Level 1:colcon.colcon_core.package_identification:_identify(docker/development_docker/quanser_dev_docker_files/0_libraries/python/pit/haar) by extension 'ignore'
[2.277s] Level 1:colcon.colcon_core.package_identification:_identify(docker/development_docker/quanser_dev_docker_files/0_libraries/python/pit/haar) by extension 'ignore_ament_install'
[2.277s] Level 1:colcon.colcon_core.package_identification:_identify(docker/development_docker/quanser_dev_docker_files/0_libraries/python/pit/haar) by extensions ['colcon_pkg']
[2.277s] Level 1:colcon.colcon_core.package_identification:_identify(docker/development_docker/quanser_dev_docker_files/0_libraries/python/pit/haar) by extension 'colcon_pkg'
[2.277s] Level 1:colcon.colcon_core.package_identification:_identify(docker/development_docker/quanser_dev_docker_files/0_libraries/python/pit/haar) by extensions ['colcon_meta']
[2.277s] Level 1:colcon.colcon_core.package_identification:_identify(docker/development_docker/quanser_dev_docker_files/0_libraries/python/pit/haar) by extension 'colcon_meta'
[2.277s] Level 1:colcon.colcon_core.package_identification:_identify(docker/development_docker/quanser_dev_docker_files/0_libraries/python/pit/haar) by extensions ['ros']
[2.277s] Level 1:colcon.colcon_core.package_identification:_identify(docker/development_docker/quanser_dev_docker_files/0_libraries/python/pit/haar) by extension 'ros'
[2.277s] Level 1:colcon.colcon_core.package_identification:_identify(docker/development_docker/quanser_dev_docker_files/0_libraries/python/pit/haar) by extensions ['cmake', 'python']
[2.277s] Level 1:colcon.colcon_core.package_identification:_identify(docker/development_docker/quanser_dev_docker_files/0_libraries/python/pit/haar) by extension 'cmake'
[2.277s] Level 1:colcon.colcon_core.package_identification:_identify(docker/development_docker/quanser_dev_docker_files/0_libraries/python/pit/haar) by extension 'python'
[2.277s] Level 1:colcon.colcon_core.package_identification:_identify(docker/development_docker/quanser_dev_docker_files/0_libraries/python/pit/haar) by extensions ['python_setup_py']
[2.277s] Level 1:colcon.colcon_core.package_identification:_identify(docker/development_docker/quanser_dev_docker_files/0_libraries/python/pit/haar) by extension 'python_setup_py'
[2.278s] Level 1:colcon.colcon_core.package_identification:_identify(docker/development_docker/quanser_dev_docker_files/0_libraries/python/pit/jetson) by extensions ['ignore', 'ignore_ament_install']
[2.278s] Level 1:colcon.colcon_core.package_identification:_identify(docker/development_docker/quanser_dev_docker_files/0_libraries/python/pit/jetson) by extension 'ignore'
[2.278s] Level 1:colcon.colcon_core.package_identification:_identify(docker/development_docker/quanser_dev_docker_files/0_libraries/python/pit/jetson) by extension 'ignore_ament_install'
[2.278s] Level 1:colcon.colcon_core.package_identification:_identify(docker/development_docker/quanser_dev_docker_files/0_libraries/python/pit/jetson) by extensions ['colcon_pkg']
[2.278s] Level 1:colcon.colcon_core.package_identification:_identify(docker/development_docker/quanser_dev_docker_files/0_libraries/python/pit/jetson) by extension 'colcon_pkg'
[2.278s] Level 1:colcon.colcon_core.package_identification:_identify(docker/development_docker/quanser_dev_docker_files/0_libraries/python/pit/jetson) by extensions ['colcon_meta']
[2.278s] Level 1:colcon.colcon_core.package_identification:_identify(docker/development_docker/quanser_dev_docker_files/0_libraries/python/pit/jetson) by extension 'colcon_meta'
[2.278s] Level 1:colcon.colcon_core.package_identification:_identify(docker/development_docker/quanser_dev_docker_files/0_libraries/python/pit/jetson) by extensions ['ros']
[2.278s] Level 1:colcon.colcon_core.package_identification:_identify(docker/development_docker/quanser_dev_docker_files/0_libraries/python/pit/jetson) by extension 'ros'
[2.278s] Level 1:colcon.colcon_core.package_identification:_identify(docker/development_docker/quanser_dev_docker_files/0_libraries/python/pit/jetson) by extensions ['cmake', 'python']
[2.278s] Level 1:colcon.colcon_core.package_identification:_identify(docker/development_docker/quanser_dev_docker_files/0_libraries/python/pit/jetson) by extension 'cmake'
[2.278s] Level 1:colcon.colcon_core.package_identification:_identify(docker/development_docker/quanser_dev_docker_files/0_libraries/python/pit/jetson) by extension 'python'
[2.278s] Level 1:colcon.colcon_core.package_identification:_identify(docker/development_docker/quanser_dev_docker_files/0_libraries/python/pit/jetson) by extensions ['python_setup_py']
[2.278s] Level 1:colcon.colcon_core.package_identification:_identify(docker/development_docker/quanser_dev_docker_files/0_libraries/python/pit/jetson) by extension 'python_setup_py'
[2.278s] Level 1:colcon.colcon_core.package_identification:_identify(docker/development_docker/quanser_dev_docker_files/0_libraries/python/qvl) by extensions ['ignore', 'ignore_ament_install']
[2.278s] Level 1:colcon.colcon_core.package_identification:_identify(docker/development_docker/quanser_dev_docker_files/0_libraries/python/qvl) by extension 'ignore'
[2.278s] Level 1:colcon.colcon_core.package_identification:_identify(docker/development_docker/quanser_dev_docker_files/0_libraries/python/qvl) by extension 'ignore_ament_install'
[2.278s] Level 1:colcon.colcon_core.package_identification:_identify(docker/development_docker/quanser_dev_docker_files/0_libraries/python/qvl) by extensions ['colcon_pkg']
[2.278s] Level 1:colcon.colcon_core.package_identification:_identify(docker/development_docker/quanser_dev_docker_files/0_libraries/python/qvl) by extension 'colcon_pkg'
[2.278s] Level 1:colcon.colcon_core.package_identification:_identify(docker/development_docker/quanser_dev_docker_files/0_libraries/python/qvl) by extensions ['colcon_meta']
[2.278s] Level 1:colcon.colcon_core.package_identification:_identify(docker/development_docker/quanser_dev_docker_files/0_libraries/python/qvl) by extension 'colcon_meta'
[2.278s] Level 1:colcon.colcon_core.package_identification:_identify(docker/development_docker/quanser_dev_docker_files/0_libraries/python/qvl) by extensions ['ros']
[2.278s] Level 1:colcon.colcon_core.package_identification:_identify(docker/development_docker/quanser_dev_docker_files/0_libraries/python/qvl) by extension 'ros'
[2.278s] Level 1:colcon.colcon_core.package_identification:_identify(docker/development_docker/quanser_dev_docker_files/0_libraries/python/qvl) by extensions ['cmake', 'python']
[2.278s] Level 1:colcon.colcon_core.package_identification:_identify(docker/development_docker/quanser_dev_docker_files/0_libraries/python/qvl) by extension 'cmake'
[2.278s] Level 1:colcon.colcon_core.package_identification:_identify(docker/development_docker/quanser_dev_docker_files/0_libraries/python/qvl) by extension 'python'
[2.278s] Level 1:colcon.colcon_core.package_identification:_identify(docker/development_docker/quanser_dev_docker_files/0_libraries/python/qvl) by extensions ['python_setup_py']
[2.278s] Level 1:colcon.colcon_core.package_identification:_identify(docker/development_docker/quanser_dev_docker_files/0_libraries/python/qvl) by extension 'python_setup_py'
[2.278s] Level 1:colcon.colcon_core.package_identification:_identify(docker/development_docker/quanser_dev_docker_files/0_libraries/resources) by extensions ['ignore', 'ignore_ament_install']
[2.279s] Level 1:colcon.colcon_core.package_identification:_identify(docker/development_docker/quanser_dev_docker_files/0_libraries/resources) by extension 'ignore'
[2.279s] Level 1:colcon.colcon_core.package_identification:_identify(docker/development_docker/quanser_dev_docker_files/0_libraries/resources) by extension 'ignore_ament_install'
[2.279s] Level 1:colcon.colcon_core.package_identification:_identify(docker/development_docker/quanser_dev_docker_files/0_libraries/resources) by extensions ['colcon_pkg']
[2.279s] Level 1:colcon.colcon_core.package_identification:_identify(docker/development_docker/quanser_dev_docker_files/0_libraries/resources) by extension 'colcon_pkg'
[2.279s] Level 1:colcon.colcon_core.package_identification:_identify(docker/development_docker/quanser_dev_docker_files/0_libraries/resources) by extensions ['colcon_meta']
[2.279s] Level 1:colcon.colcon_core.package_identification:_identify(docker/development_docker/quanser_dev_docker_files/0_libraries/resources) by extension 'colcon_meta'
[2.279s] Level 1:colcon.colcon_core.package_identification:_identify(docker/development_docker/quanser_dev_docker_files/0_libraries/resources) by extensions ['ros']
[2.279s] Level 1:colcon.colcon_core.package_identification:_identify(docker/development_docker/quanser_dev_docker_files/0_libraries/resources) by extension 'ros'
[2.279s] Level 1:colcon.colcon_core.package_identification:_identify(docker/development_docker/quanser_dev_docker_files/0_libraries/resources) by extensions ['cmake', 'python']
[2.279s] Level 1:colcon.colcon_core.package_identification:_identify(docker/development_docker/quanser_dev_docker_files/0_libraries/resources) by extension 'cmake'
[2.279s] Level 1:colcon.colcon_core.package_identification:_identify(docker/development_docker/quanser_dev_docker_files/0_libraries/resources) by extension 'python'
[2.279s] Level 1:colcon.colcon_core.package_identification:_identify(docker/development_docker/quanser_dev_docker_files/0_libraries/resources) by extensions ['python_setup_py']
[2.279s] Level 1:colcon.colcon_core.package_identification:_identify(docker/development_docker/quanser_dev_docker_files/0_libraries/resources) by extension 'python_setup_py'
[2.279s] Level 1:colcon.colcon_core.package_identification:_identify(docker/development_docker/quanser_dev_docker_files/0_libraries/resources/applications) by extensions ['ignore', 'ignore_ament_install']
[2.279s] Level 1:colcon.colcon_core.package_identification:_identify(docker/development_docker/quanser_dev_docker_files/0_libraries/resources/applications) by extension 'ignore'
[2.279s] Level 1:colcon.colcon_core.package_identification:_identify(docker/development_docker/quanser_dev_docker_files/0_libraries/resources/applications) by extension 'ignore_ament_install'
[2.279s] Level 1:colcon.colcon_core.package_identification:_identify(docker/development_docker/quanser_dev_docker_files/0_libraries/resources/applications) by extensions ['colcon_pkg']
[2.279s] Level 1:colcon.colcon_core.package_identification:_identify(docker/development_docker/quanser_dev_docker_files/0_libraries/resources/applications) by extension 'colcon_pkg'
[2.279s] Level 1:colcon.colcon_core.package_identification:_identify(docker/development_docker/quanser_dev_docker_files/0_libraries/resources/applications) by extensions ['colcon_meta']
[2.279s] Level 1:colcon.colcon_core.package_identification:_identify(docker/development_docker/quanser_dev_docker_files/0_libraries/resources/applications) by extension 'colcon_meta'
[2.279s] Level 1:colcon.colcon_core.package_identification:_identify(docker/development_docker/quanser_dev_docker_files/0_libraries/resources/applications) by extensions ['ros']
[2.279s] Level 1:colcon.colcon_core.package_identification:_identify(docker/development_docker/quanser_dev_docker_files/0_libraries/resources/applications) by extension 'ros'
[2.279s] Level 1:colcon.colcon_core.package_identification:_identify(docker/development_docker/quanser_dev_docker_files/0_libraries/resources/applications) by extensions ['cmake', 'python']
[2.279s] Level 1:colcon.colcon_core.package_identification:_identify(docker/development_docker/quanser_dev_docker_files/0_libraries/resources/applications) by extension 'cmake'
[2.279s] Level 1:colcon.colcon_core.package_identification:_identify(docker/development_docker/quanser_dev_docker_files/0_libraries/resources/applications) by extension 'python'
[2.279s] Level 1:colcon.colcon_core.package_identification:_identify(docker/development_docker/quanser_dev_docker_files/0_libraries/resources/applications) by extensions ['python_setup_py']
[2.279s] Level 1:colcon.colcon_core.package_identification:_identify(docker/development_docker/quanser_dev_docker_files/0_libraries/resources/applications) by extension 'python_setup_py'
[2.279s] Level 1:colcon.colcon_core.package_identification:_identify(docker/development_docker/quanser_dev_docker_files/0_libraries/resources/applications/KeyboardDriver) by extensions ['ignore', 'ignore_ament_install']
[2.279s] Level 1:colcon.colcon_core.package_identification:_identify(docker/development_docker/quanser_dev_docker_files/0_libraries/resources/applications/KeyboardDriver) by extension 'ignore'
[2.280s] Level 1:colcon.colcon_core.package_identification:_identify(docker/development_docker/quanser_dev_docker_files/0_libraries/resources/applications/KeyboardDriver) by extension 'ignore_ament_install'
[2.280s] Level 1:colcon.colcon_core.package_identification:_identify(docker/development_docker/quanser_dev_docker_files/0_libraries/resources/applications/KeyboardDriver) by extensions ['colcon_pkg']
[2.280s] Level 1:colcon.colcon_core.package_identification:_identify(docker/development_docker/quanser_dev_docker_files/0_libraries/resources/applications/KeyboardDriver) by extension 'colcon_pkg'
[2.280s] Level 1:colcon.colcon_core.package_identification:_identify(docker/development_docker/quanser_dev_docker_files/0_libraries/resources/applications/KeyboardDriver) by extensions ['colcon_meta']
[2.280s] Level 1:colcon.colcon_core.package_identification:_identify(docker/development_docker/quanser_dev_docker_files/0_libraries/resources/applications/KeyboardDriver) by extension 'colcon_meta'
[2.280s] Level 1:colcon.colcon_core.package_identification:_identify(docker/development_docker/quanser_dev_docker_files/0_libraries/resources/applications/KeyboardDriver) by extensions ['ros']
[2.280s] Level 1:colcon.colcon_core.package_identification:_identify(docker/development_docker/quanser_dev_docker_files/0_libraries/resources/applications/KeyboardDriver) by extension 'ros'
[2.280s] Level 1:colcon.colcon_core.package_identification:_identify(docker/development_docker/quanser_dev_docker_files/0_libraries/resources/applications/KeyboardDriver) by extensions ['cmake', 'python']
[2.280s] Level 1:colcon.colcon_core.package_identification:_identify(docker/development_docker/quanser_dev_docker_files/0_libraries/resources/applications/KeyboardDriver) by extension 'cmake'
[2.280s] Level 1:colcon.colcon_core.package_identification:_identify(docker/development_docker/quanser_dev_docker_files/0_libraries/resources/applications/KeyboardDriver) by extension 'python'
[2.280s] Level 1:colcon.colcon_core.package_identification:_identify(docker/development_docker/quanser_dev_docker_files/0_libraries/resources/applications/KeyboardDriver) by extensions ['python_setup_py']
[2.280s] Level 1:colcon.colcon_core.package_identification:_identify(docker/development_docker/quanser_dev_docker_files/0_libraries/resources/applications/KeyboardDriver) by extension 'python_setup_py'
[2.280s] Level 1:colcon.colcon_core.package_identification:_identify(docker/development_docker/quanser_dev_docker_files/0_libraries/resources/applications/QCarDepthAlign) by extensions ['ignore', 'ignore_ament_install']
[2.280s] Level 1:colcon.colcon_core.package_identification:_identify(docker/development_docker/quanser_dev_docker_files/0_libraries/resources/applications/QCarDepthAlign) by extension 'ignore'
[2.280s] Level 1:colcon.colcon_core.package_identification:_identify(docker/development_docker/quanser_dev_docker_files/0_libraries/resources/applications/QCarDepthAlign) by extension 'ignore_ament_install'
[2.280s] Level 1:colcon.colcon_core.package_identification:_identify(docker/development_docker/quanser_dev_docker_files/0_libraries/resources/applications/QCarDepthAlign) by extensions ['colcon_pkg']
[2.280s] Level 1:colcon.colcon_core.package_identification:_identify(docker/development_docker/quanser_dev_docker_files/0_libraries/resources/applications/QCarDepthAlign) by extension 'colcon_pkg'
[2.280s] Level 1:colcon.colcon_core.package_identification:_identify(docker/development_docker/quanser_dev_docker_files/0_libraries/resources/applications/QCarDepthAlign) by extensions ['colcon_meta']
[2.280s] Level 1:colcon.colcon_core.package_identification:_identify(docker/development_docker/quanser_dev_docker_files/0_libraries/resources/applications/QCarDepthAlign) by extension 'colcon_meta'
[2.280s] Level 1:colcon.colcon_core.package_identification:_identify(docker/development_docker/quanser_dev_docker_files/0_libraries/resources/applications/QCarDepthAlign) by extensions ['ros']
[2.280s] Level 1:colcon.colcon_core.package_identification:_identify(docker/development_docker/quanser_dev_docker_files/0_libraries/resources/applications/QCarDepthAlign) by extension 'ros'
[2.280s] Level 1:colcon.colcon_core.package_identification:_identify(docker/development_docker/quanser_dev_docker_files/0_libraries/resources/applications/QCarDepthAlign) by extensions ['cmake', 'python']
[2.280s] Level 1:colcon.colcon_core.package_identification:_identify(docker/development_docker/quanser_dev_docker_files/0_libraries/resources/applications/QCarDepthAlign) by extension 'cmake'
[2.280s] Level 1:colcon.colcon_core.package_identification:_identify(docker/development_docker/quanser_dev_docker_files/0_libraries/resources/applications/QCarDepthAlign) by extension 'python'
[2.280s] Level 1:colcon.colcon_core.package_identification:_identify(docker/development_docker/quanser_dev_docker_files/0_libraries/resources/applications/QCarDepthAlign) by extensions ['python_setup_py']
[2.280s] Level 1:colcon.colcon_core.package_identification:_identify(docker/development_docker/quanser_dev_docker_files/0_libraries/resources/applications/QCarDepthAlign) by extension 'python_setup_py'
[2.280s] Level 1:colcon.colcon_core.package_identification:_identify(docker/development_docker/quanser_dev_docker_files/0_libraries/resources/applications/QCarScanMatching) by extensions ['ignore', 'ignore_ament_install']
[2.280s] Level 1:colcon.colcon_core.package_identification:_identify(docker/development_docker/quanser_dev_docker_files/0_libraries/resources/applications/QCarScanMatching) by extension 'ignore'
[2.280s] Level 1:colcon.colcon_core.package_identification:_identify(docker/development_docker/quanser_dev_docker_files/0_libraries/resources/applications/QCarScanMatching) by extension 'ignore_ament_install'
[2.280s] Level 1:colcon.colcon_core.package_identification:_identify(docker/development_docker/quanser_dev_docker_files/0_libraries/resources/applications/QCarScanMatching) by extensions ['colcon_pkg']
[2.281s] Level 1:colcon.colcon_core.package_identification:_identify(docker/development_docker/quanser_dev_docker_files/0_libraries/resources/applications/QCarScanMatching) by extension 'colcon_pkg'
[2.281s] Level 1:colcon.colcon_core.package_identification:_identify(docker/development_docker/quanser_dev_docker_files/0_libraries/resources/applications/QCarScanMatching) by extensions ['colcon_meta']
[2.281s] Level 1:colcon.colcon_core.package_identification:_identify(docker/development_docker/quanser_dev_docker_files/0_libraries/resources/applications/QCarScanMatching) by extension 'colcon_meta'
[2.281s] Level 1:colcon.colcon_core.package_identification:_identify(docker/development_docker/quanser_dev_docker_files/0_libraries/resources/applications/QCarScanMatching) by extensions ['ros']
[2.281s] Level 1:colcon.colcon_core.package_identification:_identify(docker/development_docker/quanser_dev_docker_files/0_libraries/resources/applications/QCarScanMatching) by extension 'ros'
[2.281s] Level 1:colcon.colcon_core.package_identification:_identify(docker/development_docker/quanser_dev_docker_files/0_libraries/resources/applications/QCarScanMatching) by extensions ['cmake', 'python']
[2.281s] Level 1:colcon.colcon_core.package_identification:_identify(docker/development_docker/quanser_dev_docker_files/0_libraries/resources/applications/QCarScanMatching) by extension 'cmake'
[2.281s] Level 1:colcon.colcon_core.package_identification:_identify(docker/development_docker/quanser_dev_docker_files/0_libraries/resources/applications/QCarScanMatching) by extension 'python'
[2.281s] Level 1:colcon.colcon_core.package_identification:_identify(docker/development_docker/quanser_dev_docker_files/0_libraries/resources/applications/QCarScanMatching) by extensions ['python_setup_py']
[2.281s] Level 1:colcon.colcon_core.package_identification:_identify(docker/development_docker/quanser_dev_docker_files/0_libraries/resources/applications/QCarScanMatching) by extension 'python_setup_py'
[2.281s] Level 1:colcon.colcon_core.package_identification:_identify(docker/development_docker/quanser_dev_docker_files/0_libraries/resources/applications/QLabsVRPNServer) by extensions ['ignore', 'ignore_ament_install']
[2.281s] Level 1:colcon.colcon_core.package_identification:_identify(docker/development_docker/quanser_dev_docker_files/0_libraries/resources/applications/QLabsVRPNServer) by extension 'ignore'
[2.281s] Level 1:colcon.colcon_core.package_identification:_identify(docker/development_docker/quanser_dev_docker_files/0_libraries/resources/applications/QLabsVRPNServer) by extension 'ignore_ament_install'
[2.281s] Level 1:colcon.colcon_core.package_identification:_identify(docker/development_docker/quanser_dev_docker_files/0_libraries/resources/applications/QLabsVRPNServer) by extensions ['colcon_pkg']
[2.281s] Level 1:colcon.colcon_core.package_identification:_identify(docker/development_docker/quanser_dev_docker_files/0_libraries/resources/applications/QLabsVRPNServer) by extension 'colcon_pkg'
[2.281s] Level 1:colcon.colcon_core.package_identification:_identify(docker/development_docker/quanser_dev_docker_files/0_libraries/resources/applications/QLabsVRPNServer) by extensions ['colcon_meta']
[2.281s] Level 1:colcon.colcon_core.package_identification:_identify(docker/development_docker/quanser_dev_docker_files/0_libraries/resources/applications/QLabsVRPNServer) by extension 'colcon_meta'
[2.281s] Level 1:colcon.colcon_core.package_identification:_identify(docker/development_docker/quanser_dev_docker_files/0_libraries/resources/applications/QLabsVRPNServer) by extensions ['ros']
[2.281s] Level 1:colcon.colcon_core.package_identification:_identify(docker/development_docker/quanser_dev_docker_files/0_libraries/resources/applications/QLabsVRPNServer) by extension 'ros'
[2.281s] Level 1:colcon.colcon_core.package_identification:_identify(docker/development_docker/quanser_dev_docker_files/0_libraries/resources/applications/QLabsVRPNServer) by extensions ['cmake', 'python']
[2.281s] Level 1:colcon.colcon_core.package_identification:_identify(docker/development_docker/quanser_dev_docker_files/0_libraries/resources/applications/QLabsVRPNServer) by extension 'cmake'
[2.281s] Level 1:colcon.colcon_core.package_identification:_identify(docker/development_docker/quanser_dev_docker_files/0_libraries/resources/applications/QLabsVRPNServer) by extension 'python'
[2.281s] Level 1:colcon.colcon_core.package_identification:_identify(docker/development_docker/quanser_dev_docker_files/0_libraries/resources/applications/QLabsVRPNServer) by extensions ['python_setup_py']
[2.281s] Level 1:colcon.colcon_core.package_identification:_identify(docker/development_docker/quanser_dev_docker_files/0_libraries/resources/applications/QLabsVRPNServer) by extension 'python_setup_py'
[2.281s] Level 1:colcon.colcon_core.package_identification:_identify(docker/development_docker/quanser_dev_docker_files/0_libraries/resources/applications/QLabsVRPNServer/src) by extensions ['ignore', 'ignore_ament_install']
[2.281s] Level 1:colcon.colcon_core.package_identification:_identify(docker/development_docker/quanser_dev_docker_files/0_libraries/resources/applications/QLabsVRPNServer/src) by extension 'ignore'
[2.281s] Level 1:colcon.colcon_core.package_identification:_identify(docker/development_docker/quanser_dev_docker_files/0_libraries/resources/applications/QLabsVRPNServer/src) by extension 'ignore_ament_install'
[2.281s] Level 1:colcon.colcon_core.package_identification:_identify(docker/development_docker/quanser_dev_docker_files/0_libraries/resources/applications/QLabsVRPNServer/src) by extensions ['colcon_pkg']
[2.281s] Level 1:colcon.colcon_core.package_identification:_identify(docker/development_docker/quanser_dev_docker_files/0_libraries/resources/applications/QLabsVRPNServer/src) by extension 'colcon_pkg'
[2.281s] Level 1:colcon.colcon_core.package_identification:_identify(docker/development_docker/quanser_dev_docker_files/0_libraries/resources/applications/QLabsVRPNServer/src) by extensions ['colcon_meta']
[2.282s] Level 1:colcon.colcon_core.package_identification:_identify(docker/development_docker/quanser_dev_docker_files/0_libraries/resources/applications/QLabsVRPNServer/src) by extension 'colcon_meta'
[2.282s] Level 1:colcon.colcon_core.package_identification:_identify(docker/development_docker/quanser_dev_docker_files/0_libraries/resources/applications/QLabsVRPNServer/src) by extensions ['ros']
[2.282s] Level 1:colcon.colcon_core.package_identification:_identify(docker/development_docker/quanser_dev_docker_files/0_libraries/resources/applications/QLabsVRPNServer/src) by extension 'ros'
[2.282s] Level 1:colcon.colcon_core.package_identification:_identify(docker/development_docker/quanser_dev_docker_files/0_libraries/resources/applications/QLabsVRPNServer/src) by extensions ['cmake', 'python']
[2.282s] Level 1:colcon.colcon_core.package_identification:_identify(docker/development_docker/quanser_dev_docker_files/0_libraries/resources/applications/QLabsVRPNServer/src) by extension 'cmake'
[2.282s] Level 1:colcon.colcon_core.package_identification:_identify(docker/development_docker/quanser_dev_docker_files/0_libraries/resources/applications/QLabsVRPNServer/src) by extension 'python'
[2.282s] Level 1:colcon.colcon_core.package_identification:_identify(docker/development_docker/quanser_dev_docker_files/0_libraries/resources/applications/QLabsVRPNServer/src) by extensions ['python_setup_py']
[2.282s] Level 1:colcon.colcon_core.package_identification:_identify(docker/development_docker/quanser_dev_docker_files/0_libraries/resources/applications/QLabsVRPNServer/src) by extension 'python_setup_py'
[2.282s] Level 1:colcon.colcon_core.package_identification:_identify(docker/development_docker/quanser_dev_docker_files/0_libraries/resources/images) by extensions ['ignore', 'ignore_ament_install']
[2.282s] Level 1:colcon.colcon_core.package_identification:_identify(docker/development_docker/quanser_dev_docker_files/0_libraries/resources/images) by extension 'ignore'
[2.282s] Level 1:colcon.colcon_core.package_identification:_identify(docker/development_docker/quanser_dev_docker_files/0_libraries/resources/images) by extension 'ignore_ament_install'
[2.282s] Level 1:colcon.colcon_core.package_identification:_identify(docker/development_docker/quanser_dev_docker_files/0_libraries/resources/images) by extensions ['colcon_pkg']
[2.282s] Level 1:colcon.colcon_core.package_identification:_identify(docker/development_docker/quanser_dev_docker_files/0_libraries/resources/images) by extension 'colcon_pkg'
[2.282s] Level 1:colcon.colcon_core.package_identification:_identify(docker/development_docker/quanser_dev_docker_files/0_libraries/resources/images) by extensions ['colcon_meta']
[2.282s] Level 1:colcon.colcon_core.package_identification:_identify(docker/development_docker/quanser_dev_docker_files/0_libraries/resources/images) by extension 'colcon_meta'
[2.282s] Level 1:colcon.colcon_core.package_identification:_identify(docker/development_docker/quanser_dev_docker_files/0_libraries/resources/images) by extensions ['ros']
[2.282s] Level 1:colcon.colcon_core.package_identification:_identify(docker/development_docker/quanser_dev_docker_files/0_libraries/resources/images) by extension 'ros'
[2.282s] Level 1:colcon.colcon_core.package_identification:_identify(docker/development_docker/quanser_dev_docker_files/0_libraries/resources/images) by extensions ['cmake', 'python']
[2.282s] Level 1:colcon.colcon_core.package_identification:_identify(docker/development_docker/quanser_dev_docker_files/0_libraries/resources/images) by extension 'cmake'
[2.282s] Level 1:colcon.colcon_core.package_identification:_identify(docker/development_docker/quanser_dev_docker_files/0_libraries/resources/images) by extension 'python'
[2.282s] Level 1:colcon.colcon_core.package_identification:_identify(docker/development_docker/quanser_dev_docker_files/0_libraries/resources/images) by extensions ['python_setup_py']
[2.282s] Level 1:colcon.colcon_core.package_identification:_identify(docker/development_docker/quanser_dev_docker_files/0_libraries/resources/images) by extension 'python_setup_py'
[2.282s] Level 1:colcon.colcon_core.package_identification:_identify(docker/development_docker/quanser_dev_docker_files/0_libraries/resources/pretrained_models) by extensions ['ignore', 'ignore_ament_install']
[2.282s] Level 1:colcon.colcon_core.package_identification:_identify(docker/development_docker/quanser_dev_docker_files/0_libraries/resources/pretrained_models) by extension 'ignore'
[2.282s] Level 1:colcon.colcon_core.package_identification:_identify(docker/development_docker/quanser_dev_docker_files/0_libraries/resources/pretrained_models) by extension 'ignore_ament_install'
[2.282s] Level 1:colcon.colcon_core.package_identification:_identify(docker/development_docker/quanser_dev_docker_files/0_libraries/resources/pretrained_models) by extensions ['colcon_pkg']
[2.282s] Level 1:colcon.colcon_core.package_identification:_identify(docker/development_docker/quanser_dev_docker_files/0_libraries/resources/pretrained_models) by extension 'colcon_pkg'
[2.282s] Level 1:colcon.colcon_core.package_identification:_identify(docker/development_docker/quanser_dev_docker_files/0_libraries/resources/pretrained_models) by extensions ['colcon_meta']
[2.282s] Level 1:colcon.colcon_core.package_identification:_identify(docker/development_docker/quanser_dev_docker_files/0_libraries/resources/pretrained_models) by extension 'colcon_meta'
[2.282s] Level 1:colcon.colcon_core.package_identification:_identify(docker/development_docker/quanser_dev_docker_files/0_libraries/resources/pretrained_models) by extensions ['ros']
[2.282s] Level 1:colcon.colcon_core.package_identification:_identify(docker/development_docker/quanser_dev_docker_files/0_libraries/resources/pretrained_models) by extension 'ros'
[2.283s] Level 1:colcon.colcon_core.package_identification:_identify(docker/development_docker/quanser_dev_docker_files/0_libraries/resources/pretrained_models) by extensions ['cmake', 'python']
[2.283s] Level 1:colcon.colcon_core.package_identification:_identify(docker/development_docker/quanser_dev_docker_files/0_libraries/resources/pretrained_models) by extension 'cmake'
[2.283s] Level 1:colcon.colcon_core.package_identification:_identify(docker/development_docker/quanser_dev_docker_files/0_libraries/resources/pretrained_models) by extension 'python'
[2.283s] Level 1:colcon.colcon_core.package_identification:_identify(docker/development_docker/quanser_dev_docker_files/0_libraries/resources/pretrained_models) by extensions ['python_setup_py']
[2.283s] Level 1:colcon.colcon_core.package_identification:_identify(docker/development_docker/quanser_dev_docker_files/0_libraries/resources/pretrained_models) by extension 'python_setup_py'
[2.283s] Level 1:colcon.colcon_core.package_identification:_identify(docker/development_docker/quanser_dev_docker_files/0_libraries/resources/rt_models) by extensions ['ignore', 'ignore_ament_install']
[2.283s] Level 1:colcon.colcon_core.package_identification:_identify(docker/development_docker/quanser_dev_docker_files/0_libraries/resources/rt_models) by extension 'ignore'
[2.283s] Level 1:colcon.colcon_core.package_identification:_identify(docker/development_docker/quanser_dev_docker_files/0_libraries/resources/rt_models) by extension 'ignore_ament_install'
[2.283s] Level 1:colcon.colcon_core.package_identification:_identify(docker/development_docker/quanser_dev_docker_files/0_libraries/resources/rt_models) by extensions ['colcon_pkg']
[2.283s] Level 1:colcon.colcon_core.package_identification:_identify(docker/development_docker/quanser_dev_docker_files/0_libraries/resources/rt_models) by extension 'colcon_pkg'
[2.283s] Level 1:colcon.colcon_core.package_identification:_identify(docker/development_docker/quanser_dev_docker_files/0_libraries/resources/rt_models) by extensions ['colcon_meta']
[2.283s] Level 1:colcon.colcon_core.package_identification:_identify(docker/development_docker/quanser_dev_docker_files/0_libraries/resources/rt_models) by extension 'colcon_meta'
[2.283s] Level 1:colcon.colcon_core.package_identification:_identify(docker/development_docker/quanser_dev_docker_files/0_libraries/resources/rt_models) by extensions ['ros']
[2.283s] Level 1:colcon.colcon_core.package_identification:_identify(docker/development_docker/quanser_dev_docker_files/0_libraries/resources/rt_models) by extension 'ros'
[2.283s] Level 1:colcon.colcon_core.package_identification:_identify(docker/development_docker/quanser_dev_docker_files/0_libraries/resources/rt_models) by extensions ['cmake', 'python']
[2.283s] Level 1:colcon.colcon_core.package_identification:_identify(docker/development_docker/quanser_dev_docker_files/0_libraries/resources/rt_models) by extension 'cmake'
[2.283s] Level 1:colcon.colcon_core.package_identification:_identify(docker/development_docker/quanser_dev_docker_files/0_libraries/resources/rt_models) by extension 'python'
[2.283s] Level 1:colcon.colcon_core.package_identification:_identify(docker/development_docker/quanser_dev_docker_files/0_libraries/resources/rt_models) by extensions ['python_setup_py']
[2.283s] Level 1:colcon.colcon_core.package_identification:_identify(docker/development_docker/quanser_dev_docker_files/0_libraries/resources/rt_models) by extension 'python_setup_py'
[2.283s] Level 1:colcon.colcon_core.package_identification:_identify(docker/development_docker/quanser_dev_docker_files/0_libraries/resources/rt_models/QArm) by extensions ['ignore', 'ignore_ament_install']
[2.283s] Level 1:colcon.colcon_core.package_identification:_identify(docker/development_docker/quanser_dev_docker_files/0_libraries/resources/rt_models/QArm) by extension 'ignore'
[2.283s] Level 1:colcon.colcon_core.package_identification:_identify(docker/development_docker/quanser_dev_docker_files/0_libraries/resources/rt_models/QArm) by extension 'ignore_ament_install'
[2.283s] Level 1:colcon.colcon_core.package_identification:_identify(docker/development_docker/quanser_dev_docker_files/0_libraries/resources/rt_models/QArm) by extensions ['colcon_pkg']
[2.283s] Level 1:colcon.colcon_core.package_identification:_identify(docker/development_docker/quanser_dev_docker_files/0_libraries/resources/rt_models/QArm) by extension 'colcon_pkg'
[2.283s] Level 1:colcon.colcon_core.package_identification:_identify(docker/development_docker/quanser_dev_docker_files/0_libraries/resources/rt_models/QArm) by extensions ['colcon_meta']
[2.283s] Level 1:colcon.colcon_core.package_identification:_identify(docker/development_docker/quanser_dev_docker_files/0_libraries/resources/rt_models/QArm) by extension 'colcon_meta'
[2.283s] Level 1:colcon.colcon_core.package_identification:_identify(docker/development_docker/quanser_dev_docker_files/0_libraries/resources/rt_models/QArm) by extensions ['ros']
[2.283s] Level 1:colcon.colcon_core.package_identification:_identify(docker/development_docker/quanser_dev_docker_files/0_libraries/resources/rt_models/QArm) by extension 'ros'
[2.283s] Level 1:colcon.colcon_core.package_identification:_identify(docker/development_docker/quanser_dev_docker_files/0_libraries/resources/rt_models/QArm) by extensions ['cmake', 'python']
[2.284s] Level 1:colcon.colcon_core.package_identification:_identify(docker/development_docker/quanser_dev_docker_files/0_libraries/resources/rt_models/QArm) by extension 'cmake'
[2.284s] Level 1:colcon.colcon_core.package_identification:_identify(docker/development_docker/quanser_dev_docker_files/0_libraries/resources/rt_models/QArm) by extension 'python'
[2.284s] Level 1:colcon.colcon_core.package_identification:_identify(docker/development_docker/quanser_dev_docker_files/0_libraries/resources/rt_models/QArm) by extensions ['python_setup_py']
[2.284s] Level 1:colcon.colcon_core.package_identification:_identify(docker/development_docker/quanser_dev_docker_files/0_libraries/resources/rt_models/QArm) by extension 'python_setup_py'
[2.284s] Level 1:colcon.colcon_core.package_identification:_identify(docker/development_docker/quanser_dev_docker_files/0_libraries/resources/rt_models/QBotPlatform) by extensions ['ignore', 'ignore_ament_install']
[2.284s] Level 1:colcon.colcon_core.package_identification:_identify(docker/development_docker/quanser_dev_docker_files/0_libraries/resources/rt_models/QBotPlatform) by extension 'ignore'
[2.284s] Level 1:colcon.colcon_core.package_identification:_identify(docker/development_docker/quanser_dev_docker_files/0_libraries/resources/rt_models/QBotPlatform) by extension 'ignore_ament_install'
[2.284s] Level 1:colcon.colcon_core.package_identification:_identify(docker/development_docker/quanser_dev_docker_files/0_libraries/resources/rt_models/QBotPlatform) by extensions ['colcon_pkg']
[2.284s] Level 1:colcon.colcon_core.package_identification:_identify(docker/development_docker/quanser_dev_docker_files/0_libraries/resources/rt_models/QBotPlatform) by extension 'colcon_pkg'
[2.284s] Level 1:colcon.colcon_core.package_identification:_identify(docker/development_docker/quanser_dev_docker_files/0_libraries/resources/rt_models/QBotPlatform) by extensions ['colcon_meta']
[2.284s] Level 1:colcon.colcon_core.package_identification:_identify(docker/development_docker/quanser_dev_docker_files/0_libraries/resources/rt_models/QBotPlatform) by extension 'colcon_meta'
[2.284s] Level 1:colcon.colcon_core.package_identification:_identify(docker/development_docker/quanser_dev_docker_files/0_libraries/resources/rt_models/QBotPlatform) by extensions ['ros']
[2.284s] Level 1:colcon.colcon_core.package_identification:_identify(docker/development_docker/quanser_dev_docker_files/0_libraries/resources/rt_models/QBotPlatform) by extension 'ros'
[2.284s] Level 1:colcon.colcon_core.package_identification:_identify(docker/development_docker/quanser_dev_docker_files/0_libraries/resources/rt_models/QBotPlatform) by extensions ['cmake', 'python']
[2.284s] Level 1:colcon.colcon_core.package_identification:_identify(docker/development_docker/quanser_dev_docker_files/0_libraries/resources/rt_models/QBotPlatform) by extension 'cmake'
[2.284s] Level 1:colcon.colcon_core.package_identification:_identify(docker/development_docker/quanser_dev_docker_files/0_libraries/resources/rt_models/QBotPlatform) by extension 'python'
[2.284s] Level 1:colcon.colcon_core.package_identification:_identify(docker/development_docker/quanser_dev_docker_files/0_libraries/resources/rt_models/QBotPlatform) by extensions ['python_setup_py']
[2.284s] Level 1:colcon.colcon_core.package_identification:_identify(docker/development_docker/quanser_dev_docker_files/0_libraries/resources/rt_models/QBotPlatform) by extension 'python_setup_py'
[2.284s] Level 1:colcon.colcon_core.package_identification:_identify(docker/development_docker/quanser_dev_docker_files/0_libraries/resources/rt_models/QCar) by extensions ['ignore', 'ignore_ament_install']
[2.284s] Level 1:colcon.colcon_core.package_identification:_identify(docker/development_docker/quanser_dev_docker_files/0_libraries/resources/rt_models/QCar) by extension 'ignore'
[2.284s] Level 1:colcon.colcon_core.package_identification:_identify(docker/development_docker/quanser_dev_docker_files/0_libraries/resources/rt_models/QCar) by extension 'ignore_ament_install'
[2.284s] Level 1:colcon.colcon_core.package_identification:_identify(docker/development_docker/quanser_dev_docker_files/0_libraries/resources/rt_models/QCar) by extensions ['colcon_pkg']
[2.284s] Level 1:colcon.colcon_core.package_identification:_identify(docker/development_docker/quanser_dev_docker_files/0_libraries/resources/rt_models/QCar) by extension 'colcon_pkg'
[2.284s] Level 1:colcon.colcon_core.package_identification:_identify(docker/development_docker/quanser_dev_docker_files/0_libraries/resources/rt_models/QCar) by extensions ['colcon_meta']
[2.284s] Level 1:colcon.colcon_core.package_identification:_identify(docker/development_docker/quanser_dev_docker_files/0_libraries/resources/rt_models/QCar) by extension 'colcon_meta'
[2.284s] Level 1:colcon.colcon_core.package_identification:_identify(docker/development_docker/quanser_dev_docker_files/0_libraries/resources/rt_models/QCar) by extensions ['ros']
[2.284s] Level 1:colcon.colcon_core.package_identification:_identify(docker/development_docker/quanser_dev_docker_files/0_libraries/resources/rt_models/QCar) by extension 'ros'
[2.284s] Level 1:colcon.colcon_core.package_identification:_identify(docker/development_docker/quanser_dev_docker_files/0_libraries/resources/rt_models/QCar) by extensions ['cmake', 'python']
[2.284s] Level 1:colcon.colcon_core.package_identification:_identify(docker/development_docker/quanser_dev_docker_files/0_libraries/resources/rt_models/QCar) by extension 'cmake'
[2.284s] Level 1:colcon.colcon_core.package_identification:_identify(docker/development_docker/quanser_dev_docker_files/0_libraries/resources/rt_models/QCar) by extension 'python'
[2.285s] Level 1:colcon.colcon_core.package_identification:_identify(docker/development_docker/quanser_dev_docker_files/0_libraries/resources/rt_models/QCar) by extensions ['python_setup_py']
[2.285s] Level 1:colcon.colcon_core.package_identification:_identify(docker/development_docker/quanser_dev_docker_files/0_libraries/resources/rt_models/QCar) by extension 'python_setup_py'
[2.285s] Level 1:colcon.colcon_core.package_identification:_identify(docker/development_docker/quanser_dev_docker_files/0_libraries/resources/rt_models/QCar2) by extensions ['ignore', 'ignore_ament_install']
[2.285s] Level 1:colcon.colcon_core.package_identification:_identify(docker/development_docker/quanser_dev_docker_files/0_libraries/resources/rt_models/QCar2) by extension 'ignore'
[2.285s] Level 1:colcon.colcon_core.package_identification:_identify(docker/development_docker/quanser_dev_docker_files/0_libraries/resources/rt_models/QCar2) by extension 'ignore_ament_install'
[2.285s] Level 1:colcon.colcon_core.package_identification:_identify(docker/development_docker/quanser_dev_docker_files/0_libraries/resources/rt_models/QCar2) by extensions ['colcon_pkg']
[2.285s] Level 1:colcon.colcon_core.package_identification:_identify(docker/development_docker/quanser_dev_docker_files/0_libraries/resources/rt_models/QCar2) by extension 'colcon_pkg'
[2.285s] Level 1:colcon.colcon_core.package_identification:_identify(docker/development_docker/quanser_dev_docker_files/0_libraries/resources/rt_models/QCar2) by extensions ['colcon_meta']
[2.285s] Level 1:colcon.colcon_core.package_identification:_identify(docker/development_docker/quanser_dev_docker_files/0_libraries/resources/rt_models/QCar2) by extension 'colcon_meta'
[2.285s] Level 1:colcon.colcon_core.package_identification:_identify(docker/development_docker/quanser_dev_docker_files/0_libraries/resources/rt_models/QCar2) by extensions ['ros']
[2.285s] Level 1:colcon.colcon_core.package_identification:_identify(docker/development_docker/quanser_dev_docker_files/0_libraries/resources/rt_models/QCar2) by extension 'ros'
[2.285s] Level 1:colcon.colcon_core.package_identification:_identify(docker/development_docker/quanser_dev_docker_files/0_libraries/resources/rt_models/QCar2) by extensions ['cmake', 'python']
[2.285s] Level 1:colcon.colcon_core.package_identification:_identify(docker/development_docker/quanser_dev_docker_files/0_libraries/resources/rt_models/QCar2) by extension 'cmake'
[2.285s] Level 1:colcon.colcon_core.package_identification:_identify(docker/development_docker/quanser_dev_docker_files/0_libraries/resources/rt_models/QCar2) by extension 'python'
[2.285s] Level 1:colcon.colcon_core.package_identification:_identify(docker/development_docker/quanser_dev_docker_files/0_libraries/resources/rt_models/QCar2) by extensions ['python_setup_py']
[2.285s] Level 1:colcon.colcon_core.package_identification:_identify(docker/development_docker/quanser_dev_docker_files/0_libraries/resources/rt_models/QCar2) by extension 'python_setup_py'
[2.285s] Level 1:colcon.colcon_core.package_identification:_identify(docker/development_docker/quanser_dev_docker_files/0_libraries/resources/rt_models/QDrone2) by extensions ['ignore', 'ignore_ament_install']
[2.285s] Level 1:colcon.colcon_core.package_identification:_identify(docker/development_docker/quanser_dev_docker_files/0_libraries/resources/rt_models/QDrone2) by extension 'ignore'
[2.285s] Level 1:colcon.colcon_core.package_identification:_identify(docker/development_docker/quanser_dev_docker_files/0_libraries/resources/rt_models/QDrone2) by extension 'ignore_ament_install'
[2.285s] Level 1:colcon.colcon_core.package_identification:_identify(docker/development_docker/quanser_dev_docker_files/0_libraries/resources/rt_models/QDrone2) by extensions ['colcon_pkg']
[2.285s] Level 1:colcon.colcon_core.package_identification:_identify(docker/development_docker/quanser_dev_docker_files/0_libraries/resources/rt_models/QDrone2) by extension 'colcon_pkg'
[2.285s] Level 1:colcon.colcon_core.package_identification:_identify(docker/development_docker/quanser_dev_docker_files/0_libraries/resources/rt_models/QDrone2) by extensions ['colcon_meta']
[2.285s] Level 1:colcon.colcon_core.package_identification:_identify(docker/development_docker/quanser_dev_docker_files/0_libraries/resources/rt_models/QDrone2) by extension 'colcon_meta'
[2.285s] Level 1:colcon.colcon_core.package_identification:_identify(docker/development_docker/quanser_dev_docker_files/0_libraries/resources/rt_models/QDrone2) by extensions ['ros']
[2.285s] Level 1:colcon.colcon_core.package_identification:_identify(docker/development_docker/quanser_dev_docker_files/0_libraries/resources/rt_models/QDrone2) by extension 'ros'
[2.285s] Level 1:colcon.colcon_core.package_identification:_identify(docker/development_docker/quanser_dev_docker_files/0_libraries/resources/rt_models/QDrone2) by extensions ['cmake', 'python']
[2.285s] Level 1:colcon.colcon_core.package_identification:_identify(docker/development_docker/quanser_dev_docker_files/0_libraries/resources/rt_models/QDrone2) by extension 'cmake'
[2.285s] Level 1:colcon.colcon_core.package_identification:_identify(docker/development_docker/quanser_dev_docker_files/0_libraries/resources/rt_models/QDrone2) by extension 'python'
[2.285s] Level 1:colcon.colcon_core.package_identification:_identify(docker/development_docker/quanser_dev_docker_files/0_libraries/resources/rt_models/QDrone2) by extensions ['python_setup_py']
[2.285s] Level 1:colcon.colcon_core.package_identification:_identify(docker/development_docker/quanser_dev_docker_files/0_libraries/resources/rt_models/QDrone2) by extension 'python_setup_py'
[2.286s] Level 1:colcon.colcon_core.package_identification:_identify(docker/development_docker/quanser_dev_docker_files/debian) by extensions ['ignore', 'ignore_ament_install']
[2.286s] Level 1:colcon.colcon_core.package_identification:_identify(docker/development_docker/quanser_dev_docker_files/debian) by extension 'ignore'
[2.286s] Level 1:colcon.colcon_core.package_identification:_identify(docker/development_docker/quanser_dev_docker_files/debian) by extension 'ignore_ament_install'
[2.286s] Level 1:colcon.colcon_core.package_identification:_identify(docker/development_docker/quanser_dev_docker_files/debian) by extensions ['colcon_pkg']
[2.286s] Level 1:colcon.colcon_core.package_identification:_identify(docker/development_docker/quanser_dev_docker_files/debian) by extension 'colcon_pkg'
[2.286s] Level 1:colcon.colcon_core.package_identification:_identify(docker/development_docker/quanser_dev_docker_files/debian) by extensions ['colcon_meta']
[2.286s] Level 1:colcon.colcon_core.package_identification:_identify(docker/development_docker/quanser_dev_docker_files/debian) by extension 'colcon_meta'
[2.286s] Level 1:colcon.colcon_core.package_identification:_identify(docker/development_docker/quanser_dev_docker_files/debian) by extensions ['ros']
[2.286s] Level 1:colcon.colcon_core.package_identification:_identify(docker/development_docker/quanser_dev_docker_files/debian) by extension 'ros'
[2.286s] Level 1:colcon.colcon_core.package_identification:_identify(docker/development_docker/quanser_dev_docker_files/debian) by extensions ['cmake', 'python']
[2.286s] Level 1:colcon.colcon_core.package_identification:_identify(docker/development_docker/quanser_dev_docker_files/debian) by extension 'cmake'
[2.286s] Level 1:colcon.colcon_core.package_identification:_identify(docker/development_docker/quanser_dev_docker_files/debian) by extension 'python'
[2.286s] Level 1:colcon.colcon_core.package_identification:_identify(docker/development_docker/quanser_dev_docker_files/debian) by extensions ['python_setup_py']
[2.286s] Level 1:colcon.colcon_core.package_identification:_identify(docker/development_docker/quanser_dev_docker_files/debian) by extension 'python_setup_py'
[2.286s] Level 1:colcon.colcon_core.package_identification:_identify(docker/development_docker/quanser_dev_docker_files/miscs) by extensions ['ignore', 'ignore_ament_install']
[2.286s] Level 1:colcon.colcon_core.package_identification:_identify(docker/development_docker/quanser_dev_docker_files/miscs) by extension 'ignore'
[2.286s] Level 1:colcon.colcon_core.package_identification:_identify(docker/development_docker/quanser_dev_docker_files/miscs) by extension 'ignore_ament_install'
[2.286s] Level 1:colcon.colcon_core.package_identification:_identify(docker/development_docker/quanser_dev_docker_files/miscs) by extensions ['colcon_pkg']
[2.286s] Level 1:colcon.colcon_core.package_identification:_identify(docker/development_docker/quanser_dev_docker_files/miscs) by extension 'colcon_pkg'
[2.286s] Level 1:colcon.colcon_core.package_identification:_identify(docker/development_docker/quanser_dev_docker_files/miscs) by extensions ['colcon_meta']
[2.286s] Level 1:colcon.colcon_core.package_identification:_identify(docker/development_docker/quanser_dev_docker_files/miscs) by extension 'colcon_meta'
[2.286s] Level 1:colcon.colcon_core.package_identification:_identify(docker/development_docker/quanser_dev_docker_files/miscs) by extensions ['ros']
[2.286s] Level 1:colcon.colcon_core.package_identification:_identify(docker/development_docker/quanser_dev_docker_files/miscs) by extension 'ros'
[2.286s] Level 1:colcon.colcon_core.package_identification:_identify(docker/development_docker/quanser_dev_docker_files/miscs) by extensions ['cmake', 'python']
[2.286s] Level 1:colcon.colcon_core.package_identification:_identify(docker/development_docker/quanser_dev_docker_files/miscs) by extension 'cmake'
[2.286s] Level 1:colcon.colcon_core.package_identification:_identify(docker/development_docker/quanser_dev_docker_files/miscs) by extension 'python'
[2.286s] Level 1:colcon.colcon_core.package_identification:_identify(docker/development_docker/quanser_dev_docker_files/miscs) by extensions ['python_setup_py']
[2.286s] Level 1:colcon.colcon_core.package_identification:_identify(docker/development_docker/quanser_dev_docker_files/miscs) by extension 'python_setup_py'
[2.286s] Level 1:colcon.colcon_core.package_identification:_identify(docker/development_docker/scripts) by extensions ['ignore', 'ignore_ament_install']
[2.286s] Level 1:colcon.colcon_core.package_identification:_identify(docker/development_docker/scripts) by extension 'ignore'
[2.287s] Level 1:colcon.colcon_core.package_identification:_identify(docker/development_docker/scripts) by extension 'ignore_ament_install'
[2.287s] Level 1:colcon.colcon_core.package_identification:_identify(docker/development_docker/scripts) by extensions ['colcon_pkg']
[2.287s] Level 1:colcon.colcon_core.package_identification:_identify(docker/development_docker/scripts) by extension 'colcon_pkg'
[2.287s] Level 1:colcon.colcon_core.package_identification:_identify(docker/development_docker/scripts) by extensions ['colcon_meta']
[2.287s] Level 1:colcon.colcon_core.package_identification:_identify(docker/development_docker/scripts) by extension 'colcon_meta'
[2.287s] Level 1:colcon.colcon_core.package_identification:_identify(docker/development_docker/scripts) by extensions ['ros']
[2.287s] Level 1:colcon.colcon_core.package_identification:_identify(docker/development_docker/scripts) by extension 'ros'
[2.287s] Level 1:colcon.colcon_core.package_identification:_identify(docker/development_docker/scripts) by extensions ['cmake', 'python']
[2.287s] Level 1:colcon.colcon_core.package_identification:_identify(docker/development_docker/scripts) by extension 'cmake'
[2.287s] Level 1:colcon.colcon_core.package_identification:_identify(docker/development_docker/scripts) by extension 'python'
[2.287s] Level 1:colcon.colcon_core.package_identification:_identify(docker/development_docker/scripts) by extensions ['python_setup_py']
[2.287s] Level 1:colcon.colcon_core.package_identification:_identify(docker/development_docker/scripts) by extension 'python_setup_py'
[2.287s] Level 1:colcon.colcon_core.package_identification:_identify(docker/quanser_docker) by extensions ['ignore', 'ignore_ament_install']
[2.287s] Level 1:colcon.colcon_core.package_identification:_identify(docker/quanser_docker) by extension 'ignore'
[2.287s] Level 1:colcon.colcon_core.package_identification:_identify(docker/quanser_docker) by extension 'ignore_ament_install'
[2.287s] Level 1:colcon.colcon_core.package_identification:_identify(docker/quanser_docker) by extensions ['colcon_pkg']
[2.287s] Level 1:colcon.colcon_core.package_identification:_identify(docker/quanser_docker) by extension 'colcon_pkg'
[2.287s] Level 1:colcon.colcon_core.package_identification:_identify(docker/quanser_docker) by extensions ['colcon_meta']
[2.287s] Level 1:colcon.colcon_core.package_identification:_identify(docker/quanser_docker) by extension 'colcon_meta'
[2.287s] Level 1:colcon.colcon_core.package_identification:_identify(docker/quanser_docker) by extensions ['ros']
[2.287s] Level 1:colcon.colcon_core.package_identification:_identify(docker/quanser_docker) by extension 'ros'
[2.287s] Level 1:colcon.colcon_core.package_identification:_identify(docker/quanser_docker) by extensions ['cmake', 'python']
[2.287s] Level 1:colcon.colcon_core.package_identification:_identify(docker/quanser_docker) by extension 'cmake'
[2.287s] Level 1:colcon.colcon_core.package_identification:_identify(docker/quanser_docker) by extension 'python'
[2.287s] Level 1:colcon.colcon_core.package_identification:_identify(docker/quanser_docker) by extensions ['python_setup_py']
[2.287s] Level 1:colcon.colcon_core.package_identification:_identify(docker/quanser_docker) by extension 'python_setup_py'
[2.287s] Level 1:colcon.colcon_core.package_identification:_identify(docker/quanser_docker/misc) by extensions ['ignore', 'ignore_ament_install']
[2.287s] Level 1:colcon.colcon_core.package_identification:_identify(docker/quanser_docker/misc) by extension 'ignore'
[2.287s] Level 1:colcon.colcon_core.package_identification:_identify(docker/quanser_docker/misc) by extension 'ignore_ament_install'
[2.287s] Level 1:colcon.colcon_core.package_identification:_identify(docker/quanser_docker/misc) by extensions ['colcon_pkg']
[2.287s] Level 1:colcon.colcon_core.package_identification:_identify(docker/quanser_docker/misc) by extension 'colcon_pkg'
[2.288s] Level 1:colcon.colcon_core.package_identification:_identify(docker/quanser_docker/misc) by extensions ['colcon_meta']
[2.288s] Level 1:colcon.colcon_core.package_identification:_identify(docker/quanser_docker/misc) by extension 'colcon_meta'
[2.288s] Level 1:colcon.colcon_core.package_identification:_identify(docker/quanser_docker/misc) by extensions ['ros']
[2.288s] Level 1:colcon.colcon_core.package_identification:_identify(docker/quanser_docker/misc) by extension 'ros'
[2.288s] Level 1:colcon.colcon_core.package_identification:_identify(docker/quanser_docker/misc) by extensions ['cmake', 'python']
[2.288s] Level 1:colcon.colcon_core.package_identification:_identify(docker/quanser_docker/misc) by extension 'cmake'
[2.288s] Level 1:colcon.colcon_core.package_identification:_identify(docker/quanser_docker/misc) by extension 'python'
[2.288s] Level 1:colcon.colcon_core.package_identification:_identify(docker/quanser_docker/misc) by extensions ['python_setup_py']
[2.288s] Level 1:colcon.colcon_core.package_identification:_identify(docker/quanser_docker/misc) by extension 'python_setup_py'
[2.288s] Level 1:colcon.colcon_core.package_identification:_identify(docker/quanser_docker/python) by extensions ['ignore', 'ignore_ament_install']
[2.288s] Level 1:colcon.colcon_core.package_identification:_identify(docker/quanser_docker/python) by extension 'ignore'
[2.288s] Level 1:colcon.colcon_core.package_identification:_identify(docker/quanser_docker/python) by extension 'ignore_ament_install'
[2.288s] Level 1:colcon.colcon_core.package_identification:_identify(docker/quanser_docker/python) by extensions ['colcon_pkg']
[2.288s] Level 1:colcon.colcon_core.package_identification:_identify(docker/quanser_docker/python) by extension 'colcon_pkg'
[2.288s] Level 1:colcon.colcon_core.package_identification:_identify(docker/quanser_docker/python) by extensions ['colcon_meta']
[2.288s] Level 1:colcon.colcon_core.package_identification:_identify(docker/quanser_docker/python) by extension 'colcon_meta'
[2.288s] Level 1:colcon.colcon_core.package_identification:_identify(docker/quanser_docker/python) by extensions ['ros']
[2.288s] Level 1:colcon.colcon_core.package_identification:_identify(docker/quanser_docker/python) by extension 'ros'
[2.288s] Level 1:colcon.colcon_core.package_identification:_identify(docker/quanser_docker/python) by extensions ['cmake', 'python']
[2.288s] Level 1:colcon.colcon_core.package_identification:_identify(docker/quanser_docker/python) by extension 'cmake'
[2.288s] Level 1:colcon.colcon_core.package_identification:_identify(docker/quanser_docker/python) by extension 'python'
[2.288s] Level 1:colcon.colcon_core.package_identification:_identify(docker/quanser_docker/python) by extensions ['python_setup_py']
[2.288s] Level 1:colcon.colcon_core.package_identification:_identify(docker/quanser_docker/python) by extension 'python_setup_py'
[2.288s] Level 1:colcon.colcon_core.package_identification:_identify(docker/quanser_docker/python/Base_Scenarios_Python) by extensions ['ignore', 'ignore_ament_install']
[2.288s] Level 1:colcon.colcon_core.package_identification:_identify(docker/quanser_docker/python/Base_Scenarios_Python) by extension 'ignore'
[2.288s] Level 1:colcon.colcon_core.package_identification:_identify(docker/quanser_docker/python/Base_Scenarios_Python) by extension 'ignore_ament_install'
[2.288s] Level 1:colcon.colcon_core.package_identification:_identify(docker/quanser_docker/python/Base_Scenarios_Python) by extensions ['colcon_pkg']
[2.288s] Level 1:colcon.colcon_core.package_identification:_identify(docker/quanser_docker/python/Base_Scenarios_Python) by extension 'colcon_pkg'
[2.288s] Level 1:colcon.colcon_core.package_identification:_identify(docker/quanser_docker/python/Base_Scenarios_Python) by extensions ['colcon_meta']
[2.288s] Level 1:colcon.colcon_core.package_identification:_identify(docker/quanser_docker/python/Base_Scenarios_Python) by extension 'colcon_meta'
[2.288s] Level 1:colcon.colcon_core.package_identification:_identify(docker/quanser_docker/python/Base_Scenarios_Python) by extensions ['ros']
[2.289s] Level 1:colcon.colcon_core.package_identification:_identify(docker/quanser_docker/python/Base_Scenarios_Python) by extension 'ros'
[2.289s] Level 1:colcon.colcon_core.package_identification:_identify(docker/quanser_docker/python/Base_Scenarios_Python) by extensions ['cmake', 'python']
[2.289s] Level 1:colcon.colcon_core.package_identification:_identify(docker/quanser_docker/python/Base_Scenarios_Python) by extension 'cmake'
[2.289s] Level 1:colcon.colcon_core.package_identification:_identify(docker/quanser_docker/python/Base_Scenarios_Python) by extension 'python'
[2.289s] Level 1:colcon.colcon_core.package_identification:_identify(docker/quanser_docker/python/Base_Scenarios_Python) by extensions ['python_setup_py']
[2.289s] Level 1:colcon.colcon_core.package_identification:_identify(docker/quanser_docker/python/Base_Scenarios_Python) by extension 'python_setup_py'
[2.289s] Level 1:colcon.colcon_core.package_identification:_identify(docker/quanser_docker/qvl) by extensions ['ignore', 'ignore_ament_install']
[2.289s] Level 1:colcon.colcon_core.package_identification:_identify(docker/quanser_docker/qvl) by extension 'ignore'
[2.289s] Level 1:colcon.colcon_core.package_identification:_identify(docker/quanser_docker/qvl) by extension 'ignore_ament_install'
[2.289s] Level 1:colcon.colcon_core.package_identification:_identify(docker/quanser_docker/qvl) by extensions ['colcon_pkg']
[2.289s] Level 1:colcon.colcon_core.package_identification:_identify(docker/quanser_docker/qvl) by extension 'colcon_pkg'
[2.289s] Level 1:colcon.colcon_core.package_identification:_identify(docker/quanser_docker/qvl) by extensions ['colcon_meta']
[2.289s] Level 1:colcon.colcon_core.package_identification:_identify(docker/quanser_docker/qvl) by extension 'colcon_meta'
[2.289s] Level 1:colcon.colcon_core.package_identification:_identify(docker/quanser_docker/qvl) by extensions ['ros']
[2.289s] Level 1:colcon.colcon_core.package_identification:_identify(docker/quanser_docker/qvl) by extension 'ros'
[2.289s] Level 1:colcon.colcon_core.package_identification:_identify(docker/quanser_docker/qvl) by extensions ['cmake', 'python']
[2.289s] Level 1:colcon.colcon_core.package_identification:_identify(docker/quanser_docker/qvl) by extension 'cmake'
[2.289s] Level 1:colcon.colcon_core.package_identification:_identify(docker/quanser_docker/qvl) by extension 'python'
[2.289s] Level 1:colcon.colcon_core.package_identification:_identify(docker/quanser_docker/qvl) by extensions ['python_setup_py']
[2.289s] Level 1:colcon.colcon_core.package_identification:_identify(docker/quanser_docker/qvl) by extension 'python_setup_py'
[2.289s] Level 1:colcon.colcon_core.package_identification:_identify(install) by extensions ['ignore', 'ignore_ament_install']
[2.289s] Level 1:colcon.colcon_core.package_identification:_identify(install) by extension 'ignore'
[2.289s] Level 1:colcon.colcon_core.package_identification:_identify(install) ignored
[2.289s] Level 1:colcon.colcon_core.package_identification:_identify(isaac_ros_common) by extensions ['ignore', 'ignore_ament_install']
[2.289s] Level 1:colcon.colcon_core.package_identification:_identify(isaac_ros_common) by extension 'ignore'
[2.289s] Level 1:colcon.colcon_core.package_identification:_identify(isaac_ros_common) by extension 'ignore_ament_install'
[2.289s] Level 1:colcon.colcon_core.package_identification:_identify(isaac_ros_common) by extensions ['colcon_pkg']
[2.289s] Level 1:colcon.colcon_core.package_identification:_identify(isaac_ros_common) by extension 'colcon_pkg'
[2.289s] Level 1:colcon.colcon_core.package_identification:_identify(isaac_ros_common) by extensions ['colcon_meta']
[2.290s] Level 1:colcon.colcon_core.package_identification:_identify(isaac_ros_common) by extension 'colcon_meta'
[2.290s] Level 1:colcon.colcon_core.package_identification:_identify(isaac_ros_common) by extensions ['ros']
[2.290s] Level 1:colcon.colcon_core.package_identification:_identify(isaac_ros_common) by extension 'ros'
[2.290s] Level 1:colcon.colcon_core.package_identification:_identify(isaac_ros_common) by extensions ['cmake', 'python']
[2.290s] Level 1:colcon.colcon_core.package_identification:_identify(isaac_ros_common) by extension 'cmake'
[2.290s] Level 1:colcon.colcon_core.package_identification:_identify(isaac_ros_common) by extension 'python'
[2.290s] Level 1:colcon.colcon_core.package_identification:_identify(isaac_ros_common) by extensions ['python_setup_py']
[2.290s] Level 1:colcon.colcon_core.package_identification:_identify(isaac_ros_common) by extension 'python_setup_py'
[2.290s] Level 1:colcon.colcon_core.package_identification:_identify(isaac_ros_common/docker) by extensions ['ignore', 'ignore_ament_install']
[2.290s] Level 1:colcon.colcon_core.package_identification:_identify(isaac_ros_common/docker) by extension 'ignore'
[2.290s] Level 1:colcon.colcon_core.package_identification:_identify(isaac_ros_common/docker) by extension 'ignore_ament_install'
[2.290s] Level 1:colcon.colcon_core.package_identification:_identify(isaac_ros_common/docker) by extensions ['colcon_pkg']
[2.290s] Level 1:colcon.colcon_core.package_identification:_identify(isaac_ros_common/docker) by extension 'colcon_pkg'
[2.290s] Level 1:colcon.colcon_core.package_identification:_identify(isaac_ros_common/docker) by extensions ['colcon_meta']
[2.290s] Level 1:colcon.colcon_core.package_identification:_identify(isaac_ros_common/docker) by extension 'colcon_meta'
[2.290s] Level 1:colcon.colcon_core.package_identification:_identify(isaac_ros_common/docker) by extensions ['ros']
[2.290s] Level 1:colcon.colcon_core.package_identification:_identify(isaac_ros_common/docker) by extension 'ros'
[2.290s] Level 1:colcon.colcon_core.package_identification:_identify(isaac_ros_common/docker) by extensions ['cmake', 'python']
[2.290s] Level 1:colcon.colcon_core.package_identification:_identify(isaac_ros_common/docker) by extension 'cmake'
[2.290s] Level 1:colcon.colcon_core.package_identification:_identify(isaac_ros_common/docker) by extension 'python'
[2.290s] Level 1:colcon.colcon_core.package_identification:_identify(isaac_ros_common/docker) by extensions ['python_setup_py']
[2.290s] Level 1:colcon.colcon_core.package_identification:_identify(isaac_ros_common/docker) by extension 'python_setup_py'
[2.290s] Level 1:colcon.colcon_core.package_identification:_identify(isaac_ros_common/docker/middleware_profiles) by extensions ['ignore', 'ignore_ament_install']
[2.290s] Level 1:colcon.colcon_core.package_identification:_identify(isaac_ros_common/docker/middleware_profiles) by extension 'ignore'
[2.290s] Level 1:colcon.colcon_core.package_identification:_identify(isaac_ros_common/docker/middleware_profiles) by extension 'ignore_ament_install'
[2.290s] Level 1:colcon.colcon_core.package_identification:_identify(isaac_ros_common/docker/middleware_profiles) by extensions ['colcon_pkg']
[2.290s] Level 1:colcon.colcon_core.package_identification:_identify(isaac_ros_common/docker/middleware_profiles) by extension 'colcon_pkg'
[2.290s] Level 1:colcon.colcon_core.package_identification:_identify(isaac_ros_common/docker/middleware_profiles) by extensions ['colcon_meta']
[2.290s] Level 1:colcon.colcon_core.package_identification:_identify(isaac_ros_common/docker/middleware_profiles) by extension 'colcon_meta'
[2.290s] Level 1:colcon.colcon_core.package_identification:_identify(isaac_ros_common/docker/middleware_profiles) by extensions ['ros']
[2.290s] Level 1:colcon.colcon_core.package_identification:_identify(isaac_ros_common/docker/middleware_profiles) by extension 'ros'
[2.290s] Level 1:colcon.colcon_core.package_identification:_identify(isaac_ros_common/docker/middleware_profiles) by extensions ['cmake', 'python']
[2.291s] Level 1:colcon.colcon_core.package_identification:_identify(isaac_ros_common/docker/middleware_profiles) by extension 'cmake'
[2.291s] Level 1:colcon.colcon_core.package_identification:_identify(isaac_ros_common/docker/middleware_profiles) by extension 'python'
[2.291s] Level 1:colcon.colcon_core.package_identification:_identify(isaac_ros_common/docker/middleware_profiles) by extensions ['python_setup_py']
[2.291s] Level 1:colcon.colcon_core.package_identification:_identify(isaac_ros_common/docker/middleware_profiles) by extension 'python_setup_py'
[2.291s] Level 1:colcon.colcon_core.package_identification:_identify(isaac_ros_common/docker/patches) by extensions ['ignore', 'ignore_ament_install']
[2.291s] Level 1:colcon.colcon_core.package_identification:_identify(isaac_ros_common/docker/patches) by extension 'ignore'
[2.291s] Level 1:colcon.colcon_core.package_identification:_identify(isaac_ros_common/docker/patches) by extension 'ignore_ament_install'
[2.291s] Level 1:colcon.colcon_core.package_identification:_identify(isaac_ros_common/docker/patches) by extensions ['colcon_pkg']
[2.291s] Level 1:colcon.colcon_core.package_identification:_identify(isaac_ros_common/docker/patches) by extension 'colcon_pkg'
[2.291s] Level 1:colcon.colcon_core.package_identification:_identify(isaac_ros_common/docker/patches) by extensions ['colcon_meta']
[2.291s] Level 1:colcon.colcon_core.package_identification:_identify(isaac_ros_common/docker/patches) by extension 'colcon_meta'
[2.291s] Level 1:colcon.colcon_core.package_identification:_identify(isaac_ros_common/docker/patches) by extensions ['ros']
[2.291s] Level 1:colcon.colcon_core.package_identification:_identify(isaac_ros_common/docker/patches) by extension 'ros'
[2.291s] Level 1:colcon.colcon_core.package_identification:_identify(isaac_ros_common/docker/patches) by extensions ['cmake', 'python']
[2.291s] Level 1:colcon.colcon_core.package_identification:_identify(isaac_ros_common/docker/patches) by extension 'cmake'
[2.291s] Level 1:colcon.colcon_core.package_identification:_identify(isaac_ros_common/docker/patches) by extension 'python'
[2.291s] Level 1:colcon.colcon_core.package_identification:_identify(isaac_ros_common/docker/patches) by extensions ['python_setup_py']
[2.291s] Level 1:colcon.colcon_core.package_identification:_identify(isaac_ros_common/docker/patches) by extension 'python_setup_py'
[2.291s] Level 1:colcon.colcon_core.package_identification:_identify(isaac_ros_common/docker/scripts) by extensions ['ignore', 'ignore_ament_install']
[2.291s] Level 1:colcon.colcon_core.package_identification:_identify(isaac_ros_common/docker/scripts) by extension 'ignore'
[2.291s] Level 1:colcon.colcon_core.package_identification:_identify(isaac_ros_common/docker/scripts) by extension 'ignore_ament_install'
[2.291s] Level 1:colcon.colcon_core.package_identification:_identify(isaac_ros_common/docker/scripts) by extensions ['colcon_pkg']
[2.291s] Level 1:colcon.colcon_core.package_identification:_identify(isaac_ros_common/docker/scripts) by extension 'colcon_pkg'
[2.291s] Level 1:colcon.colcon_core.package_identification:_identify(isaac_ros_common/docker/scripts) by extensions ['colcon_meta']
[2.291s] Level 1:colcon.colcon_core.package_identification:_identify(isaac_ros_common/docker/scripts) by extension 'colcon_meta'
[2.291s] Level 1:colcon.colcon_core.package_identification:_identify(isaac_ros_common/docker/scripts) by extensions ['ros']
[2.291s] Level 1:colcon.colcon_core.package_identification:_identify(isaac_ros_common/docker/scripts) by extension 'ros'
[2.291s] Level 1:colcon.colcon_core.package_identification:_identify(isaac_ros_common/docker/scripts) by extensions ['cmake', 'python']
[2.291s] Level 1:colcon.colcon_core.package_identification:_identify(isaac_ros_common/docker/scripts) by extension 'cmake'
[2.291s] Level 1:colcon.colcon_core.package_identification:_identify(isaac_ros_common/docker/scripts) by extension 'python'
[2.291s] Level 1:colcon.colcon_core.package_identification:_identify(isaac_ros_common/docker/scripts) by extensions ['python_setup_py']
[2.291s] Level 1:colcon.colcon_core.package_identification:_identify(isaac_ros_common/docker/scripts) by extension 'python_setup_py'
[2.292s] Level 1:colcon.colcon_core.package_identification:_identify(isaac_ros_common/docker/tao) by extensions ['ignore', 'ignore_ament_install']
[2.292s] Level 1:colcon.colcon_core.package_identification:_identify(isaac_ros_common/docker/tao) by extension 'ignore'
[2.292s] Level 1:colcon.colcon_core.package_identification:_identify(isaac_ros_common/docker/tao) by extension 'ignore_ament_install'
[2.292s] Level 1:colcon.colcon_core.package_identification:_identify(isaac_ros_common/docker/tao) by extensions ['colcon_pkg']
[2.292s] Level 1:colcon.colcon_core.package_identification:_identify(isaac_ros_common/docker/tao) by extension 'colcon_pkg'
[2.292s] Level 1:colcon.colcon_core.package_identification:_identify(isaac_ros_common/docker/tao) by extensions ['colcon_meta']
[2.292s] Level 1:colcon.colcon_core.package_identification:_identify(isaac_ros_common/docker/tao) by extension 'colcon_meta'
[2.292s] Level 1:colcon.colcon_core.package_identification:_identify(isaac_ros_common/docker/tao) by extensions ['ros']
[2.292s] Level 1:colcon.colcon_core.package_identification:_identify(isaac_ros_common/docker/tao) by extension 'ros'
[2.292s] Level 1:colcon.colcon_core.package_identification:_identify(isaac_ros_common/docker/tao) by extensions ['cmake', 'python']
[2.292s] Level 1:colcon.colcon_core.package_identification:_identify(isaac_ros_common/docker/tao) by extension 'cmake'
[2.292s] Level 1:colcon.colcon_core.package_identification:_identify(isaac_ros_common/docker/tao) by extension 'python'
[2.292s] Level 1:colcon.colcon_core.package_identification:_identify(isaac_ros_common/docker/tao) by extensions ['python_setup_py']
[2.292s] Level 1:colcon.colcon_core.package_identification:_identify(isaac_ros_common/docker/tao) by extension 'python_setup_py'
[2.292s] Level 1:colcon.colcon_core.package_identification:_identify(isaac_ros_common/docker/udev_rules) by extensions ['ignore', 'ignore_ament_install']
[2.292s] Level 1:colcon.colcon_core.package_identification:_identify(isaac_ros_common/docker/udev_rules) by extension 'ignore'
[2.292s] Level 1:colcon.colcon_core.package_identification:_identify(isaac_ros_common/docker/udev_rules) by extension 'ignore_ament_install'
[2.292s] Level 1:colcon.colcon_core.package_identification:_identify(isaac_ros_common/docker/udev_rules) by extensions ['colcon_pkg']
[2.292s] Level 1:colcon.colcon_core.package_identification:_identify(isaac_ros_common/docker/udev_rules) by extension 'colcon_pkg'
[2.292s] Level 1:colcon.colcon_core.package_identification:_identify(isaac_ros_common/docker/udev_rules) by extensions ['colcon_meta']
[2.292s] Level 1:colcon.colcon_core.package_identification:_identify(isaac_ros_common/docker/udev_rules) by extension 'colcon_meta'
[2.292s] Level 1:colcon.colcon_core.package_identification:_identify(isaac_ros_common/docker/udev_rules) by extensions ['ros']
[2.292s] Level 1:colcon.colcon_core.package_identification:_identify(isaac_ros_common/docker/udev_rules) by extension 'ros'
[2.292s] Level 1:colcon.colcon_core.package_identification:_identify(isaac_ros_common/docker/udev_rules) by extensions ['cmake', 'python']
[2.292s] Level 1:colcon.colcon_core.package_identification:_identify(isaac_ros_common/docker/udev_rules) by extension 'cmake'
[2.292s] Level 1:colcon.colcon_core.package_identification:_identify(isaac_ros_common/docker/udev_rules) by extension 'python'
[2.292s] Level 1:colcon.colcon_core.package_identification:_identify(isaac_ros_common/docker/udev_rules) by extensions ['python_setup_py']
[2.292s] Level 1:colcon.colcon_core.package_identification:_identify(isaac_ros_common/docker/udev_rules) by extension 'python_setup_py'
[2.292s] Level 1:colcon.colcon_core.package_identification:_identify(isaac_ros_common/isaac_ros_apriltag_interfaces) by extensions ['ignore', 'ignore_ament_install']
[2.292s] Level 1:colcon.colcon_core.package_identification:_identify(isaac_ros_common/isaac_ros_apriltag_interfaces) by extension 'ignore'
[2.292s] Level 1:colcon.colcon_core.package_identification:_identify(isaac_ros_common/isaac_ros_apriltag_interfaces) by extension 'ignore_ament_install'
[2.293s] Level 1:colcon.colcon_core.package_identification:_identify(isaac_ros_common/isaac_ros_apriltag_interfaces) by extensions ['colcon_pkg']
[2.293s] Level 1:colcon.colcon_core.package_identification:_identify(isaac_ros_common/isaac_ros_apriltag_interfaces) by extension 'colcon_pkg'
[2.293s] Level 1:colcon.colcon_core.package_identification:_identify(isaac_ros_common/isaac_ros_apriltag_interfaces) by extensions ['colcon_meta']
[2.293s] Level 1:colcon.colcon_core.package_identification:_identify(isaac_ros_common/isaac_ros_apriltag_interfaces) by extension 'colcon_meta'
[2.293s] Level 1:colcon.colcon_core.package_identification:_identify(isaac_ros_common/isaac_ros_apriltag_interfaces) by extensions ['ros']
[2.293s] Level 1:colcon.colcon_core.package_identification:_identify(isaac_ros_common/isaac_ros_apriltag_interfaces) by extension 'ros'
[2.293s] DEBUG:colcon.colcon_core.package_identification:Package 'isaac_ros_common/isaac_ros_apriltag_interfaces' with type 'ros.ament_cmake' and name 'isaac_ros_apriltag_interfaces'
[2.293s] Level 1:colcon.colcon_core.package_identification:_identify(isaac_ros_common/isaac_ros_bi3d_interfaces) by extensions ['ignore', 'ignore_ament_install']
[2.294s] Level 1:colcon.colcon_core.package_identification:_identify(isaac_ros_common/isaac_ros_bi3d_interfaces) by extension 'ignore'
[2.294s] Level 1:colcon.colcon_core.package_identification:_identify(isaac_ros_common/isaac_ros_bi3d_interfaces) by extension 'ignore_ament_install'
[2.294s] Level 1:colcon.colcon_core.package_identification:_identify(isaac_ros_common/isaac_ros_bi3d_interfaces) by extensions ['colcon_pkg']
[2.294s] Level 1:colcon.colcon_core.package_identification:_identify(isaac_ros_common/isaac_ros_bi3d_interfaces) by extension 'colcon_pkg'
[2.294s] Level 1:colcon.colcon_core.package_identification:_identify(isaac_ros_common/isaac_ros_bi3d_interfaces) by extensions ['colcon_meta']
[2.294s] Level 1:colcon.colcon_core.package_identification:_identify(isaac_ros_common/isaac_ros_bi3d_interfaces) by extension 'colcon_meta'
[2.294s] Level 1:colcon.colcon_core.package_identification:_identify(isaac_ros_common/isaac_ros_bi3d_interfaces) by extensions ['ros']
[2.294s] Level 1:colcon.colcon_core.package_identification:_identify(isaac_ros_common/isaac_ros_bi3d_interfaces) by extension 'ros'
[2.294s] DEBUG:colcon.colcon_core.package_identification:Package 'isaac_ros_common/isaac_ros_bi3d_interfaces' with type 'ros.ament_cmake' and name 'isaac_ros_bi3d_interfaces'
[2.294s] Level 1:colcon.colcon_core.package_identification:_identify(isaac_ros_common/isaac_ros_common) by extensions ['ignore', 'ignore_ament_install']
[2.294s] Level 1:colcon.colcon_core.package_identification:_identify(isaac_ros_common/isaac_ros_common) by extension 'ignore'
[2.294s] Level 1:colcon.colcon_core.package_identification:_identify(isaac_ros_common/isaac_ros_common) by extension 'ignore_ament_install'
[2.294s] Level 1:colcon.colcon_core.package_identification:_identify(isaac_ros_common/isaac_ros_common) by extensions ['colcon_pkg']
[2.294s] Level 1:colcon.colcon_core.package_identification:_identify(isaac_ros_common/isaac_ros_common) by extension 'colcon_pkg'
[2.295s] Level 1:colcon.colcon_core.package_identification:_identify(isaac_ros_common/isaac_ros_common) by extensions ['colcon_meta']
[2.295s] Level 1:colcon.colcon_core.package_identification:_identify(isaac_ros_common/isaac_ros_common) by extension 'colcon_meta'
[2.295s] Level 1:colcon.colcon_core.package_identification:_identify(isaac_ros_common/isaac_ros_common) by extensions ['ros']
[2.295s] Level 1:colcon.colcon_core.package_identification:_identify(isaac_ros_common/isaac_ros_common) by extension 'ros'
[2.295s] DEBUG:colcon.colcon_core.package_identification:Package 'isaac_ros_common/isaac_ros_common' with type 'ros.ament_cmake' and name 'isaac_ros_common'
[2.295s] Level 1:colcon.colcon_core.package_identification:_identify(isaac_ros_common/isaac_ros_nitros_bridge_interfaces) by extensions ['ignore', 'ignore_ament_install']
[2.295s] Level 1:colcon.colcon_core.package_identification:_identify(isaac_ros_common/isaac_ros_nitros_bridge_interfaces) by extension 'ignore'
[2.295s] Level 1:colcon.colcon_core.package_identification:_identify(isaac_ros_common/isaac_ros_nitros_bridge_interfaces) by extension 'ignore_ament_install'
[2.295s] Level 1:colcon.colcon_core.package_identification:_identify(isaac_ros_common/isaac_ros_nitros_bridge_interfaces) by extensions ['colcon_pkg']
[2.295s] Level 1:colcon.colcon_core.package_identification:_identify(isaac_ros_common/isaac_ros_nitros_bridge_interfaces) by extension 'colcon_pkg'
[2.295s] Level 1:colcon.colcon_core.package_identification:_identify(isaac_ros_common/isaac_ros_nitros_bridge_interfaces) by extensions ['colcon_meta']
[2.295s] Level 1:colcon.colcon_core.package_identification:_identify(isaac_ros_common/isaac_ros_nitros_bridge_interfaces) by extension 'colcon_meta'
[2.295s] Level 1:colcon.colcon_core.package_identification:_identify(isaac_ros_common/isaac_ros_nitros_bridge_interfaces) by extensions ['ros']
[2.295s] Level 1:colcon.colcon_core.package_identification:_identify(isaac_ros_common/isaac_ros_nitros_bridge_interfaces) by extension 'ros'
[2.296s] DEBUG:colcon.colcon_core.package_identification:Package 'isaac_ros_common/isaac_ros_nitros_bridge_interfaces' with type 'ros.ament_cmake' and name 'isaac_ros_nitros_bridge_interfaces'
[2.296s] Level 1:colcon.colcon_core.package_identification:_identify(isaac_ros_common/isaac_ros_nova_interfaces) by extensions ['ignore', 'ignore_ament_install']
[2.296s] Level 1:colcon.colcon_core.package_identification:_identify(isaac_ros_common/isaac_ros_nova_interfaces) by extension 'ignore'
[2.296s] Level 1:colcon.colcon_core.package_identification:_identify(isaac_ros_common/isaac_ros_nova_interfaces) by extension 'ignore_ament_install'
[2.296s] Level 1:colcon.colcon_core.package_identification:_identify(isaac_ros_common/isaac_ros_nova_interfaces) by extensions ['colcon_pkg']
[2.296s] Level 1:colcon.colcon_core.package_identification:_identify(isaac_ros_common/isaac_ros_nova_interfaces) by extension 'colcon_pkg'
[2.296s] Level 1:colcon.colcon_core.package_identification:_identify(isaac_ros_common/isaac_ros_nova_interfaces) by extensions ['colcon_meta']
[2.296s] Level 1:colcon.colcon_core.package_identification:_identify(isaac_ros_common/isaac_ros_nova_interfaces) by extension 'colcon_meta'
[2.296s] Level 1:colcon.colcon_core.package_identification:_identify(isaac_ros_common/isaac_ros_nova_interfaces) by extensions ['ros']
[2.296s] Level 1:colcon.colcon_core.package_identification:_identify(isaac_ros_common/isaac_ros_nova_interfaces) by extension 'ros'
[2.297s] DEBUG:colcon.colcon_core.package_identification:Package 'isaac_ros_common/isaac_ros_nova_interfaces' with type 'ros.ament_cmake' and name 'isaac_ros_nova_interfaces'
[2.297s] Level 1:colcon.colcon_core.package_identification:_identify(isaac_ros_common/isaac_ros_pointcloud_interfaces) by extensions ['ignore', 'ignore_ament_install']
[2.297s] Level 1:colcon.colcon_core.package_identification:_identify(isaac_ros_common/isaac_ros_pointcloud_interfaces) by extension 'ignore'
[2.297s] Level 1:colcon.colcon_core.package_identification:_identify(isaac_ros_common/isaac_ros_pointcloud_interfaces) by extension 'ignore_ament_install'
[2.297s] Level 1:colcon.colcon_core.package_identification:_identify(isaac_ros_common/isaac_ros_pointcloud_interfaces) by extensions ['colcon_pkg']
[2.297s] Level 1:colcon.colcon_core.package_identification:_identify(isaac_ros_common/isaac_ros_pointcloud_interfaces) by extension 'colcon_pkg'
[2.297s] Level 1:colcon.colcon_core.package_identification:_identify(isaac_ros_common/isaac_ros_pointcloud_interfaces) by extensions ['colcon_meta']
[2.297s] Level 1:colcon.colcon_core.package_identification:_identify(isaac_ros_common/isaac_ros_pointcloud_interfaces) by extension 'colcon_meta'
[2.297s] Level 1:colcon.colcon_core.package_identification:_identify(isaac_ros_common/isaac_ros_pointcloud_interfaces) by extensions ['ros']
[2.297s] Level 1:colcon.colcon_core.package_identification:_identify(isaac_ros_common/isaac_ros_pointcloud_interfaces) by extension 'ros'
[2.297s] DEBUG:colcon.colcon_core.package_identification:Package 'isaac_ros_common/isaac_ros_pointcloud_interfaces' with type 'ros.ament_cmake' and name 'isaac_ros_pointcloud_interfaces'
[2.297s] Level 1:colcon.colcon_core.package_identification:_identify(isaac_ros_common/isaac_ros_tensor_list_interfaces) by extensions ['ignore', 'ignore_ament_install']
[2.297s] Level 1:colcon.colcon_core.package_identification:_identify(isaac_ros_common/isaac_ros_tensor_list_interfaces) by extension 'ignore'
[2.298s] Level 1:colcon.colcon_core.package_identification:_identify(isaac_ros_common/isaac_ros_tensor_list_interfaces) by extension 'ignore_ament_install'
[2.298s] Level 1:colcon.colcon_core.package_identification:_identify(isaac_ros_common/isaac_ros_tensor_list_interfaces) by extensions ['colcon_pkg']
[2.298s] Level 1:colcon.colcon_core.package_identification:_identify(isaac_ros_common/isaac_ros_tensor_list_interfaces) by extension 'colcon_pkg'
[2.298s] Level 1:colcon.colcon_core.package_identification:_identify(isaac_ros_common/isaac_ros_tensor_list_interfaces) by extensions ['colcon_meta']
[2.298s] Level 1:colcon.colcon_core.package_identification:_identify(isaac_ros_common/isaac_ros_tensor_list_interfaces) by extension 'colcon_meta'
[2.298s] Level 1:colcon.colcon_core.package_identification:_identify(isaac_ros_common/isaac_ros_tensor_list_interfaces) by extensions ['ros']
[2.298s] Level 1:colcon.colcon_core.package_identification:_identify(isaac_ros_common/isaac_ros_tensor_list_interfaces) by extension 'ros'
[2.298s] DEBUG:colcon.colcon_core.package_identification:Package 'isaac_ros_common/isaac_ros_tensor_list_interfaces' with type 'ros.ament_cmake' and name 'isaac_ros_tensor_list_interfaces'
[2.298s] Level 1:colcon.colcon_core.package_identification:_identify(isaac_ros_common/isaac_ros_test) by extensions ['ignore', 'ignore_ament_install']
[2.298s] Level 1:colcon.colcon_core.package_identification:_identify(isaac_ros_common/isaac_ros_test) by extension 'ignore'
[2.298s] Level 1:colcon.colcon_core.package_identification:_identify(isaac_ros_common/isaac_ros_test) by extension 'ignore_ament_install'
[2.298s] Level 1:colcon.colcon_core.package_identification:_identify(isaac_ros_common/isaac_ros_test) by extensions ['colcon_pkg']
[2.298s] Level 1:colcon.colcon_core.package_identification:_identify(isaac_ros_common/isaac_ros_test) by extension 'colcon_pkg'
[2.298s] Level 1:colcon.colcon_core.package_identification:_identify(isaac_ros_common/isaac_ros_test) by extensions ['colcon_meta']
[2.298s] Level 1:colcon.colcon_core.package_identification:_identify(isaac_ros_common/isaac_ros_test) by extension 'colcon_meta'
[2.298s] Level 1:colcon.colcon_core.package_identification:_identify(isaac_ros_common/isaac_ros_test) by extensions ['ros']
[2.298s] Level 1:colcon.colcon_core.package_identification:_identify(isaac_ros_common/isaac_ros_test) by extension 'ros'
[2.299s] DEBUG:colcon.colcon_core.package_identification:Package 'isaac_ros_common/isaac_ros_test' with type 'ros.ament_python' and name 'isaac_ros_test'
[2.299s] Level 1:colcon.colcon_core.package_identification:_identify(isaac_ros_common/scripts) by extensions ['ignore', 'ignore_ament_install']
[2.299s] Level 1:colcon.colcon_core.package_identification:_identify(isaac_ros_common/scripts) by extension 'ignore'
[2.299s] Level 1:colcon.colcon_core.package_identification:_identify(isaac_ros_common/scripts) by extension 'ignore_ament_install'
[2.299s] Level 1:colcon.colcon_core.package_identification:_identify(isaac_ros_common/scripts) by extensions ['colcon_pkg']
[2.299s] Level 1:colcon.colcon_core.package_identification:_identify(isaac_ros_common/scripts) by extension 'colcon_pkg'
[2.299s] Level 1:colcon.colcon_core.package_identification:_identify(isaac_ros_common/scripts) by extensions ['colcon_meta']
[2.299s] Level 1:colcon.colcon_core.package_identification:_identify(isaac_ros_common/scripts) by extension 'colcon_meta'
[2.299s] Level 1:colcon.colcon_core.package_identification:_identify(isaac_ros_common/scripts) by extensions ['ros']
[2.299s] Level 1:colcon.colcon_core.package_identification:_identify(isaac_ros_common/scripts) by extension 'ros'
[2.299s] Level 1:colcon.colcon_core.package_identification:_identify(isaac_ros_common/scripts) by extensions ['cmake', 'python']
[2.299s] Level 1:colcon.colcon_core.package_identification:_identify(isaac_ros_common/scripts) by extension 'cmake'
[2.299s] Level 1:colcon.colcon_core.package_identification:_identify(isaac_ros_common/scripts) by extension 'python'
[2.299s] Level 1:colcon.colcon_core.package_identification:_identify(isaac_ros_common/scripts) by extensions ['python_setup_py']
[2.299s] Level 1:colcon.colcon_core.package_identification:_identify(isaac_ros_common/scripts) by extension 'python_setup_py'
[2.300s] Level 1:colcon.colcon_core.package_identification:_identify(isaac_ros_common/scripts/utils) by extensions ['ignore', 'ignore_ament_install']
[2.300s] Level 1:colcon.colcon_core.package_identification:_identify(isaac_ros_common/scripts/utils) by extension 'ignore'
[2.300s] Level 1:colcon.colcon_core.package_identification:_identify(isaac_ros_common/scripts/utils) by extension 'ignore_ament_install'
[2.300s] Level 1:colcon.colcon_core.package_identification:_identify(isaac_ros_common/scripts/utils) by extensions ['colcon_pkg']
[2.300s] Level 1:colcon.colcon_core.package_identification:_identify(isaac_ros_common/scripts/utils) by extension 'colcon_pkg'
[2.300s] Level 1:colcon.colcon_core.package_identification:_identify(isaac_ros_common/scripts/utils) by extensions ['colcon_meta']
[2.300s] Level 1:colcon.colcon_core.package_identification:_identify(isaac_ros_common/scripts/utils) by extension 'colcon_meta'
[2.300s] Level 1:colcon.colcon_core.package_identification:_identify(isaac_ros_common/scripts/utils) by extensions ['ros']
[2.300s] Level 1:colcon.colcon_core.package_identification:_identify(isaac_ros_common/scripts/utils) by extension 'ros'
[2.300s] Level 1:colcon.colcon_core.package_identification:_identify(isaac_ros_common/scripts/utils) by extensions ['cmake', 'python']
[2.300s] Level 1:colcon.colcon_core.package_identification:_identify(isaac_ros_common/scripts/utils) by extension 'cmake'
[2.300s] Level 1:colcon.colcon_core.package_identification:_identify(isaac_ros_common/scripts/utils) by extension 'python'
[2.300s] Level 1:colcon.colcon_core.package_identification:_identify(isaac_ros_common/scripts/utils) by extensions ['python_setup_py']
[2.300s] Level 1:colcon.colcon_core.package_identification:_identify(isaac_ros_common/scripts/utils) by extension 'python_setup_py'
[2.300s] Level 1:colcon.colcon_core.package_identification:_identify(log) by extensions ['ignore', 'ignore_ament_install']
[2.300s] Level 1:colcon.colcon_core.package_identification:_identify(log) by extension 'ignore'
[2.300s] Level 1:colcon.colcon_core.package_identification:_identify(log) ignored
[2.300s] Level 1:colcon.colcon_core.package_discovery:discover_packages(recursive) using defaults
[2.300s] Level 1:colcon.colcon_core.package_discovery:discover_packages(ignore) discover
[2.300s] Level 1:colcon.colcon_core.package_discovery:discover_packages(ignore) using defaults
[2.300s] Level 1:colcon.colcon_core.package_discovery:discover_packages(path) discover
[2.300s] Level 1:colcon.colcon_core.package_discovery:discover_packages(path) using defaults
[2.358s] Level 1:colcon.colcon_core.package_discovery:discover_packages(prefix_path) check parameters
[2.358s] Level 1:colcon.colcon_core.package_discovery:discover_packages(prefix_path) discover
[2.375s] DEBUG:colcon.colcon_installed_package_information.package_discovery:Found 18 installed packages in /workspace/cartographer_ws/install
[2.383s] DEBUG:colcon.colcon_installed_package_information.package_discovery:Found 289 installed packages in /opt/ros/humble
[2.384s] Level 1:colcon.colcon_core.package_discovery:discover_packages(prefix_path) using defaults
[2.474s] Level 5:colcon.colcon_core.verb:set package 'isaac_ros_common' build argument 'cmake_args' from command line to 'None'
[2.474s] Level 5:colcon.colcon_core.verb:set package 'isaac_ros_common' build argument 'cmake_target' from command line to 'None'
[2.474s] Level 5:colcon.colcon_core.verb:set package 'isaac_ros_common' build argument 'cmake_target_skip_unavailable' from command line to 'False'
[2.474s] Level 5:colcon.colcon_core.verb:set package 'isaac_ros_common' build argument 'cmake_clean_cache' from command line to 'False'
[2.474s] Level 5:colcon.colcon_core.verb:set package 'isaac_ros_common' build argument 'cmake_clean_first' from command line to 'False'
[2.474s] Level 5:colcon.colcon_core.verb:set package 'isaac_ros_common' build argument 'cmake_force_configure' from command line to 'False'
[2.474s] Level 5:colcon.colcon_core.verb:set package 'isaac_ros_common' build argument 'ament_cmake_args' from command line to 'None'
[2.474s] Level 5:colcon.colcon_core.verb:set package 'isaac_ros_common' build argument 'catkin_cmake_args' from command line to 'None'
[2.474s] Level 5:colcon.colcon_core.verb:set package 'isaac_ros_common' build argument 'catkin_skip_building_tests' from command line to 'False'
[2.474s] DEBUG:colcon.colcon_core.verb:Building package 'isaac_ros_common' with the following arguments: {'ament_cmake_args': None, 'build_base': '/workspaces/isaac_ros-dev/build/isaac_ros_common', 'catkin_cmake_args': None, 'catkin_skip_building_tests': False, 'cmake_args': None, 'cmake_clean_cache': False, 'cmake_clean_first': False, 'cmake_force_configure': False, 'cmake_target': None, 'cmake_target_skip_unavailable': False, 'install_base': '/workspaces/isaac_ros-dev/install/isaac_ros_common', 'merge_install': False, 'path': '/workspaces/isaac_ros-dev/isaac_ros_common/isaac_ros_common', 'symlink_install': False, 'test_result_base': None}
[2.483s] Level 5:colcon.colcon_core.verb:set package 'isaac_ros_test' build argument 'cmake_args' from command line to 'None'
[2.483s] Level 5:colcon.colcon_core.verb:set package 'isaac_ros_test' build argument 'cmake_target' from command line to 'None'
[2.483s] Level 5:colcon.colcon_core.verb:set package 'isaac_ros_test' build argument 'cmake_target_skip_unavailable' from command line to 'False'
[2.483s] Level 5:colcon.colcon_core.verb:set package 'isaac_ros_test' build argument 'cmake_clean_cache' from command line to 'False'
[2.483s] Level 5:colcon.colcon_core.verb:set package 'isaac_ros_test' build argument 'cmake_clean_first' from command line to 'False'
[2.483s] Level 5:colcon.colcon_core.verb:set package 'isaac_ros_test' build argument 'cmake_force_configure' from command line to 'False'
[2.483s] Level 5:colcon.colcon_core.verb:set package 'isaac_ros_test' build argument 'ament_cmake_args' from command line to 'None'
[2.483s] Level 5:colcon.colcon_core.verb:set package 'isaac_ros_test' build argument 'catkin_cmake_args' from command line to 'None'
[2.483s] Level 5:colcon.colcon_core.verb:set package 'isaac_ros_test' build argument 'catkin_skip_building_tests' from command line to 'False'
[2.483s] DEBUG:colcon.colcon_core.verb:Building package 'isaac_ros_test' with the following arguments: {'ament_cmake_args': None, 'build_base': '/workspaces/isaac_ros-dev/build/isaac_ros_test', 'catkin_cmake_args': None, 'catkin_skip_building_tests': False, 'cmake_args': None, 'cmake_clean_cache': False, 'cmake_clean_first': False, 'cmake_force_configure': False, 'cmake_target': None, 'cmake_target_skip_unavailable': False, 'install_base': '/workspaces/isaac_ros-dev/install/isaac_ros_test', 'merge_install': False, 'path': '/workspaces/isaac_ros-dev/isaac_ros_common/isaac_ros_test', 'symlink_install': False, 'test_result_base': None}
[2.491s] Level 5:colcon.colcon_core.verb:set package 'qcar2_interfaces' build argument 'cmake_args' from command line to 'None'
[2.491s] Level 5:colcon.colcon_core.verb:set package 'qcar2_interfaces' build argument 'cmake_target' from command line to 'None'
[2.491s] Level 5:colcon.colcon_core.verb:set package 'qcar2_interfaces' build argument 'cmake_target_skip_unavailable' from command line to 'False'
[2.491s] Level 5:colcon.colcon_core.verb:set package 'qcar2_interfaces' build argument 'cmake_clean_cache' from command line to 'False'
[2.491s] Level 5:colcon.colcon_core.verb:set package 'qcar2_interfaces' build argument 'cmake_clean_first' from command line to 'False'
[2.491s] Level 5:colcon.colcon_core.verb:set package 'qcar2_interfaces' build argument 'cmake_force_configure' from command line to 'False'
[2.491s] Level 5:colcon.colcon_core.verb:set package 'qcar2_interfaces' build argument 'ament_cmake_args' from command line to 'None'
[2.491s] Level 5:colcon.colcon_core.verb:set package 'qcar2_interfaces' build argument 'catkin_cmake_args' from command line to 'None'
[2.491s] Level 5:colcon.colcon_core.verb:set package 'qcar2_interfaces' build argument 'catkin_skip_building_tests' from command line to 'False'
[2.491s] DEBUG:colcon.colcon_core.verb:Building package 'qcar2_interfaces' with the following arguments: {'ament_cmake_args': None, 'build_base': '/workspaces/isaac_ros-dev/build/qcar2_interfaces', 'catkin_cmake_args': None, 'catkin_skip_building_tests': False, 'cmake_args': None, 'cmake_clean_cache': False, 'cmake_clean_first': False, 'cmake_force_configure': False, 'cmake_target': None, 'cmake_target_skip_unavailable': False, 'install_base': '/workspaces/isaac_ros-dev/install/qcar2_interfaces', 'merge_install': False, 'path': '/workspaces/isaac_ros-dev/Development/ros2/src/qcar2_interfaces', 'symlink_install': False, 'test_result_base': None}
[2.498s] Level 5:colcon.colcon_core.verb:set package 'qcar2_perception' build argument 'cmake_args' from command line to 'None'
[2.498s] Level 5:colcon.colcon_core.verb:set package 'qcar2_perception' build argument 'cmake_target' from command line to 'None'
[2.498s] Level 5:colcon.colcon_core.verb:set package 'qcar2_perception' build argument 'cmake_target_skip_unavailable' from command line to 'False'
[2.498s] Level 5:colcon.colcon_core.verb:set package 'qcar2_perception' build argument 'cmake_clean_cache' from command line to 'False'
[2.498s] Level 5:colcon.colcon_core.verb:set package 'qcar2_perception' build argument 'cmake_clean_first' from command line to 'False'
[2.498s] Level 5:colcon.colcon_core.verb:set package 'qcar2_perception' build argument 'cmake_force_configure' from command line to 'False'
[2.498s] Level 5:colcon.colcon_core.verb:set package 'qcar2_perception' build argument 'ament_cmake_args' from command line to 'None'
[2.498s] Level 5:colcon.colcon_core.verb:set package 'qcar2_perception' build argument 'catkin_cmake_args' from command line to 'None'
[2.498s] Level 5:colcon.colcon_core.verb:set package 'qcar2_perception' build argument 'catkin_skip_building_tests' from command line to 'False'
[2.498s] DEBUG:colcon.colcon_core.verb:Building package 'qcar2_perception' with the following arguments: {'ament_cmake_args': None, 'build_base': '/workspaces/isaac_ros-dev/build/qcar2_perception', 'catkin_cmake_args': None, 'catkin_skip_building_tests': False, 'cmake_args': None, 'cmake_clean_cache': False, 'cmake_clean_first': False, 'cmake_force_configure': False, 'cmake_target': None, 'cmake_target_skip_unavailable': False, 'install_base': '/workspaces/isaac_ros-dev/install/qcar2_perception', 'merge_install': False, 'path': '/workspaces/isaac_ros-dev/Development/ros2/src/qcar2_perception', 'symlink_install': False, 'test_result_base': None}
[2.506s] Level 5:colcon.colcon_core.verb:set package 'isaac_ros_apriltag_interfaces' build argument 'cmake_args' from command line to 'None'
[2.506s] Level 5:colcon.colcon_core.verb:set package 'isaac_ros_apriltag_interfaces' build argument 'cmake_target' from command line to 'None'
[2.506s] Level 5:colcon.colcon_core.verb:set package 'isaac_ros_apriltag_interfaces' build argument 'cmake_target_skip_unavailable' from command line to 'False'
[2.506s] Level 5:colcon.colcon_core.verb:set package 'isaac_ros_apriltag_interfaces' build argument 'cmake_clean_cache' from command line to 'False'
[2.506s] Level 5:colcon.colcon_core.verb:set package 'isaac_ros_apriltag_interfaces' build argument 'cmake_clean_first' from command line to 'False'
[2.506s] Level 5:colcon.colcon_core.verb:set package 'isaac_ros_apriltag_interfaces' build argument 'cmake_force_configure' from command line to 'False'
[2.506s] Level 5:colcon.colcon_core.verb:set package 'isaac_ros_apriltag_interfaces' build argument 'ament_cmake_args' from command line to 'None'
[2.506s] Level 5:colcon.colcon_core.verb:set package 'isaac_ros_apriltag_interfaces' build argument 'catkin_cmake_args' from command line to 'None'
[2.506s] Level 5:colcon.colcon_core.verb:set package 'isaac_ros_apriltag_interfaces' build argument 'catkin_skip_building_tests' from command line to 'False'
[2.506s] DEBUG:colcon.colcon_core.verb:Building package 'isaac_ros_apriltag_interfaces' with the following arguments: {'ament_cmake_args': None, 'build_base': '/workspaces/isaac_ros-dev/build/isaac_ros_apriltag_interfaces', 'catkin_cmake_args': None, 'catkin_skip_building_tests': False, 'cmake_args': None, 'cmake_clean_cache': False, 'cmake_clean_first': False, 'cmake_force_configure': False, 'cmake_target': None, 'cmake_target_skip_unavailable': False, 'install_base': '/workspaces/isaac_ros-dev/install/isaac_ros_apriltag_interfaces', 'merge_install': False, 'path': '/workspaces/isaac_ros-dev/isaac_ros_common/isaac_ros_apriltag_interfaces', 'symlink_install': False, 'test_result_base': None}
[2.513s] Level 5:colcon.colcon_core.verb:set package 'isaac_ros_bi3d_interfaces' build argument 'cmake_args' from command line to 'None'
[2.513s] Level 5:colcon.colcon_core.verb:set package 'isaac_ros_bi3d_interfaces' build argument 'cmake_target' from command line to 'None'
[2.513s] Level 5:colcon.colcon_core.verb:set package 'isaac_ros_bi3d_interfaces' build argument 'cmake_target_skip_unavailable' from command line to 'False'
[2.513s] Level 5:colcon.colcon_core.verb:set package 'isaac_ros_bi3d_interfaces' build argument 'cmake_clean_cache' from command line to 'False'
[2.513s] Level 5:colcon.colcon_core.verb:set package 'isaac_ros_bi3d_interfaces' build argument 'cmake_clean_first' from command line to 'False'
[2.513s] Level 5:colcon.colcon_core.verb:set package 'isaac_ros_bi3d_interfaces' build argument 'cmake_force_configure' from command line to 'False'
[2.513s] Level 5:colcon.colcon_core.verb:set package 'isaac_ros_bi3d_interfaces' build argument 'ament_cmake_args' from command line to 'None'
[2.513s] Level 5:colcon.colcon_core.verb:set package 'isaac_ros_bi3d_interfaces' build argument 'catkin_cmake_args' from command line to 'None'
[2.513s] Level 5:colcon.colcon_core.verb:set package 'isaac_ros_bi3d_interfaces' build argument 'catkin_skip_building_tests' from command line to 'False'
[2.513s] DEBUG:colcon.colcon_core.verb:Building package 'isaac_ros_bi3d_interfaces' with the following arguments: {'ament_cmake_args': None, 'build_base': '/workspaces/isaac_ros-dev/build/isaac_ros_bi3d_interfaces', 'catkin_cmake_args': None, 'catkin_skip_building_tests': False, 'cmake_args': None, 'cmake_clean_cache': False, 'cmake_clean_first': False, 'cmake_force_configure': False, 'cmake_target': None, 'cmake_target_skip_unavailable': False, 'install_base': '/workspaces/isaac_ros-dev/install/isaac_ros_bi3d_interfaces', 'merge_install': False, 'path': '/workspaces/isaac_ros-dev/isaac_ros_common/isaac_ros_bi3d_interfaces', 'symlink_install': False, 'test_result_base': None}
[2.521s] Level 5:colcon.colcon_core.verb:set package 'isaac_ros_nitros_bridge_interfaces' build argument 'cmake_args' from command line to 'None'
[2.521s] Level 5:colcon.colcon_core.verb:set package 'isaac_ros_nitros_bridge_interfaces' build argument 'cmake_target' from command line to 'None'
[2.521s] Level 5:colcon.colcon_core.verb:set package 'isaac_ros_nitros_bridge_interfaces' build argument 'cmake_target_skip_unavailable' from command line to 'False'
[2.521s] Level 5:colcon.colcon_core.verb:set package 'isaac_ros_nitros_bridge_interfaces' build argument 'cmake_clean_cache' from command line to 'False'
[2.521s] Level 5:colcon.colcon_core.verb:set package 'isaac_ros_nitros_bridge_interfaces' build argument 'cmake_clean_first' from command line to 'False'
[2.521s] Level 5:colcon.colcon_core.verb:set package 'isaac_ros_nitros_bridge_interfaces' build argument 'cmake_force_configure' from command line to 'False'
[2.521s] Level 5:colcon.colcon_core.verb:set package 'isaac_ros_nitros_bridge_interfaces' build argument 'ament_cmake_args' from command line to 'None'
[2.521s] Level 5:colcon.colcon_core.verb:set package 'isaac_ros_nitros_bridge_interfaces' build argument 'catkin_cmake_args' from command line to 'None'
[2.521s] Level 5:colcon.colcon_core.verb:set package 'isaac_ros_nitros_bridge_interfaces' build argument 'catkin_skip_building_tests' from command line to 'False'
[2.521s] DEBUG:colcon.colcon_core.verb:Building package 'isaac_ros_nitros_bridge_interfaces' with the following arguments: {'ament_cmake_args': None, 'build_base': '/workspaces/isaac_ros-dev/build/isaac_ros_nitros_bridge_interfaces', 'catkin_cmake_args': None, 'catkin_skip_building_tests': False, 'cmake_args': None, 'cmake_clean_cache': False, 'cmake_clean_first': False, 'cmake_force_configure': False, 'cmake_target': None, 'cmake_target_skip_unavailable': False, 'install_base': '/workspaces/isaac_ros-dev/install/isaac_ros_nitros_bridge_interfaces', 'merge_install': False, 'path': '/workspaces/isaac_ros-dev/isaac_ros_common/isaac_ros_nitros_bridge_interfaces', 'symlink_install': False, 'test_result_base': None}
[2.528s] Level 5:colcon.colcon_core.verb:set package 'isaac_ros_nova_interfaces' build argument 'cmake_args' from command line to 'None'
[2.528s] Level 5:colcon.colcon_core.verb:set package 'isaac_ros_nova_interfaces' build argument 'cmake_target' from command line to 'None'
[2.528s] Level 5:colcon.colcon_core.verb:set package 'isaac_ros_nova_interfaces' build argument 'cmake_target_skip_unavailable' from command line to 'False'
[2.528s] Level 5:colcon.colcon_core.verb:set package 'isaac_ros_nova_interfaces' build argument 'cmake_clean_cache' from command line to 'False'
[2.528s] Level 5:colcon.colcon_core.verb:set package 'isaac_ros_nova_interfaces' build argument 'cmake_clean_first' from command line to 'False'
[2.528s] Level 5:colcon.colcon_core.verb:set package 'isaac_ros_nova_interfaces' build argument 'cmake_force_configure' from command line to 'False'
[2.528s] Level 5:colcon.colcon_core.verb:set package 'isaac_ros_nova_interfaces' build argument 'ament_cmake_args' from command line to 'None'
[2.528s] Level 5:colcon.colcon_core.verb:set package 'isaac_ros_nova_interfaces' build argument 'catkin_cmake_args' from command line to 'None'
[2.528s] Level 5:colcon.colcon_core.verb:set package 'isaac_ros_nova_interfaces' build argument 'catkin_skip_building_tests' from command line to 'False'
[2.528s] DEBUG:colcon.colcon_core.verb:Building package 'isaac_ros_nova_interfaces' with the following arguments: {'ament_cmake_args': None, 'build_base': '/workspaces/isaac_ros-dev/build/isaac_ros_nova_interfaces', 'catkin_cmake_args': None, 'catkin_skip_building_tests': False, 'cmake_args': None, 'cmake_clean_cache': False, 'cmake_clean_first': False, 'cmake_force_configure': False, 'cmake_target': None, 'cmake_target_skip_unavailable': False, 'install_base': '/workspaces/isaac_ros-dev/install/isaac_ros_nova_interfaces', 'merge_install': False, 'path': '/workspaces/isaac_ros-dev/isaac_ros_common/isaac_ros_nova_interfaces', 'symlink_install': False, 'test_result_base': None}
[2.535s] Level 5:colcon.colcon_core.verb:set package 'isaac_ros_pointcloud_interfaces' build argument 'cmake_args' from command line to 'None'
[2.535s] Level 5:colcon.colcon_core.verb:set package 'isaac_ros_pointcloud_interfaces' build argument 'cmake_target' from command line to 'None'
[2.535s] Level 5:colcon.colcon_core.verb:set package 'isaac_ros_pointcloud_interfaces' build argument 'cmake_target_skip_unavailable' from command line to 'False'
[2.535s] Level 5:colcon.colcon_core.verb:set package 'isaac_ros_pointcloud_interfaces' build argument 'cmake_clean_cache' from command line to 'False'
[2.535s] Level 5:colcon.colcon_core.verb:set package 'isaac_ros_pointcloud_interfaces' build argument 'cmake_clean_first' from command line to 'False'
[2.536s] Level 5:colcon.colcon_core.verb:set package 'isaac_ros_pointcloud_interfaces' build argument 'cmake_force_configure' from command line to 'False'
[2.536s] Level 5:colcon.colcon_core.verb:set package 'isaac_ros_pointcloud_interfaces' build argument 'ament_cmake_args' from command line to 'None'
[2.536s] Level 5:colcon.colcon_core.verb:set package 'isaac_ros_pointcloud_interfaces' build argument 'catkin_cmake_args' from command line to 'None'
[2.536s] Level 5:colcon.colcon_core.verb:set package 'isaac_ros_pointcloud_interfaces' build argument 'catkin_skip_building_tests' from command line to 'False'
[2.536s] DEBUG:colcon.colcon_core.verb:Building package 'isaac_ros_pointcloud_interfaces' with the following arguments: {'ament_cmake_args': None, 'build_base': '/workspaces/isaac_ros-dev/build/isaac_ros_pointcloud_interfaces', 'catkin_cmake_args': None, 'catkin_skip_building_tests': False, 'cmake_args': None, 'cmake_clean_cache': False, 'cmake_clean_first': False, 'cmake_force_configure': False, 'cmake_target': None, 'cmake_target_skip_unavailable': False, 'install_base': '/workspaces/isaac_ros-dev/install/isaac_ros_pointcloud_interfaces', 'merge_install': False, 'path': '/workspaces/isaac_ros-dev/isaac_ros_common/isaac_ros_pointcloud_interfaces', 'symlink_install': False, 'test_result_base': None}
[2.543s] Level 5:colcon.colcon_core.verb:set package 'isaac_ros_tensor_list_interfaces' build argument 'cmake_args' from command line to 'None'
[2.543s] Level 5:colcon.colcon_core.verb:set package 'isaac_ros_tensor_list_interfaces' build argument 'cmake_target' from command line to 'None'
[2.543s] Level 5:colcon.colcon_core.verb:set package 'isaac_ros_tensor_list_interfaces' build argument 'cmake_target_skip_unavailable' from command line to 'False'
[2.543s] Level 5:colcon.colcon_core.verb:set package 'isaac_ros_tensor_list_interfaces' build argument 'cmake_clean_cache' from command line to 'False'
[2.543s] Level 5:colcon.colcon_core.verb:set package 'isaac_ros_tensor_list_interfaces' build argument 'cmake_clean_first' from command line to 'False'
[2.543s] Level 5:colcon.colcon_core.verb:set package 'isaac_ros_tensor_list_interfaces' build argument 'cmake_force_configure' from command line to 'False'
[2.543s] Level 5:colcon.colcon_core.verb:set package 'isaac_ros_tensor_list_interfaces' build argument 'ament_cmake_args' from command line to 'None'
[2.543s] Level 5:colcon.colcon_core.verb:set package 'isaac_ros_tensor_list_interfaces' build argument 'catkin_cmake_args' from command line to 'None'
[2.543s] Level 5:colcon.colcon_core.verb:set package 'isaac_ros_tensor_list_interfaces' build argument 'catkin_skip_building_tests' from command line to 'False'
[2.543s] DEBUG:colcon.colcon_core.verb:Building package 'isaac_ros_tensor_list_interfaces' with the following arguments: {'ament_cmake_args': None, 'build_base': '/workspaces/isaac_ros-dev/build/isaac_ros_tensor_list_interfaces', 'catkin_cmake_args': None, 'catkin_skip_building_tests': False, 'cmake_args': None, 'cmake_clean_cache': False, 'cmake_clean_first': False, 'cmake_force_configure': False, 'cmake_target': None, 'cmake_target_skip_unavailable': False, 'install_base': '/workspaces/isaac_ros-dev/install/isaac_ros_tensor_list_interfaces', 'merge_install': False, 'path': '/workspaces/isaac_ros-dev/isaac_ros_common/isaac_ros_tensor_list_interfaces', 'symlink_install': False, 'test_result_base': None}
[2.550s] Level 5:colcon.colcon_core.verb:set package 'qcar2_autonomy' build argument 'cmake_args' from command line to 'None'
[2.550s] Level 5:colcon.colcon_core.verb:set package 'qcar2_autonomy' build argument 'cmake_target' from command line to 'None'
[2.550s] Level 5:colcon.colcon_core.verb:set package 'qcar2_autonomy' build argument 'cmake_target_skip_unavailable' from command line to 'False'
[2.550s] Level 5:colcon.colcon_core.verb:set package 'qcar2_autonomy' build argument 'cmake_clean_cache' from command line to 'False'
[2.550s] Level 5:colcon.colcon_core.verb:set package 'qcar2_autonomy' build argument 'cmake_clean_first' from command line to 'False'
[2.550s] Level 5:colcon.colcon_core.verb:set package 'qcar2_autonomy' build argument 'cmake_force_configure' from command line to 'False'
[2.550s] Level 5:colcon.colcon_core.verb:set package 'qcar2_autonomy' build argument 'ament_cmake_args' from command line to 'None'
[2.550s] Level 5:colcon.colcon_core.verb:set package 'qcar2_autonomy' build argument 'catkin_cmake_args' from command line to 'None'
[2.550s] Level 5:colcon.colcon_core.verb:set package 'qcar2_autonomy' build argument 'catkin_skip_building_tests' from command line to 'False'
[2.550s] DEBUG:colcon.colcon_core.verb:Building package 'qcar2_autonomy' with the following arguments: {'ament_cmake_args': None, 'build_base': '/workspaces/isaac_ros-dev/build/qcar2_autonomy', 'catkin_cmake_args': None, 'catkin_skip_building_tests': False, 'cmake_args': None, 'cmake_clean_cache': False, 'cmake_clean_first': False, 'cmake_force_configure': False, 'cmake_target': None, 'cmake_target_skip_unavailable': False, 'install_base': '/workspaces/isaac_ros-dev/install/qcar2_autonomy', 'merge_install': False, 'path': '/workspaces/isaac_ros-dev/Development/ros2/src/qcar2_autonomy', 'symlink_install': False, 'test_result_base': None}
[2.558s] Level 5:colcon.colcon_core.verb:set package 'qcar2_nodes' build argument 'cmake_args' from command line to 'None'
[2.558s] Level 5:colcon.colcon_core.verb:set package 'qcar2_nodes' build argument 'cmake_target' from command line to 'None'
[2.558s] Level 5:colcon.colcon_core.verb:set package 'qcar2_nodes' build argument 'cmake_target_skip_unavailable' from command line to 'False'
[2.558s] Level 5:colcon.colcon_core.verb:set package 'qcar2_nodes' build argument 'cmake_clean_cache' from command line to 'False'
[2.558s] Level 5:colcon.colcon_core.verb:set package 'qcar2_nodes' build argument 'cmake_clean_first' from command line to 'False'
[2.558s] Level 5:colcon.colcon_core.verb:set package 'qcar2_nodes' build argument 'cmake_force_configure' from command line to 'False'
[2.558s] Level 5:colcon.colcon_core.verb:set package 'qcar2_nodes' build argument 'ament_cmake_args' from command line to 'None'
[2.558s] Level 5:colcon.colcon_core.verb:set package 'qcar2_nodes' build argument 'catkin_cmake_args' from command line to 'None'
[2.558s] Level 5:colcon.colcon_core.verb:set package 'qcar2_nodes' build argument 'catkin_skip_building_tests' from command line to 'False'
[2.558s] DEBUG:colcon.colcon_core.verb:Building package 'qcar2_nodes' with the following arguments: {'ament_cmake_args': None, 'build_base': '/workspaces/isaac_ros-dev/build/qcar2_nodes', 'catkin_cmake_args': None, 'catkin_skip_building_tests': False, 'cmake_args': None, 'cmake_clean_cache': False, 'cmake_clean_first': False, 'cmake_force_configure': False, 'cmake_target': None, 'cmake_target_skip_unavailable': False, 'install_base': '/workspaces/isaac_ros-dev/install/qcar2_nodes', 'merge_install': False, 'path': '/workspaces/isaac_ros-dev/Development/ros2/src/qcar2_nodes', 'symlink_install': False, 'test_result_base': None}
[2.565s] INFO:colcon.colcon_core.executor:Executing jobs using 'parallel' executor
[2.573s] DEBUG:colcon.colcon_parallel_executor.executor.parallel:run_until_complete
[2.574s] INFO:colcon.colcon_ros.task.ament_cmake.build:Building ROS package in '/workspaces/isaac_ros-dev/isaac_ros_common/isaac_ros_common' with build type 'ament_cmake'
[2.574s] INFO:colcon.colcon_cmake.task.cmake.build:Building CMake package in '/workspaces/isaac_ros-dev/isaac_ros_common/isaac_ros_common'
[2.584s] INFO:colcon.colcon_core.plugin_system:Skipping extension 'colcon_core.shell.bat': Not used on non-Windows systems
[2.584s] INFO:colcon.colcon_core.shell:Skip shell extension 'powershell' for command environment: Not usable outside of PowerShell
[2.584s] DEBUG:colcon.colcon_core.shell:Skip shell extension 'dsv' for command environment
[2.614s] INFO:colcon.colcon_ros.task.ament_cmake.build:Building ROS package in '/workspaces/isaac_ros-dev/Development/ros2/src/qcar2_interfaces' with build type 'ament_cmake'
[2.614s] INFO:colcon.colcon_cmake.task.cmake.build:Building CMake package in '/workspaces/isaac_ros-dev/Development/ros2/src/qcar2_interfaces'
[2.624s] INFO:colcon.colcon_core.shell:Skip shell extension 'powershell' for command environment: Not usable outside of PowerShell
[2.624s] DEBUG:colcon.colcon_core.shell:Skip shell extension 'dsv' for command environment
[2.653s] INFO:colcon.colcon_ros.task.ament_python.build:Building ROS package in '/workspaces/isaac_ros-dev/isaac_ros_common/isaac_ros_test' with build type 'ament_python'
[2.654s] Level 1:colcon.colcon_core.shell:create_environment_hook('isaac_ros_test', 'ament_prefix_path')
[2.663s] INFO:colcon.colcon_core.shell:Creating environment hook '/workspaces/isaac_ros-dev/install/isaac_ros_test/share/isaac_ros_test/hook/ament_prefix_path.ps1'
[2.664s] INFO:colcon.colcon_core.shell:Creating environment descriptor '/workspaces/isaac_ros-dev/install/isaac_ros_test/share/isaac_ros_test/hook/ament_prefix_path.dsv'
[2.664s] INFO:colcon.colcon_core.shell:Creating environment hook '/workspaces/isaac_ros-dev/install/isaac_ros_test/share/isaac_ros_test/hook/ament_prefix_path.sh'
[2.672s] INFO:colcon.colcon_core.shell:Skip shell extension 'powershell' for command environment: Not usable outside of PowerShell
[2.672s] DEBUG:colcon.colcon_core.shell:Skip shell extension 'dsv' for command environment
[2.702s] INFO:colcon.colcon_ros.task.ament_python.build:Building ROS package in '/workspaces/isaac_ros-dev/Development/ros2/src/qcar2_perception' with build type 'ament_python'
[2.703s] Level 1:colcon.colcon_core.shell:create_environment_hook('qcar2_perception', 'ament_prefix_path')
[2.712s] INFO:colcon.colcon_core.shell:Creating environment hook '/workspaces/isaac_ros-dev/install/qcar2_perception/share/qcar2_perception/hook/ament_prefix_path.ps1'
[2.712s] INFO:colcon.colcon_core.shell:Creating environment descriptor '/workspaces/isaac_ros-dev/install/qcar2_perception/share/qcar2_perception/hook/ament_prefix_path.dsv'
[2.713s] INFO:colcon.colcon_core.shell:Creating environment hook '/workspaces/isaac_ros-dev/install/qcar2_perception/share/qcar2_perception/hook/ament_prefix_path.sh'
[2.721s] INFO:colcon.colcon_core.shell:Skip shell extension 'powershell' for command environment: Not usable outside of PowerShell
[2.721s] DEBUG:colcon.colcon_core.shell:Skip shell extension 'dsv' for command environment
[2.759s] DEBUG:colcon.colcon_core.event_handler.log_command:Invoking command in '/workspaces/isaac_ros-dev/build/isaac_ros_common': CMAKE_PREFIX_PATH=${CMAKE_PREFIX_PATH}:/workspace/cartographer_ws/install/isaac_ros_test:/opt/ros/humble _=/usr/bin/env /usr/bin/cmake /workspaces/isaac_ros-dev/isaac_ros_common/isaac_ros_common -DCMAKE_INSTALL_PREFIX=/workspaces/isaac_ros-dev/install/isaac_ros_common
[2.763s] DEBUG:colcon.colcon_core.event_handler.log_command:Invoking command in '/workspaces/isaac_ros-dev/build/qcar2_interfaces': CMAKE_PREFIX_PATH=${CMAKE_PREFIX_PATH}:/workspace/cartographer_ws/install/isaac_ros_test:/opt/ros/humble _=/usr/bin/env /usr/bin/cmake /workspaces/isaac_ros-dev/Development/ros2/src/qcar2_interfaces -DCMAKE_INSTALL_PREFIX=/workspaces/isaac_ros-dev/install/qcar2_interfaces
[3.170s] INFO:colcon.colcon_core.task.python.build:Building Python package in '/workspaces/isaac_ros-dev/isaac_ros_common/isaac_ros_test'
[3.180s] INFO:colcon.colcon_core.shell:Skip shell extension 'powershell' for command environment: Not usable outside of PowerShell
[3.180s] DEBUG:colcon.colcon_core.shell:Skip shell extension 'dsv' for command environment
[3.609s] INFO:colcon.colcon_core.task.python.build:Building Python package in '/workspaces/isaac_ros-dev/Development/ros2/src/qcar2_perception'
[3.618s] INFO:colcon.colcon_core.shell:Skip shell extension 'powershell' for command environment: Not usable outside of PowerShell
[3.618s] DEBUG:colcon.colcon_core.shell:Skip shell extension 'dsv' for command environment
[4.384s] DEBUG:colcon.colcon_core.event_handler.log_command:Invoking command in '/workspaces/isaac_ros-dev/isaac_ros_common/isaac_ros_test': PYTHONPATH=/workspaces/isaac_ros-dev/build/isaac_ros_test/prefix_override:/workspaces/isaac_ros-dev/install/isaac_ros_test/lib/python3.8/site-packages:${PYTHONPATH} _=/usr/bin/env /usr/bin/python3 setup.py egg_info --egg-base ../../build/isaac_ros_test build --build-base /workspaces/isaac_ros-dev/build/isaac_ros_test/build install --record /workspaces/isaac_ros-dev/build/isaac_ros_test/install.log --single-version-externally-managed
[4.407s] DEBUG:colcon.colcon_core.event_handler.log_command:Invoking command in '/workspaces/isaac_ros-dev/Development/ros2/src/qcar2_perception': PYTHONPATH=/workspaces/isaac_ros-dev/build/qcar2_perception/prefix_override:/workspaces/isaac_ros-dev/install/qcar2_perception/lib/python3.8/site-packages:${PYTHONPATH} _=/usr/bin/env /usr/bin/python3 setup.py egg_info --egg-base ../../../../build/qcar2_perception build --build-base /workspaces/isaac_ros-dev/build/qcar2_perception/build install --record /workspaces/isaac_ros-dev/build/qcar2_perception/install.log --single-version-externally-managed
[4.964s] DEBUG:colcon.colcon_core.event_handler.log_command:Invoked command in '/workspaces/isaac_ros-dev/Development/ros2/src/qcar2_perception' returned '0': PYTHONPATH=/workspaces/isaac_ros-dev/build/qcar2_perception/prefix_override:/workspaces/isaac_ros-dev/install/qcar2_perception/lib/python3.8/site-packages:${PYTHONPATH} _=/usr/bin/env /usr/bin/python3 setup.py egg_info --egg-base ../../../../build/qcar2_perception build --build-base /workspaces/isaac_ros-dev/build/qcar2_perception/build install --record /workspaces/isaac_ros-dev/build/qcar2_perception/install.log --single-version-externally-managed
[4.982s] Level 1:colcon.colcon_core.environment:checking '/workspaces/isaac_ros-dev/install/qcar2_perception' for CMake module files
[4.983s] Level 1:colcon.colcon_core.environment:checking '/workspaces/isaac_ros-dev/install/qcar2_perception' for CMake config files
[4.984s] Level 1:colcon.colcon_core.environment:checking '/workspaces/isaac_ros-dev/install/qcar2_perception/lib'
[4.984s] Level 1:colcon.colcon_core.environment:checking '/workspaces/isaac_ros-dev/install/qcar2_perception/bin'
[4.984s] Level 1:colcon.colcon_core.environment:checking '/workspaces/isaac_ros-dev/install/qcar2_perception/lib/pkgconfig/qcar2_perception.pc'
[4.985s] Level 1:colcon.colcon_core.environment:checking '/workspaces/isaac_ros-dev/install/qcar2_perception/lib/python3.8/site-packages'
[4.985s] Level 1:colcon.colcon_core.shell:create_environment_hook('qcar2_perception', 'pythonpath')
[5.001s] INFO:colcon.colcon_core.shell:Creating environment hook '/workspaces/isaac_ros-dev/install/qcar2_perception/share/qcar2_perception/hook/pythonpath.ps1'
[5.002s] INFO:colcon.colcon_core.shell:Creating environment descriptor '/workspaces/isaac_ros-dev/install/qcar2_perception/share/qcar2_perception/hook/pythonpath.dsv'
[5.002s] INFO:colcon.colcon_core.shell:Creating environment hook '/workspaces/isaac_ros-dev/install/qcar2_perception/share/qcar2_perception/hook/pythonpath.sh'
[5.003s] Level 1:colcon.colcon_core.environment:checking '/workspaces/isaac_ros-dev/install/qcar2_perception/bin'
[5.003s] Level 1:colcon.colcon_core.environment:create_environment_scripts_only(qcar2_perception)
[5.018s] INFO:colcon.colcon_core.shell:Creating package script '/workspaces/isaac_ros-dev/install/qcar2_perception/share/qcar2_perception/package.ps1'
[5.019s] INFO:colcon.colcon_core.shell:Creating package descriptor '/workspaces/isaac_ros-dev/install/qcar2_perception/share/qcar2_perception/package.dsv'
[5.020s] INFO:colcon.colcon_core.shell:Creating package script '/workspaces/isaac_ros-dev/install/qcar2_perception/share/qcar2_perception/package.sh'
[5.021s] INFO:colcon.colcon_core.shell:Creating package script '/workspaces/isaac_ros-dev/install/qcar2_perception/share/qcar2_perception/package.bash'
[5.021s] INFO:colcon.colcon_core.shell:Creating package script '/workspaces/isaac_ros-dev/install/qcar2_perception/share/qcar2_perception/package.zsh'
[5.022s] Level 1:colcon.colcon_core.environment:create_file_with_runtime_dependencies(/workspaces/isaac_ros-dev/install/qcar2_perception/share/colcon-core/packages/qcar2_perception)
[5.025s] DEBUG:colcon.colcon_core.event_handler.log_command:Invoked command in '/workspaces/isaac_ros-dev/isaac_ros_common/isaac_ros_test' returned '0': PYTHONPATH=/workspaces/isaac_ros-dev/build/isaac_ros_test/prefix_override:/workspaces/isaac_ros-dev/install/isaac_ros_test/lib/python3.8/site-packages:${PYTHONPATH} _=/usr/bin/env /usr/bin/python3 setup.py egg_info --egg-base ../../build/isaac_ros_test build --build-base /workspaces/isaac_ros-dev/build/isaac_ros_test/build install --record /workspaces/isaac_ros-dev/build/isaac_ros_test/install.log --single-version-externally-managed
[5.040s] Level 1:colcon.colcon_core.environment:checking '/workspaces/isaac_ros-dev/install/isaac_ros_test' for CMake module files
[5.040s] Level 1:colcon.colcon_core.environment:checking '/workspaces/isaac_ros-dev/install/isaac_ros_test' for CMake config files
[5.041s] Level 1:colcon.colcon_core.environment:checking '/workspaces/isaac_ros-dev/install/isaac_ros_test/lib'
[5.041s] Level 1:colcon.colcon_core.environment:checking '/workspaces/isaac_ros-dev/install/isaac_ros_test/bin'
[5.041s] Level 1:colcon.colcon_core.environment:checking '/workspaces/isaac_ros-dev/install/isaac_ros_test/lib/pkgconfig/isaac_ros_test.pc'
[5.041s] Level 1:colcon.colcon_core.environment:checking '/workspaces/isaac_ros-dev/install/isaac_ros_test/lib/python3.8/site-packages'
[5.042s] Level 1:colcon.colcon_core.shell:create_environment_hook('isaac_ros_test', 'pythonpath')
[5.056s] INFO:colcon.colcon_core.shell:Creating environment hook '/workspaces/isaac_ros-dev/install/isaac_ros_test/share/isaac_ros_test/hook/pythonpath.ps1'
[5.057s] INFO:colcon.colcon_core.shell:Creating environment descriptor '/workspaces/isaac_ros-dev/install/isaac_ros_test/share/isaac_ros_test/hook/pythonpath.dsv'
[5.058s] INFO:colcon.colcon_core.shell:Creating environment hook '/workspaces/isaac_ros-dev/install/isaac_ros_test/share/isaac_ros_test/hook/pythonpath.sh'
[5.058s] Level 1:colcon.colcon_core.environment:checking '/workspaces/isaac_ros-dev/install/isaac_ros_test/bin'
[5.058s] Level 1:colcon.colcon_core.environment:create_environment_scripts_only(isaac_ros_test)
[5.074s] INFO:colcon.colcon_core.shell:Creating package script '/workspaces/isaac_ros-dev/install/isaac_ros_test/share/isaac_ros_test/package.ps1'
[5.075s] INFO:colcon.colcon_core.shell:Creating package descriptor '/workspaces/isaac_ros-dev/install/isaac_ros_test/share/isaac_ros_test/package.dsv'
[5.075s] INFO:colcon.colcon_core.shell:Creating package script '/workspaces/isaac_ros-dev/install/isaac_ros_test/share/isaac_ros_test/package.sh'
[5.076s] INFO:colcon.colcon_core.shell:Creating package script '/workspaces/isaac_ros-dev/install/isaac_ros_test/share/isaac_ros_test/package.bash'
[5.076s] INFO:colcon.colcon_core.shell:Creating package script '/workspaces/isaac_ros-dev/install/isaac_ros_test/share/isaac_ros_test/package.zsh'
[5.076s] Level 1:colcon.colcon_core.environment:create_file_with_runtime_dependencies(/workspaces/isaac_ros-dev/install/isaac_ros_test/share/colcon-core/packages/isaac_ros_test)
[5.503s] DEBUG:colcon.colcon_core.event_handler.log_command:Invoked command in '/workspaces/isaac_ros-dev/build/qcar2_interfaces' returned '0': CMAKE_PREFIX_PATH=${CMAKE_PREFIX_PATH}:/workspace/cartographer_ws/install/isaac_ros_test:/opt/ros/humble _=/usr/bin/env /usr/bin/cmake /workspaces/isaac_ros-dev/Development/ros2/src/qcar2_interfaces -DCMAKE_INSTALL_PREFIX=/workspaces/isaac_ros-dev/install/qcar2_interfaces
[5.508s] DEBUG:colcon.colcon_core.event_handler.log_command:Invoking command in '/workspaces/isaac_ros-dev/build/qcar2_interfaces': CMAKE_PREFIX_PATH=${CMAKE_PREFIX_PATH}:/workspace/cartographer_ws/install/isaac_ros_test:/opt/ros/humble _=/usr/bin/env /usr/bin/cmake --build /workspaces/isaac_ros-dev/build/qcar2_interfaces -- -j24 -l24
[5.949s] DEBUG:colcon.colcon_core.event_handler.log_command:Invoked command in '/workspaces/isaac_ros-dev/build/isaac_ros_common' returned '0': CMAKE_PREFIX_PATH=${CMAKE_PREFIX_PATH}:/workspace/cartographer_ws/install/isaac_ros_test:/opt/ros/humble _=/usr/bin/env /usr/bin/cmake /workspaces/isaac_ros-dev/isaac_ros_common/isaac_ros_common -DCMAKE_INSTALL_PREFIX=/workspaces/isaac_ros-dev/install/isaac_ros_common
[5.955s] DEBUG:colcon.colcon_core.event_handler.log_command:Invoking command in '/workspaces/isaac_ros-dev/build/isaac_ros_common': CMAKE_PREFIX_PATH=${CMAKE_PREFIX_PATH}:/workspace/cartographer_ws/install/isaac_ros_test:/opt/ros/humble _=/usr/bin/env /usr/bin/cmake --build /workspaces/isaac_ros-dev/build/isaac_ros_common -- -j24 -l24
[7.972s] DEBUG:colcon.colcon_core.event_handler.log_command:Invoked command in '/workspaces/isaac_ros-dev/build/qcar2_interfaces' returned '0': CMAKE_PREFIX_PATH=${CMAKE_PREFIX_PATH}:/workspace/cartographer_ws/install/isaac_ros_test:/opt/ros/humble _=/usr/bin/env /usr/bin/cmake --build /workspaces/isaac_ros-dev/build/qcar2_interfaces -- -j24 -l24
[9.220s] DEBUG:colcon.colcon_core.event_handler.log_command:Invoking command in '/workspaces/isaac_ros-dev/build/qcar2_interfaces': CMAKE_PREFIX_PATH=${CMAKE_PREFIX_PATH}:/workspace/cartographer_ws/install/isaac_ros_test:/opt/ros/humble _=/usr/bin/env /usr/bin/cmake --install /workspaces/isaac_ros-dev/build/qcar2_interfaces
[9.326s] Level 1:colcon.colcon_core.environment:create_environment_scripts_only(qcar2_interfaces)
[9.327s] DEBUG:colcon.colcon_core.event_handler.log_command:Invoked command in '/workspaces/isaac_ros-dev/build/qcar2_interfaces' returned '0': CMAKE_PREFIX_PATH=${CMAKE_PREFIX_PATH}:/workspace/cartographer_ws/install/isaac_ros_test:/opt/ros/humble _=/usr/bin/env /usr/bin/cmake --install /workspaces/isaac_ros-dev/build/qcar2_interfaces
[9.343s] Level 1:colcon.colcon_core.environment:checking '/workspaces/isaac_ros-dev/install/qcar2_interfaces' for CMake module files
[9.344s] Level 1:colcon.colcon_core.environment:checking '/workspaces/isaac_ros-dev/install/qcar2_interfaces' for CMake config files
[9.344s] Level 1:colcon.colcon_core.shell:create_environment_hook('qcar2_interfaces', 'cmake_prefix_path')
[9.359s] INFO:colcon.colcon_core.shell:Creating environment hook '/workspaces/isaac_ros-dev/install/qcar2_interfaces/share/qcar2_interfaces/hook/cmake_prefix_path.ps1'
[9.360s] INFO:colcon.colcon_core.shell:Creating environment descriptor '/workspaces/isaac_ros-dev/install/qcar2_interfaces/share/qcar2_interfaces/hook/cmake_prefix_path.dsv'
[9.361s] INFO:colcon.colcon_core.shell:Creating environment hook '/workspaces/isaac_ros-dev/install/qcar2_interfaces/share/qcar2_interfaces/hook/cmake_prefix_path.sh'
[9.361s] Level 1:colcon.colcon_core.environment:checking '/workspaces/isaac_ros-dev/install/qcar2_interfaces/lib'
[9.362s] Level 1:colcon.colcon_core.shell:create_environment_hook('qcar2_interfaces', 'ld_library_path_lib')
[9.376s] INFO:colcon.colcon_core.shell:Creating environment hook '/workspaces/isaac_ros-dev/install/qcar2_interfaces/share/qcar2_interfaces/hook/ld_library_path_lib.ps1'
[9.376s] INFO:colcon.colcon_core.shell:Creating environment descriptor '/workspaces/isaac_ros-dev/install/qcar2_interfaces/share/qcar2_interfaces/hook/ld_library_path_lib.dsv'
[9.377s] INFO:colcon.colcon_core.shell:Creating environment hook '/workspaces/isaac_ros-dev/install/qcar2_interfaces/share/qcar2_interfaces/hook/ld_library_path_lib.sh'
[9.377s] Level 1:colcon.colcon_core.environment:checking '/workspaces/isaac_ros-dev/install/qcar2_interfaces/bin'
[9.377s] Level 1:colcon.colcon_core.environment:checking '/workspaces/isaac_ros-dev/install/qcar2_interfaces/lib/pkgconfig/qcar2_interfaces.pc'
[9.378s] Level 1:colcon.colcon_core.environment:checking '/workspaces/isaac_ros-dev/install/qcar2_interfaces/lib/python3.8/site-packages'
[9.378s] Level 1:colcon.colcon_core.shell:create_environment_hook('qcar2_interfaces', 'pythonpath')
[9.392s] INFO:colcon.colcon_core.shell:Creating environment hook '/workspaces/isaac_ros-dev/install/qcar2_interfaces/share/qcar2_interfaces/hook/pythonpath.ps1'
[9.393s] INFO:colcon.colcon_core.shell:Creating environment descriptor '/workspaces/isaac_ros-dev/install/qcar2_interfaces/share/qcar2_interfaces/hook/pythonpath.dsv'
[9.393s] INFO:colcon.colcon_core.shell:Creating environment hook '/workspaces/isaac_ros-dev/install/qcar2_interfaces/share/qcar2_interfaces/hook/pythonpath.sh'
[9.394s] Level 1:colcon.colcon_core.environment:checking '/workspaces/isaac_ros-dev/install/qcar2_interfaces/bin'
[9.410s] INFO:colcon.colcon_core.shell:Creating package script '/workspaces/isaac_ros-dev/install/qcar2_interfaces/share/qcar2_interfaces/package.ps1'
[9.411s] INFO:colcon.colcon_core.shell:Creating package descriptor '/workspaces/isaac_ros-dev/install/qcar2_interfaces/share/qcar2_interfaces/package.dsv'
[9.412s] INFO:colcon.colcon_core.shell:Creating package script '/workspaces/isaac_ros-dev/install/qcar2_interfaces/share/qcar2_interfaces/package.sh'
[9.412s] INFO:colcon.colcon_core.shell:Creating package script '/workspaces/isaac_ros-dev/install/qcar2_interfaces/share/qcar2_interfaces/package.bash'
[9.413s] INFO:colcon.colcon_core.shell:Creating package script '/workspaces/isaac_ros-dev/install/qcar2_interfaces/share/qcar2_interfaces/package.zsh'
[9.413s] Level 1:colcon.colcon_core.environment:create_file_with_runtime_dependencies(/workspaces/isaac_ros-dev/install/qcar2_interfaces/share/colcon-core/packages/qcar2_interfaces)
[9.659s] DEBUG:colcon.colcon_core.event_handler.log_command:Invoked command in '/workspaces/isaac_ros-dev/build/isaac_ros_common' returned '0': CMAKE_PREFIX_PATH=${CMAKE_PREFIX_PATH}:/workspace/cartographer_ws/install/isaac_ros_test:/opt/ros/humble _=/usr/bin/env /usr/bin/cmake --build /workspaces/isaac_ros-dev/build/isaac_ros_common -- -j24 -l24
[9.921s] DEBUG:colcon.colcon_core.event_handler.log_command:Invoking command in '/workspaces/isaac_ros-dev/build/isaac_ros_common': CMAKE_PREFIX_PATH=${CMAKE_PREFIX_PATH}:/workspace/cartographer_ws/install/isaac_ros_test:/opt/ros/humble _=/usr/bin/env /usr/bin/cmake --install /workspaces/isaac_ros-dev/build/isaac_ros_common
[9.937s] Level 1:colcon.colcon_core.environment:create_environment_scripts_only(isaac_ros_common)
[9.937s] DEBUG:colcon.colcon_core.event_handler.log_command:Invoked command in '/workspaces/isaac_ros-dev/build/isaac_ros_common' returned '0': CMAKE_PREFIX_PATH=${CMAKE_PREFIX_PATH}:/workspace/cartographer_ws/install/isaac_ros_test:/opt/ros/humble _=/usr/bin/env /usr/bin/cmake --install /workspaces/isaac_ros-dev/build/isaac_ros_common
[9.947s] Level 1:colcon.colcon_core.environment:checking '/workspaces/isaac_ros-dev/install/isaac_ros_common' for CMake module files
[9.947s] Level 1:colcon.colcon_core.environment:checking '/workspaces/isaac_ros-dev/install/isaac_ros_common' for CMake config files
[9.948s] Level 1:colcon.colcon_core.shell:create_environment_hook('isaac_ros_common', 'cmake_prefix_path')
[9.956s] INFO:colcon.colcon_core.shell:Creating environment hook '/workspaces/isaac_ros-dev/install/isaac_ros_common/share/isaac_ros_common/hook/cmake_prefix_path.ps1'
[9.957s] INFO:colcon.colcon_core.shell:Creating environment descriptor '/workspaces/isaac_ros-dev/install/isaac_ros_common/share/isaac_ros_common/hook/cmake_prefix_path.dsv'
[9.957s] INFO:colcon.colcon_core.shell:Creating environment hook '/workspaces/isaac_ros-dev/install/isaac_ros_common/share/isaac_ros_common/hook/cmake_prefix_path.sh'
[9.958s] Level 1:colcon.colcon_core.environment:checking '/workspaces/isaac_ros-dev/install/isaac_ros_common/lib'
[9.958s] Level 1:colcon.colcon_core.shell:create_environment_hook('isaac_ros_common', 'ld_library_path_lib')
[9.966s] INFO:colcon.colcon_core.shell:Creating environment hook '/workspaces/isaac_ros-dev/install/isaac_ros_common/share/isaac_ros_common/hook/ld_library_path_lib.ps1'
[9.967s] INFO:colcon.colcon_core.shell:Creating environment descriptor '/workspaces/isaac_ros-dev/install/isaac_ros_common/share/isaac_ros_common/hook/ld_library_path_lib.dsv'
[9.967s] INFO:colcon.colcon_core.shell:Creating environment hook '/workspaces/isaac_ros-dev/install/isaac_ros_common/share/isaac_ros_common/hook/ld_library_path_lib.sh'
[9.967s] Level 1:colcon.colcon_core.environment:checking '/workspaces/isaac_ros-dev/install/isaac_ros_common/bin'
[9.967s] Level 1:colcon.colcon_core.environment:checking '/workspaces/isaac_ros-dev/install/isaac_ros_common/lib/pkgconfig/isaac_ros_common.pc'
[9.968s] Level 1:colcon.colcon_core.environment:checking '/workspaces/isaac_ros-dev/install/isaac_ros_common/lib/python3.8/site-packages'
[9.968s] Level 1:colcon.colcon_core.environment:checking '/workspaces/isaac_ros-dev/install/isaac_ros_common/bin'
[9.976s] INFO:colcon.colcon_core.shell:Creating package script '/workspaces/isaac_ros-dev/install/isaac_ros_common/share/isaac_ros_common/package.ps1'
[9.976s] INFO:colcon.colcon_core.shell:Creating package descriptor '/workspaces/isaac_ros-dev/install/isaac_ros_common/share/isaac_ros_common/package.dsv'
[9.977s] INFO:colcon.colcon_core.shell:Creating package script '/workspaces/isaac_ros-dev/install/isaac_ros_common/share/isaac_ros_common/package.sh'
[9.977s] INFO:colcon.colcon_core.shell:Creating package script '/workspaces/isaac_ros-dev/install/isaac_ros_common/share/isaac_ros_common/package.bash'
[9.977s] INFO:colcon.colcon_core.shell:Creating package script '/workspaces/isaac_ros-dev/install/isaac_ros_common/share/isaac_ros_common/package.zsh'
[9.977s] Level 1:colcon.colcon_core.environment:create_file_with_runtime_dependencies(/workspaces/isaac_ros-dev/install/isaac_ros_common/share/colcon-core/packages/isaac_ros_common)
[10.239s] Level 1:colcon.colcon_core.environment:create_environment_scripts_only(isaac_ros_common)
[10.256s] Level 1:colcon.colcon_core.environment:checking '/workspaces/isaac_ros-dev/install/isaac_ros_common' for CMake module files
[10.257s] Level 1:colcon.colcon_core.environment:checking '/workspaces/isaac_ros-dev/install/isaac_ros_common' for CMake config files
[10.258s] Level 1:colcon.colcon_core.shell:create_environment_hook('isaac_ros_common', 'cmake_prefix_path')
[10.275s] INFO:colcon.colcon_core.shell:Creating environment hook '/workspaces/isaac_ros-dev/install/isaac_ros_common/share/isaac_ros_common/hook/cmake_prefix_path.ps1'
[10.276s] INFO:colcon.colcon_core.shell:Creating environment descriptor '/workspaces/isaac_ros-dev/install/isaac_ros_common/share/isaac_ros_common/hook/cmake_prefix_path.dsv'
[10.276s] INFO:colcon.colcon_core.shell:Creating environment hook '/workspaces/isaac_ros-dev/install/isaac_ros_common/share/isaac_ros_common/hook/cmake_prefix_path.sh'
[10.277s] Level 1:colcon.colcon_core.environment:checking '/workspaces/isaac_ros-dev/install/isaac_ros_common/lib'
[10.277s] Level 1:colcon.colcon_core.shell:create_environment_hook('isaac_ros_common', 'ld_library_path_lib')
[10.291s] INFO:colcon.colcon_core.shell:Creating environment hook '/workspaces/isaac_ros-dev/install/isaac_ros_common/share/isaac_ros_common/hook/ld_library_path_lib.ps1'
[10.292s] INFO:colcon.colcon_core.shell:Creating environment descriptor '/workspaces/isaac_ros-dev/install/isaac_ros_common/share/isaac_ros_common/hook/ld_library_path_lib.dsv'
[10.292s] INFO:colcon.colcon_core.shell:Creating environment hook '/workspaces/isaac_ros-dev/install/isaac_ros_common/share/isaac_ros_common/hook/ld_library_path_lib.sh'
[10.293s] Level 1:colcon.colcon_core.environment:checking '/workspaces/isaac_ros-dev/install/isaac_ros_common/bin'
[10.293s] Level 1:colcon.colcon_core.environment:checking '/workspaces/isaac_ros-dev/install/isaac_ros_common/lib/pkgconfig/isaac_ros_common.pc'
[10.293s] Level 1:colcon.colcon_core.environment:checking '/workspaces/isaac_ros-dev/install/isaac_ros_common/lib/python3.8/site-packages'
[10.294s] Level 1:colcon.colcon_core.environment:checking '/workspaces/isaac_ros-dev/install/isaac_ros_common/bin'
[10.308s] INFO:colcon.colcon_core.shell:Creating package script '/workspaces/isaac_ros-dev/install/isaac_ros_common/share/isaac_ros_common/package.ps1'
[10.309s] INFO:colcon.colcon_core.shell:Creating package descriptor '/workspaces/isaac_ros-dev/install/isaac_ros_common/share/isaac_ros_common/package.dsv'
[10.309s] INFO:colcon.colcon_core.shell:Creating package script '/workspaces/isaac_ros-dev/install/isaac_ros_common/share/isaac_ros_common/package.sh'
[10.310s] INFO:colcon.colcon_core.shell:Creating package script '/workspaces/isaac_ros-dev/install/isaac_ros_common/share/isaac_ros_common/package.bash'
[10.310s] INFO:colcon.colcon_core.shell:Creating package script '/workspaces/isaac_ros-dev/install/isaac_ros_common/share/isaac_ros_common/package.zsh'
[10.311s] Level 1:colcon.colcon_core.environment:create_file_with_runtime_dependencies(/workspaces/isaac_ros-dev/install/isaac_ros_common/share/colcon-core/packages/isaac_ros_common)
[10.312s] INFO:colcon.colcon_ros.task.ament_cmake.build:Building ROS package in '/workspaces/isaac_ros-dev/isaac_ros_common/isaac_ros_apriltag_interfaces' with build type 'ament_cmake'
[10.312s] INFO:colcon.colcon_cmake.task.cmake.build:Building CMake package in '/workspaces/isaac_ros-dev/isaac_ros_common/isaac_ros_apriltag_interfaces'
[10.358s] INFO:colcon.colcon_core.shell:Skip shell extension 'powershell' for command environment: Not usable outside of PowerShell
[10.358s] DEBUG:colcon.colcon_core.shell:Skip shell extension 'dsv' for command environment
[10.410s] INFO:colcon.colcon_ros.task.ament_cmake.build:Building ROS package in '/workspaces/isaac_ros-dev/isaac_ros_common/isaac_ros_bi3d_interfaces' with build type 'ament_cmake'
[10.410s] INFO:colcon.colcon_cmake.task.cmake.build:Building CMake package in '/workspaces/isaac_ros-dev/isaac_ros_common/isaac_ros_bi3d_interfaces'
[10.427s] INFO:colcon.colcon_core.shell:Skip shell extension 'powershell' for command environment: Not usable outside of PowerShell
[10.427s] DEBUG:colcon.colcon_core.shell:Skip shell extension 'dsv' for command environment
[10.479s] INFO:colcon.colcon_ros.task.ament_cmake.build:Building ROS package in '/workspaces/isaac_ros-dev/isaac_ros_common/isaac_ros_nitros_bridge_interfaces' with build type 'ament_cmake'
[10.480s] INFO:colcon.colcon_cmake.task.cmake.build:Building CMake package in '/workspaces/isaac_ros-dev/isaac_ros_common/isaac_ros_nitros_bridge_interfaces'
[10.496s] INFO:colcon.colcon_core.shell:Skip shell extension 'powershell' for command environment: Not usable outside of PowerShell
[10.497s] DEBUG:colcon.colcon_core.shell:Skip shell extension 'dsv' for command environment
[10.550s] INFO:colcon.colcon_ros.task.ament_cmake.build:Building ROS package in '/workspaces/isaac_ros-dev/isaac_ros_common/isaac_ros_nova_interfaces' with build type 'ament_cmake'
[10.551s] INFO:colcon.colcon_cmake.task.cmake.build:Building CMake package in '/workspaces/isaac_ros-dev/isaac_ros_common/isaac_ros_nova_interfaces'
[10.567s] INFO:colcon.colcon_core.shell:Skip shell extension 'powershell' for command environment: Not usable outside of PowerShell
[10.567s] DEBUG:colcon.colcon_core.shell:Skip shell extension 'dsv' for command environment
[10.621s] INFO:colcon.colcon_ros.task.ament_cmake.build:Building ROS package in '/workspaces/isaac_ros-dev/isaac_ros_common/isaac_ros_pointcloud_interfaces' with build type 'ament_cmake'
[10.622s] INFO:colcon.colcon_cmake.task.cmake.build:Building CMake package in '/workspaces/isaac_ros-dev/isaac_ros_common/isaac_ros_pointcloud_interfaces'
[10.639s] INFO:colcon.colcon_core.shell:Skip shell extension 'powershell' for command environment: Not usable outside of PowerShell
[10.639s] DEBUG:colcon.colcon_core.shell:Skip shell extension 'dsv' for command environment
[10.692s] INFO:colcon.colcon_ros.task.ament_cmake.build:Building ROS package in '/workspaces/isaac_ros-dev/isaac_ros_common/isaac_ros_tensor_list_interfaces' with build type 'ament_cmake'
[10.693s] INFO:colcon.colcon_cmake.task.cmake.build:Building CMake package in '/workspaces/isaac_ros-dev/isaac_ros_common/isaac_ros_tensor_list_interfaces'
[10.709s] INFO:colcon.colcon_core.shell:Skip shell extension 'powershell' for command environment: Not usable outside of PowerShell
[10.709s] DEBUG:colcon.colcon_core.shell:Skip shell extension 'dsv' for command environment
[10.788s] Level 1:colcon.colcon_core.environment:create_environment_scripts_only(qcar2_interfaces)
[10.802s] Level 1:colcon.colcon_core.environment:checking '/workspaces/isaac_ros-dev/install/qcar2_interfaces' for CMake module files
[10.803s] Level 1:colcon.colcon_core.environment:checking '/workspaces/isaac_ros-dev/install/qcar2_interfaces' for CMake config files
[10.804s] Level 1:colcon.colcon_core.shell:create_environment_hook('qcar2_interfaces', 'cmake_prefix_path')
[10.819s] INFO:colcon.colcon_core.shell:Creating environment hook '/workspaces/isaac_ros-dev/install/qcar2_interfaces/share/qcar2_interfaces/hook/cmake_prefix_path.ps1'
[10.820s] INFO:colcon.colcon_core.shell:Creating environment descriptor '/workspaces/isaac_ros-dev/install/qcar2_interfaces/share/qcar2_interfaces/hook/cmake_prefix_path.dsv'
[10.820s] INFO:colcon.colcon_core.shell:Creating environment hook '/workspaces/isaac_ros-dev/install/qcar2_interfaces/share/qcar2_interfaces/hook/cmake_prefix_path.sh'
[10.821s] Level 1:colcon.colcon_core.environment:checking '/workspaces/isaac_ros-dev/install/qcar2_interfaces/lib'
[10.821s] Level 1:colcon.colcon_core.shell:create_environment_hook('qcar2_interfaces', 'ld_library_path_lib')
[10.835s] INFO:colcon.colcon_core.shell:Creating environment hook '/workspaces/isaac_ros-dev/install/qcar2_interfaces/share/qcar2_interfaces/hook/ld_library_path_lib.ps1'
[10.836s] INFO:colcon.colcon_core.shell:Creating environment descriptor '/workspaces/isaac_ros-dev/install/qcar2_interfaces/share/qcar2_interfaces/hook/ld_library_path_lib.dsv'
[10.836s] INFO:colcon.colcon_core.shell:Creating environment hook '/workspaces/isaac_ros-dev/install/qcar2_interfaces/share/qcar2_interfaces/hook/ld_library_path_lib.sh'
[10.837s] Level 1:colcon.colcon_core.environment:checking '/workspaces/isaac_ros-dev/install/qcar2_interfaces/bin'
[10.837s] Level 1:colcon.colcon_core.environment:checking '/workspaces/isaac_ros-dev/install/qcar2_interfaces/lib/pkgconfig/qcar2_interfaces.pc'
[10.837s] Level 1:colcon.colcon_core.environment:checking '/workspaces/isaac_ros-dev/install/qcar2_interfaces/lib/python3.8/site-packages'
[10.837s] Level 1:colcon.colcon_core.shell:create_environment_hook('qcar2_interfaces', 'pythonpath')
[10.851s] INFO:colcon.colcon_core.shell:Creating environment hook '/workspaces/isaac_ros-dev/install/qcar2_interfaces/share/qcar2_interfaces/hook/pythonpath.ps1'
[10.852s] INFO:colcon.colcon_core.shell:Creating environment descriptor '/workspaces/isaac_ros-dev/install/qcar2_interfaces/share/qcar2_interfaces/hook/pythonpath.dsv'
[10.852s] INFO:colcon.colcon_core.shell:Creating environment hook '/workspaces/isaac_ros-dev/install/qcar2_interfaces/share/qcar2_interfaces/hook/pythonpath.sh'
[10.853s] Level 1:colcon.colcon_core.environment:checking '/workspaces/isaac_ros-dev/install/qcar2_interfaces/bin'
[10.867s] INFO:colcon.colcon_core.shell:Creating package script '/workspaces/isaac_ros-dev/install/qcar2_interfaces/share/qcar2_interfaces/package.ps1'
[10.868s] INFO:colcon.colcon_core.shell:Creating package descriptor '/workspaces/isaac_ros-dev/install/qcar2_interfaces/share/qcar2_interfaces/package.dsv'
[10.869s] INFO:colcon.colcon_core.shell:Creating package script '/workspaces/isaac_ros-dev/install/qcar2_interfaces/share/qcar2_interfaces/package.sh'
[10.869s] INFO:colcon.colcon_core.shell:Creating package script '/workspaces/isaac_ros-dev/install/qcar2_interfaces/share/qcar2_interfaces/package.bash'
[10.869s] INFO:colcon.colcon_core.shell:Creating package script '/workspaces/isaac_ros-dev/install/qcar2_interfaces/share/qcar2_interfaces/package.zsh'
[10.870s] Level 1:colcon.colcon_core.environment:create_file_with_runtime_dependencies(/workspaces/isaac_ros-dev/install/qcar2_interfaces/share/colcon-core/packages/qcar2_interfaces)
[10.879s] DEBUG:colcon.colcon_core.event_handler.log_command:Invoking command in '/workspaces/isaac_ros-dev/build/isaac_ros_apriltag_interfaces': AMENT_PREFIX_PATH=/workspaces/isaac_ros-dev/install/isaac_ros_common:${AMENT_PREFIX_PATH} CMAKE_PREFIX_PATH=/workspaces/isaac_ros-dev/install/isaac_ros_common:/workspace/cartographer_ws/install/perception_pcl:/workspace/cartographer_ws/install/pcl_ros:/workspace/cartographer_ws/install/cartographer_rviz:/workspace/cartographer_ws/install/cartographer_ros:/workspace/cartographer_ws/install/pcl_conversions:/workspace/cartographer_ws/install/pcl_msgs:/workspace/cartographer_ws/install/isaac_ros_tensor_list_interfaces:/workspace/cartographer_ws/install/isaac_ros_pointcloud_interfaces:/workspace/cartographer_ws/install/isaac_ros_nova_interfaces:/workspace/cartographer_ws/install/isaac_ros_nitros_bridge_interfaces:/workspace/cartographer_ws/install/isaac_ros_common:/workspace/cartographer_ws/install/isaac_ros_bi3d_interfaces:/workspace/cartographer_ws/install/isaac_ros_apriltag_interfaces:/workspace/cartographer_ws/install/control_msgs:/workspace/cartographer_ws/install/cartographer_ros_msgs:/workspace/cartographer_ws/install/cartographer:/workspace/cartographer_ws/install/absl:/workspace/cartographer_ws/install/isaac_ros_test:/opt/ros/humble LD_LIBRARY_PATH=/workspaces/isaac_ros-dev/install/isaac_ros_common/lib:${LD_LIBRARY_PATH} _=/usr/bin/env /usr/bin/cmake /workspaces/isaac_ros-dev/isaac_ros_common/isaac_ros_apriltag_interfaces -DCMAKE_INSTALL_PREFIX=/workspaces/isaac_ros-dev/install/isaac_ros_apriltag_interfaces
[10.886s] DEBUG:colcon.colcon_core.event_handler.log_command:Invoking command in '/workspaces/isaac_ros-dev/build/isaac_ros_bi3d_interfaces': AMENT_PREFIX_PATH=/workspaces/isaac_ros-dev/install/isaac_ros_common:${AMENT_PREFIX_PATH} CMAKE_PREFIX_PATH=/workspaces/isaac_ros-dev/install/isaac_ros_common:/workspace/cartographer_ws/install/perception_pcl:/workspace/cartographer_ws/install/pcl_ros:/workspace/cartographer_ws/install/cartographer_rviz:/workspace/cartographer_ws/install/cartographer_ros:/workspace/cartographer_ws/install/pcl_conversions:/workspace/cartographer_ws/install/pcl_msgs:/workspace/cartographer_ws/install/isaac_ros_tensor_list_interfaces:/workspace/cartographer_ws/install/isaac_ros_pointcloud_interfaces:/workspace/cartographer_ws/install/isaac_ros_nova_interfaces:/workspace/cartographer_ws/install/isaac_ros_nitros_bridge_interfaces:/workspace/cartographer_ws/install/isaac_ros_common:/workspace/cartographer_ws/install/isaac_ros_bi3d_interfaces:/workspace/cartographer_ws/install/isaac_ros_apriltag_interfaces:/workspace/cartographer_ws/install/control_msgs:/workspace/cartographer_ws/install/cartographer_ros_msgs:/workspace/cartographer_ws/install/cartographer:/workspace/cartographer_ws/install/absl:/workspace/cartographer_ws/install/isaac_ros_test:/opt/ros/humble LD_LIBRARY_PATH=/workspaces/isaac_ros-dev/install/isaac_ros_common/lib:${LD_LIBRARY_PATH} _=/usr/bin/env /usr/bin/cmake /workspaces/isaac_ros-dev/isaac_ros_common/isaac_ros_bi3d_interfaces -DCMAKE_INSTALL_PREFIX=/workspaces/isaac_ros-dev/install/isaac_ros_bi3d_interfaces
[10.894s] DEBUG:colcon.colcon_core.event_handler.log_command:Invoking command in '/workspaces/isaac_ros-dev/build/isaac_ros_nitros_bridge_interfaces': AMENT_PREFIX_PATH=/workspaces/isaac_ros-dev/install/isaac_ros_common:${AMENT_PREFIX_PATH} CMAKE_PREFIX_PATH=/workspaces/isaac_ros-dev/install/isaac_ros_common:/workspace/cartographer_ws/install/perception_pcl:/workspace/cartographer_ws/install/pcl_ros:/workspace/cartographer_ws/install/cartographer_rviz:/workspace/cartographer_ws/install/cartographer_ros:/workspace/cartographer_ws/install/pcl_conversions:/workspace/cartographer_ws/install/pcl_msgs:/workspace/cartographer_ws/install/isaac_ros_tensor_list_interfaces:/workspace/cartographer_ws/install/isaac_ros_pointcloud_interfaces:/workspace/cartographer_ws/install/isaac_ros_nova_interfaces:/workspace/cartographer_ws/install/isaac_ros_nitros_bridge_interfaces:/workspace/cartographer_ws/install/isaac_ros_common:/workspace/cartographer_ws/install/isaac_ros_bi3d_interfaces:/workspace/cartographer_ws/install/isaac_ros_apriltag_interfaces:/workspace/cartographer_ws/install/control_msgs:/workspace/cartographer_ws/install/cartographer_ros_msgs:/workspace/cartographer_ws/install/cartographer:/workspace/cartographer_ws/install/absl:/workspace/cartographer_ws/install/isaac_ros_test:/opt/ros/humble LD_LIBRARY_PATH=/workspaces/isaac_ros-dev/install/isaac_ros_common/lib:${LD_LIBRARY_PATH} _=/usr/bin/env /usr/bin/cmake /workspaces/isaac_ros-dev/isaac_ros_common/isaac_ros_nitros_bridge_interfaces -DCMAKE_INSTALL_PREFIX=/workspaces/isaac_ros-dev/install/isaac_ros_nitros_bridge_interfaces
[10.901s] DEBUG:colcon.colcon_core.event_handler.log_command:Invoking command in '/workspaces/isaac_ros-dev/build/isaac_ros_nova_interfaces': AMENT_PREFIX_PATH=/workspaces/isaac_ros-dev/install/isaac_ros_common:${AMENT_PREFIX_PATH} CMAKE_PREFIX_PATH=/workspaces/isaac_ros-dev/install/isaac_ros_common:/workspace/cartographer_ws/install/perception_pcl:/workspace/cartographer_ws/install/pcl_ros:/workspace/cartographer_ws/install/cartographer_rviz:/workspace/cartographer_ws/install/cartographer_ros:/workspace/cartographer_ws/install/pcl_conversions:/workspace/cartographer_ws/install/pcl_msgs:/workspace/cartographer_ws/install/isaac_ros_tensor_list_interfaces:/workspace/cartographer_ws/install/isaac_ros_pointcloud_interfaces:/workspace/cartographer_ws/install/isaac_ros_nova_interfaces:/workspace/cartographer_ws/install/isaac_ros_nitros_bridge_interfaces:/workspace/cartographer_ws/install/isaac_ros_common:/workspace/cartographer_ws/install/isaac_ros_bi3d_interfaces:/workspace/cartographer_ws/install/isaac_ros_apriltag_interfaces:/workspace/cartographer_ws/install/control_msgs:/workspace/cartographer_ws/install/cartographer_ros_msgs:/workspace/cartographer_ws/install/cartographer:/workspace/cartographer_ws/install/absl:/workspace/cartographer_ws/install/isaac_ros_test:/opt/ros/humble LD_LIBRARY_PATH=/workspaces/isaac_ros-dev/install/isaac_ros_common/lib:${LD_LIBRARY_PATH} _=/usr/bin/env /usr/bin/cmake /workspaces/isaac_ros-dev/isaac_ros_common/isaac_ros_nova_interfaces -DCMAKE_INSTALL_PREFIX=/workspaces/isaac_ros-dev/install/isaac_ros_nova_interfaces
[10.906s] DEBUG:colcon.colcon_core.event_handler.log_command:Invoking command in '/workspaces/isaac_ros-dev/build/isaac_ros_pointcloud_interfaces': AMENT_PREFIX_PATH=/workspaces/isaac_ros-dev/install/isaac_ros_common:${AMENT_PREFIX_PATH} CMAKE_PREFIX_PATH=/workspaces/isaac_ros-dev/install/isaac_ros_common:/workspace/cartographer_ws/install/perception_pcl:/workspace/cartographer_ws/install/pcl_ros:/workspace/cartographer_ws/install/cartographer_rviz:/workspace/cartographer_ws/install/cartographer_ros:/workspace/cartographer_ws/install/pcl_conversions:/workspace/cartographer_ws/install/pcl_msgs:/workspace/cartographer_ws/install/isaac_ros_tensor_list_interfaces:/workspace/cartographer_ws/install/isaac_ros_pointcloud_interfaces:/workspace/cartographer_ws/install/isaac_ros_nova_interfaces:/workspace/cartographer_ws/install/isaac_ros_nitros_bridge_interfaces:/workspace/cartographer_ws/install/isaac_ros_common:/workspace/cartographer_ws/install/isaac_ros_bi3d_interfaces:/workspace/cartographer_ws/install/isaac_ros_apriltag_interfaces:/workspace/cartographer_ws/install/control_msgs:/workspace/cartographer_ws/install/cartographer_ros_msgs:/workspace/cartographer_ws/install/cartographer:/workspace/cartographer_ws/install/absl:/workspace/cartographer_ws/install/isaac_ros_test:/opt/ros/humble LD_LIBRARY_PATH=/workspaces/isaac_ros-dev/install/isaac_ros_common/lib:${LD_LIBRARY_PATH} _=/usr/bin/env /usr/bin/cmake /workspaces/isaac_ros-dev/isaac_ros_common/isaac_ros_pointcloud_interfaces -DCMAKE_INSTALL_PREFIX=/workspaces/isaac_ros-dev/install/isaac_ros_pointcloud_interfaces
[10.907s] INFO:colcon.colcon_ros.task.ament_python.build:Building ROS package in '/workspaces/isaac_ros-dev/Development/ros2/src/qcar2_autonomy' with build type 'ament_python'
[10.908s] Level 1:colcon.colcon_core.shell:create_environment_hook('qcar2_autonomy', 'ament_prefix_path')
[10.923s] INFO:colcon.colcon_core.shell:Creating environment hook '/workspaces/isaac_ros-dev/install/qcar2_autonomy/share/qcar2_autonomy/hook/ament_prefix_path.ps1'
[10.924s] INFO:colcon.colcon_core.shell:Creating environment descriptor '/workspaces/isaac_ros-dev/install/qcar2_autonomy/share/qcar2_autonomy/hook/ament_prefix_path.dsv'
[10.925s] INFO:colcon.colcon_core.shell:Creating environment hook '/workspaces/isaac_ros-dev/install/qcar2_autonomy/share/qcar2_autonomy/hook/ament_prefix_path.sh'
[10.938s] INFO:colcon.colcon_core.shell:Skip shell extension 'powershell' for command environment: Not usable outside of PowerShell
[10.938s] DEBUG:colcon.colcon_core.shell:Skip shell extension 'dsv' for command environment
[10.982s] INFO:colcon.colcon_ros.task.ament_cmake.build:Building ROS package in '/workspaces/isaac_ros-dev/Development/ros2/src/qcar2_nodes' with build type 'ament_cmake'
[10.982s] INFO:colcon.colcon_cmake.task.cmake.build:Building CMake package in '/workspaces/isaac_ros-dev/Development/ros2/src/qcar2_nodes'
[10.994s] INFO:colcon.colcon_core.shell:Skip shell extension 'powershell' for command environment: Not usable outside of PowerShell
[10.995s] DEBUG:colcon.colcon_core.shell:Skip shell extension 'dsv' for command environment
[11.040s] DEBUG:colcon.colcon_core.event_handler.log_command:Invoking command in '/workspaces/isaac_ros-dev/build/isaac_ros_tensor_list_interfaces': AMENT_PREFIX_PATH=/workspaces/isaac_ros-dev/install/isaac_ros_common:${AMENT_PREFIX_PATH} CMAKE_PREFIX_PATH=/workspaces/isaac_ros-dev/install/isaac_ros_common:/workspace/cartographer_ws/install/perception_pcl:/workspace/cartographer_ws/install/pcl_ros:/workspace/cartographer_ws/install/cartographer_rviz:/workspace/cartographer_ws/install/cartographer_ros:/workspace/cartographer_ws/install/pcl_conversions:/workspace/cartographer_ws/install/pcl_msgs:/workspace/cartographer_ws/install/isaac_ros_tensor_list_interfaces:/workspace/cartographer_ws/install/isaac_ros_pointcloud_interfaces:/workspace/cartographer_ws/install/isaac_ros_nova_interfaces:/workspace/cartographer_ws/install/isaac_ros_nitros_bridge_interfaces:/workspace/cartographer_ws/install/isaac_ros_common:/workspace/cartographer_ws/install/isaac_ros_bi3d_interfaces:/workspace/cartographer_ws/install/isaac_ros_apriltag_interfaces:/workspace/cartographer_ws/install/control_msgs:/workspace/cartographer_ws/install/cartographer_ros_msgs:/workspace/cartographer_ws/install/cartographer:/workspace/cartographer_ws/install/absl:/workspace/cartographer_ws/install/isaac_ros_test:/opt/ros/humble LD_LIBRARY_PATH=/workspaces/isaac_ros-dev/install/isaac_ros_common/lib:${LD_LIBRARY_PATH} _=/usr/bin/env /usr/bin/cmake /workspaces/isaac_ros-dev/isaac_ros_common/isaac_ros_tensor_list_interfaces -DCMAKE_INSTALL_PREFIX=/workspaces/isaac_ros-dev/install/isaac_ros_tensor_list_interfaces
[11.443s] INFO:colcon.colcon_core.task.python.build:Building Python package in '/workspaces/isaac_ros-dev/Development/ros2/src/qcar2_autonomy'
[11.452s] INFO:colcon.colcon_core.shell:Skip shell extension 'powershell' for command environment: Not usable outside of PowerShell
[11.453s] DEBUG:colcon.colcon_core.shell:Skip shell extension 'dsv' for command environment
[11.500s] DEBUG:colcon.colcon_core.event_handler.log_command:Invoking command in '/workspaces/isaac_ros-dev/build/qcar2_nodes': AMENT_PREFIX_PATH=/workspaces/isaac_ros-dev/install/qcar2_interfaces:${AMENT_PREFIX_PATH} CMAKE_PREFIX_PATH=/workspaces/isaac_ros-dev/install/qcar2_interfaces:/workspace/cartographer_ws/install/perception_pcl:/workspace/cartographer_ws/install/pcl_ros:/workspace/cartographer_ws/install/cartographer_rviz:/workspace/cartographer_ws/install/cartographer_ros:/workspace/cartographer_ws/install/pcl_conversions:/workspace/cartographer_ws/install/pcl_msgs:/workspace/cartographer_ws/install/isaac_ros_tensor_list_interfaces:/workspace/cartographer_ws/install/isaac_ros_pointcloud_interfaces:/workspace/cartographer_ws/install/isaac_ros_nova_interfaces:/workspace/cartographer_ws/install/isaac_ros_nitros_bridge_interfaces:/workspace/cartographer_ws/install/isaac_ros_common:/workspace/cartographer_ws/install/isaac_ros_bi3d_interfaces:/workspace/cartographer_ws/install/isaac_ros_apriltag_interfaces:/workspace/cartographer_ws/install/control_msgs:/workspace/cartographer_ws/install/cartographer_ros_msgs:/workspace/cartographer_ws/install/cartographer:/workspace/cartographer_ws/install/absl:/workspace/cartographer_ws/install/isaac_ros_test:/opt/ros/humble LD_LIBRARY_PATH=/workspaces/isaac_ros-dev/install/qcar2_interfaces/lib:${LD_LIBRARY_PATH} PYTHONPATH=/workspaces/isaac_ros-dev/install/qcar2_interfaces/lib/python3.8/site-packages:${PYTHONPATH} _=/usr/bin/env /usr/bin/cmake /workspaces/isaac_ros-dev/Development/ros2/src/qcar2_nodes -DCMAKE_INSTALL_PREFIX=/workspaces/isaac_ros-dev/install/qcar2_nodes
[12.300s] DEBUG:colcon.colcon_core.event_handler.log_command:Invoking command in '/workspaces/isaac_ros-dev/Development/ros2/src/qcar2_autonomy': AMENT_PREFIX_PATH=/workspaces/isaac_ros-dev/install/qcar2_interfaces:${AMENT_PREFIX_PATH} CMAKE_PREFIX_PATH=/workspaces/isaac_ros-dev/install/qcar2_interfaces:${CMAKE_PREFIX_PATH} LD_LIBRARY_PATH=/workspaces/isaac_ros-dev/install/qcar2_interfaces/lib:${LD_LIBRARY_PATH} PYTHONPATH=/workspaces/isaac_ros-dev/build/qcar2_autonomy/prefix_override:/workspaces/isaac_ros-dev/install/qcar2_autonomy/lib/python3.8/site-packages:/workspaces/isaac_ros-dev/install/qcar2_interfaces/lib/python3.8/site-packages:${PYTHONPATH} _=/usr/bin/env /usr/bin/python3 setup.py egg_info --egg-base ../../../../build/qcar2_autonomy build --build-base /workspaces/isaac_ros-dev/build/qcar2_autonomy/build install --record /workspaces/isaac_ros-dev/build/qcar2_autonomy/install.log --single-version-externally-managed
[12.873s] DEBUG:colcon.colcon_core.event_handler.log_command:Invoked command in '/workspaces/isaac_ros-dev/Development/ros2/src/qcar2_autonomy' returned '0': AMENT_PREFIX_PATH=/workspaces/isaac_ros-dev/install/qcar2_interfaces:${AMENT_PREFIX_PATH} CMAKE_PREFIX_PATH=/workspaces/isaac_ros-dev/install/qcar2_interfaces:${CMAKE_PREFIX_PATH} LD_LIBRARY_PATH=/workspaces/isaac_ros-dev/install/qcar2_interfaces/lib:${LD_LIBRARY_PATH} PYTHONPATH=/workspaces/isaac_ros-dev/build/qcar2_autonomy/prefix_override:/workspaces/isaac_ros-dev/install/qcar2_autonomy/lib/python3.8/site-packages:/workspaces/isaac_ros-dev/install/qcar2_interfaces/lib/python3.8/site-packages:${PYTHONPATH} _=/usr/bin/env /usr/bin/python3 setup.py egg_info --egg-base ../../../../build/qcar2_autonomy build --build-base /workspaces/isaac_ros-dev/build/qcar2_autonomy/build install --record /workspaces/isaac_ros-dev/build/qcar2_autonomy/install.log --single-version-externally-managed
[12.884s] Level 1:colcon.colcon_core.environment:checking '/workspaces/isaac_ros-dev/install/qcar2_autonomy' for CMake module files
[12.884s] Level 1:colcon.colcon_core.environment:checking '/workspaces/isaac_ros-dev/install/qcar2_autonomy' for CMake config files
[12.885s] Level 1:colcon.colcon_core.environment:checking '/workspaces/isaac_ros-dev/install/qcar2_autonomy/lib'
[12.885s] Level 1:colcon.colcon_core.environment:checking '/workspaces/isaac_ros-dev/install/qcar2_autonomy/bin'
[12.885s] Level 1:colcon.colcon_core.environment:checking '/workspaces/isaac_ros-dev/install/qcar2_autonomy/lib/pkgconfig/qcar2_autonomy.pc'
[12.886s] Level 1:colcon.colcon_core.environment:checking '/workspaces/isaac_ros-dev/install/qcar2_autonomy/lib/python3.8/site-packages'
[12.886s] Level 1:colcon.colcon_core.shell:create_environment_hook('qcar2_autonomy', 'pythonpath')
[12.896s] INFO:colcon.colcon_core.shell:Creating environment hook '/workspaces/isaac_ros-dev/install/qcar2_autonomy/share/qcar2_autonomy/hook/pythonpath.ps1'
[12.896s] INFO:colcon.colcon_core.shell:Creating environment descriptor '/workspaces/isaac_ros-dev/install/qcar2_autonomy/share/qcar2_autonomy/hook/pythonpath.dsv'
[12.897s] INFO:colcon.colcon_core.shell:Creating environment hook '/workspaces/isaac_ros-dev/install/qcar2_autonomy/share/qcar2_autonomy/hook/pythonpath.sh'
[12.897s] Level 1:colcon.colcon_core.environment:checking '/workspaces/isaac_ros-dev/install/qcar2_autonomy/bin'
[12.897s] Level 1:colcon.colcon_core.environment:create_environment_scripts_only(qcar2_autonomy)
[12.906s] INFO:colcon.colcon_core.shell:Creating package script '/workspaces/isaac_ros-dev/install/qcar2_autonomy/share/qcar2_autonomy/package.ps1'
[12.906s] INFO:colcon.colcon_core.shell:Creating package descriptor '/workspaces/isaac_ros-dev/install/qcar2_autonomy/share/qcar2_autonomy/package.dsv'
[12.907s] INFO:colcon.colcon_core.shell:Creating package script '/workspaces/isaac_ros-dev/install/qcar2_autonomy/share/qcar2_autonomy/package.sh'
[12.907s] INFO:colcon.colcon_core.shell:Creating package script '/workspaces/isaac_ros-dev/install/qcar2_autonomy/share/qcar2_autonomy/package.bash'
[12.907s] INFO:colcon.colcon_core.shell:Creating package script '/workspaces/isaac_ros-dev/install/qcar2_autonomy/share/qcar2_autonomy/package.zsh'
[12.907s] Level 1:colcon.colcon_core.environment:create_file_with_runtime_dependencies(/workspaces/isaac_ros-dev/install/qcar2_autonomy/share/colcon-core/packages/qcar2_autonomy)
[14.947s] DEBUG:colcon.colcon_core.event_handler.log_command:Invoked command in '/workspaces/isaac_ros-dev/build/isaac_ros_tensor_list_interfaces' returned '0': AMENT_PREFIX_PATH=/workspaces/isaac_ros-dev/install/isaac_ros_common:${AMENT_PREFIX_PATH} CMAKE_PREFIX_PATH=/workspaces/isaac_ros-dev/install/isaac_ros_common:/workspace/cartographer_ws/install/perception_pcl:/workspace/cartographer_ws/install/pcl_ros:/workspace/cartographer_ws/install/cartographer_rviz:/workspace/cartographer_ws/install/cartographer_ros:/workspace/cartographer_ws/install/pcl_conversions:/workspace/cartographer_ws/install/pcl_msgs:/workspace/cartographer_ws/install/isaac_ros_tensor_list_interfaces:/workspace/cartographer_ws/install/isaac_ros_pointcloud_interfaces:/workspace/cartographer_ws/install/isaac_ros_nova_interfaces:/workspace/cartographer_ws/install/isaac_ros_nitros_bridge_interfaces:/workspace/cartographer_ws/install/isaac_ros_common:/workspace/cartographer_ws/install/isaac_ros_bi3d_interfaces:/workspace/cartographer_ws/install/isaac_ros_apriltag_interfaces:/workspace/cartographer_ws/install/control_msgs:/workspace/cartographer_ws/install/cartographer_ros_msgs:/workspace/cartographer_ws/install/cartographer:/workspace/cartographer_ws/install/absl:/workspace/cartographer_ws/install/isaac_ros_test:/opt/ros/humble LD_LIBRARY_PATH=/workspaces/isaac_ros-dev/install/isaac_ros_common/lib:${LD_LIBRARY_PATH} _=/usr/bin/env /usr/bin/cmake /workspaces/isaac_ros-dev/isaac_ros_common/isaac_ros_tensor_list_interfaces -DCMAKE_INSTALL_PREFIX=/workspaces/isaac_ros-dev/install/isaac_ros_tensor_list_interfaces
[14.954s] DEBUG:colcon.colcon_core.event_handler.log_command:Invoking command in '/workspaces/isaac_ros-dev/build/isaac_ros_tensor_list_interfaces': AMENT_PREFIX_PATH=/workspaces/isaac_ros-dev/install/isaac_ros_common:${AMENT_PREFIX_PATH} CMAKE_PREFIX_PATH=/workspaces/isaac_ros-dev/install/isaac_ros_common:/workspace/cartographer_ws/install/perception_pcl:/workspace/cartographer_ws/install/pcl_ros:/workspace/cartographer_ws/install/cartographer_rviz:/workspace/cartographer_ws/install/cartographer_ros:/workspace/cartographer_ws/install/pcl_conversions:/workspace/cartographer_ws/install/pcl_msgs:/workspace/cartographer_ws/install/isaac_ros_tensor_list_interfaces:/workspace/cartographer_ws/install/isaac_ros_pointcloud_interfaces:/workspace/cartographer_ws/install/isaac_ros_nova_interfaces:/workspace/cartographer_ws/install/isaac_ros_nitros_bridge_interfaces:/workspace/cartographer_ws/install/isaac_ros_common:/workspace/cartographer_ws/install/isaac_ros_bi3d_interfaces:/workspace/cartographer_ws/install/isaac_ros_apriltag_interfaces:/workspace/cartographer_ws/install/control_msgs:/workspace/cartographer_ws/install/cartographer_ros_msgs:/workspace/cartographer_ws/install/cartographer:/workspace/cartographer_ws/install/absl:/workspace/cartographer_ws/install/isaac_ros_test:/opt/ros/humble LD_LIBRARY_PATH=/workspaces/isaac_ros-dev/install/isaac_ros_common/lib:${LD_LIBRARY_PATH} _=/usr/bin/env /usr/bin/cmake --build /workspaces/isaac_ros-dev/build/isaac_ros_tensor_list_interfaces -- -j24 -l24
[14.958s] DEBUG:colcon.colcon_core.event_handler.log_command:Invoked command in '/workspaces/isaac_ros-dev/build/isaac_ros_nitros_bridge_interfaces' returned '0': AMENT_PREFIX_PATH=/workspaces/isaac_ros-dev/install/isaac_ros_common:${AMENT_PREFIX_PATH} CMAKE_PREFIX_PATH=/workspaces/isaac_ros-dev/install/isaac_ros_common:/workspace/cartographer_ws/install/perception_pcl:/workspace/cartographer_ws/install/pcl_ros:/workspace/cartographer_ws/install/cartographer_rviz:/workspace/cartographer_ws/install/cartographer_ros:/workspace/cartographer_ws/install/pcl_conversions:/workspace/cartographer_ws/install/pcl_msgs:/workspace/cartographer_ws/install/isaac_ros_tensor_list_interfaces:/workspace/cartographer_ws/install/isaac_ros_pointcloud_interfaces:/workspace/cartographer_ws/install/isaac_ros_nova_interfaces:/workspace/cartographer_ws/install/isaac_ros_nitros_bridge_interfaces:/workspace/cartographer_ws/install/isaac_ros_common:/workspace/cartographer_ws/install/isaac_ros_bi3d_interfaces:/workspace/cartographer_ws/install/isaac_ros_apriltag_interfaces:/workspace/cartographer_ws/install/control_msgs:/workspace/cartographer_ws/install/cartographer_ros_msgs:/workspace/cartographer_ws/install/cartographer:/workspace/cartographer_ws/install/absl:/workspace/cartographer_ws/install/isaac_ros_test:/opt/ros/humble LD_LIBRARY_PATH=/workspaces/isaac_ros-dev/install/isaac_ros_common/lib:${LD_LIBRARY_PATH} _=/usr/bin/env /usr/bin/cmake /workspaces/isaac_ros-dev/isaac_ros_common/isaac_ros_nitros_bridge_interfaces -DCMAKE_INSTALL_PREFIX=/workspaces/isaac_ros-dev/install/isaac_ros_nitros_bridge_interfaces
[14.963s] DEBUG:colcon.colcon_core.event_handler.log_command:Invoking command in '/workspaces/isaac_ros-dev/build/isaac_ros_nitros_bridge_interfaces': AMENT_PREFIX_PATH=/workspaces/isaac_ros-dev/install/isaac_ros_common:${AMENT_PREFIX_PATH} CMAKE_PREFIX_PATH=/workspaces/isaac_ros-dev/install/isaac_ros_common:/workspace/cartographer_ws/install/perception_pcl:/workspace/cartographer_ws/install/pcl_ros:/workspace/cartographer_ws/install/cartographer_rviz:/workspace/cartographer_ws/install/cartographer_ros:/workspace/cartographer_ws/install/pcl_conversions:/workspace/cartographer_ws/install/pcl_msgs:/workspace/cartographer_ws/install/isaac_ros_tensor_list_interfaces:/workspace/cartographer_ws/install/isaac_ros_pointcloud_interfaces:/workspace/cartographer_ws/install/isaac_ros_nova_interfaces:/workspace/cartographer_ws/install/isaac_ros_nitros_bridge_interfaces:/workspace/cartographer_ws/install/isaac_ros_common:/workspace/cartographer_ws/install/isaac_ros_bi3d_interfaces:/workspace/cartographer_ws/install/isaac_ros_apriltag_interfaces:/workspace/cartographer_ws/install/control_msgs:/workspace/cartographer_ws/install/cartographer_ros_msgs:/workspace/cartographer_ws/install/cartographer:/workspace/cartographer_ws/install/absl:/workspace/cartographer_ws/install/isaac_ros_test:/opt/ros/humble LD_LIBRARY_PATH=/workspaces/isaac_ros-dev/install/isaac_ros_common/lib:${LD_LIBRARY_PATH} _=/usr/bin/env /usr/bin/cmake --build /workspaces/isaac_ros-dev/build/isaac_ros_nitros_bridge_interfaces -- -j24 -l24
[14.984s] DEBUG:colcon.colcon_core.event_handler.log_command:Invoked command in '/workspaces/isaac_ros-dev/build/isaac_ros_bi3d_interfaces' returned '0': AMENT_PREFIX_PATH=/workspaces/isaac_ros-dev/install/isaac_ros_common:${AMENT_PREFIX_PATH} CMAKE_PREFIX_PATH=/workspaces/isaac_ros-dev/install/isaac_ros_common:/workspace/cartographer_ws/install/perception_pcl:/workspace/cartographer_ws/install/pcl_ros:/workspace/cartographer_ws/install/cartographer_rviz:/workspace/cartographer_ws/install/cartographer_ros:/workspace/cartographer_ws/install/pcl_conversions:/workspace/cartographer_ws/install/pcl_msgs:/workspace/cartographer_ws/install/isaac_ros_tensor_list_interfaces:/workspace/cartographer_ws/install/isaac_ros_pointcloud_interfaces:/workspace/cartographer_ws/install/isaac_ros_nova_interfaces:/workspace/cartographer_ws/install/isaac_ros_nitros_bridge_interfaces:/workspace/cartographer_ws/install/isaac_ros_common:/workspace/cartographer_ws/install/isaac_ros_bi3d_interfaces:/workspace/cartographer_ws/install/isaac_ros_apriltag_interfaces:/workspace/cartographer_ws/install/control_msgs:/workspace/cartographer_ws/install/cartographer_ros_msgs:/workspace/cartographer_ws/install/cartographer:/workspace/cartographer_ws/install/absl:/workspace/cartographer_ws/install/isaac_ros_test:/opt/ros/humble LD_LIBRARY_PATH=/workspaces/isaac_ros-dev/install/isaac_ros_common/lib:${LD_LIBRARY_PATH} _=/usr/bin/env /usr/bin/cmake /workspaces/isaac_ros-dev/isaac_ros_common/isaac_ros_bi3d_interfaces -DCMAKE_INSTALL_PREFIX=/workspaces/isaac_ros-dev/install/isaac_ros_bi3d_interfaces
[14.991s] DEBUG:colcon.colcon_core.event_handler.log_command:Invoking command in '/workspaces/isaac_ros-dev/build/isaac_ros_bi3d_interfaces': AMENT_PREFIX_PATH=/workspaces/isaac_ros-dev/install/isaac_ros_common:${AMENT_PREFIX_PATH} CMAKE_PREFIX_PATH=/workspaces/isaac_ros-dev/install/isaac_ros_common:/workspace/cartographer_ws/install/perception_pcl:/workspace/cartographer_ws/install/pcl_ros:/workspace/cartographer_ws/install/cartographer_rviz:/workspace/cartographer_ws/install/cartographer_ros:/workspace/cartographer_ws/install/pcl_conversions:/workspace/cartographer_ws/install/pcl_msgs:/workspace/cartographer_ws/install/isaac_ros_tensor_list_interfaces:/workspace/cartographer_ws/install/isaac_ros_pointcloud_interfaces:/workspace/cartographer_ws/install/isaac_ros_nova_interfaces:/workspace/cartographer_ws/install/isaac_ros_nitros_bridge_interfaces:/workspace/cartographer_ws/install/isaac_ros_common:/workspace/cartographer_ws/install/isaac_ros_bi3d_interfaces:/workspace/cartographer_ws/install/isaac_ros_apriltag_interfaces:/workspace/cartographer_ws/install/control_msgs:/workspace/cartographer_ws/install/cartographer_ros_msgs:/workspace/cartographer_ws/install/cartographer:/workspace/cartographer_ws/install/absl:/workspace/cartographer_ws/install/isaac_ros_test:/opt/ros/humble LD_LIBRARY_PATH=/workspaces/isaac_ros-dev/install/isaac_ros_common/lib:${LD_LIBRARY_PATH} _=/usr/bin/env /usr/bin/cmake --build /workspaces/isaac_ros-dev/build/isaac_ros_bi3d_interfaces -- -j24 -l24
[15.010s] DEBUG:colcon.colcon_core.event_handler.log_command:Invoked command in '/workspaces/isaac_ros-dev/build/isaac_ros_apriltag_interfaces' returned '0': AMENT_PREFIX_PATH=/workspaces/isaac_ros-dev/install/isaac_ros_common:${AMENT_PREFIX_PATH} CMAKE_PREFIX_PATH=/workspaces/isaac_ros-dev/install/isaac_ros_common:/workspace/cartographer_ws/install/perception_pcl:/workspace/cartographer_ws/install/pcl_ros:/workspace/cartographer_ws/install/cartographer_rviz:/workspace/cartographer_ws/install/cartographer_ros:/workspace/cartographer_ws/install/pcl_conversions:/workspace/cartographer_ws/install/pcl_msgs:/workspace/cartographer_ws/install/isaac_ros_tensor_list_interfaces:/workspace/cartographer_ws/install/isaac_ros_pointcloud_interfaces:/workspace/cartographer_ws/install/isaac_ros_nova_interfaces:/workspace/cartographer_ws/install/isaac_ros_nitros_bridge_interfaces:/workspace/cartographer_ws/install/isaac_ros_common:/workspace/cartographer_ws/install/isaac_ros_bi3d_interfaces:/workspace/cartographer_ws/install/isaac_ros_apriltag_interfaces:/workspace/cartographer_ws/install/control_msgs:/workspace/cartographer_ws/install/cartographer_ros_msgs:/workspace/cartographer_ws/install/cartographer:/workspace/cartographer_ws/install/absl:/workspace/cartographer_ws/install/isaac_ros_test:/opt/ros/humble LD_LIBRARY_PATH=/workspaces/isaac_ros-dev/install/isaac_ros_common/lib:${LD_LIBRARY_PATH} _=/usr/bin/env /usr/bin/cmake /workspaces/isaac_ros-dev/isaac_ros_common/isaac_ros_apriltag_interfaces -DCMAKE_INSTALL_PREFIX=/workspaces/isaac_ros-dev/install/isaac_ros_apriltag_interfaces
[15.017s] DEBUG:colcon.colcon_core.event_handler.log_command:Invoking command in '/workspaces/isaac_ros-dev/build/isaac_ros_apriltag_interfaces': AMENT_PREFIX_PATH=/workspaces/isaac_ros-dev/install/isaac_ros_common:${AMENT_PREFIX_PATH} CMAKE_PREFIX_PATH=/workspaces/isaac_ros-dev/install/isaac_ros_common:/workspace/cartographer_ws/install/perception_pcl:/workspace/cartographer_ws/install/pcl_ros:/workspace/cartographer_ws/install/cartographer_rviz:/workspace/cartographer_ws/install/cartographer_ros:/workspace/cartographer_ws/install/pcl_conversions:/workspace/cartographer_ws/install/pcl_msgs:/workspace/cartographer_ws/install/isaac_ros_tensor_list_interfaces:/workspace/cartographer_ws/install/isaac_ros_pointcloud_interfaces:/workspace/cartographer_ws/install/isaac_ros_nova_interfaces:/workspace/cartographer_ws/install/isaac_ros_nitros_bridge_interfaces:/workspace/cartographer_ws/install/isaac_ros_common:/workspace/cartographer_ws/install/isaac_ros_bi3d_interfaces:/workspace/cartographer_ws/install/isaac_ros_apriltag_interfaces:/workspace/cartographer_ws/install/control_msgs:/workspace/cartographer_ws/install/cartographer_ros_msgs:/workspace/cartographer_ws/install/cartographer:/workspace/cartographer_ws/install/absl:/workspace/cartographer_ws/install/isaac_ros_test:/opt/ros/humble LD_LIBRARY_PATH=/workspaces/isaac_ros-dev/install/isaac_ros_common/lib:${LD_LIBRARY_PATH} _=/usr/bin/env /usr/bin/cmake --build /workspaces/isaac_ros-dev/build/isaac_ros_apriltag_interfaces -- -j24 -l24
[15.115s] DEBUG:colcon.colcon_core.event_handler.log_command:Invoked command in '/workspaces/isaac_ros-dev/build/isaac_ros_pointcloud_interfaces' returned '0': AMENT_PREFIX_PATH=/workspaces/isaac_ros-dev/install/isaac_ros_common:${AMENT_PREFIX_PATH} CMAKE_PREFIX_PATH=/workspaces/isaac_ros-dev/install/isaac_ros_common:/workspace/cartographer_ws/install/perception_pcl:/workspace/cartographer_ws/install/pcl_ros:/workspace/cartographer_ws/install/cartographer_rviz:/workspace/cartographer_ws/install/cartographer_ros:/workspace/cartographer_ws/install/pcl_conversions:/workspace/cartographer_ws/install/pcl_msgs:/workspace/cartographer_ws/install/isaac_ros_tensor_list_interfaces:/workspace/cartographer_ws/install/isaac_ros_pointcloud_interfaces:/workspace/cartographer_ws/install/isaac_ros_nova_interfaces:/workspace/cartographer_ws/install/isaac_ros_nitros_bridge_interfaces:/workspace/cartographer_ws/install/isaac_ros_common:/workspace/cartographer_ws/install/isaac_ros_bi3d_interfaces:/workspace/cartographer_ws/install/isaac_ros_apriltag_interfaces:/workspace/cartographer_ws/install/control_msgs:/workspace/cartographer_ws/install/cartographer_ros_msgs:/workspace/cartographer_ws/install/cartographer:/workspace/cartographer_ws/install/absl:/workspace/cartographer_ws/install/isaac_ros_test:/opt/ros/humble LD_LIBRARY_PATH=/workspaces/isaac_ros-dev/install/isaac_ros_common/lib:${LD_LIBRARY_PATH} _=/usr/bin/env /usr/bin/cmake /workspaces/isaac_ros-dev/isaac_ros_common/isaac_ros_pointcloud_interfaces -DCMAKE_INSTALL_PREFIX=/workspaces/isaac_ros-dev/install/isaac_ros_pointcloud_interfaces
[15.122s] DEBUG:colcon.colcon_core.event_handler.log_command:Invoking command in '/workspaces/isaac_ros-dev/build/isaac_ros_pointcloud_interfaces': AMENT_PREFIX_PATH=/workspaces/isaac_ros-dev/install/isaac_ros_common:${AMENT_PREFIX_PATH} CMAKE_PREFIX_PATH=/workspaces/isaac_ros-dev/install/isaac_ros_common:/workspace/cartographer_ws/install/perception_pcl:/workspace/cartographer_ws/install/pcl_ros:/workspace/cartographer_ws/install/cartographer_rviz:/workspace/cartographer_ws/install/cartographer_ros:/workspace/cartographer_ws/install/pcl_conversions:/workspace/cartographer_ws/install/pcl_msgs:/workspace/cartographer_ws/install/isaac_ros_tensor_list_interfaces:/workspace/cartographer_ws/install/isaac_ros_pointcloud_interfaces:/workspace/cartographer_ws/install/isaac_ros_nova_interfaces:/workspace/cartographer_ws/install/isaac_ros_nitros_bridge_interfaces:/workspace/cartographer_ws/install/isaac_ros_common:/workspace/cartographer_ws/install/isaac_ros_bi3d_interfaces:/workspace/cartographer_ws/install/isaac_ros_apriltag_interfaces:/workspace/cartographer_ws/install/control_msgs:/workspace/cartographer_ws/install/cartographer_ros_msgs:/workspace/cartographer_ws/install/cartographer:/workspace/cartographer_ws/install/absl:/workspace/cartographer_ws/install/isaac_ros_test:/opt/ros/humble LD_LIBRARY_PATH=/workspaces/isaac_ros-dev/install/isaac_ros_common/lib:${LD_LIBRARY_PATH} _=/usr/bin/env /usr/bin/cmake --build /workspaces/isaac_ros-dev/build/isaac_ros_pointcloud_interfaces -- -j24 -l24
[15.162s] DEBUG:colcon.colcon_core.event_handler.log_command:Invoked command in '/workspaces/isaac_ros-dev/build/isaac_ros_nova_interfaces' returned '0': AMENT_PREFIX_PATH=/workspaces/isaac_ros-dev/install/isaac_ros_common:${AMENT_PREFIX_PATH} CMAKE_PREFIX_PATH=/workspaces/isaac_ros-dev/install/isaac_ros_common:/workspace/cartographer_ws/install/perception_pcl:/workspace/cartographer_ws/install/pcl_ros:/workspace/cartographer_ws/install/cartographer_rviz:/workspace/cartographer_ws/install/cartographer_ros:/workspace/cartographer_ws/install/pcl_conversions:/workspace/cartographer_ws/install/pcl_msgs:/workspace/cartographer_ws/install/isaac_ros_tensor_list_interfaces:/workspace/cartographer_ws/install/isaac_ros_pointcloud_interfaces:/workspace/cartographer_ws/install/isaac_ros_nova_interfaces:/workspace/cartographer_ws/install/isaac_ros_nitros_bridge_interfaces:/workspace/cartographer_ws/install/isaac_ros_common:/workspace/cartographer_ws/install/isaac_ros_bi3d_interfaces:/workspace/cartographer_ws/install/isaac_ros_apriltag_interfaces:/workspace/cartographer_ws/install/control_msgs:/workspace/cartographer_ws/install/cartographer_ros_msgs:/workspace/cartographer_ws/install/cartographer:/workspace/cartographer_ws/install/absl:/workspace/cartographer_ws/install/isaac_ros_test:/opt/ros/humble LD_LIBRARY_PATH=/workspaces/isaac_ros-dev/install/isaac_ros_common/lib:${LD_LIBRARY_PATH} _=/usr/bin/env /usr/bin/cmake /workspaces/isaac_ros-dev/isaac_ros_common/isaac_ros_nova_interfaces -DCMAKE_INSTALL_PREFIX=/workspaces/isaac_ros-dev/install/isaac_ros_nova_interfaces
[15.169s] DEBUG:colcon.colcon_core.event_handler.log_command:Invoking command in '/workspaces/isaac_ros-dev/build/isaac_ros_nova_interfaces': AMENT_PREFIX_PATH=/workspaces/isaac_ros-dev/install/isaac_ros_common:${AMENT_PREFIX_PATH} CMAKE_PREFIX_PATH=/workspaces/isaac_ros-dev/install/isaac_ros_common:/workspace/cartographer_ws/install/perception_pcl:/workspace/cartographer_ws/install/pcl_ros:/workspace/cartographer_ws/install/cartographer_rviz:/workspace/cartographer_ws/install/cartographer_ros:/workspace/cartographer_ws/install/pcl_conversions:/workspace/cartographer_ws/install/pcl_msgs:/workspace/cartographer_ws/install/isaac_ros_tensor_list_interfaces:/workspace/cartographer_ws/install/isaac_ros_pointcloud_interfaces:/workspace/cartographer_ws/install/isaac_ros_nova_interfaces:/workspace/cartographer_ws/install/isaac_ros_nitros_bridge_interfaces:/workspace/cartographer_ws/install/isaac_ros_common:/workspace/cartographer_ws/install/isaac_ros_bi3d_interfaces:/workspace/cartographer_ws/install/isaac_ros_apriltag_interfaces:/workspace/cartographer_ws/install/control_msgs:/workspace/cartographer_ws/install/cartographer_ros_msgs:/workspace/cartographer_ws/install/cartographer:/workspace/cartographer_ws/install/absl:/workspace/cartographer_ws/install/isaac_ros_test:/opt/ros/humble LD_LIBRARY_PATH=/workspaces/isaac_ros-dev/install/isaac_ros_common/lib:${LD_LIBRARY_PATH} _=/usr/bin/env /usr/bin/cmake --build /workspaces/isaac_ros-dev/build/isaac_ros_nova_interfaces -- -j24 -l24
[16.412s] DEBUG:colcon.colcon_core.event_handler.log_command:Invoked command in '/workspaces/isaac_ros-dev/build/qcar2_nodes' returned '0': AMENT_PREFIX_PATH=/workspaces/isaac_ros-dev/install/qcar2_interfaces:${AMENT_PREFIX_PATH} CMAKE_PREFIX_PATH=/workspaces/isaac_ros-dev/install/qcar2_interfaces:/workspace/cartographer_ws/install/perception_pcl:/workspace/cartographer_ws/install/pcl_ros:/workspace/cartographer_ws/install/cartographer_rviz:/workspace/cartographer_ws/install/cartographer_ros:/workspace/cartographer_ws/install/pcl_conversions:/workspace/cartographer_ws/install/pcl_msgs:/workspace/cartographer_ws/install/isaac_ros_tensor_list_interfaces:/workspace/cartographer_ws/install/isaac_ros_pointcloud_interfaces:/workspace/cartographer_ws/install/isaac_ros_nova_interfaces:/workspace/cartographer_ws/install/isaac_ros_nitros_bridge_interfaces:/workspace/cartographer_ws/install/isaac_ros_common:/workspace/cartographer_ws/install/isaac_ros_bi3d_interfaces:/workspace/cartographer_ws/install/isaac_ros_apriltag_interfaces:/workspace/cartographer_ws/install/control_msgs:/workspace/cartographer_ws/install/cartographer_ros_msgs:/workspace/cartographer_ws/install/cartographer:/workspace/cartographer_ws/install/absl:/workspace/cartographer_ws/install/isaac_ros_test:/opt/ros/humble LD_LIBRARY_PATH=/workspaces/isaac_ros-dev/install/qcar2_interfaces/lib:${LD_LIBRARY_PATH} PYTHONPATH=/workspaces/isaac_ros-dev/install/qcar2_interfaces/lib/python3.8/site-packages:${PYTHONPATH} _=/usr/bin/env /usr/bin/cmake /workspaces/isaac_ros-dev/Development/ros2/src/qcar2_nodes -DCMAKE_INSTALL_PREFIX=/workspaces/isaac_ros-dev/install/qcar2_nodes
[16.413s] DEBUG:colcon.colcon_core.event_handler.log_command:Invoking command in '/workspaces/isaac_ros-dev/build/qcar2_nodes': AMENT_PREFIX_PATH=/workspaces/isaac_ros-dev/install/qcar2_interfaces:${AMENT_PREFIX_PATH} CMAKE_PREFIX_PATH=/workspaces/isaac_ros-dev/install/qcar2_interfaces:/workspace/cartographer_ws/install/perception_pcl:/workspace/cartographer_ws/install/pcl_ros:/workspace/cartographer_ws/install/cartographer_rviz:/workspace/cartographer_ws/install/cartographer_ros:/workspace/cartographer_ws/install/pcl_conversions:/workspace/cartographer_ws/install/pcl_msgs:/workspace/cartographer_ws/install/isaac_ros_tensor_list_interfaces:/workspace/cartographer_ws/install/isaac_ros_pointcloud_interfaces:/workspace/cartographer_ws/install/isaac_ros_nova_interfaces:/workspace/cartographer_ws/install/isaac_ros_nitros_bridge_interfaces:/workspace/cartographer_ws/install/isaac_ros_common:/workspace/cartographer_ws/install/isaac_ros_bi3d_interfaces:/workspace/cartographer_ws/install/isaac_ros_apriltag_interfaces:/workspace/cartographer_ws/install/control_msgs:/workspace/cartographer_ws/install/cartographer_ros_msgs:/workspace/cartographer_ws/install/cartographer:/workspace/cartographer_ws/install/absl:/workspace/cartographer_ws/install/isaac_ros_test:/opt/ros/humble LD_LIBRARY_PATH=/workspaces/isaac_ros-dev/install/qcar2_interfaces/lib:${LD_LIBRARY_PATH} PYTHONPATH=/workspaces/isaac_ros-dev/install/qcar2_interfaces/lib/python3.8/site-packages:${PYTHONPATH} _=/usr/bin/env /usr/bin/cmake --build /workspaces/isaac_ros-dev/build/qcar2_nodes -- -j24 -l24
[19.172s] DEBUG:colcon.colcon_core.event_handler.log_command:Invoked command in '/workspaces/isaac_ros-dev/build/isaac_ros_bi3d_interfaces' returned '0': AMENT_PREFIX_PATH=/workspaces/isaac_ros-dev/install/isaac_ros_common:${AMENT_PREFIX_PATH} CMAKE_PREFIX_PATH=/workspaces/isaac_ros-dev/install/isaac_ros_common:/workspace/cartographer_ws/install/perception_pcl:/workspace/cartographer_ws/install/pcl_ros:/workspace/cartographer_ws/install/cartographer_rviz:/workspace/cartographer_ws/install/cartographer_ros:/workspace/cartographer_ws/install/pcl_conversions:/workspace/cartographer_ws/install/pcl_msgs:/workspace/cartographer_ws/install/isaac_ros_tensor_list_interfaces:/workspace/cartographer_ws/install/isaac_ros_pointcloud_interfaces:/workspace/cartographer_ws/install/isaac_ros_nova_interfaces:/workspace/cartographer_ws/install/isaac_ros_nitros_bridge_interfaces:/workspace/cartographer_ws/install/isaac_ros_common:/workspace/cartographer_ws/install/isaac_ros_bi3d_interfaces:/workspace/cartographer_ws/install/isaac_ros_apriltag_interfaces:/workspace/cartographer_ws/install/control_msgs:/workspace/cartographer_ws/install/cartographer_ros_msgs:/workspace/cartographer_ws/install/cartographer:/workspace/cartographer_ws/install/absl:/workspace/cartographer_ws/install/isaac_ros_test:/opt/ros/humble LD_LIBRARY_PATH=/workspaces/isaac_ros-dev/install/isaac_ros_common/lib:${LD_LIBRARY_PATH} _=/usr/bin/env /usr/bin/cmake --build /workspaces/isaac_ros-dev/build/isaac_ros_bi3d_interfaces -- -j24 -l24
[19.636s] DEBUG:colcon.colcon_core.event_handler.log_command:Invoked command in '/workspaces/isaac_ros-dev/build/isaac_ros_nitros_bridge_interfaces' returned '0': AMENT_PREFIX_PATH=/workspaces/isaac_ros-dev/install/isaac_ros_common:${AMENT_PREFIX_PATH} CMAKE_PREFIX_PATH=/workspaces/isaac_ros-dev/install/isaac_ros_common:/workspace/cartographer_ws/install/perception_pcl:/workspace/cartographer_ws/install/pcl_ros:/workspace/cartographer_ws/install/cartographer_rviz:/workspace/cartographer_ws/install/cartographer_ros:/workspace/cartographer_ws/install/pcl_conversions:/workspace/cartographer_ws/install/pcl_msgs:/workspace/cartographer_ws/install/isaac_ros_tensor_list_interfaces:/workspace/cartographer_ws/install/isaac_ros_pointcloud_interfaces:/workspace/cartographer_ws/install/isaac_ros_nova_interfaces:/workspace/cartographer_ws/install/isaac_ros_nitros_bridge_interfaces:/workspace/cartographer_ws/install/isaac_ros_common:/workspace/cartographer_ws/install/isaac_ros_bi3d_interfaces:/workspace/cartographer_ws/install/isaac_ros_apriltag_interfaces:/workspace/cartographer_ws/install/control_msgs:/workspace/cartographer_ws/install/cartographer_ros_msgs:/workspace/cartographer_ws/install/cartographer:/workspace/cartographer_ws/install/absl:/workspace/cartographer_ws/install/isaac_ros_test:/opt/ros/humble LD_LIBRARY_PATH=/workspaces/isaac_ros-dev/install/isaac_ros_common/lib:${LD_LIBRARY_PATH} _=/usr/bin/env /usr/bin/cmake --build /workspaces/isaac_ros-dev/build/isaac_ros_nitros_bridge_interfaces -- -j24 -l24
[19.814s] DEBUG:colcon.colcon_core.event_handler.log_command:Invoked command in '/workspaces/isaac_ros-dev/build/isaac_ros_apriltag_interfaces' returned '0': AMENT_PREFIX_PATH=/workspaces/isaac_ros-dev/install/isaac_ros_common:${AMENT_PREFIX_PATH} CMAKE_PREFIX_PATH=/workspaces/isaac_ros-dev/install/isaac_ros_common:/workspace/cartographer_ws/install/perception_pcl:/workspace/cartographer_ws/install/pcl_ros:/workspace/cartographer_ws/install/cartographer_rviz:/workspace/cartographer_ws/install/cartographer_ros:/workspace/cartographer_ws/install/pcl_conversions:/workspace/cartographer_ws/install/pcl_msgs:/workspace/cartographer_ws/install/isaac_ros_tensor_list_interfaces:/workspace/cartographer_ws/install/isaac_ros_pointcloud_interfaces:/workspace/cartographer_ws/install/isaac_ros_nova_interfaces:/workspace/cartographer_ws/install/isaac_ros_nitros_bridge_interfaces:/workspace/cartographer_ws/install/isaac_ros_common:/workspace/cartographer_ws/install/isaac_ros_bi3d_interfaces:/workspace/cartographer_ws/install/isaac_ros_apriltag_interfaces:/workspace/cartographer_ws/install/control_msgs:/workspace/cartographer_ws/install/cartographer_ros_msgs:/workspace/cartographer_ws/install/cartographer:/workspace/cartographer_ws/install/absl:/workspace/cartographer_ws/install/isaac_ros_test:/opt/ros/humble LD_LIBRARY_PATH=/workspaces/isaac_ros-dev/install/isaac_ros_common/lib:${LD_LIBRARY_PATH} _=/usr/bin/env /usr/bin/cmake --build /workspaces/isaac_ros-dev/build/isaac_ros_apriltag_interfaces -- -j24 -l24
[20.081s] DEBUG:colcon.colcon_core.event_handler.log_command:Invoked command in '/workspaces/isaac_ros-dev/build/isaac_ros_pointcloud_interfaces' returned '0': AMENT_PREFIX_PATH=/workspaces/isaac_ros-dev/install/isaac_ros_common:${AMENT_PREFIX_PATH} CMAKE_PREFIX_PATH=/workspaces/isaac_ros-dev/install/isaac_ros_common:/workspace/cartographer_ws/install/perception_pcl:/workspace/cartographer_ws/install/pcl_ros:/workspace/cartographer_ws/install/cartographer_rviz:/workspace/cartographer_ws/install/cartographer_ros:/workspace/cartographer_ws/install/pcl_conversions:/workspace/cartographer_ws/install/pcl_msgs:/workspace/cartographer_ws/install/isaac_ros_tensor_list_interfaces:/workspace/cartographer_ws/install/isaac_ros_pointcloud_interfaces:/workspace/cartographer_ws/install/isaac_ros_nova_interfaces:/workspace/cartographer_ws/install/isaac_ros_nitros_bridge_interfaces:/workspace/cartographer_ws/install/isaac_ros_common:/workspace/cartographer_ws/install/isaac_ros_bi3d_interfaces:/workspace/cartographer_ws/install/isaac_ros_apriltag_interfaces:/workspace/cartographer_ws/install/control_msgs:/workspace/cartographer_ws/install/cartographer_ros_msgs:/workspace/cartographer_ws/install/cartographer:/workspace/cartographer_ws/install/absl:/workspace/cartographer_ws/install/isaac_ros_test:/opt/ros/humble LD_LIBRARY_PATH=/workspaces/isaac_ros-dev/install/isaac_ros_common/lib:${LD_LIBRARY_PATH} _=/usr/bin/env /usr/bin/cmake --build /workspaces/isaac_ros-dev/build/isaac_ros_pointcloud_interfaces -- -j24 -l24
[20.178s] DEBUG:colcon.colcon_core.event_handler.log_command:Invoked command in '/workspaces/isaac_ros-dev/build/isaac_ros_nova_interfaces' returned '0': AMENT_PREFIX_PATH=/workspaces/isaac_ros-dev/install/isaac_ros_common:${AMENT_PREFIX_PATH} CMAKE_PREFIX_PATH=/workspaces/isaac_ros-dev/install/isaac_ros_common:/workspace/cartographer_ws/install/perception_pcl:/workspace/cartographer_ws/install/pcl_ros:/workspace/cartographer_ws/install/cartographer_rviz:/workspace/cartographer_ws/install/cartographer_ros:/workspace/cartographer_ws/install/pcl_conversions:/workspace/cartographer_ws/install/pcl_msgs:/workspace/cartographer_ws/install/isaac_ros_tensor_list_interfaces:/workspace/cartographer_ws/install/isaac_ros_pointcloud_interfaces:/workspace/cartographer_ws/install/isaac_ros_nova_interfaces:/workspace/cartographer_ws/install/isaac_ros_nitros_bridge_interfaces:/workspace/cartographer_ws/install/isaac_ros_common:/workspace/cartographer_ws/install/isaac_ros_bi3d_interfaces:/workspace/cartographer_ws/install/isaac_ros_apriltag_interfaces:/workspace/cartographer_ws/install/control_msgs:/workspace/cartographer_ws/install/cartographer_ros_msgs:/workspace/cartographer_ws/install/cartographer:/workspace/cartographer_ws/install/absl:/workspace/cartographer_ws/install/isaac_ros_test:/opt/ros/humble LD_LIBRARY_PATH=/workspaces/isaac_ros-dev/install/isaac_ros_common/lib:${LD_LIBRARY_PATH} _=/usr/bin/env /usr/bin/cmake --build /workspaces/isaac_ros-dev/build/isaac_ros_nova_interfaces -- -j24 -l24
[20.248s] DEBUG:colcon.colcon_core.event_handler.log_command:Invoking command in '/workspaces/isaac_ros-dev/build/isaac_ros_bi3d_interfaces': AMENT_PREFIX_PATH=/workspaces/isaac_ros-dev/install/isaac_ros_common:${AMENT_PREFIX_PATH} CMAKE_PREFIX_PATH=/workspaces/isaac_ros-dev/install/isaac_ros_common:/workspace/cartographer_ws/install/perception_pcl:/workspace/cartographer_ws/install/pcl_ros:/workspace/cartographer_ws/install/cartographer_rviz:/workspace/cartographer_ws/install/cartographer_ros:/workspace/cartographer_ws/install/pcl_conversions:/workspace/cartographer_ws/install/pcl_msgs:/workspace/cartographer_ws/install/isaac_ros_tensor_list_interfaces:/workspace/cartographer_ws/install/isaac_ros_pointcloud_interfaces:/workspace/cartographer_ws/install/isaac_ros_nova_interfaces:/workspace/cartographer_ws/install/isaac_ros_nitros_bridge_interfaces:/workspace/cartographer_ws/install/isaac_ros_common:/workspace/cartographer_ws/install/isaac_ros_bi3d_interfaces:/workspace/cartographer_ws/install/isaac_ros_apriltag_interfaces:/workspace/cartographer_ws/install/control_msgs:/workspace/cartographer_ws/install/cartographer_ros_msgs:/workspace/cartographer_ws/install/cartographer:/workspace/cartographer_ws/install/absl:/workspace/cartographer_ws/install/isaac_ros_test:/opt/ros/humble LD_LIBRARY_PATH=/workspaces/isaac_ros-dev/install/isaac_ros_common/lib:${LD_LIBRARY_PATH} _=/usr/bin/env /usr/bin/cmake --install /workspaces/isaac_ros-dev/build/isaac_ros_bi3d_interfaces
[20.366s] Level 1:colcon.colcon_core.environment:create_environment_scripts_only(isaac_ros_bi3d_interfaces)
[20.367s] DEBUG:colcon.colcon_core.event_handler.log_command:Invoked command in '/workspaces/isaac_ros-dev/build/isaac_ros_bi3d_interfaces' returned '0': AMENT_PREFIX_PATH=/workspaces/isaac_ros-dev/install/isaac_ros_common:${AMENT_PREFIX_PATH} CMAKE_PREFIX_PATH=/workspaces/isaac_ros-dev/install/isaac_ros_common:/workspace/cartographer_ws/install/perception_pcl:/workspace/cartographer_ws/install/pcl_ros:/workspace/cartographer_ws/install/cartographer_rviz:/workspace/cartographer_ws/install/cartographer_ros:/workspace/cartographer_ws/install/pcl_conversions:/workspace/cartographer_ws/install/pcl_msgs:/workspace/cartographer_ws/install/isaac_ros_tensor_list_interfaces:/workspace/cartographer_ws/install/isaac_ros_pointcloud_interfaces:/workspace/cartographer_ws/install/isaac_ros_nova_interfaces:/workspace/cartographer_ws/install/isaac_ros_nitros_bridge_interfaces:/workspace/cartographer_ws/install/isaac_ros_common:/workspace/cartographer_ws/install/isaac_ros_bi3d_interfaces:/workspace/cartographer_ws/install/isaac_ros_apriltag_interfaces:/workspace/cartographer_ws/install/control_msgs:/workspace/cartographer_ws/install/cartographer_ros_msgs:/workspace/cartographer_ws/install/cartographer:/workspace/cartographer_ws/install/absl:/workspace/cartographer_ws/install/isaac_ros_test:/opt/ros/humble LD_LIBRARY_PATH=/workspaces/isaac_ros-dev/install/isaac_ros_common/lib:${LD_LIBRARY_PATH} _=/usr/bin/env /usr/bin/cmake --install /workspaces/isaac_ros-dev/build/isaac_ros_bi3d_interfaces
[20.388s] Level 1:colcon.colcon_core.environment:checking '/workspaces/isaac_ros-dev/install/isaac_ros_bi3d_interfaces' for CMake module files
[20.389s] Level 1:colcon.colcon_core.environment:checking '/workspaces/isaac_ros-dev/install/isaac_ros_bi3d_interfaces' for CMake config files
[20.389s] Level 1:colcon.colcon_core.shell:create_environment_hook('isaac_ros_bi3d_interfaces', 'cmake_prefix_path')
[20.406s] INFO:colcon.colcon_core.shell:Creating environment hook '/workspaces/isaac_ros-dev/install/isaac_ros_bi3d_interfaces/share/isaac_ros_bi3d_interfaces/hook/cmake_prefix_path.ps1'
[20.407s] INFO:colcon.colcon_core.shell:Creating environment descriptor '/workspaces/isaac_ros-dev/install/isaac_ros_bi3d_interfaces/share/isaac_ros_bi3d_interfaces/hook/cmake_prefix_path.dsv'
[20.408s] INFO:colcon.colcon_core.shell:Creating environment hook '/workspaces/isaac_ros-dev/install/isaac_ros_bi3d_interfaces/share/isaac_ros_bi3d_interfaces/hook/cmake_prefix_path.sh'
[20.409s] Level 1:colcon.colcon_core.environment:checking '/workspaces/isaac_ros-dev/install/isaac_ros_bi3d_interfaces/lib'
[20.409s] Level 1:colcon.colcon_core.shell:create_environment_hook('isaac_ros_bi3d_interfaces', 'ld_library_path_lib')
[20.426s] INFO:colcon.colcon_core.shell:Creating environment hook '/workspaces/isaac_ros-dev/install/isaac_ros_bi3d_interfaces/share/isaac_ros_bi3d_interfaces/hook/ld_library_path_lib.ps1'
[20.427s] INFO:colcon.colcon_core.shell:Creating environment descriptor '/workspaces/isaac_ros-dev/install/isaac_ros_bi3d_interfaces/share/isaac_ros_bi3d_interfaces/hook/ld_library_path_lib.dsv'
[20.428s] INFO:colcon.colcon_core.shell:Creating environment hook '/workspaces/isaac_ros-dev/install/isaac_ros_bi3d_interfaces/share/isaac_ros_bi3d_interfaces/hook/ld_library_path_lib.sh'
[20.428s] Level 1:colcon.colcon_core.environment:checking '/workspaces/isaac_ros-dev/install/isaac_ros_bi3d_interfaces/bin'
[20.429s] Level 1:colcon.colcon_core.environment:checking '/workspaces/isaac_ros-dev/install/isaac_ros_bi3d_interfaces/lib/pkgconfig/isaac_ros_bi3d_interfaces.pc'
[20.429s] Level 1:colcon.colcon_core.environment:checking '/workspaces/isaac_ros-dev/install/isaac_ros_bi3d_interfaces/lib/python3.8/site-packages'
[20.430s] Level 1:colcon.colcon_core.shell:create_environment_hook('isaac_ros_bi3d_interfaces', 'pythonpath')
[20.448s] INFO:colcon.colcon_core.shell:Creating environment hook '/workspaces/isaac_ros-dev/install/isaac_ros_bi3d_interfaces/share/isaac_ros_bi3d_interfaces/hook/pythonpath.ps1'
[20.448s] INFO:colcon.colcon_core.shell:Creating environment descriptor '/workspaces/isaac_ros-dev/install/isaac_ros_bi3d_interfaces/share/isaac_ros_bi3d_interfaces/hook/pythonpath.dsv'
[20.449s] INFO:colcon.colcon_core.shell:Creating environment hook '/workspaces/isaac_ros-dev/install/isaac_ros_bi3d_interfaces/share/isaac_ros_bi3d_interfaces/hook/pythonpath.sh'
[20.450s] Level 1:colcon.colcon_core.environment:checking '/workspaces/isaac_ros-dev/install/isaac_ros_bi3d_interfaces/bin'
[20.469s] INFO:colcon.colcon_core.shell:Creating package script '/workspaces/isaac_ros-dev/install/isaac_ros_bi3d_interfaces/share/isaac_ros_bi3d_interfaces/package.ps1'
[20.471s] INFO:colcon.colcon_core.shell:Creating package descriptor '/workspaces/isaac_ros-dev/install/isaac_ros_bi3d_interfaces/share/isaac_ros_bi3d_interfaces/package.dsv'
[20.472s] INFO:colcon.colcon_core.shell:Creating package script '/workspaces/isaac_ros-dev/install/isaac_ros_bi3d_interfaces/share/isaac_ros_bi3d_interfaces/package.sh'
[20.473s] INFO:colcon.colcon_core.shell:Creating package script '/workspaces/isaac_ros-dev/install/isaac_ros_bi3d_interfaces/share/isaac_ros_bi3d_interfaces/package.bash'
[20.473s] INFO:colcon.colcon_core.shell:Creating package script '/workspaces/isaac_ros-dev/install/isaac_ros_bi3d_interfaces/share/isaac_ros_bi3d_interfaces/package.zsh'
[20.474s] Level 1:colcon.colcon_core.environment:create_file_with_runtime_dependencies(/workspaces/isaac_ros-dev/install/isaac_ros_bi3d_interfaces/share/colcon-core/packages/isaac_ros_bi3d_interfaces)
[20.514s] DEBUG:colcon.colcon_core.event_handler.log_command:Invoked command in '/workspaces/isaac_ros-dev/build/isaac_ros_tensor_list_interfaces' returned '0': AMENT_PREFIX_PATH=/workspaces/isaac_ros-dev/install/isaac_ros_common:${AMENT_PREFIX_PATH} CMAKE_PREFIX_PATH=/workspaces/isaac_ros-dev/install/isaac_ros_common:/workspace/cartographer_ws/install/perception_pcl:/workspace/cartographer_ws/install/pcl_ros:/workspace/cartographer_ws/install/cartographer_rviz:/workspace/cartographer_ws/install/cartographer_ros:/workspace/cartographer_ws/install/pcl_conversions:/workspace/cartographer_ws/install/pcl_msgs:/workspace/cartographer_ws/install/isaac_ros_tensor_list_interfaces:/workspace/cartographer_ws/install/isaac_ros_pointcloud_interfaces:/workspace/cartographer_ws/install/isaac_ros_nova_interfaces:/workspace/cartographer_ws/install/isaac_ros_nitros_bridge_interfaces:/workspace/cartographer_ws/install/isaac_ros_common:/workspace/cartographer_ws/install/isaac_ros_bi3d_interfaces:/workspace/cartographer_ws/install/isaac_ros_apriltag_interfaces:/workspace/cartographer_ws/install/control_msgs:/workspace/cartographer_ws/install/cartographer_ros_msgs:/workspace/cartographer_ws/install/cartographer:/workspace/cartographer_ws/install/absl:/workspace/cartographer_ws/install/isaac_ros_test:/opt/ros/humble LD_LIBRARY_PATH=/workspaces/isaac_ros-dev/install/isaac_ros_common/lib:${LD_LIBRARY_PATH} _=/usr/bin/env /usr/bin/cmake --build /workspaces/isaac_ros-dev/build/isaac_ros_tensor_list_interfaces -- -j24 -l24
[20.550s] DEBUG:colcon.colcon_core.event_handler.log_command:Invoking command in '/workspaces/isaac_ros-dev/build/isaac_ros_nitros_bridge_interfaces': AMENT_PREFIX_PATH=/workspaces/isaac_ros-dev/install/isaac_ros_common:${AMENT_PREFIX_PATH} CMAKE_PREFIX_PATH=/workspaces/isaac_ros-dev/install/isaac_ros_common:/workspace/cartographer_ws/install/perception_pcl:/workspace/cartographer_ws/install/pcl_ros:/workspace/cartographer_ws/install/cartographer_rviz:/workspace/cartographer_ws/install/cartographer_ros:/workspace/cartographer_ws/install/pcl_conversions:/workspace/cartographer_ws/install/pcl_msgs:/workspace/cartographer_ws/install/isaac_ros_tensor_list_interfaces:/workspace/cartographer_ws/install/isaac_ros_pointcloud_interfaces:/workspace/cartographer_ws/install/isaac_ros_nova_interfaces:/workspace/cartographer_ws/install/isaac_ros_nitros_bridge_interfaces:/workspace/cartographer_ws/install/isaac_ros_common:/workspace/cartographer_ws/install/isaac_ros_bi3d_interfaces:/workspace/cartographer_ws/install/isaac_ros_apriltag_interfaces:/workspace/cartographer_ws/install/control_msgs:/workspace/cartographer_ws/install/cartographer_ros_msgs:/workspace/cartographer_ws/install/cartographer:/workspace/cartographer_ws/install/absl:/workspace/cartographer_ws/install/isaac_ros_test:/opt/ros/humble LD_LIBRARY_PATH=/workspaces/isaac_ros-dev/install/isaac_ros_common/lib:${LD_LIBRARY_PATH} _=/usr/bin/env /usr/bin/cmake --install /workspaces/isaac_ros-dev/build/isaac_ros_nitros_bridge_interfaces
[20.652s] Level 1:colcon.colcon_core.environment:create_environment_scripts_only(isaac_ros_nitros_bridge_interfaces)
[20.654s] DEBUG:colcon.colcon_core.event_handler.log_command:Invoked command in '/workspaces/isaac_ros-dev/build/isaac_ros_nitros_bridge_interfaces' returned '0': AMENT_PREFIX_PATH=/workspaces/isaac_ros-dev/install/isaac_ros_common:${AMENT_PREFIX_PATH} CMAKE_PREFIX_PATH=/workspaces/isaac_ros-dev/install/isaac_ros_common:/workspace/cartographer_ws/install/perception_pcl:/workspace/cartographer_ws/install/pcl_ros:/workspace/cartographer_ws/install/cartographer_rviz:/workspace/cartographer_ws/install/cartographer_ros:/workspace/cartographer_ws/install/pcl_conversions:/workspace/cartographer_ws/install/pcl_msgs:/workspace/cartographer_ws/install/isaac_ros_tensor_list_interfaces:/workspace/cartographer_ws/install/isaac_ros_pointcloud_interfaces:/workspace/cartographer_ws/install/isaac_ros_nova_interfaces:/workspace/cartographer_ws/install/isaac_ros_nitros_bridge_interfaces:/workspace/cartographer_ws/install/isaac_ros_common:/workspace/cartographer_ws/install/isaac_ros_bi3d_interfaces:/workspace/cartographer_ws/install/isaac_ros_apriltag_interfaces:/workspace/cartographer_ws/install/control_msgs:/workspace/cartographer_ws/install/cartographer_ros_msgs:/workspace/cartographer_ws/install/cartographer:/workspace/cartographer_ws/install/absl:/workspace/cartographer_ws/install/isaac_ros_test:/opt/ros/humble LD_LIBRARY_PATH=/workspaces/isaac_ros-dev/install/isaac_ros_common/lib:${LD_LIBRARY_PATH} _=/usr/bin/env /usr/bin/cmake --install /workspaces/isaac_ros-dev/build/isaac_ros_nitros_bridge_interfaces
[20.672s] Level 1:colcon.colcon_core.environment:checking '/workspaces/isaac_ros-dev/install/isaac_ros_nitros_bridge_interfaces' for CMake module files
[20.673s] Level 1:colcon.colcon_core.environment:checking '/workspaces/isaac_ros-dev/install/isaac_ros_nitros_bridge_interfaces' for CMake config files
[20.674s] Level 1:colcon.colcon_core.shell:create_environment_hook('isaac_ros_nitros_bridge_interfaces', 'cmake_prefix_path')
[20.691s] INFO:colcon.colcon_core.shell:Creating environment hook '/workspaces/isaac_ros-dev/install/isaac_ros_nitros_bridge_interfaces/share/isaac_ros_nitros_bridge_interfaces/hook/cmake_prefix_path.ps1'
[20.692s] INFO:colcon.colcon_core.shell:Creating environment descriptor '/workspaces/isaac_ros-dev/install/isaac_ros_nitros_bridge_interfaces/share/isaac_ros_nitros_bridge_interfaces/hook/cmake_prefix_path.dsv'
[20.693s] INFO:colcon.colcon_core.shell:Creating environment hook '/workspaces/isaac_ros-dev/install/isaac_ros_nitros_bridge_interfaces/share/isaac_ros_nitros_bridge_interfaces/hook/cmake_prefix_path.sh'
[20.694s] Level 1:colcon.colcon_core.environment:checking '/workspaces/isaac_ros-dev/install/isaac_ros_nitros_bridge_interfaces/lib'
[20.694s] Level 1:colcon.colcon_core.shell:create_environment_hook('isaac_ros_nitros_bridge_interfaces', 'ld_library_path_lib')
[20.710s] INFO:colcon.colcon_core.shell:Creating environment hook '/workspaces/isaac_ros-dev/install/isaac_ros_nitros_bridge_interfaces/share/isaac_ros_nitros_bridge_interfaces/hook/ld_library_path_lib.ps1'
[20.712s] INFO:colcon.colcon_core.shell:Creating environment descriptor '/workspaces/isaac_ros-dev/install/isaac_ros_nitros_bridge_interfaces/share/isaac_ros_nitros_bridge_interfaces/hook/ld_library_path_lib.dsv'
[20.712s] INFO:colcon.colcon_core.shell:Creating environment hook '/workspaces/isaac_ros-dev/install/isaac_ros_nitros_bridge_interfaces/share/isaac_ros_nitros_bridge_interfaces/hook/ld_library_path_lib.sh'
[20.713s] Level 1:colcon.colcon_core.environment:checking '/workspaces/isaac_ros-dev/install/isaac_ros_nitros_bridge_interfaces/bin'
[20.713s] Level 1:colcon.colcon_core.environment:checking '/workspaces/isaac_ros-dev/install/isaac_ros_nitros_bridge_interfaces/lib/pkgconfig/isaac_ros_nitros_bridge_interfaces.pc'
[20.713s] Level 1:colcon.colcon_core.environment:checking '/workspaces/isaac_ros-dev/install/isaac_ros_nitros_bridge_interfaces/lib/python3.8/site-packages'
[20.714s] Level 1:colcon.colcon_core.shell:create_environment_hook('isaac_ros_nitros_bridge_interfaces', 'pythonpath')
[20.729s] INFO:colcon.colcon_core.shell:Creating environment hook '/workspaces/isaac_ros-dev/install/isaac_ros_nitros_bridge_interfaces/share/isaac_ros_nitros_bridge_interfaces/hook/pythonpath.ps1'
[20.730s] INFO:colcon.colcon_core.shell:Creating environment descriptor '/workspaces/isaac_ros-dev/install/isaac_ros_nitros_bridge_interfaces/share/isaac_ros_nitros_bridge_interfaces/hook/pythonpath.dsv'
[20.731s] INFO:colcon.colcon_core.shell:Creating environment hook '/workspaces/isaac_ros-dev/install/isaac_ros_nitros_bridge_interfaces/share/isaac_ros_nitros_bridge_interfaces/hook/pythonpath.sh'
[20.731s] Level 1:colcon.colcon_core.environment:checking '/workspaces/isaac_ros-dev/install/isaac_ros_nitros_bridge_interfaces/bin'
[20.748s] INFO:colcon.colcon_core.shell:Creating package script '/workspaces/isaac_ros-dev/install/isaac_ros_nitros_bridge_interfaces/share/isaac_ros_nitros_bridge_interfaces/package.ps1'
[20.749s] INFO:colcon.colcon_core.shell:Creating package descriptor '/workspaces/isaac_ros-dev/install/isaac_ros_nitros_bridge_interfaces/share/isaac_ros_nitros_bridge_interfaces/package.dsv'
[20.750s] INFO:colcon.colcon_core.shell:Creating package script '/workspaces/isaac_ros-dev/install/isaac_ros_nitros_bridge_interfaces/share/isaac_ros_nitros_bridge_interfaces/package.sh'
[20.750s] INFO:colcon.colcon_core.shell:Creating package script '/workspaces/isaac_ros-dev/install/isaac_ros_nitros_bridge_interfaces/share/isaac_ros_nitros_bridge_interfaces/package.bash'
[20.751s] INFO:colcon.colcon_core.shell:Creating package script '/workspaces/isaac_ros-dev/install/isaac_ros_nitros_bridge_interfaces/share/isaac_ros_nitros_bridge_interfaces/package.zsh'
[20.751s] Level 1:colcon.colcon_core.environment:create_file_with_runtime_dependencies(/workspaces/isaac_ros-dev/install/isaac_ros_nitros_bridge_interfaces/share/colcon-core/packages/isaac_ros_nitros_bridge_interfaces)
[20.853s] DEBUG:colcon.colcon_core.event_handler.log_command:Invoking command in '/workspaces/isaac_ros-dev/build/isaac_ros_pointcloud_interfaces': AMENT_PREFIX_PATH=/workspaces/isaac_ros-dev/install/isaac_ros_common:${AMENT_PREFIX_PATH} CMAKE_PREFIX_PATH=/workspaces/isaac_ros-dev/install/isaac_ros_common:/workspace/cartographer_ws/install/perception_pcl:/workspace/cartographer_ws/install/pcl_ros:/workspace/cartographer_ws/install/cartographer_rviz:/workspace/cartographer_ws/install/cartographer_ros:/workspace/cartographer_ws/install/pcl_conversions:/workspace/cartographer_ws/install/pcl_msgs:/workspace/cartographer_ws/install/isaac_ros_tensor_list_interfaces:/workspace/cartographer_ws/install/isaac_ros_pointcloud_interfaces:/workspace/cartographer_ws/install/isaac_ros_nova_interfaces:/workspace/cartographer_ws/install/isaac_ros_nitros_bridge_interfaces:/workspace/cartographer_ws/install/isaac_ros_common:/workspace/cartographer_ws/install/isaac_ros_bi3d_interfaces:/workspace/cartographer_ws/install/isaac_ros_apriltag_interfaces:/workspace/cartographer_ws/install/control_msgs:/workspace/cartographer_ws/install/cartographer_ros_msgs:/workspace/cartographer_ws/install/cartographer:/workspace/cartographer_ws/install/absl:/workspace/cartographer_ws/install/isaac_ros_test:/opt/ros/humble LD_LIBRARY_PATH=/workspaces/isaac_ros-dev/install/isaac_ros_common/lib:${LD_LIBRARY_PATH} _=/usr/bin/env /usr/bin/cmake --install /workspaces/isaac_ros-dev/build/isaac_ros_pointcloud_interfaces
[20.972s] Level 1:colcon.colcon_core.environment:create_environment_scripts_only(isaac_ros_pointcloud_interfaces)
[20.975s] DEBUG:colcon.colcon_core.event_handler.log_command:Invoking command in '/workspaces/isaac_ros-dev/build/isaac_ros_apriltag_interfaces': AMENT_PREFIX_PATH=/workspaces/isaac_ros-dev/install/isaac_ros_common:${AMENT_PREFIX_PATH} CMAKE_PREFIX_PATH=/workspaces/isaac_ros-dev/install/isaac_ros_common:/workspace/cartographer_ws/install/perception_pcl:/workspace/cartographer_ws/install/pcl_ros:/workspace/cartographer_ws/install/cartographer_rviz:/workspace/cartographer_ws/install/cartographer_ros:/workspace/cartographer_ws/install/pcl_conversions:/workspace/cartographer_ws/install/pcl_msgs:/workspace/cartographer_ws/install/isaac_ros_tensor_list_interfaces:/workspace/cartographer_ws/install/isaac_ros_pointcloud_interfaces:/workspace/cartographer_ws/install/isaac_ros_nova_interfaces:/workspace/cartographer_ws/install/isaac_ros_nitros_bridge_interfaces:/workspace/cartographer_ws/install/isaac_ros_common:/workspace/cartographer_ws/install/isaac_ros_bi3d_interfaces:/workspace/cartographer_ws/install/isaac_ros_apriltag_interfaces:/workspace/cartographer_ws/install/control_msgs:/workspace/cartographer_ws/install/cartographer_ros_msgs:/workspace/cartographer_ws/install/cartographer:/workspace/cartographer_ws/install/absl:/workspace/cartographer_ws/install/isaac_ros_test:/opt/ros/humble LD_LIBRARY_PATH=/workspaces/isaac_ros-dev/install/isaac_ros_common/lib:${LD_LIBRARY_PATH} _=/usr/bin/env /usr/bin/cmake --install /workspaces/isaac_ros-dev/build/isaac_ros_apriltag_interfaces
[20.987s] DEBUG:colcon.colcon_core.event_handler.log_command:Invoked command in '/workspaces/isaac_ros-dev/build/isaac_ros_pointcloud_interfaces' returned '0': AMENT_PREFIX_PATH=/workspaces/isaac_ros-dev/install/isaac_ros_common:${AMENT_PREFIX_PATH} CMAKE_PREFIX_PATH=/workspaces/isaac_ros-dev/install/isaac_ros_common:/workspace/cartographer_ws/install/perception_pcl:/workspace/cartographer_ws/install/pcl_ros:/workspace/cartographer_ws/install/cartographer_rviz:/workspace/cartographer_ws/install/cartographer_ros:/workspace/cartographer_ws/install/pcl_conversions:/workspace/cartographer_ws/install/pcl_msgs:/workspace/cartographer_ws/install/isaac_ros_tensor_list_interfaces:/workspace/cartographer_ws/install/isaac_ros_pointcloud_interfaces:/workspace/cartographer_ws/install/isaac_ros_nova_interfaces:/workspace/cartographer_ws/install/isaac_ros_nitros_bridge_interfaces:/workspace/cartographer_ws/install/isaac_ros_common:/workspace/cartographer_ws/install/isaac_ros_bi3d_interfaces:/workspace/cartographer_ws/install/isaac_ros_apriltag_interfaces:/workspace/cartographer_ws/install/control_msgs:/workspace/cartographer_ws/install/cartographer_ros_msgs:/workspace/cartographer_ws/install/cartographer:/workspace/cartographer_ws/install/absl:/workspace/cartographer_ws/install/isaac_ros_test:/opt/ros/humble LD_LIBRARY_PATH=/workspaces/isaac_ros-dev/install/isaac_ros_common/lib:${LD_LIBRARY_PATH} _=/usr/bin/env /usr/bin/cmake --install /workspaces/isaac_ros-dev/build/isaac_ros_pointcloud_interfaces
[21.018s] Level 1:colcon.colcon_core.environment:checking '/workspaces/isaac_ros-dev/install/isaac_ros_pointcloud_interfaces' for CMake module files
[21.019s] Level 1:colcon.colcon_core.environment:checking '/workspaces/isaac_ros-dev/install/isaac_ros_pointcloud_interfaces' for CMake config files
[21.019s] Level 1:colcon.colcon_core.shell:create_environment_hook('isaac_ros_pointcloud_interfaces', 'cmake_prefix_path')
[21.037s] INFO:colcon.colcon_core.shell:Creating environment hook '/workspaces/isaac_ros-dev/install/isaac_ros_pointcloud_interfaces/share/isaac_ros_pointcloud_interfaces/hook/cmake_prefix_path.ps1'
[21.038s] INFO:colcon.colcon_core.shell:Creating environment descriptor '/workspaces/isaac_ros-dev/install/isaac_ros_pointcloud_interfaces/share/isaac_ros_pointcloud_interfaces/hook/cmake_prefix_path.dsv'
[21.039s] INFO:colcon.colcon_core.shell:Creating environment hook '/workspaces/isaac_ros-dev/install/isaac_ros_pointcloud_interfaces/share/isaac_ros_pointcloud_interfaces/hook/cmake_prefix_path.sh'
[21.040s] Level 1:colcon.colcon_core.environment:checking '/workspaces/isaac_ros-dev/install/isaac_ros_pointcloud_interfaces/lib'
[21.040s] Level 1:colcon.colcon_core.shell:create_environment_hook('isaac_ros_pointcloud_interfaces', 'ld_library_path_lib')
[21.060s] INFO:colcon.colcon_core.shell:Creating environment hook '/workspaces/isaac_ros-dev/install/isaac_ros_pointcloud_interfaces/share/isaac_ros_pointcloud_interfaces/hook/ld_library_path_lib.ps1'
[21.061s] INFO:colcon.colcon_core.shell:Creating environment descriptor '/workspaces/isaac_ros-dev/install/isaac_ros_pointcloud_interfaces/share/isaac_ros_pointcloud_interfaces/hook/ld_library_path_lib.dsv'
[21.061s] INFO:colcon.colcon_core.shell:Creating environment hook '/workspaces/isaac_ros-dev/install/isaac_ros_pointcloud_interfaces/share/isaac_ros_pointcloud_interfaces/hook/ld_library_path_lib.sh'
[21.062s] Level 1:colcon.colcon_core.environment:checking '/workspaces/isaac_ros-dev/install/isaac_ros_pointcloud_interfaces/bin'
[21.062s] Level 1:colcon.colcon_core.environment:checking '/workspaces/isaac_ros-dev/install/isaac_ros_pointcloud_interfaces/lib/pkgconfig/isaac_ros_pointcloud_interfaces.pc'
[21.062s] Level 1:colcon.colcon_core.environment:checking '/workspaces/isaac_ros-dev/install/isaac_ros_pointcloud_interfaces/lib/python3.8/site-packages'
[21.063s] Level 1:colcon.colcon_core.shell:create_environment_hook('isaac_ros_pointcloud_interfaces', 'pythonpath')
[21.095s] INFO:colcon.colcon_core.shell:Creating environment hook '/workspaces/isaac_ros-dev/install/isaac_ros_pointcloud_interfaces/share/isaac_ros_pointcloud_interfaces/hook/pythonpath.ps1'
[21.096s] INFO:colcon.colcon_core.shell:Creating environment descriptor '/workspaces/isaac_ros-dev/install/isaac_ros_pointcloud_interfaces/share/isaac_ros_pointcloud_interfaces/hook/pythonpath.dsv'
[21.096s] INFO:colcon.colcon_core.shell:Creating environment hook '/workspaces/isaac_ros-dev/install/isaac_ros_pointcloud_interfaces/share/isaac_ros_pointcloud_interfaces/hook/pythonpath.sh'
[21.097s] Level 1:colcon.colcon_core.environment:checking '/workspaces/isaac_ros-dev/install/isaac_ros_pointcloud_interfaces/bin'
[21.114s] INFO:colcon.colcon_core.shell:Creating package script '/workspaces/isaac_ros-dev/install/isaac_ros_pointcloud_interfaces/share/isaac_ros_pointcloud_interfaces/package.ps1'
[21.115s] INFO:colcon.colcon_core.shell:Creating package descriptor '/workspaces/isaac_ros-dev/install/isaac_ros_pointcloud_interfaces/share/isaac_ros_pointcloud_interfaces/package.dsv'
[21.116s] INFO:colcon.colcon_core.shell:Creating package script '/workspaces/isaac_ros-dev/install/isaac_ros_pointcloud_interfaces/share/isaac_ros_pointcloud_interfaces/package.sh'
[21.117s] INFO:colcon.colcon_core.shell:Creating package script '/workspaces/isaac_ros-dev/install/isaac_ros_pointcloud_interfaces/share/isaac_ros_pointcloud_interfaces/package.bash'
[21.118s] INFO:colcon.colcon_core.shell:Creating package script '/workspaces/isaac_ros-dev/install/isaac_ros_pointcloud_interfaces/share/isaac_ros_pointcloud_interfaces/package.zsh'
[21.118s] Level 1:colcon.colcon_core.environment:create_file_with_runtime_dependencies(/workspaces/isaac_ros-dev/install/isaac_ros_pointcloud_interfaces/share/colcon-core/packages/isaac_ros_pointcloud_interfaces)
[21.130s] Level 1:colcon.colcon_core.environment:create_environment_scripts_only(isaac_ros_apriltag_interfaces)
[21.133s] DEBUG:colcon.colcon_core.event_handler.log_command:Invoked command in '/workspaces/isaac_ros-dev/build/isaac_ros_apriltag_interfaces' returned '0': AMENT_PREFIX_PATH=/workspaces/isaac_ros-dev/install/isaac_ros_common:${AMENT_PREFIX_PATH} CMAKE_PREFIX_PATH=/workspaces/isaac_ros-dev/install/isaac_ros_common:/workspace/cartographer_ws/install/perception_pcl:/workspace/cartographer_ws/install/pcl_ros:/workspace/cartographer_ws/install/cartographer_rviz:/workspace/cartographer_ws/install/cartographer_ros:/workspace/cartographer_ws/install/pcl_conversions:/workspace/cartographer_ws/install/pcl_msgs:/workspace/cartographer_ws/install/isaac_ros_tensor_list_interfaces:/workspace/cartographer_ws/install/isaac_ros_pointcloud_interfaces:/workspace/cartographer_ws/install/isaac_ros_nova_interfaces:/workspace/cartographer_ws/install/isaac_ros_nitros_bridge_interfaces:/workspace/cartographer_ws/install/isaac_ros_common:/workspace/cartographer_ws/install/isaac_ros_bi3d_interfaces:/workspace/cartographer_ws/install/isaac_ros_apriltag_interfaces:/workspace/cartographer_ws/install/control_msgs:/workspace/cartographer_ws/install/cartographer_ros_msgs:/workspace/cartographer_ws/install/cartographer:/workspace/cartographer_ws/install/absl:/workspace/cartographer_ws/install/isaac_ros_test:/opt/ros/humble LD_LIBRARY_PATH=/workspaces/isaac_ros-dev/install/isaac_ros_common/lib:${LD_LIBRARY_PATH} _=/usr/bin/env /usr/bin/cmake --install /workspaces/isaac_ros-dev/build/isaac_ros_apriltag_interfaces
[21.151s] Level 1:colcon.colcon_core.environment:checking '/workspaces/isaac_ros-dev/install/isaac_ros_apriltag_interfaces' for CMake module files
[21.153s] Level 1:colcon.colcon_core.environment:checking '/workspaces/isaac_ros-dev/install/isaac_ros_apriltag_interfaces' for CMake config files
[21.154s] Level 1:colcon.colcon_core.shell:create_environment_hook('isaac_ros_apriltag_interfaces', 'cmake_prefix_path')
[21.172s] INFO:colcon.colcon_core.shell:Creating environment hook '/workspaces/isaac_ros-dev/install/isaac_ros_apriltag_interfaces/share/isaac_ros_apriltag_interfaces/hook/cmake_prefix_path.ps1'
[21.174s] INFO:colcon.colcon_core.shell:Creating environment descriptor '/workspaces/isaac_ros-dev/install/isaac_ros_apriltag_interfaces/share/isaac_ros_apriltag_interfaces/hook/cmake_prefix_path.dsv'
[21.174s] INFO:colcon.colcon_core.shell:Creating environment hook '/workspaces/isaac_ros-dev/install/isaac_ros_apriltag_interfaces/share/isaac_ros_apriltag_interfaces/hook/cmake_prefix_path.sh'
[21.176s] Level 1:colcon.colcon_core.environment:checking '/workspaces/isaac_ros-dev/install/isaac_ros_apriltag_interfaces/lib'
[21.176s] Level 1:colcon.colcon_core.shell:create_environment_hook('isaac_ros_apriltag_interfaces', 'ld_library_path_lib')
[21.192s] INFO:colcon.colcon_core.shell:Creating environment hook '/workspaces/isaac_ros-dev/install/isaac_ros_apriltag_interfaces/share/isaac_ros_apriltag_interfaces/hook/ld_library_path_lib.ps1'
[21.193s] INFO:colcon.colcon_core.shell:Creating environment descriptor '/workspaces/isaac_ros-dev/install/isaac_ros_apriltag_interfaces/share/isaac_ros_apriltag_interfaces/hook/ld_library_path_lib.dsv'
[21.193s] INFO:colcon.colcon_core.shell:Creating environment hook '/workspaces/isaac_ros-dev/install/isaac_ros_apriltag_interfaces/share/isaac_ros_apriltag_interfaces/hook/ld_library_path_lib.sh'
[21.194s] Level 1:colcon.colcon_core.environment:checking '/workspaces/isaac_ros-dev/install/isaac_ros_apriltag_interfaces/bin'
[21.194s] Level 1:colcon.colcon_core.environment:checking '/workspaces/isaac_ros-dev/install/isaac_ros_apriltag_interfaces/lib/pkgconfig/isaac_ros_apriltag_interfaces.pc'
[21.194s] Level 1:colcon.colcon_core.environment:checking '/workspaces/isaac_ros-dev/install/isaac_ros_apriltag_interfaces/lib/python3.8/site-packages'
[21.195s] Level 1:colcon.colcon_core.shell:create_environment_hook('isaac_ros_apriltag_interfaces', 'pythonpath')
[21.211s] INFO:colcon.colcon_core.shell:Creating environment hook '/workspaces/isaac_ros-dev/install/isaac_ros_apriltag_interfaces/share/isaac_ros_apriltag_interfaces/hook/pythonpath.ps1'
[21.212s] INFO:colcon.colcon_core.shell:Creating environment descriptor '/workspaces/isaac_ros-dev/install/isaac_ros_apriltag_interfaces/share/isaac_ros_apriltag_interfaces/hook/pythonpath.dsv'
[21.213s] INFO:colcon.colcon_core.shell:Creating environment hook '/workspaces/isaac_ros-dev/install/isaac_ros_apriltag_interfaces/share/isaac_ros_apriltag_interfaces/hook/pythonpath.sh'
[21.213s] Level 1:colcon.colcon_core.environment:checking '/workspaces/isaac_ros-dev/install/isaac_ros_apriltag_interfaces/bin'
[21.280s] INFO:colcon.colcon_core.shell:Creating package script '/workspaces/isaac_ros-dev/install/isaac_ros_apriltag_interfaces/share/isaac_ros_apriltag_interfaces/package.ps1'
[21.281s] INFO:colcon.colcon_core.shell:Creating package descriptor '/workspaces/isaac_ros-dev/install/isaac_ros_apriltag_interfaces/share/isaac_ros_apriltag_interfaces/package.dsv'
[21.282s] INFO:colcon.colcon_core.shell:Creating package script '/workspaces/isaac_ros-dev/install/isaac_ros_apriltag_interfaces/share/isaac_ros_apriltag_interfaces/package.sh'
[21.282s] INFO:colcon.colcon_core.shell:Creating package script '/workspaces/isaac_ros-dev/install/isaac_ros_apriltag_interfaces/share/isaac_ros_apriltag_interfaces/package.bash'
[21.283s] INFO:colcon.colcon_core.shell:Creating package script '/workspaces/isaac_ros-dev/install/isaac_ros_apriltag_interfaces/share/isaac_ros_apriltag_interfaces/package.zsh'
[21.283s] Level 1:colcon.colcon_core.environment:create_file_with_runtime_dependencies(/workspaces/isaac_ros-dev/install/isaac_ros_apriltag_interfaces/share/colcon-core/packages/isaac_ros_apriltag_interfaces)
[21.300s] DEBUG:colcon.colcon_core.event_handler.log_command:Invoking command in '/workspaces/isaac_ros-dev/build/isaac_ros_nova_interfaces': AMENT_PREFIX_PATH=/workspaces/isaac_ros-dev/install/isaac_ros_common:${AMENT_PREFIX_PATH} CMAKE_PREFIX_PATH=/workspaces/isaac_ros-dev/install/isaac_ros_common:/workspace/cartographer_ws/install/perception_pcl:/workspace/cartographer_ws/install/pcl_ros:/workspace/cartographer_ws/install/cartographer_rviz:/workspace/cartographer_ws/install/cartographer_ros:/workspace/cartographer_ws/install/pcl_conversions:/workspace/cartographer_ws/install/pcl_msgs:/workspace/cartographer_ws/install/isaac_ros_tensor_list_interfaces:/workspace/cartographer_ws/install/isaac_ros_pointcloud_interfaces:/workspace/cartographer_ws/install/isaac_ros_nova_interfaces:/workspace/cartographer_ws/install/isaac_ros_nitros_bridge_interfaces:/workspace/cartographer_ws/install/isaac_ros_common:/workspace/cartographer_ws/install/isaac_ros_bi3d_interfaces:/workspace/cartographer_ws/install/isaac_ros_apriltag_interfaces:/workspace/cartographer_ws/install/control_msgs:/workspace/cartographer_ws/install/cartographer_ros_msgs:/workspace/cartographer_ws/install/cartographer:/workspace/cartographer_ws/install/absl:/workspace/cartographer_ws/install/isaac_ros_test:/opt/ros/humble LD_LIBRARY_PATH=/workspaces/isaac_ros-dev/install/isaac_ros_common/lib:${LD_LIBRARY_PATH} _=/usr/bin/env /usr/bin/cmake --install /workspaces/isaac_ros-dev/build/isaac_ros_nova_interfaces
[21.321s] Level 1:colcon.colcon_core.environment:create_environment_scripts_only(isaac_ros_bi3d_interfaces)
[21.339s] Level 1:colcon.colcon_core.environment:checking '/workspaces/isaac_ros-dev/install/isaac_ros_bi3d_interfaces' for CMake module files
[21.340s] Level 1:colcon.colcon_core.environment:checking '/workspaces/isaac_ros-dev/install/isaac_ros_bi3d_interfaces' for CMake config files
[21.340s] Level 1:colcon.colcon_core.shell:create_environment_hook('isaac_ros_bi3d_interfaces', 'cmake_prefix_path')
[21.356s] INFO:colcon.colcon_core.shell:Creating environment hook '/workspaces/isaac_ros-dev/install/isaac_ros_bi3d_interfaces/share/isaac_ros_bi3d_interfaces/hook/cmake_prefix_path.ps1'
[21.358s] INFO:colcon.colcon_core.shell:Creating environment descriptor '/workspaces/isaac_ros-dev/install/isaac_ros_bi3d_interfaces/share/isaac_ros_bi3d_interfaces/hook/cmake_prefix_path.dsv'
[21.359s] INFO:colcon.colcon_core.shell:Creating environment hook '/workspaces/isaac_ros-dev/install/isaac_ros_bi3d_interfaces/share/isaac_ros_bi3d_interfaces/hook/cmake_prefix_path.sh'
[21.360s] Level 1:colcon.colcon_core.environment:checking '/workspaces/isaac_ros-dev/install/isaac_ros_bi3d_interfaces/lib'
[21.360s] Level 1:colcon.colcon_core.shell:create_environment_hook('isaac_ros_bi3d_interfaces', 'ld_library_path_lib')
[21.381s] INFO:colcon.colcon_core.shell:Creating environment hook '/workspaces/isaac_ros-dev/install/isaac_ros_bi3d_interfaces/share/isaac_ros_bi3d_interfaces/hook/ld_library_path_lib.ps1'
[21.382s] INFO:colcon.colcon_core.shell:Creating environment descriptor '/workspaces/isaac_ros-dev/install/isaac_ros_bi3d_interfaces/share/isaac_ros_bi3d_interfaces/hook/ld_library_path_lib.dsv'
[21.383s] INFO:colcon.colcon_core.shell:Creating environment hook '/workspaces/isaac_ros-dev/install/isaac_ros_bi3d_interfaces/share/isaac_ros_bi3d_interfaces/hook/ld_library_path_lib.sh'
[21.383s] Level 1:colcon.colcon_core.environment:checking '/workspaces/isaac_ros-dev/install/isaac_ros_bi3d_interfaces/bin'
[21.384s] Level 1:colcon.colcon_core.environment:checking '/workspaces/isaac_ros-dev/install/isaac_ros_bi3d_interfaces/lib/pkgconfig/isaac_ros_bi3d_interfaces.pc'
[21.384s] Level 1:colcon.colcon_core.environment:checking '/workspaces/isaac_ros-dev/install/isaac_ros_bi3d_interfaces/lib/python3.8/site-packages'
[21.384s] Level 1:colcon.colcon_core.shell:create_environment_hook('isaac_ros_bi3d_interfaces', 'pythonpath')
[21.401s] INFO:colcon.colcon_core.shell:Creating environment hook '/workspaces/isaac_ros-dev/install/isaac_ros_bi3d_interfaces/share/isaac_ros_bi3d_interfaces/hook/pythonpath.ps1'
[21.403s] INFO:colcon.colcon_core.shell:Creating environment descriptor '/workspaces/isaac_ros-dev/install/isaac_ros_bi3d_interfaces/share/isaac_ros_bi3d_interfaces/hook/pythonpath.dsv'
[21.403s] INFO:colcon.colcon_core.shell:Creating environment hook '/workspaces/isaac_ros-dev/install/isaac_ros_bi3d_interfaces/share/isaac_ros_bi3d_interfaces/hook/pythonpath.sh'
[21.404s] Level 1:colcon.colcon_core.environment:checking '/workspaces/isaac_ros-dev/install/isaac_ros_bi3d_interfaces/bin'
[21.421s] INFO:colcon.colcon_core.shell:Creating package script '/workspaces/isaac_ros-dev/install/isaac_ros_bi3d_interfaces/share/isaac_ros_bi3d_interfaces/package.ps1'
[21.422s] INFO:colcon.colcon_core.shell:Creating package descriptor '/workspaces/isaac_ros-dev/install/isaac_ros_bi3d_interfaces/share/isaac_ros_bi3d_interfaces/package.dsv'
[21.423s] INFO:colcon.colcon_core.shell:Creating package script '/workspaces/isaac_ros-dev/install/isaac_ros_bi3d_interfaces/share/isaac_ros_bi3d_interfaces/package.sh'
[21.424s] INFO:colcon.colcon_core.shell:Creating package script '/workspaces/isaac_ros-dev/install/isaac_ros_bi3d_interfaces/share/isaac_ros_bi3d_interfaces/package.bash'
[21.425s] INFO:colcon.colcon_core.shell:Creating package script '/workspaces/isaac_ros-dev/install/isaac_ros_bi3d_interfaces/share/isaac_ros_bi3d_interfaces/package.zsh'
[21.425s] Level 1:colcon.colcon_core.environment:create_file_with_runtime_dependencies(/workspaces/isaac_ros-dev/install/isaac_ros_bi3d_interfaces/share/colcon-core/packages/isaac_ros_bi3d_interfaces)
[21.445s] Level 1:colcon.colcon_core.environment:create_environment_scripts_only(isaac_ros_nova_interfaces)
[21.459s] DEBUG:colcon.colcon_core.event_handler.log_command:Invoked command in '/workspaces/isaac_ros-dev/build/isaac_ros_nova_interfaces' returned '0': AMENT_PREFIX_PATH=/workspaces/isaac_ros-dev/install/isaac_ros_common:${AMENT_PREFIX_PATH} CMAKE_PREFIX_PATH=/workspaces/isaac_ros-dev/install/isaac_ros_common:/workspace/cartographer_ws/install/perception_pcl:/workspace/cartographer_ws/install/pcl_ros:/workspace/cartographer_ws/install/cartographer_rviz:/workspace/cartographer_ws/install/cartographer_ros:/workspace/cartographer_ws/install/pcl_conversions:/workspace/cartographer_ws/install/pcl_msgs:/workspace/cartographer_ws/install/isaac_ros_tensor_list_interfaces:/workspace/cartographer_ws/install/isaac_ros_pointcloud_interfaces:/workspace/cartographer_ws/install/isaac_ros_nova_interfaces:/workspace/cartographer_ws/install/isaac_ros_nitros_bridge_interfaces:/workspace/cartographer_ws/install/isaac_ros_common:/workspace/cartographer_ws/install/isaac_ros_bi3d_interfaces:/workspace/cartographer_ws/install/isaac_ros_apriltag_interfaces:/workspace/cartographer_ws/install/control_msgs:/workspace/cartographer_ws/install/cartographer_ros_msgs:/workspace/cartographer_ws/install/cartographer:/workspace/cartographer_ws/install/absl:/workspace/cartographer_ws/install/isaac_ros_test:/opt/ros/humble LD_LIBRARY_PATH=/workspaces/isaac_ros-dev/install/isaac_ros_common/lib:${LD_LIBRARY_PATH} _=/usr/bin/env /usr/bin/cmake --install /workspaces/isaac_ros-dev/build/isaac_ros_nova_interfaces
[21.473s] Level 1:colcon.colcon_core.environment:checking '/workspaces/isaac_ros-dev/install/isaac_ros_nova_interfaces' for CMake module files
[21.475s] Level 1:colcon.colcon_core.environment:checking '/workspaces/isaac_ros-dev/install/isaac_ros_nova_interfaces' for CMake config files
[21.475s] Level 1:colcon.colcon_core.shell:create_environment_hook('isaac_ros_nova_interfaces', 'cmake_prefix_path')
[21.492s] INFO:colcon.colcon_core.shell:Creating environment hook '/workspaces/isaac_ros-dev/install/isaac_ros_nova_interfaces/share/isaac_ros_nova_interfaces/hook/cmake_prefix_path.ps1'
[21.493s] INFO:colcon.colcon_core.shell:Creating environment descriptor '/workspaces/isaac_ros-dev/install/isaac_ros_nova_interfaces/share/isaac_ros_nova_interfaces/hook/cmake_prefix_path.dsv'
[21.494s] INFO:colcon.colcon_core.shell:Creating environment hook '/workspaces/isaac_ros-dev/install/isaac_ros_nova_interfaces/share/isaac_ros_nova_interfaces/hook/cmake_prefix_path.sh'
[21.495s] Level 1:colcon.colcon_core.environment:checking '/workspaces/isaac_ros-dev/install/isaac_ros_nova_interfaces/lib'
[21.495s] Level 1:colcon.colcon_core.shell:create_environment_hook('isaac_ros_nova_interfaces', 'ld_library_path_lib')
[21.512s] INFO:colcon.colcon_core.shell:Creating environment hook '/workspaces/isaac_ros-dev/install/isaac_ros_nova_interfaces/share/isaac_ros_nova_interfaces/hook/ld_library_path_lib.ps1'
[21.513s] INFO:colcon.colcon_core.shell:Creating environment descriptor '/workspaces/isaac_ros-dev/install/isaac_ros_nova_interfaces/share/isaac_ros_nova_interfaces/hook/ld_library_path_lib.dsv'
[21.514s] INFO:colcon.colcon_core.shell:Creating environment hook '/workspaces/isaac_ros-dev/install/isaac_ros_nova_interfaces/share/isaac_ros_nova_interfaces/hook/ld_library_path_lib.sh'
[21.514s] Level 1:colcon.colcon_core.environment:checking '/workspaces/isaac_ros-dev/install/isaac_ros_nova_interfaces/bin'
[21.515s] Level 1:colcon.colcon_core.environment:checking '/workspaces/isaac_ros-dev/install/isaac_ros_nova_interfaces/lib/pkgconfig/isaac_ros_nova_interfaces.pc'
[21.515s] Level 1:colcon.colcon_core.environment:checking '/workspaces/isaac_ros-dev/install/isaac_ros_nova_interfaces/lib/python3.8/site-packages'
[21.515s] Level 1:colcon.colcon_core.shell:create_environment_hook('isaac_ros_nova_interfaces', 'pythonpath')
[21.532s] INFO:colcon.colcon_core.shell:Creating environment hook '/workspaces/isaac_ros-dev/install/isaac_ros_nova_interfaces/share/isaac_ros_nova_interfaces/hook/pythonpath.ps1'
[21.534s] INFO:colcon.colcon_core.shell:Creating environment descriptor '/workspaces/isaac_ros-dev/install/isaac_ros_nova_interfaces/share/isaac_ros_nova_interfaces/hook/pythonpath.dsv'
[21.534s] INFO:colcon.colcon_core.shell:Creating environment hook '/workspaces/isaac_ros-dev/install/isaac_ros_nova_interfaces/share/isaac_ros_nova_interfaces/hook/pythonpath.sh'
[21.535s] Level 1:colcon.colcon_core.environment:checking '/workspaces/isaac_ros-dev/install/isaac_ros_nova_interfaces/bin'
[21.552s] INFO:colcon.colcon_core.shell:Creating package script '/workspaces/isaac_ros-dev/install/isaac_ros_nova_interfaces/share/isaac_ros_nova_interfaces/package.ps1'
[21.553s] INFO:colcon.colcon_core.shell:Creating package descriptor '/workspaces/isaac_ros-dev/install/isaac_ros_nova_interfaces/share/isaac_ros_nova_interfaces/package.dsv'
[21.554s] INFO:colcon.colcon_core.shell:Creating package script '/workspaces/isaac_ros-dev/install/isaac_ros_nova_interfaces/share/isaac_ros_nova_interfaces/package.sh'
[21.555s] INFO:colcon.colcon_core.shell:Creating package script '/workspaces/isaac_ros-dev/install/isaac_ros_nova_interfaces/share/isaac_ros_nova_interfaces/package.bash'
[21.556s] INFO:colcon.colcon_core.shell:Creating package script '/workspaces/isaac_ros-dev/install/isaac_ros_nova_interfaces/share/isaac_ros_nova_interfaces/package.zsh'
[21.557s] Level 1:colcon.colcon_core.environment:create_file_with_runtime_dependencies(/workspaces/isaac_ros-dev/install/isaac_ros_nova_interfaces/share/colcon-core/packages/isaac_ros_nova_interfaces)
[21.585s] Level 1:colcon.colcon_core.environment:create_environment_scripts_only(isaac_ros_nitros_bridge_interfaces)
[21.603s] Level 1:colcon.colcon_core.environment:checking '/workspaces/isaac_ros-dev/install/isaac_ros_nitros_bridge_interfaces' for CMake module files
[21.605s] Level 1:colcon.colcon_core.environment:checking '/workspaces/isaac_ros-dev/install/isaac_ros_nitros_bridge_interfaces' for CMake config files
[21.605s] Level 1:colcon.colcon_core.shell:create_environment_hook('isaac_ros_nitros_bridge_interfaces', 'cmake_prefix_path')
[21.622s] INFO:colcon.colcon_core.shell:Creating environment hook '/workspaces/isaac_ros-dev/install/isaac_ros_nitros_bridge_interfaces/share/isaac_ros_nitros_bridge_interfaces/hook/cmake_prefix_path.ps1'
[21.623s] INFO:colcon.colcon_core.shell:Creating environment descriptor '/workspaces/isaac_ros-dev/install/isaac_ros_nitros_bridge_interfaces/share/isaac_ros_nitros_bridge_interfaces/hook/cmake_prefix_path.dsv'
[21.624s] INFO:colcon.colcon_core.shell:Creating environment hook '/workspaces/isaac_ros-dev/install/isaac_ros_nitros_bridge_interfaces/share/isaac_ros_nitros_bridge_interfaces/hook/cmake_prefix_path.sh'
[21.625s] Level 1:colcon.colcon_core.environment:checking '/workspaces/isaac_ros-dev/install/isaac_ros_nitros_bridge_interfaces/lib'
[21.626s] Level 1:colcon.colcon_core.shell:create_environment_hook('isaac_ros_nitros_bridge_interfaces', 'ld_library_path_lib')
[21.642s] INFO:colcon.colcon_core.shell:Creating environment hook '/workspaces/isaac_ros-dev/install/isaac_ros_nitros_bridge_interfaces/share/isaac_ros_nitros_bridge_interfaces/hook/ld_library_path_lib.ps1'
[21.643s] INFO:colcon.colcon_core.shell:Creating environment descriptor '/workspaces/isaac_ros-dev/install/isaac_ros_nitros_bridge_interfaces/share/isaac_ros_nitros_bridge_interfaces/hook/ld_library_path_lib.dsv'
[21.643s] INFO:colcon.colcon_core.shell:Creating environment hook '/workspaces/isaac_ros-dev/install/isaac_ros_nitros_bridge_interfaces/share/isaac_ros_nitros_bridge_interfaces/hook/ld_library_path_lib.sh'
[21.644s] Level 1:colcon.colcon_core.environment:checking '/workspaces/isaac_ros-dev/install/isaac_ros_nitros_bridge_interfaces/bin'
[21.644s] Level 1:colcon.colcon_core.environment:checking '/workspaces/isaac_ros-dev/install/isaac_ros_nitros_bridge_interfaces/lib/pkgconfig/isaac_ros_nitros_bridge_interfaces.pc'
[21.644s] Level 1:colcon.colcon_core.environment:checking '/workspaces/isaac_ros-dev/install/isaac_ros_nitros_bridge_interfaces/lib/python3.8/site-packages'
[21.644s] Level 1:colcon.colcon_core.shell:create_environment_hook('isaac_ros_nitros_bridge_interfaces', 'pythonpath')
[21.660s] INFO:colcon.colcon_core.shell:Creating environment hook '/workspaces/isaac_ros-dev/install/isaac_ros_nitros_bridge_interfaces/share/isaac_ros_nitros_bridge_interfaces/hook/pythonpath.ps1'
[21.661s] INFO:colcon.colcon_core.shell:Creating environment descriptor '/workspaces/isaac_ros-dev/install/isaac_ros_nitros_bridge_interfaces/share/isaac_ros_nitros_bridge_interfaces/hook/pythonpath.dsv'
[21.662s] INFO:colcon.colcon_core.shell:Creating environment hook '/workspaces/isaac_ros-dev/install/isaac_ros_nitros_bridge_interfaces/share/isaac_ros_nitros_bridge_interfaces/hook/pythonpath.sh'
[21.663s] Level 1:colcon.colcon_core.environment:checking '/workspaces/isaac_ros-dev/install/isaac_ros_nitros_bridge_interfaces/bin'
[21.681s] INFO:colcon.colcon_core.shell:Creating package script '/workspaces/isaac_ros-dev/install/isaac_ros_nitros_bridge_interfaces/share/isaac_ros_nitros_bridge_interfaces/package.ps1'
[21.682s] INFO:colcon.colcon_core.shell:Creating package descriptor '/workspaces/isaac_ros-dev/install/isaac_ros_nitros_bridge_interfaces/share/isaac_ros_nitros_bridge_interfaces/package.dsv'
[21.683s] INFO:colcon.colcon_core.shell:Creating package script '/workspaces/isaac_ros-dev/install/isaac_ros_nitros_bridge_interfaces/share/isaac_ros_nitros_bridge_interfaces/package.sh'
[21.683s] INFO:colcon.colcon_core.shell:Creating package script '/workspaces/isaac_ros-dev/install/isaac_ros_nitros_bridge_interfaces/share/isaac_ros_nitros_bridge_interfaces/package.bash'
[21.684s] INFO:colcon.colcon_core.shell:Creating package script '/workspaces/isaac_ros-dev/install/isaac_ros_nitros_bridge_interfaces/share/isaac_ros_nitros_bridge_interfaces/package.zsh'
[21.684s] Level 1:colcon.colcon_core.environment:create_file_with_runtime_dependencies(/workspaces/isaac_ros-dev/install/isaac_ros_nitros_bridge_interfaces/share/colcon-core/packages/isaac_ros_nitros_bridge_interfaces)
[21.899s] DEBUG:colcon.colcon_core.event_handler.log_command:Invoking command in '/workspaces/isaac_ros-dev/build/isaac_ros_tensor_list_interfaces': AMENT_PREFIX_PATH=/workspaces/isaac_ros-dev/install/isaac_ros_common:${AMENT_PREFIX_PATH} CMAKE_PREFIX_PATH=/workspaces/isaac_ros-dev/install/isaac_ros_common:/workspace/cartographer_ws/install/perception_pcl:/workspace/cartographer_ws/install/pcl_ros:/workspace/cartographer_ws/install/cartographer_rviz:/workspace/cartographer_ws/install/cartographer_ros:/workspace/cartographer_ws/install/pcl_conversions:/workspace/cartographer_ws/install/pcl_msgs:/workspace/cartographer_ws/install/isaac_ros_tensor_list_interfaces:/workspace/cartographer_ws/install/isaac_ros_pointcloud_interfaces:/workspace/cartographer_ws/install/isaac_ros_nova_interfaces:/workspace/cartographer_ws/install/isaac_ros_nitros_bridge_interfaces:/workspace/cartographer_ws/install/isaac_ros_common:/workspace/cartographer_ws/install/isaac_ros_bi3d_interfaces:/workspace/cartographer_ws/install/isaac_ros_apriltag_interfaces:/workspace/cartographer_ws/install/control_msgs:/workspace/cartographer_ws/install/cartographer_ros_msgs:/workspace/cartographer_ws/install/cartographer:/workspace/cartographer_ws/install/absl:/workspace/cartographer_ws/install/isaac_ros_test:/opt/ros/humble LD_LIBRARY_PATH=/workspaces/isaac_ros-dev/install/isaac_ros_common/lib:${LD_LIBRARY_PATH} _=/usr/bin/env /usr/bin/cmake --install /workspaces/isaac_ros-dev/build/isaac_ros_tensor_list_interfaces
[21.947s] Level 1:colcon.colcon_core.environment:create_environment_scripts_only(isaac_ros_pointcloud_interfaces)
[21.963s] Level 1:colcon.colcon_core.environment:checking '/workspaces/isaac_ros-dev/install/isaac_ros_pointcloud_interfaces' for CMake module files
[21.964s] Level 1:colcon.colcon_core.environment:checking '/workspaces/isaac_ros-dev/install/isaac_ros_pointcloud_interfaces' for CMake config files
[21.965s] Level 1:colcon.colcon_core.shell:create_environment_hook('isaac_ros_pointcloud_interfaces', 'cmake_prefix_path')
[21.983s] INFO:colcon.colcon_core.shell:Creating environment hook '/workspaces/isaac_ros-dev/install/isaac_ros_pointcloud_interfaces/share/isaac_ros_pointcloud_interfaces/hook/cmake_prefix_path.ps1'
[21.984s] INFO:colcon.colcon_core.shell:Creating environment descriptor '/workspaces/isaac_ros-dev/install/isaac_ros_pointcloud_interfaces/share/isaac_ros_pointcloud_interfaces/hook/cmake_prefix_path.dsv'
[21.984s] INFO:colcon.colcon_core.shell:Creating environment hook '/workspaces/isaac_ros-dev/install/isaac_ros_pointcloud_interfaces/share/isaac_ros_pointcloud_interfaces/hook/cmake_prefix_path.sh'
[21.985s] Level 1:colcon.colcon_core.environment:checking '/workspaces/isaac_ros-dev/install/isaac_ros_pointcloud_interfaces/lib'
[21.985s] Level 1:colcon.colcon_core.shell:create_environment_hook('isaac_ros_pointcloud_interfaces', 'ld_library_path_lib')
[22.014s] INFO:colcon.colcon_core.shell:Creating environment hook '/workspaces/isaac_ros-dev/install/isaac_ros_pointcloud_interfaces/share/isaac_ros_pointcloud_interfaces/hook/ld_library_path_lib.ps1'
[22.015s] INFO:colcon.colcon_core.shell:Creating environment descriptor '/workspaces/isaac_ros-dev/install/isaac_ros_pointcloud_interfaces/share/isaac_ros_pointcloud_interfaces/hook/ld_library_path_lib.dsv'
[22.016s] INFO:colcon.colcon_core.shell:Creating environment hook '/workspaces/isaac_ros-dev/install/isaac_ros_pointcloud_interfaces/share/isaac_ros_pointcloud_interfaces/hook/ld_library_path_lib.sh'
[22.018s] Level 1:colcon.colcon_core.environment:checking '/workspaces/isaac_ros-dev/install/isaac_ros_pointcloud_interfaces/bin'
[22.018s] Level 1:colcon.colcon_core.environment:checking '/workspaces/isaac_ros-dev/install/isaac_ros_pointcloud_interfaces/lib/pkgconfig/isaac_ros_pointcloud_interfaces.pc'
[22.018s] Level 1:colcon.colcon_core.environment:checking '/workspaces/isaac_ros-dev/install/isaac_ros_pointcloud_interfaces/lib/python3.8/site-packages'
[22.019s] Level 1:colcon.colcon_core.shell:create_environment_hook('isaac_ros_pointcloud_interfaces', 'pythonpath')
[22.036s] INFO:colcon.colcon_core.shell:Creating environment hook '/workspaces/isaac_ros-dev/install/isaac_ros_pointcloud_interfaces/share/isaac_ros_pointcloud_interfaces/hook/pythonpath.ps1'
[22.037s] INFO:colcon.colcon_core.shell:Creating environment descriptor '/workspaces/isaac_ros-dev/install/isaac_ros_pointcloud_interfaces/share/isaac_ros_pointcloud_interfaces/hook/pythonpath.dsv'
[22.038s] INFO:colcon.colcon_core.shell:Creating environment hook '/workspaces/isaac_ros-dev/install/isaac_ros_pointcloud_interfaces/share/isaac_ros_pointcloud_interfaces/hook/pythonpath.sh'
[22.039s] Level 1:colcon.colcon_core.environment:checking '/workspaces/isaac_ros-dev/install/isaac_ros_pointcloud_interfaces/bin'
[22.054s] INFO:colcon.colcon_core.shell:Creating package script '/workspaces/isaac_ros-dev/install/isaac_ros_pointcloud_interfaces/share/isaac_ros_pointcloud_interfaces/package.ps1'
[22.055s] INFO:colcon.colcon_core.shell:Creating package descriptor '/workspaces/isaac_ros-dev/install/isaac_ros_pointcloud_interfaces/share/isaac_ros_pointcloud_interfaces/package.dsv'
[22.056s] INFO:colcon.colcon_core.shell:Creating package script '/workspaces/isaac_ros-dev/install/isaac_ros_pointcloud_interfaces/share/isaac_ros_pointcloud_interfaces/package.sh'
[22.057s] INFO:colcon.colcon_core.shell:Creating package script '/workspaces/isaac_ros-dev/install/isaac_ros_pointcloud_interfaces/share/isaac_ros_pointcloud_interfaces/package.bash'
[22.057s] INFO:colcon.colcon_core.shell:Creating package script '/workspaces/isaac_ros-dev/install/isaac_ros_pointcloud_interfaces/share/isaac_ros_pointcloud_interfaces/package.zsh'
[22.058s] Level 1:colcon.colcon_core.environment:create_file_with_runtime_dependencies(/workspaces/isaac_ros-dev/install/isaac_ros_pointcloud_interfaces/share/colcon-core/packages/isaac_ros_pointcloud_interfaces)
[22.060s] Level 1:colcon.colcon_core.environment:create_environment_scripts_only(isaac_ros_tensor_list_interfaces)
[22.062s] DEBUG:colcon.colcon_core.event_handler.log_command:Invoked command in '/workspaces/isaac_ros-dev/build/isaac_ros_tensor_list_interfaces' returned '0': AMENT_PREFIX_PATH=/workspaces/isaac_ros-dev/install/isaac_ros_common:${AMENT_PREFIX_PATH} CMAKE_PREFIX_PATH=/workspaces/isaac_ros-dev/install/isaac_ros_common:/workspace/cartographer_ws/install/perception_pcl:/workspace/cartographer_ws/install/pcl_ros:/workspace/cartographer_ws/install/cartographer_rviz:/workspace/cartographer_ws/install/cartographer_ros:/workspace/cartographer_ws/install/pcl_conversions:/workspace/cartographer_ws/install/pcl_msgs:/workspace/cartographer_ws/install/isaac_ros_tensor_list_interfaces:/workspace/cartographer_ws/install/isaac_ros_pointcloud_interfaces:/workspace/cartographer_ws/install/isaac_ros_nova_interfaces:/workspace/cartographer_ws/install/isaac_ros_nitros_bridge_interfaces:/workspace/cartographer_ws/install/isaac_ros_common:/workspace/cartographer_ws/install/isaac_ros_bi3d_interfaces:/workspace/cartographer_ws/install/isaac_ros_apriltag_interfaces:/workspace/cartographer_ws/install/control_msgs:/workspace/cartographer_ws/install/cartographer_ros_msgs:/workspace/cartographer_ws/install/cartographer:/workspace/cartographer_ws/install/absl:/workspace/cartographer_ws/install/isaac_ros_test:/opt/ros/humble LD_LIBRARY_PATH=/workspaces/isaac_ros-dev/install/isaac_ros_common/lib:${LD_LIBRARY_PATH} _=/usr/bin/env /usr/bin/cmake --install /workspaces/isaac_ros-dev/build/isaac_ros_tensor_list_interfaces
[22.079s] Level 1:colcon.colcon_core.environment:checking '/workspaces/isaac_ros-dev/install/isaac_ros_tensor_list_interfaces' for CMake module files
[22.080s] Level 1:colcon.colcon_core.environment:checking '/workspaces/isaac_ros-dev/install/isaac_ros_tensor_list_interfaces' for CMake config files
[22.080s] Level 1:colcon.colcon_core.shell:create_environment_hook('isaac_ros_tensor_list_interfaces', 'cmake_prefix_path')
[22.096s] INFO:colcon.colcon_core.shell:Creating environment hook '/workspaces/isaac_ros-dev/install/isaac_ros_tensor_list_interfaces/share/isaac_ros_tensor_list_interfaces/hook/cmake_prefix_path.ps1'
[22.097s] INFO:colcon.colcon_core.shell:Creating environment descriptor '/workspaces/isaac_ros-dev/install/isaac_ros_tensor_list_interfaces/share/isaac_ros_tensor_list_interfaces/hook/cmake_prefix_path.dsv'
[22.098s] INFO:colcon.colcon_core.shell:Creating environment hook '/workspaces/isaac_ros-dev/install/isaac_ros_tensor_list_interfaces/share/isaac_ros_tensor_list_interfaces/hook/cmake_prefix_path.sh'
[22.099s] Level 1:colcon.colcon_core.environment:checking '/workspaces/isaac_ros-dev/install/isaac_ros_tensor_list_interfaces/lib'
[22.099s] Level 1:colcon.colcon_core.shell:create_environment_hook('isaac_ros_tensor_list_interfaces', 'ld_library_path_lib')
[22.115s] INFO:colcon.colcon_core.shell:Creating environment hook '/workspaces/isaac_ros-dev/install/isaac_ros_tensor_list_interfaces/share/isaac_ros_tensor_list_interfaces/hook/ld_library_path_lib.ps1'
[22.116s] INFO:colcon.colcon_core.shell:Creating environment descriptor '/workspaces/isaac_ros-dev/install/isaac_ros_tensor_list_interfaces/share/isaac_ros_tensor_list_interfaces/hook/ld_library_path_lib.dsv'
[22.116s] INFO:colcon.colcon_core.shell:Creating environment hook '/workspaces/isaac_ros-dev/install/isaac_ros_tensor_list_interfaces/share/isaac_ros_tensor_list_interfaces/hook/ld_library_path_lib.sh'
[22.117s] Level 1:colcon.colcon_core.environment:checking '/workspaces/isaac_ros-dev/install/isaac_ros_tensor_list_interfaces/bin'
[22.117s] Level 1:colcon.colcon_core.environment:checking '/workspaces/isaac_ros-dev/install/isaac_ros_tensor_list_interfaces/lib/pkgconfig/isaac_ros_tensor_list_interfaces.pc'
[22.117s] Level 1:colcon.colcon_core.environment:checking '/workspaces/isaac_ros-dev/install/isaac_ros_tensor_list_interfaces/lib/python3.8/site-packages'
[22.117s] Level 1:colcon.colcon_core.shell:create_environment_hook('isaac_ros_tensor_list_interfaces', 'pythonpath')
[22.133s] INFO:colcon.colcon_core.shell:Creating environment hook '/workspaces/isaac_ros-dev/install/isaac_ros_tensor_list_interfaces/share/isaac_ros_tensor_list_interfaces/hook/pythonpath.ps1'
[22.134s] INFO:colcon.colcon_core.shell:Creating environment descriptor '/workspaces/isaac_ros-dev/install/isaac_ros_tensor_list_interfaces/share/isaac_ros_tensor_list_interfaces/hook/pythonpath.dsv'
[22.134s] INFO:colcon.colcon_core.shell:Creating environment hook '/workspaces/isaac_ros-dev/install/isaac_ros_tensor_list_interfaces/share/isaac_ros_tensor_list_interfaces/hook/pythonpath.sh'
[22.135s] Level 1:colcon.colcon_core.environment:checking '/workspaces/isaac_ros-dev/install/isaac_ros_tensor_list_interfaces/bin'
[22.151s] INFO:colcon.colcon_core.shell:Creating package script '/workspaces/isaac_ros-dev/install/isaac_ros_tensor_list_interfaces/share/isaac_ros_tensor_list_interfaces/package.ps1'
[22.152s] INFO:colcon.colcon_core.shell:Creating package descriptor '/workspaces/isaac_ros-dev/install/isaac_ros_tensor_list_interfaces/share/isaac_ros_tensor_list_interfaces/package.dsv'
[22.153s] INFO:colcon.colcon_core.shell:Creating package script '/workspaces/isaac_ros-dev/install/isaac_ros_tensor_list_interfaces/share/isaac_ros_tensor_list_interfaces/package.sh'
[22.154s] INFO:colcon.colcon_core.shell:Creating package script '/workspaces/isaac_ros-dev/install/isaac_ros_tensor_list_interfaces/share/isaac_ros_tensor_list_interfaces/package.bash'
[22.154s] INFO:colcon.colcon_core.shell:Creating package script '/workspaces/isaac_ros-dev/install/isaac_ros_tensor_list_interfaces/share/isaac_ros_tensor_list_interfaces/package.zsh'
[22.155s] Level 1:colcon.colcon_core.environment:create_file_with_runtime_dependencies(/workspaces/isaac_ros-dev/install/isaac_ros_tensor_list_interfaces/share/colcon-core/packages/isaac_ros_tensor_list_interfaces)
[22.411s] Level 1:colcon.colcon_core.environment:create_environment_scripts_only(isaac_ros_apriltag_interfaces)
[22.427s] Level 1:colcon.colcon_core.environment:checking '/workspaces/isaac_ros-dev/install/isaac_ros_apriltag_interfaces' for CMake module files
[22.428s] Level 1:colcon.colcon_core.environment:checking '/workspaces/isaac_ros-dev/install/isaac_ros_apriltag_interfaces' for CMake config files
[22.429s] Level 1:colcon.colcon_core.shell:create_environment_hook('isaac_ros_apriltag_interfaces', 'cmake_prefix_path')
[22.445s] INFO:colcon.colcon_core.shell:Creating environment hook '/workspaces/isaac_ros-dev/install/isaac_ros_apriltag_interfaces/share/isaac_ros_apriltag_interfaces/hook/cmake_prefix_path.ps1'
[22.446s] INFO:colcon.colcon_core.shell:Creating environment descriptor '/workspaces/isaac_ros-dev/install/isaac_ros_apriltag_interfaces/share/isaac_ros_apriltag_interfaces/hook/cmake_prefix_path.dsv'
[22.447s] INFO:colcon.colcon_core.shell:Creating environment hook '/workspaces/isaac_ros-dev/install/isaac_ros_apriltag_interfaces/share/isaac_ros_apriltag_interfaces/hook/cmake_prefix_path.sh'
[22.448s] Level 1:colcon.colcon_core.environment:checking '/workspaces/isaac_ros-dev/install/isaac_ros_apriltag_interfaces/lib'
[22.448s] Level 1:colcon.colcon_core.shell:create_environment_hook('isaac_ros_apriltag_interfaces', 'ld_library_path_lib')
[22.464s] INFO:colcon.colcon_core.shell:Creating environment hook '/workspaces/isaac_ros-dev/install/isaac_ros_apriltag_interfaces/share/isaac_ros_apriltag_interfaces/hook/ld_library_path_lib.ps1'
[22.465s] INFO:colcon.colcon_core.shell:Creating environment descriptor '/workspaces/isaac_ros-dev/install/isaac_ros_apriltag_interfaces/share/isaac_ros_apriltag_interfaces/hook/ld_library_path_lib.dsv'
[22.466s] INFO:colcon.colcon_core.shell:Creating environment hook '/workspaces/isaac_ros-dev/install/isaac_ros_apriltag_interfaces/share/isaac_ros_apriltag_interfaces/hook/ld_library_path_lib.sh'
[22.466s] Level 1:colcon.colcon_core.environment:checking '/workspaces/isaac_ros-dev/install/isaac_ros_apriltag_interfaces/bin'
[22.466s] Level 1:colcon.colcon_core.environment:checking '/workspaces/isaac_ros-dev/install/isaac_ros_apriltag_interfaces/lib/pkgconfig/isaac_ros_apriltag_interfaces.pc'
[22.467s] Level 1:colcon.colcon_core.environment:checking '/workspaces/isaac_ros-dev/install/isaac_ros_apriltag_interfaces/lib/python3.8/site-packages'
[22.467s] Level 1:colcon.colcon_core.shell:create_environment_hook('isaac_ros_apriltag_interfaces', 'pythonpath')
[22.485s] INFO:colcon.colcon_core.shell:Creating environment hook '/workspaces/isaac_ros-dev/install/isaac_ros_apriltag_interfaces/share/isaac_ros_apriltag_interfaces/hook/pythonpath.ps1'
[22.485s] INFO:colcon.colcon_core.shell:Creating environment descriptor '/workspaces/isaac_ros-dev/install/isaac_ros_apriltag_interfaces/share/isaac_ros_apriltag_interfaces/hook/pythonpath.dsv'
[22.486s] INFO:colcon.colcon_core.shell:Creating environment hook '/workspaces/isaac_ros-dev/install/isaac_ros_apriltag_interfaces/share/isaac_ros_apriltag_interfaces/hook/pythonpath.sh'
[22.487s] Level 1:colcon.colcon_core.environment:checking '/workspaces/isaac_ros-dev/install/isaac_ros_apriltag_interfaces/bin'
[22.504s] INFO:colcon.colcon_core.shell:Creating package script '/workspaces/isaac_ros-dev/install/isaac_ros_apriltag_interfaces/share/isaac_ros_apriltag_interfaces/package.ps1'
[22.505s] INFO:colcon.colcon_core.shell:Creating package descriptor '/workspaces/isaac_ros-dev/install/isaac_ros_apriltag_interfaces/share/isaac_ros_apriltag_interfaces/package.dsv'
[22.506s] INFO:colcon.colcon_core.shell:Creating package script '/workspaces/isaac_ros-dev/install/isaac_ros_apriltag_interfaces/share/isaac_ros_apriltag_interfaces/package.sh'
[22.507s] INFO:colcon.colcon_core.shell:Creating package script '/workspaces/isaac_ros-dev/install/isaac_ros_apriltag_interfaces/share/isaac_ros_apriltag_interfaces/package.bash'
[22.507s] INFO:colcon.colcon_core.shell:Creating package script '/workspaces/isaac_ros-dev/install/isaac_ros_apriltag_interfaces/share/isaac_ros_apriltag_interfaces/package.zsh'
[22.508s] Level 1:colcon.colcon_core.environment:create_file_with_runtime_dependencies(/workspaces/isaac_ros-dev/install/isaac_ros_apriltag_interfaces/share/colcon-core/packages/isaac_ros_apriltag_interfaces)
[22.720s] Level 1:colcon.colcon_core.environment:create_environment_scripts_only(isaac_ros_nova_interfaces)
[22.737s] Level 1:colcon.colcon_core.environment:checking '/workspaces/isaac_ros-dev/install/isaac_ros_nova_interfaces' for CMake module files
[22.738s] Level 1:colcon.colcon_core.environment:checking '/workspaces/isaac_ros-dev/install/isaac_ros_nova_interfaces' for CMake config files
[22.738s] Level 1:colcon.colcon_core.shell:create_environment_hook('isaac_ros_nova_interfaces', 'cmake_prefix_path')
[22.754s] INFO:colcon.colcon_core.shell:Creating environment hook '/workspaces/isaac_ros-dev/install/isaac_ros_nova_interfaces/share/isaac_ros_nova_interfaces/hook/cmake_prefix_path.ps1'
[22.755s] INFO:colcon.colcon_core.shell:Creating environment descriptor '/workspaces/isaac_ros-dev/install/isaac_ros_nova_interfaces/share/isaac_ros_nova_interfaces/hook/cmake_prefix_path.dsv'
[22.755s] INFO:colcon.colcon_core.shell:Creating environment hook '/workspaces/isaac_ros-dev/install/isaac_ros_nova_interfaces/share/isaac_ros_nova_interfaces/hook/cmake_prefix_path.sh'
[22.756s] Level 1:colcon.colcon_core.environment:checking '/workspaces/isaac_ros-dev/install/isaac_ros_nova_interfaces/lib'
[22.756s] Level 1:colcon.colcon_core.shell:create_environment_hook('isaac_ros_nova_interfaces', 'ld_library_path_lib')
[22.771s] INFO:colcon.colcon_core.shell:Creating environment hook '/workspaces/isaac_ros-dev/install/isaac_ros_nova_interfaces/share/isaac_ros_nova_interfaces/hook/ld_library_path_lib.ps1'
[22.772s] INFO:colcon.colcon_core.shell:Creating environment descriptor '/workspaces/isaac_ros-dev/install/isaac_ros_nova_interfaces/share/isaac_ros_nova_interfaces/hook/ld_library_path_lib.dsv'
[22.773s] INFO:colcon.colcon_core.shell:Creating environment hook '/workspaces/isaac_ros-dev/install/isaac_ros_nova_interfaces/share/isaac_ros_nova_interfaces/hook/ld_library_path_lib.sh'
[22.773s] Level 1:colcon.colcon_core.environment:checking '/workspaces/isaac_ros-dev/install/isaac_ros_nova_interfaces/bin'
[22.773s] Level 1:colcon.colcon_core.environment:checking '/workspaces/isaac_ros-dev/install/isaac_ros_nova_interfaces/lib/pkgconfig/isaac_ros_nova_interfaces.pc'
[22.773s] Level 1:colcon.colcon_core.environment:checking '/workspaces/isaac_ros-dev/install/isaac_ros_nova_interfaces/lib/python3.8/site-packages'
[22.774s] Level 1:colcon.colcon_core.shell:create_environment_hook('isaac_ros_nova_interfaces', 'pythonpath')
[22.790s] INFO:colcon.colcon_core.shell:Creating environment hook '/workspaces/isaac_ros-dev/install/isaac_ros_nova_interfaces/share/isaac_ros_nova_interfaces/hook/pythonpath.ps1'
[22.791s] INFO:colcon.colcon_core.shell:Creating environment descriptor '/workspaces/isaac_ros-dev/install/isaac_ros_nova_interfaces/share/isaac_ros_nova_interfaces/hook/pythonpath.dsv'
[22.792s] INFO:colcon.colcon_core.shell:Creating environment hook '/workspaces/isaac_ros-dev/install/isaac_ros_nova_interfaces/share/isaac_ros_nova_interfaces/hook/pythonpath.sh'
[22.792s] Level 1:colcon.colcon_core.environment:checking '/workspaces/isaac_ros-dev/install/isaac_ros_nova_interfaces/bin'
[22.810s] INFO:colcon.colcon_core.shell:Creating package script '/workspaces/isaac_ros-dev/install/isaac_ros_nova_interfaces/share/isaac_ros_nova_interfaces/package.ps1'
[22.812s] INFO:colcon.colcon_core.shell:Creating package descriptor '/workspaces/isaac_ros-dev/install/isaac_ros_nova_interfaces/share/isaac_ros_nova_interfaces/package.dsv'
[22.813s] INFO:colcon.colcon_core.shell:Creating package script '/workspaces/isaac_ros-dev/install/isaac_ros_nova_interfaces/share/isaac_ros_nova_interfaces/package.sh'
[22.813s] INFO:colcon.colcon_core.shell:Creating package script '/workspaces/isaac_ros-dev/install/isaac_ros_nova_interfaces/share/isaac_ros_nova_interfaces/package.bash'
[22.814s] INFO:colcon.colcon_core.shell:Creating package script '/workspaces/isaac_ros-dev/install/isaac_ros_nova_interfaces/share/isaac_ros_nova_interfaces/package.zsh'
[22.814s] Level 1:colcon.colcon_core.environment:create_file_with_runtime_dependencies(/workspaces/isaac_ros-dev/install/isaac_ros_nova_interfaces/share/colcon-core/packages/isaac_ros_nova_interfaces)
[23.641s] Level 1:colcon.colcon_core.environment:create_environment_scripts_only(isaac_ros_tensor_list_interfaces)
[23.655s] Level 1:colcon.colcon_core.environment:checking '/workspaces/isaac_ros-dev/install/isaac_ros_tensor_list_interfaces' for CMake module files
[23.656s] Level 1:colcon.colcon_core.environment:checking '/workspaces/isaac_ros-dev/install/isaac_ros_tensor_list_interfaces' for CMake config files
[23.656s] Level 1:colcon.colcon_core.shell:create_environment_hook('isaac_ros_tensor_list_interfaces', 'cmake_prefix_path')
[23.672s] INFO:colcon.colcon_core.shell:Creating environment hook '/workspaces/isaac_ros-dev/install/isaac_ros_tensor_list_interfaces/share/isaac_ros_tensor_list_interfaces/hook/cmake_prefix_path.ps1'
[23.673s] INFO:colcon.colcon_core.shell:Creating environment descriptor '/workspaces/isaac_ros-dev/install/isaac_ros_tensor_list_interfaces/share/isaac_ros_tensor_list_interfaces/hook/cmake_prefix_path.dsv'
[23.674s] INFO:colcon.colcon_core.shell:Creating environment hook '/workspaces/isaac_ros-dev/install/isaac_ros_tensor_list_interfaces/share/isaac_ros_tensor_list_interfaces/hook/cmake_prefix_path.sh'
[23.675s] Level 1:colcon.colcon_core.environment:checking '/workspaces/isaac_ros-dev/install/isaac_ros_tensor_list_interfaces/lib'
[23.675s] Level 1:colcon.colcon_core.shell:create_environment_hook('isaac_ros_tensor_list_interfaces', 'ld_library_path_lib')
[23.693s] INFO:colcon.colcon_core.shell:Creating environment hook '/workspaces/isaac_ros-dev/install/isaac_ros_tensor_list_interfaces/share/isaac_ros_tensor_list_interfaces/hook/ld_library_path_lib.ps1'
[23.694s] INFO:colcon.colcon_core.shell:Creating environment descriptor '/workspaces/isaac_ros-dev/install/isaac_ros_tensor_list_interfaces/share/isaac_ros_tensor_list_interfaces/hook/ld_library_path_lib.dsv'
[23.695s] INFO:colcon.colcon_core.shell:Creating environment hook '/workspaces/isaac_ros-dev/install/isaac_ros_tensor_list_interfaces/share/isaac_ros_tensor_list_interfaces/hook/ld_library_path_lib.sh'
[23.695s] Level 1:colcon.colcon_core.environment:checking '/workspaces/isaac_ros-dev/install/isaac_ros_tensor_list_interfaces/bin'
[23.695s] Level 1:colcon.colcon_core.environment:checking '/workspaces/isaac_ros-dev/install/isaac_ros_tensor_list_interfaces/lib/pkgconfig/isaac_ros_tensor_list_interfaces.pc'
[23.696s] Level 1:colcon.colcon_core.environment:checking '/workspaces/isaac_ros-dev/install/isaac_ros_tensor_list_interfaces/lib/python3.8/site-packages'
[23.696s] Level 1:colcon.colcon_core.shell:create_environment_hook('isaac_ros_tensor_list_interfaces', 'pythonpath')
[23.714s] INFO:colcon.colcon_core.shell:Creating environment hook '/workspaces/isaac_ros-dev/install/isaac_ros_tensor_list_interfaces/share/isaac_ros_tensor_list_interfaces/hook/pythonpath.ps1'
[23.716s] INFO:colcon.colcon_core.shell:Creating environment descriptor '/workspaces/isaac_ros-dev/install/isaac_ros_tensor_list_interfaces/share/isaac_ros_tensor_list_interfaces/hook/pythonpath.dsv'
[23.716s] INFO:colcon.colcon_core.shell:Creating environment hook '/workspaces/isaac_ros-dev/install/isaac_ros_tensor_list_interfaces/share/isaac_ros_tensor_list_interfaces/hook/pythonpath.sh'
[23.717s] Level 1:colcon.colcon_core.environment:checking '/workspaces/isaac_ros-dev/install/isaac_ros_tensor_list_interfaces/bin'
[23.734s] INFO:colcon.colcon_core.shell:Creating package script '/workspaces/isaac_ros-dev/install/isaac_ros_tensor_list_interfaces/share/isaac_ros_tensor_list_interfaces/package.ps1'
[23.735s] INFO:colcon.colcon_core.shell:Creating package descriptor '/workspaces/isaac_ros-dev/install/isaac_ros_tensor_list_interfaces/share/isaac_ros_tensor_list_interfaces/package.dsv'
[23.736s] INFO:colcon.colcon_core.shell:Creating package script '/workspaces/isaac_ros-dev/install/isaac_ros_tensor_list_interfaces/share/isaac_ros_tensor_list_interfaces/package.sh'
[23.737s] INFO:colcon.colcon_core.shell:Creating package script '/workspaces/isaac_ros-dev/install/isaac_ros_tensor_list_interfaces/share/isaac_ros_tensor_list_interfaces/package.bash'
[23.737s] INFO:colcon.colcon_core.shell:Creating package script '/workspaces/isaac_ros-dev/install/isaac_ros_tensor_list_interfaces/share/isaac_ros_tensor_list_interfaces/package.zsh'
[23.738s] Level 1:colcon.colcon_core.environment:create_file_with_runtime_dependencies(/workspaces/isaac_ros-dev/install/isaac_ros_tensor_list_interfaces/share/colcon-core/packages/isaac_ros_tensor_list_interfaces)
[33.591s] DEBUG:colcon.colcon_core.event_handler.log_command:Invoked command in '/workspaces/isaac_ros-dev/build/qcar2_nodes' returned '0': AMENT_PREFIX_PATH=/workspaces/isaac_ros-dev/install/qcar2_interfaces:${AMENT_PREFIX_PATH} CMAKE_PREFIX_PATH=/workspaces/isaac_ros-dev/install/qcar2_interfaces:/workspace/cartographer_ws/install/perception_pcl:/workspace/cartographer_ws/install/pcl_ros:/workspace/cartographer_ws/install/cartographer_rviz:/workspace/cartographer_ws/install/cartographer_ros:/workspace/cartographer_ws/install/pcl_conversions:/workspace/cartographer_ws/install/pcl_msgs:/workspace/cartographer_ws/install/isaac_ros_tensor_list_interfaces:/workspace/cartographer_ws/install/isaac_ros_pointcloud_interfaces:/workspace/cartographer_ws/install/isaac_ros_nova_interfaces:/workspace/cartographer_ws/install/isaac_ros_nitros_bridge_interfaces:/workspace/cartographer_ws/install/isaac_ros_common:/workspace/cartographer_ws/install/isaac_ros_bi3d_interfaces:/workspace/cartographer_ws/install/isaac_ros_apriltag_interfaces:/workspace/cartographer_ws/install/control_msgs:/workspace/cartographer_ws/install/cartographer_ros_msgs:/workspace/cartographer_ws/install/cartographer:/workspace/cartographer_ws/install/absl:/workspace/cartographer_ws/install/isaac_ros_test:/opt/ros/humble LD_LIBRARY_PATH=/workspaces/isaac_ros-dev/install/qcar2_interfaces/lib:${LD_LIBRARY_PATH} PYTHONPATH=/workspaces/isaac_ros-dev/install/qcar2_interfaces/lib/python3.8/site-packages:${PYTHONPATH} _=/usr/bin/env /usr/bin/cmake --build /workspaces/isaac_ros-dev/build/qcar2_nodes -- -j24 -l24
[34.280s] DEBUG:colcon.colcon_core.event_handler.log_command:Invoking command in '/workspaces/isaac_ros-dev/build/qcar2_nodes': AMENT_PREFIX_PATH=/workspaces/isaac_ros-dev/install/qcar2_interfaces:${AMENT_PREFIX_PATH} CMAKE_PREFIX_PATH=/workspaces/isaac_ros-dev/install/qcar2_interfaces:/workspace/cartographer_ws/install/perception_pcl:/workspace/cartographer_ws/install/pcl_ros:/workspace/cartographer_ws/install/cartographer_rviz:/workspace/cartographer_ws/install/cartographer_ros:/workspace/cartographer_ws/install/pcl_conversions:/workspace/cartographer_ws/install/pcl_msgs:/workspace/cartographer_ws/install/isaac_ros_tensor_list_interfaces:/workspace/cartographer_ws/install/isaac_ros_pointcloud_interfaces:/workspace/cartographer_ws/install/isaac_ros_nova_interfaces:/workspace/cartographer_ws/install/isaac_ros_nitros_bridge_interfaces:/workspace/cartographer_ws/install/isaac_ros_common:/workspace/cartographer_ws/install/isaac_ros_bi3d_interfaces:/workspace/cartographer_ws/install/isaac_ros_apriltag_interfaces:/workspace/cartographer_ws/install/control_msgs:/workspace/cartographer_ws/install/cartographer_ros_msgs:/workspace/cartographer_ws/install/cartographer:/workspace/cartographer_ws/install/absl:/workspace/cartographer_ws/install/isaac_ros_test:/opt/ros/humble LD_LIBRARY_PATH=/workspaces/isaac_ros-dev/install/qcar2_interfaces/lib:${LD_LIBRARY_PATH} PYTHONPATH=/workspaces/isaac_ros-dev/install/qcar2_interfaces/lib/python3.8/site-packages:${PYTHONPATH} _=/usr/bin/env /usr/bin/cmake --install /workspaces/isaac_ros-dev/build/qcar2_nodes
[34.332s] Level 1:colcon.colcon_core.environment:create_environment_scripts_only(qcar2_nodes)
[34.333s] DEBUG:colcon.colcon_core.event_handler.log_command:Invoked command in '/workspaces/isaac_ros-dev/build/qcar2_nodes' returned '0': AMENT_PREFIX_PATH=/workspaces/isaac_ros-dev/install/qcar2_interfaces:${AMENT_PREFIX_PATH} CMAKE_PREFIX_PATH=/workspaces/isaac_ros-dev/install/qcar2_interfaces:/workspace/cartographer_ws/install/perception_pcl:/workspace/cartographer_ws/install/pcl_ros:/workspace/cartographer_ws/install/cartographer_rviz:/workspace/cartographer_ws/install/cartographer_ros:/workspace/cartographer_ws/install/pcl_conversions:/workspace/cartographer_ws/install/pcl_msgs:/workspace/cartographer_ws/install/isaac_ros_tensor_list_interfaces:/workspace/cartographer_ws/install/isaac_ros_pointcloud_interfaces:/workspace/cartographer_ws/install/isaac_ros_nova_interfaces:/workspace/cartographer_ws/install/isaac_ros_nitros_bridge_interfaces:/workspace/cartographer_ws/install/isaac_ros_common:/workspace/cartographer_ws/install/isaac_ros_bi3d_interfaces:/workspace/cartographer_ws/install/isaac_ros_apriltag_interfaces:/workspace/cartographer_ws/install/control_msgs:/workspace/cartographer_ws/install/cartographer_ros_msgs:/workspace/cartographer_ws/install/cartographer:/workspace/cartographer_ws/install/absl:/workspace/cartographer_ws/install/isaac_ros_test:/opt/ros/humble LD_LIBRARY_PATH=/workspaces/isaac_ros-dev/install/qcar2_interfaces/lib:${LD_LIBRARY_PATH} PYTHONPATH=/workspaces/isaac_ros-dev/install/qcar2_interfaces/lib/python3.8/site-packages:${PYTHONPATH} _=/usr/bin/env /usr/bin/cmake --install /workspaces/isaac_ros-dev/build/qcar2_nodes
[34.353s] Level 1:colcon.colcon_core.environment:checking '/workspaces/isaac_ros-dev/install/qcar2_nodes' for CMake module files
[34.354s] Level 1:colcon.colcon_core.environment:checking '/workspaces/isaac_ros-dev/install/qcar2_nodes' for CMake config files
[34.355s] Level 1:colcon.colcon_core.shell:create_environment_hook('qcar2_nodes', 'cmake_prefix_path')
[34.373s] INFO:colcon.colcon_core.shell:Creating environment hook '/workspaces/isaac_ros-dev/install/qcar2_nodes/share/qcar2_nodes/hook/cmake_prefix_path.ps1'
[34.374s] INFO:colcon.colcon_core.shell:Creating environment descriptor '/workspaces/isaac_ros-dev/install/qcar2_nodes/share/qcar2_nodes/hook/cmake_prefix_path.dsv'
[34.374s] INFO:colcon.colcon_core.shell:Creating environment hook '/workspaces/isaac_ros-dev/install/qcar2_nodes/share/qcar2_nodes/hook/cmake_prefix_path.sh'
[34.375s] Level 1:colcon.colcon_core.environment:checking '/workspaces/isaac_ros-dev/install/qcar2_nodes/lib'
[34.375s] Level 1:colcon.colcon_core.environment:checking '/workspaces/isaac_ros-dev/install/qcar2_nodes/bin'
[34.375s] Level 1:colcon.colcon_core.environment:checking '/workspaces/isaac_ros-dev/install/qcar2_nodes/lib/pkgconfig/qcar2_nodes.pc'
[34.376s] Level 1:colcon.colcon_core.environment:checking '/workspaces/isaac_ros-dev/install/qcar2_nodes/lib/python3.8/site-packages'
[34.376s] Level 1:colcon.colcon_core.environment:checking '/workspaces/isaac_ros-dev/install/qcar2_nodes/bin'
[34.391s] INFO:colcon.colcon_core.shell:Creating package script '/workspaces/isaac_ros-dev/install/qcar2_nodes/share/qcar2_nodes/package.ps1'
[34.392s] INFO:colcon.colcon_core.shell:Creating package descriptor '/workspaces/isaac_ros-dev/install/qcar2_nodes/share/qcar2_nodes/package.dsv'
[34.393s] INFO:colcon.colcon_core.shell:Creating package script '/workspaces/isaac_ros-dev/install/qcar2_nodes/share/qcar2_nodes/package.sh'
[34.393s] INFO:colcon.colcon_core.shell:Creating package script '/workspaces/isaac_ros-dev/install/qcar2_nodes/share/qcar2_nodes/package.bash'
[34.394s] INFO:colcon.colcon_core.shell:Creating package script '/workspaces/isaac_ros-dev/install/qcar2_nodes/share/qcar2_nodes/package.zsh'
[34.394s] Level 1:colcon.colcon_core.environment:create_file_with_runtime_dependencies(/workspaces/isaac_ros-dev/install/qcar2_nodes/share/colcon-core/packages/qcar2_nodes)
[35.117s] Level 1:colcon.colcon_core.environment:create_environment_scripts_only(qcar2_nodes)
[35.130s] Level 1:colcon.colcon_core.environment:checking '/workspaces/isaac_ros-dev/install/qcar2_nodes' for CMake module files
[35.132s] Level 1:colcon.colcon_core.environment:checking '/workspaces/isaac_ros-dev/install/qcar2_nodes' for CMake config files
[35.132s] Level 1:colcon.colcon_core.shell:create_environment_hook('qcar2_nodes', 'cmake_prefix_path')
[35.145s] INFO:colcon.colcon_core.shell:Creating environment hook '/workspaces/isaac_ros-dev/install/qcar2_nodes/share/qcar2_nodes/hook/cmake_prefix_path.ps1'
[35.146s] INFO:colcon.colcon_core.shell:Creating environment descriptor '/workspaces/isaac_ros-dev/install/qcar2_nodes/share/qcar2_nodes/hook/cmake_prefix_path.dsv'
[35.146s] INFO:colcon.colcon_core.shell:Creating environment hook '/workspaces/isaac_ros-dev/install/qcar2_nodes/share/qcar2_nodes/hook/cmake_prefix_path.sh'
[35.148s] Level 1:colcon.colcon_core.environment:checking '/workspaces/isaac_ros-dev/install/qcar2_nodes/lib'
[35.148s] Level 1:colcon.colcon_core.environment:checking '/workspaces/isaac_ros-dev/install/qcar2_nodes/bin'
[35.148s] Level 1:colcon.colcon_core.environment:checking '/workspaces/isaac_ros-dev/install/qcar2_nodes/lib/pkgconfig/qcar2_nodes.pc'
[35.149s] Level 1:colcon.colcon_core.environment:checking '/workspaces/isaac_ros-dev/install/qcar2_nodes/lib/python3.8/site-packages'
[35.149s] Level 1:colcon.colcon_core.environment:checking '/workspaces/isaac_ros-dev/install/qcar2_nodes/bin'
[35.160s] INFO:colcon.colcon_core.shell:Creating package script '/workspaces/isaac_ros-dev/install/qcar2_nodes/share/qcar2_nodes/package.ps1'
[35.161s] INFO:colcon.colcon_core.shell:Creating package descriptor '/workspaces/isaac_ros-dev/install/qcar2_nodes/share/qcar2_nodes/package.dsv'
[35.161s] INFO:colcon.colcon_core.shell:Creating package script '/workspaces/isaac_ros-dev/install/qcar2_nodes/share/qcar2_nodes/package.sh'
[35.161s] INFO:colcon.colcon_core.shell:Creating package script '/workspaces/isaac_ros-dev/install/qcar2_nodes/share/qcar2_nodes/package.bash'
[35.162s] INFO:colcon.colcon_core.shell:Creating package script '/workspaces/isaac_ros-dev/install/qcar2_nodes/share/qcar2_nodes/package.zsh'
[35.162s] Level 1:colcon.colcon_core.environment:create_file_with_runtime_dependencies(/workspaces/isaac_ros-dev/install/qcar2_nodes/share/colcon-core/packages/qcar2_nodes)
[35.162s] DEBUG:colcon.colcon_parallel_executor.executor.parallel:closing loop
[35.163s] DEBUG:colcon.colcon_parallel_executor.executor.parallel:loop closed
[35.164s] DEBUG:colcon.colcon_parallel_executor.executor.parallel:run_until_complete finished with '0'
[35.164s] DEBUG:colcon.colcon_core.event_reactor:joining thread
[35.192s] INFO:colcon.colcon_core.plugin_system:Skipping extension 'colcon_notification.desktop_notification.notify_send': Could not find 'notify-send'
[35.192s] INFO:colcon.colcon_core.plugin_system:Skipping extension 'colcon_notification.desktop_notification.terminal_notifier': Not used on non-Darwin systems
[35.192s] INFO:colcon.colcon_core.plugin_system:Skipping extension 'colcon_notification.desktop_notification.win32': Not used on non-Windows systems
[35.192s] INFO:colcon.colcon_notification.desktop_notification:Sending desktop notification using 'notify2'
[35.197s] DEBUG:colcon.colcon_notification.desktop_notification.notify2:Failed to initialize notify2: org.freedesktop.DBus.Error.Spawn.ExecFailed: /usr/bin/dbus-launch terminated abnormally without any error message
[35.198s] DEBUG:colcon.colcon_core.event_reactor:joined thread
[35.213s] INFO:colcon.colcon_core.shell:Creating prefix script '/workspaces/isaac_ros-dev/install/local_setup.ps1'
[35.215s] INFO:colcon.colcon_core.shell:Creating prefix util module '/workspaces/isaac_ros-dev/install/_local_setup_util_ps1.py'
[35.216s] INFO:colcon.colcon_core.shell:Creating prefix chain script '/workspaces/isaac_ros-dev/install/setup.ps1'
[35.228s] INFO:colcon.colcon_core.shell:Creating prefix script '/workspaces/isaac_ros-dev/install/local_setup.sh'
[35.229s] INFO:colcon.colcon_core.shell:Creating prefix util module '/workspaces/isaac_ros-dev/install/_local_setup_util_sh.py'
[35.229s] INFO:colcon.colcon_core.shell:Creating prefix chain script '/workspaces/isaac_ros-dev/install/setup.sh'
[35.239s] INFO:colcon.colcon_core.shell:Creating prefix script '/workspaces/isaac_ros-dev/install/local_setup.bash'
[35.240s] INFO:colcon.colcon_core.shell:Creating prefix chain script '/workspaces/isaac_ros-dev/install/setup.bash'
[35.249s] INFO:colcon.colcon_core.shell:Creating prefix script '/workspaces/isaac_ros-dev/install/local_setup.zsh'
[35.249s] INFO:colcon.colcon_core.shell:Creating prefix chain script '/workspaces/isaac_ros-dev/install/setup.zsh'
